3.579683098883368647e-06 -3.579683098883368224e-06 0.000000000000000000e+00 0.000000000000000000e+00 0.000000000000000000e+00 0.000000000000000000e+00 0.000000000000000000e+00 0.000000000000000000e+00 0.000000000000000000e+00 0.000000000000000000e+00 0.000000000000000000e+00 0.000000000000000000e+00 0.000000000000000000e+00 0.000000000000000000e+00 0.000000000000000000e+00 0.000000000000000000e+00 0.000000000000000000e+00 0.000000000000000000e+00 0.000000000000000000e+00 0.000000000000000000e+00 0.000000000000000000e+00 0.000000000000000000e+00 0.000000000000000000e+00 0.000000000000000000e+00 0.000000000000000000e+00 0.000000000000000000e+00 0.000000000000000000e+00 0.000000000000000000e+00 0.000000000000000000e+00 0.000000000000000000e+00 0.000000000000000000e+00 0.000000000000000000e+00 0.000000000000000000e+00 0.000000000000000000e+00 0.000000000000000000e+00 0.000000000000000000e+00 0.000000000000000000e+00 0.000000000000000000e+00 0.000000000000000000e+00 0.000000000000000000e+00 0.000000000000000000e+00 3.708521510037031052e-13 -3.708521518507360525e-13 0.000000000000000000e+00 0.000000000000000000e+00 0.000000000000000000e+00 0.000000000000000000e+00 0.000000000000000000e+00 0.000000000000000000e+00 0.000000000000000000e+00 0.000000000000000000e+00 0.000000000000000000e+00 0.000000000000000000e+00 0.000000000000000000e+00 0.000000000000000000e+00 0.000000000000000000e+00 0.000000000000000000e+00 0.000000000000000000e+00 0.000000000000000000e+00 0.000000000000000000e+00 0.000000000000000000e+00 0.000000000000000000e+00 0.000000000000000000e+00 0.000000000000000000e+00 0.000000000000000000e+00 0.000000000000000000e+00 0.000000000000000000e+00 0.000000000000000000e+00 0.000000000000000000e+00 0.000000000000000000e+00 0.000000000000000000e+00 0.000000000000000000e+00 0.000000000000000000e+00 0.000000000000000000e+00 0.000000000000000000e+00 0.000000000000000000e+00 0.000000000000000000e+00 0.000000000000000000e+00 0.000000000000000000e+00 0.000000000000000000e+00 0.000000000000000000e+00 0.000000000000000000e+00
-5.853349344336498863e-06 1.141749373448006089e-05 -5.564144390143568799e-06 0.000000000000000000e+00 0.000000000000000000e+00 0.000000000000000000e+00 0.000000000000000000e+00 0.000000000000000000e+00 0.000000000000000000e+00 0.000000000000000000e+00 0.000000000000000000e+00 0.000000000000000000e+00 0.000000000000000000e+00 0.000000000000000000e+00 0.000000000000000000e+00 0.000000000000000000e+00 0.000000000000000000e+00 0.000000000000000000e+00 0.000000000000000000e+00 0.000000000000000000e+00 0.000000000000000000e+00 0.000000000000000000e+00 0.000000000000000000e+00 0.000000000000000000e+00 0.000000000000000000e+00 0.000000000000000000e+00 0.000000000000000000e+00 0.000000000000000000e+00 0.000000000000000000e+00 0.000000000000000000e+00 0.000000000000000000e+00 0.000000000000000000e+00 0.000000000000000000e+00 0.000000000000000000e+00 0.000000000000000000e+00 0.000000000000000000e+00 0.000000000000000000e+00 0.000000000000000000e+00 0.000000000000000000e+00 0.000000000000000000e+00 0.000000000000000000e+00 2.115345287037042818e-11 -2.116076163306921526e-11 7.308762698787080181e-15 0.000000000000000000e+00 0.000000000000000000e+00 0.000000000000000000e+00 0.000000000000000000e+00 0.000000000000000000e+00 0.000000000000000000e+00 0.000000000000000000e+00 0.000000000000000000e+00 0.000000000000000000e+00 0.000000000000000000e+00 0.000000000000000000e+00 0.000000000000000000e+00 0.000000000000000000e+00 0.000000000000000000e+00 0.000000000000000000e+00 0.000000000000000000e+00 0.000000000000000000e+00 0.000000000000000000e+00 0.000000000000000000e+00 0.000000000000000000e+00 0.000000000000000000e+00 0.000000000000000000e+00 0.000000000000000000e+00 0.000000000000000000e+00 0.000000000000000000e+00 0.000000000000000000e+00 0.000000000000000000e+00 0.000000000000000000e+00 0.000000000000000000e+00 0.000000000000000000e+00 0.000000000000000000e+00 0.000000000000000000e+00 0.000000000000000000e+00 0.000000000000000000e+00 0.000000000000000000e+00 0.000000000000000000e+00 0.000000000000000000e+00 0.000000000000000000e+00
-4.166885410888758728e-06 4.080717877968362056e-06 9.111675097229720546e-06 -9.025507564309323875e-06 0.000000000000000000e+00 0.000000000000000000e+00 0.000000000000000000e+00 0.000000000000000000e+00 0.000000000000000000e+00 0.000000000000000000e+00 0.000000000000000000e+00 0.000000000000000000e+00 0.000000000000000000e+00 0.000000000000000000e+00 0.000000000000000000e+00 0.000000000000000000e+00 0.000000000000000000e+00 0.000000000000000000e+00 0.000000000000000000e+00 0.000000000000000000e+00 0.000000000000000000e+00 0.000000000000000000e+00 0.000000000000000000e+00 0.000000000000000000e+00 0.000000000000000000e+00 0.000000000000000000e+00 0.000000000000000000e+00 0.000000000000000000e+00 0.000000000000000000e+00 0.000000000000000000e+00 0.000000000000000000e+00 0.000000000000000000e+00 0.000000000000000000e+00 0.000000000000000000e+00 0.000000000000000000e+00 0.000000000000000000e+00 0.000000000000000000e+00 0.000000000000000000e+00 0.000000000000000000e+00 0.000000000000000000e+00 0.000000000000000000e+00 1.699234597972963667e-12 -2.105877240166434405e-12 2.691232111294572515e-13 1.375194310640134865e-13 0.000000000000000000e+00 0.000000000000000000e+00 0.000000000000000000e+00 0.000000000000000000e+00 0.000000000000000000e+00 0.000000000000000000e+00 0.000000000000000000e+00 0.000000000000000000e+00 0.000000000000000000e+00 0.000000000000000000e+00 0.000000000000000000e+00 0.000000000000000000e+00 0.000000000000000000e+00 0.000000000000000000e+00 0.000000000000000000e+00 0.000000000000000000e+00 0.000000000000000000e+00 0.000000000000000000e+00 0.000000000000000000e+00 0.000000000000000000e+00 0.000000000000000000e+00 0.000000000000000000e+00 0.000000000000000000e+00 0.000000000000000000e+00 0.000000000000000000e+00 0.000000000000000000e+00 0.000000000000000000e+00 0.000000000000000000e+00 0.000000000000000000e+00 0.000000000000000000e+00 0.000000000000000000e+00 0.000000000000000000e+00 0.000000000000000000e+00 0.000000000000000000e+00 0.000000000000000000e+00 0.000000000000000000e+00 0.000000000000000000e+00
6.057521682195936199e-06 -1.349982982892396059e-05 1.015466395628304502e-05 1.406564631796294331e-05 -1.677800212751799104e-05 0.000000000000000000e+00 0.000000000000000000e+00 0.000000000000000000e+00 0.000000000000000000e+00 0.000000000000000000e+00 0.000000000000000000e+00 0.000000000000000000e+00 0.000000000000000000e+00 0.000000000000000000e+00 0.000000000000000000e+00 0.000000000000000000e+00 0.000000000000000000e+00 0.000000000000000000e+00 0.000000000000000000e+00 0.000000000000000000e+00 0.000000000000000000e+00 0.000000000000000000e+00 0.000000000000000000e+00 0.000000000000000000e+00 0.000000000000000000e+00 0.000000000000000000e+00 0.000000000000000000e+00 0.000000000000000000e+00 0.000000000000000000e+00 0.000000000000000000e+00 0.000000000000000000e+00 0.000000000000000000e+00 0.000000000000000000e+00 0.000000000000000000e+00 0.000000000000000000e+00 0.000000000000000000e+00 0.000000000000000000e+00 0.000000000000000000e+00 0.000000000000000000e+00 0.000000000000000000e+00 0.000000000000000000e+00 5.994747876949440071e-10 7.368593703683656154e-10 -1.872372167629598322e-09 -1.522705866697235746e-10 6.883085962495648011e-10 0.000000000000000000e+00 0.000000000000000000e+00 0.000000000000000000e+00 0.000000000000000000e+00 0.000000000000000000e+00 0.000000000000000000e+00 0.000000000000000000e+00 0.000000000000000000e+00 0.000000000000000000e+00 0.000000000000000000e+00 0.000000000000000000e+00 0.000000000000000000e+00 0.000000000000000000e+00 0.000000000000000000e+00 0.000000000000000000e+00 0.000000000000000000e+00 0.000000000000000000e+00 0.000000000000000000e+00 0.000000000000000000e+00 0.000000000000000000e+00 0.000000000000000000e+00 0.000000000000000000e+00 0.000000000000000000e+00 0.000000000000000000e+00 0.000000000000000000e+00 0.000000000000000000e+00 0.000000000000000000e+00 0.000000000000000000e+00 0.000000000000000000e+00 0.000000000000000000e+00 0.000000000000000000e+00 0.000000000000000000e+00 0.000000000000000000e+00 0.000000000000000000e+00 0.000000000000000000e+00 0.000000000000000000e+00
1.618627500772390655e-05 -2.594141818112880504e-05 -4.212665274304361329e-06 3.633826730751164597e-05 1.029702834196477481e-05 -3.266748720176721518e-05 0.000000000000000000e+00 0.000000000000000000e+00 0.000000000000000000e+00 0.000000000000000000e+00 0.000000000000000000e+00 0.000000000000000000e+00 0.000000000000000000e+00 0.000000000000000000e+00 0.000000000000000000e+00 0.000000000000000000e+00 0.000000000000000000e+00 0.000000000000000000e+00 0.000000000000000000e+00 0.000000000000000000e+00 0.000000000000000000e+00 0.000000000000000000e+00 0.000000000000000000e+00 0.000000000000000000e+00 0.000000000000000000e+00 0.000000000000000000e+00 0.000000000000000000e+00 0.000000000000000000e+00 0.000000000000000000e+00 0.000000000000000000e+00 0.000000000000000000e+00 0.000000000000000000e+00 0.000000000000000000e+00 0.000000000000000000e+00 0.000000000000000000e+00 0.000000000000000000e+00 0.000000000000000000e+00 0.000000000000000000e+00 0.000000000000000000e+00 0.000000000000000000e+00 0.000000000000000000e+00 2.063420636991882690e-09 7.690977015949347628e-10 -4.289208269971350046e-09 -2.645535189028415390e-10 1.721339354312113185e-09 -9.590402473905190739e-14 0.000000000000000000e+00 0.000000000000000000e+00 0.000000000000000000e+00 0.000000000000000000e+00 0.000000000000000000e+00 0.000000000000000000e+00 0.000000000000000000e+00 0.000000000000000000e+00 0.000000000000000000e+00 0.000000000000000000e+00 0.000000000000000000e+00 0.000000000000000000e+00 0.000000000000000000e+00 0.000000000000000000e+00 0.000000000000000000e+00 0.000000000000000000e+00 0.000000000000000000e+00 0.000000000000000000e+00 0.000000000000000000e+00 0.000000000000000000e+00 0.000000000000000000e+00 0.000000000000000000e+00 0.000000000000000000e+00 0.000000000000000000e+00 0.000000000000000000e+00 0.000000000000000000e+00 0.000000000000000000e+00 0.000000000000000000e+00 0.000000000000000000e+00 0.000000000000000000e+00 0.000000000000000000e+00 0.000000000000000000e+00 0.000000000000000000e+00 0.000000000000000000e+00 0.000000000000000000e+00
2.874480661351603260e-05 -4.244010396615006779e-05 -1.875852531608990237e-05 6.413770682623786551e-05 3.809943576445955302e-05 -3.842999289372153997e-05 -3.135332702825172416e-05 0.000000000000000000e+00 0.000000000000000000e+00 0.000000000000000000e+00 0.000000000000000000e+00 0.000000000000000000e+00 0.000000000000000000e+00 0.000000000000000000e+00 0.000000000000000000e+00 0.000000000000000000e+00 0.000000000000000000e+00 0.000000000000000000e+00 0.000000000000000000e+00 0.000000000000000000e+00 0.000000000000000000e+00 0.000000000000000000e+00 0.000000000000000000e+00 0.000000000000000000e+00 0.000000000000000000e+00 0.000000000000000000e+00 0.000000000000000000e+00 0.000000000000000000e+00 0.000000000000000000e+00 0.000000000000000000e+00 0.000000000000000000e+00 0.000000000000000000e+00 0.000000000000000000e+00 0.000000000000000000e+00 0.000000000000000000e+00 0.000000000000000000e+00 0.000000000000000000e+00 0.000000000000000000e+00 0.000000000000000000e+00 0.000000000000000000e+00 0.000000000000000000e+00 3.863160414827038203e-09 7.046222496535220481e-10 -7.134528438521026139e-09 -4.139009894370271336e-10 2.990841511518044227e-09 -6.999755701279919418e-12 -3.194992339271285342e-12 0.000000000000000000e+00 0.000000000000000000e+00 0.000000000000000000e+00 0.000000000000000000e+00 0.000000000000000000e+00 0.000000000000000000e+00 0.000000000000000000e+00 0.000000000000000000e+00 0.000000000000000000e+00 0.000000000000000000e+00 0.000000000000000000e+00 0.000000000000000000e+00 0.000000000000000000e+00 0.000000000000000000e+00 0.000000000000000000e+00 0.000000000000000000e+00 0.000000000000000000e+00 0.000000000000000000e+00 0.000000000000000000e+00 0.000000000000000000e+00 0.000000000000000000e+00 0.000000000000000000e+00 0.000000000000000000e+00 0.000000000000000000e+00 0.000000000000000000e+00 0.000000000000000000e+00 0.000000000000000000e+00 0.000000000000000000e+00 0.000000000000000000e+00 0.000000000000000000e+00 0.000000000000000000e+00 0.000000000000000000e+00 0.000000000000000000e+00 0.000000000000000000e+00
3.181682013355248244e-05 -4.623956931230379080e-05 -2.306628343147747867e-05 7.092672094450311673e-05 4.621344066769355122e-05 -3.855506881994660764e-05 -1.788704777366649252e-05 -2.320901240835445550e-05 0.000000000000000000e+00 0.000000000000000000e+00 0.000000000000000000e+00 0.000000000000000000e+00 0.000000000000000000e+00 0.000000000000000000e+00 0.000000000000000000e+00 0.000000000000000000e+00 0.000000000000000000e+00 0.000000000000000000e+00 0.000000000000000000e+00 0.000000000000000000e+00 0.000000000000000000e+00 0.000000000000000000e+00 0.000000000000000000e+00 0.000000000000000000e+00 0.000000000000000000e+00 0.000000000000000000e+00 0.000000000000000000e+00 0.000000000000000000e+00 0.000000000000000000e+00 0.000000000000000000e+00 0.000000000000000000e+00 0.000000000000000000e+00 0.000000000000000000e+00 0.000000000000000000e+00 0.000000000000000000e+00 0.000000000000000000e+00 0.000000000000000000e+00 0.000000000000000000e+00 0.000000000000000000e+00 0.000000000000000000e+00 0.000000000000000000e+00 4.337473136738212443e-09 5.860420682806191661e-10 -7.750510997535028923e-09 -4.474052844784942584e-10 3.286275741224038704e-09 -9.858494662978722900e-12 -7.781120582930900476e-13 -1.238057616495535918e-12 0.000000000000000000e+00 0.000000000000000000e+00 0.000000000000000000e+00 0.000000000000000000e+00 0.000000000000000000e+00 0.000000000000000000e+00 0.000000000000000000e+00 0.000000000000000000e+00 0.000000000000000000e+00 0.000000000000000000e+00 0.000000000000000000e+00 0.000000000000000000e+00 0.000000000000000000e+00 0.000000000000000000e+00 0.000000000000000000e+00 0.000000000000000000e+00 0.000000000000000000e+00 0.000000000000000000e+00 0.000000000000000000e+00 0.000000000000000000e+00 0.000000000000000000e+00 0.000000000000000000e+00 0.000000000000000000e+00 0.000000000000000000e+00 0.000000000000000000e+00 0.000000000000000000e+00 0.000000000000000000e+00 0.000000000000000000e+00 0.000000000000000000e+00 0.000000000000000000e+00 0.000000000000000000e+00 0.000000000000000000e+00 0.000000000000000000e+00
3.599527694009177319e-05 -5.165164825319135816e-05 -2.816149781083819581e-05 8.018218239113110088e-05 5.590951784073669092e-05 -4.004523717320289822e-05 -5.146103533829548236e-06 -2.403138259044921773e-05 -2.305110781044823840e-05 0.000000000000000000e+00 0.000000000000000000e+00 0.000000000000000000e+00 0.000000000000000000e+00 0.000000000000000000e+00 0.000000000000000000e+00 0.000000000000000000e+00 0.000000000000000000e+00 0.000000000000000000e+00 0.000000000000000000e+00 0.000000000000000000e+00 0.000000000000000000e+00 0.000000000000000000e+00 0.000000000000000000e+00 0.000000000000000000e+00 0.000000000000000000e+00 0.000000000000000000e+00 0.000000000000000000e+00 0.000000000000000000e+00 0.000000000000000000e+00 0.000000000000000000e+00 0.000000000000000000e+00 0.000000000000000000e+00 0.000000000000000000e+00 0.000000000000000000e+00 0.000000000000000000e+00 0.000000000000000000e+00 0.000000000000000000e+00 0.000000000000000000e+00 0.000000000000000000e+00 0.000000000000000000e+00 0.000000000000000000e+00 4.961833378414395868e-09 4.893064694741489085e-10 -8.636588511522734490e-09 -4.965430340118578978e-10 3.695817975984429238e-09 -1.325054584284945935e-11 1.891986133734091524e-12 -2.364763441488337836e-12 -1.029552961981372583e-13 0.000000000000000000e+00 0.000000000000000000e+00 0.000000000000000000e+00 0.000000000000000000e+00 0.000000000000000000e+00 0.000000000000000000e+00 0.000000000000000000e+00 0.000000000000000000e+00 0.000000000000000000e+00 0.000000000000000000e+00 0.000000000000000000e+00 0.000000000000000000e+00 0.000000000000000000e+00 0.000000000000000000e+00 0.000000000000000000e+00 0.000000000000000000e+00 0.000000000000000000e+00 0.000000000000000000e+00 0.000000000000000000e+00 0.000000000000000000e+00 0.000000000000000000e+00 0.000000000000000000e+00 0.000000000000000000e+00 0.000000000000000000e+00 0.000000000000000000e+00 0.000000000000000000e+00 0.000000000000000000e+00 0.000000000000000000e+00 0.000000000000000000e+00 0.000000000000000000e+00 0.000000000000000000e+00 0.000000000000000000e+00
3.156136669596920803e-05 -4.510238213817916245e-05 -2.527682317313335609e-05 7.028836059887514330e-05 5.004897878977928108e-05 -3.410122504068425261e-05 -2.419715970896751250e-07 -2.044148723987502300e-05 -1.935509195547207954e-05 -7.379724940190083605e-06 0.000000000000000000e+00 0.000000000000000000e+00 0.000000000000000000e+00 0.000000000000000000e+00 0.000000000000000000e+00 0.000000000000000000e+00 0.000000000000000000e+00 0.000000000000000000e+00 0.000000000000000000e+00 0.000000000000000000e+00 0.000000000000000000e+00 0.000000000000000000e+00 0.000000000000000000e+00 0.000000000000000000e+00 0.000000000000000000e+00 0.000000000000000000e+00 0.000000000000000000e+00 0.000000000000000000e+00 0.000000000000000000e+00 0.000000000000000000e+00 0.000000000000000000e+00 0.000000000000000000e+00 0.000000000000000000e+00 0.000000000000000000e+00 0.000000000000000000e+00 0.000000000000000000e+00 0.000000000000000000e+00 0.000000000000000000e+00 0.000000000000000000e+00 0.000000000000000000e+00 0.000000000000000000e+00 4.366101267637076400e-09 3.797619367411353419e-10 -7.535252116068827388e-09 -4.326491561930725926e-10 3.234261814638074439e-09 -1.224055871853341193e-11 2.487817243879142382e-12 -2.325534621643032818e-12 -1.216854308289105902e-13 -2.378533568020424482e-14 0.000000000000000000e+00 0.000000000000000000e+00 0.000000000000000000e+00 0.000000000000000000e+00 0.000000000000000000e+00 0.000000000000000000e+00 0.000000000000000000e+00 0.000000000000000000e+00 0.000000000000000000e+00 0.000000000000000000e+00 0.000000000000000000e+00 0.000000000000000000e+00 0.000000000000000000e+00 0.000000000000000000e+00 0.000000000000000000e+00 0.000000000000000000e+00 0.000000000000000000e+00 0.000000000000000000e+00 0.000000000000000000e+00 0.000000000000000000e+00 0.000000000000000000e+00 0.000000000000000000e+00 0.000000000000000000e+00 0.000000000000000000e+00 0.000000000000000000e+00 0.000000000000000000e+00 0.000000000000000000e+00 0.000000000000000000e+00 0.000000000000000000e+00 0.000000000000000000e+00 0.000000000000000000e+00
2.683370002592544261e-05 -3.688236099215805829e-05 -2.613628725797994407e-05 5.969636558760677003e-05 5.067684811011321285e-05 -2.104731824578557654e-05 3.314883021139679656e-05 -1.262101721194930012e-05 -9.925520056004808606e-06 -1.339838065456957442e-05 -5.034485951659485158e-05 0.000000000000000000e+00 0.000000000000000000e+00 0.000000000000000000e+00 0.000000000000000000e+00 0.000000000000000000e+00 0.000000000000000000e+00 0.000000000000000000e+00 0.000000000000000000e+00 0.000000000000000000e+00 0.000000000000000000e+00 0.000000000000000000e+00 0.000000000000000000e+00 0.000000000000000000e+00 0.000000000000000000e+00 0.000000000000000000e+00 0.000000000000000000e+00 0.000000000000000000e+00 0.000000000000000000e+00 0.000000000000000000e+00 0.000000000000000000e+00 0.000000000000000000e+00 0.000000000000000000e+00 0.000000000000000000e+00 0.000000000000000000e+00 0.000000000000000000e+00 0.000000000000000000e+00 0.000000000000000000e+00 0.000000000000000000e+00 0.000000000000000000e+00 0.000000000000000000e+00 4.110745443694496792e-09 -3.329176313966730749e-10 -6.094462420727468632e-09 -3.509412236724421263e-10 2.744212659194777970e-09 -2.453284905952479722e-11 -4.009284039745847350e-11 -1.374219206311255714e-12 -2.249752033972596266e-12 1.594245926678922176e-11 -2.432962566221302803e-11 0.000000000000000000e+00 0.000000000000000000e+00 0.000000000000000000e+00 0.000000000000000000e+00 0.000000000000000000e+00 0.000000000000000000e+00 0.000000000000000000e+00 0.000000000000000000e+00 0.000000000000000000e+00 0.000000000000000000e+00 0.000000000000000000e+00 0.000000000000000000e+00 0.000000000000000000e+00 0.000000000000000000e+00 0.000000000000000000e+00 0.000000000000000000e+00 0.000000000000000000e+00 0.000000000000000000e+00 0.000000000000000000e+00 0.000000000000000000e+00 0.000000000000000000e+00 0.000000000000000000e+00 0.000000000000000000e+00 0.000000000000000000e+00 0.000000000000000000e+00 0.000000000000000000e+00 0.000000000000000000e+00 0.000000000000000000e+00 0.000000000000000000e+00 0.000000000000000000e+00
-2.800735419934219719e-07 1.431539474328158792e-06 -3.108869308252930016e-06 -6.065985452560702972e-07 5.353294089293825675e-06 5.922196386815909612e-06 2.331956679993904004e-05 3.313760933401006564e-06 4.542219452567864595e-06 -4.941801677930642619e-06 2.384415195173382636e-05 -5.878938601464656674e-05 0.000000000000000000e+00 0.000000000000000000e+00 0.000000000000000000e+00 0.000000000000000000e+00 0.000000000000000000e+00 0.000000000000000000e+00 0.000000000000000000e+00 0.000000000000000000e+00 0.000000000000000000e+00 0.000000000000000000e+00 0.000000000000000000e+00 0.000000000000000000e+00 0.000000000000000000e+00 0.000000000000000000e+00 0.000000000000000000e+00 0.000000000000000000e+00 0.000000000000000000e+00 0.000000000000000000e+00 0.000000000000000000e+00 0.000000000000000000e+00 0.000000000000000000e+00 0.000000000000000000e+00 0.000000000000000000e+00 0.000000000000000000e+00 0.000000000000000000e+00 0.000000000000000000e+00 0.000000000000000000e+00 0.000000000000000000e+00 0.000000000000000000e+00 4.916042197346086329e-10 -6.474542755229018010e-10 2.045725199482928414e-10 3.490589742705281495e-11 6.379132722815310241e-12 -9.658397413553516941e-12 -1.177313628666432424e-10 5.049048267154188085e-11 7.035204165647783447e-12 1.550559976097078130e-11 -3.401694888499704611e-11 -1.632071756386965777e-12 0.000000000000000000e+00 0.000000000000000000e+00 0.000000000000000000e+00 0.000000000000000000e+00 0.000000000000000000e+00 0.000000000000000000e+00 0.000000000000000000e+00 0.000000000000000000e+00 0.000000000000000000e+00 0.000000000000000000e+00 0.000000000000000000e+00 0.000000000000000000e+00 0.000000000000000000e+00 0.000000000000000000e+00 0.000000000000000000e+00 0.000000000000000000e+00 0.000000000000000000e+00 0.000000000000000000e+00 0.000000000000000000e+00 0.000000000000000000e+00 0.000000000000000000e+00 0.000000000000000000e+00 0.000000000000000000e+00 0.000000000000000000e+00 0.000000000000000000e+00 0.000000000000000000e+00 0.000000000000000000e+00 0.000000000000000000e+00 0.000000000000000000e+00
-1.980041560802224738e-05 3.019382665447786209e-05 9.671563229365920129e-06 -4.401341258685994087e-05 -2.066804121078733188e-05 3.175686208201701803e-05 4.284279061307920324e-05 1.834905909290165688e-05 1.993312087674608581e-05 -4.565705079544413137e-06 1.030647068630026345e-04 -1.053869751159057836e-04 -6.137737981047063670e-05 0.000000000000000000e+00 0.000000000000000000e+00 0.000000000000000000e+00 0.000000000000000000e+00 0.000000000000000000e+00 0.000000000000000000e+00 0.000000000000000000e+00 0.000000000000000000e+00 0.000000000000000000e+00 0.000000000000000000e+00 0.000000000000000000e+00 0.000000000000000000e+00 0.000000000000000000e+00 0.000000000000000000e+00 0.000000000000000000e+00 0.000000000000000000e+00 0.000000000000000000e+00 0.000000000000000000e+00 0.000000000000000000e+00 0.000000000000000000e+00 0.000000000000000000e+00 0.000000000000000000e+00 0.000000000000000000e+00 0.000000000000000000e+00 0.000000000000000000e+00 0.000000000000000000e+00 0.000000000000000000e+00 0.000000000000000000e+00 -1.486053040550879695e-09 -1.370394943247914277e-09 4.628574842521250565e-09 3.476669478024753401e-10 -1.883860963275765799e-09 5.931417466562005636e-12 -3.283521282562013033e-10 1.157082689753376192e-10 2.197337765300760859e-11 3.451903433232539342e-11 -8.142940607826915089e-11 -4.739328395876596378e-12 4.559209997381796775e-13 0.000000000000000000e+00 0.000000000000000000e+00 0.000000000000000000e+00 0.000000000000000000e+00 0.000000000000000000e+00 0.000000000000000000e+00 0.000000000000000000e+00 0.000000000000000000e+00 0.000000000000000000e+00 0.000000000000000000e+00 0.000000000000000000e+00 0.000000000000000000e+00 0.000000000000000000e+00 0.000000000000000000e+00 0.000000000000000000e+00 0.000000000000000000e+00 0.000000000000000000e+00 0.000000000000000000e+00 0.000000000000000000e+00 0.000000000000000000e+00 0.000000000000000000e+00 0.000000000000000000e+00 0.000000000000000000e+00 0.000000000000000000e+00 0.000000000000000000e+00 0.000000000000000000e+00 0.000000000000000000e+00 0.000000000000000000e+00
-1.480585734741623745e-05 2.174348826455320405e-05 9.964329164429222042e-06 -3.296315571599557474e-05 -2.019134243940443919e-05 1.918848218051020724e-05 1.318127786888964896e-05 1.124468252466752360e-05 1.142743889237773361e-05 6.448393929094032792e-07 5.843838266782062007e-05 -3.216647737797813399e-05 1.837934247114373721e-05 -6.408543054650688757e-05 0.000000000000000000e+00 0.000000000000000000e+00 0.000000000000000000e+00 0.000000000000000000e+00 0.000000000000000000e+00 0.000000000000000000e+00 0.000000000000000000e+00 0.000000000000000000e+00 0.000000000000000000e+00 0.000000000000000000e+00 0.000000000000000000e+00 0.000000000000000000e+00 0.000000000000000000e+00 0.000000000000000000e+00 0.000000000000000000e+00 0.000000000000000000e+00 0.000000000000000000e+00 0.000000000000000000e+00 0.000000000000000000e+00 0.000000000000000000e+00 0.000000000000000000e+00 0.000000000000000000e+00 0.000000000000000000e+00 0.000000000000000000e+00 0.000000000000000000e+00 0.000000000000000000e+00 0.000000000000000000e+00 -1.490231515770788773e-09 -3.751149356954509850e-10 3.219069733483796020e-09 1.824342707066814451e-10 -1.453025271066707425e-09 2.819705840345632097e-11 -3.853932895470785214e-11 -6.004337473183504748e-11 2.866107741764101213e-12 8.782469760118538638e-12 -2.494850631423392584e-11 -3.949711217809959152e-12 3.623445239599870638e-12 0.000000000000000000e+00 0.000000000000000000e+00 0.000000000000000000e+00 0.000000000000000000e+00 0.000000000000000000e+00 0.000000000000000000e+00 0.000000000000000000e+00 0.000000000000000000e+00 0.000000000000000000e+00 0.000000000000000000e+00 0.000000000000000000e+00 0.000000000000000000e+00 0.000000000000000000e+00 0.000000000000000000e+00 0.000000000000000000e+00 0.000000000000000000e+00 0.000000000000000000e+00 0.000000000000000000e+00 0.000000000000000000e+00 0.000000000000000000e+00 0.000000000000000000e+00 0.000000000000000000e+00 0.000000000000000000e+00 0.000000000000000000e+00 0.000000000000000000e+00 0.000000000000000000e+00 0.000000000000000000e+00 0.000000000000000000e+00
-2.802016402667941147e-05 4.023458136272856870e-05 2.188010359905094224e-05 -6.246589305427088009e-05 -4.343863767191638234e-05 3.130640202939787876e-05 4.285444659816919216e-06 1.861672843956772502e-05 1.786483718032986535e-05 5.675564966256410951e-06 9.033513732278680361e-05 -1.019863559921464422e-05 1.040952656500357268e-04 -1.257048693637237251e-04 -6.446586549416579749e-05 0.000000000000000000e+00 0.000000000000000000e+00 0.000000000000000000e+00 0.000000000000000000e+00 0.000000000000000000e+00 0.000000000000000000e+00 0.000000000000000000e+00 0.000000000000000000e+00 0.000000000000000000e+00 0.000000000000000000e+00 0.000000000000000000e+00 0.000000000000000000e+00 0.000000000000000000e+00 0.000000000000000000e+00 0.000000000000000000e+00 0.000000000000000000e+00 0.000000000000000000e+00 0.000000000000000000e+00 0.000000000000000000e+00 0.000000000000000000e+00 0.000000000000000000e+00 0.000000000000000000e+00 0.000000000000000000e+00 0.000000000000000000e+00 0.000000000000000000e+00 0.000000000000000000e+00 -3.152266073278182923e-09 -8.691118994191143754e-11 5.821502297798444858e-09 2.602565071004731001e-10 -2.809353135974773652e-09 7.384487812900353276e-11 1.579709031770612504e-10 -2.562788679189020868e-10 -7.571512319025364146e-12 -2.108572648082396306e-12 8.428284112294015529e-14 8.029339888283859583e-12 -1.301107659112954451e-12 0.000000000000000000e+00 0.000000000000000000e+00 0.000000000000000000e+00 0.000000000000000000e+00 0.000000000000000000e+00 0.000000000000000000e+00 0.000000000000000000e+00 0.000000000000000000e+00 0.000000000000000000e+00 0.000000000000000000e+00 0.000000000000000000e+00 0.000000000000000000e+00 0.000000000000000000e+00 0.000000000000000000e+00 0.000000000000000000e+00 0.000000000000000000e+00 0.000000000000000000e+00 0.000000000000000000e+00 0.000000000000000000e+00 0.000000000000000000e+00 0.000000000000000000e+00 0.000000000000000000e+00 0.000000000000000000e+00 0.000000000000000000e+00 0.000000000000000000e+00 0.000000000000000000e+00 0.000000000000000000e+00 0.000000000000000000e+00
-8.460598952185439600e-06 1.171895364204792356e-05 8.046184409684188979e-06 -1.892089546541510410e-05 -1.559618614773588836e-05 7.093430950132656758e-06 -8.372775026695741373e-06 4.427135485905199768e-06 3.686409841698832244e-06 3.805924172218904094e-06 1.808316270521915332e-05 2.039974100774040325e-05 6.348201709672240717e-05 -4.046597454953454985e-05 1.723349476572780693e-05 -6.616002393553072568e-05 0.000000000000000000e+00 0.000000000000000000e+00 0.000000000000000000e+00 0.000000000000000000e+00 0.000000000000000000e+00 0.000000000000000000e+00 0.000000000000000000e+00 0.000000000000000000e+00 0.000000000000000000e+00 0.000000000000000000e+00 0.000000000000000000e+00 0.000000000000000000e+00 0.000000000000000000e+00 0.000000000000000000e+00 0.000000000000000000e+00 0.000000000000000000e+00 0.000000000000000000e+00 0.000000000000000000e+00 0.000000000000000000e+00 0.000000000000000000e+00 0.000000000000000000e+00 0.000000000000000000e+00 0.000000000000000000e+00 0.000000000000000000e+00 0.000000000000000000e+00 -8.916037926411449210e-10 3.504257563920372409e-11 1.645434835042744459e-09 5.279970753148399698e-11 -8.410642046913826414e-10 3.958534292459320314e-11 6.840977179807701536e-11 -1.005613858785954495e-10 -7.274961205281857413e-12 -7.321134312936877775e-12 1.936208569234924848e-11 3.437579563993382881e-11 -3.117008525745611214e-11 0.000000000000000000e+00 0.000000000000000000e+00 0.000000000000000000e+00 0.000000000000000000e+00 0.000000000000000000e+00 0.000000000000000000e+00 0.000000000000000000e+00 0.000000000000000000e+00 0.000000000000000000e+00 0.000000000000000000e+00 0.000000000000000000e+00 0.000000000000000000e+00 0.000000000000000000e+00 0.000000000000000000e+00 0.000000000000000000e+00 0.000000000000000000e+00 0.000000000000000000e+00 0.000000000000000000e+00 0.000000000000000000e+00 0.000000000000000000e+00 0.000000000000000000e+00 0.000000000000000000e+00 0.000000000000000000e+00 0.000000000000000000e+00 0.000000000000000000e+00 0.000000000000000000e+00 0.000000000000000000e+00 0.000000000000000000e+00
-1.512316880903375187e-06 8.666966894987904440e-07 5.554003373826671072e-06 -3.554296104201908361e-06 -9.875808488091683524e-06 -5.474716877229015254e-06 -2.909978227345395461e-05 -2.604601163414747671e-06 -4.203644873261846169e-06 6.656203050505891863e-06 -2.287287778032879053e-05 7.075176554791198303e-05 1.032216445652675270e-04 -1.488336664025096887e-05 1.073180247414993679e-04 -1.343611364401158751e-04 -6.592579044725806604e-05 0.000000000000000000e+00 0.000000000000000000e+00 0.000000000000000000e+00 0.000000000000000000e+00 0.000000000000000000e+00 0.000000000000000000e+00 0.000000000000000000e+00 0.000000000000000000e+00 0.000000000000000000e+00 0.000000000000000000e+00 0.000000000000000000e+00 0.000000000000000000e+00 0.000000000000000000e+00 0.000000000000000000e+00 0.000000000000000000e+00 0.000000000000000000e+00 0.000000000000000000e+00 0.000000000000000000e+00 0.000000000000000000e+00 0.000000000000000000e+00 0.000000000000000000e+00 0.000000000000000000e+00 0.000000000000000000e+00 0.000000000000000000e+00 8.167843185385558619e-11 9.612196444613169133e-11 -2.987683790146335172e-11 -4.551768440245670955e-11 -1.112177183166954478e-10 5.711741575043817465e-11 3.075262174903267698e-11 -5.739394220570948751e-11 -1.410378802949811133e-11 -1.854574737595975076e-11 5.486251283457442562e-11 9.771394370722275013e-11 -9.677710667349223583e-11 0.000000000000000000e+00 0.000000000000000000e+00 0.000000000000000000e+00 0.000000000000000000e+00 0.000000000000000000e+00 0.000000000000000000e+00 0.000000000000000000e+00 0.000000000000000000e+00 0.000000000000000000e+00 0.000000000000000000e+00 0.000000000000000000e+00 0.000000000000000000e+00 0.000000000000000000e+00 0.000000000000000000e+00 0.000000000000000000e+00 0.000000000000000000e+00 0.000000000000000000e+00 0.000000000000000000e+00 0.000000000000000000e+00 0.000000000000000000e+00 0.000000000000000000e+00 0.000000000000000000e+00 0.000000000000000000e+00 0.000000000000000000e+00 0.000000000000000000e+00 0.000000000000000000e+00 0.000000000000000000e+00 0.000000000000000000e+00
6.625813507481198702e-06 -1.012528109405147979e-05 -3.132950357644261443e-06 1.469314103151932464e-05 6.754625642662335019e-06 -1.075599716180958667e-05 -1.473726941340111184e-05 -6.093800335404229583e-06 -6.644914970256257528e-06 1.627894980348840474e-06 -3.420371651895210568e-05 3.606297997319355742e-05 2.209558625162181709e-05 2.514211662092558758e-05 6.689835044059808523e-05 -4.372980898697757378e-05 1.679199607643267552e-05 -6.726876568628681536e-05 0.000000000000000000e+00 0.000000000000000000e+00 0.000000000000000000e+00 0.000000000000000000e+00 0.000000000000000000e+00 0.000000000000000000e+00 0.000000000000000000e+00 0.000000000000000000e+00 0.000000000000000000e+00 0.000000000000000000e+00 0.000000000000000000e+00 0.000000000000000000e+00 0.000000000000000000e+00 0.000000000000000000e+00 0.000000000000000000e+00 0.000000000000000000e+00 0.000000000000000000e+00 0.000000000000000000e+00 0.000000000000000000e+00 0.000000000000000000e+00 0.000000000000000000e+00 0.000000000000000000e+00 0.000000000000000000e+00 9.192171130712779858e-10 -2.649600379595398736e-11 -1.526928688374532168e-09 -7.495871161462570181e-11 7.144734073442167085e-10 1.578648830039518225e-11 -8.858997964465015196e-11 6.849840497331199929e-11 1.615793314576306761e-12 -5.434194408479239846e-12 2.504284888455669128e-11 4.184328027839225028e-11 -4.650960177968524456e-11 0.000000000000000000e+00 0.000000000000000000e+00 0.000000000000000000e+00 0.000000000000000000e+00 0.000000000000000000e+00 0.000000000000000000e+00 0.000000000000000000e+00 0.000000000000000000e+00 0.000000000000000000e+00 0.000000000000000000e+00 0.000000000000000000e+00 0.000000000000000000e+00 0.000000000000000000e+00 0.000000000000000000e+00 0.000000000000000000e+00 0.000000000000000000e+00 0.000000000000000000e+00 0.000000000000000000e+00 0.000000000000000000e+00 0.000000000000000000e+00 0.000000000000000000e+00 0.000000000000000000e+00 0.000000000000000000e+00 0.000000000000000000e+00 0.000000000000000000e+00 0.000000000000000000e+00 0.000000000000000000e+00 0.000000000000000000e+00
2.392514038926303903e-05 -3.511235461637273684e-05 -1.617863689702952069e-05 5.326868962662271306e-05 3.276519922669739746e-05 -3.088009811934717659e-05 -2.065168824115829437e-05 -1.801544278777391771e-05 -1.827524485691040630e-05 -1.174283775977216868e-06 -9.276160111700807332e-05 5.121340973727425997e-05 -2.818267840382809083e-05 9.971983957355560080e-05 1.190375326809553947e-04 -1.399698260542970012e-05 1.220064947260080142e-04 -1.516890476580393435e-04 -7.501824688150188778e-05 0.000000000000000000e+00 0.000000000000000000e+00 0.000000000000000000e+00 0.000000000000000000e+00 0.000000000000000000e+00 0.000000000000000000e+00 0.000000000000000000e+00 0.000000000000000000e+00 0.000000000000000000e+00 0.000000000000000000e+00 0.000000000000000000e+00 0.000000000000000000e+00 0.000000000000000000e+00 0.000000000000000000e+00 0.000000000000000000e+00 0.000000000000000000e+00 0.000000000000000000e+00 0.000000000000000000e+00 0.000000000000000000e+00 0.000000000000000000e+00 0.000000000000000000e+00 0.000000000000000000e+00 3.005921256587877621e-09 -2.061087737113831420e-10 -5.105223537861004746e-09 -2.021387508332334049e-10 2.539351145320039443e-09 -2.187614943794519151e-12 -3.673532918287668314e-10 3.088283583941101029e-10 2.185638920283033970e-11 1.011906324791672640e-12 3.347534619294045832e-11 3.287217340778442187e-11 -4.658514481288567044e-11 0.000000000000000000e+00 0.000000000000000000e+00 0.000000000000000000e+00 0.000000000000000000e+00 0.000000000000000000e+00 0.000000000000000000e+00 0.000000000000000000e+00 0.000000000000000000e+00 0.000000000000000000e+00 0.000000000000000000e+00 0.000000000000000000e+00 0.000000000000000000e+00 0.000000000000000000e+00 0.000000000000000000e+00 0.000000000000000000e+00 0.000000000000000000e+00 0.000000000000000000e+00 0.000000000000000000e+00 0.000000000000000000e+00 0.000000000000000000e+00 0.000000000000000000e+00 0.000000000000000000e+00 0.000000000000000000e+00 0.000000000000000000e+00 0.000000000000000000e+00 0.000000000000000000e+00 0.000000000000000000e+00 0.000000000000000000e+00
2.700011502506142157e-05 -3.925697586159042005e-05 -1.950006811498401684e-05 6.017496381646709027e-05 3.911331351738915000e-05 -3.282375723286123405e-05 -1.504081044847289071e-05 -1.933412354186833312e-05 -1.918796774923647776e-05 -3.117695991756487019e-06 -9.693313718215908030e-05 3.786909897236421206e-05 -5.887828105005665520e-05 1.147688955573801083e-04 1.036811500591944529e-04 2.018235881778526232e-05 1.529194401020367408e-04 -1.483606642720255650e-04 -3.213587868534917551e-05 -7.113997573731799424e-05 0.000000000000000000e+00 0.000000000000000000e+00 0.000000000000000000e+00 0.000000000000000000e+00 0.000000000000000000e+00 0.000000000000000000e+00 0.000000000000000000e+00 0.000000000000000000e+00 0.000000000000000000e+00 0.000000000000000000e+00 0.000000000000000000e+00 0.000000000000000000e+00 0.000000000000000000e+00 0.000000000000000000e+00 0.000000000000000000e+00 0.000000000000000000e+00 0.000000000000000000e+00 0.000000000000000000e+00 0.000000000000000000e+00 0.000000000000000000e+00 0.000000000000000000e+00 3.289380507342717919e-09 -2.632477047763079336e-10 -5.635547797194252750e-09 -2.030478471991281619e-10 2.845325962038194878e-09 -1.396433565569593638e-11 -4.373184186740736168e-10 3.757711288399773197e-10 3.018115564325934974e-11 8.000948211253633424e-12 2.449830724567114704e-11 -4.005777914234398551e-12 -1.033390311256515703e-11 0.000000000000000000e+00 0.000000000000000000e+00 0.000000000000000000e+00 0.000000000000000000e+00 0.000000000000000000e+00 0.000000000000000000e+00 0.000000000000000000e+00 0.000000000000000000e+00 0.000000000000000000e+00 0.000000000000000000e+00 0.000000000000000000e+00 0.000000000000000000e+00 0.000000000000000000e+00 0.000000000000000000e+00 0.000000000000000000e+00 0.000000000000000000e+00 0.000000000000000000e+00 0.000000000000000000e+00 0.000000000000000000e+00 0.000000000000000000e+00 0.000000000000000000e+00 0.000000000000000000e+00 0.000000000000000000e+00 0.000000000000000000e+00 0.000000000000000000e+00 0.000000000000000000e+00 0.000000000000000000e+00 0.000000000000000000e+00
1.499569215261133646e-05 -2.175720870109998286e-05 -1.098490180406259302e-05 3.342817120150810839e-05 2.199010077273385114e-05 -1.797750271860401681e-05 -7.324396705815996739e-06 -1.061487042032142154e-05 -1.047893575313238717e-05 -1.954903809082617332e-06 -5.287441468292179919e-05 1.855754543526351571e-05 -3.605401378983737236e-05 6.402078742544608223e-05 5.379813813205351365e-05 1.565750715445751121e-05 8.681528192467470118e-05 -7.958457248258580738e-05 -1.137097603409438842e-05 -3.838514175267041233e-05 -9.901385544519689282e-06 0.000000000000000000e+00 0.000000000000000000e+00 0.000000000000000000e+00 0.000000000000000000e+00 0.000000000000000000e+00 0.000000000000000000e+00 0.000000000000000000e+00 0.000000000000000000e+00 0.000000000000000000e+00 0.000000000000000000e+00 0.000000000000000000e+00 0.000000000000000000e+00 0.000000000000000000e+00 0.000000000000000000e+00 0.000000000000000000e+00 0.000000000000000000e+00 0.000000000000000000e+00 0.000000000000000000e+00 0.000000000000000000e+00 0.000000000000000000e+00 1.812654816068896835e-09 -1.493178504560939424e-10 -3.112641427807996686e-09 -1.097770207527347386e-10 1.576836912398852514e-09 -9.891508077029820267e-12 -2.457070793029404732e-10 2.142790133156068089e-10 1.742383028222743713e-11 5.396878311001579442e-12 1.129056662616326201e-11 -7.640382033644033122e-12 -1.617453241654909224e-12 0.000000000000000000e+00 0.000000000000000000e+00 0.000000000000000000e+00 0.000000000000000000e+00 0.000000000000000000e+00 0.000000000000000000e+00 0.000000000000000000e+00 0.000000000000000000e+00 0.000000000000000000e+00 0.000000000000000000e+00 0.000000000000000000e+00 0.000000000000000000e+00 0.000000000000000000e+00 0.000000000000000000e+00 0.000000000000000000e+00 0.000000000000000000e+00 0.000000000000000000e+00 0.000000000000000000e+00 0.000000000000000000e+00 0.000000000000000000e+00 0.000000000000000000e+00 0.000000000000000000e+00 0.000000000000000000e+00 0.000000000000000000e+00 0.000000000000000000e+00 0.000000000000000000e+00 0.000000000000000000e+00 0.000000000000000000e+00
-1.568840673079046222e-05 2.286478581082183881e-05 1.114795510754923620e-05 -3.495714024958967645e-05 -2.241028565549648723e-05 1.937206742373275177e-05 9.960362878451835093e-06 1.138012742130372224e-05 1.136020570094550732e-05 1.546586759597454348e-06 5.746370831354979643e-05 -2.493956216603580855e-05 3.023482592361576319e-05 -6.635422388833969341e-05 -6.472689699660704051e-05 -6.454001626932342854e-06 -8.661231235877414419e-05 8.953141089678746814e-05 2.634403119590277139e-05 4.266633418385204664e-05 5.378952333169465319e-07 -1.226746717686164534e-05 0.000000000000000000e+00 0.000000000000000000e+00 0.000000000000000000e+00 0.000000000000000000e+00 0.000000000000000000e+00 0.000000000000000000e+00 0.000000000000000000e+00 0.000000000000000000e+00 0.000000000000000000e+00 0.000000000000000000e+00 0.000000000000000000e+00 0.000000000000000000e+00 0.000000000000000000e+00 0.000000000000000000e+00 0.000000000000000000e+00 0.000000000000000000e+00 0.000000000000000000e+00 0.000000000000000000e+00 0.000000000000000000e+00 -1.848096051085094949e-09 1.096223386587782955e-10 3.211667596258148405e-09 1.235656625305815715e-10 -1.606801743471008431e-09 4.226373195642327274e-11 2.554743351547081320e-10 -3.377102752175412115e-10 -1.547120764833209705e-11 -8.773198313660746095e-12 2.903481540481381296e-11 5.363522896217193248e-11 6.380453836715010985e-11 0.000000000000000000e+00 0.000000000000000000e+00 0.000000000000000000e+00 0.000000000000000000e+00 0.000000000000000000e+00 0.000000000000000000e+00 0.000000000000000000e+00 0.000000000000000000e+00 0.000000000000000000e+00 0.000000000000000000e+00 0.000000000000000000e+00 0.000000000000000000e+00 0.000000000000000000e+00 0.000000000000000000e+00 0.000000000000000000e+00 0.000000000000000000e+00 0.000000000000000000e+00 0.000000000000000000e+00 0.000000000000000000e+00 0.000000000000000000e+00 0.000000000000000000e+00 0.000000000000000000e+00 0.000000000000000000e+00 0.000000000000000000e+00 0.000000000000000000e+00 0.000000000000000000e+00 0.000000000000000000e+00 0.000000000000000000e+00
1.327262313365198216e-05 -1.988655899653459999e-05 -7.533703803069640402e-06 2.941987252212815377e-05 1.574626125296459600e-05 -1.939842634481232526e-05 -2.068005190270785169e-05 -1.106110288546868032e-05 -1.169824224023994748e-05 1.357619447154006110e-06 -5.994943421734058239e-05 5.035375970853793763e-05 1.378561966218678787e-05 5.281161992274583392e-05 9.890861147384454933e-05 -4.653176354321264356e-05 5.125636428179514343e-05 -1.084540551910535659e-04 -9.751275676079152084e-05 -4.913633675030144345e-05 5.068414568446341249e-05 1.410787294450256972e-04 -6.683279389896524441e-05 0.000000000000000000e+00 0.000000000000000000e+00 0.000000000000000000e+00 0.000000000000000000e+00 0.000000000000000000e+00 0.000000000000000000e+00 0.000000000000000000e+00 0.000000000000000000e+00 0.000000000000000000e+00 0.000000000000000000e+00 0.000000000000000000e+00 0.000000000000000000e+00 0.000000000000000000e+00 0.000000000000000000e+00 0.000000000000000000e+00 0.000000000000000000e+00 0.000000000000000000e+00 0.000000000000000000e+00 2.289807769935946202e-09 -1.385322215556768211e-10 -3.801726661018141329e-09 -1.260123602144468113e-10 1.834850675206094878e-09 1.706774271610991822e-10 1.269378167032333971e-10 -1.039168131536025164e-09 -3.962275494685807420e-12 -6.814843112566693062e-11 3.600070705954416805e-10 2.327662211197220610e-10 5.800109415107432276e-10 0.000000000000000000e+00 0.000000000000000000e+00 0.000000000000000000e+00 0.000000000000000000e+00 0.000000000000000000e+00 0.000000000000000000e+00 0.000000000000000000e+00 0.000000000000000000e+00 0.000000000000000000e+00 0.000000000000000000e+00 0.000000000000000000e+00 0.000000000000000000e+00 0.000000000000000000e+00 0.000000000000000000e+00 0.000000000000000000e+00 0.000000000000000000e+00 0.000000000000000000e+00 0.000000000000000000e+00 0.000000000000000000e+00 0.000000000000000000e+00 0.000000000000000000e+00 0.000000000000000000e+00 0.000000000000000000e+00 0.000000000000000000e+00 0.000000000000000000e+00 0.000000000000000000e+00 0.000000000000000000e+00 0.000000000000000000e+00
-1.172181698717655136e-05 1.784417916986491244e-05 5.573237748633750460e-06 -2.539162946618616691e-05 -1.230466156153557037e-05 1.685744990906535732e-05 2.095043201826257522e-05 1.023221730213688934e-05 1.038423025869590014e-05 -1.460289183419780697e-06 5.400472312609209372e-05 -5.133065479160622878e-05 -2.461013135833414571e-05 -4.389197383705806233e-05 -9.754335631733102561e-05 5.588339727305571348e-05 -3.539160630347011746e-05 1.025006110420623238e-04 1.082365565924388036e-04 4.485518496316935003e-05 -5.965178376714350052e-05 -1.638376025501693024e-04 9.748604657995772684e-05 -1.767275986000493068e-05 0.000000000000000000e+00 0.000000000000000000e+00 0.000000000000000000e+00 0.000000000000000000e+00 0.000000000000000000e+00 0.000000000000000000e+00 0.000000000000000000e+00 0.000000000000000000e+00 0.000000000000000000e+00 0.000000000000000000e+00 0.000000000000000000e+00 0.000000000000000000e+00 0.000000000000000000e+00 0.000000000000000000e+00 0.000000000000000000e+00 0.000000000000000000e+00 0.000000000000000000e+00 -2.008393393325251519e-09 9.120543177035950189e-11 3.348425283138806163e-09 1.210968681559197735e-10 -1.596251819011582432e-09 -9.449423120605308923e-11 -9.347087454080263424e-11 7.220568078994057948e-10 5.268199342479268354e-12 5.437472480195222613e-11 -2.922746349413515854e-10 -2.947456985240553412e-10 -3.879322601541869420e-10 0.000000000000000000e+00 0.000000000000000000e+00 0.000000000000000000e+00 0.000000000000000000e+00 0.000000000000000000e+00 0.000000000000000000e+00 0.000000000000000000e+00 0.000000000000000000e+00 0.000000000000000000e+00 0.000000000000000000e+00 0.000000000000000000e+00 0.000000000000000000e+00 0.000000000000000000e+00 0.000000000000000000e+00 0.000000000000000000e+00 0.000000000000000000e+00 0.000000000000000000e+00 0.000000000000000000e+00 0.000000000000000000e+00 0.000000000000000000e+00 0.000000000000000000e+00 0.000000000000000000e+00 0.000000000000000000e+00 0.000000000000000000e+00 0.000000000000000000e+00 0.000000000000000000e+00 0.000000000000000000e+00 0.000000000000000000e+00
-1.477078830580810451e-05 2.240758687401420645e-05 7.287972790345699677e-06 -3.196143401214377074e-05 -1.600541230062832421e-05 2.062199186276657964e-05 2.418832621463816706e-05 1.263239547139098336e-05 1.262789601550286852e-05 -1.289644441431175414e-06 6.586405743122251597e-05 -5.947227894222969569e-05 -2.441392613179119587e-05 -5.571888102499472336e-05 -1.152475719273015687e-04 6.165896048001146814e-05 -4.804595400164274376e-05 1.234499579224742564e-04 1.238017814901909083e-04 5.399299108933873839e-05 -6.650246033177239667e-05 -1.846106865533272468e-04 1.025149270646126597e-04 -4.587893052069891590e-06 -8.421913681368105873e-06 0.000000000000000000e+00 0.000000000000000000e+00 0.000000000000000000e+00 0.000000000000000000e+00 0.000000000000000000e+00 0.000000000000000000e+00 0.000000000000000000e+00 0.000000000000000000e+00 0.000000000000000000e+00 0.000000000000000000e+00 0.000000000000000000e+00 0.000000000000000000e+00 0.000000000000000000e+00 0.000000000000000000e+00 0.000000000000000000e+00 0.000000000000000000e+00 -2.484034497573280736e-09 1.221607226725533735e-10 4.148541122499065092e-09 1.478398815586527693e-10 -1.987452154835877421e-09 -1.019159333748992369e-10 -9.675776466936542031e-11 8.306825192711930067e-10 4.635454780438363898e-12 6.310292739730716249e-11 -3.491480387413873482e-10 -3.682171402909304586e-10 -4.569102230898500205e-10 0.000000000000000000e+00 0.000000000000000000e+00 0.000000000000000000e+00 0.000000000000000000e+00 0.000000000000000000e+00 0.000000000000000000e+00 0.000000000000000000e+00 0.000000000000000000e+00 0.000000000000000000e+00 0.000000000000000000e+00 0.000000000000000000e+00 0.000000000000000000e+00 0.000000000000000000e+00 0.000000000000000000e+00 0.000000000000000000e+00 0.000000000000000000e+00 0.000000000000000000e+00 0.000000000000000000e+00 0.000000000000000000e+00 0.000000000000000000e+00 0.000000000000000000e+00 0.000000000000000000e+00 0.000000000000000000e+00 0.000000000000000000e+00 0.000000000000000000e+00 0.000000000000000000e+00 0.000000000000000000e+00 0.000000000000000000e+00
-1.794564624892400857e-05 2.694014255530575866e-05 9.818228916895130592e-06 -3.870376517115604919e-05 -2.126609802316568442e-05 2.279694383665699983e-05 2.133937846126481627e-05 1.439586052366561685e-05 1.367486064210313504e-05 4.397726063054573954e-07 7.205555853898509616e-05 -5.331085996478513583e-05 -5.713159637699507555e-06 -6.916529988176698058e-05 -1.121627653299155591e-04 4.312037123017063451e-05 -7.084768143559590616e-05 1.292167988842667136e-04 1.047311954914938127e-04 5.638741843569134316e-05 -4.935057033448426392e-05 -1.450411904611160585e-04 5.081348627189886252e-05 5.855225635415639953e-05 -1.177518435275184830e-04 -3.848830363494595017e-05 0.000000000000000000e+00 0.000000000000000000e+00 0.000000000000000000e+00 0.000000000000000000e+00 0.000000000000000000e+00 0.000000000000000000e+00 0.000000000000000000e+00 0.000000000000000000e+00 0.000000000000000000e+00 0.000000000000000000e+00 0.000000000000000000e+00 0.000000000000000000e+00 0.000000000000000000e+00 0.000000000000000000e+00 0.000000000000000000e+00 -2.847014202514430714e-09 1.703831166866703883e-10 4.785104839167934887e-09 1.629208858750993971e-10 -2.326867190951837500e-09 -6.103657802705025892e-11 -4.204841981330850742e-11 7.207848952569227696e-10 -1.624534057623194805e-12 5.691570842012924625e-11 -3.541188189578638179e-10 -4.350554722249225237e-10 -4.377607147219506056e-10 0.000000000000000000e+00 0.000000000000000000e+00 0.000000000000000000e+00 0.000000000000000000e+00 0.000000000000000000e+00 0.000000000000000000e+00 0.000000000000000000e+00 0.000000000000000000e+00 0.000000000000000000e+00 0.000000000000000000e+00 0.000000000000000000e+00 0.000000000000000000e+00 0.000000000000000000e+00 0.000000000000000000e+00 0.000000000000000000e+00 0.000000000000000000e+00 0.000000000000000000e+00 0.000000000000000000e+00 0.000000000000000000e+00 0.000000000000000000e+00 0.000000000000000000e+00 0.000000000000000000e+00 0.000000000000000000e+00 0.000000000000000000e+00 0.000000000000000000e+00 0.000000000000000000e+00 0.000000000000000000e+00 0.000000000000000000e+00
-1.035860935789993881e-05 1.517554711819783624e-05 6.940651446444299003e-06 -2.217163411230083699e-05 -1.468154982955065377e-05 1.017406313430225780e-05 1.679460944897575789e-06 7.051474557336675358e-06 5.688031869160580390e-06 2.908265080815513291e-06 3.106240408352911077e-05 -5.740472860541151294e-06 2.832190283589354528e-05 -4.185638033794120919e-05 -2.795484458326352555e-05 -1.707928159014001669e-05 -5.734317768973316290e-05 4.715389992504580643e-05 1.557404927661184060e-07 2.037397771911114708e-05 1.302282265038158396e-05 2.088066238485744358e-05 -6.798453173543876626e-05 1.184254635698244189e-04 -2.098630348305970854e-04 -1.129655635940667339e-05 -6.171301824360738656e-05 0.000000000000000000e+00 0.000000000000000000e+00 0.000000000000000000e+00 0.000000000000000000e+00 0.000000000000000000e+00 0.000000000000000000e+00 0.000000000000000000e+00 0.000000000000000000e+00 0.000000000000000000e+00 0.000000000000000000e+00 0.000000000000000000e+00 0.000000000000000000e+00 0.000000000000000000e+00 0.000000000000000000e+00 -1.418233483560168984e-09 1.254760445394166590e-10 2.427770943915635860e-09 7.233927074978135918e-11 -1.227655907162263083e-09 4.737069390177081618e-11 7.446043033456500870e-11 3.713896941717753641e-11 -1.047415902925494247e-11 6.857561718996707523e-12 -1.120536356844642478e-10 -2.341674596741637193e-10 -9.848889233462707060e-11 0.000000000000000000e+00 0.000000000000000000e+00 0.000000000000000000e+00 0.000000000000000000e+00 0.000000000000000000e+00 0.000000000000000000e+00 0.000000000000000000e+00 0.000000000000000000e+00 0.000000000000000000e+00 0.000000000000000000e+00 0.000000000000000000e+00 0.000000000000000000e+00 0.000000000000000000e+00 0.000000000000000000e+00 0.000000000000000000e+00 0.000000000000000000e+00 0.000000000000000000e+00 0.000000000000000000e+00 0.000000000000000000e+00 0.000000000000000000e+00 0.000000000000000000e+00 0.000000000000000000e+00 0.000000000000000000e+00 0.000000000000000000e+00 0.000000000000000000e+00 0.000000000000000000e+00 0.000000000000000000e+00 0.000000000000000000e+00
-1.509119149060934775e-05 2.147163890598336074e-05 1.227590721792075519e-05 -3.201419192147786450e-05 -2.547891626424937141e-05 9.750919219435371169e-06 -1.563209861914856193e-05 8.134237585103311179e-06 4.538833117809660395e-06 8.747477213898310552e-06 2.735689141741208096e-05 3.418018327683031848e-05 9.500538580683613385e-05 -6.426101245660489382e-05 2.181002378112933786e-05 -9.622275561918384231e-05 -1.114973973675543410e-04 2.205858457768967908e-05 -1.022812021514701158e-04 8.983708482785193739e-06 8.953820704924104253e-05 2.082451526615955190e-04 -2.644796834295726727e-04 3.163953145493495888e-04 -5.469585356979672717e-04 2.103256493268075220e-06 -1.342638126504041348e-04 -6.055170379947859977e-05 0.000000000000000000e+00 0.000000000000000000e+00 0.000000000000000000e+00 0.000000000000000000e+00 0.000000000000000000e+00 0.000000000000000000e+00 0.000000000000000000e+00 0.000000000000000000e+00 0.000000000000000000e+00 0.000000000000000000e+00 0.000000000000000000e+00 0.000000000000000000e+00 0.000000000000000000e+00 -1.683150325062013342e-09 2.288417569589612510e-10 2.968282947885501899e-09 6.840534041985257829e-11 -1.592020140500291503e-09 2.095938698206539774e-10 2.765227256158395153e-10 -5.907592213810416992e-10 -3.147188130762923475e-11 -3.422904060884635058e-11 -6.179073528886358524e-12 -3.127240707058789870e-10 1.190614062418840491e-10 0.000000000000000000e+00 0.000000000000000000e+00 0.000000000000000000e+00 0.000000000000000000e+00 0.000000000000000000e+00 0.000000000000000000e+00 0.000000000000000000e+00 0.000000000000000000e+00 0.000000000000000000e+00 0.000000000000000000e+00 0.000000000000000000e+00 0.000000000000000000e+00 0.000000000000000000e+00 0.000000000000000000e+00 0.000000000000000000e+00 0.000000000000000000e+00 0.000000000000000000e+00 0.000000000000000000e+00 0.000000000000000000e+00 0.000000000000000000e+00 0.000000000000000000e+00 0.000000000000000000e+00 0.000000000000000000e+00 0.000000000000000000e+00 0.000000000000000000e+00 0.000000000000000000e+00 0.000000000000000000e+00 0.000000000000000000e+00
-1.684041587808290160e-06 1.952792985773885333e-06 2.875844034695381780e-06 -3.373101255112241972e-06 -5.687571038303653424e-06 -2.443007788268595874e-06 -1.432306827369020027e-05 -5.778049034962625188e-07 -2.098734408994683710e-06 4.112819885484554367e-06 -9.389483971033822911e-06 3.341956019052637165e-05 4.802843119974760161e-05 -9.481812751805404442e-06 4.594157695796428692e-05 -6.041114020480128867e-05 -3.195328738303095735e-05 -2.995835196513418897e-05 -8.275703388777686941e-05 -1.336913410702697015e-05 5.910708449604078121e-05 1.470193548498815441e-04 -1.446945635099037045e-04 1.354845230795901192e-04 -2.290036598914724957e-04 1.316311763899734831e-05 -4.586536574586560946e-05 1.251974744962422795e-05 -6.144940437542177939e-05 0.000000000000000000e+00 0.000000000000000000e+00 0.000000000000000000e+00 0.000000000000000000e+00 0.000000000000000000e+00 0.000000000000000000e+00 0.000000000000000000e+00 0.000000000000000000e+00 0.000000000000000000e+00 0.000000000000000000e+00 0.000000000000000000e+00 0.000000000000000000e+00 7.860381258644605351e-11 6.091670988169275991e-11 -6.748717719644997670e-11 -1.836814283572713036e-11 -4.097000527465005648e-11 1.211859359607006525e-10 1.486922421127523375e-10 -5.154763877031343089e-10 -1.485960334814129258e-11 -3.463114322220517405e-11 1.086847981404681640e-10 -1.487892090350911856e-11 1.958297527501588753e-10 0.000000000000000000e+00 0.000000000000000000e+00 0.000000000000000000e+00 0.000000000000000000e+00 0.000000000000000000e+00 0.000000000000000000e+00 0.000000000000000000e+00 0.000000000000000000e+00 0.000000000000000000e+00 0.000000000000000000e+00 0.000000000000000000e+00 0.000000000000000000e+00 0.000000000000000000e+00 0.000000000000000000e+00 0.000000000000000000e+00 0.000000000000000000e+00 0.000000000000000000e+00 0.000000000000000000e+00 0.000000000000000000e+00 0.000000000000000000e+00 0.000000000000000000e+00 0.000000000000000000e+00 0.000000000000000000e+00 0.000000000000000000e+00 0.000000000000000000e+00 0.000000000000000000e+00 0.000000000000000000e+00 0.000000000000000000e+00
9.544878077934468633e-06 -1.498273462852964247e-05 -2.999888800428413905e-06 2.087959863524008067e-05 7.115097928978533933e-06 -1.733850727511868236e-05 -2.991070061999825925e-05 -9.846020769683905944e-06 -1.111527585127707366e-05 4.393255894453586383e-06 -5.667382372432533974e-05 7.204305488998369994e-05 5.829206813367382315e-05 3.335072266445304311e-05 1.238453117509054769e-04 -9.625949720135734374e-05 8.837050172304336971e-06 -1.165300890812464999e-04 -1.609810526506350275e-04 -5.116581076853809703e-05 9.872860445920298095e-05 2.598187403566369841e-04 -1.970331276291377768e-04 1.167335394183141155e-04 -1.853167445113187918e-04 3.955972357529275970e-05 -1.275913295157153648e-05 9.926478967072649038e-05 -1.337993531973798286e-04 -6.055170380016857248e-05 0.000000000000000000e+00 0.000000000000000000e+00 0.000000000000000000e+00 0.000000000000000000e+00 0.000000000000000000e+00 0.000000000000000000e+00 0.000000000000000000e+00 0.000000000000000000e+00 0.000000000000000000e+00 0.000000000000000000e+00 0.000000000000000000e+00 1.907145561964764934e-09 -3.535557113190038875e-11 -3.135970470715537806e-09 -1.252220946834810278e-10 1.439127799717529292e-09 1.766707310638495135e-10 1.969527460229675980e-10 -1.047106316652318854e-09 -1.593797974321206276e-11 -7.575838841347194708e-11 3.497702373502116491e-10 2.613371991277676012e-10 5.018367718246014887e-10 0.000000000000000000e+00 0.000000000000000000e+00 0.000000000000000000e+00 0.000000000000000000e+00 0.000000000000000000e+00 0.000000000000000000e+00 0.000000000000000000e+00 0.000000000000000000e+00 0.000000000000000000e+00 0.000000000000000000e+00 0.000000000000000000e+00 0.000000000000000000e+00 0.000000000000000000e+00 0.000000000000000000e+00 0.000000000000000000e+00 0.000000000000000000e+00 0.000000000000000000e+00 0.000000000000000000e+00 0.000000000000000000e+00 0.000000000000000000e+00 0.000000000000000000e+00 0.000000000000000000e+00 0.000000000000000000e+00 0.000000000000000000e+00 0.000000000000000000e+00 0.000000000000000000e+00 0.000000000000000000e+00 0.000000000000000000e+00
9.422126097211698179e-06 -1.408823924467297330e-05 -5.345646694235024841e-06 2.029422401798950792e-05 1.152971158117487450e-05 -1.152280390220487101e-05 -9.601818096931973110e-06 -7.364650391240964902e-06 -6.841642512398155365e-06 -6.360622451800240253e-07 -3.622936176904081223e-05 2.424250071284008942e-05 -1.657219597743107755e-06 3.654625454930512203e-05 5.339264006239190187e-05 -1.645634832124937301e-05 3.951933151446205324e-05 -6.369203874691888078e-05 -4.606466666006692428e-05 -2.772701104069452303e-05 1.977204423627240042e-05 6.071185216627398304e-05 -1.236544563636336291e-05 -4.315968509945768551e-05 8.264070503552077736e-05 1.860829768642694999e-05 3.623292378787521710e-05 6.750538463178642080e-05 -4.575757466725413375e-05 1.251974734836798497e-05 -6.144940437857650956e-05 0.000000000000000000e+00 0.000000000000000000e+00 0.000000000000000000e+00 0.000000000000000000e+00 0.000000000000000000e+00 0.000000000000000000e+00 0.000000000000000000e+00 0.000000000000000000e+00 0.000000000000000000e+00 0.000000000000000000e+00 1.461835545625220223e-09 -8.531408224191419643e-11 -2.471081727450528606e-09 -8.324046066690050927e-11 1.204959783644363180e-09 2.009719905142308416e-11 1.022703422599510747e-11 -3.260246874445087151e-10 2.100726710640987704e-12 -2.619276898239292217e-11 1.725209164437670195e-10 2.252650904352448968e-10 2.076733390831732307e-10 0.000000000000000000e+00 0.000000000000000000e+00 0.000000000000000000e+00 0.000000000000000000e+00 0.000000000000000000e+00 0.000000000000000000e+00 0.000000000000000000e+00 0.000000000000000000e+00 0.000000000000000000e+00 0.000000000000000000e+00 0.000000000000000000e+00 0.000000000000000000e+00 0.000000000000000000e+00 0.000000000000000000e+00 0.000000000000000000e+00 0.000000000000000000e+00 0.000000000000000000e+00 0.000000000000000000e+00 0.000000000000000000e+00 0.000000000000000000e+00 0.000000000000000000e+00 0.000000000000000000e+00 0.000000000000000000e+00 0.000000000000000000e+00 0.000000000000000000e+00 0.000000000000000000e+00 0.000000000000000000e+00 0.000000000000000000e+00
2.039402039643982163e-05 -2.979342580612296364e-05 -1.394967917789922181e-05 4.361070859843895614e-05 2.945136878933717582e-05 -1.936202544070605557e-05 -9.057793062497866005e-07 -1.359135032506742988e-05 -1.068865047463348362e-05 -6.336414191445913224e-06 -5.874872866262455598e-05 5.701848260514447500e-06 -6.267277355212746287e-05 8.272650853388869869e-05 4.684480212485404686e-05 4.279941275479870466e-05 1.162908108269047631e-04 -8.662693404893023578e-05 1.293703286412079597e-05 -3.728515284144768866e-05 -3.475024735107002348e-05 -6.400777684796045679e-05 1.550507058212089893e-04 -2.515364889450965539e-04 4.439895027090690277e-04 1.987188322899284543e-05 1.271707362371560018e-04 1.156901848106211238e-04 -1.287589018364443654e-05 9.926478991719345397e-05 -1.337993538702288935e-04 -6.055170379831492557e-05 0.000000000000000000e+00 0.000000000000000000e+00 0.000000000000000000e+00 0.000000000000000000e+00 0.000000000000000000e+00 0.000000000000000000e+00 0.000000000000000000e+00 0.000000000000000000e+00 0.000000000000000000e+00 2.743782552289825150e-09 -2.363397409634732105e-10 -4.723487899644177035e-09 -1.396252822562227269e-10 2.392598618793789766e-09 -1.106900781970565628e-10 -1.623965504172347751e-10 1.885908746876441278e-12 2.237881407962660774e-11 -8.140703714430708171e-12 2.009021683822137527e-10 4.554604976590020948e-10 1.618369604994285282e-10 0.000000000000000000e+00 0.000000000000000000e+00 0.000000000000000000e+00 0.000000000000000000e+00 0.000000000000000000e+00 0.000000000000000000e+00 0.000000000000000000e+00 0.000000000000000000e+00 0.000000000000000000e+00 0.000000000000000000e+00 0.000000000000000000e+00 0.000000000000000000e+00 0.000000000000000000e+00 0.000000000000000000e+00 0.000000000000000000e+00 0.000000000000000000e+00 0.000000000000000000e+00 0.000000000000000000e+00 0.000000000000000000e+00 0.000000000000000000e+00 0.000000000000000000e+00 0.000000000000000000e+00 0.000000000000000000e+00 0.000000000000000000e+00 0.000000000000000000e+00 0.000000000000000000e+00 0.000000000000000000e+00 0.000000000000000000e+00
1.162085686360486442e-05 -1.689178101125886474e-05 -8.237801212146564529e-06 2.481168050599380330e-05 1.732795815333442986e-05 -1.035354413756101911e-05 1.900009958168504855e-06 -7.459918543655224416e-06 -5.590097774951904765e-06 -4.213633309217441197e-06 -3.108833216420155100e-05 -2.434117330685854532e-06 -4.289181321760759946e-05 4.758453031615306238e-05 1.835270572918040657e-05 3.391243348992828942e-05 7.000720162262687434e-05 -4.315045845285715763e-05 2.103957150072325059e-05 -1.849346113861472093e-05 -2.921181446986044006e-05 -6.018811664080142869e-05 1.104201010205656274e-04 -1.625259151308938678e-04 2.851793240738976967e-04 8.843892923671278685e-06 7.837990815303433030e-05 6.222147968547330800e-05 3.131037409918066648e-06 6.532536647873508342e-05 -7.633156585037828394e-05 -2.593424973708498803e-05 -1.592308069463981620e-05 0.000000000000000000e+00 0.000000000000000000e+00 0.000000000000000000e+00 0.000000000000000000e+00 0.000000000000000000e+00 0.000000000000000000e+00 0.000000000000000000e+00 0.000000000000000000e+00 1.512671048424681086e-09 -1.413376022121881626e-10 -2.615591158158098173e-09 -7.468041105223449660e-11 1.337345192594686927e-09 -8.168401643016826030e-11 -1.148511263849259778e-10 8.651943538776768472e-11 1.491804802519064443e-11 1.235937079676480144e-12 9.354266964972310361e-11 2.551027091391572243e-10 5.773034768329424193e-11 0.000000000000000000e+00 0.000000000000000000e+00 0.000000000000000000e+00 0.000000000000000000e+00 0.000000000000000000e+00 0.000000000000000000e+00 0.000000000000000000e+00 0.000000000000000000e+00 0.000000000000000000e+00 0.000000000000000000e+00 0.000000000000000000e+00 0.000000000000000000e+00 0.000000000000000000e+00 0.000000000000000000e+00 0.000000000000000000e+00 0.000000000000000000e+00 0.000000000000000000e+00 0.000000000000000000e+00 0.000000000000000000e+00 0.000000000000000000e+00 0.000000000000000000e+00 0.000000000000000000e+00 0.000000000000000000e+00 0.000000000000000000e+00 0.000000000000000000e+00 0.000000000000000000e+00 0.000000000000000000e+00 0.000000000000000000e+00
1.210870384471996082e-05 -1.751062444255483373e-05 -8.890506133994529291e-06 2.581245933084994277e-05 1.863525571398777243e-05 -1.006726472402297290e-05 4.544987200566725019e-06 -7.470632254589701371e-06 -5.293253647514035379e-06 -5.030835282030714315e-06 -2.985758484813177916e-05 -8.570014227553713216e-06 -5.231368995269855592e-05 5.005324027734716231e-05 1.026687108557317952e-05 4.544711741225190491e-05 7.691616074989468489e-05 -3.836452527491800418e-05 3.643517089924606153e-05 -1.634516451908050831e-05 -4.042984555382658383e-05 -8.789420897926513571e-05 1.384857814549317833e-04 -1.897273711128261197e-04 3.313202204593029593e-04 6.583399561900819472e-06 8.795096506299799038e-05 6.090622214452012101e-05 1.437385999713121322e-05 7.736987562213890751e-05 -7.963316295044416864e-05 -1.792771384564702860e-05 -2.386250411757291807e-05 -9.630707843315483921e-06 0.000000000000000000e+00 0.000000000000000000e+00 0.000000000000000000e+00 0.000000000000000000e+00 0.000000000000000000e+00 0.000000000000000000e+00 0.000000000000000000e+00 1.522195133558511965e-09 -1.540986069759227306e-10 -2.644931778531933037e-09 -7.264536249027703230e-11 1.365849886642532540e-09 -1.048947810122075053e-10 -1.433194540692919738e-10 1.808987195608090237e-10 1.783998133681602427e-11 7.525947204843619343e-12 7.523035314279877261e-11 2.611228550010100125e-10 2.350054303717694082e-11 0.000000000000000000e+00 0.000000000000000000e+00 0.000000000000000000e+00 0.000000000000000000e+00 0.000000000000000000e+00 0.000000000000000000e+00 0.000000000000000000e+00 0.000000000000000000e+00 0.000000000000000000e+00 0.000000000000000000e+00 0.000000000000000000e+00 0.000000000000000000e+00 0.000000000000000000e+00 0.000000000000000000e+00 0.000000000000000000e+00 0.000000000000000000e+00 0.000000000000000000e+00 0.000000000000000000e+00 0.000000000000000000e+00 0.000000000000000000e+00 0.000000000000000000e+00 0.000000000000000000e+00 0.000000000000000000e+00 0.000000000000000000e+00 0.000000000000000000e+00 0.000000000000000000e+00 0.000000000000000000e+00 0.000000000000000000e+00
7.218831328089210736e-06 -1.037231289796028324e-05 -5.528050404719059546e-06 1.535831592526965298e-05 1.153996520461108687e-05 -5.465862923358653144e-06 4.613984512292183945e-06 -4.229877114437493929e-06 -2.761549766716251113e-06 -3.474391149137223689e-06 -1.591996836225662753e-05 -9.588773231595062226e-06 -3.685023788398486414e-05 3.019555085094396529e-05 -4.500167027476486160e-07 3.460418189375790484e-05 4.881279784472872599e-05 -1.798285358266997827e-05 3.249203169849963291e-05 -7.580693104144423013e-06 -3.151928883060532813e-05 -7.109093280303300242e-05 9.995865378703173575e-05 -1.282444083259648784e-04 2.229000545929632308e-04 1.969080844896716398e-06 5.709706490293893857e-05 3.338967921815951456e-05 1.682537198343408871e-05 5.303468801367013205e-05 -4.754357763456077725e-05 -3.928129625902453386e-06 -1.962841275667844129e-05 -5.440621378547332672e-06 -7.457551533826957228e-06 0.000000000000000000e+00 0.000000000000000000e+00 0.000000000000000000e+00 0.000000000000000000e+00 0.000000000000000000e+00 0.000000000000000000e+00 8.674355708010970945e-10 -9.759926233084831315e-11 -1.516460899859744735e-09 -3.943450053263061750e-11 7.937789043958604768e-10 -7.722643461131536990e-11 -1.032657966570319635e-10 1.755021385380431398e-10 1.237600820436224325e-11 9.143939511818688359e-12 2.839598142127114366e-11 1.523321115244873764e-10 -1.330473678820033590e-11 0.000000000000000000e+00 0.000000000000000000e+00 0.000000000000000000e+00 0.000000000000000000e+00 0.000000000000000000e+00 0.000000000000000000e+00 0.000000000000000000e+00 0.000000000000000000e+00 0.000000000000000000e+00 0.000000000000000000e+00 0.000000000000000000e+00 0.000000000000000000e+00 0.000000000000000000e+00 0.000000000000000000e+00 0.000000000000000000e+00 0.000000000000000000e+00 0.000000000000000000e+00 0.000000000000000000e+00 0.000000000000000000e+00 0.000000000000000000e+00 0.000000000000000000e+00 0.000000000000000000e+00 0.000000000000000000e+00 0.000000000000000000e+00 0.000000000000000000e+00 0.000000000000000000e+00 0.000000000000000000e+00 0.000000000000000000e+00
4.089223789614448247e-06 -5.576209283749071868e-06 -4.144193782335399380e-06 8.566779805758708785e-06 8.450345100713466784e-06 -7.337321844022984317e-07 1.104206685787638271e-05 -1.404415664455910950e-06 1.710668965730543427e-07 -4.063023779206602207e-06 -7.118166482483440723e-07 -2.526027080521470769e-05 -4.597654378209221898e-05 1.869089538508893395e-05 -2.935908555306563684e-05 5.288871846705678255e-05 4.078129143985602791e-05 1.146874009021386771e-05 6.615361053706715286e-05 5.261960957007519443e-06 -5.071682185077634443e-05 -1.231326530735505330e-04 1.337700435921657268e-04 -1.397503976340572272e-04 2.387767386156662477e-04 -7.567402033229533040e-06 5.300902712145337840e-05 5.927918201838034795e-06 4.616991317612915329e-05 6.067946288781665199e-05 -2.720741710045361446e-05 2.778441648571957300e-05 -3.508787178084224939e-05 -1.742868836695346183e-06 -1.758839913158163163e-05 -1.973563198921972573e-05 0.000000000000000000e+00 0.000000000000000000e+00 0.000000000000000000e+00 0.000000000000000000e+00 0.000000000000000000e+00 5.560362892979820414e-11 5.474494965221365396e-11 -3.195567978118854860e-10 -1.243659066043332519e-11 1.777731431910922234e-10 -2.279333735373100661e-10 -1.260568756955647140e-10 8.249066729918027273e-10 3.287379761040144094e-12 4.611148821716953838e-11 -2.633928066294753331e-10 -1.869688928487112274e-10 -2.435056154246684548e-10 0.000000000000000000e+00 0.000000000000000000e+00 0.000000000000000000e+00 0.000000000000000000e+00 0.000000000000000000e+00 0.000000000000000000e+00 0.000000000000000000e+00 0.000000000000000000e+00 0.000000000000000000e+00 0.000000000000000000e+00 0.000000000000000000e+00 0.000000000000000000e+00 0.000000000000000000e+00 0.000000000000000000e+00 0.000000000000000000e+00 0.000000000000000000e+00 0.000000000000000000e+00 0.000000000000000000e+00 0.000000000000000000e+00 0.000000000000000000e+00 0.000000000000000000e+00 0.000000000000000000e+00 0.000000000000000000e+00 0.000000000000000000e+00 0.000000000000000000e+00 0.000000000000000000e+00 0.000000000000000000e+00 0.000000000000000000e+00
-2.862044961520740418e-06 4.518585477530294263e-06 8.152861104100336820e-07 -6.270689509618352590e-06 -1.975516065465406611e-06 5.385618604852946811e-06 9.638492867811143932e-06 3.025401867641410586e-06 3.458429796691529431e-06 -1.474974022953445124e-06 1.761635603217664298e-05 -2.317961851121003863e-05 -1.954466408555518382e-05 -9.809253485190466346e-06 -3.941741217646622204e-05 3.157233421542389278e-05 -1.478204673285225638e-06 3.658265064201596901e-05 5.207546540267809837e-05 1.600713784504664058e-05 -3.221652784977561230e-05 -8.454868119050812543e-05 6.532895099187598174e-05 -4.045863906276001096e-05 6.471492503663317996e-05 -1.259166069498234139e-05 5.483698060963445621e-06 -3.089772455277487329e-05 4.317242210125733434e-05 2.065793929532531905e-05 1.846730693402825378e-05 4.237954623240430124e-05 -2.482654028116944907e-05 3.977910098840425727e-06 -1.522377982766487219e-05 -3.816925202490214792e-06 -2.303043040092822352e-05 0.000000000000000000e+00 0.000000000000000000e+00 0.000000000000000000e+00 0.000000000000000000e+00 -3.429024899312752006e-10 -2.929905360210885434e-10 8.400085002580048865e-10 8.569870171577093076e-11 -1.224694961329125809e-10 4.498380823652475824e-11 -5.925244609739956092e-10 2.760088129187196482e-10 1.446246738904047313e-10 7.487303333754413703e-11 5.672562862144014950e-10 1.567383658735051200e-09 -1.036277128289766342e-09 0.000000000000000000e+00 0.000000000000000000e+00 0.000000000000000000e+00 0.000000000000000000e+00 0.000000000000000000e+00 0.000000000000000000e+00 0.000000000000000000e+00 0.000000000000000000e+00 0.000000000000000000e+00 0.000000000000000000e+00 0.000000000000000000e+00 0.000000000000000000e+00 0.000000000000000000e+00 0.000000000000000000e+00 0.000000000000000000e+00 0.000000000000000000e+00 0.000000000000000000e+00 0.000000000000000000e+00 0.000000000000000000e+00 0.000000000000000000e+00 0.000000000000000000e+00 0.000000000000000000e+00 0.000000000000000000e+00 0.000000000000000000e+00 0.000000000000000000e+00 0.000000000000000000e+00 0.000000000000000000e+00 0.000000000000000000e+00
-5.178394465438066786e-06 7.924022744876647959e-06 2.316890771703180793e-06 -1.123900649080189279e-05 -5.165483579202081489e-06 7.820517290938887485e-06 1.051077194134442984e-05 4.658527422735038361e-06 4.849028578544824913e-06 -9.623858239486584969e-07 2.507941979876677488e-05 -2.563638940708502442e-05 -1.464682709752403687e-05 -1.908442696079380978e-05 -4.735842983959512699e-05 2.966937365809314484e-05 -1.355295972760848285e-05 4.836644234579762268e-05 5.483156504746821043e-05 2.115595034288578983e-05 -3.121019160616338422e-05 -8.461353530950558276e-05 5.451032803635872878e-05 -1.781399111452425981e-05 2.423104248493456207e-05 -1.559256719852744003e-05 -7.114180335078372497e-06 -4.511313598691037152e-05 4.780451057439247600e-05 1.208112382799142112e-05 3.358312251492784296e-05 5.183186567020084531e-05 -2.510190141861068282e-05 6.082275134452412146e-06 -1.649126932554975189e-05 1.528860416824149790e-07 -2.594855852666830449e-05 -6.443157958496942110e-06 0.000000000000000000e+00 0.000000000000000000e+00 0.000000000000000000e+00 -6.087240790641004762e-10 -3.527953440995122703e-10 1.383408683777991727e-09 1.121232520891191076e-10 -3.373479019459606210e-10 7.492262517859449300e-11 -6.747064656108248126e-10 2.758282612730367234e-10 1.671116833779594246e-10 8.537241313194554593e-11 6.529449110299206938e-10 1.775449029819704122e-09 -1.208177830241789763e-09 0.000000000000000000e+00 0.000000000000000000e+00 0.000000000000000000e+00 0.000000000000000000e+00 0.000000000000000000e+00 0.000000000000000000e+00 0.000000000000000000e+00 0.000000000000000000e+00 0.000000000000000000e+00 0.000000000000000000e+00 0.000000000000000000e+00 0.000000000000000000e+00 0.000000000000000000e+00 0.000000000000000000e+00 0.000000000000000000e+00 0.000000000000000000e+00 0.000000000000000000e+00 0.000000000000000000e+00 0.000000000000000000e+00 0.000000000000000000e+00 0.000000000000000000e+00 0.000000000000000000e+00 0.000000000000000000e+00 0.000000000000000000e+00 0.000000000000000000e+00 0.000000000000000000e+00 0.000000000000000000e+00 0.000000000000000000e+00
-7.666559552028766322e-06 1.154524861116243070e-05 4.036787659498618924e-06 -1.656906753979257591e-05 -8.795968065235422462e-06 1.026120419699559118e-05 1.070048672356552037e-05 6.323604227259833378e-06 6.221749305616300005e-06 -2.546535598655025670e-07 3.241888824737830608e-05 -2.651345880134189752e-05 -7.023126960614104082e-06 -2.923850599991786262e-05 -5.324226037725632559e-05 2.451797773810201163e-05 -2.782185057578800188e-05 5.905445422216347006e-05 5.331199042274046250e-05 2.592114245750557454e-05 -2.710234231025618942e-05 -7.690594597910933253e-05 3.557617560767450601e-05 1.284542355978212681e-05 -2.985970177446842493e-05 -1.795494074600966806e-05 -2.255834730311464913e-05 -5.902722786673244345e-05 4.920206678373580285e-05 -3.769844179619258329e-08 4.974241100083923693e-05 5.901540810897395930e-05 -2.307558922929687020e-05 8.198870923200370781e-06 -1.655039920119927375e-05 5.219293622020135769e-06 -2.722374171829837312e-05 -5.832386156953521528e-06 -8.246764239587794226e-06 0.000000000000000000e+00 0.000000000000000000e+00 -7.194749030488972741e-10 -5.349631972215856957e-10 1.815032370602355505e-09 1.449262667339856758e-10 -4.494913289233154474e-10 1.804402221172382581e-10 -7.770047722637299370e-10 1.583410746269775515e-11 1.999905797607851032e-10 8.426796044812279174e-11 8.660695941875920512e-10 2.126242605918725326e-09 -1.336387460762478163e-09 0.000000000000000000e+00 0.000000000000000000e+00 0.000000000000000000e+00 0.000000000000000000e+00 0.000000000000000000e+00 0.000000000000000000e+00 0.000000000000000000e+00 0.000000000000000000e+00 0.000000000000000000e+00 0.000000000000000000e+00 0.000000000000000000e+00 0.000000000000000000e+00 0.000000000000000000e+00 0.000000000000000000e+00 0.000000000000000000e+00 0.000000000000000000e+00 0.000000000000000000e+00 0.000000000000000000e+00 0.000000000000000000e+00 0.000000000000000000e+00 0.000000000000000000e+00 0.000000000000000000e+00 0.000000000000000000e+00 0.000000000000000000e+00 0.000000000000000000e+00 0.000000000000000000e+00 0.000000000000000000e+00 0.000000000000000000e+00
-5.935700621828555144e-06 8.811927639061438965e-06 3.517683337151593717e-06 -1.279095361863679271e-05 -7.555289161336169873e-06 7.180227437675540739e-06 5.308451320544668121e-06 4.543670367314150103e-06 4.271797967231381714e-06 4.837791321053112187e-07 2.229105042102214182e-05 -1.351584950043816912e-05 3.717537494086814356e-06 -2.330994607183339926e-05 -3.081315114504594660e-05 6.898654873427974201e-06 -2.647285383478351593e-05 3.798498544842101969e-05 2.390639349269824826e-05 1.687188152514423022e-05 -9.142691324345874910e-06 -2.938804980694663654e-05 -6.864047867228173679e-07 3.445203109713628788e-05 -6.417177344780896579e-05 -1.064342405053639740e-05 -2.493040328512187041e-05 -4.068553428583974009e-05 2.446255304334641299e-05 -1.124638321210253344e-05 3.839430344464937056e-05 3.444361752058235299e-05 -8.987249803999873728e-06 5.821934395065320265e-06 -7.847351000023216911e-06 7.153496955929834929e-06 -1.399964628528678826e-05 -2.179776009881293289e-06 -3.882503646309744261e-06 -7.644855591208568960e-06 0.000000000000000000e+00 -4.117707836487870254e-10 -4.702921695739353813e-10 1.269211358841809689e-09 9.725211272144235197e-11 -3.169387547546920203e-10 1.906971016643263517e-10 -4.212726042573250451e-10 -2.777386173152297799e-10 1.135604711936973044e-10 3.141514408637122169e-11 5.467391775318235225e-10 1.134109409845190236e-09 -6.402912929677137543e-10 0.000000000000000000e+00 0.000000000000000000e+00 0.000000000000000000e+00 0.000000000000000000e+00 0.000000000000000000e+00 0.000000000000000000e+00 0.000000000000000000e+00 0.000000000000000000e+00 0.000000000000000000e+00 0.000000000000000000e+00 0.000000000000000000e+00 0.000000000000000000e+00 0.000000000000000000e+00 0.000000000000000000e+00 0.000000000000000000e+00 0.000000000000000000e+00 0.000000000000000000e+00 0.000000000000000000e+00 0.000000000000000000e+00 0.000000000000000000e+00 0.000000000000000000e+00 0.000000000000000000e+00 0.000000000000000000e+00 0.000000000000000000e+00 0.000000000000000000e+00 0.000000000000000000e+00 0.000000000000000000e+00 0.000000000000000000e+00
-9.465408396722852416e-06 1.363162569099463170e-05 6.903578209414147763e-06 -2.027742052162582461e-05 -1.450691951887853986e-05 8.961040827438263555e-06 -1.290447005135202240e-06 6.090492268140522633e-06 5.040435005420279836e-06 2.989843031315716364e-06 2.636814534447299777e-05 1.432162017204525626e-06 3.600234340482938536e-05 -3.939959838152997458e-05 -1.498584001506728718e-05 -2.868345979757752450e-05 -5.844593260457381470e-05 3.518807608846067573e-05 -1.893053413111449735e-05 1.646384592764020706e-05 2.428737863364077753e-05 5.218643008637786635e-05 -9.385721744643591769e-05 1.354538975917002179e-04 -2.372015799015836021e-04 -6.250641694227284956e-06 -6.426361502104376803e-05 -4.834430110508008174e-05 -5.828272712900031661e-06 -5.479330481559780661e-05 6.079213581251977598e-05 1.791026571178048590e-05 1.486482654952694261e-05 7.548419085719091268e-06 3.821375185734349230e-06 2.163091454778214113e-05 9.582882007060165418e-07 4.205045628905626769e-06 2.039250065812964988e-06 -1.785578592013042186e-05 -1.945705354333759701e-05 6.636655482120725489e-10 -1.535964567712738514e-09 8.008470855141791101e-10 1.681361235897788639e-10 3.378848256474983338e-10 8.530088725600489972e-10 -6.083860561021405238e-10 -2.493200750026372032e-09 2.085445366623793180e-10 -6.290145736370192386e-11 1.629721224771034350e-09 2.345136045304618453e-09 -3.099922873953721856e-10 0.000000000000000000e+00 0.000000000000000000e+00 0.000000000000000000e+00 0.000000000000000000e+00 0.000000000000000000e+00 0.000000000000000000e+00 0.000000000000000000e+00 0.000000000000000000e+00 0.000000000000000000e+00 0.000000000000000000e+00 0.000000000000000000e+00 0.000000000000000000e+00 0.000000000000000000e+00 0.000000000000000000e+00 0.000000000000000000e+00 0.000000000000000000e+00 0.000000000000000000e+00 0.000000000000000000e+00 0.000000000000000000e+00 0.000000000000000000e+00 0.000000000000000000e+00 0.000000000000000000e+00 0.000000000000000000e+00 0.000000000000000000e+00 0.000000000000000000e+00 0.000000000000000000e+00 0.000000000000000000e+00 0.000000000000000000e+00
-7.666648880181225947e-06 1.092386341426898567e-05 5.951376256555884585e-06 -1.639067812406351846e-05 -1.243393123486895594e-05 6.569639289747140941e-06 -3.750897235753856973e-06 4.612638170112568848e-06 3.593130227921116160e-06 3.035224031904817325e-06 1.881615717270101931e-05 7.535749846097786024e-06 3.751285065673225845e-05 -3.253631302630347424e-05 -2.664429939407955347e-06 -3.425051832328985277e-05 -5.185511255977531342e-05 2.146214072243254585e-05 -3.117108011788788640e-05 1.044740095363337617e-05 3.045911116606673640e-05 6.976805785537763403e-05 -1.017807096047913134e-04 1.320707697082937121e-04 -2.295754567055520489e-04 -2.082028169827078272e-06 -5.885362282789392808e-05 -3.455471788442891269e-05 -1.718159517497170902e-05 -5.461714066808110151e-05 4.911022743954587084e-05 4.216162676417423020e-06 2.015260603042279145e-05 5.630478088052096606e-06 7.634795976569177297e-06 2.035865019680725349e-05 7.247274949021416087e-06 5.540250922556202258e-06 3.939175571292507496e-06 -1.603432593423465545e-05 -1.253997241364791836e-05 -8.624433741997197768e-06 -1.229860875114193938e-09 6.321090019684519334e-10 1.144206274324675865e-10 2.054861813474348486e-10 6.887577913875734398e-10 -2.563052990873539161e-10 -2.143182512508818791e-09 1.087592269662009808e-10 -8.215641686924735065e-11 1.044949830846962288e-09 1.113163802617372217e-09 1.978617754664832584e-10 0.000000000000000000e+00 0.000000000000000000e+00 0.000000000000000000e+00 0.000000000000000000e+00 0.000000000000000000e+00 0.000000000000000000e+00 0.000000000000000000e+00 0.000000000000000000e+00 0.000000000000000000e+00 0.000000000000000000e+00 0.000000000000000000e+00 0.000000000000000000e+00 0.000000000000000000e+00 0.000000000000000000e+00 0.000000000000000000e+00 0.000000000000000000e+00 0.000000000000000000e+00 0.000000000000000000e+00 0.000000000000000000e+00 0.000000000000000000e+00 0.000000000000000000e+00 0.000000000000000000e+00 0.000000000000000000e+00 0.000000000000000000e+00 0.000000000000000000e+00 0.000000000000000000e+00 0.000000000000000000e+00 0.000000000000000000e+00
-1.143714826551594577e-07 1.143714826551594577e-07 0.000000000000000000e+00 0.000000000000000000e+00 0.000000000000000000e+00 0.000000000000000000e+00 0.000000000000000000e+00 0.000000000000000000e+00 0.000000000000000000e+00 0.000000000000000000e+00 0.000000000000000000e+00 0.000000000000000000e+00 0.000000000000000000e+00 0.000000000000000000e+00 0.000000000000000000e+00 0.000000000000000000e+00 0.000000000000000000e+00 0.000000000000000000e+00 0.000000000000000000e+00 0.000000000000000000e+00 0.000000000000000000e+00 0.000000000000000000e+00 0.000000000000000000e+00 0.000000000000000000e+00 0.000000000000000000e+00 0.000000000000000000e+00 0.000000000000000000e+00 0.000000000000000000e+00 0.000000000000000000e+00 0.000000000000000000e+00 0.000000000000000000e+00 0.000000000000000000e+00 0.000000000000000000e+00 0.000000000000000000e+00 0.000000000000000000e+00 0.000000000000000000e+00 0.000000000000000000e+00 0.000000000000000000e+00 0.000000000000000000e+00 0.000000000000000000e+00 0.000000000000000000e+00 2.850179459201439223e-05 -2.850179459201438885e-05 0.000000000000000000e+00 0.000000000000000000e+00 0.000000000000000000e+00 0.000000000000000000e+00 0.000000000000000000e+00 0.000000000000000000e+00 0.000000000000000000e+00 0.000000000000000000e+00 0.000000000000000000e+00 0.000000000000000000e+00 0.000000000000000000e+00 0.000000000000000000e+00 0.000000000000000000e+00 0.000000000000000000e+00 0.000000000000000000e+00 0.000000000000000000e+00 0.000000000000000000e+00 0.000000000000000000e+00 0.000000000000000000e+00 0.000000000000000000e+00 0.000000000000000000e+00 0.000000000000000000e+00 0.000000000000000000e+00 0.000000000000000000e+00 0.000000000000000000e+00 0.000000000000000000e+00 0.000000000000000000e+00 0.000000000000000000e+00 0.000000000000000000e+00 0.000000000000000000e+00 0.000000000000000000e+00 0.000000000000000000e+00 0.000000000000000000e+00 0.000000000000000000e+00 0.000000000000000000e+00 0.000000000000000000e+00 0.000000000000000000e+00 0.000000000000000000e+00 0.000000000000000000e+00
1.479608782900586686e-07 -1.479609063499698340e-07 2.805996537555421888e-14 0.000000000000000000e+00 0.000000000000000000e+00 0.000000000000000000e+00 0.000000000000000000e+00 0.000000000000000000e+00 0.000000000000000000e+00 0.000000000000000000e+00 0.000000000000000000e+00 0.000000000000000000e+00 0.000000000000000000e+00 0.000000000000000000e+00 0.000000000000000000e+00 0.000000000000000000e+00 0.000000000000000000e+00 0.000000000000000000e+00 0.000000000000000000e+00 0.000000000000000000e+00 0.000000000000000000e+00 0.000000000000000000e+00 0.000000000000000000e+00 0.000000000000000000e+00 0.000000000000000000e+00 0.000000000000000000e+00 0.000000000000000000e+00 0.000000000000000000e+00 0.000000000000000000e+00 0.000000000000000000e+00 0.000000000000000000e+00 0.000000000000000000e+00 0.000000000000000000e+00 0.000000000000000000e+00 0.000000000000000000e+00 0.000000000000000000e+00 0.000000000000000000e+00 0.000000000000000000e+00 0.000000000000000000e+00 0.000000000000000000e+00 0.000000000000000000e+00 -2.825584636531705725e-06 2.016179703433394429e-05 -1.733621239780226567e-05 0.000000000000000000e+00 0.000000000000000000e+00 0.000000000000000000e+00 0.000000000000000000e+00 0.000000000000000000e+00 0.000000000000000000e+00 0.000000000000000000e+00 0.000000000000000000e+00 0.000000000000000000e+00 0.000000000000000000e+00 0.000000000000000000e+00 0.000000000000000000e+00 0.000000000000000000e+00 0.000000000000000000e+00 0.000000000000000000e+00 0.000000000000000000e+00 0.000000000000000000e+00 0.000000000000000000e+00 0.000000000000000000e+00 0.000000000000000000e+00 0.000000000000000000e+00 0.000000000000000000e+00 0.000000000000000000e+00 0.000000000000000000e+00 0.000000000000000000e+00 0.000000000000000000e+00 0.000000000000000000e+00 0.000000000000000000e+00 0.000000000000000000e+00 0.000000000000000000e+00 0.000000000000000000e+00 0.000000000000000000e+00 0.000000000000000000e+00 0.000000000000000000e+00 0.000000000000000000e+00 0.000000000000000000e+00 0.000000000000000000e+00 0.000000000000000000e+00
1.736170213972052304e-07 -1.736170275737423767e-07 -8.911852508340298296e-08 8.911853125991302423e-08 0.000000000000000000e+00 0.000000000000000000e+00 0.000000000000000000e+00 0.000000000000000000e+00 0.000000000000000000e+00 0.000000000000000000e+00 0.000000000000000000e+00 0.000000000000000000e+00 0.000000000000000000e+00 0.000000000000000000e+00 0.000000000000000000e+00 0.000000000000000000e+00 0.000000000000000000e+00 0.000000000000000000e+00 0.000000000000000000e+00 0.000000000000000000e+00 0.000000000000000000e+00 0.000000000000000000e+00 0.000000000000000000e+00 0.000000000000000000e+00 0.000000000000000000e+00 0.000000000000000000e+00 0.000000000000000000e+00 0.000000000000000000e+00 0.000000000000000000e+00 0.000000000000000000e+00 0.000000000000000000e+00 0.000000000000000000e+00 0.000000000000000000e+00 0.000000000000000000e+00 0.000000000000000000e+00 0.000000000000000000e+00 0.000000000000000000e+00 0.000000000000000000e+00 0.000000000000000000e+00 0.000000000000000000e+00 0.000000000000000000e+00 -8.570007683771405744e-06 2.211258210375494928e-05 -9.674058589037419238e-06 -3.868515830946124296e-06 0.000000000000000000e+00 0.000000000000000000e+00 0.000000000000000000e+00 0.000000000000000000e+00 0.000000000000000000e+00 0.000000000000000000e+00 0.000000000000000000e+00 0.000000000000000000e+00 0.000000000000000000e+00 0.000000000000000000e+00 0.000000000000000000e+00 0.000000000000000000e+00 0.000000000000000000e+00 0.000000000000000000e+00 0.000000000000000000e+00 0.000000000000000000e+00 0.000000000000000000e+00 0.000000000000000000e+00 0.000000000000000000e+00 0.000000000000000000e+00 0.000000000000000000e+00 0.000000000000000000e+00 0.000000000000000000e+00 0.000000000000000000e+00 0.000000000000000000e+00 0.000000000000000000e+00 0.000000000000000000e+00 0.000000000000000000e+00 0.000000000000000000e+00 0.000000000000000000e+00 0.000000000000000000e+00 0.000000000000000000e+00 0.000000000000000000e+00 0.000000000000000000e+00 0.000000000000000000e+00 0.000000000000000000e+00 0.000000000000000000e+00
-1.570770879011449545e-07 1.570416177351695655e-07 3.141418003071300147e-08 -3.130720649727452426e-08 -7.150336751729838292e-11 0.000000000000000000e+00 0.000000000000000000e+00 0.000000000000000000e+00 0.000000000000000000e+00 0.000000000000000000e+00 0.000000000000000000e+00 0.000000000000000000e+00 0.000000000000000000e+00 0.000000000000000000e+00 0.000000000000000000e+00 0.000000000000000000e+00 0.000000000000000000e+00 0.000000000000000000e+00 0.000000000000000000e+00 0.000000000000000000e+00 0.000000000000000000e+00 0.000000000000000000e+00 0.000000000000000000e+00 0.000000000000000000e+00 0.000000000000000000e+00 0.000000000000000000e+00 0.000000000000000000e+00 0.000000000000000000e+00 0.000000000000000000e+00 0.000000000000000000e+00 0.000000000000000000e+00 0.000000000000000000e+00 0.000000000000000000e+00 0.000000000000000000e+00 0.000000000000000000e+00 0.000000000000000000e+00 0.000000000000000000e+00 0.000000000000000000e+00 0.000000000000000000e+00 0.000000000000000000e+00 0.000000000000000000e+00 -2.200035908110447008e-05 6.506549888646317482e-06 3.042301297281083073e-05 1.883006753943916416e-07 -1.511750445574701557e-05 0.000000000000000000e+00 0.000000000000000000e+00 0.000000000000000000e+00 0.000000000000000000e+00 0.000000000000000000e+00 0.000000000000000000e+00 0.000000000000000000e+00 0.000000000000000000e+00 0.000000000000000000e+00 0.000000000000000000e+00 0.000000000000000000e+00 0.000000000000000000e+00 0.000000000000000000e+00 0.000000000000000000e+00 0.000000000000000000e+00 0.000000000000000000e+00 0.000000000000000000e+00 0.000000000000000000e+00 0.000000000000000000e+00 0.000000000000000000e+00 0.000000000000000000e+00 0.000000000000000000e+00 0.000000000000000000e+00 0.000000000000000000e+00 0.000000000000000000e+00 0.000000000000000000e+00 0.000000000000000000e+00 0.000000000000000000e+00 0.000000000000000000e+00 0.000000000000000000e+00 0.000000000000000000e+00 0.000000000000000000e+00 0.000000000000000000e+00 0.000000000000000000e+00 0.000000000000000000e+00 0.000000000000000000e+00
-3.062481619281205020e-07 3.063470474958234629e-07 9.883448695026907094e-08 -9.916028000209360649e-08 2.273881439043834440e-10 -4.806598912290849235e-13 0.000000000000000000e+00 0.000000000000000000e+00 0.000000000000000000e+00 0.000000000000000000e+00 0.000000000000000000e+00 0.000000000000000000e+00 0.000000000000000000e+00 0.000000000000000000e+00 0.000000000000000000e+00 0.000000000000000000e+00 0.000000000000000000e+00 0.000000000000000000e+00 0.000000000000000000e+00 0.000000000000000000e+00 0.000000000000000000e+00 0.000000000000000000e+00 0.000000000000000000e+00 0.000000000000000000e+00 0.000000000000000000e+00 0.000000000000000000e+00 0.000000000000000000e+00 0.000000000000000000e+00 0.000000000000000000e+00 0.000000000000000000e+00 0.000000000000000000e+00 0.000000000000000000e+00 0.000000000000000000e+00 0.000000000000000000e+00 0.000000000000000000e+00 0.000000000000000000e+00 0.000000000000000000e+00 0.000000000000000000e+00 0.000000000000000000e+00 0.000000000000000000e+00 0.000000000000000000e+00 -1.982497643171726547e-05 -7.929622274272852579e-06 4.257818978231305874e-05 2.947559226917592125e-06 -7.116324827794590080e-06 -1.065482547544594275e-05 0.000000000000000000e+00 0.000000000000000000e+00 0.000000000000000000e+00 0.000000000000000000e+00 0.000000000000000000e+00 0.000000000000000000e+00 0.000000000000000000e+00 0.000000000000000000e+00 0.000000000000000000e+00 0.000000000000000000e+00 0.000000000000000000e+00 0.000000000000000000e+00 0.000000000000000000e+00 0.000000000000000000e+00 0.000000000000000000e+00 0.000000000000000000e+00 0.000000000000000000e+00 0.000000000000000000e+00 0.000000000000000000e+00 0.000000000000000000e+00 0.000000000000000000e+00 0.000000000000000000e+00 0.000000000000000000e+00 0.000000000000000000e+00 0.000000000000000000e+00 0.000000000000000000e+00 0.000000000000000000e+00 0.000000000000000000e+00 0.000000000000000000e+00 0.000000000000000000e+00 0.000000000000000000e+00 0.000000000000000000e+00 0.000000000000000000e+00 0.000000000000000000e+00 0.000000000000000000e+00
7.231062047622152655e-08 -7.204263594430375395e-08 3.413584916589409296e-08 -3.495280443647098140e-08 5.406444095038855091e-10 3.181622337550954471e-12 5.144706763469258926e-12 0.000000000000000000e+00 0.000000000000000000e+00 0.000000000000000000e+00 0.000000000000000000e+00 0.000000000000000000e+00 0.000000000000000000e+00 0.000000000000000000e+00 0.000000000000000000e+00 0.000000000000000000e+00 0.000000000000000000e+00 0.000000000000000000e+00 0.000000000000000000e+00 0.000000000000000000e+00 0.000000000000000000e+00 0.000000000000000000e+00 0.000000000000000000e+00 0.000000000000000000e+00 0.000000000000000000e+00 0.000000000000000000e+00 0.000000000000000000e+00 0.000000000000000000e+00 0.000000000000000000e+00 0.000000000000000000e+00 0.000000000000000000e+00 0.000000000000000000e+00 0.000000000000000000e+00 0.000000000000000000e+00 0.000000000000000000e+00 0.000000000000000000e+00 0.000000000000000000e+00 0.000000000000000000e+00 0.000000000000000000e+00 0.000000000000000000e+00 0.000000000000000000e+00 3.572872004265455008e-05 -2.601310110639687857e-05 -3.242924509648092285e-05 2.807500596366458486e-06 3.185123962147197408e-05 1.612672985766531336e-05 -2.807184391528049459e-05 0.000000000000000000e+00 0.000000000000000000e+00 0.000000000000000000e+00 0.000000000000000000e+00 0.000000000000000000e+00 0.000000000000000000e+00 0.000000000000000000e+00 0.000000000000000000e+00 0.000000000000000000e+00 0.000000000000000000e+00 0.000000000000000000e+00 0.000000000000000000e+00 0.000000000000000000e+00 0.000000000000000000e+00 0.000000000000000000e+00 0.000000000000000000e+00 0.000000000000000000e+00 0.000000000000000000e+00 0.000000000000000000e+00 0.000000000000000000e+00 0.000000000000000000e+00 0.000000000000000000e+00 0.000000000000000000e+00 0.000000000000000000e+00 0.000000000000000000e+00 0.000000000000000000e+00 0.000000000000000000e+00 0.000000000000000000e+00 0.000000000000000000e+00 0.000000000000000000e+00 0.000000000000000000e+00 0.000000000000000000e+00 0.000000000000000000e+00 0.000000000000000000e+00
1.739734626126428641e-07 -1.741660618241787101e-07 -8.529492572054717461e-08 8.593451623504968356e-08 -4.542576811396564079e-10 2.737568255851280385e-12 5.967233976909847026e-12 -1.438424059767642871e-12 0.000000000000000000e+00 0.000000000000000000e+00 0.000000000000000000e+00 0.000000000000000000e+00 0.000000000000000000e+00 0.000000000000000000e+00 0.000000000000000000e+00 0.000000000000000000e+00 0.000000000000000000e+00 0.000000000000000000e+00 0.000000000000000000e+00 0.000000000000000000e+00 0.000000000000000000e+00 0.000000000000000000e+00 0.000000000000000000e+00 0.000000000000000000e+00 0.000000000000000000e+00 0.000000000000000000e+00 0.000000000000000000e+00 0.000000000000000000e+00 0.000000000000000000e+00 0.000000000000000000e+00 0.000000000000000000e+00 0.000000000000000000e+00 0.000000000000000000e+00 0.000000000000000000e+00 0.000000000000000000e+00 0.000000000000000000e+00 0.000000000000000000e+00 0.000000000000000000e+00 0.000000000000000000e+00 0.000000000000000000e+00 0.000000000000000000e+00 -6.917383673333909284e-06 2.110612115643694482e-05 -1.138612010790786126e-05 -3.781690491755200240e-06 -1.375671167377933747e-05 -1.896372141960297152e-06 5.792587515469853191e-05 -4.129371822239887133e-05 0.000000000000000000e+00 0.000000000000000000e+00 0.000000000000000000e+00 0.000000000000000000e+00 0.000000000000000000e+00 0.000000000000000000e+00 0.000000000000000000e+00 0.000000000000000000e+00 0.000000000000000000e+00 0.000000000000000000e+00 0.000000000000000000e+00 0.000000000000000000e+00 0.000000000000000000e+00 0.000000000000000000e+00 0.000000000000000000e+00 0.000000000000000000e+00 0.000000000000000000e+00 0.000000000000000000e+00 0.000000000000000000e+00 0.000000000000000000e+00 0.000000000000000000e+00 0.000000000000000000e+00 0.000000000000000000e+00 0.000000000000000000e+00 0.000000000000000000e+00 0.000000000000000000e+00 0.000000000000000000e+00 0.000000000000000000e+00 0.000000000000000000e+00 0.000000000000000000e+00 0.000000000000000000e+00 0.000000000000000000e+00 0.000000000000000000e+00
1.117720519410136644e-07 -1.120199076420647913e-07 -8.095570320446748847e-08 8.175300897863180434e-08 -5.519589324037539949e-10 8.369274240652146979e-13 2.773667322837798654e-12 -1.050749073795882726e-12 -5.098635543713397889e-14 0.000000000000000000e+00 0.000000000000000000e+00 0.000000000000000000e+00 0.000000000000000000e+00 0.000000000000000000e+00 0.000000000000000000e+00 0.000000000000000000e+00 0.000000000000000000e+00 0.000000000000000000e+00 0.000000000000000000e+00 0.000000000000000000e+00 0.000000000000000000e+00 0.000000000000000000e+00 0.000000000000000000e+00 0.000000000000000000e+00 0.000000000000000000e+00 0.000000000000000000e+00 0.000000000000000000e+00 0.000000000000000000e+00 0.000000000000000000e+00 0.000000000000000000e+00 0.000000000000000000e+00 0.000000000000000000e+00 0.000000000000000000e+00 0.000000000000000000e+00 0.000000000000000000e+00 0.000000000000000000e+00 0.000000000000000000e+00 0.000000000000000000e+00 0.000000000000000000e+00 0.000000000000000000e+00 0.000000000000000000e+00 -1.807545398617422085e-05 2.594753904411182437e-05 2.349956593598903046e-06 -3.997028089717532357e-06 -2.215351067937582432e-05 -7.183381704305399668e-06 5.596932193111175209e-05 -1.832684696439115910e-05 -1.453059614485835676e-05 0.000000000000000000e+00 0.000000000000000000e+00 0.000000000000000000e+00 0.000000000000000000e+00 0.000000000000000000e+00 0.000000000000000000e+00 0.000000000000000000e+00 0.000000000000000000e+00 0.000000000000000000e+00 0.000000000000000000e+00 0.000000000000000000e+00 0.000000000000000000e+00 0.000000000000000000e+00 0.000000000000000000e+00 0.000000000000000000e+00 0.000000000000000000e+00 0.000000000000000000e+00 0.000000000000000000e+00 0.000000000000000000e+00 0.000000000000000000e+00 0.000000000000000000e+00 0.000000000000000000e+00 0.000000000000000000e+00 0.000000000000000000e+00 0.000000000000000000e+00 0.000000000000000000e+00 0.000000000000000000e+00 0.000000000000000000e+00 0.000000000000000000e+00 0.000000000000000000e+00 0.000000000000000000e+00 0.000000000000000000e+00
9.257463120378400887e-08 -9.287432845528321382e-08 -8.685022149453904255e-08 8.780448487464621345e-08 -6.550342265398013258e-10 1.809311164432947372e-14 1.519577351319703618e-12 -9.540517654322774876e-13 -8.824473270163668559e-14 -2.727601944221141883e-14 0.000000000000000000e+00 0.000000000000000000e+00 0.000000000000000000e+00 0.000000000000000000e+00 0.000000000000000000e+00 0.000000000000000000e+00 0.000000000000000000e+00 0.000000000000000000e+00 0.000000000000000000e+00 0.000000000000000000e+00 0.000000000000000000e+00 0.000000000000000000e+00 0.000000000000000000e+00 0.000000000000000000e+00 0.000000000000000000e+00 0.000000000000000000e+00 0.000000000000000000e+00 0.000000000000000000e+00 0.000000000000000000e+00 0.000000000000000000e+00 0.000000000000000000e+00 0.000000000000000000e+00 0.000000000000000000e+00 0.000000000000000000e+00 0.000000000000000000e+00 0.000000000000000000e+00 0.000000000000000000e+00 0.000000000000000000e+00 0.000000000000000000e+00 0.000000000000000000e+00 0.000000000000000000e+00 -2.534983673973814297e-05 3.091598086457806119e-05 9.313053876609225703e-06 -4.502586489371477631e-06 -2.848370713131792901e-05 -1.049193887592393757e-05 6.061349817570349963e-05 -8.912506476807595087e-06 -1.598509727752792835e-05 -7.116859926203762351e-06 0.000000000000000000e+00 0.000000000000000000e+00 0.000000000000000000e+00 0.000000000000000000e+00 0.000000000000000000e+00 0.000000000000000000e+00 0.000000000000000000e+00 0.000000000000000000e+00 0.000000000000000000e+00 0.000000000000000000e+00 0.000000000000000000e+00 0.000000000000000000e+00 0.000000000000000000e+00 0.000000000000000000e+00 0.000000000000000000e+00 0.000000000000000000e+00 0.000000000000000000e+00 0.000000000000000000e+00 0.000000000000000000e+00 0.000000000000000000e+00 0.000000000000000000e+00 0.000000000000000000e+00 0.000000000000000000e+00 0.000000000000000000e+00 0.000000000000000000e+00 0.000000000000000000e+00 0.000000000000000000e+00 0.000000000000000000e+00 0.000000000000000000e+00 0.000000000000000000e+00 0.000000000000000000e+00
-1.552817646707327186e-07 1.550479216049990838e-07 -6.669356919378546800e-09 7.383281310717037388e-09 -5.029330009094848397e-10 1.302218109820035830e-11 -8.996632648930469323e-13 1.966696879136808906e-12 5.947967324834019243e-12 2.584514741978127805e-12 2.299784711626284839e-13 0.000000000000000000e+00 0.000000000000000000e+00 0.000000000000000000e+00 0.000000000000000000e+00 0.000000000000000000e+00 0.000000000000000000e+00 0.000000000000000000e+00 0.000000000000000000e+00 0.000000000000000000e+00 0.000000000000000000e+00 0.000000000000000000e+00 0.000000000000000000e+00 0.000000000000000000e+00 0.000000000000000000e+00 0.000000000000000000e+00 0.000000000000000000e+00 0.000000000000000000e+00 0.000000000000000000e+00 0.000000000000000000e+00 0.000000000000000000e+00 0.000000000000000000e+00 0.000000000000000000e+00 0.000000000000000000e+00 0.000000000000000000e+00 0.000000000000000000e+00 0.000000000000000000e+00 0.000000000000000000e+00 0.000000000000000000e+00 0.000000000000000000e+00 0.000000000000000000e+00 -4.222494301777852412e-05 2.348010659488465124e-05 4.631080304119932888e-05 -1.855519413192349611e-06 -3.421821131671719338e-05 -1.961463078707425872e-05 9.570103416506727054e-06 7.095295559762034195e-05 -4.178384031868886267e-06 2.780508566179698722e-06 -5.100278864975961706e-05 0.000000000000000000e+00 0.000000000000000000e+00 0.000000000000000000e+00 0.000000000000000000e+00 0.000000000000000000e+00 0.000000000000000000e+00 0.000000000000000000e+00 0.000000000000000000e+00 0.000000000000000000e+00 0.000000000000000000e+00 0.000000000000000000e+00 0.000000000000000000e+00 0.000000000000000000e+00 0.000000000000000000e+00 0.000000000000000000e+00 0.000000000000000000e+00 0.000000000000000000e+00 0.000000000000000000e+00 0.000000000000000000e+00 0.000000000000000000e+00 0.000000000000000000e+00 0.000000000000000000e+00 0.000000000000000000e+00 0.000000000000000000e+00 0.000000000000000000e+00 0.000000000000000000e+00 0.000000000000000000e+00 0.000000000000000000e+00 0.000000000000000000e+00 0.000000000000000000e+00
-4.444186345191379964e-07 4.439950201403199473e-07 4.695400481293833528e-08 -4.569084129449341170e-08 -9.494987460124601486e-10 6.289497861324683248e-11 -1.676887686867523097e-12 9.764425379366059587e-12 2.002003142258235169e-11 1.044575125182245490e-11 8.410281802581631716e-12 9.102538601341025881e-14 0.000000000000000000e+00 0.000000000000000000e+00 0.000000000000000000e+00 0.000000000000000000e+00 0.000000000000000000e+00 0.000000000000000000e+00 0.000000000000000000e+00 0.000000000000000000e+00 0.000000000000000000e+00 0.000000000000000000e+00 0.000000000000000000e+00 0.000000000000000000e+00 0.000000000000000000e+00 0.000000000000000000e+00 0.000000000000000000e+00 0.000000000000000000e+00 0.000000000000000000e+00 0.000000000000000000e+00 0.000000000000000000e+00 0.000000000000000000e+00 0.000000000000000000e+00 0.000000000000000000e+00 0.000000000000000000e+00 0.000000000000000000e+00 0.000000000000000000e+00 0.000000000000000000e+00 0.000000000000000000e+00 0.000000000000000000e+00 0.000000000000000000e+00 -9.874336379634318824e-05 4.510756757406366238e-05 1.190737396063876663e-04 -2.366223466810767756e-06 -7.540154917068733753e-05 -4.661827889918001601e-05 -9.363224486274158813e-06 1.957335165035174913e-04 -2.000861881775524605e-06 1.157472281178241382e-05 -7.896502258448686619e-05 -5.803102221019348309e-05 0.000000000000000000e+00 0.000000000000000000e+00 0.000000000000000000e+00 0.000000000000000000e+00 0.000000000000000000e+00 0.000000000000000000e+00 0.000000000000000000e+00 0.000000000000000000e+00 0.000000000000000000e+00 0.000000000000000000e+00 0.000000000000000000e+00 0.000000000000000000e+00 0.000000000000000000e+00 0.000000000000000000e+00 0.000000000000000000e+00 0.000000000000000000e+00 0.000000000000000000e+00 0.000000000000000000e+00 0.000000000000000000e+00 0.000000000000000000e+00 0.000000000000000000e+00 0.000000000000000000e+00 0.000000000000000000e+00 0.000000000000000000e+00 0.000000000000000000e+00 0.000000000000000000e+00 0.000000000000000000e+00 0.000000000000000000e+00 0.000000000000000000e+00
-1.921366098712974299e-07 1.920307944551892868e-07 5.796670980522632133e-08 -5.772310428812021596e-08 -2.638359537354001416e-10 7.432612533254945308e-11 6.279546490000481596e-12 7.648078025924986978e-12 1.828703415909446739e-11 4.918059232431049033e-12 1.365267236286618613e-11 -5.456569441078529259e-13 1.479994132889267400e-12 0.000000000000000000e+00 0.000000000000000000e+00 0.000000000000000000e+00 0.000000000000000000e+00 0.000000000000000000e+00 0.000000000000000000e+00 0.000000000000000000e+00 0.000000000000000000e+00 0.000000000000000000e+00 0.000000000000000000e+00 0.000000000000000000e+00 0.000000000000000000e+00 0.000000000000000000e+00 0.000000000000000000e+00 0.000000000000000000e+00 0.000000000000000000e+00 0.000000000000000000e+00 0.000000000000000000e+00 0.000000000000000000e+00 0.000000000000000000e+00 0.000000000000000000e+00 0.000000000000000000e+00 0.000000000000000000e+00 0.000000000000000000e+00 0.000000000000000000e+00 0.000000000000000000e+00 0.000000000000000000e+00 0.000000000000000000e+00 -4.121112941555074051e-05 1.554299822109536352e-05 5.330650798147728393e-05 -3.276413036989458093e-07 -2.992764713793320645e-05 -1.970828394188043307e-05 -1.431245740780460671e-05 9.149140865977092169e-05 1.679289322384987671e-06 6.481645208093571309e-06 -2.069833915570892628e-05 1.986312993398225719e-05 -6.217948096422763488e-05 0.000000000000000000e+00 0.000000000000000000e+00 0.000000000000000000e+00 0.000000000000000000e+00 0.000000000000000000e+00 0.000000000000000000e+00 0.000000000000000000e+00 0.000000000000000000e+00 0.000000000000000000e+00 0.000000000000000000e+00 0.000000000000000000e+00 0.000000000000000000e+00 0.000000000000000000e+00 0.000000000000000000e+00 0.000000000000000000e+00 0.000000000000000000e+00 0.000000000000000000e+00 0.000000000000000000e+00 0.000000000000000000e+00 0.000000000000000000e+00 0.000000000000000000e+00 0.000000000000000000e+00 0.000000000000000000e+00 0.000000000000000000e+00 0.000000000000000000e+00 0.000000000000000000e+00 0.000000000000000000e+00 0.000000000000000000e+00
-2.136324565052373156e-07 2.136929877746330565e-07 1.415009684614817152e-07 -1.418666230531022074e-07 3.303362531431597304e-11 1.767196995293082717e-10 2.224248747424023565e-11 4.696782459484571959e-12 2.934715925134723236e-11 5.238624041937339770e-12 5.277446394388179973e-12 1.603647694237847476e-11 1.471809273848739830e-11 -2.187072083766755659e-12 0.000000000000000000e+00 0.000000000000000000e+00 0.000000000000000000e+00 0.000000000000000000e+00 0.000000000000000000e+00 0.000000000000000000e+00 0.000000000000000000e+00 0.000000000000000000e+00 0.000000000000000000e+00 0.000000000000000000e+00 0.000000000000000000e+00 0.000000000000000000e+00 0.000000000000000000e+00 0.000000000000000000e+00 0.000000000000000000e+00 0.000000000000000000e+00 0.000000000000000000e+00 0.000000000000000000e+00 0.000000000000000000e+00 0.000000000000000000e+00 0.000000000000000000e+00 0.000000000000000000e+00 0.000000000000000000e+00 0.000000000000000000e+00 0.000000000000000000e+00 0.000000000000000000e+00 0.000000000000000000e+00 -4.414805669197342016e-05 1.047006016247612912e-05 6.390308018692147582e-05 8.909821662247876389e-07 -2.916037998307253933e-05 -2.158746549652673652e-05 -3.485126977863424198e-05 1.164175906434216029e-04 6.503273115559832923e-06 1.003647639191414080e-05 4.445032645152913534e-07 1.024630232909302312e-04 -1.181230854414630211e-04 0.000000000000000000e+00 0.000000000000000000e+00 0.000000000000000000e+00 0.000000000000000000e+00 0.000000000000000000e+00 0.000000000000000000e+00 0.000000000000000000e+00 0.000000000000000000e+00 0.000000000000000000e+00 0.000000000000000000e+00 0.000000000000000000e+00 0.000000000000000000e+00 0.000000000000000000e+00 0.000000000000000000e+00 0.000000000000000000e+00 0.000000000000000000e+00 0.000000000000000000e+00 0.000000000000000000e+00 0.000000000000000000e+00 0.000000000000000000e+00 0.000000000000000000e+00 0.000000000000000000e+00 0.000000000000000000e+00 0.000000000000000000e+00 0.000000000000000000e+00 0.000000000000000000e+00 0.000000000000000000e+00 0.000000000000000000e+00
-9.230942765337955998e-10 1.082201973813447932e-09 6.134682922262068173e-08 -6.185460917696908962e-08 2.561781951122225204e-10 6.459447143429596430e-11 1.981048033001262323e-11 -3.951253237902303816e-12 3.545792796205184116e-12 -1.853571834323393397e-12 -3.328076071565204408e-11 3.124115939903693295e-11 1.809875488953220646e-11 -4.952027110312166858e-12 -7.589840011362238015e-13 0.000000000000000000e+00 0.000000000000000000e+00 0.000000000000000000e+00 0.000000000000000000e+00 0.000000000000000000e+00 0.000000000000000000e+00 0.000000000000000000e+00 0.000000000000000000e+00 0.000000000000000000e+00 0.000000000000000000e+00 0.000000000000000000e+00 0.000000000000000000e+00 0.000000000000000000e+00 0.000000000000000000e+00 0.000000000000000000e+00 0.000000000000000000e+00 0.000000000000000000e+00 0.000000000000000000e+00 0.000000000000000000e+00 0.000000000000000000e+00 0.000000000000000000e+00 0.000000000000000000e+00 0.000000000000000000e+00 0.000000000000000000e+00 0.000000000000000000e+00 0.000000000000000000e+00 1.674716915862976526e-06 -5.399095546850068126e-06 3.076957046547720061e-06 9.714692113179941146e-07 3.454228455579301386e-06 4.349066156379807931e-07 -1.447597793511670513e-05 1.049348655850441335e-05 3.557488884992615196e-06 2.121963851128049806e-06 1.814318443270931773e-05 6.105802849775265743e-05 -3.745353423708615786e-05 0.000000000000000000e+00 0.000000000000000000e+00 0.000000000000000000e+00 0.000000000000000000e+00 0.000000000000000000e+00 0.000000000000000000e+00 0.000000000000000000e+00 0.000000000000000000e+00 0.000000000000000000e+00 0.000000000000000000e+00 0.000000000000000000e+00 0.000000000000000000e+00 0.000000000000000000e+00 0.000000000000000000e+00 0.000000000000000000e+00 0.000000000000000000e+00 0.000000000000000000e+00 0.000000000000000000e+00 0.000000000000000000e+00 0.000000000000000000e+00 0.000000000000000000e+00 0.000000000000000000e+00 0.000000000000000000e+00 0.000000000000000000e+00 0.000000000000000000e+00 0.000000000000000000e+00 0.000000000000000000e+00 0.000000000000000000e+00
1.729238666449677692e-07 -1.725040960124887314e-07 6.407430504104744476e-08 -6.527010927269709557e-08 7.288138027111701334e-10 5.237463455011297231e-11 3.411547682807131165e-11 -1.707331105378455394e-11 -1.492509165302441376e-11 -9.527828938142579585e-12 -1.115569409038900256e-10 8.559016023050938782e-11 4.269078824172337083e-11 -1.327421600915389133e-11 -1.911674160984255799e-12 7.177994635308715399e-13 0.000000000000000000e+00 0.000000000000000000e+00 0.000000000000000000e+00 0.000000000000000000e+00 0.000000000000000000e+00 0.000000000000000000e+00 0.000000000000000000e+00 0.000000000000000000e+00 0.000000000000000000e+00 0.000000000000000000e+00 0.000000000000000000e+00 0.000000000000000000e+00 0.000000000000000000e+00 0.000000000000000000e+00 0.000000000000000000e+00 0.000000000000000000e+00 0.000000000000000000e+00 0.000000000000000000e+00 0.000000000000000000e+00 0.000000000000000000e+00 0.000000000000000000e+00 0.000000000000000000e+00 0.000000000000000000e+00 0.000000000000000000e+00 0.000000000000000000e+00 4.223670439553747031e-05 -2.507503585033740105e-05 -4.457590584451022724e-05 2.174219732303637890e-06 3.496834902679609326e-05 1.949712706483222764e-05 -1.425441351807452150e-05 -6.645631156882613388e-05 5.243337738066941589e-06 -2.060167190551378614e-06 5.437189630063391692e-05 9.784447812475764771e-05 -1.367212898268778507e-05 0.000000000000000000e+00 0.000000000000000000e+00 0.000000000000000000e+00 0.000000000000000000e+00 0.000000000000000000e+00 0.000000000000000000e+00 0.000000000000000000e+00 0.000000000000000000e+00 0.000000000000000000e+00 0.000000000000000000e+00 0.000000000000000000e+00 0.000000000000000000e+00 0.000000000000000000e+00 0.000000000000000000e+00 0.000000000000000000e+00 0.000000000000000000e+00 0.000000000000000000e+00 0.000000000000000000e+00 0.000000000000000000e+00 0.000000000000000000e+00 0.000000000000000000e+00 0.000000000000000000e+00 0.000000000000000000e+00 0.000000000000000000e+00 0.000000000000000000e+00 0.000000000000000000e+00 0.000000000000000000e+00 0.000000000000000000e+00
1.287562064922372074e-07 -1.285579316495936899e-07 -9.662962610108719388e-09 9.193332904270995129e-09 3.326608562182961637e-10 -2.623561199018020762e-11 7.507041863141772353e-12 -9.678471267699287339e-12 -1.562877794845582424e-11 -6.018732089324921319e-12 -6.300295718074042095e-11 3.635485312856838458e-11 7.615524367805132089e-12 3.606251826023323948e-12 2.880642366353061701e-12 6.308425461697131365e-13 6.634014084599959560e-13 0.000000000000000000e+00 0.000000000000000000e+00 0.000000000000000000e+00 0.000000000000000000e+00 0.000000000000000000e+00 0.000000000000000000e+00 0.000000000000000000e+00 0.000000000000000000e+00 0.000000000000000000e+00 0.000000000000000000e+00 0.000000000000000000e+00 0.000000000000000000e+00 0.000000000000000000e+00 0.000000000000000000e+00 0.000000000000000000e+00 0.000000000000000000e+00 0.000000000000000000e+00 0.000000000000000000e+00 0.000000000000000000e+00 0.000000000000000000e+00 0.000000000000000000e+00 0.000000000000000000e+00 0.000000000000000000e+00 0.000000000000000000e+00 3.094613695367210175e-05 -1.436577994557656363e-05 -3.706656419360553133e-05 7.881300536899242017e-07 2.374181420034562852e-05 1.459313460566054863e-05 2.143475532833836669e-06 -6.057600200264380281e-05 8.189696850769768218e-07 -3.500370618967268760e-06 2.561034652853754791e-05 2.077405112639254961e-05 2.290922423206715255e-05 0.000000000000000000e+00 0.000000000000000000e+00 0.000000000000000000e+00 0.000000000000000000e+00 0.000000000000000000e+00 0.000000000000000000e+00 0.000000000000000000e+00 0.000000000000000000e+00 0.000000000000000000e+00 0.000000000000000000e+00 0.000000000000000000e+00 0.000000000000000000e+00 0.000000000000000000e+00 0.000000000000000000e+00 0.000000000000000000e+00 0.000000000000000000e+00 0.000000000000000000e+00 0.000000000000000000e+00 0.000000000000000000e+00 0.000000000000000000e+00 0.000000000000000000e+00 0.000000000000000000e+00 0.000000000000000000e+00 0.000000000000000000e+00 0.000000000000000000e+00 0.000000000000000000e+00 0.000000000000000000e+00 0.000000000000000000e+00
2.394503326547613685e-07 -2.392263251707041002e-07 -8.833988680812757815e-08 8.797736654637955400e-08 3.711770543159652325e-10 -1.233059430385749500e-10 -1.456695896719095717e-11 -1.599978271616189773e-11 -3.544189177166409688e-11 -9.714197870581975369e-12 -9.554530327722868255e-11 3.809237409009569308e-11 -1.316004044019797314e-11 2.532448908779474928e-11 1.364251550270423330e-11 -1.511268974546675636e-12 -1.659916724471716121e-12 1.181648474814916971e-12 0.000000000000000000e+00 0.000000000000000000e+00 0.000000000000000000e+00 0.000000000000000000e+00 0.000000000000000000e+00 0.000000000000000000e+00 0.000000000000000000e+00 0.000000000000000000e+00 0.000000000000000000e+00 0.000000000000000000e+00 0.000000000000000000e+00 0.000000000000000000e+00 0.000000000000000000e+00 0.000000000000000000e+00 0.000000000000000000e+00 0.000000000000000000e+00 0.000000000000000000e+00 0.000000000000000000e+00 0.000000000000000000e+00 0.000000000000000000e+00 0.000000000000000000e+00 0.000000000000000000e+00 0.000000000000000000e+00 5.739277043037273275e-05 -2.181070072821767510e-05 -7.405892624281855668e-05 4.910868550937882646e-07 4.176675408114284473e-05 2.743612664883777899e-05 1.912462342113641208e-05 -1.266550585693286806e-04 -2.113678599602222385e-06 -8.886077302593196198e-06 3.052562309809704133e-05 -2.217907138121766059e-05 8.193151478678328175e-05 0.000000000000000000e+00 0.000000000000000000e+00 0.000000000000000000e+00 0.000000000000000000e+00 0.000000000000000000e+00 0.000000000000000000e+00 0.000000000000000000e+00 0.000000000000000000e+00 0.000000000000000000e+00 0.000000000000000000e+00 0.000000000000000000e+00 0.000000000000000000e+00 0.000000000000000000e+00 0.000000000000000000e+00 0.000000000000000000e+00 0.000000000000000000e+00 0.000000000000000000e+00 0.000000000000000000e+00 0.000000000000000000e+00 0.000000000000000000e+00 0.000000000000000000e+00 0.000000000000000000e+00 0.000000000000000000e+00 0.000000000000000000e+00 0.000000000000000000e+00 0.000000000000000000e+00 0.000000000000000000e+00 0.000000000000000000e+00
5.530094962883649271e-08 -5.535212257577921957e-08 -5.938195010620752820e-08 5.959865882220242127e-08 -5.403007259804047668e-11 -7.273509564282611140e-11 -1.700310256632329986e-11 -1.000454345832357123e-11 -1.493915719754344840e-11 1.846055860260653603e-13 -1.109902786539974928e-11 -4.880363081434350991e-12 4.868556648324542935e-12 1.230019176247897084e-11 -9.292263681605350545e-13 6.241333269435198061e-12 -9.496207571918317825e-12 6.043630588928143588e-12 -5.729057094179534904e-14 0.000000000000000000e+00 0.000000000000000000e+00 0.000000000000000000e+00 0.000000000000000000e+00 0.000000000000000000e+00 0.000000000000000000e+00 0.000000000000000000e+00 0.000000000000000000e+00 0.000000000000000000e+00 0.000000000000000000e+00 0.000000000000000000e+00 0.000000000000000000e+00 0.000000000000000000e+00 0.000000000000000000e+00 0.000000000000000000e+00 0.000000000000000000e+00 0.000000000000000000e+00 0.000000000000000000e+00 0.000000000000000000e+00 0.000000000000000000e+00 0.000000000000000000e+00 0.000000000000000000e+00 1.290842807320092937e-05 -2.255491266778475922e-06 -1.957194574476388109e-05 -4.218326529894058426e-07 8.151901622482359846e-06 6.374667554576046746e-06 1.259028167490766842e-05 -3.632364851159912856e-05 -2.458861949828958335e-06 -3.307380504042825445e-06 -2.277473961194420842e-06 -3.759082942361252578e-05 3.997330852200493227e-05 0.000000000000000000e+00 0.000000000000000000e+00 0.000000000000000000e+00 0.000000000000000000e+00 0.000000000000000000e+00 0.000000000000000000e+00 0.000000000000000000e+00 0.000000000000000000e+00 0.000000000000000000e+00 0.000000000000000000e+00 0.000000000000000000e+00 0.000000000000000000e+00 0.000000000000000000e+00 0.000000000000000000e+00 0.000000000000000000e+00 0.000000000000000000e+00 0.000000000000000000e+00 0.000000000000000000e+00 0.000000000000000000e+00 0.000000000000000000e+00 0.000000000000000000e+00 0.000000000000000000e+00 0.000000000000000000e+00 0.000000000000000000e+00 0.000000000000000000e+00 0.000000000000000000e+00 0.000000000000000000e+00 0.000000000000000000e+00
-1.590303702981373142e-07 1.587639330322783079e-07 1.813336673043208433e-08 -1.757424891751140431e-08 -3.922902175085458965e-10 3.271431124043586158e-11 -8.988640994717078669e-13 7.089001748897955091e-12 1.537253522176582066e-11 9.464650200727287022e-12 6.626220552070558045e-11 -3.126678072267602415e-11 1.723701118904602536e-11 -1.022818353450805073e-11 -1.674928940117656473e-11 1.185647348529716982e-11 -6.882211597489251709e-12 5.500064704892781986e-12 3.638039847674023886e-13 -2.250574943421512764e-13 0.000000000000000000e+00 0.000000000000000000e+00 0.000000000000000000e+00 0.000000000000000000e+00 0.000000000000000000e+00 0.000000000000000000e+00 0.000000000000000000e+00 0.000000000000000000e+00 0.000000000000000000e+00 0.000000000000000000e+00 0.000000000000000000e+00 0.000000000000000000e+00 0.000000000000000000e+00 0.000000000000000000e+00 0.000000000000000000e+00 0.000000000000000000e+00 0.000000000000000000e+00 0.000000000000000000e+00 0.000000000000000000e+00 0.000000000000000000e+00 0.000000000000000000e+00 -3.862495626694194880e-05 1.744027269974253013e-05 4.680312571391068198e-05 -8.852334974994414095e-07 -2.940315465278922147e-05 -1.825181396161067648e-05 -4.232936625469467095e-06 7.706868045104068882e-05 -6.437561257333014771e-07 4.616569379096535468e-06 -3.004670139129621536e-05 -1.892497134363857643e-05 -3.265661037438389626e-05 0.000000000000000000e+00 0.000000000000000000e+00 0.000000000000000000e+00 0.000000000000000000e+00 0.000000000000000000e+00 0.000000000000000000e+00 0.000000000000000000e+00 0.000000000000000000e+00 0.000000000000000000e+00 0.000000000000000000e+00 0.000000000000000000e+00 0.000000000000000000e+00 0.000000000000000000e+00 0.000000000000000000e+00 0.000000000000000000e+00 0.000000000000000000e+00 0.000000000000000000e+00 0.000000000000000000e+00 0.000000000000000000e+00 0.000000000000000000e+00 0.000000000000000000e+00 0.000000000000000000e+00 0.000000000000000000e+00 0.000000000000000000e+00 0.000000000000000000e+00 0.000000000000000000e+00 0.000000000000000000e+00 0.000000000000000000e+00
-2.285999918061418917e-07 2.282557680480289466e-07 4.019507652603835843e-08 -3.950230484958770077e-08 -5.140849145576602275e-10 6.436839803574193053e-11 3.746880789575607329e-12 1.267252741545682460e-11 2.509325337579290660e-11 1.274589559330935318e-11 9.370740592989576512e-11 -4.126932346207312641e-11 2.267451027285205534e-11 -1.891823752774718370e-11 -2.502897308897036877e-11 1.368110767903385483e-11 -1.279007021820488532e-11 1.169079514185683566e-11 1.472557807028623822e-12 1.636067366653226607e-12 5.420121816646084056e-14 0.000000000000000000e+00 0.000000000000000000e+00 0.000000000000000000e+00 0.000000000000000000e+00 0.000000000000000000e+00 0.000000000000000000e+00 0.000000000000000000e+00 0.000000000000000000e+00 0.000000000000000000e+00 0.000000000000000000e+00 0.000000000000000000e+00 0.000000000000000000e+00 0.000000000000000000e+00 0.000000000000000000e+00 0.000000000000000000e+00 0.000000000000000000e+00 0.000000000000000000e+00 0.000000000000000000e+00 0.000000000000000000e+00 0.000000000000000000e+00 -5.537195390636662521e-05 2.404793385994339044e-05 6.814550828214676476e-05 -1.077406277520025560e-06 -4.170455197242208022e-05 -2.623883313916181492e-05 -9.052205734685642852e-06 1.133054699519801768e-04 -2.088824570359608043e-07 7.089361235501092338e-06 -3.978623697490951856e-05 -1.540952558616554653e-05 -5.457304155456158424e-05 0.000000000000000000e+00 0.000000000000000000e+00 0.000000000000000000e+00 0.000000000000000000e+00 0.000000000000000000e+00 0.000000000000000000e+00 0.000000000000000000e+00 0.000000000000000000e+00 0.000000000000000000e+00 0.000000000000000000e+00 0.000000000000000000e+00 0.000000000000000000e+00 0.000000000000000000e+00 0.000000000000000000e+00 0.000000000000000000e+00 0.000000000000000000e+00 0.000000000000000000e+00 0.000000000000000000e+00 0.000000000000000000e+00 0.000000000000000000e+00 0.000000000000000000e+00 0.000000000000000000e+00 0.000000000000000000e+00 0.000000000000000000e+00 0.000000000000000000e+00 0.000000000000000000e+00 0.000000000000000000e+00 0.000000000000000000e+00
-1.944715840625091743e-07 1.942610637011661298e-07 5.760290407397184939e-08 -5.725466350765123780e-08 -4.063749966414821613e-10 1.206420474587563407e-10 1.057442772667976927e-11 3.805503514305724755e-11 4.848444361922263357e-11 1.800465695587713522e-11 1.914830023057659258e-10 -3.288341745167483454e-11 1.638375270412821549e-10 -1.875415125930299243e-10 -8.665182189403902724e-11 -1.065207752733166036e-10 -2.416479732785491163e-10 1.459310699624544183e-10 -7.949338209174358627e-11 7.691081425160659069e-11 9.905692471791002762e-11 9.041372495523572472e-11 0.000000000000000000e+00 0.000000000000000000e+00 0.000000000000000000e+00 0.000000000000000000e+00 0.000000000000000000e+00 0.000000000000000000e+00 0.000000000000000000e+00 0.000000000000000000e+00 0.000000000000000000e+00 0.000000000000000000e+00 0.000000000000000000e+00 0.000000000000000000e+00 0.000000000000000000e+00 0.000000000000000000e+00 0.000000000000000000e+00 0.000000000000000000e+00 0.000000000000000000e+00 0.000000000000000000e+00 0.000000000000000000e+00 -4.671945601643384032e-05 1.866830880850855459e-05 5.928089946293809255e-05 -5.831501335779509451e-07 -3.442684210023139613e-05 -2.226336613285299915e-05 -1.270755087088768203e-05 1.003917494708148040e-04 1.037090776571979525e-06 6.782082211169177671e-06 -2.799911084639994429e-05 6.839601106981810404e-06 -5.920762945291213348e-05 0.000000000000000000e+00 0.000000000000000000e+00 0.000000000000000000e+00 0.000000000000000000e+00 0.000000000000000000e+00 0.000000000000000000e+00 0.000000000000000000e+00 0.000000000000000000e+00 0.000000000000000000e+00 0.000000000000000000e+00 0.000000000000000000e+00 0.000000000000000000e+00 0.000000000000000000e+00 0.000000000000000000e+00 0.000000000000000000e+00 0.000000000000000000e+00 0.000000000000000000e+00 0.000000000000000000e+00 0.000000000000000000e+00 0.000000000000000000e+00 0.000000000000000000e+00 0.000000000000000000e+00 0.000000000000000000e+00 0.000000000000000000e+00 0.000000000000000000e+00 0.000000000000000000e+00 0.000000000000000000e+00 0.000000000000000000e+00
1.830188346420790445e-07 -1.827319592279216982e-07 -2.306763393001469778e-08 2.249109285520477924e-08 5.431175580886821175e-10 -7.864993086057620042e-11 5.808412290638637065e-11 -3.280866528974912821e-11 -3.730994875029980395e-11 -3.475837358820482725e-11 -1.619085047781763931e-10 -9.830029688460625859e-11 -3.747120471439373268e-10 2.225943745190299417e-10 -9.496811551133049756e-11 3.596771795872678867e-10 4.131815997741698776e-10 -4.945209362448507728e-11 4.324937411242374408e-10 -3.156588038915122962e-11 -3.468105107566274437e-10 -8.102714542618065507e-10 4.120329064375392869e-10 0.000000000000000000e+00 0.000000000000000000e+00 0.000000000000000000e+00 0.000000000000000000e+00 0.000000000000000000e+00 0.000000000000000000e+00 0.000000000000000000e+00 0.000000000000000000e+00 0.000000000000000000e+00 0.000000000000000000e+00 0.000000000000000000e+00 0.000000000000000000e+00 0.000000000000000000e+00 0.000000000000000000e+00 0.000000000000000000e+00 0.000000000000000000e+00 0.000000000000000000e+00 0.000000000000000000e+00 4.457555590723190830e-05 -2.002603010792540408e-05 -5.412509146253679116e-05 1.001466210533651612e-06 3.388657813252021712e-05 2.107167355120623947e-05 5.204668479425378271e-06 -8.924692706595955486e-05 6.667420140885971583e-07 -5.378245408568034687e-06 3.429893049929083485e-05 2.047234002297885179e-05 3.853653966883949494e-05 0.000000000000000000e+00 0.000000000000000000e+00 0.000000000000000000e+00 0.000000000000000000e+00 0.000000000000000000e+00 0.000000000000000000e+00 0.000000000000000000e+00 0.000000000000000000e+00 0.000000000000000000e+00 0.000000000000000000e+00 0.000000000000000000e+00 0.000000000000000000e+00 0.000000000000000000e+00 0.000000000000000000e+00 0.000000000000000000e+00 0.000000000000000000e+00 0.000000000000000000e+00 0.000000000000000000e+00 0.000000000000000000e+00 0.000000000000000000e+00 0.000000000000000000e+00 0.000000000000000000e+00 0.000000000000000000e+00 0.000000000000000000e+00 0.000000000000000000e+00 0.000000000000000000e+00 0.000000000000000000e+00 0.000000000000000000e+00
2.077734532431908809e-07 -2.075074299912613510e-07 -7.441369636381357094e-08 4.682643069619466664e-08 4.752767151399491657e-08 -1.015722596710375708e-08 3.992347955591828146e-08 -1.607056432481775154e-08 2.425413773575642307e-09 5.505537406828506231e-09 -1.133188214230826038e-07 1.063267848968197510e-07 -1.483781544769696356e-07 8.655558153861878795e-08 1.407277388418802511e-07 1.361105537501551555e-08 9.652394426166825692e-09 -1.170419227150814451e-07 2.263716438160711525e-08 -1.398833532682657033e-07 7.163494082044075811e-08 1.194552594670911239e-07 -9.393307974720280229e-08 1.213423401471777630e-10 0.000000000000000000e+00 0.000000000000000000e+00 0.000000000000000000e+00 0.000000000000000000e+00 0.000000000000000000e+00 0.000000000000000000e+00 0.000000000000000000e+00 0.000000000000000000e+00 0.000000000000000000e+00 0.000000000000000000e+00 0.000000000000000000e+00 0.000000000000000000e+00 0.000000000000000000e+00 0.000000000000000000e+00 0.000000000000000000e+00 0.000000000000000000e+00 0.000000000000000000e+00 5.156383521130627860e-05 -2.132694647070671867e-05 -6.463227414851054758e-05 7.885962337408122108e-07 3.833410550689239638e-05 2.451596998101360572e-05 1.173834875572922661e-05 -1.086201165355191092e-04 -6.029080069421422633e-07 -7.125916153679690869e-06 3.348702389156582235e-05 1.771003607938621480e-06 5.933839087224562856e-05 0.000000000000000000e+00 0.000000000000000000e+00 0.000000000000000000e+00 0.000000000000000000e+00 0.000000000000000000e+00 0.000000000000000000e+00 0.000000000000000000e+00 0.000000000000000000e+00 0.000000000000000000e+00 0.000000000000000000e+00 0.000000000000000000e+00 0.000000000000000000e+00 0.000000000000000000e+00 0.000000000000000000e+00 0.000000000000000000e+00 0.000000000000000000e+00 0.000000000000000000e+00 0.000000000000000000e+00 0.000000000000000000e+00 0.000000000000000000e+00 0.000000000000000000e+00 0.000000000000000000e+00 0.000000000000000000e+00 0.000000000000000000e+00 0.000000000000000000e+00 0.000000000000000000e+00 0.000000000000000000e+00 0.000000000000000000e+00
1.815039322910008690e-07 -1.812913268775832518e-07 -7.513253516067738141e-08 4.881398954926369216e-08 5.005866082492382158e-08 -1.475452501267706523e-08 3.938320770652432856e-08 -1.133133028597202441e-08 7.779246684867270611e-09 -8.899005358563999435e-10 -9.712031367385513814e-08 8.266153737630094200e-08 -1.420061273681031203e-07 8.657394393431563917e-08 1.333511441313842139e-07 1.008039804992026667e-08 1.647838276778740979e-08 -1.104997476611109877e-07 1.292368840308082134e-08 -1.167590782717936940e-07 5.053013504927733601e-08 1.231619364998933625e-07 -9.358059668731870395e-08 6.478672188569428725e-11 4.915444136791013996e-13 0.000000000000000000e+00 0.000000000000000000e+00 0.000000000000000000e+00 0.000000000000000000e+00 0.000000000000000000e+00 0.000000000000000000e+00 0.000000000000000000e+00 0.000000000000000000e+00 0.000000000000000000e+00 0.000000000000000000e+00 0.000000000000000000e+00 0.000000000000000000e+00 0.000000000000000000e+00 0.000000000000000000e+00 0.000000000000000000e+00 0.000000000000000000e+00 4.498420076806339003e-05 -1.796572403333230716e-05 -5.708877445922836205e-05 5.593124522475798402e-07 3.314194018437006820e-05 2.143677141957611547e-05 1.224036833601170691e-05 -9.665007243249564787e-05 -1.004112630451818935e-06 -6.532187314005084150e-06 2.703212326049943097e-05 -6.213666521476279327e-06 5.695258921908550286e-05 0.000000000000000000e+00 0.000000000000000000e+00 0.000000000000000000e+00 0.000000000000000000e+00 0.000000000000000000e+00 0.000000000000000000e+00 0.000000000000000000e+00 0.000000000000000000e+00 0.000000000000000000e+00 0.000000000000000000e+00 0.000000000000000000e+00 0.000000000000000000e+00 0.000000000000000000e+00 0.000000000000000000e+00 0.000000000000000000e+00 0.000000000000000000e+00 0.000000000000000000e+00 0.000000000000000000e+00 0.000000000000000000e+00 0.000000000000000000e+00 0.000000000000000000e+00 0.000000000000000000e+00 0.000000000000000000e+00 0.000000000000000000e+00 0.000000000000000000e+00 0.000000000000000000e+00 0.000000000000000000e+00 0.000000000000000000e+00
1.099680054292674972e-07 -1.098910843125473769e-07 -7.182974834043674359e-08 5.019142421878964797e-08 5.241557484803125583e-08 -2.421113612079226624e-08 3.544170246438113972e-08 1.818658387948979271e-10 1.936101736907652054e-08 -1.530936552670506684e-08 -5.385803438434167215e-08 2.344985039026518947e-08 -1.178719568274331185e-07 8.076567474074548489e-08 1.076346698338902924e-07 1.354692173705356745e-09 3.088449161670579757e-08 -8.822531863622931625e-08 -1.006976042703050869e-08 -5.643924509614751256e-08 -7.121473404470696211e-10 1.232833194544165518e-07 -8.644843520189387370e-08 -6.784077948929559398e-11 1.797372418000514616e-12 4.663966695489518699e-15 0.000000000000000000e+00 0.000000000000000000e+00 0.000000000000000000e+00 0.000000000000000000e+00 0.000000000000000000e+00 0.000000000000000000e+00 0.000000000000000000e+00 0.000000000000000000e+00 0.000000000000000000e+00 0.000000000000000000e+00 0.000000000000000000e+00 0.000000000000000000e+00 0.000000000000000000e+00 0.000000000000000000e+00 0.000000000000000000e+00 2.708669343465177227e-05 -9.148832468417605890e-06 -3.621079316699850510e-05 1.191011023582867062e-09 1.917173436334694385e-05 1.303590883547915040e-05 1.258670248637980792e-05 -6.312657409275428382e-05 -1.851760647938278589e-06 -4.756339907188190941e-06 1.058676574561522856e-05 -2.397469511296378229e-05 4.781992536745513153e-05 0.000000000000000000e+00 0.000000000000000000e+00 0.000000000000000000e+00 0.000000000000000000e+00 0.000000000000000000e+00 0.000000000000000000e+00 0.000000000000000000e+00 0.000000000000000000e+00 0.000000000000000000e+00 0.000000000000000000e+00 0.000000000000000000e+00 0.000000000000000000e+00 0.000000000000000000e+00 0.000000000000000000e+00 0.000000000000000000e+00 0.000000000000000000e+00 0.000000000000000000e+00 0.000000000000000000e+00 0.000000000000000000e+00 0.000000000000000000e+00 0.000000000000000000e+00 0.000000000000000000e+00 0.000000000000000000e+00 0.000000000000000000e+00 0.000000000000000000e+00 0.000000000000000000e+00 0.000000000000000000e+00 0.000000000000000000e+00
6.361125631554505333e-08 -6.370766405421664919e-08 -1.132300414405850927e-07 8.507253979034680794e-08 9.070710982133321776e-08 -5.566010283198589287e-08 5.227989388189441256e-08 1.928929982685260655e-08 5.122103807444393711e-08 -4.917623170084877912e-08 -1.781499516710725178e-08 -5.886726236857412267e-08 -1.555708424298045747e-07 1.242131390885191020e-07 1.358743377196411188e-07 -1.210970145915177959e-08 7.487152260384020291e-08 -1.093912593069443218e-07 -5.446910703520938674e-08 5.998601875964980346e-09 -8.573743705666062032e-08 2.043760382599516673e-07 -1.314545982266865365e-07 -3.306289595946844406e-10 5.206093531533867447e-12 1.825384461640044975e-14 1.929429923122616408e-14 0.000000000000000000e+00 0.000000000000000000e+00 0.000000000000000000e+00 0.000000000000000000e+00 0.000000000000000000e+00 0.000000000000000000e+00 0.000000000000000000e+00 0.000000000000000000e+00 0.000000000000000000e+00 0.000000000000000000e+00 0.000000000000000000e+00 0.000000000000000000e+00 0.000000000000000000e+00 0.000000000000000000e+00 1.522983517056666902e-05 -5.777299444511608574e-07 -2.538174483125748204e-05 -9.174815973546791154e-07 8.633846768145913772e-06 7.679860066281993074e-06 2.134861623222824960e-05 -4.898177976139339151e-05 -4.453310453489162275e-06 -4.926175926667263408e-06 -9.617302372341425369e-06 -6.884442473008669291e-05 6.389514031145812818e-05 0.000000000000000000e+00 0.000000000000000000e+00 0.000000000000000000e+00 0.000000000000000000e+00 0.000000000000000000e+00 0.000000000000000000e+00 0.000000000000000000e+00 0.000000000000000000e+00 0.000000000000000000e+00 0.000000000000000000e+00 0.000000000000000000e+00 0.000000000000000000e+00 0.000000000000000000e+00 0.000000000000000000e+00 0.000000000000000000e+00 0.000000000000000000e+00 0.000000000000000000e+00 0.000000000000000000e+00 0.000000000000000000e+00 0.000000000000000000e+00 0.000000000000000000e+00 0.000000000000000000e+00 0.000000000000000000e+00 0.000000000000000000e+00 0.000000000000000000e+00 0.000000000000000000e+00 0.000000000000000000e+00 0.000000000000000000e+00
-5.973205223914731035e-08 5.957671799021154249e-08 -1.844461247857377348e-08 1.803404625139908360e-08 1.897010183229204568e-08 -1.973208353309163776e-08 5.491157506075285827e-09 1.494619659636532878e-08 2.076238892305946361e-08 -2.324206028333987602e-08 3.967208673412978871e-08 -6.956526437215020467e-08 -4.055384606821638496e-09 1.688205184969941187e-08 -8.282264441330025595e-10 -1.099766606409602505e-08 2.818980609519176027e-08 2.207241955019551699e-09 -3.324107110852818001e-08 6.108793070133330949e-08 -6.649260080564137546e-08 3.762085622297265883e-08 -1.691532144597871802e-08 -1.964308225354659959e-10 1.858608509068201964e-12 2.047076700859018494e-14 -1.197413208083725200e-13 7.330832989260738231e-16 0.000000000000000000e+00 0.000000000000000000e+00 0.000000000000000000e+00 0.000000000000000000e+00 0.000000000000000000e+00 0.000000000000000000e+00 0.000000000000000000e+00 0.000000000000000000e+00 0.000000000000000000e+00 0.000000000000000000e+00 0.000000000000000000e+00 0.000000000000000000e+00 0.000000000000000000e+00 -1.507329778869127140e-05 8.753918304210927788e-06 1.612263248903047543e-05 -7.371236503370701219e-07 -1.238982348094591472e-05 -6.973321070005694807e-06 4.443824508914103648e-06 2.430907487027323039e-05 -1.706598410285760804e-06 8.404671713299941525e-07 -1.838135215301577204e-05 -3.106707477735636425e-05 3.084172858447295712e-06 0.000000000000000000e+00 0.000000000000000000e+00 0.000000000000000000e+00 0.000000000000000000e+00 0.000000000000000000e+00 0.000000000000000000e+00 0.000000000000000000e+00 0.000000000000000000e+00 0.000000000000000000e+00 0.000000000000000000e+00 0.000000000000000000e+00 0.000000000000000000e+00 0.000000000000000000e+00 0.000000000000000000e+00 0.000000000000000000e+00 0.000000000000000000e+00 0.000000000000000000e+00 0.000000000000000000e+00 0.000000000000000000e+00 0.000000000000000000e+00 0.000000000000000000e+00 0.000000000000000000e+00 0.000000000000000000e+00 0.000000000000000000e+00 0.000000000000000000e+00 0.000000000000000000e+00 0.000000000000000000e+00 0.000000000000000000e+00
-2.514794780337148081e-07 2.510832749131643171e-07 5.338434238026310008e-08 -2.694409611571357832e-08 -2.915842515658836898e-08 -7.786777200574808433e-09 -3.409921907186232171e-08 2.849322160028769368e-08 1.548551241382055410e-08 -2.537794330226533085e-08 1.435673096918197583e-07 -1.629350947023565366e-07 1.403541285490035595e-07 -6.874583608623696662e-08 -1.364253405314319600e-07 -2.300260608498107956e-08 1.572582255409717134e-08 1.147226992609558238e-07 -5.183253426411984360e-08 1.881179141379049277e-07 -1.267580389742884589e-07 -8.191873361715253793e-08 7.582347125005290539e-08 -2.954277070373045877e-10 5.665262096249401580e-13 2.510860443172280299e-14 -4.787815109652537870e-13 5.066173175416466279e-14 -1.246507237706584448e-15 0.000000000000000000e+00 0.000000000000000000e+00 0.000000000000000000e+00 0.000000000000000000e+00 0.000000000000000000e+00 0.000000000000000000e+00 0.000000000000000000e+00 0.000000000000000000e+00 0.000000000000000000e+00 0.000000000000000000e+00 0.000000000000000000e+00 0.000000000000000000e+00 -6.268096246958066754e-05 2.825789063689654670e-05 7.600140289638207536e-05 -1.427679082552477281e-06 -4.769508098252791747e-05 -2.962267277275675709e-05 -6.976721757663085013e-06 1.251461059531983879e-04 -1.010590172091608771e-06 7.511623838519663685e-06 -4.866188498526484007e-05 -3.042762897190664714e-05 -5.320015299583647807e-05 0.000000000000000000e+00 0.000000000000000000e+00 0.000000000000000000e+00 0.000000000000000000e+00 0.000000000000000000e+00 0.000000000000000000e+00 0.000000000000000000e+00 0.000000000000000000e+00 0.000000000000000000e+00 0.000000000000000000e+00 0.000000000000000000e+00 0.000000000000000000e+00 0.000000000000000000e+00 0.000000000000000000e+00 0.000000000000000000e+00 0.000000000000000000e+00 0.000000000000000000e+00 0.000000000000000000e+00 0.000000000000000000e+00 0.000000000000000000e+00 0.000000000000000000e+00 0.000000000000000000e+00 0.000000000000000000e+00 0.000000000000000000e+00 0.000000000000000000e+00 0.000000000000000000e+00 0.000000000000000000e+00 0.000000000000000000e+00
-1.429755728913099586e-07 1.428133851359507898e-07 6.134562363370151331e-08 -3.993047230989614158e-08 -4.256209279110542351e-08 1.396282988031958758e-08 -3.252171696044780722e-08 7.436000663471869360e-09 -8.692945331232812545e-09 3.374627601448673686e-09 7.424746560960853586e-08 -5.927410742930742243e-08 1.158691013616462880e-07 -7.213409030412242656e-08 -1.082748486499899090e-07 -6.982089403926965143e-09 -1.630663242342634753e-08 8.954988392110381154e-08 -7.188459866746231552e-09 8.785408019785579184e-08 -3.338737001191277587e-08 -1.038547687364724942e-07 7.767243171189451567e-08 -3.970770430126654982e-11 -7.091947471990489582e-13 2.479976944289030705e-14 -1.050014025380519023e-13 2.666447791732640127e-13 -2.287887219086515156e-13 3.205985824039636611e-16 0.000000000000000000e+00 0.000000000000000000e+00 0.000000000000000000e+00 0.000000000000000000e+00 0.000000000000000000e+00 0.000000000000000000e+00 0.000000000000000000e+00 0.000000000000000000e+00 0.000000000000000000e+00 0.000000000000000000e+00 0.000000000000000000e+00 -3.533785284573877708e-05 1.393766103588851531e-05 4.503968412254921944e-05 -4.040104849391615294e-07 -2.595214337296132849e-05 -1.685329904967775797e-05 -1.016237204394906295e-05 7.644030915196454654e-05 9.195470928163038474e-07 5.217691553217429327e-06 -2.064787891468896101e-05 6.969668637211360977e-06 -4.613710388809552296e-05 0.000000000000000000e+00 0.000000000000000000e+00 0.000000000000000000e+00 0.000000000000000000e+00 0.000000000000000000e+00 0.000000000000000000e+00 0.000000000000000000e+00 0.000000000000000000e+00 0.000000000000000000e+00 0.000000000000000000e+00 0.000000000000000000e+00 0.000000000000000000e+00 0.000000000000000000e+00 0.000000000000000000e+00 0.000000000000000000e+00 0.000000000000000000e+00 0.000000000000000000e+00 0.000000000000000000e+00 0.000000000000000000e+00 0.000000000000000000e+00 0.000000000000000000e+00 0.000000000000000000e+00 0.000000000000000000e+00 0.000000000000000000e+00 0.000000000000000000e+00 0.000000000000000000e+00 0.000000000000000000e+00 0.000000000000000000e+00
-2.042300584482710860e-07 2.041071666300216594e-07 1.416745048156593800e-07 -9.972443437635154784e-08 -1.063137216357349160e-07 5.192172231082477912e-08 -6.971658587440806437e-08 -4.457121395378370321e-09 -4.290491488424721250e-08 3.575352390278868642e-08 9.407021892308617406e-08 -2.746944607239301672e-08 2.295170338696304532e-07 -1.611338946354377161e-07 -2.090874052203609001e-07 4.555107507549574497e-10 -6.717305632813596467e-08 1.710502978312031241e-07 2.807055373853142161e-08 9.343562955592063513e-08 1.897358414847984120e-08 -2.487566975750438864e-07 1.717755877893951608e-07 1.656124795678184936e-10 -2.942293544222485124e-12 4.501032793008397093e-14 1.146502597720866490e-13 7.337613589647462575e-13 -6.878835608764566345e-13 2.978140737491807855e-14 -1.229051582729567826e-15 0.000000000000000000e+00 0.000000000000000000e+00 0.000000000000000000e+00 0.000000000000000000e+00 0.000000000000000000e+00 0.000000000000000000e+00 0.000000000000000000e+00 0.000000000000000000e+00 0.000000000000000000e+00 0.000000000000000000e+00 -5.001206144044940266e-05 1.624446190821881610e-05 6.757058605616679016e-05 1.282074391285468670e-07 -3.509275395171249957e-05 -2.411861712311872200e-05 -2.526011378556315082e-05 1.184620241026011593e-04 3.902122487150160544e-06 9.100694966149465437e-06 -1.736636634222250408e-05 5.201215539400380616e-05 -9.349129982387353616e-05 0.000000000000000000e+00 0.000000000000000000e+00 0.000000000000000000e+00 0.000000000000000000e+00 0.000000000000000000e+00 0.000000000000000000e+00 0.000000000000000000e+00 0.000000000000000000e+00 0.000000000000000000e+00 0.000000000000000000e+00 0.000000000000000000e+00 0.000000000000000000e+00 0.000000000000000000e+00 0.000000000000000000e+00 0.000000000000000000e+00 0.000000000000000000e+00 0.000000000000000000e+00 0.000000000000000000e+00 0.000000000000000000e+00 0.000000000000000000e+00 0.000000000000000000e+00 0.000000000000000000e+00 0.000000000000000000e+00 0.000000000000000000e+00 0.000000000000000000e+00 0.000000000000000000e+00 0.000000000000000000e+00 0.000000000000000000e+00
-2.010070272380514497e-08 2.016677408335672272e-08 5.189658841245781574e-08 -4.027444003900574991e-08 -4.154104784104598568e-08 2.728248170623067716e-08 -2.239031439151917355e-08 -1.105406488560852982e-08 -2.518597157481034746e-08 2.490918643159763246e-08 -1.243714562354546541e-10 3.792456969008172786e-08 6.504177740676347821e-08 -5.515403622672492880e-08 -5.672095181005244475e-08 7.461183025879230754e-09 -3.701415270376188886e-08 4.543430323072504724e-08 2.994989395343464113e-08 -1.453942745882716870e-08 4.870314953100193106e-08 -9.285273211128027525e-08 5.801088067615314640e-08 1.736203025424175317e-10 -8.632776161672864323e-13 9.706970470479969748e-15 3.130810226955466069e-13 3.944141698354955428e-13 -2.395618561379722622e-13 2.546874657786274421e-13 -3.127653572330274523e-13 1.085543872673955246e-15 0.000000000000000000e+00 0.000000000000000000e+00 0.000000000000000000e+00 0.000000000000000000e+00 0.000000000000000000e+00 0.000000000000000000e+00 0.000000000000000000e+00 0.000000000000000000e+00 0.000000000000000000e+00 -4.528805465585269670e-06 -1.030628420086620234e-06 8.869833323635139231e-06 5.147068591722982764e-07 -2.001749809385597757e-06 -2.375819298792224512e-06 -1.010489146593657563e-05 1.811446561599684539e-05 2.222402615410215467e-06 2.057559232375913145e-06 6.942535507157987919e-06 3.497443253522236823e-05 -2.873154744092400647e-05 0.000000000000000000e+00 0.000000000000000000e+00 0.000000000000000000e+00 0.000000000000000000e+00 0.000000000000000000e+00 0.000000000000000000e+00 0.000000000000000000e+00 0.000000000000000000e+00 0.000000000000000000e+00 0.000000000000000000e+00 0.000000000000000000e+00 0.000000000000000000e+00 0.000000000000000000e+00 0.000000000000000000e+00 0.000000000000000000e+00 0.000000000000000000e+00 0.000000000000000000e+00 0.000000000000000000e+00 0.000000000000000000e+00 0.000000000000000000e+00 0.000000000000000000e+00 0.000000000000000000e+00 0.000000000000000000e+00 0.000000000000000000e+00 0.000000000000000000e+00 0.000000000000000000e+00 0.000000000000000000e+00 0.000000000000000000e+00
3.493530176122927217e-08 -3.475522054914527678e-08 5.302316731541689278e-08 -4.488225862940180817e-08 -4.534576989250434635e-08 3.645265049989339793e-08 -1.979344830630295042e-08 -2.095705498303737906e-08 -3.552913150694818540e-08 3.763000952938561923e-08 -3.526652885684373532e-08 8.775942989849859599e-08 4.755082449718260834e-08 -5.282310261010967459e-08 -3.823570561638178712e-08 1.513077081973317241e-08 -5.070256268611063698e-08 2.931117232096339432e-08 5.078940579610594406e-08 -6.448816134512369664e-08 9.253651653208520747e-08 -9.729924696032648480e-08 5.467016365211283359e-08 2.917691872949949340e-10 -6.962440615159598035e-14 2.578622147216382346e-14 7.355793783902066316e-13 7.469689946334838460e-13 -2.982029109998814501e-13 6.765895754999573779e-13 -9.001244463807396394e-13 -6.254666533642540618e-14 -4.847120206157842434e-15 0.000000000000000000e+00 0.000000000000000000e+00 0.000000000000000000e+00 0.000000000000000000e+00 0.000000000000000000e+00 0.000000000000000000e+00 0.000000000000000000e+00 0.000000000000000000e+00 9.362124481831238200e-06 -8.135686982120764332e-06 -7.046360288367987468e-06 1.000601383724362076e-06 8.964415822538454712e-06 4.124378794886319821e-06 -1.119204708035457588e-05 -7.131444413841571371e-06 3.075943731313182791e-06 8.083581169985381987e-07 2.059175833654790114e-05 5.189698441787336824e-05 -2.376740244303410932e-05 0.000000000000000000e+00 0.000000000000000000e+00 0.000000000000000000e+00 0.000000000000000000e+00 0.000000000000000000e+00 0.000000000000000000e+00 0.000000000000000000e+00 0.000000000000000000e+00 0.000000000000000000e+00 0.000000000000000000e+00 0.000000000000000000e+00 0.000000000000000000e+00 0.000000000000000000e+00 0.000000000000000000e+00 0.000000000000000000e+00 0.000000000000000000e+00 0.000000000000000000e+00 0.000000000000000000e+00 0.000000000000000000e+00 0.000000000000000000e+00 0.000000000000000000e+00 0.000000000000000000e+00 0.000000000000000000e+00 0.000000000000000000e+00 0.000000000000000000e+00 0.000000000000000000e+00 0.000000000000000000e+00 0.000000000000000000e+00
3.047157288651883636e-08 -3.038637883108171508e-08 1.145350295779935107e-08 -1.130271164157111916e-08 -1.048063043315272495e-08 1.096267989196065065e-08 -2.883773853040857635e-09 -8.228208473647297475e-09 -1.130794456898444929e-08 1.270250976172020933e-08 -2.174241210118851072e-08 3.818830182527916013e-08 1.948572665553963482e-09 -9.237381646490933074e-09 5.683861027780574837e-10 6.066206142198464144e-09 -1.557863553726369053e-08 -1.300391802621031836e-09 1.862411473072022108e-08 -3.369695978056952510e-08 3.651386957980655261e-08 -2.071973623725994855e-08 9.256585696299640675e-09 1.100043248630560785e-10 -5.096950558012083854e-13 -6.980418847113423197e-15 1.519326114571284414e-13 7.390874750320269859e-14 -5.701832777628423887e-14 7.948532782485473458e-14 -1.195409602468971988e-13 7.767204034895419662e-14 -9.809590206105722743e-15 -5.857402236852937705e-17 0.000000000000000000e+00 0.000000000000000000e+00 0.000000000000000000e+00 0.000000000000000000e+00 0.000000000000000000e+00 0.000000000000000000e+00 0.000000000000000000e+00 7.774291498024140984e-06 -4.661768938880831857e-06 -8.154117206162625605e-06 4.097371749660648271e-07 6.459445796017505674e-06 3.585390881974385058e-06 -2.750566225965338208e-06 -1.210474526813122976e-05 9.898422251177998359e-07 -3.611434060079400177e-07 9.974989553097459512e-06 1.777326160721177169e-05 -2.781784573383595848e-06 0.000000000000000000e+00 0.000000000000000000e+00 0.000000000000000000e+00 0.000000000000000000e+00 0.000000000000000000e+00 0.000000000000000000e+00 0.000000000000000000e+00 0.000000000000000000e+00 0.000000000000000000e+00 0.000000000000000000e+00 0.000000000000000000e+00 0.000000000000000000e+00 0.000000000000000000e+00 0.000000000000000000e+00 0.000000000000000000e+00 0.000000000000000000e+00 0.000000000000000000e+00 0.000000000000000000e+00 0.000000000000000000e+00 0.000000000000000000e+00 0.000000000000000000e+00 0.000000000000000000e+00 0.000000000000000000e+00 0.000000000000000000e+00 0.000000000000000000e+00 0.000000000000000000e+00 0.000000000000000000e+00 0.000000000000000000e+00
3.579916386218400838e-08 -3.579616513919641960e-08 -3.354007793555740212e-08 2.431883982246239341e-08 2.695867883255645935e-08 -1.524890981581951237e-08 1.605452316471829913e-08 3.897611797681410986e-09 1.329599243034208962e-08 -1.224420930986437617e-08 -1.340499711677701350e-08 -6.893876634345630014e-09 -5.115142564864842006e-08 3.891782857987752774e-08 4.651428419725199027e-08 -2.490248799432836363e-09 2.037430053353694523e-08 -3.784282648225736900e-08 -1.276418208634314336e-08 -9.190661158010350607e-09 -1.675889085557373537e-08 6.231029823318065541e-08 -4.104862795186641281e-08 -6.795414754447344496e-11 2.966541265024200125e-12 -6.058250689305877401e-15 2.506229002541965345e-13 4.979816472377995851e-14 3.833413350206454906e-13 6.237261412651157189e-13 -5.153941238632969712e-13 4.766396695735086730e-15 -3.009879129788062269e-13 -1.153435257462281927e-13 2.120637107756728756e-14 0.000000000000000000e+00 0.000000000000000000e+00 0.000000000000000000e+00 0.000000000000000000e+00 0.000000000000000000e+00 0.000000000000000000e+00 8.607676353752918971e-06 -2.191286317881587561e-06 -1.229450729935799942e-05 -1.437029127422282618e-07 5.755373230892509798e-06 4.197407583309090704e-06 6.235465070307511480e-06 -2.217194833467541100e-05 -1.122988691802250145e-06 -1.864199140887043112e-06 9.389530236768718445e-07 -1.623872873836499742e-05 2.096836388295540395e-05 0.000000000000000000e+00 0.000000000000000000e+00 0.000000000000000000e+00 0.000000000000000000e+00 0.000000000000000000e+00 0.000000000000000000e+00 0.000000000000000000e+00 0.000000000000000000e+00 0.000000000000000000e+00 0.000000000000000000e+00 0.000000000000000000e+00 0.000000000000000000e+00 0.000000000000000000e+00 0.000000000000000000e+00 0.000000000000000000e+00 0.000000000000000000e+00 0.000000000000000000e+00 0.000000000000000000e+00 0.000000000000000000e+00 0.000000000000000000e+00 0.000000000000000000e+00 0.000000000000000000e+00 0.000000000000000000e+00 0.000000000000000000e+00 0.000000000000000000e+00 0.000000000000000000e+00 0.000000000000000000e+00 0.000000000000000000e+00
-4.055048141956879744e-08 4.044697686400220392e-08 -3.152221037739841823e-08 2.817676556210154185e-08 2.675633242987503560e-08 -2.394383731248780206e-08 1.003585517665131661e-08 1.555528123155106371e-08 2.385920823142818371e-08 -2.585706480352778502e-08 3.346467392724341433e-08 -6.811764147020087611e-08 -1.911350823479481681e-08 2.811875447425189051e-08 1.410000343641647919e-08 -1.197043675521623080e-08 3.287752353109646246e-08 -9.743783684388425056e-09 -3.730420939911257248e-08 5.550801252906904792e-08 -6.800818007200335955e-08 5.749784559981748443e-08 -3.111091596545863779e-08 1.947399912822448537e-09 -3.740793960130186363e-09 8.912023191903067909e-12 -9.222834609196560451e-10 -4.317839418259070139e-10 -4.038228566100553196e-10 -9.080489214014202809e-10 6.968682840524133282e-10 -7.225883454954618035e-11 3.901877767284803178e-10 7.363967191565366777e-11 1.661756946511137173e-10 8.568830397299130597e-11 0.000000000000000000e+00 0.000000000000000000e+00 0.000000000000000000e+00 0.000000000000000000e+00 0.000000000000000000e+00 -1.052093271438329534e-05 7.350232120753298582e-06 9.889674968216179097e-06 -7.639588369316794702e-07 -9.231250502962672685e-06 -4.772283250257397264e-06 6.976812577327048785e-06 1.330611265870840958e-05 -2.117647393511649543e-06 -2.475313756354277639e-08 -1.704172563593412716e-05 -3.664008688065588295e-05 1.220223936652137134e-05 0.000000000000000000e+00 0.000000000000000000e+00 0.000000000000000000e+00 0.000000000000000000e+00 0.000000000000000000e+00 0.000000000000000000e+00 0.000000000000000000e+00 0.000000000000000000e+00 0.000000000000000000e+00 0.000000000000000000e+00 0.000000000000000000e+00 0.000000000000000000e+00 0.000000000000000000e+00 0.000000000000000000e+00 0.000000000000000000e+00 0.000000000000000000e+00 0.000000000000000000e+00 0.000000000000000000e+00 0.000000000000000000e+00 0.000000000000000000e+00 0.000000000000000000e+00 0.000000000000000000e+00 0.000000000000000000e+00 0.000000000000000000e+00 0.000000000000000000e+00 0.000000000000000000e+00 0.000000000000000000e+00 0.000000000000000000e+00
-1.205033799397741898e-07 1.198810588297653454e-07 -5.086483777856816435e-08 6.350605043204358979e-08 5.507441931239948074e-08 -7.645917897078358116e-08 -3.162426064572641804e-08 2.370916737947943026e-08 1.813136373104897586e-08 -2.965001163470967760e-08 5.973877072271843724e-09 -6.731202675282210723e-08 2.064819795157511739e-08 8.226706003271536116e-08 1.050297202832275664e-07 -7.742906990440903692e-08 1.182613961681804396e-07 -9.496289082346065502e-08 -1.528846751842460189e-07 4.755962677838437153e-08 -7.845710077382557490e-08 1.893615244145116852e-07 -7.116307401645524666e-08 4.136177585438612081e-09 -8.307576869264962638e-09 -3.338040119923307847e-11 -1.853304172345741907e-09 -1.174449166065939798e-09 -6.741592985899311219e-10 -2.140377290118719578e-09 1.888116530094838263e-09 8.441688277224801418e-11 7.559813093452674715e-10 1.829882542150537694e-10 2.910100460303335912e-10 3.402084835634616722e-10 -2.791122533834025643e-10 0.000000000000000000e+00 0.000000000000000000e+00 0.000000000000000000e+00 0.000000000000000000e+00 -3.281467144612129280e-05 1.939000608400752706e-05 3.473345905020757633e-05 -1.671742948777116267e-06 -2.712997855011754084e-05 -1.515571087615838041e-05 1.071334377090679170e-05 5.194046686009495643e-05 -3.963602005617830083e-06 1.665761938210962023e-06 -4.112368572741832186e-05 -7.152740222581227634e-05 9.426604010948232658e-06 0.000000000000000000e+00 0.000000000000000000e+00 0.000000000000000000e+00 0.000000000000000000e+00 0.000000000000000000e+00 0.000000000000000000e+00 0.000000000000000000e+00 0.000000000000000000e+00 0.000000000000000000e+00 0.000000000000000000e+00 0.000000000000000000e+00 0.000000000000000000e+00 0.000000000000000000e+00 0.000000000000000000e+00 0.000000000000000000e+00 0.000000000000000000e+00 0.000000000000000000e+00 0.000000000000000000e+00 0.000000000000000000e+00 0.000000000000000000e+00 0.000000000000000000e+00 0.000000000000000000e+00 0.000000000000000000e+00 0.000000000000000000e+00 0.000000000000000000e+00 0.000000000000000000e+00 0.000000000000000000e+00 0.000000000000000000e+00
9.255773290514635043e-08 -9.261095788631792253e-08 7.963183514014034875e-08 -1.084906230468208818e-07 -1.009793975843571029e-07 1.556504684574726988e-07 1.138325406413974450e-07 -7.109394073662525515e-09 3.673720080303154861e-08 -1.269507900474205198e-08 1.897061296962133936e-07 -1.256672026923085633e-07 -4.383656812274438347e-08 -2.075191401790937862e-07 -3.690403401255095209e-07 1.854969264847555060e-07 -2.603404330890277119e-07 3.443740361700874802e-07 3.324959675167537057e-07 1.715974829581646752e-07 -6.660841330536834692e-08 -4.742514541100119330e-07 1.683282944370343565e-07 -3.101643475367753255e-09 6.095291636763582044e-09 2.328326724129747838e-11 1.589940645720794299e-09 8.285966152576582089e-10 5.408172173981817821e-10 1.435896087686842904e-09 -1.210927531207842134e-09 -2.492805191867814019e-11 -5.720377329373332875e-10 -1.418104005534645551e-10 -2.263664535765569363e-10 -1.162216197846815957e-10 8.390918103569344755e-11 -8.379552910928178555e-12 0.000000000000000000e+00 0.000000000000000000e+00 0.000000000000000000e+00 2.946643883811647224e-05 -1.850760624584678153e-05 -2.998453829931044343e-05 1.721819111957290961e-06 2.487822916665590866e-05 1.352539898972040296e-05 -1.304198304004464300e-05 -4.341014976341121909e-05 4.377482901882939238e-06 -9.560981915551292412e-07 4.063445488298664254e-05 7.739617533733902412e-05 -1.729412421245255307e-05 0.000000000000000000e+00 0.000000000000000000e+00 0.000000000000000000e+00 0.000000000000000000e+00 0.000000000000000000e+00 0.000000000000000000e+00 0.000000000000000000e+00 0.000000000000000000e+00 0.000000000000000000e+00 0.000000000000000000e+00 0.000000000000000000e+00 0.000000000000000000e+00 0.000000000000000000e+00 0.000000000000000000e+00 0.000000000000000000e+00 0.000000000000000000e+00 0.000000000000000000e+00 0.000000000000000000e+00 0.000000000000000000e+00 0.000000000000000000e+00 0.000000000000000000e+00 0.000000000000000000e+00 0.000000000000000000e+00 0.000000000000000000e+00 0.000000000000000000e+00 0.000000000000000000e+00 0.000000000000000000e+00 0.000000000000000000e+00
8.976814270850348720e-08 -8.956735681982849057e-08 5.881109073129983655e-08 -7.818347882537594884e-08 -7.047268555044131078e-08 1.061324743784064495e-07 6.986815906861662540e-08 -1.130576178466277670e-08 1.337521470239511762e-08 2.896988485906470956e-09 9.710890653755188673e-08 -4.381204741317132334e-08 -3.021491446506072848e-08 -1.348137463529032118e-07 -2.266709554548046804e-07 1.223928318300768550e-07 -1.744673321404629010e-07 2.105330927355906351e-07 2.235138867896085957e-07 7.386189386905748361e-08 -9.580936179837129529e-09 -3.085885792256928481e-07 1.107505259968170203e-07 -3.068120236820667812e-09 6.079305666186786417e-09 2.591849261254774994e-12 1.455128037161634857e-09 7.752959564491859745e-10 5.814405411135037394e-10 1.508258675830646822e-09 -1.243423473776608668e-09 2.332937283026220721e-11 -5.914253731935728564e-10 -1.296158987432183274e-10 -2.398006721578832545e-10 -1.827075995922480822e-10 1.078609364367835721e-10 -1.023579788636541643e-11 9.366708797475808979e-13 0.000000000000000000e+00 0.000000000000000000e+00 2.657582020738349319e-05 -1.624845681733218250e-05 -2.753066280791966261e-05 1.463553563868839023e-06 2.222836662623989702e-05 1.223247774353227596e-05 -1.037919578307001673e-05 -4.045692211835174874e-05 3.617211910816289962e-06 -1.080482619548691660e-06 3.515731462226862926e-05 6.450901339548960767e-05 -1.204391296346913991e-05 0.000000000000000000e+00 0.000000000000000000e+00 0.000000000000000000e+00 0.000000000000000000e+00 0.000000000000000000e+00 0.000000000000000000e+00 0.000000000000000000e+00 0.000000000000000000e+00 0.000000000000000000e+00 0.000000000000000000e+00 0.000000000000000000e+00 0.000000000000000000e+00 0.000000000000000000e+00 0.000000000000000000e+00 0.000000000000000000e+00 0.000000000000000000e+00 0.000000000000000000e+00 0.000000000000000000e+00 0.000000000000000000e+00 0.000000000000000000e+00 0.000000000000000000e+00 0.000000000000000000e+00 0.000000000000000000e+00 0.000000000000000000e+00 0.000000000000000000e+00 0.000000000000000000e+00 0.000000000000000000e+00 0.000000000000000000e+00
-7.321882502966774176e-08 7.372764731800734994e-08 -1.034064379731164385e-07 1.483184697111594383e-07 1.437437476426578487e-07 -2.297261659169221037e-07 -1.891111055826819737e-07 -5.582334214131699779e-09 -8.370532754431447842e-08 4.757305009520443329e-08 -3.582225698268255362e-07 2.882193204428642325e-07 6.836719535830738936e-08 3.211167757268505729e-07 6.044409270484227617e-07 -2.851982937952714930e-07 3.911589446094036748e-07 -5.663563147568009826e-07 -4.992979882688765650e-07 -3.572158858832635842e-07 1.864371452212814154e-07 7.331155933459248056e-07 -2.560208664620063426e-07 2.468044663604673783e-09 -4.751778795311981107e-09 -3.359954090127736936e-11 -1.462344463511351667e-09 -6.795343630242728361e-10 -4.019814253599512943e-10 -9.885466848314622412e-10 8.260931765036172436e-10 2.973132287240054517e-11 4.425908148005322507e-10 1.220394180677375484e-10 1.743714086966871579e-10 -3.761916667933962177e-11 1.422985123830655674e-11 1.121291178397126886e-11 1.469077995103901246e-11 -4.152259265588487125e-12 0.000000000000000000e+00 -2.826256038890436958e-05 1.857705060196270571e-05 2.785216199690501628e-05 -1.817908429600301537e-06 -2.425213681074957564e-05 -1.290982233093009718e-05 1.508086909367961637e-05 3.921190386201999379e-05 -4.813709672355382524e-06 5.114826149641826109e-07 -4.172957609619831320e-05 -8.401558373601026794e-05 2.316012335972471303e-05 0.000000000000000000e+00 0.000000000000000000e+00 0.000000000000000000e+00 0.000000000000000000e+00 0.000000000000000000e+00 0.000000000000000000e+00 0.000000000000000000e+00 0.000000000000000000e+00 0.000000000000000000e+00 0.000000000000000000e+00 0.000000000000000000e+00 0.000000000000000000e+00 0.000000000000000000e+00 0.000000000000000000e+00 0.000000000000000000e+00 0.000000000000000000e+00 0.000000000000000000e+00 0.000000000000000000e+00 0.000000000000000000e+00 0.000000000000000000e+00 0.000000000000000000e+00 0.000000000000000000e+00 0.000000000000000000e+00 0.000000000000000000e+00 0.000000000000000000e+00 0.000000000000000000e+00 0.000000000000000000e+00 0.000000000000000000e+00
-5.226378549101455551e-08 5.213036076531958607e-08 -3.296004850205703531e-08 5.546283156810001558e-08 4.300222445548251317e-08 -8.162004980728971605e-08 -8.202302473559125798e-08 -8.483163054315160170e-09 -4.032742700484071539e-08 2.652019195003782470e-08 -1.434633853378611528e-07 1.291517155318458888e-07 4.836344652168166058e-08 1.105044027084275699e-07 2.264513206895414545e-07 -1.144057710393607628e-07 1.463531403317775564e-07 -2.150565126832833414e-07 -1.897879788223771728e-07 -1.476489859046864559e-07 9.507269260148210749e-08 2.583210197910142548e-07 -8.508522341224046548e-08 3.822759955210853350e-09 -6.780145436925807609e-09 -1.651372169163192044e-10 -1.983079777755254736e-09 -1.669342321330719719e-09 2.917259484111131562e-11 -1.627311861516133815e-09 2.179132079996185314e-09 1.053782526272721218e-09 1.494942194395307983e-10 2.921452057591360230e-10 -7.422573558395206827e-11 5.295316536603131286e-10 -5.718706280819895599e-10 -1.747152710051061431e-11 -2.009992666014356888e-11 -1.798693709980422190e-10 -3.278121723994820852e-10 -1.631132951364868051e-05 9.204238337004553173e-06 1.774167310812305035e-05 -7.432163576387169207e-07 -1.327911139975613869e-05 -7.566382851885992055e-06 3.981858486789836534e-06 2.708118725784297381e-05 -1.649085509148072231e-06 1.039826611678453753e-06 -1.904036185235795354e-05 -3.058457334726832075e-05 1.332466318482275524e-06 0.000000000000000000e+00 0.000000000000000000e+00 0.000000000000000000e+00 0.000000000000000000e+00 0.000000000000000000e+00 0.000000000000000000e+00 0.000000000000000000e+00 0.000000000000000000e+00 0.000000000000000000e+00 0.000000000000000000e+00 0.000000000000000000e+00 0.000000000000000000e+00 0.000000000000000000e+00 0.000000000000000000e+00 0.000000000000000000e+00 0.000000000000000000e+00 0.000000000000000000e+00 0.000000000000000000e+00 0.000000000000000000e+00 0.000000000000000000e+00 0.000000000000000000e+00 0.000000000000000000e+00 0.000000000000000000e+00 0.000000000000000000e+00 0.000000000000000000e+00 0.000000000000000000e+00 0.000000000000000000e+00 0.000000000000000000e+00
-6.295010734313265873e-08 6.283862915723885720e-08 -7.915464898677119197e-09 2.107248600023805044e-08 3.951949699173560638e-09 -2.543136533036652509e-08 -4.137498282838660132e-08 -8.599235254449638926e-09 -2.021576467898101963e-08 1.495605767388502653e-08 -5.206961529015229621e-08 5.745997298970457361e-08 4.392812443301729263e-08 3.024143903091439003e-08 8.095847522858876024e-08 -5.098533198244668764e-08 6.059258203182841222e-08 -8.296816220130183764e-08 -7.907159717508255938e-08 -6.048820964154232662e-08 5.334047992471769093e-08 8.213423305847874204e-08 -2.239355892154359668e-08 6.105114322681810986e-09 -1.030933235141290300e-08 -4.440213417502100095e-10 -3.317714235511712599e-09 -3.408953408266931703e-09 8.145078803809083787e-10 -2.440918781232630870e-09 4.194404522661177948e-09 2.760011273710325603e-09 -3.085940777367292514e-10 6.062997455902945586e-10 -4.806403767080636748e-10 1.067308219877336601e-09 -1.429587201499361805e-09 -8.900844222674080767e-11 -7.759724886945314464e-11 -3.983195100065516992e-10 -7.113227158623140517e-10 -1.587652077616006840e-05 7.841800347111399784e-06 1.849607454422393668e-05 -4.981348302490487288e-07 -1.239686434465966597e-05 -7.449857291294490275e-06 4.006505416534286197e-07 2.963471912142541002e-05 -7.743247924872841647e-07 1.560130071769183870e-06 -1.482343138767878326e-05 -1.660140746965969708e-05 -7.555028564841504728e-06 0.000000000000000000e+00 0.000000000000000000e+00 0.000000000000000000e+00 0.000000000000000000e+00 0.000000000000000000e+00 0.000000000000000000e+00 0.000000000000000000e+00 0.000000000000000000e+00 0.000000000000000000e+00 0.000000000000000000e+00 0.000000000000000000e+00 0.000000000000000000e+00 0.000000000000000000e+00 0.000000000000000000e+00 0.000000000000000000e+00 0.000000000000000000e+00 0.000000000000000000e+00 0.000000000000000000e+00 0.000000000000000000e+00 0.000000000000000000e+00 0.000000000000000000e+00 0.000000000000000000e+00 0.000000000000000000e+00 0.000000000000000000e+00 0.000000000000000000e+00 0.000000000000000000e+00 0.000000000000000000e+00 0.000000000000000000e+00
