9.088468383592025e-03 1.452088049986431e-03 -1.574059483547244e-03 -3.072457133719617e-04 1.426699619365800e-07 6.826026706880581e+02
9.335093081536761e-03 1.454118046923266e-03 -1.328504669272906e-03 -3.369546817088653e-04 1.426640017691498e-07 6.834266893829665e+02
8.958875981613719e-03 1.389878531209757e-03 -1.918982260740877e-03 -2.258887449985784e-04 1.426653208916671e-07 6.836516366476470e+02
9.332550202173044e-03 1.405013967017745e-03 -1.295180840807249e-03 -2.668877571472654e-04 1.426633747686968e-07 6.841855872262156e+02
8.777989713594765e-03 1.382361134235415e-03 -1.223118006115351e-03 -2.444484094807373e-04 1.426592978764252e-07 6.824416270762861e+02
9.088611137505958e-03 1.354295325465497e-03 -1.388858547013169e-03 -2.166428722057311e-04 1.426590254102920e-07 6.824667147815214e+02
9.170550797978721e-03 1.371446226148951e-03 -1.463348530363178e-03 -2.063855678883966e-04 1.426621188623587e-07 6.844699405867686e+02
8.290350207030001e-03 1.326605387450200e-03 -1.559894548459483e-03 -2.349582977577546e-04 1.426565002940329e-07 6.798251815715764e+02
8.656346365544873e-03 1.416836092117635e-03 -4.925920941596631e-04 -2.863665635992234e-04 1.426609722278800e-07 6.850041586291575e+02
8.935810783755804e-03 1.398081265389605e-03 -1.914727987761508e-03 -1.991514337459441e-04 1.426631078913612e-07 6.836296486659096e+02
9.034027451527578e-03 1.410793194597809e-03 -1.634702822725430e-03 -2.112079740806246e-04 1.426626339521828e-07 6.844109545284554e+02
9.019536022583034e-03 1.390005015561818e-03 -1.418565256267255e-03 -1.990889892657001e-04 1.426618660389516e-07 6.836520731481335e+02
9.347031493804812e-03 1.458438745877290e-03 -1.232882292964777e-03 -2.509218549729473e-04 1.426668642309672e-07 6.838386741695401e+02
8.968232657249598e-03 1.400454338388808e-03 -1.436249150194241e-03 -2.310991984004858e-04 1.426640878297186e-07 6.846418216228512e+02
9.080088322119723e-03 1.421854828994458e-03 -2.076560704987347e-03 -1.953208727748480e-04 1.426656758429496e-07 6.834911329556976e+02
9.044783425211006e-03 1.426267786175111e-03 -9.919757778928283e-04 -2.640665865854183e-04 1.426639762485406e-07 6.849801270068399e+02
8.944500413833763e-03 1.432321132432906e-03 -2.631014467231477e-03 -1.944308534471306e-04 1.426643840776662e-07 6.837801765889192e+02
9.312472030389568e-03 1.378021166313904e-03 -1.750415401475881e-03 -2.317403781306505e-04 1.426590571952667e-07 6.820647961126886e+02
9.182395967811584e-03 1.510651344365656e-03 -1.697622281078515e-03 -2.928212225697244e-04 1.426682712084838e-07 6.837145878403253e+02
9.228420914927272e-03 1.415515580864882e-03 -1.511648733107773e-03 -2.019752001589185e-04 1.426621232004675e-07 6.831575196890058e+02
8.969515361812995e-03 1.374867086182302e-03 -1.340122463684350e-03 -2.405924600255646e-04 1.426641562070307e-07 6.845578461902066e+02
9.300166893598243e-03 1.441712473879088e-03 -1.336024648139585e-03 -2.686305592216223e-04 1.426659395164872e-07 6.845556276580077e+02
8.453118949350530e-03 1.332316422308308e-03 -1.914861949677113e-03 -1.909662346140003e-04 1.426604784071203e-07 6.845988539402608e+02
9.192294723911330e-03 1.359958027124436e-03 -2.371055928490406e-03 -2.236658019542550e-04 1.426602697781954e-07 6.846118433587631e+02
9.056577895554604e-03 1.332434636623289e-03 -9.939626885908659e-04 -3.198952777224657e-04 1.426623385960018e-07 6.845483743787818e+02
9.250889155242289e-03 1.392366077335396e-03 -1.264428010208593e-03 -2.567233712284676e-04 1.426619273229621e-07 6.842058810173146e+02
9.067853421301605e-03 1.402952285473497e-03 -1.345258145475036e-03 -2.378631630935124e-04 1.426645749655191e-07 6.851267124784881e+02
9.077159337708715e-03 1.394089673788490e-03 -2.599884240213624e-03 -1.746942130604471e-04 1.426610101953027e-07 6.846259698795384e+02
8.918339038412599e-03 1.405234217593284e-03 -1.774886675740812e-03 -2.632487341107553e-04 1.426552936187777e-07 6.781395683291702e+02
9.236397436291321e-03 1.429374306528059e-03 -9.697757147065961e-04 -2.892484957419419e-04 1.426607664374538e-07 6.838126209110073e+02
9.044709784344580e-03 1.390672777793158e-03 -7.607237202354414e-04 -2.813311555621865e-04 1.426626389495766e-07 6.840493926983461e+02
8.779163928370810e-03 1.375930361004170e-03 -1.507066612356404e-03 -2.617271168446711e-04 1.426555816834151e-07 6.793727215084272e+02
9.339258145272176e-03 1.389739728607208e-03 -1.322627203443459e-03 -2.549699920827071e-04 1.426614093867652e-07 6.842870087197432e+02
9.316931811269804e-03 1.396251203615553e-03 -1.371408494680622e-03 -3.196842424739508e-04 1.426600900954895e-07 6.825880801244474e+02
9.311338307887943e-03 1.391659306459788e-03 -1.476067174293133e-03 -3.063143226627530e-04 1.426640051686134e-07 6.852607661438242e+02
9.442987588672097e-03 1.475411174434023e-03 -6.537028007831069e-04 -2.424613544020074e-04 1.426645372129729e-07 6.852075158782350e+02
9.246776024423470e-03 1.364268981215476e-03 -1.917239230320831e-03 -2.239239788068608e-04 1.426595760009825e-07 6.828621515662401e+02
7.869985428270760e-03 1.433113626665954e-03 -1.592482483700764e-03 -2.261261029383669e-04 1.426714298170901e-07 6.801261328897270e+02
8.748955764618991e-03 1.392229434832534e-03 -1.709201938294352e-03 -2.532422314326487e-04 1.426645140605653e-07 6.853199075772617e+02
9.119227221969206e-03 1.389880023045838e-03 -2.189896126245716e-03 -2.082668380412603e-04 1.426632684414265e-07 6.840495488539982e+02
9.254462177317053e-03 1.414505251262388e-03 -1.711534102412959e-03 -2.378003327329733e-04 1.426598791692347e-07 6.827190675514577e+02
9.106115090062683e-03 1.413775482242010e-03 -1.560209291706482e-03 -2.234119106318993e-04 1.426622799641324e-07 6.839067548263173e+02
9.360971135615927e-03 1.480796464526331e-03 -1.426500121607135e-03 -2.627126089438782e-04 1.426669527349769e-07 6.827518273250354e+02
8.944005743795672e-03 1.376523169356723e-03 -2.635306082245323e-03 -2.109116210083323e-04 1.426610861767258e-07 6.849195177216508e+02
9.038572264121476e-03 1.419322910309192e-03 -4.838722693346992e-04 -2.773647553068498e-04 1.426639402485728e-07 6.841086756968829e+02
9.120654659998997e-03 1.445782685359195e-03 -2.072855115879068e-03 -2.308127667040306e-04 1.426678223378446e-07 6.833583092772145e+02
9.062916088549117e-03 1.404985212520210e-03 -1.948536185379494e-03 -2.403685555029321e-04 1.426669630653561e-07 6.841089533095113e+02
9.097727160331446e-03 1.388701290798649e-03 -6.124481406519462e-04 -2.817190757991689e-04 1.426555891782086e-07 6.790321961391636e+02
9.237770593589366e-03 1.386622803047234e-03 -1.810795475681997e-03 -2.425054722689989e-04 1.426633215262896e-07 6.839874685460068e+02
9.241814494132609e-03 1.396853438027989e-03 -1.372287122423007e-03 -2.777685233831847e-04 1.426613766608542e-07 6.847107457763990e+02
9.107299795400325e-03 1.440318188261859e-03 -1.414151437756594e-03 -2.630350212819740e-04 1.426645837458989e-07 6.841467161411367e+02
9.067683495583963e-03 1.400559334516183e-03 -1.156095247651485e-03 -2.645551876001715e-04 1.426606114471252e-07 6.826951525109881e+02
9.075833730788631e-03 1.353177895481196e-03 -2.151681104375443e-03 -1.573779426574408e-04 1.426604806878265e-07 6.837271196591930e+02
8.467022645900711e-03 1.428693183548759e-03 -1.938559958224467e-03 -2.568237826545255e-04 1.426641763981239e-07 6.845735622293215e+02
8.971407327963652e-03 1.377788002989150e-03 -1.667174301567651e-03 -2.218593111381328e-04 1.426602792717521e-07 6.843605099301128e+02
8.871675400686785e-03 1.400645587323832e-03 -1.191720841705518e-03 -2.900394468917757e-04 1.426634770657410e-07 6.844751957923328e+02
8.565320903711067e-03 1.355160226701615e-03 -1.839980203369240e-03 -2.207769820865248e-04 1.426617384705563e-07 6.836663545068583e+02
8.907481822656927e-03 1.414815766939734e-03 -1.788525453283853e-03 -2.343040565143082e-04 1.426672711238474e-07 6.827526533501725e+02
9.133619312156147e-03 1.424534229528779e-03 -2.196971793948383e-03 -1.827254949632018e-04 1.426635272349156e-07 6.843714981697445e+02
9.046024528968123e-03 1.325086540442600e-03 -1.588803486351278e-03 -2.660176374918625e-04 1.426663861311919e-07 6.841801813634348e+02
9.355968266933710e-03 1.413564246354346e-03 -1.519565391705283e-03 -2.689777989615037e-04 1.426593500073926e-07 6.827749011516109e+02
9.011864184265861e-03 1.406284296672406e-03 -2.344201443803102e-03 -1.894280254739898e-04 1.426652566097501e-07 6.835512919238919e+02
9.136016297659907e-03 1.434740867484009e-03 -2.010955301102575e-03 -2.118659781313833e-04 1.426614163843537e-07 6.850773078045456e+02
8.804709702388773e-03 1.369800759712997e-03 -1.898895136345349e-03 -2.269954831258446e-04 1.426628052859163e-07 6.850441770670374e+02
8.909989764794519e-03 1.409737491544059e-03 -1.425037641647848e-03 -2.380005248079353e-04 1.426647962223559e-07 6.840021234865533e+02
8.782780836632023e-03 1.353097963066518e-03 -1.346871405379902e-03 -2.268051644791742e-04 1.426651550152197e-07 6.845145948987928e+02
8.942217961016878e-03 1.434250826861112e-03 -1.787146752009842e-03 -2.281145731984806e-04 1.426622386173368e-07 6.843701899732433e+02
9.351118697850070e-03 1.462302876171417e-03 -1.587948312928400e-03 -2.727043647703828e-04 1.426674445672406e-07 6.837644896559107e+02
8.560455503798756e-03 1.344613381599626e-03 -2.027073131288366e-03 -2.093061532350573e-04 1.426580233399520e-07 6.815138063121019e+02
9.105437603634246e-03 1.358424954098905e-03 -1.310078531408000e-03 -2.551378791525353e-04 1.426570829835574e-07 6.811703418910021e+02
8.416410730787466e-03 1.456404229568007e-03 -1.904356520477999e-03 -2.238407369944864e-04 1.426696116079268e-07 6.810963969949338e+02
8.988925761154508e-03 1.394265598540620e-03 -1.969626455278313e-03 -2.373824808874454e-04 1.426629159296847e-07 6.847093775474034e+02
9.064668478088126e-03 1.388098390725335e-03 -1.079109909403118e-03 -2.295945692321090e-04 1.426596216043117e-07 6.831220472949768e+02
9.291534666122574e-03 1.418015602410704e-03 -1.976443887934517e-03 -2.423758903902307e-04 1.426647739102002e-07 6.838102483965960e+02
9.020238248360629e-03 1.388104851241389e-03 -1.009818866640586e-03 -3.358120459179797e-04 1.426625464428081e-07 6.840212661822515e+02
9.396506337504567e-03 1.499203072561713e-03 -7.861761763158152e-04 -2.969017517876365e-04 1.426702343040797e-07 6.819773628115149e+02
9.436291842114213e-03 1.408359275253102e-03 -7.426074955156641e-04 -2.731879883575481e-04 1.426620924255110e-07 6.840765021206032e+02
8.959896363603068e-03 1.436271887594280e-03 -1.922697188929528e-03 -2.610777852799930e-04 1.426658119440426e-07 6.839050889220099e+02
8.225172931754249e-03 1.385269892325037e-03 -2.493136196167628e-03 -1.944459958436442e-04 1.426655564122260e-07 6.836745253113419e+02
8.829064943195792e-03 1.325957116277951e-03 -1.655202908920930e-03 -2.345468864721579e-04 1.426601750255965e-07 6.837640320201575e+02
8.509575693155219e-03 1.398552860161657e-03 -1.892891521062619e-03 -1.829724649593124e-04 1.426607338440231e-07 6.832265955250720e+02
9.206158080340738e-03 1.372821807816664e-03 -2.117235457748201e-03 -2.292373370717429e-04 1.426526695057067e-07 6.745453697565330e+02
9.271622107904286e-03 1.383508934809910e-03 -1.750725694514696e-03 -2.361164752239637e-04 1.426628192759567e-07 6.837920390335260e+02
9.255641600667034e-03 1.487331846491402e-03 -1.957964736118810e-03 -2.605383824434961e-04 1.426688279069193e-07 6.837148701094924e+02
9.108213975769481e-03 1.451167976000042e-03 -1.660212512115672e-03 -2.730405209176938e-04 1.426698772245106e-07 6.825836213423727e+02
9.048920599086156e-03 1.417684662540371e-03 -2.495540515338770e-03 -1.626916510168957e-04 1.426612000030359e-07 6.840000773320730e+02
9.260943195999115e-03 1.443870252163176e-03 -1.803394343290633e-03 -1.957393267267105e-04 1.426660494137135e-07 6.837282640475246e+02
8.943922877397145e-03 1.434391049865214e-03 -2.147796408244001e-03 -2.110587327551821e-04 1.426672286481916e-07 6.828849301787402e+02
8.906098090366552e-03 1.420126468923732e-03 -7.849463383045105e-04 -3.420972814111094e-04 1.426566875661597e-07 6.795942457307117e+02
8.654848548506452e-03 1.391721184913558e-03 -2.018832958751043e-03 -2.137232064984929e-04 1.426593006091393e-07 6.839806256486654e+02
8.968821714805711e-03 1.381172654464106e-03 -2.186997676381620e-03 -2.160261387433070e-04 1.426631522223547e-07 6.841993973406675e+02
9.429033511068420e-03 1.444109047632882e-03 -1.121727729091938e-03 -3.158970675012467e-04 1.426648101685550e-07 6.843203873227149e+02
8.935869281378473e-03 1.390135502732809e-03 -1.620352725919337e-03 -2.453140092445329e-04 1.426651365742933e-07 6.837871306112831e+02
8.872679952388017e-03 1.454858985660089e-03 -2.042714056295202e-03 -2.712255877031583e-04 1.426686671954083e-07 6.831670311959654e+02
9.058672057706109e-03 1.394113053714514e-03 -3.918569223697874e-04 -3.515008052767442e-04 1.426660676565400e-07 6.837779473984060e+02
9.204504611596484e-03 1.373312868892828e-03 -2.270628884308813e-03 -2.229586769449381e-04 1.426634024166131e-07 6.846931174176615e+02
8.747225608590113e-03 1.326883066080805e-03 -2.165899318832722e-03 -1.856102046010491e-04 1.426622294277427e-07 6.839477890788933e+02
9.172110028890521e-03 1.373541683449526e-03 -1.926119405103904e-03 -2.259684931765120e-04 1.426648980386964e-07 6.849532309158152e+02
9.254277641453618e-03 1.467587965455788e-03 -1.550488092770463e-03 -2.178341226836705e-04 1.426650019774432e-07 6.828646555660836e+02
9.032889667293294e-03 1.408966908966114e-03 -1.464427414824233e-03 -2.475997181635814e-04 1.426620471683016e-07 6.839283858080671e+02
9.295359026493359e-03 1.434777611323645e-03 -8.692441731937723e-04 -2.839715680298618e-04 1.426649104934937e-07 6.832766892514741e+02
9.374604361085797e-03 1.443433054891661e-03 -1.220780029029655e-03 -2.964264744603982e-04 1.426641044865267e-07 6.832673788010948e+02
9.279752133453178e-03 1.387393606706410e-03 -1.930954086824665e-03 -2.584359135923231e-04 1.426614407550771e-07 6.840038724558675e+02
9.429485687189170e-03 1.402842049850439e-03 -1.043755182621590e-03 -2.685060697334042e-04 1.426664885591189e-07 6.848390206091418e+02
8.938547681742327e-03 1.392710937058357e-03 -1.775464095603505e-03 -2.814952078447528e-04 1.426613666503492e-07 6.850391395439782e+02
9.123747945555248e-03 1.391111990606279e-03 -1.999072438742670e-03 -2.672101039317909e-04 1.426605309963464e-07 6.833339458422219e+02
9.298714872890326e-03 1.425802504540349e-03 -1.538896221519193e-03 -2.053293606431096e-04 1.426617634937750e-07 6.840658021408790e+02
9.266172159105929e-03 1.449802606783617e-03 -1.744353927962066e-03 -2.350434837739062e-04 1.426628810526761e-07 6.840739909170362e+02
8.814167501764671e-03 1.395917085268817e-03 -1.173692107823667e-03 -2.646980653530551e-04 1.426641344160416e-07 6.838739291194163e+02
9.424894137479085e-03 1.402841209885716e-03 -3.259364264838524e-04 -3.494498897840111e-04 1.426609766389819e-07 6.841425886025102e+02
9.275391375076183e-03 1.454433289591726e-03 -7.460723210120682e-04 -3.354668101461180e-04 1.426694774331070e-07 6.829704704785764e+02
8.272893698581378e-03 1.372310633297088e-03 -1.305673900366778e-03 -3.005580889836906e-04 1.426657169245312e-07 6.835637916064173e+02
9.291794013706608e-03 1.373767633495300e-03 -1.099915336833095e-03 -2.864480855201078e-04 1.426623524873636e-07 6.852973309373461e+02
9.111187798112921e-03 1.551816605164137e-03 -2.493333770898982e-03 -1.797137129516729e-04 1.426739940084041e-07 6.764424745371030e+02
9.137491731477675e-03 1.511129056573459e-03 -2.078323570170803e-03 -2.428473584460324e-04 1.426682922409197e-07 6.828886887230254e+02
8.486530694979325e-03 1.351051585385828e-03 -2.030947708829432e-03 -2.227199016762772e-04 1.426597030724709e-07 6.829903895985753e+02
9.309618787919551e-03 1.447909436793707e-03 -1.303373650716602e-03 -3.093478931509170e-04 1.426669422946078e-07 6.826887540821272e+02
8.886945738844347e-03 1.420591726864200e-03 -2.762205584556477e-03 -2.261425400308957e-04 1.426663697530886e-07 6.845700902219023e+02
9.201979219378426e-03 1.396512755503854e-03 -1.411679419063387e-03 -2.771181051801446e-04 1.426603918127192e-07 6.829172583488474e+02
9.418040901693674e-03 1.412661165917483e-03 -1.213279153835352e-03 -2.859511508961852e-04 1.426630367281750e-07 6.839302464372079e+02
9.321573511135753e-03 1.402164923151934e-03 -5.640953003837866e-04 -3.033507529751176e-04 1.426611623901055e-07 6.835818014301454e+02
9.422772414072638e-03 1.435464684757586e-03 -1.030262286281292e-03 -3.151378433405854e-04 1.426602093009751e-07 6.830002054045466e+02
8.968548602630017e-03 1.381265572648378e-03 -2.237726423454579e-03 -2.193741577545576e-04 1.426599118120696e-07 6.836992272451954e+02
8.987353907808058e-03 1.478786270631343e-03 -1.971968626121392e-03 -2.531458103393296e-04 1.426697748938603e-07 6.811276177787887e+02
8.823969420142611e-03 1.408287850493294e-03 -1.005937522536381e-03 -2.659395207126910e-04 1.426634581642837e-07 6.841204811859307e+02
8.642369976575356e-03 1.394131012027900e-03 -1.546989093506006e-03 -2.441930503873065e-04 1.426643670399192e-07 6.837919965822737e+02
9.208850624333185e-03 1.423589715280086e-03 -1.816260200978849e-03 -2.083239000689503e-04 1.426622104020646e-07 6.845134682211999e+02
8.957880169872215e-03 1.428008074922299e-03 -1.464757125681358e-03 -2.267281380932301e-04 1.426670217284707e-07 6.835982286950559e+02
9.073420108461086e-03 1.393788948178559e-03 -8.189613507037673e-04 -2.298566011139080e-04 1.426646686146543e-07 6.836960809043097e+02
9.265634192455439e-03 1.454253774583203e-03 -1.082918472707041e-03 -2.864957700821616e-04 1.426675200395337e-07 6.843217440142361e+02
9.320410480843193e-03 1.370621349437051e-03 -5.607214497374962e-04 -2.951022383897577e-04 1.426619576511296e-07 6.838289331865570e+02
8.976706783987596e-03 1.441461892472926e-03 -1.543873628179973e-03 -2.921971273487056e-04 1.426643511970464e-07 6.843118486630692e+02
9.164201535959446e-03 1.376596694217560e-03 -2.030449646025114e-03 -2.070346217273032e-04 1.426592607691304e-07 6.836667406553196e+02
8.792965924382619e-03 1.381438907723151e-03 -2.055493583388563e-03 -2.021914898203966e-04 1.426620043115244e-07 6.840041501133539e+02
9.163468435989159e-03 1.371908925325122e-03 -1.838616175792405e-03 -2.199531946594584e-04 1.426610668143651e-07 6.847969553297196e+02
8.502185852655223e-03 1.359448370681564e-03 -1.750875909983272e-03 -2.519941660654280e-04 1.426604202809030e-07 6.827381238924435e+02
9.202365371702367e-03 1.447898817320107e-03 -4.338330663115149e-04 -2.903660213587378e-04 1.426662797998672e-07 6.846506697217176e+02
9.330579453279001e-03 1.373151506366992e-03 -1.382716215967414e-03 -2.443438232438678e-04 1.426578528724992e-07 6.814743217028779e+02
8.554137171261498e-03 1.363537349736458e-03 -1.436560682451684e-03 -2.517515748907786e-04 1.426646287498815e-07 6.840028204840845e+02
8.657557804350928e-03 1.360187442181279e-03 -1.692626382463399e-03 -2.892133305524099e-04 1.426592534844641e-07 6.825627695230944e+02
8.947787025755775e-03 1.389029448951487e-03 -1.037240207949190e-03 -3.034538519134364e-04 1.426610883966041e-07 6.842961884810037e+02
8.760408854705845e-03 1.424566203855237e-03 -1.596927325625877e-03 -2.574946552040657e-04 1.426651888459787e-07 6.847433193710025e+02
9.372009215910033e-03 1.430036437703434e-03 -1.315933895333967e-03 -2.345863009656690e-04 1.426612767212031e-07 6.829375334352428e+02
9.396080905431285e-03 1.470812300587618e-03 -9.799534729456373e-04 -3.238825472787853e-04 1.426688252617465e-07 6.815965746165078e+02
8.453228345617762e-03 1.390099503745805e-03 -1.232892059481984e-03 -2.477527002902865e-04 1.426654806229253e-07 6.840973625546326e+02
8.838119897584274e-03 1.332919775370348e-03 -1.563182209222611e-03 -2.049509683504901e-04 1.426557489310980e-07 6.792393585700772e+02
8.418053752073102e-03 1.314016736095196e-03 -2.095365326026226e-03 -2.452608839052599e-04 1.426609069038428e-07 6.844376208585136e+02
9.025124940742899e-03 1.470253511867802e-03 -1.838477485065689e-03 -2.404488541676141e-04 1.426694463777249e-07 6.821141991063290e+02
9.326479556937738e-03 1.457713947532598e-03 -1.737526142243773e-03 -2.304877185434380e-04 1.426673259499274e-07 6.827250601182176e+02
8.824220232808780e-03 1.392848662487500e-03 -1.302095521397034e-03 -2.708442871427535e-04 1.426614488384152e-07 6.833953453549806e+02
9.167449587563254e-03 1.481542258432212e-03 -1.597391509700513e-03 -2.586221319033282e-04 1.426651398181457e-07 6.851475146318218e+02
8.888147172564911e-03 1.450017759684442e-03 -2.460792766110399e-03 -2.088846031215356e-04 1.426677708800916e-07 6.829375240060380e+02
9.274597855110317e-03 1.436844145279045e-03 -8.939858801986872e-04 -2.740037183054554e-04 1.426632844071576e-07 6.843996437270437e+02
8.970559054535844e-03 1.396178871880538e-03 -2.250514830828657e-03 -1.939523126738472e-04 1.426621529600853e-07 6.842331165395823e+02
8.867335081639253e-03 1.360855295478252e-03 -2.298684053757993e-03 -2.120049638902599e-04 1.426614085744279e-07 6.834014291933084e+02
8.932063893613992e-03 1.422419397955546e-03 -1.359546103978894e-03 -2.494465381081245e-04 1.426675830862249e-07 6.838215972405582e+02
9.188106410409807e-03 1.352093950204301e-03 -1.627873343244292e-03 -2.402041109593121e-04 1.426606807356366e-07 6.839550800201009e+02
9.152303810417303e-03 1.378955612644890e-03 -1.884336542606035e-03 -2.343918323315462e-04 1.426620607712625e-07 6.853340031203428e+02
8.814401572265970e-03 1.453386108790671e-03 -1.107621603026058e-03 -2.889077306033096e-04 1.426672313742610e-07 6.844343349401579e+02
8.876585733252951e-03 1.381688477843920e-03 -1.018748449841955e-03 -3.223522343242281e-04 1.426611872040151e-07 6.838267266796254e+02
9.013014299644854e-03 1.392855395501421e-03 -1.316009377969011e-03 -2.551343820641092e-04 1.426591971323809e-07 6.825805120213787e+02
9.122543894693040e-03 1.438322517884208e-03 -1.935315061127472e-03 -2.080055001003262e-04 1.426661276135048e-07 6.828332158137770e+02
9.442789763007949e-03 1.447785967087720e-03 -1.808371493880851e-04 -3.157178419823883e-04 1.426681666488193e-07 6.837985641035647e+02
9.242396809098177e-03 1.426783843993390e-03 -4.776176977647733e-04 -2.829287989860795e-04 1.426636727137985e-07 6.846469508035257e+02
8.591834867025588e-03 1.363070493421787e-03 -1.413690396582053e-03 -2.449914948567496e-04 1.426657256634091e-07 6.844574261075229e+02
9.283157877437730e-03 1.417370460927002e-03 -1.743630810296923e-03 -2.658366238425824e-04 1.426638874669544e-07 6.846655536769822e+02
8.883239563895381e-03 1.404638289159095e-03 -1.570324010359466e-03 -2.441265749726509e-04 1.426652103217559e-07 6.841729365173388e+02
9.427848923785466e-03 1.430908087990760e-03 -9.583490274089666e-04 -2.923117446191301e-04 1.426645996605242e-07 6.830773785446693e+02
8.859204026804847e-03 1.400845235449312e-03 -1.055705235392129e-03 -2.488908219567110e-04 1.426657640221210e-07 6.837929714397520e+02
8.694816019710857e-03 1.376911956821049e-03 -1.569394585575349e-03 -2.581727473467837e-04 1.426616622439059e-07 6.837503712489062e+02
8.787998969903545e-03 1.402392986417981e-03 -1.442484619525249e-03 -2.490186793658956e-04 1.426634508025197e-07 6.839679590560080e+02
7.945565633697596e-03 1.337982371690538e-03 -1.955179379832447e-03 -1.915616225143677e-04 1.426619014868766e-07 6.834896085635472e+02
8.776563681553620e-03 1.410565434612228e-03 -1.650329043483223e-03 -2.556237016390577e-04 1.426655948346162e-07 6.835756765651751e+02
9.288444365871337e-03 1.471305975371806e-03 -1.871904503475414e-03 -2.222098161141500e-04 1.426663291727426e-07 6.849979307304483e+02
8.987208105928023e-03 1.394915064308613e-03 -1.212038059243953e-03 -2.812354143387775e-04 1.426600359467405e-07 6.830986999066195e+02
9.036536660101294e-03 1.458634493279657e-03 -2.012725066827437e-03 -2.332624311569243e-04 1.426634666101734e-07 6.851057138363337e+02
9.190916113500527e-03 1.425669070301760e-03 -2.264352812296321e-03 -1.166354489316856e-04 1.426539727755371e-07 6.766243141481084e+02
8.311765537735235e-03 1.375839144510859e-03 -1.665682138471574e-03 -2.777632268744554e-04 1.426644573711326e-07 6.834950059854953e+02
8.680209121780151e-03 1.344137953082772e-03 -3.383140360701122e-04 -3.190830832212015e-04 1.426613730781964e-07 6.834766445920245e+02
9.160373301135860e-03 1.380345032206972e-03 -4.416635407574981e-04 -2.679795787047619e-04 1.426613903416451e-07 6.850954638824774e+02
9.073186205300329e-03 1.359488420215226e-03 -1.139104343888025e-03 -2.805482008564850e-04 1.426606375226843e-07 6.837090504415477e+02
9.213991049822659e-03 1.430294205039985e-03 -1.105328833211696e-03 -2.643730193909827e-04 1.426655266648336e-07 6.842201406333768e+02
9.272919230864370e-03 1.425822046106279e-03 -2.049663703070096e-03 -2.267342883961722e-04 1.426661509620478e-07 6.840329776187975e+02
9.096910725603440e-03 1.345839403366519e-03 -1.100680170180395e-03 -2.591393558707869e-04 1.426582949851979e-07 6.830544373459245e+02
8.878184616166311e-03 1.424540832919800e-03 -1.987281011255324e-03 -2.193941241156581e-04 1.426572202381831e-07 6.808052124403232e+02
9.095641475865706e-03 1.472961720601234e-03 -7.529042122761330e-04 -2.962648998291960e-04 1.426683030748692e-07 6.826118050411200e+02
8.628225822394789e-03 1.389910982130171e-03 -1.023737403942764e-03 -2.876256409018266e-04 1.426632392420153e-07 6.846281219459693e+02
8.827551923037427e-03 1.375986514805444e-03 -2.807669871599496e-03 -1.678351630316323e-04 1.426647707490550e-07 6.843306675348599e+02
8.558567682465459e-03 1.387725092234500e-03 -2.208133090811920e-03 -1.920545190129736e-04 1.426665758772309e-07 6.829898291515958e+02
9.144939746180712e-03 1.445604689868843e-03 -1.290324032473804e-03 -2.870179966240361e-04 1.426671325162201e-07 6.841972086823797e+02
9.256586953728734e-03 1.456318118940988e-03 -2.121815710569618e-03 -2.473742637936014e-04 1.426665796550724e-07 6.833684144582966e+02
9.380419654164081e-03 1.406999415445948e-03 -1.453068980997990e-03 -2.135780564740586e-04 1.426629130017909e-07 6.831556017359244e+02
8.110570482643565e-03 1.348189952172273e-03 -1.823709164249943e-03 -1.963403076278135e-04 1.426616203511683e-07 6.836960567508038e+02
8.616405756790055e-03 1.532192477469368e-03 -1.653796390704452e-03 -1.939014843117628e-04 1.426717388366003e-07 6.813543601232413e+02
9.072035693158696e-03 1.429815939852595e-03 -1.110708291800233e-03 -2.887012922414844e-04 1.426672471898950e-07 6.831439163119326e+02
8.768026376937663e-03 1.331200186686846e-03 -1.506681178025218e-03 -2.855540972510524e-04 1.426644704383194e-07 6.850225259272154e+02
8.301590613778661e-03 1.386330508621703e-03 -2.130495798715514e-03 -2.474693799683652e-04 1.426682529701334e-07 6.831568714149903e+02
9.208235661449590e-03 1.490537202681681e-03 -1.499808877331477e-03 -2.856919360773869e-04 1.426707746206120e-07 6.816819523377758e+02
9.373341199534408e-03 1.459509846069678e-03 -8.152857829190022e-04 -3.431020398608357e-04 1.426636079855945e-07 6.830881401137269e+02
9.121293031111744e-03 1.489016063509587e-03 -1.547920828863644e-03 -2.560169887587112e-04 1.426683275042062e-07 6.831832644576451e+02
9.045798770388157e-03 1.372689923927754e-03 -1.693506896334720e-03 -2.370133207952818e-04 1.426619841739779e-07 6.853843581825832e+02
9.356200656179424e-03 1.402759592753252e-03 -4.657186492706590e-04 -2.878480727653684e-04 1.426619855709887e-07 6.854563871004924e+02
9.288940887988470e-03 1.540472221195813e-03 -1.224057674161621e-03 -2.966858448751734e-04 1.426697962047481e-07 6.827179149968808e+02
9.396778083461461e-03 1.411170478667465e-03 -1.131724656787394e-03 -2.738735243194442e-04 1.426647299544849e-07 6.842537615341140e+02
8.905830863084902e-03 1.403487370001805e-03 -1.665227076815039e-03 -2.340331562100622e-04 1.426668999099284e-07 6.838483158971222e+02
9.360884071704883e-03 1.367093658415534e-03 -1.190998528575532e-03 -2.578333958220682e-04 1.426608223474513e-07 6.833754138734807e+02
9.298300878302192e-03 1.414962589736943e-03 -1.665365543933498e-03 -2.502736072074042e-04 1.426636172789540e-07 6.856609047927656e+02
9.154827053127626e-03 1.397979205634172e-03 -1.240054127850774e-03 -2.955449073785846e-04 1.426615066752291e-07 6.834008673206414e+02
9.277129695807263e-03 1.519214911321159e-03 -2.082288704992677e-04 -3.567356059301280e-04 1.426657157110106e-07 6.843130065014477e+02
9.364958919120731e-03 1.381858054083219e-03 -1.330192828634404e-03 -2.270885087793041e-04 1.426559075549446e-07 6.795031183528807e+02
9.022479652796655e-03 1.491363449551462e-03 -1.144043240815971e-03 -2.480194968549299e-04 1.426699048780602e-07 6.813252024804775e+02
8.899564651967319e-03 1.367326063121125e-03 -1.966344494743756e-03 -2.447875511930729e-04 1.426621780814650e-07 6.852123866185993e+02
9.393158422643757e-03 1.409978958488517e-03 -1.115219537810455e-03 -2.237299237096699e-04 1.426624068345035e-07 6.844280547523359e+02
8.780793574053774e-03 1.381390210259829e-03 -5.950447218413108e-04 -3.201624961892085e-04 1.426652214259239e-07 6.836434873423368e+02
8.594292498119004e-03 1.326565804454060e-03 -2.284907221031017e-03 -2.083704157513887e-04 1.426577086781552e-07 6.817635593518226e+02
8.997457752601461e-03 1.452569895851883e-03 -3.144948227361916e-04 -2.855507203539120e-04 1.426649593809981e-07 6.844458579730434e+02
9.211093583063766e-03 1.520606935817658e-03 -3.061890609213215e-04 -3.265330653699714e-04 1.426735792886472e-07 6.788286342268146e+02
9.355765200717037e-03 1.443465025356526e-03 -1.112633752566644e-03 -2.820585072088568e-04 1.426653493174393e-07 6.839591504794095e+02
9.080938774195821e-03 1.375564828242248e-03 -1.834114259753386e-03 -2.247473749532143e-04 1.426605377631887e-07 6.838578958637335e+02
8.961248459992178e-03 1.405419568261464e-03 -2.134734710517289e-03 -2.299332759298807e-04 1.426636973824730e-07 6.832581322193956e+02
8.759277820548389e-03 1.357507830084012e-03 -2.227908491271642e-03 -1.792199451279947e-04 1.426595821844916e-07 6.824405770620326e+02
9.087006053468490e-03 1.452617990037773e-03 -1.821332904045676e-03 -2.611701389799787e-04 1.426673902422272e-07 6.826631522773392e+02
9.403361662467233e-03 1.500673585902691e-03 -1.179633407681400e-03 -2.997239191744932e-04 1.426655301023648e-07 6.847648997952269e+02
9.287853088985335e-03 1.423194889877178e-03 -1.942389697680791e-03 -2.240582717790441e-04 1.426629096339826e-07 6.841490203760610e+02
9.214351411398675e-03 1.398607363460259e-03 -1.638179608471639e-03 -2.217941117552396e-04 1.426626880249602e-07 6.841994854827444e+02
8.440477774389466e-03 1.344324959628616e-03 -1.370205539756456e-03 -3.015510133822694e-04 1.426583403093396e-07 6.825875052434377e+02
8.792396351283085e-03 1.379396127671704e-03 -2.654098380733213e-03 -2.029892705275620e-04 1.426618981333576e-07 6.851702099063414e+02
8.903917728842161e-03 1.381252155956301e-03 -2.170850905880976e-03 -1.892988937092322e-04 1.426606636760503e-07 6.839561834814153e+02
9.246199264075976e-03 1.456161057980141e-03 -1.616153987187669e-03 -2.653287541795174e-04 1.426683707458881e-07 6.824217708206451e+02
9.317473401509593e-03 1.503678003344227e-03 -9.936765795111829e-04 -3.414720733114521e-04 1.426719236204205e-07 6.793717205288382e+02
9.003854096536642e-03 1.361955389540396e-03 -2.708569655840514e-03 -1.912600305652174e-04 1.426618636593875e-07 6.846647286873452e+02
8.980783802997694e-03 1.416287567897327e-03 -1.437114084550454e-03 -2.695032266896584e-04 1.426672637679873e-07 6.828583951455890e+02
8.983273821091734e-03 1.339019400465844e-03 -1.658082086965775e-03 -2.623943041535347e-04 1.426590062064174e-07 6.827250887881679e+02
9.186600206629637e-03 1.391897432030661e-03 -1.378439903267613e-03 -2.295310244560743e-04 1.426638006914069e-07 6.850343786340246e+02
8.927314281753607e-03 1.427040720565685e-03 -8.259456499908565e-04 -2.636225968678426e-04 1.426658674316198e-07 6.834319291086341e+02
8.950564796554003e-03 1.386216308514629e-03 -2.980657402738804e-03 -2.164622608332919e-04 1.426598873586621e-07 6.846467495940731e+02
9.088302554652511e-03 1.450423600990341e-03 -2.409982575814952e-03 -2.171660675084245e-04 1.426676018418019e-07 6.825930735666955e+02
9.462713922023270e-03 1.430972955559339e-03 -4.565487450079656e-04 -2.593053100752448e-04 1.426612741484695e-07 6.846470657256975e+02
8.550781077108251e-03 1.379552932444618e-03 -7.947949585648715e-04 -2.930135640552358e-04 1.426644522922594e-07 6.847330378321954e+02
8.858810908843639e-03 1.408169220323358e-03 -1.827719615467983e-03 -2.419786197252488e-04 1.426648089525118e-07 6.834341905527750e+02
8.700168693273900e-03 1.336890498828659e-03 -6.766859320034769e-04 -2.562490824776040e-04 1.426603459179468e-07 6.845867231052841e+02
8.366464225221332e-03 1.393110011817490e-03 -1.814797548634198e-03 -2.317259481840360e-04 1.426641119748648e-07 6.833313253268921e+02
9.038358124503426e-03 1.424640925101116e-03 -1.261977269551152e-03 -2.659470644541783e-04 1.426632252908963e-07 6.843238081666641e+02
9.008141483344117e-03 1.478106131155903e-03 -1.681240472943631e-03 -2.748268988011176e-04 1.426716851802925e-07 6.805626443221403e+02
9.216855531421007e-03 1.408175178682612e-03 -1.258272617790088e-03 -3.225183083781521e-04 1.426592085849758e-07 6.834805916088861e+02
9.036437409987238e-03 1.459114156179815e-03 -1.130713274783909e-03 -3.034515833392891e-04 1.426649508881513e-07 6.846812008451357e+02
9.368785578462090e-03 1.453093827104994e-03 -1.092821839359999e-03 -2.978603352247774e-04 1.426649192019301e-07 6.837846298137265e+02
9.109190981166365e-03 1.457284395722119e-03 -1.190830947606430e-03 -2.702006767121357e-04 1.426685183382908e-07 6.825412021337806e+02
9.239639523807729e-03 1.430521347653199e-03 -1.756972703559094e-03 -2.414572764470495e-04 1.426678246168059e-07 6.843031209615480e+02
9.208678075834371e-03 1.437935872764074e-03 -1.437277067590556e-03 -2.576739436346328e-04 1.426642949441356e-07 6.844953277923195e+02
9.089806696534428e-03 1.412750388338645e-03 -1.720491819854626e-03 -2.134531897911793e-04 1.426631387540153e-07 6.832453878158406e+02
9.135803492065541e-03 1.410640190800630e-03 -1.504965873513103e-03 -2.654041428201949e-04 1.426611546352276e-07 6.827373540643728e+02
9.221130702271447e-03 1.402931635667051e-03 -9.791772598774450e-04 -2.810160935054904e-04 1.426575119837724e-07 6.828386350021922e+02
9.320854845802702e-03 1.447783673552659e-03 -1.345033863915781e-03 -2.406311712587893e-04 1.426657971299828e-07 6.828926619890376e+02
9.226609287837313e-03 1.442039961922464e-03 -7.335031125377339e-04 -3.128439792392182e-04 1.426671260120255e-07 6.833160984571465e+02
9.259580834082527e-03 1.359415988683112e-03 -3.390610745881642e-04 -2.936515751590194e-04 1.426591377830677e-07 6.839643726675375e+02
9.285571270341464e-03 1.456486904834911e-03 -1.717608967552902e-03 -2.698410527208590e-04 1.426652307812887e-07 6.840134024356211e+02
9.190537568507190e-03 1.415608731191132e-03 -1.356789209238749e-03 -2.419522200050913e-04 1.426621795309418e-07 6.839503831786257e+02
9.025696284166445e-03 1.320603680400891e-03 -6.617460328381834e-04 -2.696251771577116e-04 1.426615977082796e-07 6.846253091327235e+02
8.813061528929347e-03 1.352940822995536e-03 -1.567430259098015e-03 -2.917057098887336e-04 1.426636953371256e-07 6.842888928400084e+02
9.138304421169760e-03 1.434761022109213e-03 -6.233933643486088e-04 -2.773243524132449e-04 1.426667339119293e-07 6.845450174477035e+02
9.195358081024365e-03 1.396623561425740e-03 -1.261102627796341e-03 -2.403598920815955e-04 1.426638524296776e-07 6.837005100843841e+02
9.072075612099561e-03 1.437202402837073e-03 -2.312629897347661e-03 -2.123541766681589e-04 1.426667660901456e-07 6.844770425445230e+02
8.494586478190369e-03 1.361762253983058e-03 -1.636702186644778e-03 -2.299322444114237e-04 1.426600856139517e-07 6.828070630314520e+02
8.909031646845254e-03 1.371032312685165e-03 -2.433699853532444e-03 -2.044679712798016e-04 1.426640162886222e-07 6.837691644893711e+02
9.141769829549827e-03 1.391200852997707e-03 -1.513704838226873e-03 -3.016488020961968e-04 1.426632683634009e-07 6.850021286221727e+02
8.773329103402961e-03 1.526871443511517e-03 -2.084013905024812e-03 -2.063941359962934e-04 1.426695802377581e-07 6.824587713912834e+02
8.933126155492034e-03 1.470304489148452e-03 -1.557621359390131e-03 -2.291790116074143e-04 1.426672867746764e-07 6.837987777234764e+02
8.728325277725836e-03 1.465202597022942e-03 -2.478614981952396e-03 -2.355220411030591e-04 1.426685973499860e-07 6.832778100832579e+02
9.215167022259812e-03 1.493869871250901e-03 -1.060722076236281e-03 -3.323228252595298e-04 1.426708245780198e-07 6.809241191588296e+02
9.111707187188374e-03 1.428292060826253e-03 -1.738979191011326e-03 -2.468851497486684e-04 1.426639440905055e-07 6.855373033067293e+02
9.057733573717350e-03 1.394141509799206e-03 -6.297411602223310e-04 -2.610135367453212e-04 1.426626491686645e-07 6.843740720806235e+02
8.827379996948440e-03 1.398099179388138e-03 -1.948747333816874e-03 -2.436182875283280e-04 1.426612885081146e-07 6.850104662625318e+02
9.329588403501928e-03 1.359355635799454e-03 -4.290064166634115e-04 -2.627805410706244e-04 1.426607752338406e-07 6.849813594146458e+02
9.258303688766579e-03 1.406600232569725e-03 -1.336413261477233e-03 -1.984603534192272e-04 1.426624294533232e-07 6.843230872929981e+02
9.239718246858935e-03 1.393139136572884e-03 -7.338338411712581e-04 -3.195913420665758e-04 1.426613484860743e-07 6.844206549608996e+02
9.034606116965950e-03 1.394536033319182e-03 -2.369432413385571e-03 -2.098190346628956e-04 1.426636947062036e-07 6.837162442549683e+02
9.361708722190892e-03 1.446474448799772e-03 -8.114903234862677e-04 -3.023082139006956e-04 1.426655959187850e-07 6.834724770863187e+02
9.385136800774612e-03 1.493266002933583e-03 -5.889254217442157e-04 -2.819192503875977e-04 1.426662755181952e-07 6.840970209110874e+02
8.564150135938860e-03 1.377106193910918e-03 -1.846241934300906e-03 -1.932436106838013e-04 1.426609476830056e-07 6.838672589704944e+02
9.278313084536863e-03 1.360232326343379e-03 -1.804489602172729e-03 -2.529180857139692e-04 1.426635995502185e-07 6.842571832655410e+02
9.178387679398433e-03 1.394159335190454e-03 -1.811161005528470e-03 -2.635783622919611e-04 1.426606526739430e-07 6.829195091098943e+02
9.090554214767215e-03 1.422252514394220e-03 -1.883431444137113e-03 -1.968846262422282e-04 1.426617343661659e-07 6.834889507959941e+02
8.888925550048599e-03 1.403187600948485e-03 -1.219740740574151e-03 -3.001228036177635e-04 1.426628200309845e-07 6.837445654852620e+02
9.355051558047615e-03 1.411882307083255e-03 -8.644524001861120e-04 -2.617280236441467e-04 1.426629525248733e-07 6.833676787551653e+02
9.243885716670387e-03 1.405085854311092e-03 -1.406909798626934e-03 -2.406946157115335e-04 1.426623481263154e-07 6.848282623979442e+02
9.249153767281304e-03 1.394466344570370e-03 -1.532829960590176e-03 -3.049113875771827e-04 1.426610208172328e-07 6.844107029540447e+02
8.624915317157296e-03 1.399357755168261e-03 -1.805700110580995e-03 -3.141513595840947e-04 1.426646147610456e-07 6.842471412291258e+02
8.917771056868454e-03 1.405701243599486e-03 -2.133499298018331e-03 -1.995898872827475e-04 1.426633783882389e-07 6.838625281089745e+02
9.289863092697076e-03 1.465389403520318e-03 -1.966209437351803e-03 -1.961177600611362e-04 1.426658666292598e-07 6.831910278689301e+02
8.880872764094376e-03 1.361898163307202e-03 -2.257231304054936e-03 -1.948063670126143e-04 1.426555970941049e-07 6.787873356398351e+02
8.661921724504010e-03 1.401359825603232e-03 -1.081793829926894e-03 -2.978709336409254e-04 1.426632281672453e-07 6.838109068852954e+02
9.262080222918972e-03 1.413672673619353e-03 -1.842387639050519e-03 -2.424150400221523e-04 1.426603313553264e-07 6.838253127970914e+02
9.374458593218728e-03 1.453173034903325e-03 -1.178426210442582e-03 -2.495678159425046e-04 1.426661264361460e-07 6.832132020112293e+02
9.415567935756122e-03 1.450446317063299e-03 -6.972494666699960e-04 -2.761433779287448e-04 1.426623821788493e-07 6.846804402324748e+02
9.134111649059076e-03 1.420628001495533e-03 -1.611327841718847e-03 -2.207842055839648e-04 1.426578479955659e-07 6.821734142346540e+02
9.270101503709724e-03 1.474291379191832e-03 -1.237115240092241e-03 -2.624073384601340e-04 1.426657038277439e-07 6.849747886022593e+02
9.202465098080570e-03 1.471020593857362e-03 -1.885031327800680e-03 -2.345326844672839e-04 1.426658982414095e-07 6.842099954405613e+02
9.255800973745232e-03 1.433084065283367e-03 -1.199499368925929e-03 -2.868400157807771e-04 1.426656331099886e-07 6.832235139970394e+02
8.942346002914882e-03 1.398372295441746e-03 -8.370106926794667e-04 -2.791328894561918e-04 1.426645662612040e-07 6.844740197150734e+02
8.519185676043501e-03 1.386376171655020e-03 -2.392291972011054e-03 -2.124353084757525e-04 1.426637845330509e-07 6.836229018129086e+02
9.083567204807434e-03 1.493523777506121e-03 -1.487379099548994e-03 -3.335242763062724e-04 1.426683909052107e-07 6.822148743721942e+02
9.410483320613039e-03 1.443760475242071e-03 -1.238605879097559e-03 -2.574616959445993e-04 1.426619931182209e-07 6.835391399256993e+02
8.554926944132943e-03 1.383180563696722e-03 -1.132365393271115e-03 -2.523574786318060e-04 1.426653099791963e-07 6.847198175295388e+02
9.070036460097523e-03 1.472352181770893e-03 -9.695815833351827e-04 -2.979677159941266e-04 1.426662184917187e-07 6.830535373735429e+02
9.028702843540444e-03 1.428071035991788e-03 -1.745324847609340e-03 -2.702037305774234e-04 1.426708085277683e-07 6.820076579012273e+02
8.772181018367254e-03 1.357972112284142e-03 -2.183800742490721e-03 -2.475051450056960e-04 1.426644252540118e-07 6.840892463207812e+02
9.216270131861885e-03 1.416377689742578e-03 -1.648381577041129e-03 -2.628817900946498e-04 1.426656032693070e-07 6.839438097332585e+02
8.692921948669148e-03 1.410709360542271e-03 -2.086715058018830e-03 -1.662115247621464e-04 1.426648106995339e-07 6.832187946939181e+02
9.013689452747841e-03 1.435767483379397e-03 -1.896616151477980e-03 -2.461900779116408e-04 1.426652815453918e-07 6.836288223330762e+02
9.159210492396227e-03 1.322266514399342e-03 -2.164289316996735e-03 -2.217405080209088e-04 1.426604985537119e-07 6.846316317567342e+02
9.168428256503536e-03 1.485637268484962e-03 -1.924385362370617e-03 -2.801325664823498e-04 1.426680458468552e-07 6.818719731283899e+02
9.279622409255825e-03 1.440726686160609e-03 -1.474610955177882e-03 -2.640628059774530e-04 1.426660141970624e-07 6.833579464224084e+02
9.428366793726738e-03 1.444632630973147e-03 -1.039311282497794e-03 -2.511745276985276e-04 1.426616123002711e-07 6.843881924236555e+02
8.936030043612667e-03 1.426631638611187e-03 -1.786036519566790e-03 -2.627954641879409e-04 1.426655195062658e-07 6.846532567292940e+02
9.001421693899610e-03 1.365716462605172e-03 -1.142041339085916e-03 -2.641722501410046e-04 1.426626364587539e-07 6.842975204582062e+02
9.018116641429316e-03 1.431788651797290e-03 -2.698694865235745e-03 -2.352782504690965e-04 1.426695159472272e-07 6.821741898800377e+02
8.418304828640574e-03 1.466316607028427e-03 -1.328755183222172e-03 -2.675660248286483e-04 1.426693705053572e-07 6.819981948869117e+02
9.159974651351068e-03 1.422948817768901e-03 -5.122644375680494e-04 -3.303238579391415e-04 1.426621526290440e-07 6.841189358050445e+02
9.190944900489054e-03 1.420912000207450e-03 -1.286662286609125e-03 -2.394342902671510e-04 1.426616932967030e-07 6.847647310249536e+02
8.965628003480547e-03 1.385504793572751e-03 -2.732235743567718e-03 -1.041593674288090e-04 1.426580700823879e-07 6.816452540712726e+02
9.209850495978224e-03 1.403698405587932e-03 -1.742680633089414e-03 -2.037458762712523e-04 1.426617028010806e-07 6.834335151015148e+02
9.016164917815527e-03 1.511863793398008e-03 -1.931161155274460e-03 -2.785361360525246e-04 1.426674919880221e-07 6.841780631082912e+02
9.140979941670360e-03 1.355101940159474e-03 -1.801469184122144e-03 -2.504626825253205e-04 1.426606176307345e-07 6.845939476492031e+02
9.167673406864599e-03 1.416414112130246e-03 -1.330824033535024e-03 -2.907477420703905e-04 1.426631835016480e-07 6.833492994176548e+02
8.918683188271022e-03 1.414864560680050e-03 -9.147159463010477e-04 -2.953214655320241e-04 1.426640781397251e-07 6.848937041441167e+02
9.165727423993190e-03 1.379304174841354e-03 -1.343864885236187e-03 -2.461841411772447e-04 1.426606170619136e-07 6.834549538757819e+02
9.261078642652536e-03 1.388451299821821e-03 -1.972265146806164e-03 -2.608711148522814e-04 1.426653111685951e-07 6.845141671493097e+02
8.830401959016014e-03 1.380290700114412e-03 -1.147557642398161e-03 -3.153312626267444e-04 1.426644697905376e-07 6.835910691038764e+02
8.844407057439932e-03 1.365902862717278e-03 -1.219506475775393e-03 -2.627492809142164e-04 1.426568655363319e-07 6.816810345470398e+02
8.811097144133490e-03 1.354380060032730e-03 -9.723414341430113e-04 -3.058575902253323e-04 1.426643264345712e-07 6.840722042251625e+02
8.754339672384488e-03 1.398155910372583e-03 -2.509422860679819e-03 -1.732175095508040e-04 1.426635824937122e-07 6.836484151958228e+02
9.153501756016867e-03 1.361381080466462e-03 -1.098811272695655e-03 -2.637694808458742e-04 1.426604388013718e-07 6.846659843070963e+02
9.247640546995351e-03 1.447159068877916e-03 -1.026051467358432e-03 -2.668495019678654e-04 1.426642542432068e-07 6.854291599255722e+02
9.099510132020537e-03 1.409317072691081e-03 -1.894019037832806e-03 -2.186501014968238e-04 1.426580050574864e-07 6.823634662905899e+02
9.255899200027624e-03 1.390936505817160e-03 -1.714618495504185e-03 -2.331284195071838e-04 1.426590144350675e-07 6.824249925742146e+02
9.057261485238889e-03 1.477250517873766e-03 -2.071384978061415e-03 -2.496899528952414e-04 1.426663841988419e-07 6.836548437141369e+02
8.864848528120845e-03 1.359556476168698e-03 -1.491701171416796e-04 -3.284007704015535e-04 1.426593302108261e-07 6.834755883530222e+02
9.100752165453471e-03 1.385676264385023e-03 -1.713431068887393e-03 -2.206350819323585e-04 1.426616711069375e-07 6.840536889825821e+02
8.956868142021110e-03 1.392383590681481e-03 -1.770914135050049e-03 -2.714662198901409e-04 1.426649907319445e-07 6.848395631878249e+02
8.462478790567742e-03 1.381148389750330e-03 -1.362506708148764e-03 -2.913737748883531e-04 1.426623287168728e-07 6.845507031151448e+02
8.877127550487163e-03 1.415275087184514e-03 -1.570257413054518e-03 -2.410779546917099e-04 1.426529902957134e-07 6.754335234436720e+02
8.749632274333497e-03 1.378380225363715e-03 -1.184011043309443e-03 -2.859806027959555e-04 1.426555617696790e-07 6.800115145379123e+02
8.984164531496523e-03 1.444278808734917e-03 -1.587722438917392e-03 -2.592202704702013e-04 1.426703870008243e-07 6.811973287936993e+02
9.421145794751309e-03 1.502134222801885e-03 -1.059958613889203e-03 -3.208025483819481e-04 1.426695376946940e-07 6.817431289376119e+02
9.059402540329241e-03 1.459109739466103e-03 -1.472233550233119e-03 -2.650850790799381e-04 1.426688333738237e-07 6.818072858222315e+02
9.135867253158630e-03 1.433529312998426e-03 -1.633064726430080e-03 -2.299310198924437e-04 1.426654492671257e-07 6.834576182540210e+02
9.160432927753594e-03 1.464667967055823e-03 -1.480581455803560e-03 -2.488296067856490e-04 1.426636070309002e-07 6.852937432057735e+02
9.225368863129843e-03 1.369233192748262e-03 -2.242589649860753e-03 -1.724167022209962e-04 1.426616150249773e-07 6.839450047885005e+02
9.220072287801971e-03 1.510232606049869e-03 -1.711250804283510e-03 -2.289408733954317e-04 1.426679935482850e-07 6.818283229954874e+02
9.154543977648002e-03 1.399474750883330e-03 -2.535821666543489e-03 -2.076112164812353e-04 1.426636073099295e-07 6.832864761909177e+02
9.257127649141317e-03 1.426696669076616e-03 -9.972615073151317e-04 -3.125741073981794e-04 1.426667018308313e-07 6.835579329893585e+02
8.945581202594501e-03 1.420392958787410e-03 -2.124053895603802e-03 -1.978575951705957e-04 1.426613122095764e-07 6.848162313442821e+02
9.209072565272577e-03 1.465054885837498e-03 -1.180951627188708e-03 -3.012850705864423e-04 1.426676498584605e-07 6.829229872499978e+02
8.952573660624595e-03 1.419116197897779e-03 -1.136108903154449e-03 -2.885585457275747e-04 1.426663052015951e-07 6.837127937095523e+02
9.086319734914914e-03 1.460804444989927e-03 -1.505563862530573e-03 -2.515353367632548e-04 1.426668586708697e-07 6.842678721135911e+02
9.220572174413898e-03 1.390656946967795e-03 -2.138575604274399e-03 -1.857635576424205e-04 1.426628382822871e-07 6.853913218333365e+02
9.315857650944033e-03 1.423132431387086e-03 -1.767960280591114e-03 -2.349649860107658e-04 1.426645437961780e-07 6.845934925492859e+02
8.942221773077668e-03 1.364046438414819e-03 -2.045064566592225e-03 -2.422072160447293e-04 1.426639601164112e-07 6.843888764141983e+02
8.740525584311720e-03 1.400292184255709e-03 -7.219801997882520e-04 -3.228168168644430e-04 1.426641330968965e-07 6.833286532758970e+02
9.150892987006302e-03 1.413427732514944e-03 -1.719913837045181e-03 -2.595208898617673e-04 1.426611135393404e-07 6.838526343972983e+02
8.931205952110326e-03 1.441612260310313e-03 -2.058039345264698e-03 -2.244624942675583e-04 1.426643321104955e-07 6.832087750804883e+02
9.176954011878317e-03 1.397567190434955e-03 -2.234825149819105e-03 -2.360344756741613e-04 1.426622685634910e-07 6.843330848934246e+02
9.384002300290099e-03 1.419996001733904e-03 -1.402977467593766e-03 -2.912849723274212e-04 1.426652047017817e-07 6.832738773278717e+02
8.912932661659019e-03 1.416505985209314e-03 -2.008526126717589e-03 -2.248495577083114e-04 1.426617046370176e-07 6.832607344816797e+02
9.045983975988950e-03 1.411519632641720e-03 -5.709319411233085e-04 -2.888164170142046e-04 1.426642505165663e-07 6.841070443060540e+02
8.575004896228181e-03 1.369677984882373e-03 -2.505352391414988e-03 -1.825574522269055e-04 1.426594542752929e-07 6.841653784585925e+02
9.425675911791739e-03 1.476426436583428e-03 -7.942691406341560e-04 -3.013731939397048e-04 1.426687935125062e-07 6.830191825406774e+02
9.199910975583510e-03 1.394158813882761e-03 -1.028496008752127e-03 -2.334354801520481e-04 1.426617382783573e-07 6.838490373751218e+02
8.906541341132824e-03 1.459939742133479e-03 -2.512479620511590e-03 -1.653985863910476e-04 1.426704452842827e-07 6.807745599199553e+02
9.127123181860595e-03 1.441174532872349e-03 -2.122636858301150e-03 -1.959695149005506e-04 1.426648954671800e-07 6.852673186851525e+02
8.608545716692251e-03 1.410089493324958e-03 -1.965257749298313e-03 -2.424900611593508e-04 1.426694456021021e-07 6.819484212506802e+02
8.377276457059820e-03 1.326989882085030e-03 -2.688500140621447e-03 -2.141868988806477e-04 1.426614631723686e-07 6.843551944758249e+02
8.461617831389222e-03 1.346332506065684e-03 -8.304171619848390e-04 -2.836537713372736e-04 1.426647220865402e-07 6.846585049385593e+02
9.140642453764922e-03 1.440759161525460e-03 -1.040826947085222e-03 -3.063169932507179e-04 1.426691262734457e-07 6.826291951749449e+02
9.217631919655392e-03 1.395858049181643e-03 -1.831473760861773e-03 -1.901069957177973e-04 1.426602824543369e-07 6.828529414465411e+02
9.348654925766087e-03 1.407135114965233e-03 -1.084703827839074e-03 -2.995451723164892e-04 1.426649851785690e-07 6.836040783432810e+02
9.281116400628765e-03 1.382225470219304e-03 -1.047587324485297e-03 -2.602147531144767e-04 1.426615349246908e-07 6.848135522458720e+02
9.015643043922468e-03 1.400801061703887e-03 -2.037219383094197e-03 -2.137519212353298e-04 1.426629681165010e-07 6.840090786302043e+02
9.371799857350418e-03 1.446430942172304e-03 -9.228729609664914e-04 -3.269303981367005e-04 1.426670580346378e-07 6.828597036875827e+02
9.255882232728529e-03 1.399554388196946e-03 -2.115747752310917e-03 -2.121187832595066e-04 1.426649349138062e-07 6.839091718416361e+02
8.901603305808250e-03 1.399709473024147e-03 -2.195103999087249e-03 -2.292278813860227e-04 1.426625502656562e-07 6.851744648702595e+02
9.203469773298924e-03 1.443710476522724e-03 -2.251791810542073e-03 -2.118547585717211e-04 1.426640988348042e-07 6.843146154680983e+02
9.471271388530340e-03 1.487623425522267e-03 4.051730777857681e-05 -2.873505076926866e-04 1.426680061979418e-07 6.829820125945978e+02
8.699273655129311e-03 1.434459367648245e-03 -2.487837416818320e-03 -1.904257543857267e-04 1.426670772517311e-07 6.834379333594471e+02
9.008413036691204e-03 1.525060072773997e-03 -2.272338506211955e-03 -2.490781477501046e-04 1.426712135471528e-07 6.801144466630692e+02
9.292684629216640e-03 1.396370122071538e-03 -1.688062956037867e-03 -2.815337027426712e-04 1.426649798710528e-07 6.841750395671180e+02
9.221047874897139e-03 1.413151768519676e-03 -1.676752019311463e-03 -2.793318745490226e-04 1.426583681166824e-07 6.816947803905447e+02
9.094793969096168e-03 1.444563042387302e-03 -1.932964786965975e-03 -2.281906350151864e-04 1.426663401323093e-07 6.836176150943436e+02
8.826354080466196e-03 1.374375802890426e-03 -1.381198893506979e-03 -2.767211639367262e-04 1.426615215982025e-07 6.838428601307304e+02
9.084701494876592e-03 1.511300671176624e-03 -2.059682740953615e-03 -2.355322911407117e-04 1.426706687697827e-07 6.800372851421886e+02
8.779003349225482e-03 1.381412171258756e-03 -1.173090619803360e-03 -2.649648633301822e-04 1.426634236011803e-07 6.834631791325430e+02
9.263891838093185e-03 1.409748613258945e-03 -1.831856280515573e-03 -2.218718362368662e-04 1.426659422841553e-07 6.835577325528051e+02
9.270117670723837e-03 1.423428607243012e-03 -8.113382502972731e-04 -2.457787990216013e-04 1.426619301475112e-07 6.850637110225294e+02
8.922967001433114e-03 1.383585399949568e-03 -1.433624830444090e-03 -2.711806977885463e-04 1.426646081187593e-07 6.847340554553424e+02
8.569515633160201e-03 1.378839401782920e-03 -1.478812694434160e-03 -2.681489215168399e-04 1.426624059989527e-07 6.837452071989381e+02
8.921305974847249e-03 1.343453219903695e-03 -1.801845267617546e-03 -2.205232208516772e-04 1.426629946528622e-07 6.843437255652088e+02
8.970227622540584e-03 1.368001978494006e-03 -6.613191480409295e-04 -3.028900760571236e-04 1.426616269660276e-07 6.840329329588337e+02
9.054619061735544e-03 1.409433905562949e-03 -2.229996556722731e-03 -2.231380126782711e-04 1.426652103676223e-07 6.850944532960177e+02
8.947883360576222e-03 1.417258643782486e-03 -1.746555656879489e-03 -2.517712846367201e-04 1.426661684898552e-07 6.836339070074800e+02
8.979359863474671e-03 1.474683479990606e-03 -1.538261574816933e-03 -2.864547415993000e-04 1.426691471029832e-07 6.820481571278598e+02
8.530201530863023e-03 1.376369274327736e-03 -8.933983311048070e-04 -2.990518027512815e-04 1.426597854530273e-07 6.835137465448832e+02
9.304881016470375e-03 1.426829171798360e-03 -1.524771931792499e-03 -2.152669153544636e-04 1.426628808365974e-07 6.844762261577171e+02
9.255658232509456e-03 1.416095174126596e-03 -1.905865020291669e-03 -1.903662851281246e-04 1.426597917766586e-07 6.826919651921064e+02
9.207742133851638e-03 1.421670802952328e-03 -1.926358194404683e-03 -2.533502070820118e-04 1.426634249610759e-07 6.844715459544939e+02
9.237228798678452e-03 1.403066493263386e-03 -1.543293749625981e-03 -2.689155919435394e-04 1.426631111586642e-07 6.838350598987422e+02
9.379602840106012e-03 1.408467983784002e-03 -7.593827957762898e-04 -2.709148412127746e-04 1.426645199220728e-07 6.843091041796378e+02
9.137061407041487e-03 1.443707051200169e-03 -2.007805192432111e-03 -2.168628408555126e-04 1.426624049138946e-07 6.847268874811962e+02
9.185845198292564e-03 1.438329877917504e-03 -1.700246047779345e-03 -2.081020088375516e-04 1.426634763200767e-07 6.840547154966622e+02
8.768272926635807e-03 1.311311782358628e-03 -1.345420031190178e-03 -2.852556757322301e-04 1.426602408603602e-07 6.839492660657183e+02
9.382065324949734e-03 1.453411951156330e-03 -2.810500018213376e-04 -2.923065693032356e-04 1.426627913127775e-07 6.850294924569288e+02
8.403701485293425e-03 1.334056480727697e-03 -1.456004229562192e-03 -2.614554167840644e-04 1.426591269202859e-07 6.822560747749826e+02
9.263312180831134e-03 1.420856480419648e-03 -1.236463251511938e-03 -2.734528973234141e-04 1.426655690229860e-07 6.842564429390534e+02
9.065646572962875e-03 1.382743557945510e-03 -1.283765318370676e-03 -2.075051096576630e-04 1.426652978966770e-07 6.843135212167490e+02
8.829521297844492e-03 1.420919008992659e-03 -2.186766786983987e-03 -2.781809677227526e-04 1.426642585757549e-07 6.838900912074712e+02
8.708463712660985e-03 1.404269728504075e-03 -1.392207842023674e-03 -2.920579038023503e-04 1.426612881409117e-07 6.845591358354355e+02
8.976301441026012e-03 1.399169765290170e-03 -2.179630790258187e-03 -2.333293907236929e-04 1.426641432507913e-07 6.841965524414516e+02
9.275734985812873e-03 1.446063163123475e-03 -1.958827044984156e-03 -1.723723982120181e-04 1.426676956381073e-07 6.822432736295654e+02
9.199722805819589e-03 1.433482817900582e-03 -1.094186372653557e-03 -2.590430453004315e-04 1.426645713011609e-07 6.853348685165384e+02
8.958595554805385e-03 1.375524493497685e-03 -1.512348994493602e-03 -2.418120441377591e-04 1.426635626984646e-07 6.841582183879443e+02
9.099637184731729e-03 1.390551442273082e-03 -1.499263353756712e-03 -2.744411199023785e-04 1.426620716809357e-07 6.838183019900978e+02
8.843693288336231e-03 1.363227883461413e-03 -1.702946869281808e-03 -2.622822068617413e-04 1.426602940129101e-07 6.845868269308048e+02
9.200307516590390e-03 1.448599003123990e-03 -1.960552118835159e-03 -2.378027578224857e-04 1.426693948278517e-07 6.816399723290705e+02
8.970323221618601e-03 1.365080060012579e-03 -1.410339571851539e-03 -2.201709853984060e-04 1.426613758460835e-07 6.831422920022517e+02
8.934103752671761e-03 1.397158597819696e-03 -1.128745541805624e-03 -2.720588130801422e-04 1.426645647449551e-07 6.837844521044238e+02
9.209765935531914e-03 1.469303134744313e-03 -1.520418253004916e-03 -3.075991877947015e-04 1.426717073016368e-07 6.803146199436211e+02
9.114267517456903e-03 1.409048176062270e-03 -1.070746989967223e-03 -2.688550122952973e-04 1.426635061169362e-07 6.846116168450683e+02
9.216628837577951e-03 1.394126360336872e-03 -1.848842578175713e-03 -2.582698844600834e-04 1.426610361811120e-07 6.840913317027459e+02
9.011318998996881e-03 1.406656248627617e-03 -2.697190928451949e-03 -1.789554018399863e-04 1.426654415759046e-07 6.836332160818993e+02
8.556927017198611e-03 1.451687789649564e-03 -1.888994363541164e-03 -2.577937542187866e-04 1.426675938318172e-07 6.823078504852580e+02
9.097422165333654e-03 1.426990945595947e-03 -7.837867408777579e-04 -2.652813490939655e-04 1.426646132931859e-07 6.846573557409835e+02
8.927412058479680e-03 1.386461961843842e-03 -7.273355072019037e-04 -3.287556536847547e-04 1.426636845488602e-07 6.835301377191793e+02
9.197902066673803e-03 1.407628994045570e-03 -1.233250185048705e-03 -2.806591752911982e-04 1.426639394141931e-07 6.839233080977410e+02
8.785513827254312e-03 1.379114292170745e-03 -1.005694821509330e-03 -2.824624233988112e-04 1.426639318055156e-07 6.836077994497072e+02
9.189228223652108e-03 1.331300906526378e-03 -7.877106092781708e-04 -2.757659727390896e-04 1.426615975029556e-07 6.851838426028871e+02
8.957970509913071e-03 1.387055927820329e-03 -2.088317960614928e-03 -1.950747313387589e-04 1.426588881477921e-07 6.818311058981400e+02
9.456586042152215e-03 1.415030110779954e-03 -8.896559311605321e-04 -2.568089236524458e-04 1.426603666239276e-07 6.839701079057469e+02
8.535257982676334e-03 1.404745307128479e-03 -2.107135369121158e-03 -2.416578240595325e-04 1.426653259605436e-07 6.834594626955173e+02
9.145757298815168e-03 1.373429419766085e-03 -1.813237414050074e-03 -1.892962488097772e-04 1.426611223543534e-07 6.834162436167577e+02
9.168834945742024e-03 1.509963050765176e-03 -1.832709538970397e-03 -2.622552497887634e-04 1.426692181589506e-07 6.820538994777064e+02
8.815087340951466e-03 1.432230659149651e-03 -1.198964506297613e-03 -2.543708877956362e-04 1.426663783139944e-07 6.839554299892077e+02
9.381206202215525e-03 1.435414697366116e-03 -5.997255329081612e-04 -3.626639935651706e-04 1.426642586536374e-07 6.842214025609804e+02
8.802251180507030e-03 1.383037625944780e-03 -2.510260435272011e-03 -2.558435767975099e-04 1.426637702094230e-07 6.846503478897371e+02
9.219097774214502e-03 1.462603244251304e-03 -1.578869226026096e-03 -2.328838615354184e-04 1.426694783622130e-07 6.820973330987405e+02
8.976105874583262e-03 1.476719356835278e-03 -1.602941588514669e-03 -2.295851778589355e-04 1.426675015484697e-07 6.823226423921591e+02
9.425650108025622e-03 1.485780664600002e-03 -8.869565290403169e-04 -2.974684517456701e-04 1.426657890308797e-07 6.831108259747934e+02
9.046164529025144e-03 1.412124327362754e-03 -2.162249897715145e-03 -2.043832679990624e-04 1.426638674335994e-07 6.845596213611620e+02
8.396654039071094e-03 1.380847813342744e-03 -9.032265344099769e-04 -2.389773055733777e-04 1.426635239022298e-07 6.840909272962150e+02
9.088702048972682e-03 1.428910239590690e-03 -1.327400385654944e-03 -2.261158476519551e-04 1.426588528448526e-07 6.812707294208127e+02
9.450474650631204e-03 1.475686564546097e-03 -6.065797562384754e-04 -2.696887733725401e-04 1.426653858845386e-07 6.843856082356424e+02
9.363443872320389e-03 1.489797540215965e-03 -8.153371729193133e-04 -2.917377984386277e-04 1.426661611001213e-07 6.839210299180264e+02
9.186674356606701e-03 1.442478858807525e-03 -9.250611369478838e-04 -2.927903807698528e-04 1.426692090775958e-07 6.832166302810782e+02
9.026764486063548e-03 1.425820828644776e-03 -1.716419785679958e-03 -2.272262421631712e-04 1.426592315850094e-07 6.838174637415749e+02
8.985997318855068e-03 1.387863367540485e-03 -9.277245628477954e-04 -2.497942966582259e-04 1.426585540944526e-07 6.823187404914132e+02
8.549165755041164e-03 1.359480630922597e-03 -1.486274323194022e-03 -2.485299495536852e-04 1.426618528641188e-07 6.843167591627049e+02
9.265230521433665e-03 1.400827728990250e-03 -8.762100116679341e-04 -2.375663064420723e-04 1.426588944556703e-07 6.823832563691150e+02
8.933252828992563e-03 1.435514833687475e-03 -1.555085216833460e-03 -2.730970738298674e-04 1.426653158103194e-07 6.833106729987089e+02
8.132541723653441e-03 1.383989918202782e-03 -9.145397127040305e-05 -4.092646972781461e-04 1.426656366541706e-07 6.833865089052343e+02
8.982984922326543e-03 1.397351605446733e-03 -1.780625029610813e-03 -2.583862624515024e-04 1.426635600991266e-07 6.846459627885456e+02
8.853537417641449e-03 1.406422591776182e-03 -1.644836093195125e-03 -2.195698849152687e-04 1.426645695540211e-07 6.833870843082284e+02
9.015239986258014e-03 1.447993820366007e-03 -1.941579444150294e-03 -2.089096148410068e-04 1.426661881783197e-07 6.827854281564261e+02
8.894084465665279e-03 1.432935926521913e-03 -1.743381763509193e-03 -2.388254556055092e-04 1.426645836264667e-07 6.831677370855073e+02
9.296995953170939e-03 1.389597403501382e-03 -1.848352003444963e-03 -2.325661548879424e-04 1.426659796059162e-07 6.849981563596733e+02
9.210129407533900e-03 1.391621714646796e-03 -1.432509269879705e-03 -2.321612187246388e-04 1.426603145151518e-07 6.833984307883746e+02
8.288331426332153e-03 1.379130488414445e-03 -1.569627589896864e-03 -2.630184731298035e-04 1.426662554426962e-07 6.835145867697480e+02
8.760171335694768e-03 1.390273878177503e-03 -1.204708224641531e-04 -3.128197913240767e-04 1.426640821616122e-07 6.846657973576079e+02
8.399140896014396e-03 1.387238623226633e-03 -1.655762193884841e-03 -2.032448951473860e-04 1.426628475782739e-07 6.836874297058268e+02
9.296712188735484e-03 1.449178976157157e-03 -1.414741222781281e-03 -2.532806653866262e-04 1.426665727149544e-07 6.840739285888758e+02
8.763161804657939e-03 1.410590167344673e-03 -2.088002625647845e-03 -2.459443953299266e-04 1.426658541180833e-07 6.847248799876725e+02
9.043690443008980e-03 1.431216377410062e-03 -1.409676194919069e-03 -3.058254199842578e-04 1.426626392391679e-07 6.830072091160854e+02
9.037239404283337e-03 1.313986738546524e-03 -2.659259229129763e-03 -1.596976051866353e-04 1.426615945154409e-07 6.842765307044456e+02
8.509017187136860e-03 1.404182695612193e-03 -2.029637205899050e-03 -2.565854725438093e-04 1.426667873967289e-07 6.831228464648842e+02
8.767017640278900e-03 1.390295507489552e-03 -1.366051352608237e-03 -2.856429421694401e-04 1.426610941664192e-07 6.831125005590084e+02
9.042251628679365e-03 1.426003640746455e-03 -1.375859749981464e-03 -2.572011996671009e-04 1.426614646022358e-07 6.848911393146143e+02
9.277017809713024e-03 1.417947568270970e-03 -1.919618139586939e-03 -2.498414750786512e-04 1.426641443193545e-07 6.836993652375434e+02
8.676743630784262e-03 1.401627420474171e-03 -1.739675049157034e-03 -1.752642147288427e-04 1.426626862523013e-07 6.835849949224470e+02
9.397750015295641e-03 1.425141207468004e-03 -1.125235011016907e-03 -2.769134197994792e-04 1.426647612255026e-07 6.851413806389921e+02
8.986074003485002e-03 1.415920821496498e-03 -1.449724497357497e-03 -2.565793906228423e-04 1.426614952896745e-07 6.838656478704004e+02
9.224039650302931e-03 1.431348444767172e-03 -1.214268456649306e-03 -2.420313606732177e-04 1.426659230047033e-07 6.838856939746116e+02
9.203627342680583e-03 1.395347709289210e-03 -2.154983526614836e-03 -1.760187349999361e-04 1.426633704045703e-07 6.836365155254764e+02
8.931230233484353e-03 1.396002329226915e-03 -2.893346115146058e-03 -1.508596272067148e-04 1.426600643345274e-07 6.830585698769011e+02
9.177160287364110e-03 1.427451765273114e-03 -2.116559522737757e-03 -2.443063996776497e-04 1.426651534534778e-07 6.845502478934761e+02
9.046105241186615e-03 1.421555761173682e-03 -1.688114301188717e-03 -2.221492050332346e-04 1.426661138751946e-07 6.832464361584226e+02
8.599974277131680e-03 1.344495915064984e-03 -1.885162666082143e-03 -2.429160520125211e-04 1.426609894629579e-07 6.838657499512523e+02
7.960570689961420e-03 1.393942650903567e-03 -1.275287926345578e-03 -2.899714812824424e-04 1.426690507652995e-07 6.819955754182015e+02
8.671282001390094e-03 1.308164332025793e-03 -2.394794821221918e-03 -1.778486903277530e-04 1.426616374417110e-07 6.846123600368429e+02
9.322893781081155e-03 1.429882468961806e-03 -1.319790483550907e-03 -2.645752401704297e-04 1.426625325182284e-07 6.849555453411932e+02
9.238740952294853e-03 1.438124445913503e-03 -5.789061213478661e-04 -2.976249511649626e-04 1.426643691838262e-07 6.838896328538250e+02
9.358825263541568e-03 1.404675515981463e-03 -9.737685044971606e-04 -2.477374064055052e-04 1.426642739197196e-07 6.849183268331240e+02
9.072842370723038e-03 1.423703865831900e-03 -1.069068345454551e-03 -2.758991001311566e-04 1.426662162686845e-07 6.839988264298123e+02
9.074100626525928e-03 1.414032387422497e-03 -7.003623781704614e-04 -2.440759737556452e-04 1.426641795191696e-07 6.836014102932720e+02
8.348027159058186e-03 1.313234359711832e-03 -1.437609371766682e-03 -2.734492168687898e-04 1.426596979386456e-07 6.828816525892624e+02
9.177327587018955e-03 1.479033452480282e-03 -2.178200370254550e-03 -1.983129596800848e-04 1.426651282958514e-07 6.839710893167692e+02
9.136558724273084e-03 1.460307431444952e-03 -2.326539850777778e-03 -2.058803642979424e-04 1.426673658203695e-07 6.838042539962337e+02
9.396696824638773e-03 1.444318198577163e-03 -1.110413471572316e-03 -2.914725688505238e-04 1.426667592310721e-07 6.837621452060633e+02
8.984698437648850e-03 1.402089232482113e-03 -9.973964929714803e-04 -2.689021295650793e-04 1.426610587745356e-07 6.844728738211527e+02
9.272896654092090e-03 1.444116303958326e-03 -1.993346246043075e-03 -1.955333444396373e-04 1.426648071204462e-07 6.829291296132743e+02
8.760808668826595e-03 1.387610515616341e-03 -1.636896659859002e-03 -2.574761490450877e-04 1.426594700473229e-07 6.826550692176148e+02
8.799262676913963e-03 1.315679405407054e-03 -1.252080173290758e-03 -2.272443550759148e-04 1.426602563850155e-07 6.844446248642305e+02
9.387309879999422e-03 1.430705897988230e-03 -5.965574180847956e-04 -2.941034638411453e-04 1.426654273783413e-07 6.846327152402945e+02
9.106060121424406e-03 1.416582292570637e-03 -1.983281275195650e-03 -2.048499547482648e-04 1.426645133345543e-07 6.839929297216175e+02
9.263979031339775e-03 1.380941227713168e-03 1.235087510478947e-04 -2.906934606863953e-04 1.426621258853775e-07 6.852225391069096e+02
9.167516871741646e-03 1.418786054420309e-03 -1.432880277216090e-03 -2.372809228136523e-04 1.426613594947609e-07 6.830786743190545e+02
9.134465161267690e-03 1.395941958514425e-03 -1.661350642009347e-03 -2.763369372598540e-04 1.426635403636545e-07 6.849288732205672e+02
9.404777522291031e-03 1.378007804470902e-03 -1.209013417661960e-03 -2.768369910879223e-04 1.426627541690680e-07 6.846585332617086e+02
9.093486236853092e-03 1.464032329882276e-03 -1.541134656798215e-03 -2.433637689811540e-04 1.426666339120491e-07 6.834799924178787e+02
9.310772250672360e-03 1.447240545140848e-03 -1.838194867081014e-03 -2.375069178064571e-04 1.426634665380127e-07 6.848662914795802e+02
9.190421830318094e-03 1.457182894910483e-03 -1.551806123576595e-03 -2.133909240513070e-04 1.426659858047311e-07 6.841562019673422e+02
9.350332913049828e-03 1.389595709253465e-03 -9.676907401783134e-04 -2.754422358128258e-04 1.426631078710882e-07 6.855570974315834e+02
8.965835511425676e-03 1.474127885354272e-03 -2.474312799128344e-03 -1.999040808092275e-04 1.426650835948815e-07 6.846318215755239e+02
9.375494995254401e-03 1.447247679812875e-03 -1.445678050813804e-03 -2.745393857118530e-04 1.426607282029985e-07 6.838198483805480e+02
9.082769241358653e-03 1.359667941938600e-03 -2.248811888957409e-03 -2.250042907377814e-04 1.426637737303044e-07 6.841914525908360e+02
9.217811431190662e-03 1.463212263415234e-03 -1.474878281401962e-03 -3.025297032418166e-04 1.426666663359976e-07 6.826862449344877e+02
8.866947747583990e-03 1.387563820996111e-03 -1.792886697404965e-03 -2.134331880365731e-04 1.426652810809360e-07 6.848929615127890e+02
8.543239180083102e-03 1.361802137468905e-03 -1.259110533238990e-03 -2.257847458444302e-04 1.426631605935719e-07 6.841250724449235e+02
9.251384431453709e-03 1.389211273223544e-03 -8.104968270284126e-04 -3.114039453765308e-04 1.426618370594963e-07 6.831886955465008e+02
9.307245779870838e-03 1.346776534050924e-03 -1.681922294699172e-03 -2.440430693574524e-04 1.426595003848681e-07 6.825164253128688e+02
8.984535134883528e-03 1.353794798176523e-03 -2.610043423954985e-03 -2.079224792836552e-04 1.426595912039906e-07 6.834650478397278e+02
8.427751641982584e-03 1.395328258689589e-03 -7.267388571804977e-04 -3.363990210843289e-04 1.426676451691391e-07 6.835359768154505e+02
8.828258207209626e-03 1.378711359251369e-03 -1.379739690278705e-03 -2.309890674220316e-04 1.426579827678736e-07 6.826937919024682e+02
8.946311470914818e-03 1.470749119720282e-03 -1.541220415103591e-03 -2.737673379153769e-04 1.426689649820496e-07 6.823915030673309e+02
8.767154576437477e-03 1.391084102611015e-03 -1.118689233139852e-03 -2.670786157576493e-04 1.426601584778108e-07 6.832599390975407e+02
9.199818543635475e-03 1.420985069757830e-03 -1.173129148279993e-03 -2.757508574231366e-04 1.426609544189679e-07 6.825911870631986e+02
9.150261892676537e-03 1.436991398454390e-03 -1.783618637950912e-03 -2.028351758955897e-04 1.426594056583497e-07 6.833937172093063e+02
8.796058178482764e-03 1.390827232921784e-03 -2.111221920375466e-03 -2.451104732217167e-04 1.426657910069222e-07 6.839134343750842e+02
8.079702161523997e-03 1.367025660351654e-03 -1.283186783576887e-03 -2.738025851986209e-04 1.426669814595399e-07 6.831721957212243e+02
8.818129457359143e-03 1.374525275482910e-03 -1.804195749380768e-03 -2.660321141067993e-04 1.426611311140483e-07 6.830839661861188e+02
8.387252419817271e-03 1.340758546947146e-03 -1.938875890876931e-03 -1.900922374856904e-04 1.426644743491937e-07 6.838063934782032e+02
9.087946718262593e-03 1.395608054159061e-03 -9.282215478043834e-04 -2.992511188565033e-04 1.426595747194169e-07 6.834058387708784e+02
9.291809581147694e-03 1.389838975280405e-03 -1.829175597814457e-03 -2.371703500394246e-04 1.426567740088515e-07 6.804970881618290e+02
9.247817946035247e-03 1.452666564173233e-03 -1.539609255118824e-03 -2.482379291100825e-04 1.426643480758272e-07 6.843230700140712e+02
8.754448079288081e-03 1.400511824780844e-03 -2.554891263679910e-03 -2.250613166488252e-04 1.426634336998425e-07 6.849169876943008e+02
8.996372983801725e-03 1.420038200883240e-03 -1.637964722177677e-03 -2.448594169719964e-04 1.426654723595418e-07 6.844322813821021e+02
8.999509812458943e-03 1.371487602531017e-03 -1.134260216317833e-03 -2.722781349713434e-04 1.426659791110432e-07 6.840428436180565e+02
9.279311809025421e-03 1.445021097789084e-03 -1.736268207121939e-03 -2.351404998603840e-04 1.426642256089321e-07 6.852957834240328e+02
9.021194432718718e-03 1.393024325150068e-03 -1.133444070657804e-03 -2.925021311985951e-04 1.426602044320240e-07 6.826498441975705e+02
8.942330031400873e-03 1.358309252710061e-03 -1.945665668381307e-03 -1.902350717814791e-04 1.426566868507445e-07 6.799470965104842e+02
9.244599724227438e-03 1.415717564713193e-03 -2.010512800044790e-03 -1.848138154395597e-04 1.426620501193722e-07 6.838585586114427e+02
9.148291324901385e-03 1.430333459282605e-03 -2.013603999964176e-04 -3.117823401069866e-04 1.426641395370062e-07 6.850660773702461e+02
8.464313311785664e-03 1.367704281312779e-03 -2.035432605941143e-03 -2.086476917050689e-04 1.426632035916654e-07 6.835784891867918e+02
8.290403795608142e-03 1.332626243615089e-03 -1.114881145669652e-03 -2.419949316236925e-04 1.426602995620534e-07 6.832211517587012e+02
9.349134630640216e-03 1.407207162442166e-03 -1.154475785494291e-03 -2.284679876474327e-04 1.426588634388664e-07 6.836887511588725e+02
9.312208650528812e-03 1.488713988160869e-03 -9.645661387429360e-04 -2.890123340275828e-04 1.426664028084260e-07 6.841488465182882e+02
9.182393672838579e-03 1.369390770078762e-03 -1.087274574589340e-03 -2.857650545492345e-04 1.426585996038365e-07 6.815214181954741e+02
8.845563099931432e-03 1.386326344471259e-03 -7.720690983766683e-04 -2.665830415467750e-04 1.426597475669935e-07 6.828126471303348e+02
8.924032885865912e-03 1.415681166324561e-03 -1.724219961092578e-03 -2.290329780513137e-04 1.426612237802813e-07 6.842261046937620e+02
8.810188624906505e-03 1.392456331547680e-03 -2.087312924037576e-03 -2.124285310631908e-04 1.426653030688496e-07 6.836404066788045e+02
9.241464546821636e-03 1.411360513251536e-03 -1.989723248083029e-03 -1.963394225861861e-04 1.426649903039581e-07 6.835011266189863e+02
9.118586623559273e-03 1.414286451995762e-03 -1.859168468677343e-03 -2.081031639365517e-04 1.426635281783301e-07 6.833392763039733e+02
9.198484488287825e-03 1.461094533951530e-03 -1.817017286994647e-03 -2.092814997714918e-04 1.426652949771450e-07 6.839442086682360e+02
9.278496530582832e-03 1.409000776389991e-03 -1.905504623236454e-03 -2.537607494037735e-04 1.426582128576195e-07 6.819033684069938e+02
9.428839724803167e-03 1.502066678027205e-03 -7.234448133624059e-04 -3.009251556312983e-04 1.426699645476065e-07 6.813466348440115e+02
8.522639978113590e-03 1.389794252742839e-03 -2.302091740945304e-03 -1.930869028659458e-04 1.426666687110804e-07 6.835695740129361e+02
9.134934998689002e-03 1.417574424105318e-03 -1.729474178677178e-03 -2.875827136977472e-04 1.426539300480309e-07 6.771194835475127e+02
8.615043589760302e-03 1.345853624050478e-03 -1.972535574924176e-03 -1.757845588598030e-04 1.426625011561080e-07 6.847896041666816e+02
8.761670160695114e-03 1.338537931156302e-03 -2.408290792630676e-03 -2.082408235642560e-04 1.426605025852716e-07 6.832125789754514e+02
9.311229206275863e-03 1.400657838963347e-03 -8.753580717571654e-04 -2.710578306815995e-04 1.426627068926930e-07 6.842147505456311e+02
8.936941027460054e-03 1.429698680287775e-03 -2.472486523576970e-03 -1.691123382264738e-04 1.426646032110996e-07 6.840842626340980e+02
8.912913861640254e-03 1.365812843207056e-03 -1.827756521603130e-03 -2.387162364869160e-04 1.426594598557407e-07 6.833562492316240e+02
9.053149026223376e-03 1.444439736557173e-03 -1.443140286572359e-03 -3.105351864493600e-04 1.426672105822874e-07 6.827369722778584e+02
9.384906738634272e-03 1.378918056537801e-03 -1.159242196259002e-03 -2.929817783606818e-04 1.426655042220949e-07 6.843082183541953e+02
8.778270585040335e-03 1.375881008221522e-03 -2.338455095470725e-03 -1.989745524299989e-04 1.426634936399859e-07 6.843917039288748e+02
9.434386408326183e-03 1.419439855508679e-03 -1.072943857857362e-03 -2.697297209723510e-04 1.426646298902375e-07 6.848021412109439e+02
9.147304762736983e-03 1.384655847948501e-03 -1.545160469952215e-03 -2.991679551447066e-04 1.426612705033554e-07 6.836474413074191e+02
8.898785125501145e-03 1.490038128216644e-03 -1.909972195597359e-03 -2.429941748449275e-04 1.426684282675299e-07 6.823936737338637e+02
9.464541329261727e-03 1.427182243558633e-03 -2.222059639718524e-04 -2.912340021837791e-04 1.426612740968995e-07 6.852084312915869e+02
9.107031026830555e-03 1.404729991694275e-03 -4.767328376235785e-04 -3.270062642405652e-04 1.426659593831114e-07 6.850257796137641e+02
9.256126803013780e-03 1.410575604020058e-03 -1.321313001300406e-03 -2.404187231704164e-04 1.426611911496234e-07 6.840348476983945e+02
8.906253515857233e-03 1.414259496926173e-03 -8.101240566914496e-04 -2.893042496334607e-04 1.426631615222500e-07 6.847756671172390e+02
8.984908805552137e-03 1.386876142370783e-03 -1.734046717106967e-03 -2.495492630242939e-04 1.426631090104437e-07 6.847491576953345e+02
8.633518052893498e-03 1.391018857270607e-03 -4.640755219823042e-04 -3.336138226068650e-04 1.426627221154032e-07 6.840145213819027e+02
8.767316428558285e-03 1.409350542420761e-03 -1.496049058217395e-03 -2.316847350723114e-04 1.426639996987549e-07 6.839461318143838e+02
9.215496231445431e-03 1.396559147249837e-03 -1.725519136240379e-03 -2.275374123975113e-04 1.426586701360565e-07 6.825825556028642e+02
8.683653296366244e-03 1.341849996512416e-03 -1.734377082393600e-03 -2.213562995532435e-04 1.426597563638788e-07 6.828789487594175e+02
8.971573073439399e-03 1.404483106347780e-03 -1.189197896935097e-03 -2.941751542417581e-04 1.426647183675534e-07 6.839937087941037e+02
8.058587869062557e-03 1.388953998597279e-03 -1.680467020024470e-03 -1.982252362730132e-04 1.426656577542046e-07 6.833632447333157e+02
8.859532223506127e-03 1.420304309371507e-03 -2.154397948349366e-03 -2.224460475150385e-04 1.426660360682005e-07 6.829138512787766e+02
9.006810451491522e-03 1.414969544488225e-03 -2.057468585393442e-03 -2.389758486462491e-04 1.426605611529066e-07 6.831181799322734e+02
8.994367524360409e-03 1.417738305974110e-03 -1.924232617321754e-03 -1.796989305623147e-04 1.426665862755648e-07 6.829532693222510e+02
9.118398382083951e-03 1.410386602595527e-03 -1.842059654461800e-03 -2.220050940068442e-04 1.426606682811408e-07 6.847194948362496e+02
8.857099038602979e-03 1.399334097434435e-03 -1.295229995219109e-03 -2.937341477696759e-04 1.426628461168543e-07 6.839056635464601e+02
9.009540617767485e-03 1.387587773805170e-03 -1.569004476592252e-03 -2.558548909548983e-04 1.426630754736714e-07 6.855480348955660e+02
9.236360044371162e-03 1.431853266711576e-03 -1.582603569266043e-03 -2.918414306634835e-04 1.426661318508381e-07 6.835954673776429e+02
9.019233156085566e-03 1.473470821748024e-03 -1.212058234150285e-03 -2.066146153238844e-04 1.426668437577400e-07 6.839766702734148e+02
9.200325099155526e-03 1.434865707254068e-03 -1.931536948141855e-03 -2.225358782532522e-04 1.426652839972055e-07 6.835755889910027e+02
9.317807810959540e-03 1.389449468595804e-03 -1.457566337957682e-03 -2.302387655716094e-04 1.426595466256794e-07 6.830991319213863e+02
9.295631471562187e-03 1.423252972994174e-03 -8.969926095735650e-04 -2.888130222356048e-04 1.426655998534348e-07 6.849871316353536e+02
9.119204727426130e-03 1.365916893254176e-03 -1.416537425962189e-03 -2.833255150905230e-04 1.426607434540487e-07 6.840670259231688e+02
9.123893455630951e-03 1.369298549755253e-03 -1.575859476894081e-03 -2.844728823247579e-04 1.426598692594650e-07 6.843082712057181e+02
9.106154329667429e-03 1.494256944763399e-03 -2.517527986691833e-03 -2.218780862295727e-04 1.426701766867934e-07 6.819930860849632e+02
9.314955836347654e-03 1.450644251881493e-03 -1.256796997261281e-03 -2.669443923264274e-04 1.426645096188416e-07 6.830606451566973e+02
8.893725538830962e-03 1.339403820808794e-03 -2.161648175318592e-03 -2.173019580037787e-04 1.426601455189253e-07 6.839603386620832e+02
8.178684134318978e-03 1.341926719538058e-03 -2.018820287833336e-03 -1.921905701842494e-04 1.426662050569398e-07 6.834634566773237e+02
8.746731577581353e-03 1.388445601430130e-03 -1.795162634123757e-03 -2.533461602476256e-04 1.426659536725508e-07 6.837791048677794e+02
9.316348444011502e-03 1.519399576609659e-03 -6.879484969417103e-04 -2.928168214251704e-04 1.426680460613455e-07 6.839719589655203e+02
9.308714512545547e-03 1.394485130874797e-03 -1.312422408909158e-03 -2.344230972203991e-04 1.426640709924628e-07 6.852848280293656e+02
9.105186055977205e-03 1.396829989006304e-03 -1.813909807583370e-03 -2.451994268661701e-04 1.426660953572929e-07 6.836324579641492e+02
8.947820499459367e-03 1.364038436271934e-03 -2.115167864088761e-03 -2.546649513797789e-04 1.426634027783314e-07 6.854821323253929e+02
9.063382029890467e-03 1.355596274795865e-03 -1.764586398155155e-03 -2.722757373393612e-04 1.426618566119069e-07 6.842498609657168e+02
8.861869175122265e-03 1.406785842167240e-03 -1.435148065520708e-03 -2.007983468764134e-04 1.426617868203150e-07 6.849620203542008e+02
9.423055000083674e-03 1.464552197824627e-03 2.731497184767353e-04 -3.261644273793138e-04 1.426677812662854e-07 6.840591858219166e+02
9.005259989630508e-03 1.501475629397906e-03 -1.563088019185994e-03 -2.472690973466450e-04 1.426704017866808e-07 6.806278401314642e+02
8.733200930723944e-03 1.417891952367366e-03 -1.042690349261052e-03 -2.701858352456650e-04 1.426662718424016e-07 6.835777401279041e+02
8.819639806197307e-03 1.404273180702153e-03 -9.490324823904507e-04 -2.984440043933984e-04 1.426633833344688e-07 6.844548162769273e+02
9.068166733854773e-03 1.427579240402422e-03 -1.439210586164197e-03 -3.016018351029099e-04 1.426661798942927e-07 6.839814852193018e+02
8.960613517348308e-03 1.447697430243020e-03 -2.306091880391667e-03 -1.680080107950991e-04 1.426662630529700e-07 6.836086005407213e+02
9.083227829987644e-03 1.426885523855097e-03 -1.921362901862777e-03 -2.093236784931287e-04 1.426684350567907e-07 6.832159094781924e+02
7.998577619549587e-03 1.350074826956119e-03 -2.144887915930701e-03 -1.829451262129378e-04 1.426620126019361e-07 6.833417844611935e+02
9.355954366179590e-03 1.427728445324227e-03 -1.005566778292477e-03 -2.666592299775573e-04 1.426601275865816e-07 6.838211835333726e+02
9.140203697985882e-03 1.404839373492291e-03 -1.095446253481344e-03 -2.754749577473208e-04 1.426631853205323e-07 6.852715699295298e+02
8.847966197950302e-03 1.389891892883826e-03 -1.786937973137377e-03 -2.371649293748535e-04 1.426646317993953e-07 6.845021375180324e+02
8.210061952354910e-03 1.345109961799920e-03 -9.206469049337004e-04 -3.018235721373023e-04 1.426647815774407e-07 6.839062084594409e+02
9.420215418343370e-03 1.427708495862951e-03 -1.114436053957578e-03 -2.762051666331421e-04 1.426623659870661e-07 6.845813883531845e+02
8.979767681587564e-03 1.370290404949293e-03 -1.049953989284118e-03 -3.167986186046129e-04 1.426627736747854e-07 6.837200671654781e+02
9.294188631400285e-03 1.438345096857756e-03 -1.645315395507379e-03 -2.648973972843344e-04 1.426678800081486e-07 6.830873900707518e+02
9.258220430257317e-03 1.365355955539900e-03 -1.228116888532488e-03 -2.467405879091768e-04 1.426600339054385e-07 6.833648835878840e+02
8.880597767662627e-03 1.375527303889280e-03 -1.230493660388526e-03 -2.407817150644479e-04 1.426608375416169e-07 6.835259577970476e+02
9.101274821580338e-03 1.418712100820795e-03 -9.548385804611163e-04 -2.707084894654186e-04 1.426644137851843e-07 6.840489476448464e+02
8.736222756874135e-03 1.409678206359469e-03 -8.729310147266994e-04 -2.860221960536641e-04 1.426644618059765e-07 6.848799809080010e+02
9.194185361678138e-03 1.492151747952801e-03 -1.263368220336465e-03 -2.874572943437189e-04 1.426679002237943e-07 6.822793457109274e+02
9.153998432211029e-03 1.419312058146015e-03 -1.568388100929276e-03 -2.447098471425605e-04 1.426681375561328e-07 6.835750762902061e+02
8.686753809672269e-03 1.387692907655857e-03 -7.101451127460704e-04 -3.094780461461244e-04 1.426574562541722e-07 6.814971931835053e+02
9.085610827674543e-03 1.384779628037957e-03 -8.849736398894230e-04 -2.880061286781323e-04 1.426632198065339e-07 6.852553306809225e+02
8.794733921457272e-03 1.385543642042971e-03 -1.476230307651117e-03 -1.951868394438671e-04 1.426596954185396e-07 6.831600813492003e+02
9.054994558973720e-03 1.465971243395354e-03 -9.961947404627431e-04 -3.290196727992705e-04 1.426685035490089e-07 6.825719720003340e+02
8.919163660177951e-03 1.373112326644782e-03 -1.004894112903811e-03 -2.778399150971313e-04 1.426634886906802e-07 6.836532863801681e+02
9.094049604258437e-03 1.385752708936206e-03 -2.031266125411511e-03 -2.635077118368844e-04 1.426627973432916e-07 6.851886783736525e+02
9.232938138868692e-03 1.419654080414222e-03 -1.427313982002837e-03 -2.626310111654754e-04 1.426632916632133e-07 6.835985005009932e+02
9.247848948454773e-03 1.352089864290091e-03 -1.437339415237118e-04 -3.016562764551275e-04 1.426607686292521e-07 6.847266297795275e+02
9.449048815004682e-03 1.416832771008869e-03 -8.731657394675112e-04 -2.884170111487926e-04 1.426645992450700e-07 6.846000908794201e+02
9.368773616541193e-03 1.362363677995827e-03 -1.455170810384465e-03 -2.462114708545187e-04 1.426577930252800e-07 6.830505422657930e+02
8.877298609363636e-03 1.390052000378640e-03 -1.108440143570482e-03 -2.673484803561031e-04 1.426651458767968e-07 6.841006681572198e+02
9.339898658907166e-03 1.411178354411270e-03 -1.222325834114083e-03 -2.619814314804001e-04 1.426645256691378e-07 6.850662195115145e+02
9.102360646247696e-03 1.415810317581394e-03 -1.893250023698114e-03 -2.208804685443172e-04 1.426679479402654e-07 6.832609460454856e+02
8.829638975120154e-03 1.339566785503325e-03 -1.539042136907633e-03 -2.547786876333649e-04 1.426605664526086e-07 6.842138143600453e+02
9.048052519416355e-03 1.396931884431876e-03 -2.261702342636041e-03 -2.177759179863080e-04 1.426604599445867e-07 6.845135740444225e+02
9.365405893759414e-03 1.457383898779126e-03 -7.895279723047959e-04 -2.747910046768140e-04 1.426629904896116e-07 6.848529550338391e+02
9.146396879187134e-03 1.428291168478855e-03 -2.111308629490845e-03 -2.201197323195410e-04 1.426666910725530e-07 6.845731532252547e+02
9.237871362071375e-03 1.520641858317106e-03 -1.428779583907913e-03 -2.713347424037473e-04 1.426703607287065e-07 6.817659371538808e+02
8.675488052829264e-03 1.393244212981718e-03 -1.272571207455463e-03 -3.149509903288794e-04 1.426658324781497e-07 6.831699450978222e+02
9.315644450144265e-03 1.434415793359131e-03 -1.850081875715922e-03 -2.247168474436247e-04 1.426619192458792e-07 6.843163414815326e+02
8.728134698935346e-03 1.377701902580866e-03 -9.663204346702967e-04 -2.455142520632850e-04 1.426633038601425e-07 6.837998426672883e+02
9.133830507321701e-03 1.462945217000900e-03 -9.401188300480109e-04 -3.160964777134364e-04 1.426674286775332e-07 6.829709134208435e+02
9.148092165058012e-03 1.392118417604871e-03 -2.065775313185032e-03 -2.171225229787308e-04 1.426621646865809e-07 6.852376663444235e+02
9.118327759374007e-03 1.442569697177287e-03 -1.979057158699738e-03 -2.022730180540045e-04 1.426597532755919e-07 6.834876301993488e+02
9.389321520562082e-03 1.379267973886734e-03 -7.072285096129968e-04 -2.646920251711010e-04 1.426609712739790e-07 6.840172815193509e+02
8.492663463423096e-03 1.322860733827284e-03 -1.820251665607685e-03 -1.770765685970577e-04 1.426624599847793e-07 6.837640173593782e+02
9.171539494134772e-03 1.457081601038234e-03 -1.588358076691171e-03 -2.463935510735915e-04 1.426669765766466e-07 6.831468429050113e+02
8.874481839111659e-03 1.501331234274868e-03 -1.781650647535238e-03 -2.896159813368419e-04 1.426737780665715e-07 6.782138417249474e+02
9.225133755685065e-03 1.338323550090988e-03 -3.273080837403682e-04 -3.006390214575836e-04 1.426604106234310e-07 6.839703547153970e+02
9.042411382491681e-03 1.425132993485198e-03 -2.158806507552315e-03 -2.240485396049680e-04 1.426639618378407e-07 6.844159827635884e+02
8.923844530573120e-03 1.435981668059799e-03 -2.490207383081183e-03 -2.164886802958792e-04 1.426635883508327e-07 6.852823274957522e+02
9.406694972320063e-03 1.433935815160517e-03 -8.079656670297468e-04 -3.092268257341806e-04 1.426681758094965e-07 6.826249079932369e+02
9.181581795957388e-03 1.378626595198994e-03 -1.310200520218695e-03 -2.865679792521992e-04 1.426665075655273e-07 6.841822973847341e+02
8.711940913432616e-03 1.455086214540280e-03 -1.412662288590794e-03 -3.174515420855679e-04 1.426661207408010e-07 6.826494769320084e+02
8.905458717385116e-03 1.391063854569548e-03 -1.566850695715356e-03 -2.294158002120279e-04 1.426561552969470e-07 6.795766333590833e+02
9.035094428297813e-03 1.422628730278054e-03 -1.747626195079263e-03 -2.460161408167904e-04 1.426618676399938e-07 6.849348208664326e+02
9.131083882537701e-03 1.434182720373235e-03 -2.572506022762138e-03 -1.908522101712750e-04 1.426670583395808e-07 6.834356927722201e+02
9.244038370390744e-03 1.423390583392194e-03 -2.099325478484310e-03 -2.024176606270531e-04 1.426603167261066e-07 6.844468399717823e+02
9.093084057351271e-03 1.388469641158684e-03 -2.551885408571900e-03 -1.943903121630590e-04 1.426658344440737e-07 6.835932965609102e+02
8.872581348239485e-03 1.406240393579461e-03 -1.882699069047925e-03 -1.935344319118408e-04 1.426637685202831e-07 6.835351802844220e+02
9.218743463318734e-03 1.419516848830752e-03 -1.565501013697212e-03 -2.384039153988646e-04 1.426657220278070e-07 6.849649693380079e+02
8.895186098057208e-03 1.454942260127172e-03 -7.239128657983135e-04 -3.417166761801016e-04 1.426696347057494e-07 6.816387500566760e+02
8.960949617206910e-03 1.367937166208727e-03 -1.366862518198976e-03 -2.427820970242001e-04 1.426616555851976e-07 6.837389171691739e+02
9.396468160145532e-03 1.501115463467346e-03 -8.570265214123524e-04 -3.010951815644681e-04 1.426689929549442e-07 6.832621784878982e+02
9.280740310227017e-03 1.389632970305269e-03 -5.704873569493754e-04 -3.321094577357911e-04 1.426614702601370e-07 6.845330190782861e+02
9.218540711821009e-03 1.490848672486611e-03 -1.483289232909770e-03 -2.523054069838226e-04 1.426627481299194e-07 6.837564621314608e+02
9.230560589681108e-03 1.492463076808320e-03 -5.962004186496555e-04 -2.332230221127027e-04 1.426682036363075e-07 6.839867717645335e+02
8.716332874754299e-03 1.347821832575092e-03 -1.618429687582903e-03 -2.350429227919342e-04 1.426620766407231e-07 6.843446967659080e+02
9.173962378288582e-03 1.430908079573423e-03 -1.304293426848603e-03 -2.659197389753647e-04 1.426653558242879e-07 6.849298321832250e+02
9.224426018322967e-03 1.396906233520999e-03 -1.445841515521844e-03 -2.437021867167484e-04 1.426629523032061e-07 6.838683064859703e+02
8.847741817275228e-03 1.385084257417800e-03 -1.347914680463637e-03 -2.767237965399082e-04 1.426608254028327e-07 6.835538688514912e+02
9.218981505958157e-03 1.407553873227436e-03 -2.282202206750519e-03 -2.114769582636181e-04 1.426611836458725e-07 6.842096048616875e+02
8.584627924341051e-03 1.399990567418196e-03 -1.765687741501888e-03 -2.075535722952962e-04 1.426663351444319e-07 6.834473339243930e+02
8.377514571613214e-03 1.375960769164429e-03 -1.118558943297870e-03 -3.091552935359949e-04 1.426634477960925e-07 6.834791921839835e+02
9.291130333018278e-03 1.456888227053259e-03 -1.818713923746893e-03 -2.572871963380917e-04 1.426685442022441e-07 6.829107752142235e+02
8.712323884535371e-03 1.354208146239007e-03 -1.237630692235782e-03 -2.461083374868688e-04 1.426623943571484e-07 6.836581113569690e+02
9.321382871930146e-03 1.483824944748825e-03 -1.012968610481968e-03 -2.693833798127550e-04 1.426680744433688e-07 6.828441294674326e+02
8.816643758252593e-03 1.359686588210462e-03 -2.282480614235089e-03 -1.867328459236137e-04 1.426577376290235e-07 6.813559109721084e+02
9.030858731435968e-03 1.445626529910301e-03 -1.933941806167328e-03 -2.901048827650781e-04 1.426647434475018e-07 6.846327894818365e+02
9.010343270585116e-03 1.482821842850531e-03 -1.530381405056831e-03 -2.734565703944819e-04 1.426698154738357e-07 6.819589320911290e+02
8.972166412671545e-03 1.327273972454836e-03 -1.618447895313942e-03 -2.717008205576898e-04 1.426616801210472e-07 6.838315891981446e+02
9.076442620595307e-03 1.445317171400461e-03 -1.975837163174623e-03 -1.902638007206608e-04 1.426669847199610e-07 6.842178040139405e+02
9.162450467331417e-03 1.415925632767002e-03 -1.872301979310211e-03 -2.411549466157221e-04 1.426665205045499e-07 6.837847034097762e+02
9.049022441535931e-03 1.403763612935523e-03 -7.848324192729430e-04 -3.038653868804749e-04 1.426649342543937e-07 6.837172822875430e+02
9.121940344683098e-03 1.426351617773079e-03 -1.238692801768459e-03 -2.813312168558843e-04 1.426663709561785e-07 6.848618617555555e+02
9.180260996661986e-03 1.465461906250097e-03 -2.363362510326519e-03 -2.482689937625629e-04 1.426688834289529e-07 6.836143525954357e+02
9.313180934885385e-03 1.408146636133776e-03 -1.444513319398664e-03 -2.436629039090875e-04 1.426574782331784e-07 6.815782992478114e+02
9.251517216691587e-03 1.416868111256984e-03 -1.258162288222722e-03 -2.279464444995451e-04 1.426647395857734e-07 6.839746352465920e+02
8.493179019520462e-03 1.385769834817295e-03 -1.107965726148535e-03 -2.980145007059748e-04 1.426644434721153e-07 6.837078647277863e+02
9.457900164486676e-03 1.423452424473791e-03 -7.154868513433934e-04 -2.567927390994323e-04 1.426637751598213e-07 6.850747590616660e+02
9.181111883404392e-03 1.388772637759862e-03 -1.911659868035128e-03 -2.665664030665257e-04 1.426638358240544e-07 6.844624729196120e+02
9.193043052656707e-03 1.421755432538917e-03 -1.750371176691151e-03 -2.330415001595016e-04 1.426644245456254e-07 6.836662846610174e+02
9.280615406875829e-03 1.360781812103153e-03 -2.008961999693850e-03 -2.190593861164060e-04 1.426602063562981e-07 6.828259054339422e+02
9.048154775833176e-03 1.444694685422695e-03 -1.505768990919022e-03 -2.837348850428579e-04 1.426664658992371e-07 6.828703655891023e+02
9.055251676014411e-03 1.420670602421733e-03 -1.580669616904939e-03 -2.436567387055157e-04 1.426614946018022e-07 6.846582230136222e+02
9.107335515831387e-03 1.430735960596449e-03 -2.042481361473703e-03 -2.306585237885270e-04 1.426660696802580e-07 6.834162205512409e+02
8.527831991110202e-03 1.359098713449956e-03 -2.294117029806035e-03 -2.724783836133862e-04 1.426665797042789e-07 6.840648033682572e+02
8.658762560324095e-03 1.449442090107847e-03 -1.282427292681180e-03 -2.742006968219071e-04 1.426681249171184e-07 6.839394330592073e+02
8.853683049169257e-03 1.363069866494592e-03 -1.332096431972083e-03 -2.681036553501075e-04 1.426647838167168e-07 6.848420954556998e+02
9.343912292009694e-03 1.390551772995122e-03 -2.525866077297235e-04 -2.836243804193844e-04 1.426614592974258e-07 6.848084703855214e+02
9.053724515870084e-03 1.394516348226482e-03 -2.423637377267530e-03 -1.864195630908109e-04 1.426623783587988e-07 6.855324638293914e+02
9.340963522671126e-03 1.411353345232580e-03 -1.529522367212488e-03 -2.137224012207650e-04 1.426631619687302e-07 6.849641940187024e+02
9.245041560739431e-03 1.443126084648799e-03 -1.982925075334500e-03 -2.330624473145966e-04 1.426657031805433e-07 6.839844440942072e+02
9.264008936294440e-03 1.399662376353370e-03 -1.471660943270038e-03 -2.824240785025275e-04 1.426590254785737e-07 6.826930552417847e+02
8.535613043877602e-03 1.415722614997050e-03 -1.052667104723178e-03 -2.940423505422650e-04 1.426651883308913e-07 6.845705626468658e+02
9.122487165198728e-03 1.425190075311136e-03 -1.740878087778398e-03 -2.024104127310287e-04 1.426658944538200e-07 6.835113281868626e+02
8.977546613042592e-03 1.360859205288207e-03 -2.043896267092123e-03 -2.337328956408693e-04 1.426631918610420e-07 6.845145268755842e+02
8.705725961569358e-03 1.320396280172609e-03 -2.226148008820898e-03 -1.677351101696126e-04 1.426615810093924e-07 6.841616047433489e+02
9.269552976091402e-03 1.445909318018209e-03 -1.429775986658905e-03 -2.817774410719923e-04 1.426609744335415e-07 6.839679631777173e+02
9.295989734329987e-03 1.458723235605616e-03 -1.346159691876527e-03 -2.586707239162744e-04 1.426667035974135e-07 6.839255257775701e+02
8.965274840487626e-03 1.394002636811844e-03 -1.768304434685346e-03 -2.232170445753717e-04 1.426624611780765e-07 6.853492802410804e+02
8.440828689780199e-03 1.422435860199017e-03 -1.581595147629220e-03 -2.395114433589189e-04 1.426677287916563e-07 6.828451754784098e+02
9.133855835636164e-03 1.351262692866542e-03 -1.657353066216266e-03 -2.459882980793446e-04 1.426636628129774e-07 6.853649883948362e+02
8.183600749951239e-03 1.349517144962363e-03 -1.684725820149598e-03 -1.707597131728408e-04 1.426622092255195e-07 6.834754388092941e+02
9.024531195992476e-03 1.401025232490429e-03 -2.053160793966062e-03 -1.920305661565244e-04 1.426584208761608e-07 6.827712740236821e+02
8.763766419301581e-03 1.376728055070110e-03 -2.334012055048221e-03 -2.369042262944780e-04 1.426656556391558e-07 6.838661321225087e+02
9.280430984954893e-03 1.418506518577344e-03 -1.835624659051380e-03 -2.130444629593273e-04 1.426630929366144e-07 6.837286586317504e+02
9.244096022303498e-03 1.554990242777533e-03 -1.580817553181314e-03 -2.366097045040921e-04 1.426717537358779e-07 6.800019648732723e+02
8.820688892107926e-03 1.418227010928278e-03 -2.237706798270327e-03 -2.297959078588986e-04 1.426649973941751e-07 6.846224022385758e+02
8.909716981666456e-03 1.373511148312032e-03 -1.649237799908895e-03 -2.453248579899907e-04 1.426576564822953e-07 6.818787414408837e+02
8.914315126122089e-03 1.391334277828344e-03 -1.128711073756802e-03 -3.033811321893067e-04 1.426590580622193e-07 6.836481123949106e+02
9.250103065777402e-03 1.433326500478522e-03 -1.141562571213588e-03 -2.646454197322950e-04 1.426617185197884e-07 6.854283750272110e+02
9.321957184665641e-03 1.401227372871944e-03 -1.197126954665484e-03 -2.761050778204270e-04 1.426623384258829e-07 6.838739779268103e+02
9.219784155198012e-03 1.418407500862075e-03 -1.095103616081241e-03 -2.937342680065179e-04 1.426656630778103e-07 6.845230514769518e+02
9.027704695848399e-03 1.451939529404598e-03 -2.094331323484220e-03 -2.038931281735295e-04 1.426667763578380e-07 6.830329890185868e+02
9.206790176213873e-03 1.427847509061628e-03 -1.663205425746317e-03 -2.242471267773021e-04 1.426610772306532e-07 6.833963197866120e+02
9.452746584346491e-03 1.414722670704187e-03 -5.696020459115569e-04 -3.237684458739285e-04 1.426629855423069e-07 6.849031995828552e+02
8.974318004698906e-03 1.369812531174587e-03 -2.493970909482031e-03 -1.977988676638982e-04 1.426622701277695e-07 6.849619056545125e+02
9.137687258631707e-03 1.434604003491167e-03 -1.458843904127777e-03 -2.567691005304577e-04 1.426664296975309e-07 6.835118347686624e+02
9.188736483650923e-03 1.407592952621957e-03 -1.858050359789807e-03 -2.389685569071889e-04 1.426649441513169e-07 6.833692724800402e+02
8.791268351300147e-03 1.384724739397584e-03 -1.782108110897646e-03 -2.086057874956747e-04 1.426589022371943e-07 6.825432161514256e+02
9.175289933978465e-03 1.541559177118786e-03 -1.222065159311181e-03 -2.857321526228209e-04 1.426714186256530e-07 6.809042375684672e+02
9.198053709494032e-03 1.378657508149362e-03 -1.112146742093919e-03 -2.413744265587436e-04 1.426616877191718e-07 6.838024348478721e+02
9.034077673379300e-03 1.351324321426814e-03 -1.791513149245304e-03 -2.013101133055214e-04 1.426601575571463e-07 6.834839840092709e+02
9.135525019170584e-03 1.502455049805721e-03 -2.010017945057352e-03 -1.560669155595735e-04 1.426683481068408e-07 6.826880648190424e+02
8.931084324435528e-03 1.406039237811676e-03 -1.598175700367745e-03 -2.701564812657686e-04 1.426622681894096e-07 6.845040271336675e+02
9.008819673057986e-03 1.409313040464145e-03 -1.546022554268446e-03 -2.820942510971813e-04 1.426603239563674e-07 6.825480229769843e+02
8.526050621177362e-03 1.336104075605567e-03 -1.640847432102207e-03 -3.175480338614847e-04 1.426579240938282e-07 6.817224786079479e+02
8.722177513151243e-03 1.362184880993999e-03 -1.276915700496257e-03 -2.686198531067843e-04 1.426626939960676e-07 6.842930402348262e+02
9.183904615428862e-03 1.412105092841236e-03 -1.447266559697153e-03 -2.599547308243068e-04 1.426660569135534e-07 6.842122428839273e+02
9.170138996840837e-03 1.370854169790696e-03 -1.476833290206727e-03 -2.685109625448519e-04 1.426630812852915e-07 6.841412691855229e+02
9.320843303671117e-03 1.427407018047575e-03 -1.655046272734591e-03 -2.416205295514603e-04 1.426627562822688e-07 6.835489853553662e+02
8.992769011301647e-03 1.415033282681696e-03 -1.960217627584559e-03 -2.417544035467482e-04 1.426659066117773e-07 6.837249353489444e+02
9.339664962530157e-03 1.491419541078962e-03 -1.068273846743673e-03 -2.501406228498061e-04 1.426685329867504e-07 6.830223771529159e+02
8.878475735327207e-03 1.337052179718847e-03 -2.082977990804105e-03 -2.134958248575037e-04 1.426615114802446e-07 6.837126820797970e+02
8.650571546604787e-03 1.392399488290710e-03 -1.041634463853323e-03 -2.905666864350227e-04 1.426666000243108e-07 6.840614824930900e+02
9.302634086007148e-03 1.392084233170637e-03 -1.349263341102178e-03 -2.818866385519549e-04 1.426632953469535e-07 6.845784387172073e+02
9.042546931322608e-03 1.445824729480281e-03 -2.265686589308485e-03 -2.056492588423636e-04 1.426660078176699e-07 6.838018687106198e+02
9.303326124828114e-03 1.408810334502668e-03 -1.915490011880408e-03 -2.165860655890031e-04 1.426590997766822e-07 6.828091106254849e+02
9.276275794984717e-03 1.397624732753234e-03 -1.056255819054561e-03 -2.394667135016522e-04 1.426612686314289e-07 6.838442572503694e+02
8.989187354221575e-03 1.514600957811177e-03 -1.993969691864132e-03 -2.589710715361642e-04 1.426701754875143e-07 6.813618268241642e+02
9.138659194724421e-03 1.465714209155643e-03 -1.033497362076134e-03 -2.399429608130609e-04 1.426617733842780e-07 6.846304421505312e+02
9.260745234275392e-03 1.405202340261789e-03 -1.160167781832052e-03 -3.026969525765299e-04 1.426633884405804e-07 6.841591123109152e+02
9.188357007389715e-03 1.499933109855119e-03 -1.766210935302204e-03 -2.577762282893019e-04 1.426686017849705e-07 6.833142896175790e+02
8.976312211136688e-03 1.435534332951664e-03 -2.299775579564303e-03 -2.099835535417973e-04 1.426670772049577e-07 6.843962660392093e+02
9.278596652954820e-03 1.448366300563312e-03 -1.734381953107478e-03 -2.238584148483884e-04 1.426647974511900e-07 6.842509880461863e+02
8.731684434514790e-03 1.379605466396195e-03 -1.638868211086201e-03 -2.601191065656511e-04 1.426649208085732e-07 6.846601778473590e+02
8.511997379495331e-03 1.341192407553541e-03 -1.990124950470897e-03 -2.375546006634156e-04 1.426612600326854e-07 6.845690147234751e+02
9.230453343428081e-03 1.447026735255276e-03 -1.130474003714860e-03 -2.943107592287852e-04 1.426657166313818e-07 6.839212393538872e+02
8.710449487642810e-03 1.420290568290162e-03 -1.357556032290723e-03 -2.636824879793655e-04 1.426638272908269e-07 6.853582601281367e+02
8.877446988057133e-03 1.381268046074443e-03 -1.561590052459390e-03 -2.447216387781754e-04 1.426615659130840e-07 6.845131228417099e+02
9.308925767807622e-03 1.409405977744651e-03 -2.034631115200012e-04 -3.132316563983835e-04 1.426569955869519e-07 6.806879989589752e+02
9.176365961424326e-03 1.441655039431624e-03 -2.251007973936753e-03 -2.413572056582843e-04 1.426592336284048e-07 6.823174975933255e+02
8.926808050170930e-03 1.382450669542118e-03 -1.595299357434872e-03 -2.259328403682034e-04 1.426614572586824e-07 6.852187745254732e+02
8.830296833409154e-03 1.453509681662565e-03 -1.805326199152485e-03 -2.826754446980177e-04 1.426674343186118e-07 6.828116148283248e+02
9.227029094345956e-03 1.391918265345741e-03 -5.769346208284993e-04 -2.898458960846348e-04 1.426621520035552e-07 6.834811143361987e+02
9.142054997927867e-03 1.376193929289587e-03 -8.861488913150980e-04 -2.810603348629245e-04 1.426590358269682e-07 6.822683722101943e+02
9.424735718385448e-03 1.352063694281648e-03 -7.725035314648199e-04 -2.579629599404749e-04 1.426627556303798e-07 6.853555444213559e+02
9.317654303629581e-03 1.406660764569821e-03 -1.093173596596461e-03 -3.126961486902245e-04 1.426652432405955e-07 6.842887682775610e+02
8.886962115359590e-03 1.403159069970274e-03 -1.323668400386024e-03 -2.521538239492612e-04 1.426594748994952e-07 6.843547452074056e+02
9.271034227503883e-03 1.390689970750035e-03 -9.852418015771373e-04 -2.529401098629774e-04 1.426645787948476e-07 6.842785081161567e+02
9.395709246643817e-03 1.453446281100050e-03 -1.019693516131603e-03 -2.844922041615662e-04 1.426637976095041e-07 6.842054234243213e+02
8.976955784704300e-03 1.407390469303865e-03 -2.297917730956810e-03 -1.851345509509414e-04 1.426616518712959e-07 6.846188719796326e+02
8.909863735411864e-03 1.375999878604768e-03 -1.561456155054164e-03 -2.531994436936746e-04 1.426643547797880e-07 6.843409704666667e+02
9.028391904240689e-03 1.369751106733813e-03 -1.047042386240205e-03 -2.658767777970206e-04 1.426601238641071e-07 6.831784788948446e+02
8.895102917027319e-03 1.429008224740815e-03 -2.046459256945246e-03 -2.490123888035133e-04 1.426644503148406e-07 6.839482014675364e+02
8.684683287741884e-03 1.350580619854480e-03 -1.513172816862299e-03 -2.057489240512554e-04 1.426594302310566e-07 6.829681558407527e+02
9.092245884893199e-03 1.436249032451957e-03 -9.278093067136844e-04 -2.764934627541689e-04 1.426652784169910e-07 6.843860237827474e+02
8.650807586254271e-03 1.421890575462203e-03 -1.960119891894827e-03 -2.194128500790024e-04 1.426649062619360e-07 6.844428511996211e+02
9.274254021576592e-03 1.399585165235558e-03 -1.890900116061282e-03 -2.225037405648091e-04 1.426635566100616e-07 6.834104515425656e+02
9.245166230898208e-03 1.493820787659689e-03 -1.517376152138501e-03 -2.490761431206199e-04 1.426682888218238e-07 6.838981806286242e+02
9.171686430336955e-03 1.487599350478341e-03 -4.284086341983902e-04 -3.334805051164737e-04 1.426675327310508e-07 6.839565504525102e+02
9.498763814151833e-03 1.444717941667014e-03 1.293693423608120e-04 -3.224227309551314e-04 1.426642593000537e-07 6.854136334401222e+02
9.271750098835654e-03 1.423308245703355e-03 -1.878737379794149e-03 -2.011846925236617e-04 1.426594114894606e-07 6.821399489531551e+02
9.257435596446146e-03 1.404505086104992e-03 -1.936811927719391e-03 -2.590141104880662e-04 1.426652355018742e-07 6.835873122959292e+02
9.268215539797434e-03 1.423854217577078e-03 -1.711760908835611e-03 -2.603887424338507e-04 1.426645457664098e-07 6.841826090536815e+02
9.107608977143229e-03 1.447441411704449e-03 -1.594082454409950e-03 -2.791282847209979e-04 1.426635378350714e-07 6.842372597210551e+02
9.154769876422152e-03 1.402820006171327e-03 -4.686834835781213e-04 -3.236931662446085e-04 1.426659975188909e-07 6.842806853233124e+02
9.247981639115055e-03 1.421032681308150e-03 -1.717046695404052e-03 -2.289255272568034e-04 1.426619966476669e-07 6.846280888453996e+02
9.356977372091395e-03 1.425644762862477e-03 -9.635963889177262e-04 -3.539403342411679e-04 1.426641774732772e-07 6.833647806185621e+02
9.353907873991650e-03 1.392548782654433e-03 -1.492821851287338e-03 -3.088504888154527e-04 1.426594019420587e-07 6.826683024454368e+02
9.089820470228572e-03 1.409893177827473e-03 -1.471985610165495e-03 -2.192885707529982e-04 1.426598551860382e-07 6.840108818693383e+02
9.160345574229491e-03 1.386175544466840e-03 -1.190477607926634e-03 -2.497699113822586e-04 1.426558878523901e-07 6.808856735895255e+02
9.037908308054404e-03 1.415058805404719e-03 -1.949068773832326e-03 -2.122428250961631e-04 1.426654975967909e-07 6.837866997560152e+02
9.197651019122833e-03 1.348398809705763e-03 -1.125371089723451e-03 -2.938646438025417e-04 1.426619367780498e-07 6.843271176759298e+02
9.007465080060149e-03 1.393984224617183e-03 -2.169704472678547e-03 -2.349735161397914e-04 1.426616023470165e-07 6.849202020985352e+02
9.266538103572421e-03 1.380621824212750e-03 -1.391295878099952e-03 -2.633798478156200e-04 1.426611135002995e-07 6.839494663038419e+02
9.108371143588138e-03 1.418104644240554e-03 -7.139555912271015e-04 -2.884858371704194e-04 1.426655687171504e-07 6.838031297230365e+02
8.959373498922200e-03 1.329514795696127e-03 -1.019152553839845e-03 -2.524328961124556e-04 1.426595451155130e-07 6.831006654370307e+02
9.076930205401729e-03 1.403001339589352e-03 -1.518705548009975e-03 -2.475788427618091e-04 1.426619480978283e-07 6.855168783809241e+02
9.048449838652368e-03 1.390609303701285e-03 -1.603626738159397e-03 -2.789004517401846e-04 1.426630709093238e-07 6.833621498504976e+02
8.778959701529433e-03 1.429719668347782e-03 -8.509064679493805e-04 -3.115578363166048e-04 1.426662704562814e-07 6.838197829786243e+02
9.024531267997855e-03 1.420887471526270e-03 -1.975344597847121e-03 -2.752090679148567e-04 1.426644470872967e-07 6.845219372533212e+02
8.922496492617159e-03 1.413724102145889e-03 -9.919921505804165e-04 -2.815138681418596e-04 1.426644142500053e-07 6.834992392686843e+02
8.827578327886639e-03 1.364050658599195e-03 -1.913037527289194e-03 -2.775816521493517e-04 1.426637719950980e-07 6.836525999748247e+02
9.257815352765824e-03 1.430973188750595e-03 -1.699339625778580e-03 -2.626000224077912e-04 1.426604357538702e-07 6.842259197981498e+02
9.068880931911237e-03 1.391184299549361e-03 -2.723496583956718e-03 -1.638528886092696e-04 1.426608369164461e-07 6.844827220980594e+02
8.812774458486411e-03 1.348730242786249e-03 -3.039213077071088e-04 -3.327584085831790e-04 1.426607518289478e-07 6.845872111430352e+02
9.409489278125200e-03 1.489481530442108e-03 -1.281096956803972e-03 -2.563892139101260e-04 1.426635733621042e-07 6.841704880494447e+02
8.856514866185746e-03 1.380678804151261e-03 -1.095301095377631e-03 -2.456456443307816e-04 1.426637386990633e-07 6.839463610382478e+02
9.008111592144865e-03 1.450117884404109e-03 -1.551554485892514e-03 -2.796626273145569e-04 1.426674354061288e-07 6.830731370657072e+02
9.389996139538358e-03 1.438295001099468e-03 -5.729946768504470e-04 -2.932174241085753e-04 1.426637098797575e-07 6.845447684648880e+02
8.801847746104888e-03 1.402030552653327e-03 -7.892395748137145e-04 -2.982804589836082e-04 1.426621155236114e-07 6.834322006069671e+02
9.437523509196129e-03 1.403647094044847e-03 -2.432767783489383e-04 -3.130901947593425e-04 1.426650871679331e-07 6.850715465844872e+02
9.421783346133921e-03 1.409829569726153e-03 -1.174872321288933e-03 -2.947951460841115e-04 1.426566111239328e-07 6.796392863966958e+02
9.366994530013458e-03 1.405658679918282e-03 -1.236195611627917e-03 -2.407785838276108e-04 1.426629153043272e-07 6.842580074101741e+02
9.171909153706409e-03 1.408103609313875e-03 -1.340592558389001e-03 -2.451454734975480e-04 1.426605635155605e-07 6.828738073091204e+02
8.888967203405580e-03 1.419136066470122e-03 -1.665451150036112e-03 -2.492909594412960e-04 1.426656774177754e-07 6.834476210169341e+02
9.266474269981119e-03 1.551980497172506e-03 -1.446095457989105e-03 -2.814070352996212e-04 1.426714562791314e-07 6.801755349384040e+02
9.264746123202208e-03 1.377158615517368e-03 -8.541596367431370e-04 -2.942503440618472e-04 1.426591546505633e-07 6.832674798696338e+02
9.165617310511912e-03 1.423781311007103e-03 -1.941369113724520e-03 -2.431905102213554e-04 1.426627142311692e-07 6.842866096606739e+02
9.300766501871975e-03 1.411369420836363e-03 -1.103855880520473e-03 -2.896763668498089e-04 1.426659410573033e-07 6.842456384986831e+02
8.646967656030548e-03 1.375868508180512e-03 -4.726367080318400e-04 -3.118103434551800e-04 1.426626599663492e-07 6.844174063883142e+02
9.051461355584342e-03 1.398515506855973e-03 -2.120811028748924e-03 -1.852770182881484e-04 1.426638409173617e-07 6.835850034111788e+02
8.905823060542207e-03 1.392261001236986e-03 -2.222050927198879e-03 -2.165419815059609e-04 1.426628205980025e-07 6.839013445967005e+02
9.444995200419750e-03 1.509751521770102e-03 -4.018560366180743e-04 -3.226755208855553e-04 1.426695684421904e-07 6.828604349977585e+02
9.151626271421688e-03 1.435454322902411e-03 -1.892675029932135e-03 -2.102383268273304e-04 1.426678617486784e-07 6.836170785404197e+02
9.347090907019882e-03 1.418560899353518e-03 -1.642115825579840e-03 -2.516309482860582e-04 1.426663794010740e-07 6.842780093877101e+02
9.205491986125322e-03 1.391948872667995e-03 -1.279231144680745e-03 -2.550465770922577e-04 1.426630832096182e-07 6.845574463403526e+02
8.251319474430212e-03 1.312291705523674e-03 -2.129413731755374e-03 -2.863041591589547e-04 1.426550086633865e-07 6.786755329623662e+02
9.018118255952411e-03 1.480016519198184e-03 -1.080109768615830e-03 -3.319398950329340e-04 1.426660684055763e-07 6.839404077882376e+02
8.668661010187484e-03 1.380345500798140e-03 -1.857012571180506e-03 -2.174991590322425e-04 1.426616696736170e-07 6.850539340879262e+02
9.273701812503589e-03 1.357806647417257e-03 -1.461393769070804e-03 -2.395820837349550e-04 1.426571342548629e-07 6.809623052258945e+02
9.036637074046783e-03 1.452752017526583e-03 -2.187185590295581e-03 -2.200485175082354e-04 1.426652655304189e-07 6.842649259142109e+02
8.901423609614191e-03 1.408849114990971e-03 -1.537073154605916e-03 -2.309246403589471e-04 1.426618942564798e-07 6.835538261811747e+02
9.106239509852242e-03 1.404389433805164e-03 -9.768399860204501e-04 -2.964649034226957e-04 1.426617595669226e-07 6.854751976416445e+02
9.260277231073481e-03 1.480272791316879e-03 -2.078325353415039e-03 -2.061785822319499e-04 1.426701868013721e-07 6.806321539094048e+02
9.227626751741141e-03 1.518303268685545e-03 -1.082802338655318e-03 -2.715930063018834e-04 1.426719868818916e-07 6.796732691483522e+02
9.294316781623483e-03 1.466070220819446e-03 -1.548954946131208e-03 -2.795512054649045e-04 1.426629374859396e-07 6.836426701320478e+02
8.370744245489658e-03 1.367458195573475e-03 -1.212136857683700e-03 -2.812480038685739e-04 1.426672716921831e-07 6.830108695221871e+02
9.180671089489658e-03 1.435883581950443e-03 -7.363781309230196e-04 -2.642292495069649e-04 1.426633062405570e-07 6.849578940676595e+02
9.034823825591839e-03 1.448242774077137e-03 -1.259107060229207e-03 -2.870291771015592e-04 1.426683016197881e-07 6.840851974928748e+02
9.204642732088012e-03 1.404455494427799e-03 -1.717971197630854e-03 -2.278498939242439e-04 1.426596628395984e-07 6.830694683174903e+02
8.924693669960685e-03 1.458973412740686e-03 -1.434671692187535e-03 -2.869953483400332e-04 1.426681447256232e-07 6.829119836966597e+02
9.292268430152812e-03 1.394064125595712e-03 -1.525068665511433e-03 -2.663133796927253e-04 1.426644471854488e-07 6.841986545312461e+02
9.205825384818794e-03 1.398274092119783e-03 -1.988021154473553e-03 -2.558018373227848e-04 1.426633809698890e-07 6.846864333880303e+02
9.026718460789911e-03 1.377985217196857e-03 -7.365545287283011e-04 -2.482887680027007e-04 1.426627876157824e-07 6.852593225594048e+02
9.381978307660037e-03 1.454326111123439e-03 -1.307678977341537e-03 -2.619535629827568e-04 1.426647885979404e-07 6.838044239595788e+02
9.282543613876626e-03 1.424023476724816e-03 -3.658323121414587e-06 -2.886346760544432e-04 1.426618685775122e-07 6.851973414526047e+02
8.961577265192935e-03 1.459808182811823e-03 -1.178679064058858e-03 -3.140368901622231e-04 1.426640419797608e-07 6.850050145173418e+02
9.093502062283321e-03 1.529214250412531e-03 -7.916547879519087e-04 -3.167865417967033e-04 1.426697497614256e-07 6.826237263787817e+02
8.911411813007038e-03 1.399196765636522e-03 -1.803140872808596e-03 -2.127888926698671e-04 1.426596422785793e-07 6.825961322404768e+02
8.973384623510538e-03 1.395761306146122e-03 -1.361638277946245e-03 -2.048522279236930e-04 1.426603668267017e-07 6.832490041378630e+02
8.768600726360395e-03 1.467903674480283e-03 -1.148785983117175e-03 -3.068745926110981e-04 1.426674331385316e-07 6.821326991898270e+02
8.779802640429940e-03 1.367215938328007e-03 -1.343264544556928e-03 -2.702163208913886e-04 1.426660691338214e-07 6.847419427951226e+02
9.125348703472149e-03 1.400888233294583e-03 -8.167583168456661e-04 -2.531720939076719e-04 1.426645263705487e-07 6.843538424932306e+02
9.040828769235180e-03 1.418615221815059e-03 -1.841380734581007e-03 -2.535903469151343e-04 1.426661000227765e-07 6.837592761046544e+02
9.349395032064252e-03 1.405709077360590e-03 -1.303387037438841e-03 -2.269745121364160e-04 1.426628080197156e-07 6.852887694426569e+02
8.576164231644689e-03 1.449046069575880e-03 -2.344057639748968e-03 -2.623830578611433e-04 1.426694671952587e-07 6.823944741768867e+02
8.957755394163283e-03 1.333167396479391e-03 4.868509276317239e-06 -3.796045788145471e-04 1.426605526463385e-07 6.831937301369735e+02
9.058183657783695e-03 1.380929676831155e-03 -1.792205626440007e-03 -2.616619269723959e-04 1.426645355276141e-07 6.841721765307828e+02
8.288879570587949e-03 1.321882478736514e-03 -1.851279646516670e-03 -2.053806580585537e-04 1.426594608625495e-07 6.834386209611890e+02
9.136234635827753e-03 1.404772570937514e-03 -1.326775873673625e-04 -3.056253905412183e-04 1.426578577630577e-07 6.832492458562562e+02
9.174700390068392e-03 1.479561670935999e-03 -1.950907657494333e-03 -2.200555836311431e-04 1.426683003611726e-07 6.823947470935203e+02
9.049679023183911e-03 1.476750074508120e-03 -1.836730456696672e-03 -1.977193185625547e-04 1.426677132545826e-07 6.828724125106274e+02
9.098504435816817e-03 1.346464709553599e-03 -1.428848089254148e-03 -2.337862352417981e-04 1.426606993283282e-07 6.845593625996346e+02
9.365770850220292e-03 1.519423941837370e-03 -1.311772443647273e-03 -2.948914980821026e-04 1.426715080211386e-07 6.810043791888952e+02
8.674323946909014e-03 1.446455292682594e-03 -1.109468285546125e-03 -2.887701456852880e-04 1.426679638786736e-07 6.831084867516502e+02
9.264410924669415e-03 1.396808577290470e-03 -1.483089466040186e-03 -2.736079295244249e-04 1.426604886575940e-07 6.827989392160234e+02
8.898453972775408e-03 1.384947659896930e-03 -8.925356549273784e-04 -2.704919558209031e-04 1.426622309832214e-07 6.838684261974032e+02
8.647098459576513e-03 1.421342675642013e-03 -1.042884697017501e-03 -2.894650048183737e-04 1.426638411427401e-07 6.830904085113542e+02
9.294963479911470e-03 1.394399528089984e-03 -1.599480671668520e-03 -2.184986780158881e-04 1.426598277238927e-07 6.822351369930130e+02
8.813910131170314e-03 1.417989408209998e-03 -1.204909283040517e-03 -2.796282802158786e-04 1.426686809403366e-07 6.828857004499748e+02
8.943915691005782e-03 1.364537892180622e-03 -1.627536835484926e-03 -2.442539565281957e-04 1.426518249488720e-07 6.734281477551814e+02
9.162371871895628e-03 1.447468913207655e-03 -1.408780415576211e-03 -2.721524498971285e-04 1.426673661458381e-07 6.837975939329643e+02
9.466054941046520e-03 1.534800449639855e-03 -6.208795727076525e-04 -3.192405204762085e-04 1.426694041374382e-07 6.828894489226005e+02
9.271080104445472e-03 1.424552521661003e-03 -1.283665891609472e-03 -2.648884623924898e-04 1.426607591942183e-07 6.832755760034324e+02
9.144259009040820e-03 1.471488759546522e-03 -5.497479076476059e-04 -3.232658638532011e-04 1.426685640562479e-07 6.827894329372410e+02
8.912469909909970e-03 1.384842947119583e-03 -2.236537602615247e-03 -2.591307848768932e-04 1.426634191567053e-07 6.842530933043161e+02
9.159751150488947e-03 1.390837007839717e-03 -9.100518357959956e-04 -2.877070807733855e-04 1.426598897491090e-07 6.842552898340708e+02
8.987047928562220e-03 1.322346128280486e-03 -1.552305940826852e-03 -2.435519241539052e-04 1.426612758113695e-07 6.835960487803571e+02
9.191629510278944e-03 1.535991603209498e-03 -7.627498104886933e-04 -3.417003316640146e-04 1.426706628023149e-07 6.798267764913229e+02
9.342658648167365e-03 1.496104225613164e-03 -1.332228329269697e-03 -2.522437197879783e-04 1.426712004255651e-07 6.818472072460197e+02
8.781139217022173e-03 1.398156624029343e-03 -9.723503543826108e-04 -2.661891186169492e-04 1.426650718786100e-07 6.844182105013191e+02
9.102724123293368e-03 1.400843227960164e-03 -1.842319718576816e-03 -2.136831693144192e-04 1.426634991064342e-07 6.850073040434144e+02
8.474539713975762e-03 1.469589805005687e-03 -1.797983931432385e-03 -2.340126991436862e-04 1.426704434577774e-07 6.805824793615623e+02
8.988549252339608e-03 1.482237705614388e-03 -1.468097458699540e-03 -2.188806439361207e-04 1.426666105181271e-07 6.840535221047082e+02
9.274817427514039e-03 1.398199208011697e-03 -1.485245580373836e-03 -2.452591201525189e-04 1.426687107210012e-07 6.825250029989114e+02
8.858495738771894e-03 1.445910923215471e-03 -3.491886443958996e-04 -3.303031765039319e-04 1.426662827140271e-07 6.844970770541262e+02
8.895191773784327e-03 1.398620428384347e-03 -8.187766092653755e-04 -2.501960361428634e-04 1.426652449867997e-07 6.849380238561127e+02
9.295468265643739e-03 1.478251869971930e-03 -1.869585029365688e-03 -2.625822004519872e-04 1.426687193051233e-07 6.817968201983394e+02
9.094238304423871e-03 1.421402031745632e-03 -1.512882095806188e-03 -2.659293683386620e-04 1.426658903669611e-07 6.833966055087409e+02
8.769625686325434e-03 1.387424862707453e-03 -9.100590321201460e-04 -3.477849066633864e-04 1.426621529931119e-07 6.837422691799344e+02
8.810000239903748e-03 1.388744175608877e-03 -1.591018426127786e-03 -2.047717288753051e-04 1.426660268261675e-07 6.831761565122881e+02
8.650804488322306e-03 1.352390624089850e-03 -1.476216150493760e-03 -2.444174312090221e-04 1.426593135499686e-07 6.824903676635872e+02
9.096979043323659e-03 1.413988284693621e-03 -1.521780382839360e-03 -2.665441973848853e-04 1.426627582976599e-07 6.832223831858984e+02
8.915646017408300e-03 1.403168999716891e-03 -2.091320883149570e-03 -2.386164336431265e-04 1.426627638802685e-07 6.852436315352786e+02
9.281889751292528e-03 1.435329154817320e-03 -1.639250948208791e-03 -2.531295119180363e-04 1.426600491293648e-07 6.834591949141565e+02
9.325150083695440e-03 1.415746533304647e-03 -1.771881593925160e-03 -1.824053040358305e-04 1.426605031859291e-07 6.824948207524166e+02
8.815472525880975e-03 1.475533696502406e-03 -2.072236235048347e-03 -1.880707030811257e-04 1.426668013145640e-07 6.837413040373577e+02
9.012536181117957e-03 1.423238528917111e-03 -1.992781171674910e-03 -1.913440746230432e-04 1.426650403323612e-07 6.836350715723061e+02
9.257753496055593e-03 1.452889123988571e-03 -1.785394626257322e-03 -2.281747182258353e-04 1.426683463223096e-07 6.823742434029296e+02
9.219688094350718e-03 1.387841484913837e-03 -1.542145333867401e-03 -2.595210228129303e-04 1.426606129969418e-07 6.840692465111051e+02
9.294453978860459e-03 1.451407998251590e-03 -1.449286918660107e-03 -2.389273801079037e-04 1.426653193635964e-07 6.844126170906391e+02
9.437486954457336e-03 1.437866046524335e-03 -4.779755865151641e-04 -3.043027451483545e-04 1.426618649686322e-07 6.846080863609751e+02
9.177892799989139e-03 1.422138973265033e-03 -1.141564693558725e-03 -2.389496726376862e-04 1.426603055950697e-07 6.849119100124216e+02
8.874433299370731e-03 1.378387184769926e-03 -1.953508926810611e-03 -2.250323267121287e-04 1.426645004370655e-07 6.844978528986023e+02
9.284928781290825e-03 1.400061905798367e-03 -1.432323196364855e-03 -2.329613190238397e-04 1.426614424981381e-07 6.836660869152871e+02
9.101949917638536e-03 1.446836662377417e-03 -1.122774844647395e-03 -2.479443962667856e-04 1.426654375540452e-07 6.835267983400609e+02
9.115211358071532e-03 1.403192798406960e-03 -1.637911260162168e-03 -2.646832808436596e-04 1.426650582405127e-07 6.841211885318712e+02
9.205876520833468e-03 1.367555391383426e-03 -1.556669046240760e-03 -2.131541128418505e-04 1.426577560169054e-07 6.811121788417709e+02
9.125644540541851e-03 1.413947911172993e-03 -1.640869338393195e-03 -2.539932045746619e-04 1.426631845082075e-07 6.849435186920169e+02
9.149075626842595e-03 1.427394016353595e-03 -1.713690120289135e-03 -2.278635405559050e-04 1.426630068525139e-07 6.854327411464266e+02
8.883469489723402e-03 1.374931079166644e-03 -2.150681439601709e-03 -2.312427361600883e-04 1.426611789482976e-07 6.837905573964193e+02
9.010743821817038e-03 1.374253554748167e-03 -1.001474955809394e-03 -2.877317081323282e-04 1.426658990984974e-07 6.839514532679171e+02
9.083702177531145e-03 1.390880681780525e-03 -1.134272878532075e-03 -2.657984395567116e-04 1.426604081472345e-07 6.830844750946305e+02
9.056603415457835e-03 1.401439498900238e-03 -1.459113773706873e-03 -2.638470807296460e-04 1.426640278729964e-07 6.845458177332297e+02
9.388385260421303e-03 1.396957137918089e-03 -3.975458014234249e-04 -3.201113474705599e-04 1.426622554734910e-07 6.838911002345023e+02
8.835354374792432e-03 1.449179183573752e-03 -2.207225685993926e-03 -2.009895777121898e-04 1.426681748338106e-07 6.820198644263293e+02
9.353788916672254e-03 1.493778339818462e-03 -1.290371867160504e-03 -2.827363146246862e-04 1.426687263569757e-07 6.829914403046506e+02
9.086144149517269e-03 1.415390810514841e-03 -1.151697007031621e-03 -2.919327664721015e-04 1.426596876995774e-07 6.829674858484295e+02
9.041452943029243e-03 1.326291652284920e-03 -1.901116982036148e-03 -2.141585481023983e-04 1.426613754034836e-07 6.842859210908882e+02
8.690906799728577e-03 1.396495736156016e-03 -1.402667479314426e-03 -2.601692187957021e-04 1.426655312001590e-07 6.846164522020778e+02
9.008797164610619e-03 1.437611118468578e-03 -1.395995148055349e-03 -2.414646014848313e-04 1.426660571119665e-07 6.838975898699020e+02
8.621364292944573e-03 1.359595097155257e-03 -1.470759036139749e-03 -2.503844951351889e-04 1.426648734965931e-07 6.842112225046703e+02
9.330849462516021e-03 1.360344553158599e-03 -1.533257364762069e-03 -2.591311586684881e-04 1.426596255017587e-07 6.835324946643461e+02
9.391014861518492e-03 1.433357188496599e-03 -1.150944554726056e-03 -2.929717055630498e-04 1.426655904114343e-07 6.834877414888607e+02
9.123754846429796e-03 1.405733911633191e-03 -2.041582646718557e-03 -2.328554261698133e-04 1.426643750276258e-07 6.854285089868707e+02
8.931267336330444e-03 1.385459455594938e-03 -2.028038770630495e-03 -1.982642355342156e-04 1.426623053659082e-07 6.837427737347529e+02
8.723361149851823e-03 1.418527920439364e-03 -1.833774049314360e-03 -2.144490317634135e-04 1.426642219739921e-07 6.836477154450052e+02
8.946722169506293e-03 1.483995444226623e-03 -2.627575438186906e-03 -2.229583467589435e-04 1.426681875484731e-07 6.836725194152724e+02
8.564825716594473e-03 1.370904509766459e-03 -2.213342837644408e-03 -2.372771059215603e-04 1.426599039879991e-07 6.837560593055599e+02
8.941266532983310e-03 1.459958999531817e-03 -1.891023607147614e-03 -2.126789073449199e-04 1.426653249763482e-07 6.829721859531862e+02
9.077318494418169e-03 1.367166774620375e-03 -2.023798515442692e-03 -1.850995276956768e-04 1.426608555856579e-07 6.833573056860728e+02
8.546695314912818e-03 1.352532784256796e-03 -5.231467354097577e-04 -2.939650311108452e-04 1.426606897966862e-07 6.831716709993026e+02
8.466110264464786e-03 1.379758728172586e-03 -1.370729417004314e-03 -3.261318930185044e-04 1.426670292844938e-07 6.831465298222495e+02
9.131334833063071e-03 1.419472499585943e-03 -1.429708026008299e-03 -2.691881493705332e-04 1.426658768620877e-07 6.847559433767279e+02
9.358268639376556e-03 1.442792066886890e-03 -1.400612721029818e-03 -2.713686094798460e-04 1.426665770244697e-07 6.843364089555583e+02
9.229508360590916e-03 1.407366872882881e-03 -1.923831719884319e-03 -2.277397948498205e-04 1.426615403389216e-07 6.845668537369320e+02
9.038220130942227e-03 1.474098991068646e-03 -1.635972864964129e-03 -2.229126197692099e-04 1.426665143286834e-07 6.839324679353077e+02
9.303921640693814e-03 1.431980114558908e-03 -1.637449841917171e-03 -2.319234745249351e-04 1.426665188729825e-07 6.839170805570016e+02
9.247595452757697e-03 1.384462466452722e-03 -8.420435644307535e-04 -2.702808034310560e-04 1.426604459116946e-07 6.835866025132800e+02
8.860883196515909e-03 1.437834610878996e-03 -1.818845987542256e-03 -2.266321963980881e-04 1.426618225504315e-07 6.852906647854961e+02
9.099106272379283e-03 1.441799714557702e-03 -1.873807014355007e-03 -1.998110311326727e-04 1.426660394452641e-07 6.845027001003384e+02
9.049544767751076e-03 1.412298059490950e-03 -1.270723028846859e-03 -2.595940096231420e-04 1.426610839900752e-07 6.828865428166019e+02
9.279579209825816e-03 1.455144931693823e-03 -1.755669612545134e-03 -2.526177683650463e-04 1.426680028079268e-07 6.839722208219642e+02
8.967365570809247e-03 1.462553867003134e-03 -1.099448804664033e-03 -3.410728800116642e-04 1.426693130318534e-07 6.817005057842912e+02
9.094431040694535e-03 1.414402895640671e-03 -2.148225879391558e-03 -2.004507555582198e-04 1.426581515403976e-07 6.822808905760902e+02
9.396079964100293e-03 1.456522104065850e-03 -1.302396482257965e-03 -2.794487197442376e-04 1.426645832308140e-07 6.839827798639524e+02
8.722936203977762e-03 1.369195270307493e-03 -1.020338902281971e-03 -2.886520133911797e-04 1.426593767469733e-07 6.820839648763971e+02
9.272571774183884e-03 1.438066548868396e-03 -1.511261150171753e-03 -2.552687596267791e-04 1.426666284395284e-07 6.844287520333562e+02
9.157471176912832e-03 1.469371308609363e-03 -1.520605460312370e-03 -2.774806678625334e-04 1.426705123411028e-07 6.821628160335868e+02
8.822097385849520e-03 1.352853102266733e-03 -1.846741078592455e-03 -2.635850583251008e-04 1.426590899829322e-07 6.827236789201847e+02
9.355516062895424e-03 1.379504873785492e-03 -8.066062723169744e-04 -2.992374169186156e-04 1.426606437282207e-07 6.842679777903035e+02
9.003878406009018e-03 1.376991420869309e-03 -1.682615531793274e-03 -2.621042832496590e-04 1.426588287210944e-07 6.820485108037254e+02
8.922886390808132e-03 1.491944583288876e-03 -1.610387730841362e-03 -1.654006995826850e-04 1.426694133791904e-07 6.809383097080535e+02
9.300779870862046e-03 1.439609731626022e-03 -1.494366095339402e-03 -2.452560927374847e-04 1.426628974178855e-07 6.841041322786393e+02
8.879691963794057e-03 1.396542265706963e-03 -2.908660421123106e-03 -1.639080995249703e-04 1.426655108587027e-07 6.839003467693701e+02
9.014061569761896e-03 1.392948333498021e-03 -8.804769056636299e-04 -2.991878534582344e-04 1.426664933088078e-07 6.845146325987379e+02
8.776171819831029e-03 1.376803283311540e-03 -1.584721628572462e-03 -2.756405206982333e-04 1.426669867580979e-07 6.842956697364223e+02
9.297576867106767e-03 1.417483784532661e-03 -7.621836561575522e-04 -2.715466252048642e-04 1.426625367550723e-07 6.830179019380124e+02
8.913237242315379e-03 1.487266394306173e-03 -2.675207747624241e-03 -2.447172247507272e-04 1.426700862911458e-07 6.826057883207693e+02
9.272677653065945e-03 1.379401022354597e-03 -9.000389266661029e-04 -2.786057463622761e-04 1.426601987093964e-07 6.838543231000695e+02
8.863617632318840e-03 1.504050471694272e-03 -1.827715182932721e-03 -2.807171574628408e-04 1.426732073847631e-07 6.786727418364281e+02
9.148952283767437e-03 1.499683483928130e-03 -1.300524784686894e-03 -2.643634639024254e-04 1.426713534831562e-07 6.811964131794468e+02
9.134736535221972e-03 1.344067710744598e-03 -9.890062332991684e-04 -2.389417278617101e-04 1.426592695162483e-07 6.835534325784046e+02
9.410643443970053e-03 1.506384413284091e-03 -1.144288700549799e-03 -2.740963867790715e-04 1.426670610987036e-07 6.835599447315900e+02
9.436375342345505e-03 1.359662696908302e-03 -6.629860572054570e-04 -3.134249749747005e-04 1.426608579107526e-07 6.840243046089688e+02
9.231824579946668e-03 1.402179431754582e-03 -1.870165878341291e-03 -1.802418533972557e-04 1.426629774377785e-07 6.836507993622873e+02
9.184797832533204e-03 1.419304773440932e-03 -2.399858116855222e-03 -2.555160333625374e-04 1.426626082107315e-07 6.855022741782414e+02
9.368154049684104e-03 1.406044324060432e-03 -9.584329462724036e-04 -2.636352386843413e-04 1.426629997324273e-07 6.838926591510926e+02
9.292689034041849e-03 1.363637217103973e-03 -1.772369910033240e-03 -1.908472998587490e-04 1.426628585492827e-07 6.842550562505144e+02
9.040416979369780e-03 1.442457806267349e-03 -1.318832075931054e-03 -3.025770566819670e-04 1.426671032934349e-07 6.834926523739464e+02
8.345075733669275e-03 1.428672290095059e-03 -1.950458149540488e-03 -2.653447504356108e-04 1.426673533728446e-07 6.838757387257193e+02
9.119656702043972e-03 1.385946227320510e-03 -8.424657488426617e-04 -3.155252817698472e-04 1.426635017653949e-07 6.845126297254304e+02
9.210058781710058e-03 1.353266171093750e-03 -1.632233502218544e-03 -2.672784551756792e-04 1.426571976839591e-07 6.810967672168263e+02
9.070829404129743e-03 1.401965803920200e-03 -2.189022561334008e-03 -2.628156773708720e-04 1.426640151467870e-07 6.850302272728501e+02
9.028776084183917e-03 1.401958267154078e-03 -2.099190934324837e-03 -1.973705952492753e-04 1.426567738722274e-07 6.799273683161034e+02
9.106224962127350e-03 1.447168199918451e-03 -2.080427723288263e-03 -2.126727763795344e-04 1.426657538131015e-07 6.848511087040342e+02
8.809820820131183e-03 1.421756721308808e-03 -1.961372042838617e-03 -2.627818187143673e-04 1.426654098159425e-07 6.843193786483239e+02
9.194654026780508e-03 1.530782046348279e-03 -1.878884265975106e-03 -2.830031355177024e-04 1.426712318178727e-07 6.802891570816947e+02
9.103840873374083e-03 1.414362458881590e-03 -1.355572439377593e-03 -2.545316275066246e-04 1.426625431410213e-07 6.837986744328283e+02
9.022481095457877e-03 1.420434046179726e-03 -8.619376906849396e-04 -2.814002129504721e-04 1.426669921620109e-07 6.835005550299644e+02
9.133554532901786e-03 1.436088122080776e-03 -1.619876695267554e-03 -2.271049923698878e-04 1.426641669244460e-07 6.832093322092663e+02
8.989916918553761e-03 1.388306974255567e-03 -1.869054948042281e-03 -2.177248316267928e-04 1.426653825953999e-07 6.835000766482818e+02
8.821440896179634e-03 1.417300370237260e-03 -1.452000071532974e-03 -2.498265582060811e-04 1.426651696058909e-07 6.838277970493473e+02
9.046390548840750e-03 1.383939352638976e-03 -1.626027437003491e-03 -1.934053223837935e-04 1.426562981717081e-07 6.803025579254229e+02
9.103826835417456e-03 1.442681378324703e-03 -2.035399018272957e-03 -2.326436715427334e-04 1.426656433433909e-07 6.836646253570609e+02
8.700259268511562e-03 1.374566445625567e-03 -2.974814931737145e-03 -2.142464462083316e-04 1.426575911955417e-07 6.821099155757506e+02
9.122597478127532e-03 1.389671873403919e-03 -1.321945025016618e-03 -2.086507218953551e-04 1.426633102740548e-07 6.842792966371341e+02
9.249921486011503e-03 1.377738398040066e-03 -9.914239917903026e-04 -2.858349517396096e-04 1.426594379439937e-07 6.840200082508800e+02
9.283110255136231e-03 1.350058710505002e-03 -6.590055413553049e-04 -2.673636959388623e-04 1.426608536644623e-07 6.850172679449256e+02
8.961548633782448e-03 1.364894942192727e-03 -2.372056107467590e-03 -1.918862147271355e-04 1.426592920342865e-07 6.834191981505611e+02
9.097404746911406e-03 1.408740031065972e-03 -9.155910740940038e-04 -2.870419912917220e-04 1.426630995637018e-07 6.845565601988617e+02
9.248355577176213e-03 1.390557710284461e-03 -1.220630994538821e-03 -2.759289919871596e-04 1.426610570173487e-07 6.843802975317002e+02
8.905808148227123e-03 1.412171601309281e-03 -1.937040766044763e-03 -2.364387023643494e-04 1.426648129064925e-07 6.832519021706369e+02
8.571285635431091e-03 1.349693492036218e-03 -1.985721755869222e-03 -2.751650394313162e-04 1.426617006977128e-07 6.833444558284008e+02
8.660492405416071e-03 1.348565878759225e-03 -1.141642113920593e-03 -2.767171561906483e-04 1.426603264095382e-07 6.842405612597395e+02
9.082057391393348e-03 1.415423926755069e-03 -1.140861667603563e-03 -2.539269213687987e-04 1.426641703307141e-07 6.835336179389320e+02
9.057562246834553e-03 1.385240057167901e-03 -8.054478501890299e-04 -2.821740986292502e-04 1.426647350990514e-07 6.844615121844538e+02
7.865281441220118e-03 1.431552053605025e-03 -1.880112619238453e-03 -2.144017567148027e-04 1.426699013347150e-07 6.810396151970621e+02
8.389975972809358e-03 1.386917281926021e-03 -1.564538092373642e-03 -2.425428488518768e-04 1.426649581693717e-07 6.833272833153009e+02
9.333419751257125e-03 1.406132217182525e-03 -1.119187854925571e-03 -2.878412928974659e-04 1.426563889081270e-07 6.798480275745391e+02
9.159645589931605e-03 1.407950787652815e-03 -6.011001100643247e-04 -2.634121712941758e-04 1.426562039601730e-07 6.810968637777197e+02
8.873663895165539e-03 1.376484284431323e-03 -1.677455290743475e-03 -2.146747156676043e-04 1.426639236463831e-07 6.852161320046999e+02
9.142168193697656e-03 1.420582030329037e-03 -1.119102464077931e-03 -2.702397355488921e-04 1.426636612670410e-07 6.840303513854820e+02
9.196843765628489e-03 1.399182320029553e-03 -1.600205994877536e-03 -2.380803667436223e-04 1.426573547487252e-07 6.825122768108961e+02
9.296784005485328e-03 1.437745912697996e-03 -1.643713449405498e-03 -2.569779314855392e-04 1.426650730513718e-07 6.842008611113946e+02
8.457976744384600e-03 1.323706121571310e-03 -1.839894942351100e-03 -2.552963964173900e-04 1.426609776373937e-07 6.841156462134595e+02
9.364466766422590e-03 1.371673582933974e-03 -1.536915763125406e-03 -2.538003020042973e-04 1.426596101039339e-07 6.831879475288274e+02
9.053591678627428e-03 1.513618700495321e-03 -1.233253913242669e-03 -2.995239495899364e-04 1.426676783207894e-07 6.819814698686622e+02
9.069230813033584e-03 1.444924863775286e-03 -1.911190079808049e-03 -2.361947440049887e-04 1.426667642323197e-07 6.847086789454939e+02
9.035454521313579e-03 1.401276445941297e-03 -1.347461974111957e-03 -2.030340493545045e-04 1.426637165041256e-07 6.844112571141358e+02
8.833598197355207e-03 1.435693327311564e-03 -1.950284683170116e-03 -2.125991050878274e-04 1.426681313221599e-07 6.826071866258562e+02
9.209519027973812e-03 1.362409977540943e-03 -1.400487318590801e-03 -3.041617824957183e-04 1.426624285400182e-07 6.835806423485502e+02
9.146287093021647e-03 1.443017397620642e-03 -2.030640774721525e-03 -2.203584599082826e-04 1.426666863507371e-07 6.826769843301007e+02
9.090231455513909e-03 1.356026923389145e-03 -1.735090272814079e-03 -2.356278499457603e-04 1.426606780050421e-07 6.841221357933912e+02
9.347311287852978e-03 1.433656457595694e-03 -5.130174586462444e-04 -2.912386930648072e-04 1.426600509851176e-07 6.844559207514080e+02
9.251621064546850e-03 1.398373029087468e-03 -1.823228102866594e-03 -2.072576201100530e-04 1.426602418548154e-07 6.836267731691441e+02
8.611348872014422e-03 1.358586577940226e-03 -1.667796869723170e-03 -2.240568483431407e-04 1.426622510004704e-07 6.841928497997424e+02
9.069154106404544e-03 1.407697402266737e-03 -7.224625668267445e-04 -2.634583117791841e-04 1.426603079464325e-07 6.834093562704915e+02
9.055542914470419e-03 1.451790026769254e-03 -1.994650445729533e-03 -2.259909729053511e-04 1.426656336651685e-07 6.833588095971610e+02
9.075109905858525e-03 1.394377188402522e-03 -2.199100647618810e-03 -2.428368132437729e-04 1.426655353111388e-07 6.850295490829785e+02
8.655574539200772e-03 1.393085037673428e-03 -2.134119450769004e-03 -1.726049672490045e-04 1.426646339104802e-07 6.833545316067250e+02
8.929493651299032e-03 1.320398682373936e-03 -1.628112479745665e-03 -2.548506075721763e-04 1.426569120212722e-07 6.818063941499217e+02
8.894756084580169e-03 1.402998242629434e-03 -1.178506232789733e-03 -2.607099988288978e-04 1.426621754144692e-07 6.854328873401256e+02
8.672091663355983e-03 1.436416698658104e-03 -8.117901293433341e-04 -3.052612312310855e-04 1.426672667859794e-07 6.828779805305646e+02
9.115479401919984e-03 1.431620666318614e-03 -1.868809722454488e-03 -2.440678661702577e-04 1.426678833266769e-07 6.825610755402300e+02
8.904384486542408e-03 1.360463424074252e-03 -2.041615564351537e-03 -1.883658433860122e-04 1.426607810918555e-07 6.832729682362157e+02
8.849519273148082e-03 1.390532679908058e-03 -2.265221185120852e-03 -1.965566387684832e-04 1.426681040110139e-07 6.832044898481525e+02
8.841945142353569e-03 1.329892738335945e-03 -2.365356393447766e-03 -1.981581796182246e-04 1.426598838573887e-07 6.833250430469179e+02
9.148169308764491e-03 1.462590799723431e-03 -1.681147194015735e-03 -1.922140177977376e-04 1.426666559004775e-07 6.829781295426120e+02
8.658064674015229e-03 1.472910013643619e-03 -1.785866819437182e-03 -2.455697539124004e-04 1.426688408339458e-07 6.820707847672736e+02
9.288450180372760e-03 1.420520224203120e-03 -9.978563740283028e-04 -2.971028511267428e-04 1.426634877380681e-07 6.844424900526230e+02
9.075051316376700e-03 1.384081505583894e-03 -1.950431272549517e-03 -2.096770231226040e-04 1.426609274507844e-07 6.835870296678280e+02
9.281505335113590e-03 1.388269756495483e-03 -1.840249776182990e-03 -2.788833444503601e-04 1.426615240314098e-07 6.850520073668030e+02
9.264636013075101e-03 1.437498869057089e-03 -1.631002530415926e-03 -2.341958743108772e-04 1.426647235489109e-07 6.845276099757027e+02
9.381632726218647e-03 1.429147152027630e-03 -1.469248643732654e-03 -2.871520164566978e-04 1.426603876587846e-07 6.828297429374243e+02
9.100556224301354e-03 1.413651500856540e-03 -2.372365319452709e-03 -2.052993601782510e-04 1.426670753683935e-07 6.842964735484032e+02
9.239203116427185e-03 1.404468527313698e-03 -8.616250444542124e-04 -2.800200592170065e-04 1.426611555319578e-07 6.839560817017665e+02
8.651745758080809e-03 1.360992279744920e-03 -1.757172174032637e-03 -2.129687906623543e-04 1.426573058306033e-07 6.804743294907132e+02
8.485235212528253e-03 1.357619338527891e-03 -1.459806253191539e-03 -2.273721902262939e-04 1.426619495195583e-07 6.833567762831883e+02
9.290696338733776e-03 1.383510575265789e-03 -1.895142087589185e-03 -2.052095588327768e-04 1.426621574498438e-07 6.845815547875361e+02
9.172283106570324e-03 1.422429943312108e-03 -1.733980233703943e-03 -2.166875918445683e-04 1.426643381927750e-07 6.840232644480668e+02
8.732122935259714e-03 1.363615746089430e-03 -1.576704516866726e-03 -2.191199181968470e-04 1.426588927269686e-07 6.818204217000452e+02
8.699202123745819e-03 1.401278480487727e-03 -1.915254913309766e-03 -2.605508220152555e-04 1.426587866069344e-07 6.824391664035161e+02
8.791177346791475e-03 1.382774246236027e-03 -1.784015773104256e-03 -2.111592064437454e-04 1.426605147122340e-07 6.833251986665505e+02
9.427093369468974e-03 1.410756448734278e-03 -1.460718709281987e-04 -2.652879751638268e-04 1.426663648096149e-07 6.843898446835124e+02
9.140198089863449e-03 1.356054617948230e-03 -2.109673138755561e-03 -2.335414879215281e-04 1.426610187410722e-07 6.840470676658746e+02
9.182881826462260e-03 1.445989382717833e-03 -2.253102971156568e-03 -1.933793326029697e-04 1.426628627667590e-07 6.843104135681426e+02
9.316277671482767e-03 1.413771105779705e-03 -1.049049149601043e-03 -2.917684492439066e-04 1.426632161912905e-07 6.841618147987684e+02
9.279728456070908e-03 1.420620643208734e-03 -1.028665362028666e-03 -2.461566517375853e-04 1.426632610215349e-07 6.834869680496765e+02
9.168786958776692e-03 1.485178849123102e-03 -1.089592764602470e-03 -3.220004774617704e-04 1.426717839142274e-07 6.802078842896110e+02
8.843791434710733e-03 1.444336336612767e-03 -1.887219789599848e-03 -2.179733754684757e-04 1.426638642037761e-07 6.853321143810153e+02
9.022916962861748e-03 1.441254824800310e-03 -1.677014523842338e-03 -2.379904660402226e-04 1.426644101146732e-07 6.834479353278936e+02
8.643088179368491e-03 1.405413367552689e-03 -2.173074181910554e-03 -2.551580599039622e-04 1.426685315058114e-07 6.825958724619450e+02
8.985131157613504e-03 1.364949922558527e-03 -8.288232164235144e-04 -3.004584304437002e-04 1.426599472261300e-07 6.834836008117288e+02
9.128468649244303e-03 1.375613548755680e-03 -1.919784754512489e-04 -3.763879794428939e-04 1.426608391733542e-07 6.828297434132835e+02
8.256485697194137e-03 1.340493177471464e-03 -2.094295338945961e-03 -2.573716083231848e-04 1.426678027757595e-07 6.833881890593956e+02
8.925151234326249e-03 1.431120328150993e-03 -2.107317272388661e-03 -2.534425863544368e-04 1.426690151775920e-07 6.825022864010066e+02
9.394090294110797e-03 1.453871073792400e-03 -1.362561184627612e-03 -2.632233695594111e-04 1.426644276872933e-07 6.833043593790818e+02
9.204122574339453e-03 1.413100188631721e-03 -1.956030609449357e-03 -2.343443241898996e-04 1.426608180897522e-07 6.837212078451123e+02
9.260179558659654e-03 1.395865619389424e-03 -2.015308203680336e-03 -2.114323219478545e-04 1.426616632173757e-07 6.837089139846729e+02
9.217479742938288e-03 1.421117526290604e-03 -1.818850461055509e-03 -2.520626368753619e-04 1.426675887774895e-07 6.832379526830910e+02
8.970847398277857e-03 1.344807751778208e-03 -9.577952456595849e-04 -2.481765843480238e-04 1.426619037565367e-07 6.841450376544534e+02
9.262030829244181e-03 1.415641706730421e-03 -6.838877999660270e-04 -3.512149460619392e-04 1.426640004385744e-07 6.835787287242014e+02
9.082342167275752e-03 1.424167975479028e-03 -2.530432583820644e-03 -2.277763798589450e-04 1.426584613500953e-07 6.835052814206626e+02
8.840159188782849e-03 1.400406201270639e-03 -1.411196822297617e-03 -2.435320112170276e-04 1.426616019785362e-07 6.832046845021864e+02
8.781315721042741e-03 1.341714797474472e-03 -2.416444694424387e-03 -1.944938939638459e-04 1.426576861486770e-07 6.821818668287897e+02
9.251103012227391e-03 1.456798205575075e-03 -1.116528450385275e-03 -2.807587312409841e-04 1.426643102597892e-07 6.831314577597459e+02
9.270096626502935e-03 1.439580595814689e-03 -1.722402568668101e-03 -3.043088017458173e-04 1.426671560999000e-07 6.827515194327434e+02
9.301538581669317e-03 1.414309869895771e-03 -1.206096204771870e-03 -2.558452696836814e-04 1.426663596340612e-07 6.848958311976373e+02
9.028459772927438e-03 1.440943385693668e-03 -4.226613494865925e-04 -3.111947592608620e-04 1.426680116399800e-07 6.832035397302395e+02
9.009047347188603e-03 1.416745152880458e-03 -1.580738976051552e-03 -2.545023585140382e-04 1.426637296530888e-07 6.855834222751434e+02
8.286277552946827e-03 1.366423976937652e-03 -2.383476055426498e-03 -2.230287448398987e-04 1.426626841571916e-07 6.837764173192470e+02
9.012691908722323e-03 1.339282134870440e-03 -1.960312399805892e-03 -2.687112532009622e-04 1.426627442428921e-07 6.836976273462888e+02
9.215671863595657e-03 1.451531259292922e-03 -1.702574540836207e-03 -2.921036276715442e-04 1.426653511840999e-07 6.838669898912639e+02
9.020149299033647e-03 1.379788973811508e-03 -2.446474094374497e-03 -1.773720723071471e-04 1.426582842897115e-07 6.831593297776203e+02
8.965976988171073e-03 1.395696382199444e-03 -8.007343941725253e-04 -3.125683777936887e-04 1.426634043433443e-07 6.851999867232962e+02
9.004175878687359e-03 1.412583902387771e-03 -1.345714950748927e-03 -2.916726452407276e-04 1.426633459468796e-07 6.847017225967186e+02
9.048272505302638e-03 1.403586325049827e-03 -2.047255619900306e-03 -2.169171009823917e-04 1.426617645947246e-07 6.842567881179638e+02
9.200624422701257e-03 1.387770390902758e-03 -1.903954841354555e-03 -2.097233542920454e-04 1.426626842896848e-07 6.833729222498371e+02
8.825886126918495e-03 1.430471039042671e-03 -1.383441422720831e-03 -2.819461321923764e-04 1.426657203532109e-07 6.834914233395622e+02
8.786293306366441e-03 1.421349398847435e-03 -9.418772624722034e-04 -3.216086604300248e-04 1.426667666847884e-07 6.841760523257873e+02
9.109784912954482e-03 1.457222049018741e-03 -1.045051250112297e-03 -3.301021162610299e-04 1.426657427389440e-07 6.828251089422139e+02
9.051765986946193e-03 1.395639239452307e-03 -1.466664364979479e-03 -2.593076052944948e-04 1.426620268208495e-07 6.839250400108220e+02
9.188202043642348e-03 1.417584772740258e-03 -1.574039417195426e-03 -2.288645840647105e-04 1.426634443182618e-07 6.842872474580124e+02
9.164141738720447e-03 1.398123972224155e-03 -2.384529440394906e-03 -1.913167779250499e-04 1.426655508225809e-07 6.839984154380148e+02
9.161725699102369e-03 1.339932862742196e-03 -2.183811113227434e-03 -1.644392628019979e-04 1.426554810192535e-07 6.791167258416474e+02
8.915903639076114e-03 1.362249670234656e-03 -2.526051163112812e-03 -1.741361224397101e-04 1.426608787910190e-07 6.832808311687859e+02
9.387601968184084e-03 1.433339053122632e-03 -1.345144630428068e-03 -2.862294196696892e-04 1.426601996271600e-07 6.829016701157854e+02
8.870254326078755e-03 1.373394533336088e-03 -2.945790602701001e-03 -1.329368023021285e-04 1.426652225524378e-07 6.841071424547140e+02
8.903427370011249e-03 1.477120670697477e-03 -1.266677185565794e-03 -3.220401939456672e-04 1.426688059209840e-07 6.822175710735409e+02
9.420719613217776e-03 1.422994426857849e-03 -1.034996340337079e-03 -2.615254817701816e-04 1.426635075087229e-07 6.835012655715027e+02
9.164372190355199e-03 1.409813988319430e-03 -9.440857977971292e-04 -2.847609528578179e-04 1.426627064789419e-07 6.852867681294028e+02
9.218426201669599e-03 1.433814532796225e-03 -1.482146718041833e-03 -2.815775411520811e-04 1.426634324290523e-07 6.845386818749640e+02
9.361320010048794e-03 1.408925903269126e-03 -1.511975436266125e-03 -3.091185993894004e-04 1.426623505388639e-07 6.836566699203426e+02
8.966294590889540e-03 1.374352912684972e-03 -1.226857020226852e-03 -2.636431523456151e-04 1.426633694523853e-07 6.854216176845711e+02
9.308033992562371e-03 1.406081828737960e-03 -1.685307319435240e-03 -2.496290541096298e-04 1.426628120249516e-07 6.839994540131387e+02
9.086807252275869e-03 1.406581130537658e-03 -1.977716602417936e-03 -2.794177932490412e-04 1.426644381975482e-07 6.847861467808935e+02
9.066315377927075e-03 1.394657648951365e-03 -6.523469725604912e-04 -3.145171349916832e-04 1.426620183452807e-07 6.844201193587825e+02
9.187754633777866e-03 1.382019195637335e-03 -6.813456952250697e-04 -2.723359322019731e-04 1.426638364269948e-07 6.844810967560477e+02
8.456259513648362e-03 1.349881701110013e-03 -2.283694144580956e-03 -1.936730436692282e-04 1.426609957880717e-07 6.840049873717135e+02
8.868121276947373e-03 1.388410692669521e-03 -2.541932486605690e-03 -1.909451224346423e-04 1.426619909200714e-07 6.845492029441024e+02
8.943276820982407e-03 1.400927000767627e-03 -1.373855439093197e-03 -2.381904639642530e-04 1.426630413908834e-07 6.833307587193887e+02
9.214608979585573e-03 1.340803616110676e-03 -2.105444767310075e-03 -2.384723784603232e-04 1.426568480312967e-07 6.809378293718453e+02
9.232636800073014e-03 1.458904272355552e-03 -1.841492818958684e-03 -2.846002788119673e-04 1.426685469766460e-07 6.824014927774874e+02
9.240731253570890e-03 1.449653170488960e-03 -1.536230235230523e-03 -2.867556814531042e-04 1.426694562458107e-07 6.813549589664750e+02
9.131203528095527e-03 1.375758037211987e-03 -2.079058408570152e-03 -1.910655854094958e-04 1.426648758844502e-07 6.846607816799930e+02
8.421779331817847e-03 1.328818373879484e-03 -7.303436221616013e-04 -3.087046081957360e-04 1.426623159542243e-07 6.844348747428047e+02
9.071039441022555e-03 1.464643092420225e-03 -7.411752032207854e-04 -2.551771106065363e-04 1.426658786106164e-07 6.849541287216545e+02
8.588031193899656e-03 1.341361659682037e-03 -1.549283368812604e-03 -2.435954858191903e-04 1.426618325382905e-07 6.835486934606145e+02
8.980859648586177e-03 1.399487072187340e-03 -1.066031809068827e-03 -2.881129552829772e-04 1.426662657178828e-07 6.833165177234351e+02
9.059963837711210e-03 1.387487212265085e-03 -1.850427682519866e-03 -2.029611470478547e-04 1.426602303054877e-07 6.835974811129890e+02
8.711548437839002e-03 1.407371711861848e-03 -1.818949903975075e-03 -2.306011189252937e-04 1.426653923923391e-07 6.835961339966307e+02
9.028627932809168e-03 1.425631310782043e-03 -1.427838442990551e-03 -1.953053983535208e-04 1.426657341515112e-07 6.836397408085982e+02
9.028271611029740e-03 1.386153634278205e-03 -1.302498488235714e-03 -2.751276922766387e-04 1.426584033668941e-07 6.834135798908427e+02
9.196608795160804e-03 1.349340586565499e-03 -6.342036603761990e-04 -2.994365793345093e-04 1.426602138596126e-07 6.842300446481842e+02
9.404735995762569e-03 1.469128408675950e-03 -1.179770395523552e-03 -2.431825033771827e-04 1.426639560039509e-07 6.852242123597825e+02
9.384417697626369e-03 1.342303075287740e-03 -8.839427089942405e-04 -2.587957357821044e-04 1.426584167017151e-07 6.824489841612734e+02
9.173581907052131e-03 1.393581979014060e-03 -1.636949895015384e-03 -1.972769338505277e-04 1.426577347338814e-07 6.817793178537434e+02
9.291127453158078e-03 1.422671268482974e-03 -1.702138000460050e-03 -2.610454642668129e-04 1.426637044075546e-07 6.841616104008706e+02
8.871648980206103e-03 1.438425689774562e-03 -2.638810938216850e-03 -2.480508750194571e-04 1.426687810162020e-07 6.830850537486027e+02
9.301453356844527e-03 1.426126969900520e-03 -8.830597202945919e-04 -3.101979004118192e-04 1.426635109854793e-07 6.842851255661931e+02
8.961981005958797e-03 1.445067038749359e-03 -4.860676373041150e-05 -3.393483946350503e-04 1.426673145205535e-07 6.844887806475774e+02
9.376526805698652e-03 1.444489602168766e-03 -1.249705932702496e-03 -2.219645984215512e-04 1.426648003245909e-07 6.829162602347690e+02
8.848460628688286e-03 1.355887140308801e-03 -2.402860329238711e-03 -1.520937159709695e-04 1.426607970948153e-07 6.839864578629680e+02
8.938149125083802e-03 1.462215642232987e-03 -1.653207045555381e-03 -2.630668345784119e-04 1.426702416440985e-07 6.817479607974561e+02
8.993442666110496e-03 1.400450536096334e-03 -2.457465467061961e-03 -1.962512686246143e-04 1.426650176892019e-07 6.838701719534307e+02
8.670891894664844e-03 1.389257591148706e-03 -2.723976753023283e-03 -2.084593765854557e-04 1.426635552130583e-07 6.838991430489081e+02
8.312916618653700e-03 1.322234602036608e-03 -1.902676534191465e-03 -2.286895021814046e-04 1.426620771954800e-07 6.840321705394517e+02
9.015954260426937e-03 1.393423199921299e-03 -1.442832540566483e-03 -2.704528756535635e-04 1.426597754061916e-07 6.839373539857207e+02
9.102161619135261e-03 1.455547489520494e-03 -1.639844285011098e-03 -2.667711037056138e-04 1.426658701969420e-07 6.836566167015765e+02
9.223684120088189e-03 1.405766042512620e-03 -1.309528422887743e-03 -2.482500689347970e-04 1.426589037462892e-07 6.822348324112379e+02
8.818803374349657e-03 1.381519105568456e-03 -7.089748085351219e-04 -3.022989707189512e-04 1.426630932096575e-07 6.844101426532062e+02
8.564201527376882e-03 1.471120006765139e-03 -1.780247307490963e-03 -2.416685280081122e-04 1.426685118616420e-07 6.823723866145693e+02
9.380731422362124e-03 1.476370568673658e-03 -1.375890417173353e-03 -2.554593996993779e-04 1.426671331026455e-07 6.835202160805659e+02
8.970720248517276e-03 1.394316670739659e-03 -1.000711126061989e-03 -2.371960670693589e-04 1.426620365716755e-07 6.846130646021676e+02
9.319008336765845e-03 1.403016065083273e-03 -1.003255083187892e-03 -2.337099122700437e-04 1.426575371907136e-07 6.808626698028150e+02
9.176010935371258e-03 1.385389966948689e-03 -1.745624066331383e-03 -2.331044434956767e-04 1.426614687103011e-07 6.831887722808331e+02
9.161202611310161e-03 1.400859733168330e-03 -1.345566303234192e-03 -3.003192543066471e-04 1.426615321836972e-07 6.844865904343775e+02
8.826707509160731e-03 1.420867503524910e-03 -6.314184520522629e-04 -2.750797342677315e-04 1.426690064849216e-07 6.827763399296339e+02
9.486793017854885e-03 1.379014292320790e-03 -4.069884444309495e-04 -3.175248591213687e-04 1.426591789242471e-07 6.827428712358518e+02
8.605588723293563e-03 1.376726777937734e-03 -1.035795073810070e-03 -2.825331511711739e-04 1.426606797623505e-07 6.847810033189839e+02
9.341352688552735e-03 1.443355117880339e-03 -1.354035197333095e-03 -2.257244073459604e-04 1.426647198729176e-07 6.843525562968672e+02
9.200643236050394e-03 1.424710632756843e-03 -2.223588667892685e-03 -1.755646050368521e-04 1.426633248821169e-07 6.832678741073655e+02
8.920408159491522e-03 1.492760778297849e-03 -7.897203795707473e-04 -3.044348331881239e-04 1.426692806856380e-07 6.822176511060528e+02
9.071821192370854e-03 1.354918233709443e-03 -1.362633757743336e-03 -2.477328600152730e-04 1.426618954605275e-07 6.834288803596262e+02
9.188541420227611e-03 1.431265183987070e-03 -1.442020778573511e-03 -2.450340186266529e-04 1.426631611012177e-07 6.849130222689921e+02
9.256803853103996e-03 1.430056719771455e-03 -1.974696709721470e-03 -2.093807422000070e-04 1.426597681248717e-07 6.825467040156196e+02
9.136030398737656e-03 1.398365088605513e-03 -6.586534178532853e-04 -3.090056406474178e-04 1.426651616434172e-07 6.850609939522493e+02
9.025206385885600e-03 1.428637694734091e-03 -2.486266720136508e-03 -2.324845177461823e-04 1.426650461197135e-07 6.842731862157123e+02
8.521312702595926e-03 1.350446791333392e-03 -1.721365825249416e-03 -2.293143163327735e-04 1.426624945843690e-07 6.849384529438901e+02
9.345785401260565e-03 1.387342786289225e-03 -1.387736042317697e-03 -2.547379912493719e-04 1.426628844814952e-07 6.836023244060888e+02
9.204679315745840e-03 1.401005101219254e-03 -1.644237916395888e-03 -2.751134717453697e-04 1.426641693328385e-07 6.848929081400979e+02
9.280869545410768e-03 1.459330963222454e-03 -1.419315495023140e-03 -2.676822662896117e-04 1.426664291394147e-07 6.833162415227138e+02
9.369202235069048e-03 1.389634474550802e-03 -1.165957579572453e-03 -3.177908628806190e-04 1.426622558775370e-07 6.848460833846182e+02
9.480256691290948e-03 1.451252640918033e-03 -5.807170482598889e-04 -2.867889554263661e-04 1.426622633409524e-07 6.841323902483712e+02
9.373681233184546e-03 1.427299003849023e-03 -9.551189877184649e-04 -2.502852700382653e-04 1.426636482423059e-07 6.850768953879002e+02
9.105627042002754e-03 1.385432528238434e-03 6.245031437277094e-05 -2.978434001685979e-04 1.426629779082946e-07 6.847407576527830e+02
8.910840368499675e-03 1.408845687326407e-03 -1.470441950083069e-03 -2.089814351536680e-04 1.426614424230939e-07 6.833180819942222e+02
8.490551851829198e-03 1.381633658528683e-03 -1.679485056314374e-03 -2.642559206734234e-04 1.426673260047549e-07 6.834421059809716e+02
9.338335755069108e-03 1.427334046064109e-03 -1.635407173282363e-03 -2.687632266228936e-04 1.426560975060150e-07 6.785938945665281e+02
8.630160847654422e-03 1.403593148125653e-03 -1.518643818283151e-03 -2.438763954032222e-04 1.426648925911716e-07 6.843332880770837e+02
8.986731884117832e-03 1.445134116615169e-03 -1.957822109478626e-03 -2.271685519498810e-04 1.426666580786180e-07 6.831441596170455e+02
8.995335725297303e-03 1.432360347163943e-03 -1.652574072981112e-03 -2.431828766992835e-04 1.426651003883062e-07 6.843355245504064e+02
9.211638989685238e-03 1.424645076673037e-03 -1.055676507358247e-03 -2.732242583306563e-04 1.426605298057361e-07 6.842453761171276e+02
9.273646498047206e-03 1.420053160947451e-03 -1.708209378222360e-03 -1.878123837804251e-04 1.426600056948342e-07 6.826120173002091e+02
8.380398858153927e-03 1.393962261558801e-03 -2.065257904150604e-03 -2.712286879561886e-04 1.426656840278352e-07 6.843448220833756e+02
9.006187522939479e-03 1.418613673924691e-03 -1.356368052302135e-03 -2.452206422179013e-04 1.426615147051435e-07 6.832424184400027e+02
9.240656666608544e-03 1.387149446743925e-03 -6.070232699887126e-04 -3.088466854957651e-04 1.426621915610193e-07 6.849508614078873e+02
8.304118050144952e-03 1.368384912965638e-03 -1.714186379918063e-03 -2.268063768183527e-04 1.426616471055354e-07 6.841028463228979e+02
8.782819815295852e-03 1.360003405044177e-03 -1.834325298112048e-03 -2.072617583887145e-04 1.426592326132336e-07 6.821821995906092e+02
9.089640438956367e-03 1.388027162610825e-03 -2.189903198361139e-03 -2.245245582529881e-04 1.426628884474771e-07 6.842556810634533e+02
9.283792161066232e-03 1.500804105263469e-03 -1.143028930856092e-03 -2.591710982074674e-04 1.426713103136150e-07 6.811193775050602e+02
8.993053060478802e-03 1.411988680818471e-03 -7.727107798649403e-04 -3.304054584460803e-04 1.426646622222689e-07 6.839993873329989e+02
8.562366225037095e-03 1.397502152520637e-03 -1.970862490089062e-03 -2.125012079350082e-04 1.426653057809996e-07 6.836771959246796e+02
8.708093976722207e-03 1.358435405195660e-03 -1.516773935527296e-03 -2.609782341074655e-04 1.426632834803640e-07 6.850903856929441e+02
8.806001234898678e-03 1.424225145253440e-03 -1.584566959570910e-03 -2.361463429643307e-04 1.426653209962720e-07 6.838799075164900e+02
9.245517339179766e-03 1.468611371219530e-03 -9.801396569755927e-04 -3.247175819689296e-04 1.426640846126262e-07 6.830977374128555e+02
8.770981737230154e-03 1.377413175273290e-03 -2.074656632501888e-03 -2.058440806784908e-04 1.426613733925387e-07 6.830054934742092e+02
8.037973489600794e-03 1.316844080082534e-03 -1.371082410572069e-03 -2.098716582556067e-04 1.426590392709765e-07 6.823396151566105e+02
9.297385672864898e-03 1.357431092986327e-03 -1.495574826452277e-03 -2.475655333232812e-04 1.426607312155116e-07 6.842933842656485e+02
8.939307473088930e-03 1.403074465019317e-03 -6.670673874824044e-04 -3.202032171421548e-04 1.426625245889523e-07 6.841144522504650e+02
8.223116291329885e-03 1.352767787257239e-03 -1.584657873623318e-03 -2.680425717612174e-04 1.426602634273758e-07 6.826707571344836e+02
9.387192397291680e-03 1.468796483497607e-03 -1.454097662155069e-03 -2.795208888767503e-04 1.426665697075241e-07 6.832771178122625e+02
8.840270734005860e-03 1.416321571648210e-03 -1.287503180253713e-03 -3.006756719696434e-04 1.426649546124633e-07 6.842093635804637e+02
8.445767744262636e-03 1.395893859022919e-03 -2.076034691755510e-03 -2.424747067284427e-04 1.426668533386425e-07 6.829339536617853e+02
9.194968787792327e-03 1.350299727413011e-03 -1.611640896599851e-03 -2.040107238418060e-04 1.426614205661566e-07 6.850307763434345e+02
8.582151642686478e-03 1.350174072827161e-03 -1.390414803903091e-03 -2.738658718628701e-04 1.426616699955919e-07 6.836744464184560e+02
8.848198578622480e-03 1.354123800967864e-03 -1.168484661824494e-03 -2.346719881148939e-04 1.426606541732106e-07 6.838127929562052e+02
8.989706355692965e-03 1.535826491567490e-03 -1.626563275889594e-03 -2.674592345371902e-04 1.426717125713608e-07 6.809275202189988e+02
8.954482783201958e-03 1.462547051717292e-03 -1.672307140852227e-03 -2.485606650002818e-04 1.426675744655305e-07 6.830001971363387e+02
9.045977365309973e-03 1.377629863943698e-03 -1.788697469662019e-03 -1.911326325319157e-04 1.426641921576019e-07 6.853081854852423e+02
8.870753569092196e-03 1.498472849451913e-03 -1.803590677441202e-03 -2.318555331271895e-04 1.426692995614540e-07 6.810887540423744e+02
9.320884242205910e-03 1.406378724056081e-03 -1.429449851365213e-03 -3.003258881535272e-04 1.426613555677771e-07 6.841315674041826e+02
9.245958261185629e-03 1.399147922258402e-03 -1.052956767817450e-03 -2.821861381384944e-04 1.426616372106543e-07 6.852271116320632e+02
8.600005551023008e-03 1.353486473353521e-03 -2.945590629654064e-03 -2.395951855382518e-04 1.426658429329812e-07 6.846839566319500e+02
8.761995222803153e-03 1.371898428398598e-03 -1.764741266731743e-03 -2.999041208052588e-04 1.426598469621606e-07 6.832063802378696e+02
9.296759791090108e-03 1.420141454614082e-03 -1.503724422055238e-03 -3.028742867967988e-04 1.426625677589829e-07 6.845710779108692e+02
9.392208624582579e-03 1.411940688399230e-03 -9.174818301453210e-04 -2.707667427017811e-04 1.426618792713055e-07 6.847021684407824e+02
9.201154505831031e-03 1.380336744061436e-03 -2.281349592025417e-03 -1.941106555982122e-04 1.426568189316776e-07 6.806589977048701e+02
9.008673887542947e-03 1.403112420229141e-03 -1.962993053988660e-03 -2.375854111483150e-04 1.426619979806573e-07 6.844751145657460e+02
9.105248819074966e-03 1.430039364446890e-03 -1.308437847021305e-03 -2.894717640050842e-04 1.426649999734874e-07 6.834250551440161e+02
9.240051952456422e-03 1.384661266796626e-03 -1.644540799616804e-03 -1.711097351798121e-04 1.426618238115014e-07 6.831328653987448e+02
9.119721464642150e-03 1.382827808192176e-03 -1.783691309906268e-03 -2.103359005186777e-04 1.426615091304033e-07 6.850995922320659e+02
9.331373324802316e-03 1.419440358900711e-03 -1.540943689534802e-03 -2.748462860038287e-04 1.426637217407195e-07 6.838700286266694e+02
8.468432673120245e-03 1.367736183320682e-03 -1.906512016083131e-03 -2.248228933814763e-04 1.426613285799677e-07 6.834790170827246e+02
8.549406421790558e-03 1.368891117873371e-03 -2.242931049212043e-03 -2.406702701990568e-04 1.426630849092798e-07 6.850307750588339e+02
9.178002352356511e-03 1.476100168653296e-03 -9.161583597307375e-04 -3.159528746676338e-04 1.426670085337228e-07 6.845182503947821e+02
9.138488212065254e-03 1.423558675057379e-03 -5.730555364740058e-04 -2.426441413175500e-04 1.426662409015909e-07 6.845112303377182e+02
9.058983289858945e-03 1.398676659349109e-03 -1.538968398241201e-03 -2.315807748868604e-04 1.426613268027548e-07 6.828844815217076e+02
9.216977635211085e-03 1.382641446345608e-03 -6.679961798132802e-04 -3.008805327932793e-04 1.426629256653375e-07 6.839712849456446e+02
8.724392063102795e-03 1.487931932892846e-03 -1.888011214785478e-03 -2.678282566564160e-04 1.426692943088566e-07 6.818346043633817e+02
9.195640660519306e-03 1.397779527866048e-03 -2.201533101511876e-03 -2.244636867785084e-04 1.426602842720903e-07 6.840716772836216e+02
9.341234178622759e-03 1.469531670061781e-03 -1.662091116532446e-03 -2.702411959670315e-04 1.426673397392897e-07 6.841034908366081e+02
9.144347367526378e-03 1.365526222227062e-03 -1.033149390578626e-03 -2.820786361929744e-04 1.426560597075124e-07 6.808212619538109e+02
9.339908793618106e-03 1.439895307398910e-03 -1.053774077027538e-03 -2.497981684083232e-04 1.426598235847476e-07 6.841455495809390e+02
9.231292812519099e-03 1.466445716598729e-03 -8.173910425769254e-04 -3.275125187506271e-04 1.426650552571327e-07 6.842416690100605e+02
8.763449858063444e-03 1.409699054849222e-03 -2.036581498947355e-03 -2.702658225819197e-04 1.426651441803358e-07 6.836577169455575e+02
8.723563667890937e-03 1.390986893544972e-03 -1.157401884370935e-03 -2.429083547193881e-04 1.426652057602962e-07 6.846809636989060e+02
9.352911097078649e-03 1.407584501588401e-03 -1.079013284625952e-03 -2.219014052709984e-04 1.426647119040655e-07 6.837642276171697e+02
8.976918404150812e-03 1.436295330493316e-03 -2.160804030979291e-03 -1.995470551319655e-04 1.426640731844841e-07 6.852752166572797e+02
9.142969406953963e-03 1.396363735735071e-03 -2.568367610953930e-03 -1.560379500661113e-04 1.426588430072468e-07 6.819661987840698e+02
9.155728755069651e-03 1.445362215623171e-03 -1.191271467329477e-03 -2.680315588924851e-04 1.426643262142520e-07 6.852831207177632e+02
9.012799085603762e-03 1.370926782388483e-03 -6.312477682041961e-04 -3.375642182241229e-04 1.426603812172991e-07 6.834127612872475e+02
9.047908187533505e-03 1.383709916656583e-03 -2.737822000993533e-03 -1.505049790068811e-04 1.426599951673361e-07 6.842419392038662e+02
9.242714603763138e-03 1.401935842506844e-03 -1.647073630185521e-03 -2.562157278680219e-04 1.426584405484691e-07 6.813163767977494e+02
9.320959614219039e-03 1.440200929074621e-03 -1.776713192518166e-03 -2.060367230282662e-04 1.426648138055389e-07 6.852148760722040e+02
8.924950533096592e-03 1.438297115867411e-03 -3.683822191064521e-04 -3.071244243839814e-04 1.426652788964450e-07 6.849898985744757e+02
8.769036818469919e-03 1.321846828223045e-03 -2.393305934675255e-03 -1.922949748864119e-04 1.426585490548310e-07 6.831464252463581e+02
9.207172492648746e-03 1.380440155736898e-03 -2.006694500133115e-03 -2.557748244307595e-04 1.426621361635319e-07 6.833956009655764e+02
9.159203599661400e-03 1.488667384228058e-03 -1.767068029812541e-03 -2.448215459332886e-04 1.426694465641191e-07 6.819443712952756e+02
8.703883093469846e-03 1.429587164039811e-03 -2.108625900486679e-03 -2.284753273952612e-04 1.426667633082814e-07 6.835205443435957e+02
8.414304291175739e-03 1.338867855480346e-03 -1.639379896257952e-03 -2.628327889309640e-04 1.426571037743013e-07 6.804011915197008e+02
9.296581904469357e-03 1.401207751394005e-03 -1.413763768187706e-03 -1.951510647203768e-04 1.426623386261949e-07 6.830955856365789e+02
9.323728065091961e-03 1.378499106346526e-03 -1.760279673639989e-03 -2.775761996973750e-04 1.426634577556321e-07 6.844594792619754e+02
9.272575542131007e-03 1.396916036312620e-03 -1.241999713708876e-03 -2.548774550789704e-04 1.426641337584523e-07 6.846370944004893e+02
9.025452619095188e-03 1.401997116555112e-03 -1.712618671413103e-03 -2.080174105266293e-04 1.426642877831612e-07 6.834397935936576e+02
8.812873650675641e-03 1.413481752259340e-03 -1.218566485703359e-03 -2.601973802586391e-04 1.426662107046713e-07 6.835719847674760e+02
9.259129915207420e-03 1.417750038279174e-03 -1.263354978168125e-03 -2.392747854971837e-04 1.426643498031223e-07 6.845675122941141e+02
9.075531484853841e-03 1.372228491233156e-03 -2.175580114662205e-03 -2.484689233784478e-04 1.426590203746682e-07 6.829383962673979e+02
9.336099505226554e-03 1.431909749343244e-03 -9.027069105000534e-04 -2.739381333308304e-04 1.426659099484160e-07 6.852303081251289e+02
8.857571147694979e-03 1.378310921497971e-03 -1.923331876342773e-03 -1.793359703924836e-04 1.426603906942521e-07 6.832837566176338e+02
9.280267326383144e-03 1.485664683054844e-03 -1.382600877564986e-03 -2.393493930045815e-04 1.426653032740427e-07 6.844322893678991e+02
9.265647674041862e-03 1.415711695962180e-03 -8.856873620834329e-04 -2.718955413679994e-04 1.426622350635117e-07 6.837413678841318e+02
9.094517373319464e-03 1.491966364292580e-03 -2.457833725017671e-03 -1.892148579219219e-04 1.426706736765673e-07 6.803768629210182e+02
9.077382529956421e-03 1.419443463554106e-03 -1.554441696385834e-03 -2.197229594027263e-04 1.426635289796400e-07 6.832790783886439e+02
9.260575731727101e-03 1.461654291452324e-03 -1.376701286921559e-03 -2.564118954965310e-04 1.426671384076977e-07 6.835162268884136e+02
9.254408955002265e-03 1.433393371166028e-03 -1.906198288898901e-03 -1.885992924551691e-04 1.426602693848240e-07 6.828714698627655e+02
9.190655338390674e-03 1.471004353544241e-03 -1.373546880609901e-03 -3.057170794243020e-04 1.426653351979384e-07 6.830535284262500e+02
8.384895325239198e-03 1.325624910350775e-03 -2.228751621888438e-03 -2.275948399808992e-04 1.426619171348142e-07 6.845465283041563e+02
9.209615448353472e-03 1.381583255304306e-03 -1.302812953054328e-03 -2.563948269903651e-04 1.426648754011090e-07 6.845355872957106e+02
9.193765180139485e-03 1.416358327190702e-03 -1.446525183331759e-03 -2.646911459846213e-04 1.426578965592450e-07 6.817923497162433e+02
8.780233024180047e-03 1.319440544400210e-03 -2.426653623740266e-03 -2.157093426934711e-04 1.426639557178590e-07 6.848808076581414e+02
9.000774302012134e-03 1.428806942168831e-03 -1.057726190317676e-03 -2.710696123524347e-04 1.426649432462373e-07 6.844246384566230e+02
8.628032747689522e-03 1.372669307230828e-03 -2.547473433545102e-03 -1.693132620449681e-04 1.426603332671428e-07 6.839154510669222e+02
9.251692565762852e-03 1.449866932209325e-03 -2.099408148876453e-04 -3.184329435527962e-04 1.426646461569482e-07 6.840715052305486e+02
9.072194422144403e-03 1.416505768670558e-03 -1.091805729020580e-03 -2.361065768684028e-04 1.426635959707840e-07 6.845881539705738e+02
9.027087189775606e-03 1.356601609073926e-03 -1.511478400963109e-03 -2.265959143160729e-04 1.426616119943123e-07 6.832802518256011e+02
8.724821830084897e-03 1.378753744775748e-03 -1.476740367913727e-03 -2.894028927224743e-04 1.426617142005083e-07 6.837016430914632e+02
9.113906136048093e-03 1.408927813885390e-03 -8.194751688944304e-04 -3.094607619660676e-04 1.426617329682836e-07 6.839429744870799e+02
9.240929162721220e-03 1.409792794138050e-03 -5.824650183546640e-04 -2.915770571044243e-04 1.426628456911577e-07 6.832513420078371e+02
9.098271075225185e-03 1.448664376299824e-03 -2.290157754646298e-03 -2.206820827348829e-04 1.426657938788403e-07 6.845671846933811e+02
9.244416569016879e-03 1.464265892432119e-03 -1.381004586678395e-03 -3.515642275087192e-04 1.426614811045714e-07 6.827949369791488e+02
8.933589345793766e-03 1.387644470235178e-03 -1.849658258544828e-03 -2.795126212438531e-04 1.426630944868737e-07 6.854604788592936e+02
9.137281609514580e-03 1.455030691733874e-03 -2.173657095796351e-03 -2.478139401195637e-04 1.426628830181844e-07 6.851088232640608e+02
8.698577035825918e-03 1.368502147880334e-03 -1.226941661229641e-03 -2.390098768808458e-04 1.426635292391896e-07 6.845375106460941e+02
9.392085034885110e-03 1.446207943422242e-03 -1.295976578187789e-03 -2.520769944311155e-04 1.426658279204704e-07 6.838089017346913e+02
9.065222251113851e-03 1.420209724990207e-03 -2.170409711358773e-03 -1.861093543950342e-04 1.426618073921847e-07 6.828106571599189e+02
8.750631867445393e-03 1.386252439555279e-03 -1.463446524036442e-03 -2.489375490577721e-04 1.426626400722060e-07 6.836248165526071e+02
8.849137287849569e-03 1.388179110661890e-03 -9.818888639685393e-04 -3.163354791780164e-04 1.426612786702323e-07 6.843211935967328e+02
9.054761691079204e-03 1.472496225694369e-03 -1.589082849886876e-03 -2.492858691289091e-04 1.426649968931921e-07 6.840618224248426e+02
9.395109618511371e-03 1.528559916542804e-03 -1.250559651664221e-03 -3.473631606430471e-04 1.426702947850755e-07 6.805523371815468e+02
8.987903346782738e-03 1.389616378351626e-03 -1.796886655039931e-03 -2.772547836775336e-04 1.426608612138203e-07 6.833387418617044e+02
9.095561401307678e-03 1.416243538817849e-03 -1.436450458429072e-03 -2.762827194989266e-04 1.426642110547389e-07 6.841705447740458e+02
9.159894186264552e-03 1.445522486749748e-03 -1.549254137825441e-03 -2.618293835085106e-04 1.426656874652046e-07 6.831146088433433e+02
8.800725418978434e-03 1.402965959775541e-03 -1.623803192300996e-03 -2.753488981765332e-04 1.426654670838636e-07 6.841662830303551e+02
8.548875357779763e-03 1.336077619705167e-03 -1.932330291068167e-03 -2.511249642097537e-04 1.426593190333621e-07 6.830029415410055e+02
8.827170592006047e-03 1.414758668214040e-03 -1.373624805629603e-03 -2.605290808153235e-04 1.426618359589073e-07 6.833206428618731e+02
9.287943366339622e-03 1.369532229723066e-03 -7.461652183574557e-04 -3.063379824065428e-04 1.426602499338558e-07 6.837830201598061e+02
9.134892147528207e-03 1.443596986404815e-03 -2.389349407307620e-03 -2.114972900443004e-04 1.426668851295960e-07 6.841998255565296e+02
8.939494234747665e-03 1.433304444198549e-03 -1.652999977386778e-03 -2.059894742990079e-04 1.426670544689227e-07 6.831544370737234e+02
8.707864065422859e-03 1.553961986042527e-03 -1.110034281425069e-03 -2.999686890189981e-04 1.426738258193024e-07 6.767880660889786e+02
9.224369710830214e-03 1.391074560185118e-03 -5.504471399932345e-04 -2.771495355059599e-04 1.426628873156612e-07 6.843697002308153e+02
8.993265615286997e-03 1.361403292783325e-03 -1.677402841130207e-03 -2.416042306957168e-04 1.426630464130606e-07 6.847732931755319e+02
8.576878321453780e-03 1.341729595406244e-03 -1.379569580243751e-03 -2.735040817475493e-04 1.426594762642909e-07 6.823672867538497e+02
8.948801134126117e-03 1.500231893497095e-03 -2.323132064171569e-03 -2.132703675473402e-04 1.426705145634986e-07 6.816236524860577e+02
9.067795688077822e-03 1.407012331470094e-03 -1.330523591516485e-03 -2.656336038545056e-04 1.426652049929510e-07 6.838921205013925e+02
8.659324266135414e-03 1.431062518088280e-03 -2.035067250109705e-03 -2.593525870874509e-04 1.426690192391518e-07 6.818242896980297e+02
9.028438267022680e-03 1.419788885809935e-03 -2.227848328349005e-03 -1.777888882542920e-04 1.426651537447036e-07 6.832603745980427e+02
9.227932383542550e-03 1.407292222949311e-03 -1.866581753241274e-03 -2.833811347839429e-04 1.426611648852903e-07 6.829626354503115e+02
8.939346055376262e-03 1.396843470700910e-03 -1.250913925693560e-03 -2.509947860636138e-04 1.426650117305010e-07 6.839262782715991e+02
8.858962117861708e-03 1.414948084137598e-03 -1.337254393312387e-03 -2.569609384592509e-04 1.426649202975157e-07 6.850014608422439e+02
9.006605487473462e-03 1.429869322887588e-03 -1.793823980367609e-03 -2.231192015185233e-04 1.426662627843441e-07 6.843626841114118e+02
8.937304835189263e-03 1.432638195146620e-03 -2.202645451462376e-03 -1.689370668966662e-04 1.426651111695993e-07 6.831715134201446e+02
9.203349661317627e-03 1.411645028838368e-03 -2.250852022794204e-03 -2.211468982646755e-04 1.426663849536154e-07 6.842078098622800e+02
9.237174975093184e-03 1.349611548008106e-03 -1.250260657623912e-03 -2.632408714356186e-04 1.426588139375277e-07 6.827983108096114e+02
8.932970048068216e-03 1.432791672716213e-03 -1.066853204762977e-03 -3.007038653788333e-04 1.426668244602449e-07 6.830975738588024e+02
9.026083457472652e-03 1.385303997570979e-03 -1.613172308713929e-03 -2.697207409253440e-04 1.426644687559570e-07 6.853134412518455e+02
8.752702143068168e-03 1.312796056908502e-03 -4.919160924251521e-04 -2.749672101118040e-04 1.426597405578691e-07 6.838026619052538e+02
9.350254984787575e-03 1.465829902662294e-03 -1.393257185744700e-03 -2.356533890480569e-04 1.426663618942118e-07 6.826243943860331e+02
8.907679020561377e-03 1.381570537628767e-03 -2.186401827236575e-03 -1.829873083512918e-04 1.426616635025008e-07 6.834696181642186e+02
9.032433394952535e-03 1.424961054073930e-03 -2.284044217175195e-03 -1.752604531643971e-04 1.426629294854913e-07 6.832167159130029e+02
9.099281610981820e-03 1.409784132382233e-03 -1.758306627287124e-03 -1.848479716312431e-04 1.426583024240766e-07 6.813179345477861e+02
8.929103260020126e-03 1.386725733141944e-03 -1.996024681225952e-03 -1.897485848348815e-04 1.426621224940707e-07 6.841505388489807e+02
9.109284314954858e-03 1.411718398244975e-03 -1.200749354232410e-03 -2.844386388699969e-04 1.426635134543079e-07 6.840277696627574e+02
9.016538486651600e-03 1.398508978303544e-03 -1.098988678751347e-03 -2.983889198667745e-04 1.426613686008382e-07 6.845514844687536e+02
7.823367939258474e-03 1.271517597462291e-03 -1.668447484779933e-03 -2.422532039782401e-04 1.426621520206346e-07 6.842202908648284e+02
8.947987099605080e-03 1.421701039750152e-03 -1.451364217641381e-03 -2.594638569562057e-04 1.426590529479921e-07 6.823110976774653e+02
9.246599471055527e-03 1.423248464697930e-03 -9.716705460596649e-04 -2.777692364822425e-04 1.426632753644387e-07 6.841562529548571e+02
9.325702507841394e-03 1.418348526993224e-03 -1.325455581087800e-03 -2.261541404553959e-04 1.426603722919776e-07 6.830080700407796e+02
9.333749700186753e-03 1.431230219782592e-03 -1.716139729535893e-03 -2.195077192673866e-04 1.426615317947193e-07 6.846925729878758e+02
8.237320672172411e-03 1.413508538990380e-03 -1.118901273099601e-03 -2.400176613549691e-04 1.426660803948228e-07 6.840057378659867e+02
9.177063676414198e-03 1.438620058229515e-03 -1.397026170051742e-03 -2.897058918959172e-04 1.426669211405925e-07 6.841322352975864e+02
8.722136493888602e-03 1.420496844934327e-03 -1.731790382902028e-03 -2.551977476826373e-04 1.426659229441578e-07 6.844751706598342e+02
9.348589442495328e-03 1.450884272954468e-03 -1.104607838962990e-03 -2.739263988587013e-04 1.426633759002579e-07 6.849251342571570e+02
9.014471569489960e-03 1.375035969972995e-03 -2.174734953721678e-03 -2.167279843518561e-04 1.426595014673606e-07 6.843091906155886e+02
8.981862416027218e-03 1.365200988651016e-03 -1.743213076634955e-03 -2.256127644802859e-04 1.426539691655857e-07 6.762510563496851e+02
8.985244858588825e-03 1.390567833623889e-03 -1.135147164231821e-03 -2.873622490144265e-04 1.426608637781273e-07 6.837709788494957e+02
9.156304031335409e-03 1.454709981435775e-03 -1.417979430061739e-03 -2.363669679388389e-04 1.426673527926440e-07 6.834491654049133e+02
8.840528922616234e-03 1.419452655059384e-03 -2.370812574615090e-03 -1.766159302980113e-04 1.426590213002486e-07 6.841529775867436e+02
9.376825910215882e-03 1.412973282287164e-03 -1.486219252509227e-03 -2.752574442835688e-04 1.426601832105265e-07 6.830704976127178e+02
8.879833268963602e-03 1.413126298560291e-03 -1.420063338237623e-03 -2.785443204168415e-04 1.426655518949124e-07 6.841307014318139e+02
9.255556652573519e-03 1.411609523184497e-03 -1.633835016426521e-03 -2.337331611381519e-04 1.426609082181102e-07 6.844659160573955e+02
9.273311001312776e-03 1.466971005036155e-03 -1.960250797308897e-03 -1.997235836967874e-04 1.426673246696677e-07 6.836358742272648e+02
9.238982874142839e-03 1.432722253294777e-03 -1.502228765877632e-03 -1.795578239824977e-04 1.426609085604098e-07 6.830064902501214e+02
9.214705248305489e-03 1.518846683511050e-03 -2.263920864866562e-03 -2.079839741263406e-04 1.426689798106959e-07 6.830736583082629e+02
8.674151547155911e-03 1.387317615721975e-03 -1.218280835502750e-03 -2.540337562735975e-04 1.426617093486613e-07 6.851423056061543e+02
9.235607842209153e-03 1.405708991808910e-03 -2.103264618280534e-03 -2.235741154384467e-04 1.426620801706956e-07 6.836883514836408e+02
9.149014144672438e-03 1.469689027870926e-03 -2.142483830930695e-03 -1.928694194260451e-04 1.426666638422791e-07 6.824950540399791e+02
9.283533413671319e-03 1.473281472728312e-03 -1.540241514235026e-03 -2.583601988611223e-04 1.426698358574833e-07 6.817933335505454e+02
9.080357860931820e-03 1.436534760287458e-03 -1.514333660454444e-03 -2.501802417870327e-04 1.426674721817310e-07 6.824305004205653e+02
9.367530083897822e-03 1.396372906296185e-03 -5.077167849587845e-04 -3.534995392709497e-04 1.426572862688455e-07 6.816849444732454e+02
9.162912922309353e-03 1.411283733900345e-03 -1.910721107280626e-03 -2.014017868883686e-04 1.426622380468931e-07 6.835274357411197e+02
9.136758109886595e-03 1.396159152527584e-03 -1.290136534038006e-03 -2.670878424600266e-04 1.426635841713326e-07 6.843991304904549e+02
9.162827028112185e-03 1.438373648386101e-03 -1.310812071188189e-03 -2.680415121798041e-04 1.426616835303109e-07 6.849756654357176e+02
9.371156052938511e-03 1.416457206661621e-03 -9.034863736216768e-04 -3.257979525152819e-04 1.426596876699452e-07 6.823878051182846e+02
9.155041497893309e-03 1.453852104962243e-03 -1.804449873017035e-03 -2.346338162301718e-04 1.426680399645991e-07 6.825493454865705e+02
9.172428297225765e-03 1.444560002958057e-03 -2.034039245388552e-03 -2.607171449008978e-04 1.426684652686324e-07 6.823884780001035e+02
8.519475878284583e-03 1.396057966180537e-03 -1.433049843995482e-03 -2.552503563830349e-04 1.426637566532878e-07 6.838291683206239e+02
8.940400736375856e-03 1.345924041144669e-03 -1.837590892644023e-03 -2.118717631642530e-04 1.426593575654945e-07 6.826839989259166e+02
9.301078292231419e-03 1.424209055104326e-03 -1.899361231519581e-03 -1.822844327970288e-04 1.426607924478949e-07 6.826309736254880e+02
9.109650195554509e-03 1.444369305538325e-03 -1.456197786578909e-03 -2.456549130396185e-04 1.426629787171440e-07 6.846594499776425e+02
9.189614357077585e-03 1.373242287757145e-03 -3.999629024345195e-04 -3.015895971528595e-04 1.426654082808027e-07 6.846555060469674e+02
8.898004677129305e-03 1.454297344531265e-03 -6.966552345477992e-04 -3.290628451998167e-04 1.426664592655628e-07 6.832195068230142e+02
9.050306428666785e-03 1.431480399123024e-03 -1.834744010705616e-03 -2.364199058935551e-04 1.426652042165306e-07 6.838537276130752e+02
9.024055897664021e-03 1.444367121902011e-03 -2.518418852916421e-03 -1.524038919055637e-04 1.426637265291383e-07 6.846552407136692e+02
8.774881956872508e-03 1.381186345871346e-03 -1.947688202901159e-03 -2.053737048667099e-04 1.426619038598537e-07 6.840793521294876e+02
8.657948479545187e-03 1.361506828775675e-03 -1.267244814588307e-03 -2.406138174727171e-04 1.426569385249718e-07 6.806909081323647e+02
9.165639763248948e-03 1.421519381665339e-03 -1.031870165153891e-03 -2.562569361997011e-04 1.426634967417715e-07 6.851935134388747e+02
9.203527875758706e-03 1.407189802367543e-03 -6.865936322379926e-04 -3.099646692385424e-04 1.426596970098815e-07 6.830527949649027e+02
9.390411460433335e-03 1.431579047088045e-03 -8.133460145244003e-04 -2.827305444184209e-04 1.426646823806962e-07 6.845545772772156e+02
8.481279151152507e-03 1.387647697278204e-03 -4.679961993434400e-04 -3.353352342908266e-04 1.426673222579251e-07 6.832789089013829e+02
8.970133850188175e-03 1.377122636940456e-03 -1.755949887222131e-03 -2.135829921445883e-04 1.426620825762285e-07 6.850107190747167e+02
8.470096975255343e-03 1.375394534079225e-03 -1.416676443251454e-03 -2.564012168440740e-04 1.426578802192415e-07 6.808511184374178e+02
8.339889878233439e-03 1.459602978539593e-03 -1.050387054031497e-03 -3.365664805659501e-04 1.426676118854649e-07 6.821661205346736e+02
8.373198672295962e-03 1.359845222428786e-03 -9.697911547276668e-04 -2.746282306679180e-04 1.426645191872486e-07 6.839080427805960e+02
9.191173318927510e-03 1.325321800671817e-03 -2.367325605721208e-03 -1.987163123910823e-04 1.426594198684449e-07 6.825379086822164e+02
8.229991410702606e-03 1.330457971941211e-03 -1.799312975137655e-03 -1.938647025422056e-04 1.426594916146854e-07 6.826255883684585e+02
8.805632408880944e-03 1.389036896355595e-03 -2.479899852483421e-03 -1.876896496448613e-04 1.426624779861266e-07 6.836411883563859e+02
8.775143347783839e-03 1.400121512754480e-03 -7.785108445544697e-04 -3.180791373177772e-04 1.426611635669595e-07 6.848671101320735e+02
9.241832372558798e-03 1.477957474393838e-03 -1.861213433460096e-03 -2.086291810647149e-04 1.426636006725831e-07 6.852933667218477e+02
8.846566690715506e-03 1.364467554940543e-03 -1.170383944511095e-03 -3.091160792006774e-04 1.426637965424481e-07 6.850731369266034e+02
9.336895648367200e-03 1.402615945142475e-03 -1.091007450122475e-03 -2.609745361820553e-04 1.426635605260611e-07 6.834721452631443e+02
9.281396033612688e-03 1.416151122581928e-03 -1.499504050131332e-03 -2.414110236291723e-04 1.426616583365453e-07 6.850307341083458e+02
9.091839071910286e-03 1.433973642681908e-03 -2.341110319972013e-03 -1.358944853613053e-04 1.426653314347107e-07 6.831734791420740e+02
9.127069785060195e-03 1.364946561951236e-03 -1.415160457107630e-03 -2.591821191866281e-04 1.426601627146580e-07 6.837036492181007e+02
8.912825613690016e-03 1.372671480435026e-03 -5.777301799991727e-04 -3.178053576195552e-04 1.426609543274318e-07 6.834752005684778e+02
9.233688636581030e-03 1.411714973157773e-03 -1.874605147831759e-03 -1.808108788566555e-04 1.426641272956750e-07 6.841260097398832e+02
9.062000476900398e-03 1.450464176270224e-03 -1.358481470910747e-03 -2.579179780604745e-04 1.426652796335097e-07 6.837401040367625e+02
8.934449764018077e-03 1.412192668298744e-03 -6.493900519435178e-04 -3.087016114157725e-04 1.426629145401373e-07 6.854622621650622e+02
9.061631662204047e-03 1.438568832848027e-03 -1.341693753243730e-03 -2.905730511841780e-04 1.426624113828797e-07 6.835162184719672e+02
9.053136256786325e-03 1.357541488092909e-03 -1.717958432048605e-03 -2.374824821184761e-04 1.426582554622842e-07 6.819164729874915e+02
9.269223409388525e-03 1.420504005501223e-03 -1.500597379990936e-03 -2.427281381619532e-04 1.426592895689417e-07 6.823633951006746e+02
9.341909239028506e-03 1.403318515838805e-03 -1.433026937189760e-03 -2.065962075066578e-04 1.426594203762123e-07 6.834616255327353e+02
8.769471643095796e-03 1.386710357792598e-03 -1.390922004512496e-03 -2.330047608496455e-04 1.426590109503034e-07 6.828212062110704e+02
9.079217210430281e-03 1.442179005053451e-03 -1.214907324324418e-03 -2.913594148953294e-04 1.426652794194865e-07 6.835718796691017e+02
9.387108357325681e-03 1.411346897401940e-03 -7.581557451256002e-04 -2.571439715569659e-04 1.426645238295623e-07 6.843423478427915e+02
9.037169873239012e-03 1.387445670122070e-03 -1.242735983415857e-03 -2.878144419866156e-04 1.426625867708735e-07 6.843680036162524e+02
9.315978631429975e-03 1.394341962470748e-03 -7.608993382576855e-04 -2.892052814978132e-04 1.426617404559875e-07 6.840426430005817e+02
9.314614579739044e-03 1.473989318888615e-03 -1.121875493972389e-03 -3.416498647392770e-04 1.426712691890392e-07 6.812952076548319e+02
9.454696274530038e-03 1.441903541976032e-03 -8.803900318971174e-04 -2.757163294544865e-04 1.426685982584847e-07 6.834192137799985e+02
9.027512172481175e-03 1.381295871967551e-03 -1.641688016018748e-03 -2.646960276297572e-04 1.426573677452248e-07 6.818714769855122e+02
8.976947297032970e-03 1.392573212837955e-03 -5.664961691871482e-04 -2.996102688186361e-04 1.426603768213544e-07 6.838458828214792e+02
9.128195670409612e-03 1.421573817695081e-03 -1.897362297783714e-03 -2.521966714982319e-04 1.426656699923418e-07 6.834792513847190e+02
9.410709864687708e-03 1.480580999821375e-03 -1.038296075769830e-03 -2.938679005875348e-04 1.426697115803398e-07 6.828251328620303e+02
8.582971978420079e-03 1.333073922721490e-03 -2.026741322967840e-03 -2.068286239854804e-04 1.426612166328301e-07 6.840098914381311e+02
9.421357520828968e-03 1.476751177562205e-03 -1.066003651991369e-03 -2.971312590337844e-04 1.426687611030158e-07 6.838152522594909e+02
9.071709535198168e-03 1.361862212466062e-03 -1.566739318704655e-03 -2.383109435618645e-04 1.426626015981858e-07 6.838803621575449e+02
9.215334667501594e-03 1.407273801171050e-03 -1.435165021087203e-03 -2.512273458634519e-04 1.426613311166707e-07 6.838677832842664e+02
9.192179811147280e-03 1.488983127754250e-03 -1.609877098464151e-03 -1.749669330579353e-04 1.426653786587351e-07 6.839950028378954e+02
8.975144743796556e-03 1.408258082414276e-03 -1.649086876819480e-03 -2.789511603201423e-04 1.426622490943684e-07 6.840730431610625e+02
8.916382115523891e-03 1.398462410348144e-03 -2.154716048459352e-03 -2.078118746045318e-04 1.426622268421293e-07 6.832675352886674e+02
9.266135011794982e-03 1.464940467985202e-03 -1.345933358501666e-03 -2.528326021582238e-04 1.426674082148041e-07 6.824540804939531e+02
9.003564540159754e-03 1.452149398940235e-03 -2.142528384701098e-03 -1.441511813210091e-04 1.426661906990919e-07 6.837312906592151e+02
8.910125126375110e-03 1.446593950342122e-03 -2.807187076799570e-03 -2.018404944131860e-04 1.426637109721735e-07 6.850165401976136e+02
8.811501603463799e-03 1.359599720139717e-03 -1.584899137001665e-03 -2.848169815322058e-04 1.426638109137420e-07 6.847159133043326e+02
9.123703905821616e-03 1.421543881987974e-03 -2.288105175364175e-03 -2.293478715629511e-04 1.426629988639051e-07 6.850192166134642e+02
9.260960540939016e-03 1.395491407084267e-03 -1.780913385197463e-03 -1.734287619669791e-04 1.426636145071255e-07 6.841512399970820e+02
9.147956637497170e-03 1.407503395742766e-03 -1.080795787273277e-03 -2.712229271038790e-04 1.426627588958080e-07 6.849857397290486e+02
8.442169231031922e-03 1.417682215401322e-03 -3.537320292496487e-04 -3.320900636584304e-04 1.426679350024666e-07 6.832216747719497e+02
8.885837293628665e-03 1.418629258794605e-03 -1.142944082244261e-03 -2.815177309419101e-04 1.426639240951426e-07 6.832974654095744e+02
9.027692587702186e-03 1.356852666511235e-03 -9.383745568742989e-04 -2.607044196804601e-04 1.426576889593518e-07 6.818384757692107e+02
9.150018684159354e-03 1.355109970257318e-03 -1.091748686437950e-03 -2.487371208902350e-04 1.426629123136679e-07 6.845054211324667e+02
9.186987524977068e-03 1.416774943104514e-03 -1.200570856553275e-03 -2.318891543148713e-04 1.426604114156302e-07 6.839472243156081e+02
9.140196684090614e-03 1.418028513858881e-03 -1.593703574195771e-03 -2.408292761916246e-04 1.426645238297745e-07 6.847570783699850e+02
8.549787831477881e-03 1.393532200069055e-03 -1.221016753263171e-03 -2.582631900419597e-04 1.426663322307245e-07 6.838703392543791e+02
8.893177077460474e-03 1.416529258260094e-03 -1.508362221164273e-03 -2.697642191150255e-04 1.426612684016156e-07 6.837847546135957e+02
9.112464913570147e-03 1.362607720921169e-03 -1.159627438487677e-03 -2.481376478707963e-04 1.426591510981043e-07 6.828685330180284e+02
9.207347231110573e-03 1.494089088124855e-03 -6.027453668528311e-04 -2.910375328479668e-04 1.426688773607607e-07 6.835505489633770e+02
9.193118302908644e-03 1.420981582992107e-03 -2.028202127020507e-03 -1.955123554304860e-04 1.426635112018338e-07 6.848008076794634e+02
8.886830046961315e-03 1.406351116723497e-03 -9.659549199462232e-04 -3.229827024195533e-04 1.426609446599730e-07 6.832999653380867e+02
9.148219312546491e-03 1.411734304895964e-03 -1.916607808334979e-03 -2.209106664636928e-04 1.426624812150599e-07 6.841546973980641e+02
9.280236894205809e-03 1.452267584450115e-03 -1.263413756030014e-03 -2.312229775509748e-04 1.426610017870867e-07 6.835742608172901e+02
8.329020815097496e-03 1.372203688619778e-03 -1.357455920898342e-03 -2.514875556117865e-04 1.426659516392185e-07 6.833062647108055e+02
9.078723145074271e-03 1.387352382253785e-03 -1.453474422786450e-03 -2.881449600936436e-04 1.426634966737231e-07 6.847900710995327e+02
8.806197524778998e-03 1.367159068311183e-03 -1.641622788118025e-03 -2.547065502425929e-04 1.426630586925669e-07 6.837390379810512e+02
8.998671659775109e-03 1.443924632473136e-03 -1.882241713644936e-03 -2.241539034863008e-04 1.426670383970714e-07 6.841354557654232e+02
8.344338674337931e-03 1.374403031387599e-03 -2.171297531036713e-03 -2.233055233938226e-04 1.426618302111224e-07 6.836681278163545e+02
9.301989305083766e-03 1.513101639143551e-03 -1.527391310183992e-03 -2.893037339487577e-04 1.426672903797712e-07 6.819782747688685e+02
9.076383736283248e-03 1.430990629699902e-03 -1.960303113120323e-03 -2.602608236951288e-04 1.426664417157621e-07 6.847549796741514e+02
9.136969136100374e-03 1.416608764449965e-03 -1.377244045403874e-03 -2.922412933524702e-04 1.426660171009188e-07 6.833101886854325e+02
8.852878273855638e-03 1.371666663110885e-03 -1.554761863231380e-03 -2.742830114245095e-04 1.426637941468125e-07 6.852536043665057e+02
9.060684847276068e-03 1.471457768524358e-03 -5.952524703472749e-04 -3.072714382656237e-04 1.426685159488343e-07 6.833416903516959e+02
8.289346917842782e-03 1.378617533378150e-03 -1.410071325265134e-03 -2.848791247593439e-04 1.426649063493672e-07 6.836265843759094e+02
8.903632392274144e-03 1.445128322405817e-03 -1.579352133474620e-03 -2.579716086819247e-04 1.426633397103747e-07 6.854955890932501e+02
8.385254110395465e-03 1.306990792154189e-03 -1.353998020495516e-03 -2.244406584373675e-04 1.426621054466778e-07 6.839041166908429e+02
9.039133126202069e-03 1.381086809782759e-03 -2.055641693977634e-03 -2.122549153714016e-04 1.426655504585946e-07 6.841719232731078e+02
8.918966717133841e-03 1.438701959696231e-03 -1.162482112754429e-03 -2.609517399295491e-04 1.426625281444854e-07 6.834339321178386e+02
8.323447833135088e-03 1.367191476479381e-03 -1.927409895930649e-03 -2.684390732304288e-04 1.426610929099817e-07 6.849857160261402e+02
9.226510304919302e-03 1.420589978870475e-03 -1.785119817938969e-03 -2.315547532899035e-04 1.426621684279721e-07 6.839846313319167e+02
9.169962179177028e-03 1.414538758003266e-03 -1.479316495903533e-03 -2.943265497213619e-04 1.426652017688658e-07 6.842425354371142e+02
9.175053581637942e-03 1.422855343612256e-03 -1.813380084325017e-03 -2.447744348122847e-04 1.426647970809772e-07 6.832519267148098e+02
9.210083665668214e-03 1.410191253443693e-03 -1.932833257487575e-03 -2.445671638806976e-04 1.426644302566515e-07 6.844752934823998e+02
9.317902189348850e-03 1.454681254916187e-03 -1.520773234937565e-03 -2.713741864221058e-04 1.426667096026071e-07 6.841452051764480e+02
9.350593440535524e-03 1.443200176931557e-03 -1.119539393267360e-03 -2.952175388099244e-04 1.426669930857146e-07 6.830346248124164e+02
9.175214609528162e-03 1.421735618238321e-03 -1.640374390450772e-03 -2.044310788137250e-04 1.426614272797029e-07 6.844311873197256e+02
9.018858672215354e-03 1.377047215198501e-03 -1.284011632349290e-03 -2.413715214252061e-04 1.426622678168733e-07 6.840732124376813e+02
9.156814594333644e-03 1.445889315673585e-03 -1.253089094394696e-03 -2.809192220667769e-04 1.426698682810439e-07 6.827889569403179e+02
9.289880539754037e-03 1.517678493871136e-03 -1.589284889421537e-03 -2.892245991959969e-04 1.426709901781981e-07 6.802121581997287e+02
9.056839703031273e-03 1.366399199200797e-03 -1.062740376212857e-03 -2.703867909333937e-04 1.426601228009730e-07 6.837892929363164e+02
8.744901897383271e-03 1.386801964733336e-03 -1.395102014805890e-03 -2.617384232857175e-04 1.426603244816874e-07 6.825415220222641e+02
9.030571813947449e-03 1.410034968975503e-03 -4.863369397009866e-04 -3.071493477799464e-04 1.426658341899629e-07 6.839090467774678e+02
8.842861503170893e-03 1.438120969045100e-03 -9.976176560581886e-04 -2.952504197550479e-04 1.426647099289570e-07 6.849873928262068e+02
9.125008844456292e-03 1.441034220496706e-03 -7.962397498039316e-04 -2.875392502944590e-04 1.426664503509708e-07 6.842770917899981e+02
9.050903126392867e-03 1.451139876124104e-03 2.167226092370496e-05 -3.710820849529752e-04 1.426672277591493e-07 6.837482339539724e+02
9.303217901297152e-03 1.460887061998341e-03 -1.282681234253027e-03 -2.388980091663827e-04 1.426683312328012e-07 6.836483992205592e+02
8.782481744639947e-03 1.401856367518900e-03 -1.175098447675032e-03 -2.514520597100527e-04 1.426624071663350e-07 6.848802536673562e+02
8.501879518702590e-03 1.371924016546989e-03 -1.344162925856554e-03 -2.967436495295833e-04 1.426595352224164e-07 6.829665201733069e+02
9.117899357045713e-03 1.418501775455612e-03 -9.936085897746241e-04 -3.007143468278031e-04 1.426643064830899e-07 6.844157212747207e+02
9.068930878219163e-03 1.409284756830021e-03 -1.344652313963312e-03 -2.426655947078411e-04 1.426630653853569e-07 6.831820502186056e+02
9.026006406964958e-03 1.374155502195604e-03 -1.434669556485077e-03 -2.273200621566813e-04 1.426609967159284e-07 6.834744365533702e+02
9.048760526953187e-03 1.445581220676855e-03 -1.061023602907139e-03 -2.591214038599832e-04 1.426660504751599e-07 6.850645837769991e+02
8.851026108439063e-03 1.448509523932976e-03 -1.587610284621673e-03 -2.543882838434817e-04 1.426666712826407e-07 6.845591538895312e+02
7.921240708739600e-03 1.359064955811486e-03 -7.401632596709737e-04 -2.809003897729726e-04 1.426600966119222e-07 6.829588844901122e+02
8.819873436100086e-03 1.377761571971908e-03 -1.552389587895016e-03 -2.504453439103466e-04 1.426627529116124e-07 6.847760479430236e+02
8.869101749758464e-03 1.419755664889486e-03 -1.712614844325683e-03 -2.282020103723689e-04 1.426648553905521e-07 6.836872549992297e+02
8.946277289835854e-03 1.477975160299226e-03 -1.935590235239407e-03 -2.820704844263949e-04 1.426713855296867e-07 6.799467186204663e+02
9.115500488407181e-03 1.428460163156764e-03 -1.706827893760003e-03 -2.468993222508024e-04 1.426660224686813e-07 6.841881816315263e+02
9.213762989347821e-03 1.396665934462872e-03 -1.116136086289407e-03 -2.405162289974363e-04 1.426608013557077e-07 6.838483834254126e+02
8.918677362512742e-03 1.504743113954948e-03 -1.857569728738096e-03 -2.574238962764863e-04 1.426703929905967e-07 6.805601223285032e+02
8.484112239662174e-03 1.373345394630473e-03 -1.384424363217283e-03 -2.536176565344573e-04 1.426630030552837e-07 6.834166801488096e+02
8.889329987295483e-03 1.358195300949451e-03 -1.773082570961221e-03 -2.525435382191257e-04 1.426578010415452e-07 6.813496441146269e+02
9.076513364813871e-03 1.432016627594410e-03 -2.247763417639042e-03 -2.165457240002584e-04 1.426633084900064e-07 6.856909219846262e+02
8.785495494312985e-03 1.342690429098827e-03 -8.909015041813719e-04 -2.595818531635822e-04 1.426629641129903e-07 6.848130618088212e+02
9.227398496531300e-03 1.423135248268108e-03 -8.881985581025398e-04 -3.058070271172848e-04 1.426652993055379e-07 6.831983524991281e+02
8.932150015456617e-03 1.448201486130471e-03 -1.106353714718509e-03 -3.012964024378095e-04 1.426626202389048e-07 6.845114872987493e+02
9.180453646702764e-03 1.408962730628260e-03 -7.757063907320467e-04 -3.444988907105191e-04 1.426553440730453e-07 6.779104685932252e+02
9.033635592454561e-03 1.486457664556174e-03 -1.697114165888521e-03 -2.626941627159127e-04 1.426677886782925e-07 6.826666320207177e+02
9.095314385701032e-03 1.371791894969800e-03 -2.135884667193584e-03 -1.935680426728882e-04 1.426569621905242e-07 6.808946352924208e+02
9.145982976109876e-03 1.380339441446994e-03 -1.520691616420317e-03 -3.016622717703641e-04 1.426579319196552e-07 6.811616820441537e+02
9.332682858474151e-03 1.412668096602407e-03 -1.465644197588332e-03 -2.251689232577407e-04 1.426597010902157e-07 6.831286929503685e+02
9.321495865767351e-03 1.407110531181836e-03 -9.344379616738884e-04 -3.087751342215308e-04 1.426638500934811e-07 6.833871322829912e+02
9.078699553153154e-03 1.403985511293180e-03 -1.765103356304125e-03 -2.636108812209182e-04 1.426653892165541e-07 6.833429182223657e+02
9.219975737198398e-03 1.473290121617400e-03 -1.407343859105898e-03 -2.530048368430876e-04 1.426664974819459e-07 6.847465295109726e+02
9.071278270246215e-03 1.535034548546772e-03 -1.780468212923061e-03 -2.377787616862028e-04 1.426737048822325e-07 6.777288998610823e+02
9.186473882181440e-03 1.412956881108583e-03 -1.356286419869635e-03 -2.479229626408724e-04 1.426651260899872e-07 6.837381672846778e+02
9.188655542864436e-03 1.361939000182896e-03 -9.452167390803697e-04 -2.526541788532190e-04 1.426612984365389e-07 6.838680198203650e+02
8.653882620121473e-03 1.409186083157315e-03 -8.071493736527723e-04 -3.209358845846201e-04 1.426625115498266e-07 6.841039078084240e+02
9.135293953188848e-03 1.394769061667113e-03 -2.257138567704816e-03 -1.895112380665949e-04 1.426610252519709e-07 6.851542071923054e+02
9.036738015479689e-03 1.413317728625604e-03 -2.080753405850520e-03 -1.968278343087530e-04 1.426631222622802e-07 6.844370120079311e+02
9.331111996767248e-03 1.474428451799955e-03 -1.313565799504159e-03 -2.462372016191102e-04 1.426656926264949e-07 6.845696983507731e+02
8.860005421755079e-03 1.398611100758488e-03 -1.593924936893497e-03 -2.438604939493552e-04 1.426658460076089e-07 6.847056695471023e+02
9.337664916093006e-03 1.357159618597405e-03 -7.473757911902502e-04 -2.932875465646920e-04 1.426578136469465e-07 6.818978089746362e+02
9.103581392029766e-03 1.396863196717501e-03 -1.090600836994923e-03 -2.335968152020457e-04 1.426670765059814e-07 6.843822677044767e+02
9.239275133925487e-03 1.463130022845937e-03 -9.031771494051741e-04 -2.739521751694702e-04 1.426688185792942e-07 6.819117479878701e+02
9.356888515887675e-03 1.449940488686789e-03 -1.021318720054047e-03 -3.141448898441973e-04 1.426594610773667e-07 6.824524382295845e+02
9.244679127148948e-03 1.406510551559261e-03 -1.292284007176692e-03 -3.062801475099038e-04 1.426600193554980e-07 6.829641826868101e+02
9.254990734602000e-03 1.402950097990349e-03 -1.699035422571617e-03 -2.284820895577007e-04 1.426617986787425e-07 6.835067709541119e+02
9.138097385789979e-03 1.380198010335587e-03 -1.001983883801905e-03 -2.714267507994693e-04 1.426629457835962e-07 6.837038610880925e+02
9.025048750988147e-03 1.474045297635300e-03 -2.032181835226361e-03 -2.217944530052814e-04 1.426667774651114e-07 6.844000948380362e+02
9.211388713712463e-03 1.405715153652964e-03 -2.100709059283472e-03 -2.080773809092136e-04 1.426614222921838e-07 6.838715321811078e+02
8.353341835597878e-03 1.377774217608275e-03 -2.357959259539443e-03 -2.118087380097283e-04 1.426617474140954e-07 6.834922724853240e+02
9.126916726579929e-03 1.356262582459208e-03 -2.007131576109450e-03 -2.772504342968711e-04 1.426633063296019e-07 6.848790503279205e+02
9.144714359447439e-03 1.513274708213481e-03 -1.383326465472416e-03 -2.396237553014766e-04 1.426688815436612e-07 6.810841106703731e+02
8.628427057677976e-03 1.386252825093748e-03 -2.497965819068979e-03 -1.479590504704149e-04 1.426579516724141e-07 6.808693601545910e+02
8.493168935759438e-03 1.377877954282032e-03 -1.021293424461576e-03 -2.622508508552251e-04 1.426599567949960e-07 6.835189225323894e+02
9.244374410167235e-03 1.408028347485626e-03 -1.676404615591670e-03 -2.281820432347054e-04 1.426609730682535e-07 6.830498824379118e+02
9.288284847988581e-03 1.430235846071599e-03 -1.878822255794562e-03 -2.260619006942388e-04 1.426608386993554e-07 6.838914206853859e+02
9.037307453015415e-03 1.416423605684245e-03 -1.441979739793770e-03 -2.877756421719841e-04 1.426665829095583e-07 6.835110795109688e+02
8.967142682510826e-03 1.363089359155714e-03 -2.392939706138592e-03 -1.824655033824229e-04 1.426621128954788e-07 6.840236005560894e+02
9.039780824751124e-03 1.400338388555393e-03 -2.078035679813660e-03 -2.159525392911136e-04 1.426620288517490e-07 6.834991354314251e+02
9.266469753345666e-03 1.397617863393118e-03 -1.895046501221964e-03 -2.443734741881770e-04 1.426662587362569e-07 6.840533580964221e+02
7.974749613189355e-03 1.340494917059709e-03 -1.908177470711537e-03 -2.196794432053081e-04 1.426614515101691e-07 6.837215521126698e+02
9.183729344142673e-03 1.367102967708998e-03 -1.926714160536602e-03 -1.929192467928345e-04 1.426634179390771e-07 6.851573498651348e+02
9.164688407975718e-03 1.512169500495901e-03 -2.093744181697201e-03 -2.454198276091932e-04 1.426703702619037e-07 6.807609599382035e+02
9.184743732728399e-03 1.393220902951557e-03 -1.714574877052469e-03 -2.446482415905104e-04 1.426552350563617e-07 6.787865136177896e+02
8.996985397024574e-03 1.426934109701282e-03 -1.302160008816305e-03 -2.845533201796716e-04 1.426650710589006e-07 6.839369078386502e+02
9.352332959519965e-03 1.414109026598168e-03 -9.965225728389335e-04 -2.979704982118879e-04 1.426631821461177e-07 6.835601041823593e+02
9.264230788441715e-03 1.359106301405415e-03 -1.487802632759564e-03 -2.875809974610015e-04 1.426648480800264e-07 6.842670682574278e+02
8.803602265360515e-03 1.393672478025527e-03 -1.122784979634971e-03 -2.716259134282172e-04 1.426631320103454e-07 6.841489302329526e+02
9.277735615405541e-03 1.406449608699795e-03 -1.820456745894662e-03 -2.851497154179819e-04 1.426637368611549e-07 6.849042637293023e+02
9.284319354101532e-03 1.510544227952443e-03 -1.239728493127947e-03 -2.964001876593020e-04 1.426707445058724e-07 6.799058841652483e+02
9.197611118463284e-03 1.381475499289711e-03 -9.990870166012248e-04 -2.500025533459882e-04 1.426613813267626e-07 6.853053702234620e+02
8.397465712352958e-03 1.358224546013046e-03 -2.134307398299303e-03 -2.491351794559192e-04 1.426615173816858e-07 6.846033317706525e+02
8.930876597874525e-03 1.447369288980959e-03 -1.304978445333696e-03 -3.012025641583170e-04 1.426660823677612e-07 6.826697601443772e+02
8.843197975645707e-03 1.414960588531598e-03 -1.302718983419640e-03 -2.482148791523986e-04 1.426641018821676e-07 6.832215930807326e+02
9.329089126165625e-03 1.426919959473837e-03 -9.298687610225089e-04 -2.510313130842428e-04 1.426606456268254e-07 6.844339608882070e+02
9.021615654637959e-03 1.441593066239661e-03 -1.074482018162134e-03 -2.645723709736648e-04 1.426667415433017e-07 6.832764479362301e+02
9.057219130285621e-03 1.392662595685126e-03 -1.631498911244948e-03 -2.821650588456719e-04 1.426567280348707e-07 6.800006312673424e+02
8.685051045051169e-03 1.404006352173036e-03 -2.089843122538786e-03 -2.272558410495401e-04 1.426592260701538e-07 6.841684675726310e+02
9.298615313127491e-03 1.463826827395413e-03 -1.105414284605231e-03 -2.851165906254440e-04 1.426655895161985e-07 6.828432987580512e+02
9.223113499727209e-03 1.486538093785810e-03 -2.175289026014610e-03 -1.999939703892951e-04 1.426683666346393e-07 6.822334305524125e+02
9.249367487760531e-03 1.425929139897420e-03 -1.487690108470641e-03 -2.622944879836465e-04 1.426627755640718e-07 6.844056555174255e+02
9.370197810204700e-03 1.431508203462663e-03 -1.278960318264856e-03 -2.803188375102106e-04 1.426581643796303e-07 6.823485657597254e+02
8.658075317994625e-03 1.339023143732907e-03 -1.200969941632794e-03 -2.953685115108937e-04 1.426598241196109e-07 6.830234398789137e+02
8.946849952707949e-03 1.399051869548849e-03 -1.602717897633847e-03 -2.774278794457602e-04 1.426635547585713e-07 6.846133047896159e+02
9.034275928677633e-03 1.368866634085443e-03 -8.926218752222581e-04 -2.988826862855420e-04 1.426617196624333e-07 6.833124615027981e+02
9.117322948028325e-03 1.478702266678814e-03 -1.277094552909252e-03 -2.731959845302939e-04 1.426687283335463e-07 6.834139142179040e+02
9.132555591086540e-03 1.399142532441540e-03 -2.288555506335670e-03 -2.134634238551249e-04 1.426585923183922e-07 6.825178896068609e+02
9.449594046991498e-03 1.473659054312392e-03 -9.306746629132015e-04 -3.094354494202786e-04 1.426666537736938e-07 6.832913250462450e+02
8.417039344824165e-03 1.363209565399368e-03 -1.677928136904095e-03 -2.313787166116861e-04 1.426614338708709e-07 6.840829130413110e+02
8.883761991066823e-03 1.431957159639030e-03 -6.254735897336762e-04 -3.284632519969218e-04 1.426547844934278e-07 6.780350452890689e+02
9.360846429409531e-03 1.395663255106700e-03 -3.385556607620645e-04 -3.202897884010414e-04 1.426547701121237e-07 6.786607991866895e+02
9.157954648714359e-03 1.431517780179005e-03 -8.734787086001418e-04 -2.830351430461033e-04 1.426687600301863e-07 6.836350565961316e+02
9.138163891910024e-03 1.395815683818474e-03 -1.708640915245121e-03 -2.110482338191999e-04 1.426586740533309e-07 6.814076901194090e+02
8.944780667893337e-03 1.478776104361552e-03 -1.133473101303784e-03 -2.251803721680681e-04 1.426650054996023e-07 6.848358272747748e+02
8.597767316981775e-03 1.436817504454706e-03 -2.665427328748379e-03 -1.969133955920988e-04 1.426655315365712e-07 6.834868058772030e+02
8.925919272826906e-03 1.447448376459607e-03 -7.552758337447614e-04 -2.894206623647966e-04 1.426644091722288e-07 6.850766443376108e+02
9.196150494023399e-03 1.401028044037321e-03 -1.506541188898889e-03 -2.530133229671402e-04 1.426630598220246e-07 6.849008549642440e+02
8.732782595426956e-03 1.390583084764114e-03 -1.846042371616470e-03 -2.251954525954654e-04 1.426662606817822e-07 6.838232640091344e+02
8.917569237804193e-03 1.437354034648646e-03 -1.672472690504209e-03 -2.340357569790920e-04 1.426674520410984e-07 6.829576890491464e+02
8.869369470049225e-03 1.416359379363277e-03 -1.947405020646247e-03 -2.536421465113362e-04 1.426663283863590e-07 6.836476554551697e+02
8.023191327864429e-03 1.427895339954256e-03 -2.721345279813954e-03 -1.635291844109249e-04 1.426689852690161e-07 6.822431534403439e+02
9.232387376899895e-03 1.524338819549191e-03 -1.610687620889871e-03 -2.811264936104640e-04 1.426705887612511e-07 6.816349626090611e+02
9.202102213143350e-03 1.372224057063751e-03 -7.329926169782693e-04 -2.753546570962398e-04 1.426625058988474e-07 6.854234647480196e+02
9.001887673931334e-03 1.367287848773802e-03 -1.592378913799266e-03 -2.832094015660843e-04 1.426549129691083e-07 6.788918686536373e+02
9.238746737526567e-03 1.440491569614134e-03 -7.950940817141933e-04 -2.850284107636714e-04 1.426663845983165e-07 6.834865765701933e+02
9.226115379956159e-03 1.441436456558386e-03 -2.899369181076175e-04 -2.740537615552420e-04 1.426625558771241e-07 6.850620052910886e+02
9.052152526328856e-03 1.450965443557076e-03 -1.920142053611685e-03 -2.400613769510975e-04 1.426654556710445e-07 6.849724763780077e+02
9.381912224889778e-03 1.469355452157536e-03 -1.279057150415796e-03 -2.269627630709639e-04 1.426641362838407e-07 6.845035562880051e+02
9.350097693173258e-03 1.401460123191635e-03 -6.795644372773922e-04 -2.838467557491770e-04 1.426629990961820e-07 6.852416122630516e+02
8.974325901929897e-03 1.439274318606078e-03 -1.430926414068416e-03 -2.822099290408348e-04 1.426692603914985e-07 6.825492230662060e+02
9.127473973057593e-03 1.498435325469719e-03 -1.986191876852852e-03 -2.425144309174542e-04 1.426717336103317e-07 6.801135061918388e+02
9.141873510022228e-03 1.422567945370738e-03 -7.403048014248227e-04 -3.144665710498091e-04 1.426578492850744e-07 6.821616762037887e+02
8.673942816511557e-03 1.362719932042245e-03 -1.721431331841193e-03 -2.272332993069242e-04 1.426649598090097e-07 6.847165008822534e+02
9.095668853853427e-03 1.448631267164865e-03 -1.943259032624982e-03 -2.168102500372729e-04 1.426646178744281e-07 6.835290559829804e+02
9.084746295483353e-03 1.366857709572280e-03 -1.644405303186583e-03 -2.041211864473009e-04 1.426592746203880e-07 6.826796096365661e+02
8.702045030542897e-03 1.368050260970215e-03 -1.113127941731097e-03 -2.894503367997221e-04 1.426587206923874e-07 6.819896027871246e+02
9.068619079743103e-03 1.433143010501738e-03 -2.415709612356874e-03 -2.137420790200156e-04 1.426590558118371e-07 6.838014512635788e+02
9.284854274434875e-03 1.377967342037074e-03 -1.764673970331088e-03 -2.296342546469800e-04 1.426610713277079e-07 6.840997125976902e+02
9.289947553878469e-03 1.400258109691699e-03 -1.770401139715733e-03 -2.193209872222350e-04 1.426621543984181e-07 6.845587824996202e+02
9.155775887369348e-03 1.367412739883553e-03 -1.528056467911123e-03 -2.232701279308251e-04 1.426610644826547e-07 6.833525421523060e+02
9.132134425876908e-03 1.424209413816905e-03 -1.870541792329624e-03 -2.402261094077428e-04 1.426624573693993e-07 6.837714026347825e+02
8.695212043752166e-03 1.381313766375696e-03 -1.004018174663949e-03 -3.165420051233483e-04 1.426651206597002e-07 6.846430013783871e+02
8.820503967197352e-03 1.376505944351909e-03 -2.164551311442541e-03 -1.721424282684531e-04 1.426588275779630e-07 6.823118956406987e+02
9.055633653939745e-03 1.420068610529819e-03 -1.352800158322873e-03 -3.015677272621271e-04 1.426644535932092e-07 6.833731629307800e+02
9.282864686121045e-03 1.412367492998307e-03 -1.702028169825325e-03 -2.435067545965961e-04 1.426653491490927e-07 6.833229570474946e+02
9.158462887911412e-03 1.374527675894170e-03 -1.217441759082458e-03 -2.965264094391223e-04 1.426577214811010e-07 6.811160029105629e+02
8.498300714124236e-03 1.358581051607517e-03 -1.601544088903874e-03 -2.404525583053271e-04 1.426625992556683e-07 6.837421889359673e+02
9.085006521140807e-03 1.409527072589963e-03 -1.238508708405768e-03 -2.638950904606672e-04 1.426664530101776e-07 6.840698975496150e+02
8.996668604794320e-03 1.423203986483349e-03 -1.839560131582487e-03 -2.291441561867530e-04 1.426653378172675e-07 6.844957987035303e+02
8.954529516095480e-03 1.407932402677125e-03 -1.640736263425059e-03 -2.384668258838151e-04 1.426611331648622e-07 6.840252240525217e+02
9.402523651366516e-03 1.380401571417390e-03 -1.342437044811000e-03 -2.264648616179107e-04 1.426616527145989e-07 6.851622219424188e+02
8.754240577144901e-03 1.415910305010815e-03 -1.658474439415841e-03 -2.515626489224867e-04 1.426622095458075e-07 6.837531955495666e+02
9.305188292680166e-03 1.450328232494776e-03 -1.878998039147469e-03 -2.404905318719503e-04 1.426687702458630e-07 6.833941352021317e+02
9.127285931000992e-03 1.378906450682373e-03 -1.396767200206754e-03 -2.162038172051568e-04 1.426591583813491e-07 6.827758502247250e+02
9.179377648413454e-03 1.378947002059582e-03 -1.829191645192193e-03 -2.326456728864191e-04 1.426627956753104e-07 6.851742538546681e+02
9.228399633143227e-03 1.483836387020192e-03 -8.414989529150954e-04 -3.153069906813081e-04 1.426721482059161e-07 6.805514451324302e+02
9.202387967774605e-03 1.357224745558343e-03 -1.368720572682101e-03 -2.573332620286257e-04 1.426609418846186e-07 6.847426379336274e+02
9.284928129160538e-03 1.451084811513707e-03 -1.709514740793960e-03 -2.727407764501777e-04 1.426674314384950e-07 6.830911470169854e+02
8.738388820821575e-03 1.429370911703295e-03 -1.709428891868045e-03 -2.199751625767163e-04 1.426643285370123e-07 6.849535652295660e+02
9.167465690088122e-03 1.435660326846417e-03 -1.668201656238080e-03 -2.418476571986125e-04 1.426640943323729e-07 6.856091285675982e+02
9.325932684126096e-03 1.406898572558079e-03 -6.708971450445114e-04 -2.808166276239622e-04 1.426622396958989e-07 6.844912665711134e+02
9.244652717091227e-03 1.428647523781963e-03 -1.087292436298250e-03 -2.492740696113130e-04 1.426633439949844e-07 6.833206948798148e+02
9.031265046165466e-03 1.400179195646396e-03 -1.688557087791123e-03 -1.888309493816747e-04 1.426607304618324e-07 6.837730636536766e+02
9.064185038055715e-03 1.479127880064261e-03 -2.067483886489807e-03 -2.640478611290642e-04 1.426706586996199e-07 6.809275750073823e+02
9.019126527986998e-03 1.400770406746755e-03 -1.290367132541674e-03 -2.917114193724735e-04 1.426623802721057e-07 6.850631784152210e+02
8.659052933974178e-03 1.483340843144372e-03 -1.748973959701120e-03 -1.687843051123445e-04 1.426702339910413e-07 6.806880741194019e+02
9.223402976760295e-03 1.443599054492944e-03 -1.873312978447935e-03 -2.141523936365569e-04 1.426645528913474e-07 6.847547365187676e+02
9.030509806166846e-03 1.431106211246627e-03 -1.020646203708848e-03 -2.874689105912791e-04 1.426605622045363e-07 6.843538555524182e+02
9.259698541157062e-03 1.432410063015712e-03 -9.889664749679577e-04 -3.031504877322785e-04 1.426637308296635e-07 6.835072249584664e+02
8.585301669938324e-03 1.463577155470824e-03 -1.445607619310394e-03 -2.434194168242533e-04 1.426667138004035e-07 6.839318225596079e+02
9.207483748491462e-03 1.446433951740009e-03 -7.593162349173141e-04 -3.241166745402872e-04 1.426686344130009e-07 6.823462796635802e+02
8.927988349543305e-03 1.357647262561649e-03 -2.036817120425263e-03 -2.162179090183515e-04 1.426611368937690e-07 6.836896497043936e+02
9.113788788744553e-03 1.471841444350213e-03 -1.762877354521300e-03 -2.812733192618909e-04 1.426669477360417e-07 6.832444767339699e+02
8.967343941368071e-03 1.396219217558576e-03 -7.018037224186503e-04 -3.027387909870023e-04 1.426629374433154e-07 6.833448691658253e+02
8.343870254871958e-03 1.382945554578591e-03 -1.258230937184046e-03 -2.613776802948686e-04 1.426642120421264e-07 6.836880513090405e+02
9.128819578247507e-03 1.449008694056962e-03 -1.053347511800696e-03 -2.817957837052083e-04 1.426671308429954e-07 6.828779637556798e+02
9.051578194781125e-03 1.408435039801460e-03 -1.712473692193297e-03 -2.519216377319176e-04 1.426613327366949e-07 6.828952166370849e+02
8.862903893244505e-03 1.419342475607803e-03 -1.336758802028915e-03 -2.689536589802071e-04 1.426622863843218e-07 6.833730372174088e+02
8.573749255615375e-03 1.359887456189609e-03 -2.089583692283531e-03 -2.146506042446822e-04 1.426618650357724e-07 6.845019034377710e+02
9.159299260986555e-03 1.346108500121151e-03 -1.129625031077162e-03 -2.539873444218133e-04 1.426581116351445e-07 6.819218579735481e+02
8.817004465091696e-03 1.414189232042303e-03 -8.446395616160399e-04 -3.049494845577231e-04 1.426627696032521e-07 6.849723547545333e+02
9.118740424939738e-03 1.415548433755033e-03 -1.773845018469826e-03 -2.372141812253835e-04 1.426647094065854e-07 6.851307394042834e+02
8.526382663356485e-03 1.352134121755397e-03 -1.000476523101671e-03 -3.138946755570710e-04 1.426599426396748e-07 6.845269877169446e+02
8.535963517917765e-03 1.508942751027121e-03 -1.698502240373346e-03 -2.123283235734423e-04 1.426710300711731e-07 6.798380121388725e+02
8.755504661950724e-03 1.357464692618278e-03 -1.506408679497831e-03 -2.346126852737738e-04 1.426579149987694e-07 6.829797129906582e+02
8.947570599955709e-03 1.426943644713894e-03 -1.751321334561193e-03 -2.177322435209563e-04 1.426646972379305e-07 6.845817840449564e+02
8.914506578168870e-03 1.428528132240518e-03 -1.464410973272497e-03 -2.268457506357099e-04 1.426643195274045e-07 6.848497212517940e+02
9.054884673418463e-03 1.407794535815812e-03 -6.241961181588226e-04 -2.726225751276951e-04 1.426606890448360e-07 6.844270283435867e+02
8.662970574270399e-03 1.395765748990216e-03 -7.003177361753798e-04 -2.614832143060951e-04 1.426665368218163e-07 6.831849388210486e+02
8.818997254279167e-03 1.352492944003209e-03 -2.222469588830777e-03 -2.096943778366245e-04 1.426621314302360e-07 6.842550863703153e+02
9.005580058796451e-03 1.440956808022370e-03 -2.278319225514490e-03 -2.205556860451082e-04 1.426623372265840e-07 6.839547537108346e+02
8.817488246355825e-03 1.395831417413554e-03 -1.863387708216461e-03 -1.986514764431470e-04 1.426652693122035e-07 6.838514537775351e+02
8.866186814441637e-03 1.427500919257614e-03 -1.064664733991948e-03 -2.750803473496619e-04 1.426637595593646e-07 6.851753936169092e+02
8.612039907452523e-03 1.411565564479693e-03 -8.600459587170296e-04 -2.730731031651735e-04 1.426625446619858e-07 6.851018471410426e+02
8.503548906584205e-03 1.379909180472256e-03 -2.402311878635439e-03 -1.597688633886976e-04 1.426640273950928e-07 6.835012424582671e+02
8.722626208463561e-03 1.401540640272162e-03 -2.614444042558624e-03 -2.194863391343975e-04 1.426688540160727e-07 6.826195164219703e+02
8.890176665678337e-03 1.371489941271104e-03 -1.904164018878743e-03 -2.257012768598562e-04 1.426619821461848e-07 6.833822605484856e+02
9.016444286584227e-03 1.393462759155078e-03 -2.059133574646748e-03 -2.354272977170571e-04 1.426650511129390e-07 6.843605783620460e+02
8.377491812986091e-03 1.324781043238417e-03 -1.545432449962844e-03 -2.470417289531894e-04 1.426564594062013e-07 6.806397338456111e+02
9.268133925260085e-03 1.387549970632580e-03 -1.370440266545268e-03 -2.224813682357849e-04 1.426650953077200e-07 6.846063616519284e+02
9.154965882416218e-03 1.383826354322974e-03 -5.991779913813642e-04 -3.119608841671693e-04 1.426620608925141e-07 6.842698521956271e+02
8.945375158666962e-03 1.443176667800500e-03 -1.538691518303152e-03 -2.788730092498311e-04 1.426646739129854e-07 6.837700673045127e+02
9.181935709384919e-03 1.439868613287081e-03 -1.504291449517993e-03 -2.630905700930452e-04 1.426651773190272e-07 6.828754739803531e+02
9.102479881539560e-03 1.434993729015791e-03 -2.029788482204741e-03 -1.725545682876252e-04 1.426622167999554e-07 6.837222999299440e+02
8.713183359519556e-03 1.351950936032590e-03 -1.200511130971016e-03 -2.408024863738871e-04 1.426650259204735e-07 6.846273000683277e+02
9.351249561708854e-03 1.459732602702366e-03 -1.110685161099849e-03 -2.829838146551031e-04 1.426610895417787e-07 6.828929905708303e+02
9.262405953852476e-03 1.450160804906227e-03 -1.299570634554638e-03 -3.018296939674704e-04 1.426662739582412e-07 6.847177933252776e+02
9.237838108207566e-03 1.395671911092741e-03 -1.088162075908635e-03 -2.542241299194368e-04 1.426645955270514e-07 6.854261627628863e+02
9.376300518063275e-03 1.414866989313928e-03 -1.312129378406167e-03 -2.498080120311370e-04 1.426625298981687e-07 6.842031199096708e+02
9.156575405702016e-03 1.415815499465155e-03 -1.370955040909303e-03 -2.758973296444971e-04 1.426652553801911e-07 6.833669989115476e+02
8.866205536480272e-03 1.374451220257815e-03 -1.572630282748527e-03 -2.475733518953803e-04 1.426605644119577e-07 6.837839932662160e+02
8.946773988521116e-03 1.400981208062007e-03 -1.234352251254520e-03 -2.559922141761858e-04 1.426601987725997e-07 6.829749666189664e+02
8.852919151871324e-03 1.382025752242945e-03 -3.050643060874711e-03 -1.691353813991134e-04 1.426631975620284e-07 6.841396582837954e+02
9.003498430911914e-03 1.379479098113837e-03 -1.835330468735449e-03 -1.924444093311472e-04 1.426680638930192e-07 6.835841963258385e+02
9.309243860121656e-03 1.373320477815771e-03 -1.885377184410559e-03 -1.918936194893737e-04 1.426607715068779e-07 6.840986586443564e+02
9.299528315801013e-03 1.477111185320702e-03 -1.656723516995641e-03 -2.402207234206459e-04 1.426660318883338e-07 6.851522703341626e+02
8.441542305982236e-03 1.363472524368458e-03 -1.876404400902155e-03 -1.958868305669962e-04 1.426623376834344e-07 6.839264316356735e+02
8.895346466365269e-03 1.460697689765355e-03 -1.049955442657512e-03 -2.901719634638000e-04 1.426717340794227e-07 6.796528086197720e+02
9.124325895906832e-03 1.416733870332194e-03 -1.905992590333331e-03 -2.351412027203953e-04 1.426629158174352e-07 6.849780411660028e+02
9.142790794424706e-03 1.426781505482097e-03 -9.138638519447912e-04 -2.574394381249202e-04 1.426645427427838e-07 6.848124593846237e+02
9.167463563977371e-03 1.523026302715355e-03 -1.749119612696548e-03 -2.928886506001080e-04 1.426742691371204e-07 6.764942154329921e+02
9.078514909368753e-03 1.405637491540375e-03 -1.083439192544672e-03 -2.750206443480285e-04 1.426651922827977e-07 6.847013239608937e+02
9.340094496632421e-03 1.540063755177028e-03 -4.529272150166488e-04 -3.087497305845879e-04 1.426710839559417e-07 6.817365086021680e+02
9.061234808904920e-03 1.447418437014320e-03 -2.092088130591658e-03 -1.911541339353170e-04 1.426665570481436e-07 6.834132999080612e+02
8.907832804333701e-03 1.406646038896633e-03 -1.599337228002258e-03 -2.472624105834349e-04 1.426584421657550e-07 6.825167280554657e+02
9.481176831729282e-03 1.420828534969822e-03 -4.531408328342019e-04 -2.780828227426761e-04 1.426627457148823e-07 6.841754546588634e+02
8.831858330815531e-03 1.407640594215282e-03 -9.662203625807555e-04 -3.054937838406182e-04 1.426583455206301e-07 6.826079961614188e+02
9.238463701783207e-03 1.451769707088479e-03 -2.130462870142053e-03 -2.170849727664881e-04 1.426659088839023e-07 6.844667262121965e+02
9.398607411865578e-03 1.389958337482725e-03 -7.938371220112676e-04 -2.767119418210942e-04 1.426610001381274e-07 6.847107907064561e+02
9.411023659977530e-03 1.408946441416749e-03 -8.848980587395439e-04 -2.630838260219996e-04 1.426650939895500e-07 6.851160741760809e+02
9.144742870447408e-03 1.357095319720371e-03 -1.754981453710465e-03 -2.660415097414553e-04 1.426593943490179e-07 6.832650322236066e+02
9.075208658355607e-03 1.423436498313285e-03 -1.401913598162443e-04 -2.837224813816362e-04 1.426606981414271e-07 6.849753759487429e+02
9.306587878964703e-03 1.407164591958319e-03 -1.362548617206504e-03 -3.024702017852492e-04 1.426647499592944e-07 6.835156785044218e+02
9.115052535265320e-03 1.451901391725923e-03 -1.729866334417620e-03 -2.665012324693715e-04 1.426644011452343e-07 6.836450490028678e+02
9.010772313328161e-03 1.401142295294424e-03 -5.865217505488885e-04 -2.860614273089369e-04 1.426623942483314e-07 6.840442119775882e+02
9.339584362559696e-03 1.416065932593642e-03 -3.094546120552253e-04 -2.638178312005739e-04 1.426603428968038e-07 6.838452712239473e+02
8.885211341656081e-03 1.398108018195443e-03 -1.211637789869395e-03 -3.115114448865107e-04 1.426615197045258e-07 6.835585754719274e+02
8.982398966050950e-03 1.378493291771970e-03 -1.602084290732941e-03 -2.278429282395691e-04 1.426592000230131e-07 6.839483610603147e+02
9.368629187511466e-03 1.394218993081174e-03 -9.638566356551688e-04 -2.731120900216073e-04 1.426651565267810e-07 6.845850356245817e+02
9.363625308129789e-03 1.372888706521119e-03 -9.873410792708591e-04 -2.840903694612581e-04 1.426621678413328e-07 6.851856357065620e+02
8.835511766168791e-03 1.403496237241120e-03 -1.297100633708975e-03 -2.263191731769728e-04 1.426614836868629e-07 6.829037370238369e+02
8.775315751524225e-03 1.404208742989901e-03 -1.960629655520168e-03 -2.916149519287807e-04 1.426656885864430e-07 6.836818268886515e+02
9.083613904195743e-03 1.431296613468739e-03 -2.223540058553450e-03 -2.440291736309839e-04 1.426687281919884e-07 6.827071512962857e+02
8.919208696837346e-03 1.311742422977427e-03 -5.786309225497755e-04 -3.165875935208123e-04 1.426578304847100e-07 6.825862355671437e+02
8.585240300511712e-03 1.408565497414326e-03 -1.304198010488759e-03 -2.591359308116099e-04 1.426662328294699e-07 6.840429832565742e+02
9.167578583199807e-03 1.389920804441486e-03 -1.763100348360202e-03 -2.522841497651702e-04 1.426606288415647e-07 6.849371520214952e+02
9.016345481237547e-03 1.407354560246942e-03 -1.272724817738964e-03 -2.386927421706037e-04 1.426583075633799e-07 6.818085826029709e+02
8.906690025307407e-03 1.382327717085352e-03 -1.077140087493254e-03 -2.611852097329828e-04 1.426629642645307e-07 6.837896239395812e+02
8.656035703839051e-03 1.313131617506828e-03 -1.508972148494656e-03 -2.175664386904584e-04 1.426593763220663e-07 6.828498436718080e+02
9.439651591100806e-03 1.442008494040841e-03 -7.554876878586455e-04 -2.742552880511184e-04 1.426640179675378e-07 6.852507121036426e+02
9.154729328342374e-03 1.451242760183867e-03 -1.396193922923988e-03 -2.549797975281190e-04 1.426664860121017e-07 6.845272658938554e+02
8.110878250450886e-03 1.366917497481856e-03 -1.206321019607740e-03 -3.016630854960064e-04 1.426672552040801e-07 6.834672589764565e+02
9.078969571507417e-03 1.420808117888658e-03 -2.259889259708581e-03 -2.124942594896100e-04 1.426657550566534e-07 6.850338013217394e+02
8.587128802787872e-03 1.445461489133124e-03 -2.451482842301909e-03 -1.804620386827911e-04 1.426685567607627e-07 6.836150768770972e+02
9.222081818025264e-03 1.360101438811998e-03 -1.756142790274340e-03 -2.223205831282306e-04 1.426586346999854e-07 6.836417806448540e+02
8.355510097806832e-03 1.367648739658133e-03 -1.305757014309221e-03 -2.026957481342704e-04 1.426660776897241e-07 6.834589895911598e+02
9.306723527451760e-03 1.448580664896991e-03 -1.834094591466498e-03 -2.503802882378866e-04 1.426662980274679e-07 6.839527447164729e+02
8.609137964783572e-03 1.391432983624858e-03 -1.486147705192592e-03 -2.604782522673587e-04 1.426625909173076e-07 6.841909541576554e+02
9.111324033388430e-03 1.426287119968051e-03 -1.718767957535582e-03 -2.482856076239867e-04 1.426675715016326e-07 6.835596190688885e+02
9.071659580691487e-03 1.395678688374559e-03 -1.008879800623355e-03 -2.319649055569921e-04 1.426637382795850e-07 6.847669125874203e+02
9.051929378359087e-03 1.380651573099929e-03 -1.566917301981015e-03 -2.476137688637600e-04 1.426598407424894e-07 6.838017386677182e+02
9.088236633915153e-03 1.422187707669181e-03 -2.359738383667815e-03 -1.894804096242075e-04 1.426629943891590e-07 6.845255898660411e+02
9.159961198954738e-03 1.431192694968947e-03 -1.554238166350582e-03 -2.579740175569111e-04 1.426595901409734e-07 6.832031259321620e+02
8.854260881456842e-03 1.416324546367245e-03 -2.318783025113471e-03 -1.688456471092362e-04 1.426630469804617e-07 6.831885311909302e+02
8.939265823423184e-03 1.369051163730269e-03 -1.189711712919176e-03 -2.268240948222442e-04 1.426622167782476e-07 6.836977072401315e+02
9.111758606063548e-03 1.449773353685419e-03 -1.878470831495931e-03 -2.301880891541303e-04 1.426673708663709e-07 6.838096329933330e+02
9.274708029474943e-03 1.487900751815693e-03 -1.500310949086102e-03 -2.318265125863546e-04 1.426662384066813e-07 6.836409798478126e+02
8.886717872299409e-03 1.391538061694906e-03 -1.281321445241407e-03 -2.498924911425522e-04 1.426608426241908e-07 6.831857723745593e+02
9.228467202127324e-03 1.415423253113239e-03 -1.486920651047201e-03 -2.632201455520693e-04 1.426656387544012e-07 6.836918105184441e+02
8.841951406597151e-03 1.403917918894227e-03 -1.666699482047324e-03 -2.509891334851152e-04 1.426654355226636e-07 6.838055531877958e+02
8.862141055863445e-03 1.457489575484619e-03 -1.317819884729183e-03 -2.697104730965550e-04 1.426624302568721e-07 6.853537291470226e+02
9.422086182763054e-03 1.416047595271271e-03 -1.169287844283442e-03 -2.478874659441775e-04 1.426588086537661e-07 6.835941953032185e+02
9.034065721871929e-03 1.405741585514031e-03 -1.391453293013753e-03 -2.291450711175136e-04 1.426612412123029e-07 6.839757234566930e+02
9.104858467807384e-03 1.497097962421587e-03 -2.055353879549958e-03 -2.317949706157664e-04 1.426686335800659e-07 6.825004133767129e+02
8.856251907978167e-03 1.417914026121162e-03 -1.697629223544744e-03 -2.200308798336965e-04 1.426632582500677e-07 6.833496373515670e+02
8.913099665731304e-03 1.371971027947535e-03 1.113769459519539e-04 -2.897491691630866e-04 1.426600013029130e-07 6.840743355787416e+02
8.923394652356479e-03 1.374920245152035e-03 -1.681155312454036e-03 -2.558500883389166e-04 1.426614900705359e-07 6.833665544651817e+02
9.098653675466334e-03 1.431645538507251e-03 -1.179059037444390e-03 -2.885318722388914e-04 1.426691880026097e-07 6.821597024856953e+02
9.023881661769083e-03 1.352848968691846e-03 -2.340041264224358e-03 -1.819489591812887e-04 1.426638300086428e-07 6.837360357160209e+02
8.900775032470222e-03 1.384499149929703e-03 -2.707035752060999e-03 -1.980918485633814e-04 1.426606971240626e-07 6.844210777496575e+02
8.855562252260522e-03 1.405118668417663e-03 -1.703695998562303e-03 -2.404588515214829e-04 1.426661820155148e-07 6.848451634982440e+02
8.436612125610844e-03 1.331307458106651e-03 -1.452504786813281e-03 -2.617272593267696e-04 1.426632336337008e-07 6.844372267850954e+02
9.104606126056321e-03 1.410047525600909e-03 -5.045782509199060e-04 -2.882876246365916e-04 1.426642162892304e-07 6.851354565082720e+02
8.771235633362941e-03 1.365559623341503e-03 -1.539567879794668e-03 -2.059118906392759e-04 1.426598449481845e-07 6.835939946514610e+02
9.190780143503989e-03 1.472373880207837e-03 -1.454403394664883e-03 -2.875957623930684e-04 1.426694228266073e-07 6.825671219115405e+02
8.717004224827799e-03 1.459153958331736e-03 -1.989714597792904e-03 -1.859663177109564e-04 1.426672663745892e-07 6.839198972191699e+02
9.290162575870170e-03 1.392349184002144e-03 -1.918488378523700e-03 -2.096108367176027e-04 1.426640248911122e-07 6.837614434106461e+02
9.068511148724017e-03 1.450688703841399e-03 -1.374598151122221e-03 -3.024876934364310e-04 1.426644361105769e-07 6.853728758618278e+02
9.359448830716800e-03 1.436028620387826e-03 -7.427262066738688e-04 -3.334501977026266e-04 1.426600401911326e-07 6.826368011799295e+02
9.142385103393396e-03 1.397734125583168e-03 -2.240556691935857e-03 -2.470637472476023e-04 1.426600996038499e-07 6.837953409997332e+02
8.735061844937293e-03 1.378721433386044e-03 -2.334489855196803e-03 -1.628072783754010e-04 1.426611635219487e-07 6.834846253663677e+02
8.863756106305781e-03 1.381304390966851e-03 -1.128047290457208e-03 -2.902462512952417e-04 1.426647437708575e-07 6.840940591078746e+02
9.013704118184515e-03 1.444568455736158e-03 -2.808032977306862e-03 -1.439008150004780e-04 1.426661683417986e-07 6.837377671213897e+02
8.877564239540317e-03 1.381248634836027e-03 -2.652234272860865e-03 -1.761143438220094e-04 1.426644156686956e-07 6.840045518411770e+02
8.530794669072748e-03 1.367677771427206e-03 -8.701676929323116e-04 -2.757464027333964e-04 1.426621575386151e-07 6.843246639890322e+02
9.153785120335845e-03 1.397248395486076e-03 -1.658902310630603e-03 -2.343475349553300e-04 1.426643776500670e-07 6.835713169182233e+02
9.010159059066011e-03 1.443508527605534e-03 -7.300905511075554e-04 -2.762473424158976e-04 1.426672641089262e-07 6.837861055298810e+02
8.760206930622733e-03 1.351603421954002e-03 -1.814521072895055e-03 -2.323910710964035e-04 1.426624408772306e-07 6.840435763262964e+02
9.119062275018732e-03 1.420399156712130e-03 -7.840978644386319e-04 -2.834879368845285e-04 1.426639484465970e-07 6.851702706761150e+02
9.158146638081451e-03 1.352220732154751e-03 -1.247388546800335e-03 -2.757897255957186e-04 1.426628683804881e-07 6.849984515758066e+02
9.401845634786268e-03 1.512771252090348e-03 -7.176623749508534e-04 -2.804164250447488e-04 1.426700144416526e-07 6.822810121436870e+02
9.280246480116369e-03 1.420881632658411e-03 -1.871553445684207e-03 -2.515899734268951e-04 1.426634072072960e-07 6.854344864803302e+02
8.261009272543912e-03 1.300057689555708e-03 -2.110897462407291e-03 -1.791928505418385e-04 1.426617479308890e-07 6.842269561378142e+02
9.469170159116457e-03 1.457590151315124e-03 -7.394376292238061e-04 -2.398115119184394e-04 1.426666766611756e-07 6.845826644412194e+02
9.279353472896733e-03 1.428736148611724e-03 -1.244091802187130e-03 -3.302297293821818e-04 1.426650141192788e-07 6.833786683171178e+02
9.378732434437410e-03 1.449237672783177e-03 -1.356286975876085e-03 -2.740319362139669e-04 1.426668096757099e-07 6.830748395872999e+02
8.881439360510723e-03 1.374826756644964e-03 -7.416742961006931e-04 -2.879364935130300e-04 1.426661041860720e-07 6.841921533741456e+02
9.318897449161919e-03 1.343954071082985e-03 -1.383087940400159e-03 -2.340227010504578e-04 1.426632375074270e-07 6.842797780034249e+02
9.343806206807356e-03 1.427202574518215e-03 -1.701526161949235e-03 -1.968303096073011e-04 1.426654780185536e-07 6.840200431993164e+02
8.578838495175324e-03 1.390241152042322e-03 -2.140447001158374e-03 -1.998994156633774e-04 1.426630171345045e-07 6.840306818866932e+02
8.969915357952366e-03 1.369836768235818e-03 -1.109228665382546e-03 -2.989679313705112e-04 1.426613871990848e-07 6.836696849921592e+02
8.612707155235141e-03 1.356996310895394e-03 -2.429343667273280e-03 -1.856493543792528e-04 1.426593105229293e-07 6.833373447119229e+02
8.892740769442034e-03 1.475894238684062e-03 -2.208413691760470e-03 -2.036527707353673e-04 1.426686709912345e-07 6.822070069875292e+02
8.798138953383602e-03 1.431468832265914e-03 -9.569917307978914e-04 -2.639833732643452e-04 1.426672891436201e-07 6.833977145595842e+02
9.116744475169398e-03 1.353826835979787e-03 -2.123818872911066e-03 -2.154588067172723e-04 1.426569454820369e-07 6.810824539629144e+02
9.191120580992383e-03 1.413619992817490e-03 -1.820753765200778e-03 -2.119840162404609e-04 1.426531402087080e-07 6.751582302711013e+02
8.822318061257032e-03 1.348149723968025e-03 -3.353023703938622e-04 -2.912603954119996e-04 1.426588406483100e-07 6.831257737477650e+02
8.891125941385058e-03 1.413050073464355e-03 -1.868107368795853e-03 -2.531697394053725e-04 1.426643714362606e-07 6.842141583097495e+02
9.218214326289879e-03 1.437561303498248e-03 -1.295011476122484e-03 -2.787715466344641e-04 1.426664089535615e-07 6.832228482175917e+02
9.442229373164463e-03 1.339606637078589e-03 -7.508687619387129e-04 -2.987566322267983e-04 1.426625268485523e-07 6.853415221440957e+02
8.309161653454055e-03 1.332209384347430e-03 -1.825859694991611e-03 -2.138263922513632e-04 1.426627941649699e-07 6.837415190098245e+02
9.367436544036963e-03 1.492141273585360e-03 -1.291331927426890e-03 -2.877988753222439e-04 1.426679435867947e-07 6.828527789458135e+02
9.291410713459160e-03 1.441777317357108e-03 -1.193081996613315e-03 -2.410675852989739e-04 1.426654452020634e-07 6.834204233418774e+02
9.387192884551997e-03 1.411463949947444e-03 -1.139067296628091e-03 -3.033013379846970e-04 1.426640623736066e-07 6.845192949493306e+02
9.326308038237275e-03 1.409464849620195e-03 -1.363021994658789e-03 -2.096905774643044e-04 1.426639580428404e-07 6.839027117046393e+02
9.026825970656467e-03 1.388880565035386e-03 -1.654563292937563e-03 -2.336639365021009e-04 1.426556769429907e-07 6.784900267562194e+02
9.038486578670988e-03 1.389255159605496e-03 -2.830838957327981e-03 -1.819337008218688e-04 1.426611892240937e-07 6.841446828783019e+02
9.363517948811064e-03 1.526649878252407e-03 -1.273906255176951e-03 -2.583538927647477e-04 1.426678744415568e-07 6.838757559798325e+02
8.761066881241453e-03 1.392658152161663e-03 -2.027270672582299e-03 -2.139757737583483e-04 1.426598784108359e-07 6.821611078762727e+02
9.359761415419547e-03 1.448672516738854e-03 -1.151441041106373e-03 -3.153634174262982e-04 1.426660501702830e-07 6.830373562394344e+02
9.151857090030179e-03 1.424620964129246e-03 -1.407394180182801e-03 -2.638883260636899e-04 1.426590202968525e-07 6.825790669210965e+02
8.285858613675244e-03 1.328656903453026e-03 -1.062582511343432e-03 -2.649630421940636e-04 1.426623088373993e-07 6.836613182263259e+02
9.096543507594352e-03 1.462522917608693e-03 -1.537281143707905e-03 -3.108211776447731e-04 1.426672090256464e-07 6.837036733549386e+02
8.981527447404932e-03 1.360348453757013e-03 -1.313023738689192e-03 -2.499441472166924e-04 1.426597041856705e-07 6.843162677398145e+02
8.807809236908680e-03 1.403287129143050e-03 -1.937104471455205e-03 -2.563160319893522e-04 1.426635069897440e-07 6.849635996418515e+02
9.001803566311925e-03 1.394550221058153e-03 -2.364931883081633e-03 -1.597747265258546e-04 1.426631370161035e-07 6.842762491899240e+02
9.438573307407518e-03 1.547417966844574e-03 -9.625889507771647e-04 -3.561892419071238e-04 1.426724103679354e-07 6.788106690105539e+02
9.076754351949606e-03 1.450229104187019e-03 -9.600696524139819e-04 -3.045717109939242e-04 1.426697195152532e-07 6.826202521426818e+02
9.286867840396678e-03 1.451797250165030e-03 -1.179714166284961e-03 -2.949198926487090e-04 1.426667567410685e-07 6.834132625545964e+02
9.117222292251622e-03 1.387856685599520e-03 -1.771613030145644e-03 -2.531467857341152e-04 1.426640118259680e-07 6.834081493188686e+02
8.928012073026095e-03 1.376601665674099e-03 -2.026524487393359e-03 -1.943728456005854e-04 1.426618757263688e-07 6.847734676991556e+02
9.272566216838387e-03 1.432812766422209e-03 -5.595599262046354e-04 -3.000014203643342e-04 1.426633310723539e-07 6.842557468778467e+02
9.295923315194691e-03 1.361767785328802e-03 -1.893298064017302e-03 -2.224829316522881e-04 1.426582474985218e-07 6.825682385149298e+02
9.209324214116701e-03 1.488125576829427e-03 -2.266058152945699e-03 -2.034524813900671e-04 1.426672723579359e-07 6.836438114311408e+02
9.264398570998077e-03 1.380171116019636e-03 -9.969340376395333e-04 -2.684793272561522e-04 1.426637609821090e-07 6.850458631479819e+02
9.215948471932744e-03 1.444455241135415e-03 -1.440381049235657e-03 -2.354335140354141e-04 1.426645753324022e-07 6.840074491104775e+02
8.976512655908939e-03 1.366194072574012e-03 -1.537198827193853e-03 -2.396948482297371e-04 1.426596300718630e-07 6.837142115366280e+02
9.408333485939941e-03 1.436566870037513e-03 -1.248452060547630e-03 -2.775317910237038e-04 1.426656297560864e-07 6.845011797152335e+02
9.084230432935880e-03 1.394326237214706e-03 -4.126493925374358e-04 -2.961132515008490e-04 1.426639524250985e-07 6.851083561492873e+02
8.729909194807936e-03 1.393416867507799e-03 -1.327854194301206e-03 -2.611627654455868e-04 1.426646519144744e-07 6.843710347693998e+02
9.059481008851043e-03 1.364931027630648e-03 -2.183943649088498e-03 -2.363689430536548e-04 1.426603805405994e-07 6.832939876327083e+02
9.433156543482080e-03 1.394292355541465e-03 -9.044714282357518e-04 -3.182724300424717e-04 1.426671430362108e-07 6.843579728633017e+02
8.993924219397813e-03 1.383641895130878e-03 -9.407882287687631e-04 -2.709322232949371e-04 1.426642228974578e-07 6.835621612228201e+02
8.030509642524702e-03 1.318723364628255e-03 -1.935950917097121e-03 -2.264887199651688e-04 1.426622766162761e-07 6.843003776517402e+02
8.540062220733922e-03 1.406661209394585e-03 -1.158845005677453e-03 -2.583610795805132e-04 1.426674070481614e-07 6.830709994432005e+02
9.147321634823144e-03 1.378583864821008e-03 -1.646665938598853e-03 -2.276854729893282e-04 1.426601771945811e-07 6.833182562644870e+02
9.183644620300515e-03 1.478353118317053e-03 -1.431030036946307e-03 -2.422834509454241e-04 1.426644262807443e-07 6.845608422495937e+02
8.845374471722612e-03 1.380839602717591e-03 -1.932973734604435e-03 -2.179591071322900e-04 1.426567425210924e-07 6.803805052128743e+02
8.304973250517053e-03 1.391207475650508e-03 -4.631754044662493e-04 -3.320401859752354e-04 1.426661697036602e-07 6.836511199643238e+02
9.132534959383808e-03 1.400832961788077e-03 -1.416431481229072e-03 -2.937037835280752e-04 1.426649146459181e-07 6.835018202932690e+02
8.821831528134124e-03 1.384407613734340e-03 -2.336880221794916e-03 -2.096171739915727e-04 1.426642003688583e-07 6.834306198532262e+02
8.537232638438566e-03 1.369178816926009e-03 -2.711037674570114e-03 -1.839007240560890e-04 1.426591464621191e-07 6.830632460812817e+02
8.419255255213061e-03 1.363401101519910e-03 -1.569152996922449e-03 -2.228383781890157e-04 1.426637543519563e-07 6.835875985934389e+02
8.890226066456850e-03 1.425123214452618e-03 -1.256077930488247e-03 -2.516096849353962e-04 1.426607644478828e-07 6.840008636492291e+02
9.433748270323093e-03 1.370194546879714e-03 -1.109632609498085e-03 -2.490133399847341e-04 1.426625831298323e-07 6.849137900834360e+02
9.062142438617979e-03 1.357847408233682e-03 -2.000529134827869e-03 -2.168228066486448e-04 1.426634228904625e-07 6.844990002373593e+02
8.754951404334922e-03 1.383062121145262e-03 -1.839109518296272e-03 -2.629530789891978e-04 1.426630046538303e-07 6.839465256881500e+02
8.890393129380569e-03 1.360005923051139e-03 -1.479149728817694e-03 -2.261378354065512e-04 1.426599643776740e-07 6.838143802633698e+02
9.333422708373331e-03 1.437060172534302e-03 -1.448115519435480e-03 -2.107436486349746e-04 1.426581468788292e-07 6.830729332915107e+02
9.199183264939311e-03 1.421283394564549e-03 -1.276097622961350e-03 -3.152799432637919e-04 1.426656795350463e-07 6.834381542406012e+02
9.190666730365006e-03 1.425208033676755e-03 -1.547312448138658e-03 -2.652544547003224e-04 1.426684071626966e-07 6.829204553588858e+02
9.049280088034895e-03 1.427472491946983e-03 -1.118543027188923e-03 -2.528390070523233e-04 1.426642367652709e-07 6.846740830597606e+02
8.255644915298978e-03 1.316957677380400e-03 -1.750692144673252e-03 -2.315387333403931e-04 1.426610524905286e-07 6.846788926829934e+02
8.541886502151378e-03 1.414896803957020e-03 -2.355191526380257e-03 -2.362832061743143e-04 1.426673640370894e-07 6.827241416673420e+02
9.201353790201752e-03 1.424657199860628e-03 -1.200657767800712e-03 -2.546767667891166e-04 1.426632914266426e-07 6.844762570612722e+02
8.991107547414362e-03 1.365544405491989e-03 -1.942487382939047e-03 -2.355947189875927e-04 1.426592893230444e-07 6.830978206858748e+02
8.612648443792066e-03 1.357525192224973e-03 -1.984702721953650e-03 -2.737326291756878e-04 1.426642151367209e-07 6.845233835778199e+02
9.301732489144433e-03 1.435602862832154e-03 -1.394000945521433e-03 -2.248375339272118e-04 1.426636063002579e-07 6.849882732628282e+02
9.014212928862009e-03 1.421373056016373e-03 -1.857759870401058e-03 -2.509719552380184e-04 1.426656151382617e-07 6.829811104272795e+02
9.361847199318520e-03 1.343416104577278e-03 2.309280659517286e-04 -2.895243177361006e-04 1.426566771107671e-07 6.813404235191672e+02
9.271309727564507e-03 1.427458899960939e-03 -1.086724458935150e-03 -2.838689118575610e-04 1.426612918086163e-07 6.838784902271425e+02
9.385316596561008e-03 1.415442950026560e-03 -1.055020700955511e-03 -2.595966718126491e-04 1.426574750465588e-07 6.813897538099858e+02
8.888270635868778e-03 1.359402875251477e-03 -2.094387121101773e-03 -1.471276486435472e-04 1.426620965883150e-07 6.836737906326296e+02
9.438343131115787e-03 1.482418303526070e-03 -7.180981160845647e-04 -2.776228598584822e-04 1.426643951768530e-07 6.850648165083884e+02
8.444749943259208e-03 1.294932816707850e-03 -1.260537207452787e-03 -2.341093157136464e-04 1.426594217612683e-07 6.827380929891470e+02
8.529034840359368e-03 1.320098936417242e-03 -1.143697584310981e-03 -2.779461934430717e-04 1.426604727690115e-07 6.837085150715008e+02
8.875106479938622e-03 1.369155494269648e-03 -9.194304911577862e-04 -2.406349826909251e-04 1.426589952991430e-07 6.837127736728680e+02
8.632746529876462e-03 1.399325673654148e-03 -2.551059997194999e-03 -2.071075647805059e-04 1.426643211575482e-07 6.839595979144715e+02
9.316654623168351e-03 1.569732310895993e-03 -1.662733086053744e-03 -2.730276068665219e-04 1.426706070290928e-07 6.820421578894866e+02
9.204380417199813e-03 1.408499552522264e-03 -1.160258602850574e-03 -3.180346922776781e-04 1.426633957322016e-07 6.848238079189454e+02
9.344271116319140e-03 1.355126952492554e-03 -9.985588819180740e-04 -2.868424534652378e-04 1.426594237932366e-07 6.828315163473267e+02
8.713519311988884e-03 1.314784972040322e-03 -1.172604187448897e-03 -2.498663357398632e-04 1.426590533612473e-07 6.838513780665872e+02
9.237348123738403e-03 1.435994803748731e-03 -1.617783071276585e-03 -2.705321738516772e-04 1.426662302021642e-07 6.842028777766213e+02
9.000784573778170e-03 1.400106400849950e-03 -2.749511651901002e-03 -1.673249048228479e-04 1.426574522889853e-07 6.814448035027083e+02
9.274478772022294e-03 1.400399113237729e-03 -1.771451243366379e-03 -3.077678285663227e-04 1.426659767282928e-07 6.843071707125872e+02
9.214645046465995e-03 1.521042318864023e-03 -1.240581355792629e-03 -2.942956594256986e-04 1.426695345332717e-07 6.831982560660483e+02
9.105259302071544e-03 1.338996940703716e-03 -1.666976904862466e-03 -2.468332530242482e-04 1.426642231952569e-07 6.841223001654758e+02
9.160423592650719e-03 1.466186669130739e-03 -1.888472550039182e-03 -2.836215921032736e-04 1.426673044520097e-07 6.833873908845526e+02
9.147270149581844e-03 1.464722004775164e-03 -2.003673215706476e-03 -2.209131403354568e-04 1.426667142845389e-07 6.835211798802900e+02
9.499805672210182e-03 1.435515748662389e-03 -4.848303846125070e-05 -2.966578789797586e-04 1.426601426753074e-07 6.844872008088176e+02
9.100157533015414e-03 1.470628587872874e-03 -2.020613471180649e-03 -2.311860479922113e-04 1.426677063146405e-07 6.821525940892033e+02
9.282440955098508e-03 1.458605617531591e-03 -1.310614805957326e-03 -2.753926248669522e-04 1.426665709304475e-07 6.830404707550662e+02
9.112842830203487e-03 1.423455972158990e-03 -8.771372796998586e-04 -2.822443808285815e-04 1.426638284706846e-07 6.852789802001727e+02
8.331429452836244e-03 1.375676355833395e-03 -1.609952358892409e-03 -2.603696393296163e-04 1.426570365346309e-07 6.803047445565226e+02
8.792433611342005e-03 1.456787870673252e-03 -1.213369477223599e-03 -2.404906764588124e-04 1.426717732481926e-07 6.798253683185852e+02
9.335317658285385e-03 1.400453289455728e-03 -1.544328975407455e-03 -2.418355462359797e-04 1.426608776982946e-07 6.832888524578543e+02
8.286301787064748e-03 1.393249333284676e-03 -1.870503879870149e-03 -2.468287854610006e-04 1.426638735231111e-07 6.838694311567739e+02
8.728817565376303e-03 1.436969011182839e-03 -2.241313102035506e-03 -2.171413588104616e-04 1.426676272449600e-07 6.838835639191844e+02
9.177780621110980e-03 1.409956221831868e-03 -1.296252424626936e-03 -2.569315330780797e-04 1.426601183589448e-07 6.828725930047632e+02
9.129299879534002e-03 1.412125722583087e-03 -1.698248017969838e-03 -2.071348004276165e-04 1.426601227706726e-07 6.833313257242186e+02
9.227632543944139e-03 1.405186661711519e-03 -1.905846531059293e-03 -2.199768321368138e-04 1.426628558947310e-07 6.839772287813762e+02
8.609407280169720e-03 1.390301495663211e-03 -1.586499033015235e-03 -2.529892459529792e-04 1.426625728127600e-07 6.838942011952544e+02
9.243107810506503e-03 1.445889461125318e-03 -1.546174229190757e-03 -2.950275537352505e-04 1.426630144664036e-07 6.834374104147523e+02
9.295371652149933e-03 1.494246207089519e-03 -1.200632081409765e-03 -3.497938422561147e-04 1.426697013505232e-07 6.812138138607535e+02
9.040837599041070e-03 1.442977909307053e-03 -5.839153004832157e-04 -2.967885249387072e-04 1.426677145982234e-07 6.836025557785424e+02
8.775818518722011e-03 1.420079889833989e-03 -1.910231749667306e-03 -2.299053824086979e-04 1.426686844114583e-07 6.821531710716076e+02
8.840454612653327e-03 1.366344973551410e-03 -1.391696105668492e-03 -2.932811066043012e-04 1.426610262287786e-07 6.829574708205408e+02
9.321311416907776e-03 1.397764755803712e-03 -1.443920816925885e-03 -2.322543032060048e-04 1.426625016177224e-07 6.850435980044106e+02
8.454022285635857e-03 1.414338942775606e-03 -2.408247599207828e-03 -1.812987886326120e-04 1.426671708865625e-07 6.827139162419080e+02
9.105150493568900e-03 1.418600706354574e-03 -1.968787834048245e-03 -2.412378132122306e-04 1.426630650064755e-07 6.851745722646505e+02
8.765067006779412e-03 1.453003865171115e-03 -3.251667939481090e-03 -1.738399974689166e-04 1.426663585528086e-07 6.842245390997227e+02
9.153887148189627e-03 1.488300188599226e-03 -3.104804250029584e-04 -2.765179501275022e-04 1.426621645737125e-07 6.850013418903217e+02
9.059650111342575e-03 1.486383272391445e-03 -1.227227564334342e-03 -3.199454862492741e-04 1.426712967835420e-07 6.800498599981029e+02
8.923054826922822e-03 1.396861854276382e-03 -2.173070690559317e-03 -2.277268957945511e-04 1.426601412469936e-07 6.830092768656423e+02
9.206474007175593e-03 1.348425559553682e-03 -1.490208238793001e-03 -2.413860339530705e-04 1.426586058109981e-07 6.831987044712793e+02
9.232620619035041e-03 1.431157423682086e-03 -1.473993600507829e-03 -2.298926720077104e-04 1.426648959800799e-07 6.848369936069641e+02
9.405903494379463e-03 1.379044501449051e-03 -1.203942982194066e-03 -2.530515045035619e-04 1.426576451673681e-07 6.822422766213115e+02
8.729292555927673e-03 1.369938213190912e-03 -1.439542146874450e-03 -2.912295099228636e-04 1.426641877858121e-07 6.834979349640357e+02
8.969814685705249e-03 1.440094984499862e-03 -1.547128630927939e-03 -2.706143497211377e-04 1.426665812738951e-07 6.828119415800232e+02
8.401217040176451e-03 1.456719109734536e-03 -1.425659187849555e-03 -3.171774054665712e-04 1.426676029685976e-07 6.831395622593382e+02
9.053754851563645e-03 1.476617771180833e-03 -1.942574812496223e-03 -2.826053947525843e-04 1.426676033349039e-07 6.823745493021163e+02
8.979607504472948e-03 1.410873404570296e-03 -1.607629580883605e-03 -1.947232293627327e-04 1.426621419534365e-07 6.845659870545768e+02
8.722381725606954e-03 1.335640266707820e-03 -1.117545752999750e-03 -2.572200620604656e-04 1.426593809491883e-07 6.837275592508493e+02
8.868681651421784e-03 1.420788906322114e-03 -9.824628937068179e-04 -2.704706468228421e-04 1.426602149185364e-07 6.845073273565256e+02
8.207527901266913e-03 1.345477843735872e-03 -2.226716977603326e-03 -1.973472708323697e-04 1.426628316359100e-07 6.842173209608538e+02
8.857234493832923e-03 1.459862023198390e-03 -2.582968635817575e-03 -2.049074335368370e-04 1.426681457700254e-07 6.840767586225838e+02
8.909761091549430e-03 1.335324523667453e-03 -1.633168302594235e-03 -2.102113527667433e-04 1.426628940947852e-07 6.844062516031186e+02
9.118450024149861e-03 1.369611790805775e-03 -9.064371050848998e-04 -2.710107256987153e-04 1.426607449714057e-07 6.841983632866647e+02
9.048334226404244e-03 1.438381483035745e-03 -1.436929787169070e-03 -2.249202018330374e-04 1.426661739531937e-07 6.841233709377673e+02
8.999359975837796e-03 1.483194491841291e-03 -8.719861372820157e-04 -3.194947469373569e-04 1.426676475535352e-07 6.830507603108832e+02
8.257962751427293e-03 1.366768846254659e-03 -8.364729215472925e-04 -3.258315163798980e-04 1.426619889436122e-07 6.834005856045840e+02
9.303863827797583e-03 1.375163115873367e-03 -1.452454381156122e-03 -1.782336721457250e-04 1.426597851955900e-07 6.826125369454568e+02
9.352922674444718e-03 1.388438327278758e-03 -1.494063375987609e-03 -2.864442764289373e-04 1.426620136153556e-07 6.848644844155212e+02
9.276269731880145e-03 1.411484073718356e-03 -1.095295104789209e-03 -2.586426979364470e-04 1.426622697781673e-07 6.841902849818658e+02
9.038848328926298e-03 1.447618125250489e-03 -1.101325777371452e-03 -2.524262376749528e-04 1.426640756013520e-07 6.854912016785039e+02
9.144338216356006e-03 1.437860645540957e-03 -1.218909623809742e-03 -2.742129267427578e-04 1.426646229520644e-07 6.849247244408178e+02
8.522134412370107e-03 1.364865861417564e-03 -2.222984807770138e-03 -2.189741671943345e-04 1.426598804236124e-07 6.827293296041076e+02
8.871156885143892e-03 1.404095717247441e-03 -2.341431359086283e-03 -1.865219900651317e-04 1.426610985116514e-07 6.835872671186944e+02
9.170248614245953e-03 1.396845135775175e-03 -1.243102191147558e-03 -2.240814544295179e-04 1.426632412193768e-07 6.836034101168951e+02
9.400741057824541e-03 1.389125155102647e-03 -1.268870884050795e-03 -2.941112283072407e-04 1.426610119044114e-07 6.836861550461911e+02
8.874626912282789e-03 1.368271058971411e-03 -2.449645045545366e-03 -1.017400876211089e-04 1.426596596251970e-07 6.822628645803275e+02
8.922288965158643e-03 1.374620904774296e-03 -1.034411241306383e-03 -2.965592966247841e-04 1.426576153247971e-07 6.824810316944114e+02
8.977112735931634e-03 1.362595977948005e-03 -2.108340509940102e-03 -2.511196060577267e-04 1.426632772693498e-07 6.840878215894603e+02
8.971794063173458e-03 1.445313768057178e-03 -1.717269047621248e-03 -2.390002135576847e-04 1.426637365271611e-07 6.853049160114208e+02
8.028579939547557e-03 1.420835132171964e-03 -1.771984332024706e-03 -2.121183297530041e-04 1.426660361561058e-07 6.834221211749334e+02
9.362775559749174e-03 1.432183519720217e-03 -1.485218306952870e-03 -2.163818676152512e-04 1.426612755210786e-07 6.842653810300689e+02
8.380009256126014e-03 1.327890150875302e-03 -1.989089142060124e-03 -2.221082894936255e-04 1.426581053544048e-07 6.818336047889075e+02
8.976132884241860e-03 1.354397158282514e-03 -1.656605163822174e-03 -2.440341182131430e-04 1.426611593756756e-07 6.842229844075904e+02
8.773462994592330e-03 1.384212702704272e-03 -2.382370477805185e-03 -2.606568073653228e-04 1.426653451812483e-07 6.842753330379114e+02
9.076582174940661e-03 1.371016434033927e-03 -1.828574145673121e-03 -2.733104013417525e-04 1.426633170888665e-07 6.842456327860740e+02
9.058339595358523e-03 1.381512223306986e-03 -1.345500056685137e-03 -2.744952201208074e-04 1.426616823503571e-07 6.845296994647553e+02
9.395138553300935e-03 1.417083606815070e-03 -1.079256846961908e-03 -2.053681086676201e-04 1.426620800492512e-07 6.847089921106508e+02
9.308579942800377e-03 1.511197663984906e-03 -1.527866390351900e-03 -2.429104448844025e-04 1.426681925250178e-07 6.822339553315139e+02
8.326987639804637e-03 1.362571627393677e-03 -1.000298863694638e-03 -3.169619821065541e-04 1.426544351797504e-07 6.769649907740347e+02
9.071975397995697e-03 1.390460163751444e-03 -1.515896246449163e-03 -2.410178844971970e-04 1.426581191886799e-07 6.815170901552393e+02
9.229132564943204e-03 1.422619590798005e-03 -2.086905304249615e-03 -2.137912825357314e-04 1.426599952688597e-07 6.832874430441251e+02
9.293572823885182e-03 1.401530439977150e-03 -1.945968562200121e-03 -1.728129638373221e-04 1.426635353607705e-07 6.841089357180931e+02
8.677916392683850e-03 1.374408026441912e-03 -1.096606253604849e-03 -2.665213343844541e-04 1.426658879083636e-07 6.843253935146644e+02
9.162540196764426e-03 1.350288620757450e-03 -1.505450754163032e-03 -2.909480160497214e-04 1.426597817306154e-07 6.827496429945169e+02
9.316285397988049e-03 1.401272547127899e-03 -1.096566396003894e-03 -2.727517315601385e-04 1.426630729083851e-07 6.854169010628731e+02
9.378865080881956e-03 1.408042510000076e-03 -6.012178921880068e-05 -3.447165906185106e-04 1.426645021502000e-07 6.837267162863077e+02
8.785914937302321e-03 1.391098685087370e-03 -1.722575974176972e-03 -2.032538930532216e-04 1.426649636345872e-07 6.838253189144722e+02
8.860625990824674e-03 1.383594806295778e-03 -1.424025073920942e-03 -2.663899806644370e-04 1.426640214898898e-07 6.840810030170951e+02
9.359069649054036e-03 1.417942235629314e-03 -9.480059557460641e-04 -3.328043851344409e-04 1.426630812346353e-07 6.836675272656518e+02
9.310533855209680e-03 1.484770764672366e-03 -1.763610381579255e-03 -2.531977631432430e-04 1.426681407930066e-07 6.827951366293630e+02
9.340833300870256e-03 1.413067759851193e-03 -1.620094222181374e-03 -2.664519361174391e-04 1.426544097066844e-07 6.782957973251849e+02
9.298614512883040e-03 1.442982865818654e-03 -1.839651165993392e-03 -2.276491410267504e-04 1.426634788955406e-07 6.844205738391279e+02
9.285774127639939e-03 1.439541201162499e-03 -1.833629991323925e-03 -2.338024632089185e-04 1.426642603018551e-07 6.840764118257767e+02
9.081815683531476e-03 1.431354719031170e-03 -1.607269816902835e-03 -2.666354511638463e-04 1.426631676624975e-07 6.853895727716327e+02
8.943750683422234e-03 1.359748491273083e-03 -2.167075761482749e-03 -2.397215290964722e-04 1.426595578010795e-07 6.835549453209750e+02
9.177947450940978e-03 1.510933272053940e-03 -1.566261887771731e-03 -2.590229551519757e-04 1.426687481199676e-07 6.833727177262738e+02
9.262002121569241e-03 1.400668480954115e-03 -1.787419865168443e-03 -2.557114486808687e-04 1.426615286234728e-07 6.843761486268804e+02
8.546006989585476e-03 1.389722352309847e-03 -2.168613938189359e-03 -2.454454613879223e-04 1.426594775262292e-07 6.828016133198671e+02
9.277614280591524e-03 1.502208298930433e-03 -1.492076790596797e-03 -2.775565118688480e-04 1.426653661396704e-07 6.839547573119286e+02
9.108622177680827e-03 1.434347836159383e-03 -1.483115690560918e-03 -2.439882783825344e-04 1.426643312110500e-07 6.856287849285305e+02
8.988866176694572e-03 1.435214046921016e-03 -1.087820351684441e-03 -2.784870766730846e-04 1.426626232530091e-07 6.833680173452533e+02
9.200440740921944e-03 1.391369198431744e-03 -1.436254318185359e-03 -2.994480155855478e-04 1.426625328474942e-07 6.836869942182009e+02
8.851366078479327e-03 1.377770597565414e-03 -1.848179486303923e-03 -2.629083035012528e-04 1.426653106504079e-07 6.838781421278334e+02
8.925840895783245e-03 1.393314095212799e-03 -1.372779877150689e-03 -2.593300558822856e-04 1.426626885748812e-07 6.833786305717526e+02
9.063438866119046e-03 1.401953223057223e-03 -2.244853217765709e-03 -2.095189864205178e-04 1.426644632788841e-07 6.836402266147081e+02
8.178262304766251e-03 1.321188243856615e-03 -1.791550324394824e-03 -2.491880314094865e-04 1.426603836691974e-07 6.834769505657431e+02
9.166816360230640e-03 1.442030250450233e-03 -2.243005866943496e-03 -2.491680731703055e-04 1.426656049550545e-07 6.848580321239156e+02
9.239712102657147e-03 1.414708319299252e-03 -4.734189717523055e-04 -3.248930541142718e-04 1.426631917807384e-07 6.839988692100853e+02
8.817932427898703e-03 1.416298081169261e-03 -1.096067471689114e-03 -2.507970655668409e-04 1.426619678521317e-07 6.851453266556931e+02
9.217729406391133e-03 1.364099946457527e-03 -2.162805563836536e-03 -2.380741200380407e-04 1.426606991171219e-07 6.835828853652164e+02
8.892004483344143e-03 1.330405652683224e-03 -1.220757518485932e-03 -2.923251537751134e-04 1.426589872110039e-07 6.821601069360530e+02
9.329335008976701e-03 1.416736523192782e-03 -1.419474413466042e-03 -2.818950580466151e-04 1.426600532751494e-07 6.826021595841368e+02
9.466997895149470e-03 1.353199667441601e-03 -6.502066575759740e-04 -2.671452269693588e-04 1.426600687497330e-07 6.846778215851912e+02
9.069099558139048e-03 1.387676580246329e-03 -1.201159400916193e-03 -2.414003857965869e-04 1.426634870677489e-07 6.847359713500706e+02
8.900471704814278e-03 1.347915425043735e-03 -7.475218058455052e-04 -2.822456413119779e-04 1.426584857671111e-07 6.829126024286966e+02
9.305358830820138e-03 1.400856940352597e-03 -1.626820058885148e-03 -2.628686390553554e-04 1.426582504160373e-07 6.813349366045859e+02
8.998281140852901e-03 1.460531561280885e-03 -9.200226754027970e-04 -2.953903631049129e-04 1.426633075581132e-07 6.844825488822177e+02
9.460194232900928e-03 1.391572779227391e-03 -8.649185177280037e-04 -2.593550754011088e-04 1.426588985251013e-07 6.835115420208747e+02
9.427559931268557e-03 1.500972644755449e-03 -5.004139660849032e-04 -3.561645367104224e-04 1.426705520224227e-07 6.806856951840036e+02
8.520262471834687e-03 1.359890159561783e-03 -2.918124831831526e-03 -2.114876013091378e-04 1.426659696645526e-07 6.843083349227236e+02
9.184583573230865e-03 1.393201775155607e-03 -2.341072025170192e-03 -1.719707334827424e-04 1.426619869751793e-07 6.833380976077593e+02
9.173295329184553e-03 1.343431956849273e-03 -8.968646302549599e-04 -2.675283873628727e-04 1.426636182127594e-07 6.846832632023461e+02
8.920074318489669e-03 1.401883009332428e-03 -2.012741293065700e-03 -2.616762392305677e-04 1.426630935697258e-07 6.850396147853571e+02
8.835749669322582e-03 1.406484543109997e-03 -3.039988680868730e-03 -1.815233315250049e-04 1.426630935146150e-07 6.848777395642702e+02
9.259823791285085e-03 1.392483879916207e-03 -1.995126378722394e-03 -2.632680753704255e-04 1.426627356916398e-07 6.847131847185134e+02
9.055710299729602e-03 1.410218451750157e-03 -8.107749331835758e-04 -2.760396817637701e-04 1.426669471119113e-07 6.839283920777270e+02
9.214089866519845e-03 1.422589649642934e-03 -1.553881277100053e-03 -2.573652513921067e-04 1.426625416941450e-07 6.852336408635852e+02
9.240217696653072e-03 1.407172768972178e-03 -1.787593929511495e-03 -2.235382062355149e-04 1.426628099343324e-07 6.836715303201187e+02
8.999206016780977e-03 1.388538129000372e-03 -9.898585994573634e-04 -2.815648420366569e-04 1.426657100710065e-07 6.849052599180648e+02
9.382152869041328e-03 1.412552156751008e-03 -9.835460066497858e-04 -2.712591797617946e-04 1.426556839851506e-07 6.790248071939333e+02
8.970112200991498e-03 1.420791792953822e-03 -1.691715045587059e-03 -2.602873066355237e-04 1.426666178229684e-07 6.834870239857045e+02
9.379580420345325e-03 1.405980043253117e-03 -1.380913683002625e-03 -2.468440556462308e-04 1.426614426603631e-07 6.846352517338015e+02
9.336570076325486e-03 1.381929570014752e-03 -1.512289671303304e-03 -2.590580164531868e-04 1.426568462068594e-07 6.815161996096180e+02
9.246241915760378e-03 1.333610709897887e-03 -2.090495144421082e-03 -1.969398458140582e-04 1.426577988531506e-07 6.817296152008979e+02
8.722560011739483e-03 1.373398401071564e-03 -1.690109924732796e-03 -2.415345099412437e-04 1.426620053823713e-07 6.847921496196731e+02
8.633179561258149e-03 1.408799811753425e-03 -2.237095316828479e-03 -2.338807964717004e-04 1.426672677057657e-07 6.834780279929225e+02
8.607011216939939e-03 1.311926765150766e-03 -1.185523638546114e-03 -2.368610254135719e-04 1.426631669221485e-07 6.847614943080983e+02
9.100897664516950e-03 1.353731901954050e-03 -2.104392254307517e-03 -2.219059449966623e-04 1.426593599889864e-07 6.832490131299863e+02
9.147312370182053e-03 1.449794957968085e-03 -2.163073702237584e-03 -1.700412440101936e-04 1.426660681525233e-07 6.828355971067678e+02
8.690905133396248e-03 1.358637441532379e-03 -1.278769799059820e-03 -2.989041614078028e-04 1.426622908898196e-07 6.837435185119235e+02
9.137070350780322e-03 1.408045278334356e-03 -1.834930380614534e-03 -2.528738249115700e-04 1.426654818730313e-07 6.836179613335336e+02
8.807603053403203e-03 1.400672698859322e-03 -1.422720599283655e-03 -3.297606268325080e-04 1.426633806299976e-07 6.838648582148408e+02
9.407454327959032e-03 1.427754931381962e-03 -8.144006337155096e-04 -3.210825328466385e-04 1.426639332232503e-07 6.846371485547552e+02
9.249472415491282e-03 1.396114198741137e-03 -1.636171208850360e-03 -2.494664444682468e-04 1.426587766423624e-07 6.827729145935039e+02
8.414574547525568e-03 1.474414593162025e-03 -2.516259892515060e-03 -2.123631501739435e-04 1.426713881944245e-07 6.803673412368618e+02
8.520886198463449e-03 1.422543115459291e-03 -1.780151769548929e-03 -2.691818319132048e-04 1.426686347804446e-07 6.834446562050841e+02
8.912161980597747e-03 1.461037462111636e-03 -2.179197974218400e-03 -2.368047552396793e-04 1.426675560615567e-07 6.835357143677162e+02
9.115986120184230e-03 1.468799581068745e-03 -9.575067451175383e-04 -3.058246776231855e-04 1.426670138744275e-07 6.837330060049608e+02
8.640160581194489e-03 1.405627534277504e-03 -6.963566659309657e-04 -2.116871664474382e-04 1.426660287972857e-07 6.842028142022260e+02
9.321189352571948e-03 1.455359835531719e-03 -1.103268064160856e-03 -3.065893370285109e-04 1.426661557290377e-07 6.830390673263761e+02
8.916120606773081e-03 1.460090247503088e-03 -3.002465523092800e-04 -3.140228138736748e-04 1.426671107452084e-07 6.842961779292472e+02
9.142040340203906e-03 1.490159152702695e-03 -2.424177719647218e-03 -2.353938102618057e-04 1.426686090648952e-07 6.831213920019103e+02
8.778757432559474e-03 1.377794461491968e-03 -2.111579210242315e-03 -2.213297080536631e-04 1.426628408078634e-07 6.852430860830762e+02
8.977546977993141e-03 1.468013483288788e-03 -1.230391736111362e-03 -2.664408400607707e-04 1.426672211560429e-07 6.832797620295215e+02
9.331210701514766e-03 1.422519034983909e-03 -1.230519198153425e-03 -2.450962214956495e-04 1.426652964850690e-07 6.846881609950179e+02
8.710930253112455e-03 1.335652102104491e-03 -1.847324127988642e-03 -2.346957602359629e-04 1.426618083710951e-07 6.843184410448936e+02
8.715661394561119e-03 1.441691371176177e-03 -1.460510027006231e-03 -2.806880743673238e-04 1.426682306615722e-07 6.838169916495386e+02
9.058979500892319e-03 1.451162457773254e-03 -1.729059458710145e-03 -3.148757840744045e-04 1.426648337147203e-07 6.832969641780276e+02
9.296763948293270e-03 1.399597844118248e-03 -1.477595471763091e-03 -2.115232005042050e-04 1.426597220150373e-07 6.830620828275740e+02
8.845881555895649e-03 1.377554319609480e-03 -1.942910834012534e-03 -2.838426711345644e-04 1.426638858411614e-07 6.846731829347740e+02
8.786275714215700e-03 1.338071114070236e-03 -2.350604440300389e-03 -2.120894978263424e-04 1.426597931559726e-07 6.843380958358219e+02
9.288358778119456e-03 1.469387020821827e-03 -1.487533524335103e-03 -2.569070926609682e-04 1.426670627231253e-07 6.848301179386171e+02
9.265954940685519e-03 1.385928837878821e-03 -1.982736290711797e-03 -2.238704609189876e-04 1.426591218146965e-07 6.828981020987700e+02
8.824903080919745e-03 1.439839266136274e-03 -1.512907499626661e-03 -2.763697980895174e-04 1.426656790338998e-07 6.851904498961952e+02
9.335038139840454e-03 1.476038018744005e-03 -1.488887969839208e-03 -2.587891056857113e-04 1.426656605153583e-07 6.839196416581534e+02
9.069239789401081e-03 1.399984140020985e-03 -1.547761540124067e-03 -2.121468891536831e-04 1.426637315802247e-07 6.843960889997120e+02
9.076876201450602e-03 1.405243820384987e-03 -1.152769255141250e-03 -2.588770592337887e-04 1.426594003392663e-07 6.823632283056412e+02
8.917061495944761e-03 1.374331029216886e-03 -1.458908491025803e-03 -2.487542151924493e-04 1.426597573539285e-07 6.825074711935754e+02
9.234685250206790e-03 1.457933425388025e-03 -1.053090553761522e-03 -2.992206169880099e-04 1.426668108301373e-07 6.841008890736923e+02
9.162089632970409e-03 1.408493754325023e-03 -7.852816789041290e-04 -2.380332487285785e-04 1.426671555198863e-07 6.839275395808174e+02
9.202625921432814e-03 1.396854650421948e-03 -1.902735980421755e-03 -2.242284697361132e-04 1.426632949571537e-07 6.839360657247732e+02
7.828713101303102e-03 1.302686695407413e-03 -2.621126983730525e-03 -2.114028058502942e-04 1.426609609505460e-07 6.837970301090293e+02
9.274097687020309e-03 1.379531132146886e-03 -1.627184913860948e-03 -2.474538813693374e-04 1.426622252984809e-07 6.854292221511593e+02
9.038738960539756e-03 1.397874132340609e-03 -1.065647103585503e-03 -2.465932425677959e-04 1.426619526545817e-07 6.846823403971059e+02
9.113694179166913e-03 1.438511332443471e-03 -2.460077359856251e-03 -1.997385175784850e-04 1.426649922971973e-07 6.852649729710183e+02
9.318759526440961e-03 1.489105340342313e-03 -1.006108062633646e-03 -3.572826179076136e-04 1.426674317416430e-07 6.826656539392428e+02
9.344527660671158e-03 1.412848971445792e-03 -9.557748275333775e-04 -2.846432599696240e-04 1.426637422742567e-07 6.842791017099848e+02
9.244994737268022e-03 1.332794263920941e-03 -1.242693168783056e-03 -2.333916272286388e-04 1.426568467063383e-07 6.812667573951351e+02
9.329828065486918e-03 1.392163779882219e-03 -1.313912913016537e-03 -2.761983367697922e-04 1.426646907202526e-07 6.845191377760328e+02
8.821158264502730e-03 1.410385195272097e-03 -1.761079715995718e-03 -2.746946164014114e-04 1.426622626055921e-07 6.837809798136286e+02
9.159262063644910e-03 1.374256946142826e-03 -2.401166856430137e-03 -2.490299868565248e-04 1.426665925424413e-07 6.841089113389085e+02
9.248952448853202e-03 1.456738393224097e-03 -1.280620320219731e-03 -2.710447509218278e-04 1.426635799822686e-07 6.831050445128355e+02
8.964286038299569e-03 1.420413425169377e-03 -1.323781017759199e-03 -2.790282853973992e-04 1.426677827686820e-07 6.832326854543063e+02
9.156092569014297e-03 1.398238718524064e-03 -2.043368078660796e-03 -1.897462604376205e-04 1.426656978840419e-07 6.836501049395303e+02
9.227774669784127e-03 1.447687878932965e-03 -1.699977850357663e-03 -2.373891690828983e-04 1.426678996134388e-07 6.822512522420250e+02
8.895347720676308e-03 1.413706451062978e-03 -1.065511025864177e-03 -3.662596678131271e-04 1.426625182634425e-07 6.829899182240206e+02
9.335742450317793e-03 1.345211581297508e-03 -1.495055891843722e-03 -2.522721406565528e-04 1.426593171727889e-07 6.828075754146263e+02
9.352846138558428e-03 1.439742108868103e-03 -1.566277365503213e-03 -2.461740470924136e-04 1.426622751167121e-07 6.843038623937371e+02
8.631350930052852e-03 1.362569562511366e-03 -7.488477715954657e-04 -3.705493357055353e-04 1.426580307432260e-07 6.814881542421205e+02
9.393308500465814e-03 1.443321980713940e-03 -1.270194412744222e-03 -2.648591742320311e-04 1.426649983642262e-07 6.836159275249551e+02
8.667490304799429e-03 1.473417606242472e-03 -1.565464112080634e-03 -2.355836882275585e-04 1.426667701035652e-07 6.835221607096740e+02
9.006648851331968e-03 1.369204766864646e-03 -1.787080438095945e-03 -2.414437031603623e-04 1.426598429015870e-07 6.827936170285103e+02
9.248792196345300e-03 1.409721885359048e-03 -4.558482138858784e-04 -2.802917159845717e-04 1.426591072772974e-07 6.829363186055843e+02
9.130648493837738e-03 1.431107201802509e-03 -1.859063217751512e-03 -1.699340331743412e-04 1.426666565587969e-07 6.828954049996054e+02
8.895546052902150e-03 1.421549507541965e-03 -1.255916052773926e-03 -2.483102316568630e-04 1.426609612245367e-07 6.840631254880250e+02
9.010556021477507e-03 1.405503108306392e-03 -1.355786841108105e-03 -2.707048921507037e-04 1.426647859828703e-07 6.843550120159473e+02
8.260821963803738e-03 1.367581850791060e-03 -1.812590006868225e-03 -2.459374300257542e-04 1.426619072811142e-07 6.845844294266197e+02
9.329161182073898e-03 1.398236108239610e-03 -1.533935276122667e-03 -2.666108093080855e-04 1.426581252563252e-07 6.824227069847165e+02
8.779517966706655e-03 1.360951701538945e-03 -2.260192702407634e-03 -2.134751126593095e-04 1.426618405348052e-07 6.843425880954322e+02
8.880302446687449e-03 1.337257331100703e-03 -1.641706926876094e-03 -2.476072531031483e-04 1.426545464248881e-07 6.775476195915793e+02
9.397023303045536e-03 1.420026500150739e-03 -1.045708283123773e-03 -2.349750782565538e-04 1.426608167474383e-07 6.841608357747053e+02
8.739714642179474e-03 1.427030238294231e-03 -1.786253552946434e-03 -2.618346091203022e-04 1.426629322562047e-07 6.847141914014322e+02
9.240961954755102e-03 1.375628093624800e-03 -1.704889092837578e-03 -2.438819916151850e-04 1.426623865768309e-07 6.840087287988081e+02
9.112309020435838e-03 1.396482487866218e-03 -8.306309238032703e-04 -3.378071509724665e-04 1.426630651882262e-07 6.839076467838328e+02
8.735967821451958e-03 1.349935996643506e-03 -2.733669944694045e-03 -2.179509699870396e-04 1.426607311747542e-07 6.848850865678884e+02
9.080311495665372e-03 1.397039889146882e-03 -1.779159272015010e-03 -2.424783883393542e-04 1.426628331322450e-07 6.847335091030244e+02
9.166425059325283e-03 1.521765138091830e-03 -2.030928446760844e-03 -2.602752096019871e-04 1.426696794323240e-07 6.818936563088083e+02
8.790971057303238e-03 1.408194694190810e-03 -2.111325871634713e-03 -1.157849311871522e-04 1.426600450003475e-07 6.822046120033234e+02
8.732413638915150e-03 1.324529539085977e-03 -1.351426733017427e-03 -3.073708565873590e-04 1.426624791383754e-07 6.841953301606854e+02
8.936192561175855e-03 1.374036901215148e-03 -1.423890537776664e-03 -2.603476454413859e-04 1.426626895193761e-07 6.841949071690259e+02
8.646621325505513e-03 1.397794060043194e-03 -2.609551508766370e-03 -2.085729458962419e-04 1.426650618732225e-07 6.833537013702727e+02
9.156888373673027e-03 1.396452110749564e-03 -1.137831520994135e-03 -2.631869505442594e-04 1.426625576976663e-07 6.850504597576515e+02
8.487410351596789e-03 1.361283647764459e-03 -1.164029182409002e-03 -2.724921554251700e-04 1.426638675317443e-07 6.839851930274755e+02
9.177885188598495e-03 1.390248264995753e-03 -1.033861456974476e-03 -3.323653344179449e-04 1.426609312365889e-07 6.831792473333580e+02
9.274656270893635e-03 1.407994320093894e-03 -1.656397576759992e-03 -2.255010550349431e-04 1.426645501595476e-07 6.837037938563830e+02
8.809392265647214e-03 1.372340402176985e-03 -1.040281413454778e-03 -2.604547320239338e-04 1.426567973557852e-07 6.807765440879614e+02
8.837792189782133e-03 1.428371107075727e-03 -1.410120318469107e-03 -2.320745965472691e-04 1.426641057899122e-07 6.836051023548224e+02
9.231530791837462e-03 1.457622992496835e-03 -1.833287334145419e-03 -2.686982782381861e-04 1.426682009331931e-07 6.838520847237538e+02
8.710398794612254e-03 1.408383555295443e-03 -2.271104683060855e-03 -1.758610283058053e-04 1.426601214048325e-07 6.831042236250090e+02
9.261576082416125e-03 1.402255169815659e-03 -1.704300141850807e-03 -2.241470318117371e-04 1.426598455648471e-07 6.840723340595736e+02
8.848600373537317e-03 1.477532532258246e-03 -1.744495944808736e-03 -1.864815064402964e-04 1.426645767304000e-07 6.833930425334011e+02
8.629619939221365e-03 1.396077616767856e-03 -1.481101063297116e-03 -2.806437713211611e-04 1.426634557147502e-07 6.835811258275681e+02
8.435116231055455e-03 1.374793310072519e-03 -1.195946238895759e-03 -2.535684279853848e-04 1.426643581336327e-07 6.840645785414072e+02
9.294474395517748e-03 1.452176231484043e-03 -9.274709228903295e-04 -3.002505019319203e-04 1.426646841761938e-07 6.843967623076163e+02
8.977731555277549e-03 1.394470716962081e-03 -1.194525031685828e-03 -2.340334810680799e-04 1.426614879365313e-07 6.841508323660909e+02
8.977038615057090e-03 1.391685900778984e-03 -1.065295369456036e-03 -2.709673319484270e-04 1.426600138193984e-07 6.834442484441432e+02
9.190944508188494e-03 1.413246274788362e-03 -2.099491429894197e-03 -2.271566394793631e-04 1.426611166555978e-07 6.849745897437307e+02
8.682499378967451e-03 1.386000223440248e-03 -1.386671562142535e-03 -2.666792395653745e-04 1.426620239682030e-07 6.840316922898878e+02
9.071848531880347e-03 1.381239938286902e-03 -2.350355093266782e-03 -1.984460908335991e-04 1.426652310262699e-07 6.842065499473819e+02
9.102760129291501e-03 1.379345339373956e-03 -2.045689221574947e-03 -2.266405826703313e-04 1.426611728098091e-07 6.838855017249726e+02
9.164005022017235e-03 1.391075392622825e-03 -7.658513785540600e-04 -2.965497012383045e-04 1.426613166459230e-07 6.846486365410490e+02
9.211221888881807e-03 1.466733501493202e-03 -1.549828348301109e-03 -2.513872254816562e-04 1.426683493634591e-07 6.831819693104802e+02
8.566284112938336e-03 1.377275045047707e-03 -2.252438023184116e-03 -2.383648325222556e-04 1.426610197294239e-07 6.846010162551150e+02
8.710503872047434e-03 1.402155709627218e-03 -2.870804263563635e-04 -2.968530387077711e-04 1.426626346383493e-07 6.854562722676269e+02
8.870223794197309e-03 1.394892417330993e-03 -1.742833042771787e-03 -2.892916009844722e-04 1.426625450279872e-07 6.841033197417421e+02
9.177923776382999e-03 1.432248146378561e-03 -2.245277665224879e-03 -1.331584936869033e-04 1.426641820412943e-07 6.831128955710487e+02
8.517817056800086e-03 1.334073958142681e-03 -6.889717604987635e-04 -2.595615860870139e-04 1.426604474359214e-07 6.841468220257320e+02
8.976390211553440e-03 1.475642623401988e-03 -1.534794114655033e-03 -2.649334037790844e-04 1.426689374378729e-07 6.813597321355952e+02
9.209160224745423e-03 1.417022944002829e-03 -1.981025159692931e-03 -2.184177555096046e-04 1.426645840390920e-07 6.838061869951529e+02
9.238800903071600e-03 1.410492738436659e-03 -1.630494667832679e-03 -2.454788346345678e-04 1.426638578129228e-07 6.833131441673111e+02
8.702688763762794e-03 1.373385179246805e-03 -2.223213473651196e-03 -2.473977498019570e-04 1.426657180856059e-07 6.845149826214043e+02
9.271443195373822e-03 1.393834456580895e-03 -1.250820260588194e-03 -3.283726446936769e-04 1.426660906132659e-07 6.836422513128687e+02
8.821020954141124e-03 1.450009600904419e-03 -1.835137442611318e-03 -2.629732639312551e-04 1.426695259185066e-07 6.814479140252909e+02
8.855281449870557e-03 1.480163004447087e-03 -2.054427494237626e-03 -2.697449099105106e-04 1.426697017877941e-07 6.813646550403602e+02
9.328268015385338e-03 1.426258189107716e-03 -9.017570290146875e-04 -2.594502870443973e-04 1.426644694759243e-07 6.841926121730852e+02
8.433026885848313e-03 1.334811343452200e-03 -1.144217049267904e-03 -2.470565312453397e-04 1.426590339300091e-07 6.839376004395922e+02
9.021933067874728e-03 1.403393594370491e-03 -1.173006991309083e-03 -2.897066225099948e-04 1.426667202195411e-07 6.833651673807537e+02
9.378551330612874e-03 1.379886713189058e-03 -1.218966174591197e-03 -2.796290096832697e-04 1.426604525233237e-07 6.828444327409768e+02
9.264447783430142e-03 1.426185517223533e-03 -8.440958291530170e-04 -2.566299090266159e-04 1.426604204312046e-07 6.844666105552145e+02
8.849935640972377e-03 1.442131173552714e-03 -1.952984935597232e-03 -2.045238300186098e-04 1.426662090006262e-07 6.829370911067729e+02
9.342309552751876e-03 1.556409033598611e-03 -1.083701662838436e-03 -2.901245887462968e-04 1.426732872096302e-07 6.786527144458433e+02
8.993005694541100e-03 1.392397709769228e-03 -1.918958156750660e-03 -2.460103138866750e-04 1.426580294687445e-07 6.808557902522897e+02
9.182635026390187e-03 1.496668045709208e-03 -1.331831751118568e-03 -2.521678276478427e-04 1.426696787889315e-07 6.812890244571316e+02
9.335275881209970e-03 1.410846276324868e-03 -6.671004229942171e-04 -2.755109911536665e-04 1.426599754700633e-07 6.840139235656617e+02
9.153807330325349e-03 1.429655598832053e-03 -1.729047369059611e-03 -1.575620026775387e-04 1.426606634706066e-07 6.825704970435298e+02
8.930513361879595e-03 1.392802923164673e-03 -2.172569159005252e-03 -1.892129684457181e-04 1.426653318062639e-07 6.833987048049712e+02
9.071596391665972e-03 1.367958881763021e-03 -2.401035687982625e-03 -1.312019753916663e-04 1.426620127111295e-07 6.839754245056183e+02
8.929939378357373e-03 1.444134425409193e-03 -1.736733950056298e-03 -2.473652535802729e-04 1.426667027837947e-07 6.841652519909347e+02
9.016199954960684e-03 1.409536510625320e-03 -6.494713572020159e-04 -3.100237561337392e-04 1.426636118673665e-07 6.838168133574601e+02
8.941509413382880e-03 1.413528958113917e-03 -2.144521564292611e-03 -1.933695100447671e-04 1.426615927953618e-07 6.830075429335353e+02
9.114069072828249e-03 1.444337301819859e-03 -1.643175944287728e-03 -2.474566848475503e-04 1.426666543587930e-07 6.840195501829228e+02
8.680465504747145e-03 1.451645890741201e-03 -1.445941903984729e-03 -2.466470063107150e-04 1.426685642500499e-07 6.817580479163466e+02
9.307197389849324e-03 1.503568252266992e-03 -1.285425401049634e-03 -2.676081165766962e-04 1.426679791139810e-07 6.834106252111194e+02
9.132297589773738e-03 1.459763517862841e-03 -1.568915589133024e-03 -2.632175886250867e-04 1.426663557912989e-07 6.840736966152895e+02
8.973448865642143e-03 1.358921469226105e-03 -2.436339628202383e-03 -1.830458013776165e-04 1.426607508168692e-07 6.834968501375266e+02
9.142231745669267e-03 1.404262088401555e-03 -1.393571341476189e-03 -2.598018345646779e-04 1.426639336846273e-07 6.848841993005583e+02
8.978468588008033e-03 1.482510753861330e-03 -2.829535482995780e-03 -2.020213736287474e-04 1.426633025800753e-07 6.844411767614037e+02
8.832502267559243e-03 1.370987379299715e-03 -1.805877041652776e-03 -2.061896571462066e-04 1.426635756930487e-07 6.836859630295694e+02
9.037998442962710e-03 1.341349025079828e-03 -1.841244243285428e-03 -1.850572460325538e-04 1.426609605463400e-07 6.842642256323087e+02
9.166987030650844e-03 1.368066275919577e-03 -9.864293895113141e-04 -2.396066057232539e-04 1.426617351168054e-07 6.840634917370544e+02
8.623703161366437e-03 1.347931950932394e-03 -1.487412091538388e-03 -2.224709798258457e-04 1.426630461387130e-07 6.841344214541235e+02
8.708661358860614e-03 1.365256576863044e-03 -2.184489824333827e-03 -2.173376131167666e-04 1.426571645478294e-07 6.817248700668366e+02
8.449775626266977e-03 1.417943841732395e-03 -2.766236291654413e-03 -1.642035837763554e-04 1.426603462911186e-07 6.842870216764773e+02
8.952501859245928e-03 1.332396112269720e-03 -2.049932224565707e-03 -2.666130728437264e-04 1.426618961471940e-07 6.848568975176097e+02
9.406227686973939e-03 1.444287295800792e-03 -8.153950594703106e-04 -2.963076553999465e-04 1.426629573676218e-07 6.843112885867038e+02
8.480749913444869e-03 1.350312231952960e-03 -2.048251026626142e-03 -2.447022356908839e-04 1.426621812790217e-07 6.838835460985733e+02
8.998515959846090e-03 1.427715040632812e-03 -1.459589106485103e-03 -2.263917176766231e-04 1.426642322659103e-07 6.831947569086572e+02
8.805355037967540e-03 1.387498740845001e-03 -7.396721618730134e-04 -2.673643167956634e-04 1.426639049607477e-07 6.844283548858965e+02
8.403366885951084e-03 1.352143211852986e-03 -1.936270996966445e-03 -1.861824741558171e-04 1.426623423220154e-07 6.834196914715843e+02
8.749264726641908e-03 1.338554727339901e-03 -1.852869669560277e-03 -2.272645476243990e-04 1.426562727834877e-07 6.799923739805504e+02
9.114003806335189e-03 1.349522131293208e-03 -1.607306342380874e-03 -2.395232689845497e-04 1.426616706961009e-07 6.846260455323699e+02
8.915400622800915e-03 1.445398515627098e-03 -1.379554635492683e-03 -2.535329495844546e-04 1.426639276835560e-07 6.846670689334039e+02
8.942911878833677e-03 1.376096747491088e-03 -1.258484459949103e-03 -2.651634527304735e-04 1.426616110726666e-07 6.837625228900932e+02
9.096457713434985e-03 1.457739590666565e-03 -2.274211167514531e-03 -2.109810955502646e-04 1.426669399122146e-07 6.845400020210958e+02
9.303883986284067e-03 1.413305685607504e-03 -1.818152659541873e-03 -2.646932199939352e-04 1.426625024707383e-07 6.835417528313723e+02
9.332420733724492e-03 1.467309363541284e-03 -1.423686486523026e-03 -2.728053414725179e-04 1.426666468826839e-07 6.828550312021590e+02
9.322310922518881e-03 1.495084298436322e-03 -1.556109866680305e-03 -2.441852122084289e-04 1.426716629571224e-07 6.795036484219804e+02
8.499454720510703e-03 1.325716734459485e-03 -1.620357949066209e-03 -2.335511614714458e-04 1.426594508776241e-07 6.835117165116787e+02
8.932914630087836e-03 1.390253447224973e-03 -2.256991610538424e-03 -1.877825387751339e-04 1.426569233004162e-07 6.799497575765425e+02
9.404988664469571e-03 1.469893698319029e-03 -4.445114826368750e-04 -3.043232489852058e-04 1.426673273092894e-07 6.847243458392774e+02
9.393702735713511e-03 1.422588291612700e-03 -1.361123882367482e-03 -2.652036211796522e-04 1.426639210868827e-07 6.838996484127701e+02
8.981497633951414e-03 1.371133188238159e-03 -2.239944978431829e-03 -2.000992497440762e-04 1.426622436680574e-07 6.835085103424450e+02
9.348394100864752e-03 1.412447819046662e-03 -8.003686199993641e-04 -3.376091080574903e-04 1.426646583524513e-07 6.835837006478563e+02
9.215688178092707e-03 1.400268449148795e-03 -1.320934520326681e-03 -2.963103637064517e-04 1.426629253701555e-07 6.837121700311948e+02
9.184944741605588e-03 1.385019304021895e-03 -1.627625599634768e-03 -2.342793516077186e-04 1.426628908403187e-07 6.840536742367665e+02
9.332095482715750e-03 1.460035652070277e-03 -1.561299424767383e-03 -2.822078783658177e-04 1.426642266966285e-07 6.849931689717577e+02
8.736090605834076e-03 1.382960863878285e-03 -1.986866970728467e-03 -2.728129417127811e-04 1.426639459481204e-07 6.844230750824310e+02
9.219165565392479e-03 1.443511562962784e-03 -1.998213050778637e-03 -2.349216977567406e-04 1.426658950159115e-07 6.850291252095652e+02
8.363376225272806e-03 1.378978366662971e-03 -1.110901368135981e-03 -2.730582158717654e-04 1.426648258698381e-07 6.843190650034784e+02
9.336535925791933e-03 1.361494849507714e-03 -1.419358303834483e-03 -2.501631358040935e-04 1.426624176743428e-07 6.849328226443735e+02
9.309797500193876e-03 1.395385554741423e-03 -1.769304957995370e-03 -2.526351461918531e-04 1.426617388457960e-07 6.846921756787053e+02
8.907886446633768e-03 1.375214373430744e-03 -1.178702880918305e-03 -2.527665799354679e-04 1.426606890314451e-07 6.841957007009663e+02
9.136012807488552e-03 1.399492752247775e-03 -1.787856117468775e-03 -2.856924027193219e-04 1.426619816183267e-07 6.844754779656607e+02
9.273035067940477e-03 1.464347873745026e-03 -1.677535306127731e-03 -2.470397218533351e-04 1.426650215951717e-07 6.850356696712753e+02
8.986560920963010e-03 1.456372980111215e-03 -1.855626736837233e-03 -2.692868962398388e-04 1.426686076055885e-07 6.826579839154178e+02
9.100497095743074e-03 1.454297747935582e-03 -9.121473096268894e-04 -3.160773861439127e-04 1.426645669563375e-07 6.829942893395627e+02
8.874193905114968e-03 1.410856846097799e-03 -1.493610645549343e-03 -2.620944175291274e-04 1.426650864280509e-07 6.841081787492136e+02
9.276436361100780e-03 1.395751396370145e-03 -1.534980448309552e-03 -2.343433677974005e-04 1.426624017411051e-07 6.848801498747071e+02
9.217762583783585e-03 1.374735841034074e-03 -1.984196355688598e-03 -2.800641992231518e-04 1.426605697168266e-07 6.831777677733432e+02
9.032988021650127e-03 1.416849694493770e-03 -1.307941522189356e-03 -2.970403768869526e-04 1.426609850926979e-07 6.825518110598221e+02
8.764787417918220e-03 1.392767332361369e-03 -9.138825437223692e-04 -2.474853431389749e-04 1.426629187557070e-07 6.844493949076775e+02
8.845388961250398e-03 1.390821313370922e-03 -1.671797592889638e-03 -2.611396614406901e-04 1.426630475059372e-07 6.846939633851491e+02
9.006582807554833e-03 1.390619416396601e-03 -1.490329096153201e-03 -2.106413320196550e-04 1.426636148661988e-07 6.844272668207911e+02
8.871020859208791e-03 1.398259898348337e-03 -1.084826104944185e-03 -2.492762992152626e-04 1.426543239096224e-07 6.785993339193849e+02
9.153874667980438e-03 1.354997823767868e-03 -2.450529388798679e-03 -2.072429612290186e-04 1.426608565957525e-07 6.837093075764082e+02
9.345751753700081e-03 1.399755816355485e-03 -1.325056669074909e-03 -2.827089386500867e-04 1.426643228185402e-07 6.839650962483449e+02
8.623896831693839e-03 1.377881360919409e-03 -1.534339426955571e-03 -2.305474539981964e-04 1.426583271042999e-07 6.823057746731104e+02
9.350311932486071e-03 1.436393714898037e-03 -1.136786050363714e-03 -2.384231157948655e-04 1.426645771329121e-07 6.850646084374304e+02
8.524175091981024e-03 1.372447756378561e-03 -6.380331356806701e-04 -3.353972120832268e-04 1.426597227887300e-07 6.828862407309983e+02
9.003784705056160e-03 1.481711679220692e-03 -2.011172402303702e-03 -2.554877456458780e-04 1.426662437993836e-07 6.845551713852360e+02
8.891976476103033e-03 1.421928214068820e-03 -1.999247523380895e-03 -1.928945065724645e-04 1.426627727732187e-07 6.834863435208503e+02
9.339141910169942e-03 1.404609686847659e-03 -1.714309156371864e-03 -2.377503406310839e-04 1.426563786498844e-07 6.793437555601146e+02
9.169840652123024e-03 1.415872999283628e-03 -7.151140287553298e-04 -2.664307237434465e-04 1.426588473455342e-07 6.833509483471294e+02
