4.466559965102551710e-01 0.000000000000000000e+00 0.000000000000000000e+00 0.000000000000000000e+00 0.000000000000000000e+00 0.000000000000000000e+00 0.000000000000000000e+00 0.000000000000000000e+00 0.000000000000000000e+00 0.000000000000000000e+00 0.000000000000000000e+00 0.000000000000000000e+00 0.000000000000000000e+00 0.000000000000000000e+00 0.000000000000000000e+00 0.000000000000000000e+00 0.000000000000000000e+00 0.000000000000000000e+00 0.000000000000000000e+00 0.000000000000000000e+00 0.000000000000000000e+00 0.000000000000000000e+00 0.000000000000000000e+00 0.000000000000000000e+00 0.000000000000000000e+00 0.000000000000000000e+00 0.000000000000000000e+00 0.000000000000000000e+00 0.000000000000000000e+00 0.000000000000000000e+00 0.000000000000000000e+00 0.000000000000000000e+00 0.000000000000000000e+00 0.000000000000000000e+00 0.000000000000000000e+00 0.000000000000000000e+00 0.000000000000000000e+00 0.000000000000000000e+00 0.000000000000000000e+00 0.000000000000000000e+00 0.000000000000000000e+00 2.405760007786672734e-06 0.000000000000000000e+00 0.000000000000000000e+00 0.000000000000000000e+00 0.000000000000000000e+00 0.000000000000000000e+00 0.000000000000000000e+00 0.000000000000000000e+00 0.000000000000000000e+00 0.000000000000000000e+00 0.000000000000000000e+00 0.000000000000000000e+00 0.000000000000000000e+00 0.000000000000000000e+00 0.000000000000000000e+00 0.000000000000000000e+00 0.000000000000000000e+00 0.000000000000000000e+00 0.000000000000000000e+00 0.000000000000000000e+00 0.000000000000000000e+00 0.000000000000000000e+00 0.000000000000000000e+00 0.000000000000000000e+00 0.000000000000000000e+00 0.000000000000000000e+00 0.000000000000000000e+00 0.000000000000000000e+00 0.000000000000000000e+00 0.000000000000000000e+00 0.000000000000000000e+00 0.000000000000000000e+00 0.000000000000000000e+00 0.000000000000000000e+00 0.000000000000000000e+00 0.000000000000000000e+00 0.000000000000000000e+00 0.000000000000000000e+00 0.000000000000000000e+00 0.000000000000000000e+00 0.000000000000000000e+00
-8.190510375587309877e-01 1.112828869469521420e+00 0.000000000000000000e+00 0.000000000000000000e+00 0.000000000000000000e+00 0.000000000000000000e+00 0.000000000000000000e+00 0.000000000000000000e+00 0.000000000000000000e+00 0.000000000000000000e+00 0.000000000000000000e+00 0.000000000000000000e+00 0.000000000000000000e+00 0.000000000000000000e+00 0.000000000000000000e+00 0.000000000000000000e+00 0.000000000000000000e+00 0.000000000000000000e+00 0.000000000000000000e+00 0.000000000000000000e+00 0.000000000000000000e+00 0.000000000000000000e+00 0.000000000000000000e+00 0.000000000000000000e+00 0.000000000000000000e+00 0.000000000000000000e+00 0.000000000000000000e+00 0.000000000000000000e+00 0.000000000000000000e+00 0.000000000000000000e+00 0.000000000000000000e+00 0.000000000000000000e+00 0.000000000000000000e+00 0.000000000000000000e+00 0.000000000000000000e+00 0.000000000000000000e+00 0.000000000000000000e+00 0.000000000000000000e+00 0.000000000000000000e+00 0.000000000000000000e+00 0.000000000000000000e+00 -3.659652674711110777e-06 1.366854915520578266e-08 0.000000000000000000e+00 0.000000000000000000e+00 0.000000000000000000e+00 0.000000000000000000e+00 0.000000000000000000e+00 0.000000000000000000e+00 0.000000000000000000e+00 0.000000000000000000e+00 0.000000000000000000e+00 0.000000000000000000e+00 0.000000000000000000e+00 0.000000000000000000e+00 0.000000000000000000e+00 0.000000000000000000e+00 0.000000000000000000e+00 0.000000000000000000e+00 0.000000000000000000e+00 0.000000000000000000e+00 0.000000000000000000e+00 0.000000000000000000e+00 0.000000000000000000e+00 0.000000000000000000e+00 0.000000000000000000e+00 0.000000000000000000e+00 0.000000000000000000e+00 0.000000000000000000e+00 0.000000000000000000e+00 0.000000000000000000e+00 0.000000000000000000e+00 0.000000000000000000e+00 0.000000000000000000e+00 0.000000000000000000e+00 0.000000000000000000e+00 0.000000000000000000e+00 0.000000000000000000e+00 0.000000000000000000e+00 0.000000000000000000e+00 0.000000000000000000e+00 0.000000000000000000e+00
-9.256726473381096110e-01 -4.460021238893288609e-02 1.833242411514584447e+00 0.000000000000000000e+00 0.000000000000000000e+00 0.000000000000000000e+00 0.000000000000000000e+00 0.000000000000000000e+00 0.000000000000000000e+00 0.000000000000000000e+00 0.000000000000000000e+00 0.000000000000000000e+00 0.000000000000000000e+00 0.000000000000000000e+00 0.000000000000000000e+00 0.000000000000000000e+00 0.000000000000000000e+00 0.000000000000000000e+00 0.000000000000000000e+00 0.000000000000000000e+00 0.000000000000000000e+00 0.000000000000000000e+00 0.000000000000000000e+00 0.000000000000000000e+00 0.000000000000000000e+00 0.000000000000000000e+00 0.000000000000000000e+00 0.000000000000000000e+00 0.000000000000000000e+00 0.000000000000000000e+00 0.000000000000000000e+00 0.000000000000000000e+00 0.000000000000000000e+00 0.000000000000000000e+00 0.000000000000000000e+00 0.000000000000000000e+00 0.000000000000000000e+00 0.000000000000000000e+00 0.000000000000000000e+00 0.000000000000000000e+00 0.000000000000000000e+00 -5.558328007581818732e-06 -1.484532361355385280e-07 -6.050999426591681732e-08 0.000000000000000000e+00 0.000000000000000000e+00 0.000000000000000000e+00 0.000000000000000000e+00 0.000000000000000000e+00 0.000000000000000000e+00 0.000000000000000000e+00 0.000000000000000000e+00 0.000000000000000000e+00 0.000000000000000000e+00 0.000000000000000000e+00 0.000000000000000000e+00 0.000000000000000000e+00 0.000000000000000000e+00 0.000000000000000000e+00 0.000000000000000000e+00 0.000000000000000000e+00 0.000000000000000000e+00 0.000000000000000000e+00 0.000000000000000000e+00 0.000000000000000000e+00 0.000000000000000000e+00 0.000000000000000000e+00 0.000000000000000000e+00 0.000000000000000000e+00 0.000000000000000000e+00 0.000000000000000000e+00 0.000000000000000000e+00 0.000000000000000000e+00 0.000000000000000000e+00 0.000000000000000000e+00 0.000000000000000000e+00 0.000000000000000000e+00 0.000000000000000000e+00 0.000000000000000000e+00 0.000000000000000000e+00 0.000000000000000000e+00 0.000000000000000000e+00
1.028187618165031347e+00 -1.487728158903005804e+00 4.866098715358661564e-01 3.355657526590319240e+00 0.000000000000000000e+00 0.000000000000000000e+00 0.000000000000000000e+00 0.000000000000000000e+00 0.000000000000000000e+00 0.000000000000000000e+00 0.000000000000000000e+00 0.000000000000000000e+00 0.000000000000000000e+00 0.000000000000000000e+00 0.000000000000000000e+00 0.000000000000000000e+00 0.000000000000000000e+00 0.000000000000000000e+00 0.000000000000000000e+00 0.000000000000000000e+00 0.000000000000000000e+00 0.000000000000000000e+00 0.000000000000000000e+00 0.000000000000000000e+00 0.000000000000000000e+00 0.000000000000000000e+00 0.000000000000000000e+00 0.000000000000000000e+00 0.000000000000000000e+00 0.000000000000000000e+00 0.000000000000000000e+00 0.000000000000000000e+00 0.000000000000000000e+00 0.000000000000000000e+00 0.000000000000000000e+00 0.000000000000000000e+00 0.000000000000000000e+00 0.000000000000000000e+00 0.000000000000000000e+00 0.000000000000000000e+00 0.000000000000000000e+00 1.342653478530336356e-05 -2.147311374359487786e-05 4.866290121650082914e-06 -2.699428499808764509e-06 0.000000000000000000e+00 0.000000000000000000e+00 0.000000000000000000e+00 0.000000000000000000e+00 0.000000000000000000e+00 0.000000000000000000e+00 0.000000000000000000e+00 0.000000000000000000e+00 0.000000000000000000e+00 0.000000000000000000e+00 0.000000000000000000e+00 0.000000000000000000e+00 0.000000000000000000e+00 0.000000000000000000e+00 0.000000000000000000e+00 0.000000000000000000e+00 0.000000000000000000e+00 0.000000000000000000e+00 0.000000000000000000e+00 0.000000000000000000e+00 0.000000000000000000e+00 0.000000000000000000e+00 0.000000000000000000e+00 0.000000000000000000e+00 0.000000000000000000e+00 0.000000000000000000e+00 0.000000000000000000e+00 0.000000000000000000e+00 0.000000000000000000e+00 0.000000000000000000e+00 0.000000000000000000e+00 0.000000000000000000e+00 0.000000000000000000e+00 0.000000000000000000e+00 0.000000000000000000e+00 0.000000000000000000e+00 0.000000000000000000e+00
3.174024111275785209e+00 -1.896731012761300184e+00 -2.919971139587385967e+00 4.473922897281418010e+00 6.533497312956151326e+00 0.000000000000000000e+00 0.000000000000000000e+00 0.000000000000000000e+00 0.000000000000000000e+00 0.000000000000000000e+00 0.000000000000000000e+00 0.000000000000000000e+00 0.000000000000000000e+00 0.000000000000000000e+00 0.000000000000000000e+00 0.000000000000000000e+00 0.000000000000000000e+00 0.000000000000000000e+00 0.000000000000000000e+00 0.000000000000000000e+00 0.000000000000000000e+00 0.000000000000000000e+00 0.000000000000000000e+00 0.000000000000000000e+00 0.000000000000000000e+00 0.000000000000000000e+00 0.000000000000000000e+00 0.000000000000000000e+00 0.000000000000000000e+00 0.000000000000000000e+00 0.000000000000000000e+00 0.000000000000000000e+00 0.000000000000000000e+00 0.000000000000000000e+00 0.000000000000000000e+00 0.000000000000000000e+00 0.000000000000000000e+00 0.000000000000000000e+00 0.000000000000000000e+00 0.000000000000000000e+00 0.000000000000000000e+00 -1.886919597994692315e-05 -5.123608664107123198e-05 -1.594524819747636249e-05 -2.027186462686964962e-05 -6.025280609460360737e-09 0.000000000000000000e+00 0.000000000000000000e+00 0.000000000000000000e+00 0.000000000000000000e+00 0.000000000000000000e+00 0.000000000000000000e+00 0.000000000000000000e+00 0.000000000000000000e+00 0.000000000000000000e+00 0.000000000000000000e+00 0.000000000000000000e+00 0.000000000000000000e+00 0.000000000000000000e+00 0.000000000000000000e+00 0.000000000000000000e+00 0.000000000000000000e+00 0.000000000000000000e+00 0.000000000000000000e+00 0.000000000000000000e+00 0.000000000000000000e+00 0.000000000000000000e+00 0.000000000000000000e+00 0.000000000000000000e+00 0.000000000000000000e+00 0.000000000000000000e+00 0.000000000000000000e+00 0.000000000000000000e+00 0.000000000000000000e+00 0.000000000000000000e+00 0.000000000000000000e+00 0.000000000000000000e+00 0.000000000000000000e+00 0.000000000000000000e+00 0.000000000000000000e+00 0.000000000000000000e+00 0.000000000000000000e+00
5.795035894015608591e+00 -2.623622479685029596e+00 -6.704652557265961654e+00 6.336728877718844188e+00 1.395740948350193023e+01 6.270883454248559197e+00 0.000000000000000000e+00 0.000000000000000000e+00 0.000000000000000000e+00 0.000000000000000000e+00 0.000000000000000000e+00 0.000000000000000000e+00 0.000000000000000000e+00 0.000000000000000000e+00 0.000000000000000000e+00 0.000000000000000000e+00 0.000000000000000000e+00 0.000000000000000000e+00 0.000000000000000000e+00 0.000000000000000000e+00 0.000000000000000000e+00 0.000000000000000000e+00 0.000000000000000000e+00 0.000000000000000000e+00 0.000000000000000000e+00 0.000000000000000000e+00 0.000000000000000000e+00 0.000000000000000000e+00 0.000000000000000000e+00 0.000000000000000000e+00 0.000000000000000000e+00 0.000000000000000000e+00 0.000000000000000000e+00 0.000000000000000000e+00 0.000000000000000000e+00 0.000000000000000000e+00 0.000000000000000000e+00 0.000000000000000000e+00 0.000000000000000000e+00 0.000000000000000000e+00 0.000000000000000000e+00 -5.666209086351973898e-05 -2.338803611397915439e-05 -3.817100166136677469e-05 -4.597036182877558863e-05 -7.632576491203878019e-07 -4.869318127555992100e-08 0.000000000000000000e+00 0.000000000000000000e+00 0.000000000000000000e+00 0.000000000000000000e+00 0.000000000000000000e+00 0.000000000000000000e+00 0.000000000000000000e+00 0.000000000000000000e+00 0.000000000000000000e+00 0.000000000000000000e+00 0.000000000000000000e+00 0.000000000000000000e+00 0.000000000000000000e+00 0.000000000000000000e+00 0.000000000000000000e+00 0.000000000000000000e+00 0.000000000000000000e+00 0.000000000000000000e+00 0.000000000000000000e+00 0.000000000000000000e+00 0.000000000000000000e+00 0.000000000000000000e+00 0.000000000000000000e+00 0.000000000000000000e+00 0.000000000000000000e+00 0.000000000000000000e+00 0.000000000000000000e+00 0.000000000000000000e+00 0.000000000000000000e+00 0.000000000000000000e+00 0.000000000000000000e+00 0.000000000000000000e+00 0.000000000000000000e+00 0.000000000000000000e+00 0.000000000000000000e+00
6.448058854137207696e+00 -2.752823101668240291e+00 -7.731678723247531693e+00 6.687628752704800839e+00 1.593140302359665483e+01 8.219574089863787236e+00 4.641804291108675429e+00 0.000000000000000000e+00 0.000000000000000000e+00 0.000000000000000000e+00 0.000000000000000000e+00 0.000000000000000000e+00 0.000000000000000000e+00 0.000000000000000000e+00 0.000000000000000000e+00 0.000000000000000000e+00 0.000000000000000000e+00 0.000000000000000000e+00 0.000000000000000000e+00 0.000000000000000000e+00 0.000000000000000000e+00 0.000000000000000000e+00 0.000000000000000000e+00 0.000000000000000000e+00 0.000000000000000000e+00 0.000000000000000000e+00 0.000000000000000000e+00 0.000000000000000000e+00 0.000000000000000000e+00 0.000000000000000000e+00 0.000000000000000000e+00 0.000000000000000000e+00 0.000000000000000000e+00 0.000000000000000000e+00 0.000000000000000000e+00 0.000000000000000000e+00 0.000000000000000000e+00 0.000000000000000000e+00 0.000000000000000000e+00 0.000000000000000000e+00 0.000000000000000000e+00 -6.931800184967472659e-05 4.533844480572688396e-06 -4.441387493004310508e-05 -5.329429225930475800e-05 -1.064530133829252531e-06 -2.152084650961752408e-07 -1.154436264058687948e-08 0.000000000000000000e+00 0.000000000000000000e+00 0.000000000000000000e+00 0.000000000000000000e+00 0.000000000000000000e+00 0.000000000000000000e+00 0.000000000000000000e+00 0.000000000000000000e+00 0.000000000000000000e+00 0.000000000000000000e+00 0.000000000000000000e+00 0.000000000000000000e+00 0.000000000000000000e+00 0.000000000000000000e+00 0.000000000000000000e+00 0.000000000000000000e+00 0.000000000000000000e+00 0.000000000000000000e+00 0.000000000000000000e+00 0.000000000000000000e+00 0.000000000000000000e+00 0.000000000000000000e+00 0.000000000000000000e+00 0.000000000000000000e+00 0.000000000000000000e+00 0.000000000000000000e+00 0.000000000000000000e+00 0.000000000000000000e+00 0.000000000000000000e+00 0.000000000000000000e+00 0.000000000000000000e+00 0.000000000000000000e+00 0.000000000000000000e+00 0.000000000000000000e+00
7.325094317503421770e+00 -2.978696093668206757e+00 -9.025630978033047924e+00 7.273096052735359862e+00 1.845641643819825362e+01 1.044623776298762508e+01 9.416501818149383141e+00 4.610221568457957275e+00 0.000000000000000000e+00 0.000000000000000000e+00 0.000000000000000000e+00 0.000000000000000000e+00 0.000000000000000000e+00 0.000000000000000000e+00 0.000000000000000000e+00 0.000000000000000000e+00 0.000000000000000000e+00 0.000000000000000000e+00 0.000000000000000000e+00 0.000000000000000000e+00 0.000000000000000000e+00 0.000000000000000000e+00 0.000000000000000000e+00 0.000000000000000000e+00 0.000000000000000000e+00 0.000000000000000000e+00 0.000000000000000000e+00 0.000000000000000000e+00 0.000000000000000000e+00 0.000000000000000000e+00 0.000000000000000000e+00 0.000000000000000000e+00 0.000000000000000000e+00 0.000000000000000000e+00 0.000000000000000000e+00 0.000000000000000000e+00 0.000000000000000000e+00 0.000000000000000000e+00 0.000000000000000000e+00 0.000000000000000000e+00 0.000000000000000000e+00 -8.434649447612448364e-05 3.243273839732352740e-05 -5.219191215380380582e-05 -6.246037016965292742e-05 -1.399612006729221300e-06 -3.858343107019496223e-07 -2.596188272230379542e-08 1.169636795457593831e-09 0.000000000000000000e+00 0.000000000000000000e+00 0.000000000000000000e+00 0.000000000000000000e+00 0.000000000000000000e+00 0.000000000000000000e+00 0.000000000000000000e+00 0.000000000000000000e+00 0.000000000000000000e+00 0.000000000000000000e+00 0.000000000000000000e+00 0.000000000000000000e+00 0.000000000000000000e+00 0.000000000000000000e+00 0.000000000000000000e+00 0.000000000000000000e+00 0.000000000000000000e+00 0.000000000000000000e+00 0.000000000000000000e+00 0.000000000000000000e+00 0.000000000000000000e+00 0.000000000000000000e+00 0.000000000000000000e+00 0.000000000000000000e+00 0.000000000000000000e+00 0.000000000000000000e+00 0.000000000000000000e+00 0.000000000000000000e+00 0.000000000000000000e+00 0.000000000000000000e+00 0.000000000000000000e+00 0.000000000000000000e+00 0.000000000000000000e+00
6.431343260987781640e+00 -2.573415259922404719e+00 -7.992681198515203533e+00 6.294345859911847363e+00 1.630543730530256852e+01 9.484141178026217034e+00 9.435264729923741100e+00 5.346963490274351471e+00 1.475944991847528476e+00 0.000000000000000000e+00 0.000000000000000000e+00 0.000000000000000000e+00 0.000000000000000000e+00 0.000000000000000000e+00 0.000000000000000000e+00 0.000000000000000000e+00 0.000000000000000000e+00 0.000000000000000000e+00 0.000000000000000000e+00 0.000000000000000000e+00 0.000000000000000000e+00 0.000000000000000000e+00 0.000000000000000000e+00 0.000000000000000000e+00 0.000000000000000000e+00 0.000000000000000000e+00 0.000000000000000000e+00 0.000000000000000000e+00 0.000000000000000000e+00 0.000000000000000000e+00 0.000000000000000000e+00 0.000000000000000000e+00 0.000000000000000000e+00 0.000000000000000000e+00 0.000000000000000000e+00 0.000000000000000000e+00 0.000000000000000000e+00 0.000000000000000000e+00 0.000000000000000000e+00 0.000000000000000000e+00 0.000000000000000000e+00 -7.563308389715655503e-05 3.616305432597955935e-05 -4.631365207706120640e-05 -5.537917929848624777e-05 -1.281857544338982271e-06 -3.789939423152142985e-07 -2.621984491232419808e-08 1.299429686844443475e-09 -7.135236141080775196e-11 0.000000000000000000e+00 0.000000000000000000e+00 0.000000000000000000e+00 0.000000000000000000e+00 0.000000000000000000e+00 0.000000000000000000e+00 0.000000000000000000e+00 0.000000000000000000e+00 0.000000000000000000e+00 0.000000000000000000e+00 0.000000000000000000e+00 0.000000000000000000e+00 0.000000000000000000e+00 0.000000000000000000e+00 0.000000000000000000e+00 0.000000000000000000e+00 0.000000000000000000e+00 0.000000000000000000e+00 0.000000000000000000e+00 0.000000000000000000e+00 0.000000000000000000e+00 0.000000000000000000e+00 0.000000000000000000e+00 0.000000000000000000e+00 0.000000000000000000e+00 0.000000000000000000e+00 0.000000000000000000e+00 0.000000000000000000e+00 0.000000000000000000e+00 0.000000000000000000e+00 0.000000000000000000e+00 0.000000000000000000e+00
5.538265099912890399e+00 -1.887616207141908253e+00 -7.420362693849881452e+00 4.703200480155905971e+00 1.484087383460521714e+01 1.062966901643984308e+01 1.725905765857520535e+01 1.473455131136523732e+01 1.274918348270264623e+01 1.006933947233997095e+01 0.000000000000000000e+00 0.000000000000000000e+00 0.000000000000000000e+00 0.000000000000000000e+00 0.000000000000000000e+00 0.000000000000000000e+00 0.000000000000000000e+00 0.000000000000000000e+00 0.000000000000000000e+00 0.000000000000000000e+00 0.000000000000000000e+00 0.000000000000000000e+00 0.000000000000000000e+00 0.000000000000000000e+00 0.000000000000000000e+00 0.000000000000000000e+00 0.000000000000000000e+00 0.000000000000000000e+00 0.000000000000000000e+00 0.000000000000000000e+00 0.000000000000000000e+00 0.000000000000000000e+00 0.000000000000000000e+00 0.000000000000000000e+00 0.000000000000000000e+00 0.000000000000000000e+00 0.000000000000000000e+00 0.000000000000000000e+00 0.000000000000000000e+00 0.000000000000000000e+00 0.000000000000000000e+00 -5.409915373860492725e-05 8.425630924163560924e-05 -4.459944333604862215e-05 -5.279414626687327724e-05 5.827503085122087700e-07 4.764458241692350656e-06 -4.010527405423055334e-07 2.975046371551975022e-07 5.317571349257175150e-07 8.743050202006038048e-07 0.000000000000000000e+00 0.000000000000000000e+00 0.000000000000000000e+00 0.000000000000000000e+00 0.000000000000000000e+00 0.000000000000000000e+00 0.000000000000000000e+00 0.000000000000000000e+00 0.000000000000000000e+00 0.000000000000000000e+00 0.000000000000000000e+00 0.000000000000000000e+00 0.000000000000000000e+00 0.000000000000000000e+00 0.000000000000000000e+00 0.000000000000000000e+00 0.000000000000000000e+00 0.000000000000000000e+00 0.000000000000000000e+00 0.000000000000000000e+00 0.000000000000000000e+00 0.000000000000000000e+00 0.000000000000000000e+00 0.000000000000000000e+00 0.000000000000000000e+00 0.000000000000000000e+00 0.000000000000000000e+00 0.000000000000000000e+00 0.000000000000000000e+00 0.000000000000000000e+00 0.000000000000000000e+00
-6.179132403277705875e-03 2.338494034867709681e-01 -3.751230560996195451e-01 -5.120066579620025093e-01 5.602339777304483626e-01 1.743876626035198774e+00 6.408422874750794307e+00 7.070759680092174371e+00 7.978859128872941575e+00 6.990161444706060045e+00 1.175811960726646710e+01 0.000000000000000000e+00 0.000000000000000000e+00 0.000000000000000000e+00 0.000000000000000000e+00 0.000000000000000000e+00 0.000000000000000000e+00 0.000000000000000000e+00 0.000000000000000000e+00 0.000000000000000000e+00 0.000000000000000000e+00 0.000000000000000000e+00 0.000000000000000000e+00 0.000000000000000000e+00 0.000000000000000000e+00 0.000000000000000000e+00 0.000000000000000000e+00 0.000000000000000000e+00 0.000000000000000000e+00 0.000000000000000000e+00 0.000000000000000000e+00 0.000000000000000000e+00 0.000000000000000000e+00 0.000000000000000000e+00 0.000000000000000000e+00 0.000000000000000000e+00 0.000000000000000000e+00 0.000000000000000000e+00 0.000000000000000000e+00 0.000000000000000000e+00 0.000000000000000000e+00 4.661093536337381431e-05 -1.667430999297425263e-05 -1.280411385963774839e-05 -5.263297228701360827e-06 8.807919046283844804e-06 1.787459039017790657e-05 -1.440778242616502058e-05 5.875897043284590690e-07 1.699590347999161999e-06 2.917245664090970327e-06 -2.853392744692651462e-07 0.000000000000000000e+00 0.000000000000000000e+00 0.000000000000000000e+00 0.000000000000000000e+00 0.000000000000000000e+00 0.000000000000000000e+00 0.000000000000000000e+00 0.000000000000000000e+00 0.000000000000000000e+00 0.000000000000000000e+00 0.000000000000000000e+00 0.000000000000000000e+00 0.000000000000000000e+00 0.000000000000000000e+00 0.000000000000000000e+00 0.000000000000000000e+00 0.000000000000000000e+00 0.000000000000000000e+00 0.000000000000000000e+00 0.000000000000000000e+00 0.000000000000000000e+00 0.000000000000000000e+00 0.000000000000000000e+00 0.000000000000000000e+00 0.000000000000000000e+00 0.000000000000000000e+00 0.000000000000000000e+00 0.000000000000000000e+00 0.000000000000000000e+00 0.000000000000000000e+00
-3.941498389372746658e+00 2.002175420542997575e+00 4.189333822294335263e+00 -4.788205606218429722e+00 -8.918992600524052961e+00 -2.568473245801381477e+00 6.002498008519697059e+00 9.671448462018704006e+00 1.365740042248719988e+01 1.274336557032882666e+01 3.335460208423615569e+01 1.227565102339159608e+01 0.000000000000000000e+00 0.000000000000000000e+00 0.000000000000000000e+00 0.000000000000000000e+00 0.000000000000000000e+00 0.000000000000000000e+00 0.000000000000000000e+00 0.000000000000000000e+00 0.000000000000000000e+00 0.000000000000000000e+00 0.000000000000000000e+00 0.000000000000000000e+00 0.000000000000000000e+00 0.000000000000000000e+00 0.000000000000000000e+00 0.000000000000000000e+00 0.000000000000000000e+00 0.000000000000000000e+00 0.000000000000000000e+00 0.000000000000000000e+00 0.000000000000000000e+00 0.000000000000000000e+00 0.000000000000000000e+00 0.000000000000000000e+00 0.000000000000000000e+00 0.000000000000000000e+00 0.000000000000000000e+00 0.000000000000000000e+00 0.000000000000000000e+00 1.532288571196802887e-04 -1.005239702525441875e-04 -1.045687690591782983e-06 2.055723814849033486e-05 2.251291326127571323e-05 4.600252706536851337e-05 -3.236863390829284063e-05 1.127139851959458369e-06 3.900690675749164150e-06 6.515420613713794280e-06 -1.175641526370127445e-06 4.039373070513669655e-10 0.000000000000000000e+00 0.000000000000000000e+00 0.000000000000000000e+00 0.000000000000000000e+00 0.000000000000000000e+00 0.000000000000000000e+00 0.000000000000000000e+00 0.000000000000000000e+00 0.000000000000000000e+00 0.000000000000000000e+00 0.000000000000000000e+00 0.000000000000000000e+00 0.000000000000000000e+00 0.000000000000000000e+00 0.000000000000000000e+00 0.000000000000000000e+00 0.000000000000000000e+00 0.000000000000000000e+00 0.000000000000000000e+00 0.000000000000000000e+00 0.000000000000000000e+00 0.000000000000000000e+00 0.000000000000000000e+00 0.000000000000000000e+00 0.000000000000000000e+00 0.000000000000000000e+00 0.000000000000000000e+00 0.000000000000000000e+00 0.000000000000000000e+00
-2.991517611323868397e+00 1.326442362358882798e+00 3.498116416922153693e+00 -3.212068679326737897e+00 -7.249917913869028396e+00 -3.411863660298812828e+00 -7.740564387113604283e-01 1.474812637165800577e+00 3.760317789161013557e+00 3.888905818467241371e+00 1.557713469981028886e+01 9.141937217056408826e+00 1.281722673788422462e+01 0.000000000000000000e+00 0.000000000000000000e+00 0.000000000000000000e+00 0.000000000000000000e+00 0.000000000000000000e+00 0.000000000000000000e+00 0.000000000000000000e+00 0.000000000000000000e+00 0.000000000000000000e+00 0.000000000000000000e+00 0.000000000000000000e+00 0.000000000000000000e+00 0.000000000000000000e+00 0.000000000000000000e+00 0.000000000000000000e+00 0.000000000000000000e+00 0.000000000000000000e+00 0.000000000000000000e+00 0.000000000000000000e+00 0.000000000000000000e+00 0.000000000000000000e+00 0.000000000000000000e+00 0.000000000000000000e+00 0.000000000000000000e+00 0.000000000000000000e+00 0.000000000000000000e+00 0.000000000000000000e+00 0.000000000000000000e+00 6.228359814718746070e-05 -1.501547781130932006e-05 1.035689613904750877e-05 1.578773361035181789e-05 6.150609587070829928e-06 1.798728655773087506e-05 -4.456144725813919807e-06 -1.999565817827411718e-06 -3.844437362889257638e-07 5.218892413666215580e-07 -1.631203043123206523e-06 1.390432575662774867e-07 -9.645235914075349077e-08 0.000000000000000000e+00 0.000000000000000000e+00 0.000000000000000000e+00 0.000000000000000000e+00 0.000000000000000000e+00 0.000000000000000000e+00 0.000000000000000000e+00 0.000000000000000000e+00 0.000000000000000000e+00 0.000000000000000000e+00 0.000000000000000000e+00 0.000000000000000000e+00 0.000000000000000000e+00 0.000000000000000000e+00 0.000000000000000000e+00 0.000000000000000000e+00 0.000000000000000000e+00 0.000000000000000000e+00 0.000000000000000000e+00 0.000000000000000000e+00 0.000000000000000000e+00 0.000000000000000000e+00 0.000000000000000000e+00 0.000000000000000000e+00 0.000000000000000000e+00 0.000000000000000000e+00 0.000000000000000000e+00 0.000000000000000000e+00
-5.711469280671054527e+00 2.323102998756224835e+00 7.023979387908360295e+00 -5.675152177836213951e+00 -1.436420553730532035e+01 -8.100970617623426406e+00 -7.241175771965186136e+00 -3.517193838984802756e+00 5.650632446228893296e-02 1.191249520870290013e+00 1.926196152618759072e+01 1.721758643940808042e+01 3.803530288238381729e+01 1.289328734940846566e+01 0.000000000000000000e+00 0.000000000000000000e+00 0.000000000000000000e+00 0.000000000000000000e+00 0.000000000000000000e+00 0.000000000000000000e+00 0.000000000000000000e+00 0.000000000000000000e+00 0.000000000000000000e+00 0.000000000000000000e+00 0.000000000000000000e+00 0.000000000000000000e+00 0.000000000000000000e+00 0.000000000000000000e+00 0.000000000000000000e+00 0.000000000000000000e+00 0.000000000000000000e+00 0.000000000000000000e+00 0.000000000000000000e+00 0.000000000000000000e+00 0.000000000000000000e+00 0.000000000000000000e+00 0.000000000000000000e+00 0.000000000000000000e+00 0.000000000000000000e+00 0.000000000000000000e+00 0.000000000000000000e+00 6.512920148228358141e-05 6.342877672915845245e-05 3.188995528557265688e-05 2.906839489826804033e-05 1.261626790722853581e-06 1.733976774370146268e-05 1.686308133620517723e-05 -7.472883305269325940e-06 -4.932252476653651262e-06 -4.594683951342735939e-06 -4.160923430419492981e-06 1.406099214554181131e-06 -1.224130661813265138e-07 -5.983065164995564211e-09 0.000000000000000000e+00 0.000000000000000000e+00 0.000000000000000000e+00 0.000000000000000000e+00 0.000000000000000000e+00 0.000000000000000000e+00 0.000000000000000000e+00 0.000000000000000000e+00 0.000000000000000000e+00 0.000000000000000000e+00 0.000000000000000000e+00 0.000000000000000000e+00 0.000000000000000000e+00 0.000000000000000000e+00 0.000000000000000000e+00 0.000000000000000000e+00 0.000000000000000000e+00 0.000000000000000000e+00 0.000000000000000000e+00 0.000000000000000000e+00 0.000000000000000000e+00 0.000000000000000000e+00 0.000000000000000000e+00 0.000000000000000000e+00 0.000000000000000000e+00 0.000000000000000000e+00 0.000000000000000000e+00
-1.748892590536742953e+00 6.136641130592973559e-01 2.312754780917101183e+00 -1.524205735874031964e+00 -4.645070471807217771e+00 -3.225093647222211146e+00 -4.899028058913263095e+00 -4.012964349246494145e+00 -3.275055937413604124e+00 -2.513768555854289488e+00 1.105611334401557899e+00 5.183826260571853695e+00 1.788046327880978126e+01 9.785813860519782637e+00 1.323210195692167268e+01 0.000000000000000000e+00 0.000000000000000000e+00 0.000000000000000000e+00 0.000000000000000000e+00 0.000000000000000000e+00 0.000000000000000000e+00 0.000000000000000000e+00 0.000000000000000000e+00 0.000000000000000000e+00 0.000000000000000000e+00 0.000000000000000000e+00 0.000000000000000000e+00 0.000000000000000000e+00 0.000000000000000000e+00 0.000000000000000000e+00 0.000000000000000000e+00 0.000000000000000000e+00 0.000000000000000000e+00 0.000000000000000000e+00 0.000000000000000000e+00 0.000000000000000000e+00 0.000000000000000000e+00 0.000000000000000000e+00 0.000000000000000000e+00 0.000000000000000000e+00 0.000000000000000000e+00 1.248202477249944595e-05 7.229209243875695792e-05 1.383937657519242159e-05 5.042305600185094459e-06 -1.172089667305219077e-06 4.842195418874948708e-06 1.704020049278358214e-05 -6.450429779814452490e-06 -4.997647045270939259e-06 -5.177087742636102003e-06 -1.924414651989824539e-06 3.809367952668608534e-06 1.241768549830246302e-06 -8.409576413448431272e-08 1.091562464433637597e-07 0.000000000000000000e+00 0.000000000000000000e+00 0.000000000000000000e+00 0.000000000000000000e+00 0.000000000000000000e+00 0.000000000000000000e+00 0.000000000000000000e+00 0.000000000000000000e+00 0.000000000000000000e+00 0.000000000000000000e+00 0.000000000000000000e+00 0.000000000000000000e+00 0.000000000000000000e+00 0.000000000000000000e+00 0.000000000000000000e+00 0.000000000000000000e+00 0.000000000000000000e+00 0.000000000000000000e+00 0.000000000000000000e+00 0.000000000000000000e+00 0.000000000000000000e+00 0.000000000000000000e+00 0.000000000000000000e+00 0.000000000000000000e+00 0.000000000000000000e+00 0.000000000000000000e+00
-3.819217478310806269e-01 -1.411118789478667257e-01 9.616424505812822821e-01 2.687261241480994323e-01 -1.710294780779730628e+00 -2.803006527534595893e+00 -8.623498733868295574e+00 -9.143027183414313086e+00 -9.982484402284862668e+00 -8.650588924185337092e+00 -1.321996994423070859e+01 9.293692067965325654e-01 2.157608104683020045e+01 1.859561669158746611e+01 4.005823197867319152e+01 1.318524209875982223e+01 0.000000000000000000e+00 0.000000000000000000e+00 0.000000000000000000e+00 0.000000000000000000e+00 0.000000000000000000e+00 0.000000000000000000e+00 0.000000000000000000e+00 0.000000000000000000e+00 0.000000000000000000e+00 0.000000000000000000e+00 0.000000000000000000e+00 0.000000000000000000e+00 0.000000000000000000e+00 0.000000000000000000e+00 0.000000000000000000e+00 0.000000000000000000e+00 0.000000000000000000e+00 0.000000000000000000e+00 0.000000000000000000e+00 0.000000000000000000e+00 0.000000000000000000e+00 0.000000000000000000e+00 0.000000000000000000e+00 0.000000000000000000e+00 0.000000000000000000e+00 -1.050290309477641100e-05 1.571496967137197122e-04 8.639614267295784352e-06 -1.341977853160815862e-05 -2.206391325831289505e-06 2.988755615303988384e-06 3.407829628525725521e-05 -1.490373227247529675e-05 -1.172155339362041474e-05 -1.238449556521095829e-05 -2.457164446446945347e-06 1.141735554035955132e-05 4.311860716414895765e-06 1.511911898811663015e-07 5.031624130442545386e-07 3.417863221448231431e-08 0.000000000000000000e+00 0.000000000000000000e+00 0.000000000000000000e+00 0.000000000000000000e+00 0.000000000000000000e+00 0.000000000000000000e+00 0.000000000000000000e+00 0.000000000000000000e+00 0.000000000000000000e+00 0.000000000000000000e+00 0.000000000000000000e+00 0.000000000000000000e+00 0.000000000000000000e+00 0.000000000000000000e+00 0.000000000000000000e+00 0.000000000000000000e+00 0.000000000000000000e+00 0.000000000000000000e+00 0.000000000000000000e+00 0.000000000000000000e+00 0.000000000000000000e+00 0.000000000000000000e+00 0.000000000000000000e+00 0.000000000000000000e+00 0.000000000000000000e+00
1.317064685453023687e+00 -6.740993014237227632e-01 -1.389282683364891913e+00 1.611465533421838403e+00 2.961003755296229834e+00 8.102398001432452590e-01 -2.138309422302132390e+00 -3.356643938645458292e+00 -4.685284882402127593e+00 -4.359289228103078173e+00 -1.119883109799054033e+01 -3.985062671161851533e+00 4.360998410840183914e-01 5.462999538310462810e+00 1.884286695063355310e+01 1.009575147945936813e+01 1.345382784426594824e+01 0.000000000000000000e+00 0.000000000000000000e+00 0.000000000000000000e+00 0.000000000000000000e+00 0.000000000000000000e+00 0.000000000000000000e+00 0.000000000000000000e+00 0.000000000000000000e+00 0.000000000000000000e+00 0.000000000000000000e+00 0.000000000000000000e+00 0.000000000000000000e+00 0.000000000000000000e+00 0.000000000000000000e+00 0.000000000000000000e+00 0.000000000000000000e+00 0.000000000000000000e+00 0.000000000000000000e+00 0.000000000000000000e+00 0.000000000000000000e+00 0.000000000000000000e+00 0.000000000000000000e+00 0.000000000000000000e+00 0.000000000000000000e+00 -1.622986299611080827e-05 4.210679584731602678e-05 -1.055466411664684072e-05 -1.542058668588304634e-05 1.652463086951696295e-07 -7.220000419637307639e-07 7.978500335176132857e-06 -5.547014693040518074e-06 -4.911277738170455450e-06 -5.840212146271345541e-06 -6.818955215104782127e-07 6.720921450194889561e-06 2.652211670617544167e-06 1.010120380555749008e-06 3.733569153507539434e-07 -1.639124730382274845e-07 5.077419265738478853e-08 0.000000000000000000e+00 0.000000000000000000e+00 0.000000000000000000e+00 0.000000000000000000e+00 0.000000000000000000e+00 0.000000000000000000e+00 0.000000000000000000e+00 0.000000000000000000e+00 0.000000000000000000e+00 0.000000000000000000e+00 0.000000000000000000e+00 0.000000000000000000e+00 0.000000000000000000e+00 0.000000000000000000e+00 0.000000000000000000e+00 0.000000000000000000e+00 0.000000000000000000e+00 0.000000000000000000e+00 0.000000000000000000e+00 0.000000000000000000e+00 0.000000000000000000e+00 0.000000000000000000e+00 0.000000000000000000e+00 0.000000000000000000e+00
4.838118281262811848e+00 -2.138199891145606824e+00 -5.664548430322422945e+00 5.180437675315157087e+00 1.173276813884951153e+01 5.555893725520970605e+00 1.422324819672170726e+00 -2.180779578891823611e+00 -5.836004823667737540e+00 -6.070113854074006277e+00 -2.462386361955813996e+01 -1.437599194067001740e+01 -2.000791178873263121e+01 -6.505072619482565877e-02 2.374462678044834618e+01 2.094180220693423067e+01 4.534224251805757433e+01 1.500373373409638766e+01 0.000000000000000000e+00 0.000000000000000000e+00 0.000000000000000000e+00 0.000000000000000000e+00 0.000000000000000000e+00 0.000000000000000000e+00 0.000000000000000000e+00 0.000000000000000000e+00 0.000000000000000000e+00 0.000000000000000000e+00 0.000000000000000000e+00 0.000000000000000000e+00 0.000000000000000000e+00 0.000000000000000000e+00 0.000000000000000000e+00 0.000000000000000000e+00 0.000000000000000000e+00 0.000000000000000000e+00 0.000000000000000000e+00 0.000000000000000000e+00 0.000000000000000000e+00 0.000000000000000000e+00 0.000000000000000000e+00 -4.160623958278748873e-05 -2.186227132148859013e-05 -4.534308862133914494e-05 -3.901614476495214893e-05 2.202132741565762664e-06 -5.474673529422821354e-06 -6.688228656749052786e-06 -4.542531772283066316e-06 -5.852572583736700820e-06 -8.339595343915011047e-06 -2.370550358725517690e-07 1.230045399523970301e-05 5.102466608681698740e-06 4.632340614679872522e-06 1.298952432737170023e-06 -4.853349776036994072e-07 2.318555676633247352e-07 -8.069729238134593086e-08 0.000000000000000000e+00 0.000000000000000000e+00 0.000000000000000000e+00 0.000000000000000000e+00 0.000000000000000000e+00 0.000000000000000000e+00 0.000000000000000000e+00 0.000000000000000000e+00 0.000000000000000000e+00 0.000000000000000000e+00 0.000000000000000000e+00 0.000000000000000000e+00 0.000000000000000000e+00 0.000000000000000000e+00 0.000000000000000000e+00 0.000000000000000000e+00 0.000000000000000000e+00 0.000000000000000000e+00 0.000000000000000000e+00 0.000000000000000000e+00 0.000000000000000000e+00 0.000000000000000000e+00 0.000000000000000000e+00
5.481260117476955074e+00 -2.337845158718412808e+00 -6.558121553992281250e+00 5.684081614744433075e+00 1.350711582749698714e+01 6.940750245804549579e+00 3.929150291063061573e+00 6.188348458774549365e-02 -3.776294277268606336e+00 -4.399198129866945806e+00 -2.378903142436560714e+01 -1.620912369267488629e+01 -2.798039901344392888e+01 -5.026556152804253053e+00 1.571269587094445797e+01 1.974550060970465637e+01 5.032872955593259690e+01 2.065540666109213674e+01 1.422799562270852292e+01 0.000000000000000000e+00 0.000000000000000000e+00 0.000000000000000000e+00 0.000000000000000000e+00 0.000000000000000000e+00 0.000000000000000000e+00 0.000000000000000000e+00 0.000000000000000000e+00 0.000000000000000000e+00 0.000000000000000000e+00 0.000000000000000000e+00 0.000000000000000000e+00 0.000000000000000000e+00 0.000000000000000000e+00 0.000000000000000000e+00 0.000000000000000000e+00 0.000000000000000000e+00 0.000000000000000000e+00 0.000000000000000000e+00 0.000000000000000000e+00 0.000000000000000000e+00 0.000000000000000000e+00 -4.051954112136661040e-05 -6.984239774706708015e-05 -5.288706966246144490e-05 -3.976012926101883888e-05 3.310059263359268609e-06 -7.010957765031619191e-06 -1.569276386320769736e-05 -1.235812843490633871e-06 -3.250199947267344926e-06 -5.873022252171014437e-06 8.843396736676519837e-07 1.062143278433575707e-05 4.910224057220861655e-06 5.852987871624058573e-06 2.011034549234951441e-06 -3.334300171983208506e-07 4.573592921758035277e-07 -1.672526896980778151e-07 -4.766256088265842517e-10 0.000000000000000000e+00 0.000000000000000000e+00 0.000000000000000000e+00 0.000000000000000000e+00 0.000000000000000000e+00 0.000000000000000000e+00 0.000000000000000000e+00 0.000000000000000000e+00 0.000000000000000000e+00 0.000000000000000000e+00 0.000000000000000000e+00 0.000000000000000000e+00 0.000000000000000000e+00 0.000000000000000000e+00 0.000000000000000000e+00 0.000000000000000000e+00 0.000000000000000000e+00 0.000000000000000000e+00 0.000000000000000000e+00 0.000000000000000000e+00 0.000000000000000000e+00 0.000000000000000000e+00
3.046929421637178947e+00 -1.289062051649005003e+00 -3.663039014076910238e+00 3.136687181992035001e+00 7.535058917372590592e+00 3.938586952971987465e+00 2.471835110304939409e+00 3.485646221576679249e-01 -1.747592592820431445e+00 -2.138248286217575345e+00 -1.271509692978109207e+01 -9.000198862145404988e+00 -1.620868637723238592e+01 -3.404331047321551118e+00 7.357036338035393364e+00 1.048653976560139078e+01 2.784927416506505082e+01 1.193165044198591040e+01 9.657307842529101904e+00 1.980277233560174377e+00 0.000000000000000000e+00 0.000000000000000000e+00 0.000000000000000000e+00 0.000000000000000000e+00 0.000000000000000000e+00 0.000000000000000000e+00 0.000000000000000000e+00 0.000000000000000000e+00 0.000000000000000000e+00 0.000000000000000000e+00 0.000000000000000000e+00 0.000000000000000000e+00 0.000000000000000000e+00 0.000000000000000000e+00 0.000000000000000000e+00 0.000000000000000000e+00 0.000000000000000000e+00 0.000000000000000000e+00 0.000000000000000000e+00 0.000000000000000000e+00 0.000000000000000000e+00 -2.163103456611156303e-05 -4.449003457925809968e-05 -2.960874209394976880e-05 -2.154768974901027996e-05 1.979408906341338995e-06 -3.960573453467880652e-06 -9.769163424852610536e-06 -1.951345303128682643e-07 -1.381617219939958526e-06 -2.814432458516767925e-06 6.347732510964345948e-07 5.498637640130982976e-06 2.618640198565323903e-06 3.309574068572224537e-06 1.177012109196233502e-06 -1.713280556549158675e-07 2.780731725001632341e-07 -1.049869846820369052e-07 -4.937310834425470002e-09 -2.253830158800446562e-10 0.000000000000000000e+00 0.000000000000000000e+00 0.000000000000000000e+00 0.000000000000000000e+00 0.000000000000000000e+00 0.000000000000000000e+00 0.000000000000000000e+00 0.000000000000000000e+00 0.000000000000000000e+00 0.000000000000000000e+00 0.000000000000000000e+00 0.000000000000000000e+00 0.000000000000000000e+00 0.000000000000000000e+00 0.000000000000000000e+00 0.000000000000000000e+00 0.000000000000000000e+00 0.000000000000000000e+00 0.000000000000000000e+00 0.000000000000000000e+00 0.000000000000000000e+00
-3.181856369639433968e+00 1.369599032785762782e+00 3.786407805851820463e+00 -3.326922835271199030e+00 -7.809317770904587341e+00 -3.933791889007837828e+00 -1.939580299296201904e+00 3.367460847213896713e-01 2.609153268891770239e+00 2.918085475740415102e+00 1.441254508117094169e+01 9.421164550330740184e+00 1.546537831673823149e+01 2.194612523618528765e+00 -1.075315606557579251e+01 -1.204193808531274357e+01 -2.936616374184321643e+01 -1.145705555145075927e+01 -6.187797859708764392e+00 2.345939901083264001e+00 2.453552186292341730e+00 0.000000000000000000e+00 0.000000000000000000e+00 0.000000000000000000e+00 0.000000000000000000e+00 0.000000000000000000e+00 0.000000000000000000e+00 0.000000000000000000e+00 0.000000000000000000e+00 0.000000000000000000e+00 0.000000000000000000e+00 0.000000000000000000e+00 0.000000000000000000e+00 0.000000000000000000e+00 0.000000000000000000e+00 0.000000000000000000e+00 0.000000000000000000e+00 0.000000000000000000e+00 0.000000000000000000e+00 0.000000000000000000e+00 0.000000000000000000e+00 2.136050376206780898e-05 3.333920264306304256e-05 2.878257353347218609e-05 2.232595574918878637e-05 -1.784690474695765357e-06 2.692654199653101841e-06 7.346049877966997413e-06 -4.665642497405508718e-06 -3.262651524546088526e-06 -2.762914677149625440e-06 -1.351579646677791287e-06 -8.126807595220552531e-06 -6.432923712506909726e-06 -3.746944431387628951e-05 -1.081261165553835473e-05 -1.454710515348545362e-05 -2.906683367712463092e-07 -2.514859396186304493e-05 -1.475640088408690315e-05 -6.368877189244232916e-07 -4.432434621567211616e-06 0.000000000000000000e+00 0.000000000000000000e+00 0.000000000000000000e+00 0.000000000000000000e+00 0.000000000000000000e+00 0.000000000000000000e+00 0.000000000000000000e+00 0.000000000000000000e+00 0.000000000000000000e+00 0.000000000000000000e+00 0.000000000000000000e+00 0.000000000000000000e+00 0.000000000000000000e+00 0.000000000000000000e+00 0.000000000000000000e+00 0.000000000000000000e+00 0.000000000000000000e+00 0.000000000000000000e+00 0.000000000000000000e+00 0.000000000000000000e+00
2.661317021193975396e+00 -1.269004256121243568e+00 -2.939998748569976783e+00 3.054591924722256824e+00 6.203442058721226893e+00 2.322674230278438223e+00 -1.816151943258462742e+00 -4.028419379894515373e+00 -6.368188741875284720e+00 -6.095994122203408416e+00 -1.808588287495515345e+01 -8.011801811426314757e+00 -5.250127714997188555e+00 5.310057724404111390e+00 2.509492862613146968e+01 1.578709076281159973e+01 2.604669549556527386e+01 4.347288036978273595e+00 -1.515580834270006072e+01 -2.498541046883635630e+01 -1.484905875904353145e+01 1.336660133934454109e+01 0.000000000000000000e+00 0.000000000000000000e+00 0.000000000000000000e+00 0.000000000000000000e+00 0.000000000000000000e+00 0.000000000000000000e+00 0.000000000000000000e+00 0.000000000000000000e+00 0.000000000000000000e+00 0.000000000000000000e+00 0.000000000000000000e+00 0.000000000000000000e+00 0.000000000000000000e+00 0.000000000000000000e+00 0.000000000000000000e+00 0.000000000000000000e+00 0.000000000000000000e+00 0.000000000000000000e+00 0.000000000000000000e+00 -1.391672654259224801e-05 -3.041645574460276606e-06 -2.963141902391453622e-05 -3.087638013714593017e-05 9.194107525008556377e-07 -5.154165436734459843e-06 -1.791900262340054978e-05 -3.418241580901374560e-05 -3.752402800375614911e-05 -4.768020402871712293e-05 -1.358120366385176356e-05 1.865271373908136822e-06 2.794263762430706642e-06 -1.337780621400871083e-04 -7.858681561810588675e-05 -2.532997762500464618e-04 -1.179306776947943937e-05 -2.131213444383963512e-06 -6.929463896337604255e-05 -8.936403129126838443e-06 7.011494950446855847e-06 -1.338853246611636416e-05 0.000000000000000000e+00 0.000000000000000000e+00 0.000000000000000000e+00 0.000000000000000000e+00 0.000000000000000000e+00 0.000000000000000000e+00 0.000000000000000000e+00 0.000000000000000000e+00 0.000000000000000000e+00 0.000000000000000000e+00 0.000000000000000000e+00 0.000000000000000000e+00 0.000000000000000000e+00 0.000000000000000000e+00 0.000000000000000000e+00 0.000000000000000000e+00 0.000000000000000000e+00 0.000000000000000000e+00 0.000000000000000000e+00
-2.238767713098368972e+00 1.159058695890968105e+00 2.460476221586004542e+00 -2.651073684188375967e+00 -5.213193153842492045e+00 -1.727573253115525231e+00 2.510164812744751561e+00 4.507568032727280460e+00 6.701529376802937144e+00 6.299877324728959671e+00 1.729715999508037072e+01 6.828853620298468208e+00 2.020121303131666934e+00 -6.861273428110885142e+00 -2.680520057119427335e+01 -1.531518758058655116e+01 -2.276958888416208637e+01 -1.855144908457824426e+00 1.984142631154681879e+01 2.912004441972140611e+01 1.704101331647441953e+01 -1.592926138324601126e+01 3.556647182622091563e+00 0.000000000000000000e+00 0.000000000000000000e+00 0.000000000000000000e+00 0.000000000000000000e+00 0.000000000000000000e+00 0.000000000000000000e+00 0.000000000000000000e+00 0.000000000000000000e+00 0.000000000000000000e+00 0.000000000000000000e+00 0.000000000000000000e+00 0.000000000000000000e+00 0.000000000000000000e+00 0.000000000000000000e+00 0.000000000000000000e+00 0.000000000000000000e+00 0.000000000000000000e+00 0.000000000000000000e+00 -1.601698458922589524e-05 3.804626252446648420e-06 2.781977377820264033e-05 2.919252714317669564e-05 -4.332142949220723488e-06 -4.771666921180375831e-06 1.518371753062843815e-05 2.218170196133239730e-05 2.517475100317868178e-05 3.232394060260265073e-05 8.503373404174750794e-06 -1.445646945658377908e-05 -5.029561246921044476e-06 1.099053187204163503e-04 6.538330552023846956e-05 2.000282782563689722e-04 6.492552058045413507e-06 -3.767854805285588825e-06 5.913833378757464234e-05 1.420035195388944443e-06 -1.685429070342591568e-05 1.210345582981254939e-05 -9.351069575516245819e-06 0.000000000000000000e+00 0.000000000000000000e+00 0.000000000000000000e+00 0.000000000000000000e+00 0.000000000000000000e+00 0.000000000000000000e+00 0.000000000000000000e+00 0.000000000000000000e+00 0.000000000000000000e+00 0.000000000000000000e+00 0.000000000000000000e+00 0.000000000000000000e+00 0.000000000000000000e+00 0.000000000000000000e+00 0.000000000000000000e+00 0.000000000000000000e+00 0.000000000000000000e+00 0.000000000000000000e+00
-2.811120343092964102e+00 1.440013855039515178e+00 3.130868862705236566e+00 -3.282084362132712929e+00 -6.609987229781363993e+00 -2.340691108796063347e+00 2.572258068254142493e+00 5.033750552630707809e+00 7.728007372962143684e+00 7.309190315749081179e+00 2.076086952459095158e+01 8.563576888093402673e+00 3.823681170944378760e+00 -7.442800884650344173e+00 -3.104410306133742736e+01 -1.829858247418263772e+01 -2.836200742109270223e+01 -3.174689017649505729e+00 2.162598803741816766e+01 3.285918289442224705e+01 1.934127703384616837e+01 -1.784163081618062918e+01 2.632849931413439926e+00 1.684382390075399138e+00 0.000000000000000000e+00 0.000000000000000000e+00 0.000000000000000000e+00 0.000000000000000000e+00 0.000000000000000000e+00 0.000000000000000000e+00 0.000000000000000000e+00 0.000000000000000000e+00 0.000000000000000000e+00 0.000000000000000000e+00 0.000000000000000000e+00 0.000000000000000000e+00 0.000000000000000000e+00 0.000000000000000000e+00 0.000000000000000000e+00 0.000000000000000000e+00 0.000000000000000000e+00 -2.793141590007362793e-05 1.949012236188629385e-05 3.640982707253095571e-05 3.593959551891155041e-05 -6.904622156683227193e-06 -7.922734015608327851e-06 2.157783740911172276e-05 2.551264312929557931e-05 2.918442619325280215e-05 3.761057099034613785e-05 9.507846151558287107e-06 -1.916203596079475713e-05 -6.013077308211072488e-06 1.355492026619293383e-04 7.926217367317618320e-05 2.393148602233114125e-04 7.219675645351880513e-06 -1.531910541344508113e-06 7.299978577217846806e-05 8.834728047334322927e-07 -2.112601696905484780e-05 1.461219683256522084e-05 -1.252107677387819845e-05 3.487160104946595704e-09 0.000000000000000000e+00 0.000000000000000000e+00 0.000000000000000000e+00 0.000000000000000000e+00 0.000000000000000000e+00 0.000000000000000000e+00 0.000000000000000000e+00 0.000000000000000000e+00 0.000000000000000000e+00 0.000000000000000000e+00 0.000000000000000000e+00 0.000000000000000000e+00 0.000000000000000000e+00 0.000000000000000000e+00 0.000000000000000000e+00 0.000000000000000000e+00 0.000000000000000000e+00
-3.378488790821517096e+00 1.674639633765584001e+00 3.913978180182502431e+00 -3.773832973110278211e+00 -8.177972481111659420e+00 -3.439404926619249014e+00 9.760506229172486448e-01 3.764839764357184926e+00 6.782379058289558671e+00 6.590952209203857493e+00 2.145658268015138859e+01 1.024915695162254536e+01 9.279915445211155856e+00 -4.675023631574811489e+00 -2.778636595210174676e+01 -1.859231921070865212e+01 -3.323826601832825389e+01 -6.885944958033509700e+00 1.402809067254336384e+01 2.600647456285848946e+01 1.576127370026200580e+01 -1.358149225891534506e+01 -3.506704770966138085e+00 8.155046090153456717e+00 7.697660814883003688e+00 0.000000000000000000e+00 0.000000000000000000e+00 0.000000000000000000e+00 0.000000000000000000e+00 0.000000000000000000e+00 0.000000000000000000e+00 0.000000000000000000e+00 0.000000000000000000e+00 0.000000000000000000e+00 0.000000000000000000e+00 0.000000000000000000e+00 0.000000000000000000e+00 0.000000000000000000e+00 0.000000000000000000e+00 0.000000000000000000e+00 0.000000000000000000e+00 -6.192726405729754441e-05 7.676427555408909392e-05 4.929311713311716763e-05 4.074194316877437216e-05 -1.366677972641826455e-05 -1.654722004492022169e-05 3.510427020819934310e-05 2.246218816688311603e-05 2.654503138024670244e-05 3.471553223518110756e-05 7.280122931905239611e-06 -2.657517110153184711e-05 -6.098371068926407137e-06 1.543994749490362056e-04 8.513491351101004319e-05 2.451355476463037975e-04 5.310586717014071353e-06 9.907909703180811656e-06 8.337025509243341963e-05 -2.182097890237894716e-06 -2.524364061832822672e-05 1.544493792571526719e-05 -1.786417813535220306e-05 1.839150305573550304e-08 2.948338730275612551e-10 0.000000000000000000e+00 0.000000000000000000e+00 0.000000000000000000e+00 0.000000000000000000e+00 0.000000000000000000e+00 0.000000000000000000e+00 0.000000000000000000e+00 0.000000000000000000e+00 0.000000000000000000e+00 0.000000000000000000e+00 0.000000000000000000e+00 0.000000000000000000e+00 0.000000000000000000e+00 0.000000000000000000e+00 0.000000000000000000e+00 0.000000000000000000e+00
-1.901104688168220758e+00 8.675595066325229032e-01 2.404634801999808502e+00 -1.895530698485701881e+00 -4.914539166158948369e+00 -2.772472085821729326e+00 -2.276817514369290585e+00 -9.336952302256060765e-01 4.701662242705234585e-01 7.790555307182701616e-01 7.407582725032852977e+00 5.708999632959749881e+00 1.147285208477033969e+01 3.067849612274180959e+00 -2.924713002991064847e+00 -5.923110392589769901e+00 -1.756551785500573359e+01 -7.968742943422110869e+00 -8.064446787284088813e+00 -3.355558606141431977e+00 -1.114945795252747285e+00 2.845260345277736302e+00 -1.087337563343551849e+01 1.276877185356580746e+01 1.460191099231727030e+01 1.234260370412741104e+01 0.000000000000000000e+00 0.000000000000000000e+00 0.000000000000000000e+00 0.000000000000000000e+00 0.000000000000000000e+00 0.000000000000000000e+00 0.000000000000000000e+00 0.000000000000000000e+00 0.000000000000000000e+00 0.000000000000000000e+00 0.000000000000000000e+00 0.000000000000000000e+00 0.000000000000000000e+00 0.000000000000000000e+00 0.000000000000000000e+00 -7.268659250338725675e-05 1.142563361739186298e-04 3.520514370476679478e-05 1.972934994629721439e-05 -1.488492039315117946e-05 -1.870884197617637273e-05 3.199431098337536875e-05 1.808360416705872896e-06 3.658541252880755372e-06 5.659037680735139727e-06 -1.392393455580415645e-06 -1.963457839376661976e-05 -1.923875895561404786e-06 7.551850286199911569e-05 3.440439135839190588e-05 8.131199352614908171e-05 -1.500167950475340749e-06 2.126478820232892774e-05 4.111010092457470511e-05 -5.551172733563469588e-06 -1.400520920075013120e-05 5.870097753691259065e-06 -1.380856841495586335e-05 3.190577142764272622e-08 2.909632712717879630e-09 1.395948244151123745e-09 0.000000000000000000e+00 0.000000000000000000e+00 0.000000000000000000e+00 0.000000000000000000e+00 0.000000000000000000e+00 0.000000000000000000e+00 0.000000000000000000e+00 0.000000000000000000e+00 0.000000000000000000e+00 0.000000000000000000e+00 0.000000000000000000e+00 0.000000000000000000e+00 0.000000000000000000e+00 0.000000000000000000e+00 0.000000000000000000e+00
-2.686374118958201329e+00 1.095507822025451050e+00 3.750260666080353467e+00 -2.280946629671575909e+00 -7.489455466282803897e+00 -5.376751770145406617e+00 -8.143796567743885717e+00 -6.640322982212155445e+00 -5.169538219008903646e+00 -4.006780418147572576e+00 2.331711148405959388e+00 7.965324250109831361e+00 2.711022422102487894e+01 1.427131869019849475e+01 1.803304730552803292e+01 -4.535305809115399156e-01 -2.283284172317651439e+01 -1.839840525519383263e+01 -3.922375453830322556e+01 -3.611321550707450712e+01 -1.898640385402577024e+01 2.230975559499385952e+01 -3.088453658266432811e+01 3.230679377238998029e+01 3.854244882542312922e+01 3.896311321695848306e+01 1.211034069811356950e+01 0.000000000000000000e+00 0.000000000000000000e+00 0.000000000000000000e+00 0.000000000000000000e+00 0.000000000000000000e+00 0.000000000000000000e+00 0.000000000000000000e+00 0.000000000000000000e+00 0.000000000000000000e+00 0.000000000000000000e+00 0.000000000000000000e+00 0.000000000000000000e+00 0.000000000000000000e+00 0.000000000000000000e+00 -1.686676715369162742e-04 2.853260606055325541e-04 6.272148715116485085e-05 2.227988831567019956e-05 -3.355378125547607907e-05 -4.280283502308169385e-05 6.652750221780535586e-05 -1.637432013031981173e-05 -1.453779210051518206e-05 -1.624466904851136484e-05 -1.155837039035385702e-05 -3.592042637320285239e-05 -8.838336285716881577e-08 8.689413686204307296e-05 2.506655377921195729e-05 1.612284652980451247e-05 -9.947559162298228591e-06 5.739121889449535721e-05 4.795835873474531638e-05 -1.538566905985843530e-05 -1.944585069954107154e-05 3.368157888824964689e-06 -2.606687852629287907e-05 7.909424661447020388e-08 6.345785171207179170e-09 3.521681102118534165e-09 3.799179937660768225e-11 0.000000000000000000e+00 0.000000000000000000e+00 0.000000000000000000e+00 0.000000000000000000e+00 0.000000000000000000e+00 0.000000000000000000e+00 0.000000000000000000e+00 0.000000000000000000e+00 0.000000000000000000e+00 0.000000000000000000e+00 0.000000000000000000e+00 0.000000000000000000e+00 0.000000000000000000e+00 0.000000000000000000e+00
-2.422389371865057150e-01 5.338124550974847858e-03 5.910119758512093480e-01 7.935668027364128907e-02 -1.066580016880299464e+00 -1.531349677696536737e+00 -4.268052383723927257e+00 -4.415249902596080744e+00 -4.650613385728407323e+00 -4.024732727862764925e+00 -5.624860510494615440e+00 6.478070985776219759e-01 1.026952050259770211e+01 8.416329138101671603e+00 1.752013151258950785e+01 5.629396319686049921e+00 -6.564094260296595706e-01 -6.788389048150553329e+00 -2.350660601197195021e+01 -2.576397637294636311e+01 -1.420261599852241474e+01 1.513259553127883095e+01 -1.392161094204079141e+01 1.314794639861091241e+01 1.632635030040232849e+01 1.895897348575509511e+01 9.785921211841042577e+00 1.228988093781883784e+01 0.000000000000000000e+00 0.000000000000000000e+00 0.000000000000000000e+00 0.000000000000000000e+00 0.000000000000000000e+00 0.000000000000000000e+00 0.000000000000000000e+00 0.000000000000000000e+00 0.000000000000000000e+00 0.000000000000000000e+00 0.000000000000000000e+00 0.000000000000000000e+00 0.000000000000000000e+00 -6.261707476483511104e-05 1.149200251432879550e-04 1.498461406735198281e-05 -2.048498113624069514e-06 -1.204023229824568741e-05 -1.563240979330780996e-05 2.138058763441105973e-05 -1.509760215913510174e-05 -1.548557488599696611e-05 -1.889756708525736593e-05 -7.932459185428712527e-06 -9.146478489351138157e-06 1.871925761642335772e-06 -6.346362020973050063e-06 -1.462932562972516647e-05 -6.940484432526141442e-05 -6.517767336451260801e-06 2.482294796044014996e-05 -2.928353903358356304e-06 -6.801746893578957384e-06 -1.509214906774682948e-06 -3.214006588742544898e-06 -7.045726800386161434e-06 3.324705047131216312e-08 3.170828535717720306e-09 2.537328528708082262e-09 9.996712997868174855e-09 -1.688068901242040232e-11 0.000000000000000000e+00 0.000000000000000000e+00 0.000000000000000000e+00 0.000000000000000000e+00 0.000000000000000000e+00 0.000000000000000000e+00 0.000000000000000000e+00 0.000000000000000000e+00 0.000000000000000000e+00 0.000000000000000000e+00 0.000000000000000000e+00 0.000000000000000000e+00 0.000000000000000000e+00
1.881470193964986937e+00 -1.062948147285278644e+00 -1.826547494477219091e+00 2.499444903074534263e+00 4.007616075155185698e+00 4.543548942517893208e-01 -5.476946222791577945e+00 -7.424553581092340870e+00 -9.618729031999437851e+00 -8.784640784577385730e+00 -2.009454246266446376e+01 -5.803390866664552838e+00 5.763481733788819561e+00 1.255826552213510716e+01 3.765541947668467060e+01 1.826088225926577380e+01 2.044267514337656166e+01 -3.335095875730611947e+00 -3.569702500795806088e+01 -4.590623002950571419e+01 -2.621478036390405109e+01 2.588103401755567390e+01 -1.359760149745375735e+01 9.749007127008690432e+00 1.365703754264914060e+01 2.156897285638380524e+01 1.901722320526363319e+01 3.887022140511719215e+01 1.211034069801658575e+01 0.000000000000000000e+00 0.000000000000000000e+00 0.000000000000000000e+00 0.000000000000000000e+00 0.000000000000000000e+00 0.000000000000000000e+00 0.000000000000000000e+00 0.000000000000000000e+00 0.000000000000000000e+00 0.000000000000000000e+00 0.000000000000000000e+00 0.000000000000000000e+00 -3.179738834702908884e-05 8.210529091464899287e-05 -1.438683086847484392e-05 -2.838415926316407303e-05 -5.016740077827194777e-06 -7.260812631205200276e-06 2.023771353677848023e-06 -3.154826394224864890e-05 -3.459129931278337455e-05 -4.369354087593282416e-05 -1.367536097248355825e-05 6.515425457048186680e-06 6.013441423280548231e-06 -1.057458808445012457e-04 -7.098470082811088669e-05 -2.354276901676648204e-04 -1.080986858999124192e-05 2.195240305657183464e-05 -5.653203162550253703e-05 -6.347425351576088864e-06 1.439711027871885822e-05 -1.349204575915984552e-05 3.401562472177873102e-06 2.932638059802670729e-08 5.812901158683269348e-09 5.230617507049130926e-09 2.642173114954411375e-08 -1.808844957498778398e-09 5.782185711136755027e-12 0.000000000000000000e+00 0.000000000000000000e+00 0.000000000000000000e+00 0.000000000000000000e+00 0.000000000000000000e+00 0.000000000000000000e+00 0.000000000000000000e+00 0.000000000000000000e+00 0.000000000000000000e+00 0.000000000000000000e+00 0.000000000000000000e+00 0.000000000000000000e+00
1.765323929975682882e+00 -8.637810097589525560e-01 -2.075549525311676025e+00 1.937543925242193987e+00 4.319747565214671070e+00 1.923123717501610264e+00 -8.697637750696939063e-02 -1.510521634583212203e+00 -3.043957804105529519e+00 -3.006005358570981389e+00 -1.051560293815367864e+01 -5.340951321482389602e+00 -5.761696797971516126e+00 1.602279204034723126e+00 1.262582576325211292e+01 9.026926299586264690e+00 1.715267916312255281e+01 4.184198365024655253e+00 -4.989962408033840724e+00 -1.094163434506084265e+01 -6.764744698624794772e+00 5.551681852878229684e+00 3.139662729203904323e+00 -5.464390739455326162e+00 -5.531885987839240570e+00 -1.810243374831522090e+00 5.436354314745795335e+00 1.893741532279496198e+01 9.785921203218642006e+00 1.228988093785012481e+01 0.000000000000000000e+00 0.000000000000000000e+00 0.000000000000000000e+00 0.000000000000000000e+00 0.000000000000000000e+00 0.000000000000000000e+00 0.000000000000000000e+00 0.000000000000000000e+00 0.000000000000000000e+00 0.000000000000000000e+00 0.000000000000000000e+00 3.779498709577952878e-05 -4.991375970447028634e-05 -2.694701562583334481e-05 -2.099158267050921242e-05 8.196801029402124919e-06 1.001627006975893547e-05 -2.001365127565616665e-05 -1.036713648480962206e-05 -1.241722023462418262e-05 -1.633199055460282309e-05 -3.075198569505192054e-06 1.443486733748310106e-05 2.950151143613511099e-06 -7.892827060264578747e-05 -4.249899314100733151e-05 -1.198158101427509434e-04 -2.125742037771679790e-06 -7.456378949607238834e-06 -4.270885788513404372e-05 1.764128852222747245e-06 1.315118957067066591e-05 -7.630124187503603203e-06 9.898084558061662555e-06 -1.168337684085730800e-08 -3.154560759745933529e-10 -6.112664085837493655e-11 7.402315116119064514e-09 -1.340638347948133539e-09 -1.010483201020068038e-10 -1.237345729349081733e-12 0.000000000000000000e+00 0.000000000000000000e+00 0.000000000000000000e+00 0.000000000000000000e+00 0.000000000000000000e+00 0.000000000000000000e+00 0.000000000000000000e+00 0.000000000000000000e+00 0.000000000000000000e+00 0.000000000000000000e+00 0.000000000000000000e+00
3.729495443622024009e+00 -1.684627882510636221e+00 -4.764457913883457074e+00 3.665493954226419326e+00 9.713181103652956949e+00 5.633742607584807160e+00 5.119036625760252868e+00 2.535723290443347100e+00 -1.521629485742246601e-01 -8.536902702827242617e-01 -1.346136869603345332e+01 -1.117489685501380592e+01 -2.390189353126223182e+01 -7.305874504281156590e+00 2.831537114240139985e+00 1.055894269167870192e+01 3.411145030736714290e+01 1.652222483515098261e+01 1.939481329113750263e+01 1.063008950273462716e+01 4.436545792359358309e+00 -7.944389924664032598e+00 2.332953067105683331e+01 -2.688959519219266880e+01 -3.095409883592689226e+01 -2.697976752174398740e+01 -1.545633730572377962e+00 2.159232448315884056e+01 1.901722317810512308e+01 3.887022141923866769e+01 1.211034069800463975e+01 0.000000000000000000e+00 0.000000000000000000e+00 0.000000000000000000e+00 0.000000000000000000e+00 0.000000000000000000e+00 0.000000000000000000e+00 0.000000000000000000e+00 0.000000000000000000e+00 0.000000000000000000e+00 0.000000000000000000e+00 1.508705339315925126e-04 -2.388469153903095561e-04 -7.098913936342491487e-05 -3.836926846395322804e-05 3.084337052525632644e-05 3.881539751074414291e-05 -6.528775617733236641e-05 -1.620327908847564235e-06 -5.110844091145948231e-06 -8.513480716297421036e-06 3.782688284782384079e-06 3.927262861159845631e-05 3.406319006699596717e-06 -1.454463668671942059e-04 -6.446386782395837484e-05 -1.469258979400461101e-04 3.931069171895194836e-06 -4.520718970609654430e-05 -7.936124760284622714e-05 1.183832217639072506e-05 2.741133241343420368e-05 -1.083733369700284024e-05 2.795590728311633460e-05 -6.567632451336818944e-08 -6.897035568532993438e-09 -5.150152765191761411e-09 3.185608244207771142e-09 -6.411158496449908060e-10 2.826279249697194049e-09 -2.050144993007152213e-10 -3.528535970354074180e-11 0.000000000000000000e+00 0.000000000000000000e+00 0.000000000000000000e+00 0.000000000000000000e+00 0.000000000000000000e+00 0.000000000000000000e+00 0.000000000000000000e+00 0.000000000000000000e+00 0.000000000000000000e+00 0.000000000000000000e+00
2.114035516846011653e+00 -9.375029957082668952e-01 -2.748079043144620481e+00 2.024498484660050224e+00 5.579190007840543863e+00 3.389225505540900851e+00 3.562189211871508387e+00 2.150525012264418390e+00 6.954955708002836801e-01 2.004817514864197514e-01 -6.540987843540348123e+00 -6.321304369291823377e+00 -1.500935212490483472e+01 -5.471418082123586046e+00 -1.358391925733395622e+00 4.928686905913582272e+00 1.907704008165912768e+01 1.032242867496084315e+01 1.471678256031871967e+01 1.022110310871792116e+01 4.842974222191159583e+00 -6.948927112942131501e+00 1.530079365283482495e+01 -1.715069716777664155e+01 -1.994250425434232810e+01 -1.817374701492231992e+01 -2.497798053166660814e+00 9.946446666295244654e+00 1.057268831509910711e+01 2.363776992447295910e+01 8.371461844334548985e+00 3.184615571938874901e+00 0.000000000000000000e+00 0.000000000000000000e+00 0.000000000000000000e+00 0.000000000000000000e+00 0.000000000000000000e+00 0.000000000000000000e+00 0.000000000000000000e+00 0.000000000000000000e+00 0.000000000000000000e+00 9.437904346118549564e-05 -1.520417604723668312e-04 -4.202512609690613551e-05 -2.101946812676884152e-05 1.918772430845689866e-05 2.421654577442009315e-05 -3.989927830673218462e-05 1.576272281916725953e-06 -2.965212480394129047e-07 -1.622960658009472767e-06 3.408859465862077852e-06 2.333122394013089151e-05 1.572893139518971372e-06 -7.983101802901864177e-05 -3.339780612710094992e-05 -7.010005789682754659e-05 3.267760137460294221e-06 -2.936931806286251231e-05 -4.365632427230040096e-05 7.699519566025953693e-06 1.544542463084675951e-05 -5.534579543796379882e-06 1.669313268073523843e-05 -9.076792458926825966e-08 -4.535238287348141610e-08 -2.543216695181579559e-08 -2.571591756813512377e-08 -1.389475557181385283e-09 -5.168061887727420260e-08 -2.539242145542519260e-08 -7.848982016634212244e-08 -3.660694794169194330e-09 0.000000000000000000e+00 0.000000000000000000e+00 0.000000000000000000e+00 0.000000000000000000e+00 0.000000000000000000e+00 0.000000000000000000e+00 0.000000000000000000e+00 0.000000000000000000e+00 0.000000000000000000e+00
2.190976572912147535e+00 -9.530283880016876541e-01 -2.898652219378464068e+00 2.041331641335677460e+00 5.860488057241290072e+00 3.721518989038803849e+00 4.396756038484423534e+00 2.989944830003105292e+00 1.555157311698407208e+00 9.382258891842858439e-01 -5.616201638276543839e+00 -6.537216267573485062e+00 -1.711422302891923763e+01 -7.090156932272969392e+00 -4.571408632087814894e+00 3.979687380695029031e+00 1.949334630833450532e+01 1.171890366374271331e+01 1.922582447149344631e+01 1.507121149558725115e+01 7.504271600050573809e+00 -9.812336498263263707e+00 1.807399815438146717e+01 -1.981186913324600596e+01 -2.322595348874972032e+01 -2.190929290896129089e+01 -4.319160571172841578e+00 7.862020158700466332e+00 1.073682113066914923e+01 2.621079028615378803e+01 1.028417566224901236e+01 6.698641828464602099e+00 1.926141569456666147e+00 0.000000000000000000e+00 0.000000000000000000e+00 0.000000000000000000e+00 0.000000000000000000e+00 0.000000000000000000e+00 0.000000000000000000e+00 0.000000000000000000e+00 0.000000000000000000e+00 1.072616775862336242e-04 -1.753252477565609465e-04 -4.545610859561180511e-05 -2.100682899386449942e-05 2.170126456194163356e-05 2.745757422698089445e-05 -4.442982572968418395e-05 4.295791530112801071e-06 2.468003019561858941e-06 1.736056338562299222e-06 4.883325854961300533e-06 2.531926160837535974e-05 1.246772281769670254e-06 -7.994767268045205669e-05 -3.125836007947854073e-05 -5.857695885692990062e-05 4.495386102753261282e-06 -3.443787281981035980e-05 -4.382630015056223157e-05 9.034397736211799423e-06 1.590598685478460811e-05 -5.088485247040346743e-06 1.820320479366168559e-05 -1.548451877787446196e-07 -9.457968127212985974e-08 -5.254702651735081891e-08 -5.837357778138568158e-08 -2.122828551397865082e-09 -1.125429393775134602e-07 -5.518111195843693921e-08 -1.723584247331419196e-07 -8.006807294003853714e-09 1.009663273127126004e-12 0.000000000000000000e+00 0.000000000000000000e+00 0.000000000000000000e+00 0.000000000000000000e+00 0.000000000000000000e+00 0.000000000000000000e+00 0.000000000000000000e+00 0.000000000000000000e+00
1.297504811089892129e+00 -5.505335657285672646e-01 -1.754370808405054438e+00 1.166477010078961651e+00 3.529122069841524212e+00 2.359880842200331674e+00 3.129959545853852720e+00 2.338748459434732752e+00 1.543673774758824502e+00 1.100756374641102653e+00 -2.458229087237040034e+00 -3.861302309955861656e+00 -1.129960711411534291e+01 -5.258419835741695358e+00 -5.066124154241479438e+00 1.516704759101675126e+00 1.134178390965915639e+01 7.703362520421632276e+00 1.435131056417909434e+01 1.226657746628669798e+01 6.298067555286811725e+00 -7.758557598689605150e+00 1.235770706960926191e+01 -1.325290292516915969e+01 -1.566342618186871150e+01 -1.526961467659842953e+01 -3.850262611117272193e+00 2.827634226948553486e+00 6.192710651114055054e+00 1.679962697937783034e+01 7.290932943666097010e+00 6.505314167166326378e+00 2.579633642159818496e+00 1.491509933694469048e+00 0.000000000000000000e+00 0.000000000000000000e+00 0.000000000000000000e+00 0.000000000000000000e+00 0.000000000000000000e+00 0.000000000000000000e+00 0.000000000000000000e+00 7.059149213455950637e-05 -1.171427743584698946e-04 -2.835101333927870720e-05 -1.185703736326167161e-05 1.421724578343219578e-05 1.803145784201316652e-05 -2.863246206224870889e-05 4.529293349338388286e-06 3.530249507164347482e-06 3.575841142964110354e-06 3.893743490070329660e-06 1.581934273517122264e-05 4.480267143337681055e-07 -4.527421063917069099e-05 -1.601081676974266434e-05 -2.423472022629953427e-05 3.472273534779919256e-06 -2.343989164956460794e-05 -2.490138301382781487e-05 6.102780620128232996e-06 9.276878531582887638e-06 -2.575809716616559580e-06 1.140482010724254602e-05 -1.927000198949021816e-07 -1.314730740725397751e-07 -6.178496028599184120e-08 -5.915658723510199728e-08 -1.020136395062792690e-08 -2.044618570588504782e-07 -7.778400116392227004e-08 -2.046416245553121529e-07 -8.122726802154214831e-09 -7.340042609089643960e-09 -2.560459982058060499e-09 0.000000000000000000e+00 0.000000000000000000e+00 0.000000000000000000e+00 0.000000000000000000e+00 0.000000000000000000e+00 0.000000000000000000e+00 0.000000000000000000e+00
6.984175823232958713e-01 -2.337258463538015030e-01 -1.111258629638411710e+00 4.390257183055061296e-01 2.158527563182389919e+00 1.963442830893651569e+00 4.027429213076421988e+00 3.789039143204431248e+00 3.606212733536608539e+00 3.021945447902363746e+00 2.549137598862309950e+00 -2.030854817743048546e+00 -1.126488678659443288e+01 -7.550909620006176937e+00 -1.324178620720879884e+01 -2.929116170978002476e+00 5.195373394916147802e+00 7.546659171846583192e+00 2.094151907105797150e+01 2.149778809461449214e+01 1.165547975717174189e+01 -1.285662153235898586e+01 1.401805799976959754e+01 -1.389887517265036720e+01 -1.692820015982217896e+01 -1.844165442171641089e+01 -7.839803350070454258e+00 -6.654012228365091097e+00 2.579832336889472000e+00 1.471575734393465318e+01 9.274082289739524754e+00 1.483081949632956231e+01 7.813304778791367866e+00 7.464714961026080786e+00 3.947060507427927245e+00 0.000000000000000000e+00 0.000000000000000000e+00 0.000000000000000000e+00 0.000000000000000000e+00 0.000000000000000000e+00 0.000000000000000000e+00 7.407230990142017746e-05 -1.218492865614139532e-04 -1.915023868038416392e-05 -1.661956519399733972e-06 1.366856365505458690e-05 1.940592800114739752e-05 -2.406188188421812612e-05 1.959578541167500583e-05 1.864302498388501449e-05 2.200465979947715056e-05 7.561263325395671724e-06 1.693320653779663981e-05 5.691763840841647922e-06 3.677438884888716876e-05 1.362789405859343027e-05 4.502511976740819331e-05 6.701259261854187868e-06 2.488725302026588955e-05 1.195664416745747045e-05 1.095514545575095037e-05 2.050581207859911680e-05 2.671217776595464716e-05 1.559750442884744008e-05 2.336350650366191177e-05 2.407084766630081433e-05 2.241533658109396047e-05 5.639300213323809196e-05 1.546384092825092493e-06 1.091981450534605662e-05 1.582554536770858569e-05 8.723921844525169727e-05 1.200735884622472845e-05 1.286937760473631097e-05 5.731745969777407579e-07 5.222818462029308661e-06 0.000000000000000000e+00 0.000000000000000000e+00 0.000000000000000000e+00 0.000000000000000000e+00 0.000000000000000000e+00 0.000000000000000000e+00
-5.647737841743654119e-01 3.244782233231550683e-01 5.360084175404311591e-01 -7.646362286213196358e-01 -1.183083280459607645e+00 -8.346782320113625697e-02 1.825677719792213383e+00 2.424879981307170862e+00 3.103930301394800750e+00 2.826196592388271700e+00 6.336636163422481260e+00 1.743549646309735524e+00 -2.138440860258250975e+00 -4.135535895442401078e+00 -1.209986500142407628e+01 -5.753441851419443864e+00 -6.163638774435820977e+00 1.277556457929964751e+00 1.174098918504889788e+01 1.492961423892831263e+01 8.505537585007296286e+00 -8.435322607882641321e+00 4.648150815880644160e+00 -3.441637693248866814e+00 -4.749530456548511026e+00 -7.267820160971464993e+00 -6.171645132489420149e+00 -1.235133323489153589e+01 -3.717189156393073901e+00 4.138586348138001414e-01 4.107713104568463613e+00 1.258365474166331843e+01 7.618516374120648749e+00 8.414148674701838360e+00 5.369455529716942621e+00 4.606303067156428455e+00 0.000000000000000000e+00 0.000000000000000000e+00 0.000000000000000000e+00 0.000000000000000000e+00 0.000000000000000000e+00 -2.057628975296160170e-05 -5.907236095291004398e-05 3.534939344499154210e-05 4.076532246210124453e-05 4.761146881581540796e-06 -1.098739991557581368e-05 -3.999000383545897033e-05 7.941229259939073908e-05 8.325197377775227388e-05 9.616515715333470965e-05 3.286126710998080397e-05 -2.395232040899657631e-05 -4.258922274447958745e-05 3.279067098280402477e-07 2.791096225837716533e-05 2.118591976488955469e-04 1.279206217423670177e-04 3.580706426068956932e-04 1.128961102971466445e-04 -1.983265422034066825e-04 -2.716828730812875293e-04 -2.033424171666742980e-04 2.334151659895275976e-04 3.239679648905027126e-04 3.006566491794220269e-04 2.261929107053348533e-04 2.883246711508528426e-04 -2.947096271347173735e-05 -2.670103164234248765e-04 -1.759436071877047844e-04 -2.038591246864424869e-04 -6.923804253898384071e-05 -2.708846083539575523e-05 7.009456731677746035e-06 8.313419320777372119e-05 1.941354509434219371e-05 0.000000000000000000e+00 0.000000000000000000e+00 0.000000000000000000e+00 0.000000000000000000e+00 0.000000000000000000e+00
-9.955410613327713154e-01 5.226906999058161807e-01 1.068689859807157028e+00 -1.204612486682123063e+00 -2.278073365591388288e+00 -6.693925989895290751e-01 1.444525537540670479e+00 2.356976457051652485e+00 3.364427020272569013e+00 3.137728470253081436e+00 8.219836608880882522e+00 3.031899493821467395e+00 1.500558987338891925e-01 -3.711033971454306357e+00 -1.334669419069878060e+01 -7.297248093156686544e+00 -1.016090523262782241e+01 -3.248333237187223665e-01 1.066808453560875769e+01 1.500702917229483013e+01 8.715989889445738825e+00 -8.282086027080493906e+00 2.615793404046190318e+00 -9.530969578366326189e-01 -1.945281400359216262e+00 -5.063727364446441115e+00 -6.487197608239497981e+00 -1.550995892184345237e+01 -5.949479701443303625e+00 -3.533882436106899227e+00 3.183193774025150802e+00 1.354960442229794459e+01 8.529412618239998523e+00 9.745925345865062539e+00 6.447745337301014956e+00 6.478587016798938336e+00 1.288630607711974463e+00 0.000000000000000000e+00 0.000000000000000000e+00 0.000000000000000000e+00 0.000000000000000000e+00 -3.356623582667747803e-05 -3.652385225620809975e-05 4.309349316225388158e-05 4.593752286454811008e-05 3.388143035243048218e-06 -1.294741567783733349e-05 -3.572366658537813253e-05 8.230541202804164160e-05 8.768333368848998716e-05 1.021386347586683471e-04 3.423008173600533641e-05 -3.038531259928918459e-05 -4.341830070998743181e-05 3.560256013341710907e-05 4.674559509008218583e-05 2.653511913540721693e-04 1.470995115693512611e-04 4.142238510878393861e-04 1.305472287380321592e-04 -2.269101103997435539e-04 -3.072652307987451667e-04 -2.218367615501554786e-04 2.646745090944483542e-04 3.718184380140299367e-04 3.449854847542484248e-04 2.592246158840508545e-04 3.337001845371388047e-04 -3.426710664998315874e-05 -2.992628209037308511e-04 -1.948134694469867429e-04 -2.094517234639840439e-04 -7.493314509096897936e-05 -2.709120214199424976e-05 8.166842093069418169e-06 9.434821668030602055e-05 2.181779439324468836e-05 3.387574207556814161e-06 0.000000000000000000e+00 0.000000000000000000e+00 0.000000000000000000e+00 0.000000000000000000e+00
-1.461891521303537500e+00 7.283019873565037550e-01 1.655457678969975976e+00 -1.663760158635344100e+00 -3.480033724156631258e+00 -1.360247036136843279e+00 8.251739055968556613e-01 2.056830669079298790e+00 3.391022513494435398e+00 3.251928756027324230e+00 9.883660357462174417e+00 4.411599464950222149e+00 3.074423880686074195e+00 -2.826957363550624880e+00 -1.372889681515393967e+01 -8.619810367178594390e+00 -1.437275478651155503e+01 -2.360988963185758127e+00 8.304647104018012982e+00 1.371970202124873417e+01 8.180803894649216090e+00 -7.324038492261435884e+00 -2.335114074474838874e-01 2.320957630483542200e+00 1.826671543600799863e+00 -1.764210822079625984e+00 -6.276465519012546679e+00 -1.808194987542539067e+01 -8.242039047294351661e+00 -8.250211322732210917e+00 1.698684900391022046e+00 1.350176545569935804e+01 8.886844727231071772e+00 1.052667451925575826e+01 7.216682034980665073e+00 8.260819963745072769e+00 2.815826901586892195e+00 1.649353013944109936e+00 0.000000000000000000e+00 0.000000000000000000e+00 0.000000000000000000e+00 -2.251060420626281770e-05 8.387607350611751486e-06 3.113512532713328014e-05 3.201631236602470176e-05 7.630459181580352343e-06 2.936472733808953149e-06 -1.811911033334384115e-05 4.422166223429137305e-05 5.485942177689116811e-05 6.840878635994617971e-05 3.236755372393643714e-05 7.105605310414076489e-06 1.010218207778959196e-06 1.711447821765995313e-04 1.033834569744206073e-04 3.291268328120783120e-04 1.341390547994632775e-04 3.405445975017926965e-04 8.169328494589205535e-05 -2.005612302483690968e-04 -2.522784717362406594e-04 -1.463770646244189327e-04 2.299431864236306598e-04 3.224466081802894370e-04 2.972807565701062870e-04 2.183823133314549767e-04 2.850618065517807401e-04 -3.708555502621169175e-05 -2.371815334730592573e-04 -1.412405265965486437e-04 -8.207923546968377490e-05 -4.395130146804602215e-05 -3.289139652914302013e-06 8.942132408482463338e-06 7.484266662633690809e-05 1.460215956261339859e-05 1.171979292923668735e-05 -4.659601697543091396e-08 0.000000000000000000e+00 0.000000000000000000e+00 0.000000000000000000e+00
-1.133029915791545550e+00 5.355549333390907663e-01 1.331847994592215922e+00 -1.222623853689241313e+00 -2.774762436533595000e+00 -1.286692809530193937e+00 -1.779791782287647450e-01 7.043543003872978492e-01 1.638211812231952891e+00 1.654889292957225866e+00 6.241303390774783466e+00 3.381358908882598602e+00 4.172719669971174383e+00 -5.266385242540206901e-01 -6.891692882727298297e+00 -5.339178607237693441e+00 -1.075831898284957333e+01 -3.022594029241560065e+00 1.748355017045459814e+00 5.317856675684310197e+00 3.386715082888883899e+00 -2.593054592549205672e+00 -2.751150599912044914e+00 4.125982609417019553e+00 4.354455057264406292e+00 2.225853240729685378e+00 -2.760359711861811061e+00 -1.089735155525042387e+01 -6.005118068263734621e+00 -8.254619707214253310e+00 -5.756612458302521329e-01 6.313019282029599388e+00 4.515649079485805295e+00 5.680056216770683619e+00 4.110632888528042095e+00 5.541470605237882374e+00 2.741420595542637617e+00 2.305468354172849121e+00 1.528970102894020133e+00 0.000000000000000000e+00 0.000000000000000000e+00 -1.065905388787451520e-05 4.852271328267538357e-05 7.550396831194904609e-06 5.289129540836074783e-06 3.069419835622721949e-06 6.501800583791653348e-06 1.124755781811400024e-05 -8.727509943987901350e-06 -1.519024246936662641e-06 2.567592271202111601e-06 -2.563915331671266784e-06 -3.183435355060514060e-05 -2.842122910173653781e-06 1.254568390397314912e-04 8.129892151604060577e-05 2.342202990754480181e-04 9.223080491409261573e-05 2.082704426312837951e-04 4.085655438236046946e-05 -1.288710208012034449e-04 -1.597889384488140017e-04 -9.117600546291298178e-05 1.474241261104633841e-04 2.037163596918056634e-04 1.860983106934902150e-04 1.329617249282285737e-04 1.647422721399733735e-04 -2.709091766631772759e-05 -1.499363682486870054e-04 -8.784089818779327837e-05 -5.001097013861707466e-05 -2.471358663910403633e-05 2.228275712139486317e-06 7.302369939201496504e-06 4.461885092220959861e-05 5.746084309049807728e-06 1.745014748747840887e-06 2.279565098018071848e-06 5.827730892939185003e-06 0.000000000000000000e+00 0.000000000000000000e+00
-1.813943328480427164e+00 7.610317210443366953e-01 2.290138422068310309e+00 -1.737848786842178805e+00 -4.693821509083917931e+00 -2.820102321886326813e+00 -2.966011214055021661e+00 -1.791937908820266934e+00 -6.287434822016259028e-01 -1.929681650535049753e-01 5.323303220942124270e+00 5.284357124786804860e+00 1.254552486223519558e+01 4.618869305393677571e+00 1.279147842885801856e+00 -4.139754278919729913e+00 -1.595715653587484262e+01 -8.751140321108165310e+00 -1.259202663296785296e+01 -8.944746322675031891e+00 -4.280395853253312843e+00 5.972695379206668598e+00 -1.283300632095778226e+01 1.422972251643098751e+01 1.660264134809033010e+01 1.535261705985302072e+01 2.501189442271631869e+00 -7.166874865604499156e+00 -8.332317465282285340e+00 -1.928999673658563196e+01 -7.132427587116873191e+00 -3.550452672339127869e+00 -5.778359592634650932e-01 9.317814287657516514e-01 1.695951889286505976e+00 6.021947770405934541e+00 6.213500893956762638e+00 7.054453505889027198e+00 7.462259364882970480e+00 3.891211182608254049e+00 0.000000000000000000e+00 9.779433388578619884e-05 2.363253843133813418e-04 -1.018534154505765444e-04 -1.063539296290282602e-04 3.237783920096923285e-05 1.024089256267384510e-04 9.848969948519739647e-05 -2.624797915259588499e-04 -2.305484172765870788e-04 -2.420112032758443561e-04 -3.661205253899235679e-05 1.538501069245487227e-04 2.243661995939265775e-04 6.637031844036396814e-04 3.138260831270830303e-04 3.939124417683082468e-04 -1.702362431251804031e-05 -3.931135553501352380e-04 -3.198695048851202261e-04 7.205916106867160664e-05 2.014680130704845577e-04 3.146530901012700027e-04 -1.096722960440121023e-04 -1.998125437650084206e-04 -2.028500782955523849e-04 -1.940147682105447947e-04 -2.863742015849239306e-04 -3.541922501820726765e-05 2.408453339867132066e-04 2.199135207161910250e-04 5.213461516635027257e-04 1.382305457326826054e-04 1.133134609038709137e-04 8.925505565757566040e-06 -9.365655386916071250e-05 -4.012412149225191155e-05 1.747433733898916958e-05 1.698824795572616286e-05 1.733206625366846138e-05 -3.477005748478510100e-05 0.000000000000000000e+00
-1.471623863391832820e+00 5.905907877583432830e-01 1.901351778701829920e+00 -1.349254347742488536e+00 -3.877251100697846731e+00 -2.497700345765776930e+00 -3.146986470415062520e+00 -2.260511907023276201e+00 -1.408894426189089000e+00 -9.422354053232673277e-01 3.027336806275423342e+00 4.251243735293092740e+00 1.179865166400463750e+01 5.256803149948318321e+00 4.440694247105924752e+00 -2.140695121352235386e+00 -1.259673476086061683e+01 -8.181558513064469906e+00 -1.447034199748502736e+01 -1.208303220912249643e+01 -6.154831494701564765e+00 7.643934943742105581e+00 -1.274005125207867195e+01 1.365000136012945653e+01 1.612992377285234724e+01 1.571360425460434307e+01 3.944164912376897814e+00 -2.966025785469065035e+00 -6.402100906360060684e+00 -1.732455224118273662e+01 -7.503363230962564856e+00 -6.660244234643361239e+00 -2.630042076821775154e+00 -1.504016792416371429e+00 2.285248226111224676e-02 4.094383361649522435e+00 5.543833366240972005e+00 6.651847403980490903e+00 7.439658473258909055e+00 4.232865285940786926e+00 1.724999999999998312e+00 7.425911634331748903e-05 2.284593879567776542e-04 -9.093091202287639470e-05 -9.839140443281553896e-05 1.879664674776793110e-05 7.685876464620395448e-05 1.043011036208889856e-04 -2.401046623947289827e-04 -2.182847659259177272e-04 -2.341584488834606923e-04 -6.439691265723275840e-05 4.357449091358039597e-05 1.455046604837101180e-04 4.658608921924975769e-04 2.315883062075740461e-04 2.894871191502432217e-04 -6.721265980846185247e-06 -2.945301508746104267e-04 -2.375704518295363137e-04 5.701887947662545949e-05 1.504619504875503826e-04 2.229931178742588268e-04 -8.307209904776650976e-05 -1.519273806139718151e-04 -1.553225341556887032e-04 -1.502432505053811866e-04 -2.320890073550553330e-04 -2.705721247639284949e-05 1.770122632279986618e-04 1.586798032313335542e-04 3.591933823903565768e-04 9.985640651757452695e-05 8.234184025813010011e-05 7.769881438279054725e-06 -7.121880006306230415e-05 -3.260728985947499922e-05 3.763028366828794206e-06 1.364306391791287637e-05 1.956408788634676418e-05 -2.176639026218443054e-05 0.000000000000000000e+00
-1.680841960977465244e-02 0.000000000000000000e+00 0.000000000000000000e+00 0.000000000000000000e+00 0.000000000000000000e+00 0.000000000000000000e+00 0.000000000000000000e+00 0.000000000000000000e+00 0.000000000000000000e+00 0.000000000000000000e+00 0.000000000000000000e+00 0.000000000000000000e+00 0.000000000000000000e+00 0.000000000000000000e+00 0.000000000000000000e+00 0.000000000000000000e+00 0.000000000000000000e+00 0.000000000000000000e+00 0.000000000000000000e+00 0.000000000000000000e+00 0.000000000000000000e+00 0.000000000000000000e+00 0.000000000000000000e+00 0.000000000000000000e+00 0.000000000000000000e+00 0.000000000000000000e+00 0.000000000000000000e+00 0.000000000000000000e+00 0.000000000000000000e+00 0.000000000000000000e+00 0.000000000000000000e+00 0.000000000000000000e+00 0.000000000000000000e+00 0.000000000000000000e+00 0.000000000000000000e+00 0.000000000000000000e+00 0.000000000000000000e+00 0.000000000000000000e+00 0.000000000000000000e+00 0.000000000000000000e+00 0.000000000000000000e+00 5.700355161013728633e+00 0.000000000000000000e+00 0.000000000000000000e+00 0.000000000000000000e+00 0.000000000000000000e+00 0.000000000000000000e+00 0.000000000000000000e+00 0.000000000000000000e+00 0.000000000000000000e+00 0.000000000000000000e+00 0.000000000000000000e+00 0.000000000000000000e+00 0.000000000000000000e+00 0.000000000000000000e+00 0.000000000000000000e+00 0.000000000000000000e+00 0.000000000000000000e+00 0.000000000000000000e+00 0.000000000000000000e+00 0.000000000000000000e+00 0.000000000000000000e+00 0.000000000000000000e+00 0.000000000000000000e+00 0.000000000000000000e+00 0.000000000000000000e+00 0.000000000000000000e+00 0.000000000000000000e+00 0.000000000000000000e+00 0.000000000000000000e+00 0.000000000000000000e+00 0.000000000000000000e+00 0.000000000000000000e+00 0.000000000000000000e+00 0.000000000000000000e+00 0.000000000000000000e+00 0.000000000000000000e+00 0.000000000000000000e+00 0.000000000000000000e+00 0.000000000000000000e+00 0.000000000000000000e+00 0.000000000000000000e+00
4.421898578550878707e-03 -1.819196420092231115e-09 0.000000000000000000e+00 0.000000000000000000e+00 0.000000000000000000e+00 0.000000000000000000e+00 0.000000000000000000e+00 0.000000000000000000e+00 0.000000000000000000e+00 0.000000000000000000e+00 0.000000000000000000e+00 0.000000000000000000e+00 0.000000000000000000e+00 0.000000000000000000e+00 0.000000000000000000e+00 0.000000000000000000e+00 0.000000000000000000e+00 0.000000000000000000e+00 0.000000000000000000e+00 0.000000000000000000e+00 0.000000000000000000e+00 0.000000000000000000e+00 0.000000000000000000e+00 0.000000000000000000e+00 0.000000000000000000e+00 0.000000000000000000e+00 0.000000000000000000e+00 0.000000000000000000e+00 0.000000000000000000e+00 0.000000000000000000e+00 0.000000000000000000e+00 0.000000000000000000e+00 0.000000000000000000e+00 0.000000000000000000e+00 0.000000000000000000e+00 0.000000000000000000e+00 0.000000000000000000e+00 0.000000000000000000e+00 0.000000000000000000e+00 0.000000000000000000e+00 0.000000000000000000e+00 -5.651186474242965163e-01 3.467242404035674408e+00 0.000000000000000000e+00 0.000000000000000000e+00 0.000000000000000000e+00 0.000000000000000000e+00 0.000000000000000000e+00 0.000000000000000000e+00 0.000000000000000000e+00 0.000000000000000000e+00 0.000000000000000000e+00 0.000000000000000000e+00 0.000000000000000000e+00 0.000000000000000000e+00 0.000000000000000000e+00 0.000000000000000000e+00 0.000000000000000000e+00 0.000000000000000000e+00 0.000000000000000000e+00 0.000000000000000000e+00 0.000000000000000000e+00 0.000000000000000000e+00 0.000000000000000000e+00 0.000000000000000000e+00 0.000000000000000000e+00 0.000000000000000000e+00 0.000000000000000000e+00 0.000000000000000000e+00 0.000000000000000000e+00 0.000000000000000000e+00 0.000000000000000000e+00 0.000000000000000000e+00 0.000000000000000000e+00 0.000000000000000000e+00 0.000000000000000000e+00 0.000000000000000000e+00 0.000000000000000000e+00 0.000000000000000000e+00 0.000000000000000000e+00 0.000000000000000000e+00 0.000000000000000000e+00
1.742135465051219273e-02 4.512733785237535260e-03 -2.247146773966751665e-02 0.000000000000000000e+00 0.000000000000000000e+00 0.000000000000000000e+00 0.000000000000000000e+00 0.000000000000000000e+00 0.000000000000000000e+00 0.000000000000000000e+00 0.000000000000000000e+00 0.000000000000000000e+00 0.000000000000000000e+00 0.000000000000000000e+00 0.000000000000000000e+00 0.000000000000000000e+00 0.000000000000000000e+00 0.000000000000000000e+00 0.000000000000000000e+00 0.000000000000000000e+00 0.000000000000000000e+00 0.000000000000000000e+00 0.000000000000000000e+00 0.000000000000000000e+00 0.000000000000000000e+00 0.000000000000000000e+00 0.000000000000000000e+00 0.000000000000000000e+00 0.000000000000000000e+00 0.000000000000000000e+00 0.000000000000000000e+00 0.000000000000000000e+00 0.000000000000000000e+00 0.000000000000000000e+00 0.000000000000000000e+00 0.000000000000000000e+00 0.000000000000000000e+00 0.000000000000000000e+00 0.000000000000000000e+00 0.000000000000000000e+00 0.000000000000000000e+00 -1.713228250925635576e+00 2.708712077189110445e+00 7.737129925983822210e-01 0.000000000000000000e+00 0.000000000000000000e+00 0.000000000000000000e+00 0.000000000000000000e+00 0.000000000000000000e+00 0.000000000000000000e+00 0.000000000000000000e+00 0.000000000000000000e+00 0.000000000000000000e+00 0.000000000000000000e+00 0.000000000000000000e+00 0.000000000000000000e+00 0.000000000000000000e+00 0.000000000000000000e+00 0.000000000000000000e+00 0.000000000000000000e+00 0.000000000000000000e+00 0.000000000000000000e+00 0.000000000000000000e+00 0.000000000000000000e+00 0.000000000000000000e+00 0.000000000000000000e+00 0.000000000000000000e+00 0.000000000000000000e+00 0.000000000000000000e+00 0.000000000000000000e+00 0.000000000000000000e+00 0.000000000000000000e+00 0.000000000000000000e+00 0.000000000000000000e+00 0.000000000000000000e+00 0.000000000000000000e+00 0.000000000000000000e+00 0.000000000000000000e+00 0.000000000000000000e+00 0.000000000000000000e+00 0.000000000000000000e+00 0.000000000000000000e+00
1.205468313458669428e-02 -1.180690361922707380e-03 4.741808644324066457e-03 -1.991490591690615370e-06 0.000000000000000000e+00 0.000000000000000000e+00 0.000000000000000000e+00 0.000000000000000000e+00 0.000000000000000000e+00 0.000000000000000000e+00 0.000000000000000000e+00 0.000000000000000000e+00 0.000000000000000000e+00 0.000000000000000000e+00 0.000000000000000000e+00 0.000000000000000000e+00 0.000000000000000000e+00 0.000000000000000000e+00 0.000000000000000000e+00 0.000000000000000000e+00 0.000000000000000000e+00 0.000000000000000000e+00 0.000000000000000000e+00 0.000000000000000000e+00 0.000000000000000000e+00 0.000000000000000000e+00 0.000000000000000000e+00 0.000000000000000000e+00 0.000000000000000000e+00 0.000000000000000000e+00 0.000000000000000000e+00 0.000000000000000000e+00 0.000000000000000000e+00 0.000000000000000000e+00 0.000000000000000000e+00 0.000000000000000000e+00 0.000000000000000000e+00 0.000000000000000000e+00 0.000000000000000000e+00 0.000000000000000000e+00 0.000000000000000000e+00 -4.401681348298557062e+00 -3.095951522334985384e+00 2.985918721964677225e+00 3.023449748190773612e+00 0.000000000000000000e+00 0.000000000000000000e+00 0.000000000000000000e+00 0.000000000000000000e+00 0.000000000000000000e+00 0.000000000000000000e+00 0.000000000000000000e+00 0.000000000000000000e+00 0.000000000000000000e+00 0.000000000000000000e+00 0.000000000000000000e+00 0.000000000000000000e+00 0.000000000000000000e+00 0.000000000000000000e+00 0.000000000000000000e+00 0.000000000000000000e+00 0.000000000000000000e+00 0.000000000000000000e+00 0.000000000000000000e+00 0.000000000000000000e+00 0.000000000000000000e+00 0.000000000000000000e+00 0.000000000000000000e+00 0.000000000000000000e+00 0.000000000000000000e+00 0.000000000000000000e+00 0.000000000000000000e+00 0.000000000000000000e+00 0.000000000000000000e+00 0.000000000000000000e+00 0.000000000000000000e+00 0.000000000000000000e+00 0.000000000000000000e+00 0.000000000000000000e+00 0.000000000000000000e+00 0.000000000000000000e+00 0.000000000000000000e+00
1.821852075112948520e-03 -4.550833199978821485e-03 2.136089758061337357e-02 -2.947489071801507047e-06 -8.376349684737480039e-10 0.000000000000000000e+00 0.000000000000000000e+00 0.000000000000000000e+00 0.000000000000000000e+00 0.000000000000000000e+00 0.000000000000000000e+00 0.000000000000000000e+00 0.000000000000000000e+00 0.000000000000000000e+00 0.000000000000000000e+00 0.000000000000000000e+00 0.000000000000000000e+00 0.000000000000000000e+00 0.000000000000000000e+00 0.000000000000000000e+00 0.000000000000000000e+00 0.000000000000000000e+00 0.000000000000000000e+00 0.000000000000000000e+00 0.000000000000000000e+00 0.000000000000000000e+00 0.000000000000000000e+00 0.000000000000000000e+00 0.000000000000000000e+00 0.000000000000000000e+00 0.000000000000000000e+00 0.000000000000000000e+00 0.000000000000000000e+00 0.000000000000000000e+00 0.000000000000000000e+00 0.000000000000000000e+00 0.000000000000000000e+00 0.000000000000000000e+00 0.000000000000000000e+00 0.000000000000000000e+00 0.000000000000000000e+00 -3.967394435189602664e+00 -5.547772464399348458e+00 2.964781348048389553e+00 3.554157272977604087e+00 2.130965059597845546e+00 0.000000000000000000e+00 0.000000000000000000e+00 0.000000000000000000e+00 0.000000000000000000e+00 0.000000000000000000e+00 0.000000000000000000e+00 0.000000000000000000e+00 0.000000000000000000e+00 0.000000000000000000e+00 0.000000000000000000e+00 0.000000000000000000e+00 0.000000000000000000e+00 0.000000000000000000e+00 0.000000000000000000e+00 0.000000000000000000e+00 0.000000000000000000e+00 0.000000000000000000e+00 0.000000000000000000e+00 0.000000000000000000e+00 0.000000000000000000e+00 0.000000000000000000e+00 0.000000000000000000e+00 0.000000000000000000e+00 0.000000000000000000e+00 0.000000000000000000e+00 0.000000000000000000e+00 0.000000000000000000e+00 0.000000000000000000e+00 0.000000000000000000e+00 0.000000000000000000e+00 0.000000000000000000e+00 0.000000000000000000e+00 0.000000000000000000e+00 0.000000000000000000e+00 0.000000000000000000e+00 0.000000000000000000e+00
-2.971987145825715285e-02 -1.724245226280326192e-03 1.132943556400877599e-02 1.730508578070809393e-06 -2.818501971475940874e-07 3.547976836354844437e-07 0.000000000000000000e+00 0.000000000000000000e+00 0.000000000000000000e+00 0.000000000000000000e+00 0.000000000000000000e+00 0.000000000000000000e+00 0.000000000000000000e+00 0.000000000000000000e+00 0.000000000000000000e+00 0.000000000000000000e+00 0.000000000000000000e+00 0.000000000000000000e+00 0.000000000000000000e+00 0.000000000000000000e+00 0.000000000000000000e+00 0.000000000000000000e+00 0.000000000000000000e+00 0.000000000000000000e+00 0.000000000000000000e+00 0.000000000000000000e+00 0.000000000000000000e+00 0.000000000000000000e+00 0.000000000000000000e+00 0.000000000000000000e+00 0.000000000000000000e+00 0.000000000000000000e+00 0.000000000000000000e+00 0.000000000000000000e+00 0.000000000000000000e+00 0.000000000000000000e+00 0.000000000000000000e+00 0.000000000000000000e+00 0.000000000000000000e+00 0.000000000000000000e+00 0.000000000000000000e+00 7.147381296974700149e+00 1.939112157368495737e+00 -4.542912684847209448e+00 -3.981194260802163321e+00 2.389179206665763555e+00 5.614565750599670224e+00 0.000000000000000000e+00 0.000000000000000000e+00 0.000000000000000000e+00 0.000000000000000000e+00 0.000000000000000000e+00 0.000000000000000000e+00 0.000000000000000000e+00 0.000000000000000000e+00 0.000000000000000000e+00 0.000000000000000000e+00 0.000000000000000000e+00 0.000000000000000000e+00 0.000000000000000000e+00 0.000000000000000000e+00 0.000000000000000000e+00 0.000000000000000000e+00 0.000000000000000000e+00 0.000000000000000000e+00 0.000000000000000000e+00 0.000000000000000000e+00 0.000000000000000000e+00 0.000000000000000000e+00 0.000000000000000000e+00 0.000000000000000000e+00 0.000000000000000000e+00 0.000000000000000000e+00 0.000000000000000000e+00 0.000000000000000000e+00 0.000000000000000000e+00 0.000000000000000000e+00 0.000000000000000000e+00 0.000000000000000000e+00 0.000000000000000000e+00 0.000000000000000000e+00 0.000000000000000000e+00
1.646765319522191726e-02 4.452209406326112888e-03 -2.180386764537012995e-02 3.310526273746539494e-06 1.202673112771365186e-06 2.316391029726430297e-08 -1.116491741826031265e-08 0.000000000000000000e+00 0.000000000000000000e+00 0.000000000000000000e+00 0.000000000000000000e+00 0.000000000000000000e+00 0.000000000000000000e+00 0.000000000000000000e+00 0.000000000000000000e+00 0.000000000000000000e+00 0.000000000000000000e+00 0.000000000000000000e+00 0.000000000000000000e+00 0.000000000000000000e+00 0.000000000000000000e+00 0.000000000000000000e+00 0.000000000000000000e+00 0.000000000000000000e+00 0.000000000000000000e+00 0.000000000000000000e+00 0.000000000000000000e+00 0.000000000000000000e+00 0.000000000000000000e+00 0.000000000000000000e+00 0.000000000000000000e+00 0.000000000000000000e+00 0.000000000000000000e+00 0.000000000000000000e+00 0.000000000000000000e+00 0.000000000000000000e+00 0.000000000000000000e+00 0.000000000000000000e+00 0.000000000000000000e+00 0.000000000000000000e+00 0.000000000000000000e+00 -1.382573348480508058e+00 2.837858635610683855e+00 5.604939381083633432e-01 -1.958625328282284361e-01 -2.947170493553197268e+00 -3.326399724420770365e+00 8.258744184794426957e+00 0.000000000000000000e+00 0.000000000000000000e+00 0.000000000000000000e+00 0.000000000000000000e+00 0.000000000000000000e+00 0.000000000000000000e+00 0.000000000000000000e+00 0.000000000000000000e+00 0.000000000000000000e+00 0.000000000000000000e+00 0.000000000000000000e+00 0.000000000000000000e+00 0.000000000000000000e+00 0.000000000000000000e+00 0.000000000000000000e+00 0.000000000000000000e+00 0.000000000000000000e+00 0.000000000000000000e+00 0.000000000000000000e+00 0.000000000000000000e+00 0.000000000000000000e+00 0.000000000000000000e+00 0.000000000000000000e+00 0.000000000000000000e+00 0.000000000000000000e+00 0.000000000000000000e+00 0.000000000000000000e+00 0.000000000000000000e+00 0.000000000000000000e+00 0.000000000000000000e+00 0.000000000000000000e+00 0.000000000000000000e+00 0.000000000000000000e+00 0.000000000000000000e+00
2.352753451902257070e-02 4.126638452257269142e-03 -2.130484113025506859e-02 2.121669077811928414e-06 1.053373395445834199e-06 -1.085615075110534257e-07 -9.406993879264801371e-09 7.694069516163587828e-10 0.000000000000000000e+00 0.000000000000000000e+00 0.000000000000000000e+00 0.000000000000000000e+00 0.000000000000000000e+00 0.000000000000000000e+00 0.000000000000000000e+00 0.000000000000000000e+00 0.000000000000000000e+00 0.000000000000000000e+00 0.000000000000000000e+00 0.000000000000000000e+00 0.000000000000000000e+00 0.000000000000000000e+00 0.000000000000000000e+00 0.000000000000000000e+00 0.000000000000000000e+00 0.000000000000000000e+00 0.000000000000000000e+00 0.000000000000000000e+00 0.000000000000000000e+00 0.000000000000000000e+00 0.000000000000000000e+00 0.000000000000000000e+00 0.000000000000000000e+00 0.000000000000000000e+00 0.000000000000000000e+00 0.000000000000000000e+00 0.000000000000000000e+00 0.000000000000000000e+00 0.000000000000000000e+00 0.000000000000000000e+00 0.000000000000000000e+00 -3.614949410565125199e+00 1.575916164322343604e+00 2.044451650055995273e+00 1.244954509580226576e+00 -3.185765732611854695e+00 -4.622420938135991086e+00 6.571489767963796247e+00 2.906119323335432991e+00 0.000000000000000000e+00 0.000000000000000000e+00 0.000000000000000000e+00 0.000000000000000000e+00 0.000000000000000000e+00 0.000000000000000000e+00 0.000000000000000000e+00 0.000000000000000000e+00 0.000000000000000000e+00 0.000000000000000000e+00 0.000000000000000000e+00 0.000000000000000000e+00 0.000000000000000000e+00 0.000000000000000000e+00 0.000000000000000000e+00 0.000000000000000000e+00 0.000000000000000000e+00 0.000000000000000000e+00 0.000000000000000000e+00 0.000000000000000000e+00 0.000000000000000000e+00 0.000000000000000000e+00 0.000000000000000000e+00 0.000000000000000000e+00 0.000000000000000000e+00 0.000000000000000000e+00 0.000000000000000000e+00 0.000000000000000000e+00 0.000000000000000000e+00 0.000000000000000000e+00 0.000000000000000000e+00 0.000000000000000000e+00 0.000000000000000000e+00
2.934435322376735544e-02 4.381213998048976051e-03 -2.319419099511160764e-02 1.745467565700476163e-06 1.085346895162071258e-06 -1.839614040865578718e-07 -9.400398076056179497e-09 1.359895642003960058e-09 -7.257971215137922508e-12 0.000000000000000000e+00 0.000000000000000000e+00 0.000000000000000000e+00 0.000000000000000000e+00 0.000000000000000000e+00 0.000000000000000000e+00 0.000000000000000000e+00 0.000000000000000000e+00 0.000000000000000000e+00 0.000000000000000000e+00 0.000000000000000000e+00 0.000000000000000000e+00 0.000000000000000000e+00 0.000000000000000000e+00 0.000000000000000000e+00 0.000000000000000000e+00 0.000000000000000000e+00 0.000000000000000000e+00 0.000000000000000000e+00 0.000000000000000000e+00 0.000000000000000000e+00 0.000000000000000000e+00 0.000000000000000000e+00 0.000000000000000000e+00 0.000000000000000000e+00 0.000000000000000000e+00 0.000000000000000000e+00 0.000000000000000000e+00 0.000000000000000000e+00 0.000000000000000000e+00 0.000000000000000000e+00 0.000000000000000000e+00 -5.070185048829430663e+00 1.115558002787993219e+00 2.975922918249298554e+00 2.075269098061248041e+00 -3.621517930053586021e+00 -5.719894223257003141e+00 6.402894356943308551e+00 4.620391564212117608e+00 1.423371990316140145e+00 0.000000000000000000e+00 0.000000000000000000e+00 0.000000000000000000e+00 0.000000000000000000e+00 0.000000000000000000e+00 0.000000000000000000e+00 0.000000000000000000e+00 0.000000000000000000e+00 0.000000000000000000e+00 0.000000000000000000e+00 0.000000000000000000e+00 0.000000000000000000e+00 0.000000000000000000e+00 0.000000000000000000e+00 0.000000000000000000e+00 0.000000000000000000e+00 0.000000000000000000e+00 0.000000000000000000e+00 0.000000000000000000e+00 0.000000000000000000e+00 0.000000000000000000e+00 0.000000000000000000e+00 0.000000000000000000e+00 0.000000000000000000e+00 0.000000000000000000e+00 0.000000000000000000e+00 0.000000000000000000e+00 0.000000000000000000e+00 0.000000000000000000e+00 0.000000000000000000e+00 0.000000000000000000e+00 0.000000000000000000e+00
3.074060773674612210e-02 -1.686714085750440893e-04 -5.809413538606186811e-03 -3.915755763763419355e-06 -1.147076923455609357e-05 -2.262363405414443752e-06 -8.190946848008052857e-07 -1.114070168226971925e-07 -3.839222411002458090e-07 -5.691207325499281059e-07 0.000000000000000000e+00 0.000000000000000000e+00 0.000000000000000000e+00 0.000000000000000000e+00 0.000000000000000000e+00 0.000000000000000000e+00 0.000000000000000000e+00 0.000000000000000000e+00 0.000000000000000000e+00 0.000000000000000000e+00 0.000000000000000000e+00 0.000000000000000000e+00 0.000000000000000000e+00 0.000000000000000000e+00 0.000000000000000000e+00 0.000000000000000000e+00 0.000000000000000000e+00 0.000000000000000000e+00 0.000000000000000000e+00 0.000000000000000000e+00 0.000000000000000000e+00 0.000000000000000000e+00 0.000000000000000000e+00 0.000000000000000000e+00 0.000000000000000000e+00 0.000000000000000000e+00 0.000000000000000000e+00 0.000000000000000000e+00 0.000000000000000000e+00 0.000000000000000000e+00 0.000000000000000000e+00 -8.448016649870377037e+00 -3.744040505623480009e+00 5.513787078993468427e+00 5.142367050896455183e+00 -1.701968745464890409e+00 -5.625214825768798832e+00 -3.710279682141352620e+00 1.048075147349398151e+01 9.644881849596350420e+00 1.020093450916882993e+01 0.000000000000000000e+00 0.000000000000000000e+00 0.000000000000000000e+00 0.000000000000000000e+00 0.000000000000000000e+00 0.000000000000000000e+00 0.000000000000000000e+00 0.000000000000000000e+00 0.000000000000000000e+00 0.000000000000000000e+00 0.000000000000000000e+00 0.000000000000000000e+00 0.000000000000000000e+00 0.000000000000000000e+00 0.000000000000000000e+00 0.000000000000000000e+00 0.000000000000000000e+00 0.000000000000000000e+00 0.000000000000000000e+00 0.000000000000000000e+00 0.000000000000000000e+00 0.000000000000000000e+00 0.000000000000000000e+00 0.000000000000000000e+00 0.000000000000000000e+00 0.000000000000000000e+00 0.000000000000000000e+00 0.000000000000000000e+00 0.000000000000000000e+00 0.000000000000000000e+00 0.000000000000000000e+00
6.726312998766403872e-02 -2.965267153785665789e-03 -4.711121144140543657e-03 -1.168500634630291749e-05 -2.891062958579121843e-05 -3.707329381954548768e-06 -1.067175775976112752e-06 1.323460692996054249e-07 -8.660185670542946646e-07 -1.493572438010778020e-06 5.412384255376210086e-08 0.000000000000000000e+00 0.000000000000000000e+00 0.000000000000000000e+00 0.000000000000000000e+00 0.000000000000000000e+00 0.000000000000000000e+00 0.000000000000000000e+00 0.000000000000000000e+00 0.000000000000000000e+00 0.000000000000000000e+00 0.000000000000000000e+00 0.000000000000000000e+00 0.000000000000000000e+00 0.000000000000000000e+00 0.000000000000000000e+00 0.000000000000000000e+00 0.000000000000000000e+00 0.000000000000000000e+00 0.000000000000000000e+00 0.000000000000000000e+00 0.000000000000000000e+00 0.000000000000000000e+00 0.000000000000000000e+00 0.000000000000000000e+00 0.000000000000000000e+00 0.000000000000000000e+00 0.000000000000000000e+00 0.000000000000000000e+00 0.000000000000000000e+00 0.000000000000000000e+00 -1.975766921322540171e+01 -1.071570204474169152e+01 1.308981037761190436e+01 1.261574910294086926e+01 -2.467203489794097315e+00 -1.179219845595258143e+01 -1.366224414499041373e+01 2.548736596796036835e+01 2.508658752545581549e+01 2.740147389248570775e+01 1.160644381050172846e+01 0.000000000000000000e+00 0.000000000000000000e+00 0.000000000000000000e+00 0.000000000000000000e+00 0.000000000000000000e+00 0.000000000000000000e+00 0.000000000000000000e+00 0.000000000000000000e+00 0.000000000000000000e+00 0.000000000000000000e+00 0.000000000000000000e+00 0.000000000000000000e+00 0.000000000000000000e+00 0.000000000000000000e+00 0.000000000000000000e+00 0.000000000000000000e+00 0.000000000000000000e+00 0.000000000000000000e+00 0.000000000000000000e+00 0.000000000000000000e+00 0.000000000000000000e+00 0.000000000000000000e+00 0.000000000000000000e+00 0.000000000000000000e+00 0.000000000000000000e+00 0.000000000000000000e+00 0.000000000000000000e+00 0.000000000000000000e+00 0.000000000000000000e+00 0.000000000000000000e+00
2.848297386245746826e-02 -1.811776752943474464e-03 -1.713855826965693212e-03 -7.121877300511757591e-06 -1.114559779380010859e-05 -3.764425533878579513e-06 -1.648866243861533778e-06 5.061492724487058791e-07 6.968966176572882071e-08 -6.260868265830202858e-07 8.550077809898169982e-07 -7.814280463106822974e-08 0.000000000000000000e+00 0.000000000000000000e+00 0.000000000000000000e+00 0.000000000000000000e+00 0.000000000000000000e+00 0.000000000000000000e+00 0.000000000000000000e+00 0.000000000000000000e+00 0.000000000000000000e+00 0.000000000000000000e+00 0.000000000000000000e+00 0.000000000000000000e+00 0.000000000000000000e+00 0.000000000000000000e+00 0.000000000000000000e+00 0.000000000000000000e+00 0.000000000000000000e+00 0.000000000000000000e+00 0.000000000000000000e+00 0.000000000000000000e+00 0.000000000000000000e+00 0.000000000000000000e+00 0.000000000000000000e+00 0.000000000000000000e+00 0.000000000000000000e+00 0.000000000000000000e+00 0.000000000000000000e+00 0.000000000000000000e+00 0.000000000000000000e+00 -8.247623169933408604e+00 -5.129392189171590566e+00 5.529573414104079987e+00 5.463663022241473044e+00 -5.240504531028559176e-01 -4.466951486784517478e+00 -7.328467187104009462e+00 1.097381103709214045e+01 1.130939214555212935e+01 1.260586619640864114e+01 8.464154312194478891e+00 1.243607326065663443e+01 0.000000000000000000e+00 0.000000000000000000e+00 0.000000000000000000e+00 0.000000000000000000e+00 0.000000000000000000e+00 0.000000000000000000e+00 0.000000000000000000e+00 0.000000000000000000e+00 0.000000000000000000e+00 0.000000000000000000e+00 0.000000000000000000e+00 0.000000000000000000e+00 0.000000000000000000e+00 0.000000000000000000e+00 0.000000000000000000e+00 0.000000000000000000e+00 0.000000000000000000e+00 0.000000000000000000e+00 0.000000000000000000e+00 0.000000000000000000e+00 0.000000000000000000e+00 0.000000000000000000e+00 0.000000000000000000e+00 0.000000000000000000e+00 0.000000000000000000e+00 0.000000000000000000e+00 0.000000000000000000e+00 0.000000000000000000e+00 0.000000000000000000e+00
3.205451298277667976e-02 -2.882471525905996434e-03 -2.174337773583875054e-03 -8.966179394249437036e-06 -1.179632462594235708e-05 -8.157650816247204173e-06 -4.258437669619363113e-06 1.016679772464946379e-06 1.988021111460854576e-07 -1.072337118364175099e-06 1.907854510314314792e-06 -6.263107858801145503e-07 8.692016866733517292e-08 0.000000000000000000e+00 0.000000000000000000e+00 0.000000000000000000e+00 0.000000000000000000e+00 0.000000000000000000e+00 0.000000000000000000e+00 0.000000000000000000e+00 0.000000000000000000e+00 0.000000000000000000e+00 0.000000000000000000e+00 0.000000000000000000e+00 0.000000000000000000e+00 0.000000000000000000e+00 0.000000000000000000e+00 0.000000000000000000e+00 0.000000000000000000e+00 0.000000000000000000e+00 0.000000000000000000e+00 0.000000000000000000e+00 0.000000000000000000e+00 0.000000000000000000e+00 0.000000000000000000e+00 0.000000000000000000e+00 0.000000000000000000e+00 0.000000000000000000e+00 0.000000000000000000e+00 0.000000000000000000e+00 0.000000000000000000e+00 -8.838844047498438883e+00 -6.732314296990168145e+00 6.049109966931628612e+00 6.226830697455169705e+00 3.901511546721742052e-01 -3.930138717409403348e+00 -1.089980345438519116e+01 1.239412895867231867e+01 1.369449103583525762e+01 1.570233733408973542e+01 1.578669591604754530e+01 3.627775148113551040e+01 1.265188557306531081e+01 0.000000000000000000e+00 0.000000000000000000e+00 0.000000000000000000e+00 0.000000000000000000e+00 0.000000000000000000e+00 0.000000000000000000e+00 0.000000000000000000e+00 0.000000000000000000e+00 0.000000000000000000e+00 0.000000000000000000e+00 0.000000000000000000e+00 0.000000000000000000e+00 0.000000000000000000e+00 0.000000000000000000e+00 0.000000000000000000e+00 0.000000000000000000e+00 0.000000000000000000e+00 0.000000000000000000e+00 0.000000000000000000e+00 0.000000000000000000e+00 0.000000000000000000e+00 0.000000000000000000e+00 0.000000000000000000e+00 0.000000000000000000e+00 0.000000000000000000e+00 0.000000000000000000e+00 0.000000000000000000e+00 0.000000000000000000e+00
2.593288600439197836e-04 -5.205421110359119419e-04 -2.164510587516837938e-04 4.065187284751850679e-06 3.095084413528660280e-06 -4.120921379268814234e-10 1.379283443719926173e-07 1.502649441575726292e-06 8.235426957665352869e-07 2.817979381793638124e-07 1.528740995915474717e-06 -6.759432358287199744e-07 1.920686921038857772e-07 2.404073646376797085e-08 0.000000000000000000e+00 0.000000000000000000e+00 0.000000000000000000e+00 0.000000000000000000e+00 0.000000000000000000e+00 0.000000000000000000e+00 0.000000000000000000e+00 0.000000000000000000e+00 0.000000000000000000e+00 0.000000000000000000e+00 0.000000000000000000e+00 0.000000000000000000e+00 0.000000000000000000e+00 0.000000000000000000e+00 0.000000000000000000e+00 0.000000000000000000e+00 0.000000000000000000e+00 0.000000000000000000e+00 0.000000000000000000e+00 0.000000000000000000e+00 0.000000000000000000e+00 0.000000000000000000e+00 0.000000000000000000e+00 0.000000000000000000e+00 0.000000000000000000e+00 0.000000000000000000e+00 0.000000000000000000e+00 3.325142696588505031e-01 -7.460576365527197273e-01 -1.279570981320514445e-01 6.632250417512670915e-02 7.555386935042142094e-01 8.414298812960007146e-01 -2.054426128206545243e+00 4.912023862418158499e-02 7.606986213938174979e-01 1.185436750280219220e+00 4.812614507487536386e+00 1.702454732526910774e+01 9.532167570728708128e+00 1.306178561562269103e+01 0.000000000000000000e+00 0.000000000000000000e+00 0.000000000000000000e+00 0.000000000000000000e+00 0.000000000000000000e+00 0.000000000000000000e+00 0.000000000000000000e+00 0.000000000000000000e+00 0.000000000000000000e+00 0.000000000000000000e+00 0.000000000000000000e+00 0.000000000000000000e+00 0.000000000000000000e+00 0.000000000000000000e+00 0.000000000000000000e+00 0.000000000000000000e+00 0.000000000000000000e+00 0.000000000000000000e+00 0.000000000000000000e+00 0.000000000000000000e+00 0.000000000000000000e+00 0.000000000000000000e+00 0.000000000000000000e+00 0.000000000000000000e+00 0.000000000000000000e+00 0.000000000000000000e+00 0.000000000000000000e+00
-2.647715548079583592e-02 8.695452213207124047e-04 1.603026136535062570e-03 2.054143810995654883e-05 1.580981809692826533e-05 5.168015690423422731e-06 2.955350880798050534e-06 3.461757360870048899e-06 2.578197199892349046e-06 2.011365152631715194e-06 1.769092736132442329e-06 -1.414240449280342737e-06 -3.635475671419613041e-08 1.442358786999720956e-07 -7.221005968871411010e-08 0.000000000000000000e+00 0.000000000000000000e+00 0.000000000000000000e+00 0.000000000000000000e+00 0.000000000000000000e+00 0.000000000000000000e+00 0.000000000000000000e+00 0.000000000000000000e+00 0.000000000000000000e+00 0.000000000000000000e+00 0.000000000000000000e+00 0.000000000000000000e+00 0.000000000000000000e+00 0.000000000000000000e+00 0.000000000000000000e+00 0.000000000000000000e+00 0.000000000000000000e+00 0.000000000000000000e+00 0.000000000000000000e+00 0.000000000000000000e+00 0.000000000000000000e+00 0.000000000000000000e+00 0.000000000000000000e+00 0.000000000000000000e+00 0.000000000000000000e+00 0.000000000000000000e+00 8.447961318050726476e+00 3.426061434652819759e+00 -5.481777643679527579e+00 -5.046566246023374447e+00 1.946191523912777166e+00 5.844747804287099058e+00 2.991275177020337850e+00 -1.029430221847139926e+01 -9.245116031228519660e+00 -9.656570856446084150e+00 1.217489821942872030e+00 2.078925796329241393e+01 1.805056567157150837e+01 3.921287724062302260e+01 1.306140500695047635e+01 0.000000000000000000e+00 0.000000000000000000e+00 0.000000000000000000e+00 0.000000000000000000e+00 0.000000000000000000e+00 0.000000000000000000e+00 0.000000000000000000e+00 0.000000000000000000e+00 0.000000000000000000e+00 0.000000000000000000e+00 0.000000000000000000e+00 0.000000000000000000e+00 0.000000000000000000e+00 0.000000000000000000e+00 0.000000000000000000e+00 0.000000000000000000e+00 0.000000000000000000e+00 0.000000000000000000e+00 0.000000000000000000e+00 0.000000000000000000e+00 0.000000000000000000e+00 0.000000000000000000e+00 0.000000000000000000e+00 0.000000000000000000e+00 0.000000000000000000e+00 0.000000000000000000e+00
-2.105935967974994355e-02 1.084032311809430237e-03 2.184987481207554486e-03 1.285298088453662261e-05 5.196108178534252394e-06 8.960861914095981068e-07 1.153440846519187133e-06 7.560119577548147860e-07 6.317913703061400093e-07 8.254822399142046979e-07 -5.591158974277734034e-06 -3.046616283470293090e-06 -1.703119968055221529e-06 -5.792172084848129174e-07 1.397254470107405641e-06 1.356962775653955232e-07 0.000000000000000000e+00 0.000000000000000000e+00 0.000000000000000000e+00 0.000000000000000000e+00 0.000000000000000000e+00 0.000000000000000000e+00 0.000000000000000000e+00 0.000000000000000000e+00 0.000000000000000000e+00 0.000000000000000000e+00 0.000000000000000000e+00 0.000000000000000000e+00 0.000000000000000000e+00 0.000000000000000000e+00 0.000000000000000000e+00 0.000000000000000000e+00 0.000000000000000000e+00 0.000000000000000000e+00 0.000000000000000000e+00 0.000000000000000000e+00 0.000000000000000000e+00 0.000000000000000000e+00 0.000000000000000000e+00 0.000000000000000000e+00 0.000000000000000000e+00 6.192218670119776114e+00 3.312493992831103906e+00 -4.097989077575150851e+00 -3.940061609503256790e+00 8.092832241265339732e-01 3.728367032805368186e+00 4.155687391315278312e+00 -7.960076069391814890e+00 -7.795950201619632480e+00 -8.495925471611569080e+00 -3.372482706267779129e+00 7.846699304193933688e-01 5.364841168758291090e+00 1.844430661195179155e+01 9.963880801311136182e+00 1.335755921865110274e+01 0.000000000000000000e+00 0.000000000000000000e+00 0.000000000000000000e+00 0.000000000000000000e+00 0.000000000000000000e+00 0.000000000000000000e+00 0.000000000000000000e+00 0.000000000000000000e+00 0.000000000000000000e+00 0.000000000000000000e+00 0.000000000000000000e+00 0.000000000000000000e+00 0.000000000000000000e+00 0.000000000000000000e+00 0.000000000000000000e+00 0.000000000000000000e+00 0.000000000000000000e+00 0.000000000000000000e+00 0.000000000000000000e+00 0.000000000000000000e+00 0.000000000000000000e+00 0.000000000000000000e+00 0.000000000000000000e+00 0.000000000000000000e+00 0.000000000000000000e+00
-4.140533664472341446e-02 2.502124241156901841e-03 5.663596409326449380e-03 2.592757159341052672e-05 1.148485156001542487e-06 -8.614982648599532512e-07 2.404985601895417608e-06 4.926319851474807567e-07 -4.907457710412034237e-07 4.750799831055654855e-07 -2.133187574218828287e-05 -9.726650929040764053e-06 -5.628443068733064802e-06 -1.948139066302311220e-06 5.932315865355361867e-06 8.146461504216534405e-07 -2.311415030916248871e-08 0.000000000000000000e+00 0.000000000000000000e+00 0.000000000000000000e+00 0.000000000000000000e+00 0.000000000000000000e+00 0.000000000000000000e+00 0.000000000000000000e+00 0.000000000000000000e+00 0.000000000000000000e+00 0.000000000000000000e+00 0.000000000000000000e+00 0.000000000000000000e+00 0.000000000000000000e+00 0.000000000000000000e+00 0.000000000000000000e+00 0.000000000000000000e+00 0.000000000000000000e+00 0.000000000000000000e+00 0.000000000000000000e+00 0.000000000000000000e+00 0.000000000000000000e+00 0.000000000000000000e+00 0.000000000000000000e+00 0.000000000000000000e+00 1.148735205682949712e+01 7.111106108799941872e+00 -7.698713916054459538e+00 -7.599895607015840326e+00 7.573823640936396817e-01 6.246854170974303955e+00 1.006990344081880018e+01 -1.526820247935448727e+01 -1.569038669887512505e+01 -1.746783602294886961e+01 -1.135811230700891095e+01 -1.578922509230121740e+01 5.959365073283577896e-01 2.202632946956297388e+01 1.897996943001323800e+01 4.069508258786062527e+01 1.328026787107694595e+01 0.000000000000000000e+00 0.000000000000000000e+00 0.000000000000000000e+00 0.000000000000000000e+00 0.000000000000000000e+00 0.000000000000000000e+00 0.000000000000000000e+00 0.000000000000000000e+00 0.000000000000000000e+00 0.000000000000000000e+00 0.000000000000000000e+00 0.000000000000000000e+00 0.000000000000000000e+00 0.000000000000000000e+00 0.000000000000000000e+00 0.000000000000000000e+00 0.000000000000000000e+00 0.000000000000000000e+00 0.000000000000000000e+00 0.000000000000000000e+00 0.000000000000000000e+00 0.000000000000000000e+00 0.000000000000000000e+00 0.000000000000000000e+00
-1.085994850692559820e-02 7.481992654531935622e-04 2.406018698790765922e-03 1.242539660427699633e-05 -4.750284016758133987e-06 -6.486412523279280169e-07 1.361623693687284957e-06 -1.536064293689048769e-06 -3.018313032714587296e-06 -2.107587181395962418e-06 -1.216286787313187866e-05 -4.935894799049084626e-06 -1.373711248445490213e-06 -3.808613974951521898e-07 4.027085867368703734e-06 4.952244573633517546e-07 -3.045734659343893639e-07 -1.025390662195597283e-08 0.000000000000000000e+00 0.000000000000000000e+00 0.000000000000000000e+00 0.000000000000000000e+00 0.000000000000000000e+00 0.000000000000000000e+00 0.000000000000000000e+00 0.000000000000000000e+00 0.000000000000000000e+00 0.000000000000000000e+00 0.000000000000000000e+00 0.000000000000000000e+00 0.000000000000000000e+00 0.000000000000000000e+00 0.000000000000000000e+00 0.000000000000000000e+00 0.000000000000000000e+00 0.000000000000000000e+00 0.000000000000000000e+00 0.000000000000000000e+00 0.000000000000000000e+00 0.000000000000000000e+00 0.000000000000000000e+00 2.585536705592813345e+00 2.130194940432872830e+00 -1.785673760862225734e+00 -1.869887267088575777e+00 -2.374341009021783133e-01 1.038810773578408231e+00 3.556936331167368071e+00 -3.712959207671385542e+00 -4.204671237209500312e+00 -4.866456459594830086e+00 -5.319839836763059715e+00 -1.283702337885991440e+01 -4.841138445863654383e+00 -1.372311024434657467e+00 4.658505758898207283e+00 1.785476972188556388e+01 1.008182558438646659e+01 1.456915776353373460e+01 0.000000000000000000e+00 0.000000000000000000e+00 0.000000000000000000e+00 0.000000000000000000e+00 0.000000000000000000e+00 0.000000000000000000e+00 0.000000000000000000e+00 0.000000000000000000e+00 0.000000000000000000e+00 0.000000000000000000e+00 0.000000000000000000e+00 0.000000000000000000e+00 0.000000000000000000e+00 0.000000000000000000e+00 0.000000000000000000e+00 0.000000000000000000e+00 0.000000000000000000e+00 0.000000000000000000e+00 0.000000000000000000e+00 0.000000000000000000e+00 0.000000000000000000e+00 0.000000000000000000e+00 0.000000000000000000e+00
2.619174372116439900e-02 -1.510760378753758489e-03 -2.614777635422979845e-03 -9.173841289939303959e-06 -6.433864373463892598e-06 8.246295662622112054e-08 -9.858407903088001537e-07 -2.995551475539828930e-06 -3.304177318496293700e-06 -3.197841020541321651e-06 6.341703083308044762e-06 3.245106686258854931e-06 3.705522636415855362e-06 1.667538247691177888e-06 -1.252483183194375382e-06 -1.084048358660881650e-07 -4.403547183003335947e-07 -2.571768051898407114e-10 2.354797968420817116e-10 0.000000000000000000e+00 0.000000000000000000e+00 0.000000000000000000e+00 0.000000000000000000e+00 0.000000000000000000e+00 0.000000000000000000e+00 0.000000000000000000e+00 0.000000000000000000e+00 0.000000000000000000e+00 0.000000000000000000e+00 0.000000000000000000e+00 0.000000000000000000e+00 0.000000000000000000e+00 0.000000000000000000e+00 0.000000000000000000e+00 0.000000000000000000e+00 0.000000000000000000e+00 0.000000000000000000e+00 0.000000000000000000e+00 0.000000000000000000e+00 0.000000000000000000e+00 0.000000000000000000e+00 -7.728960830612997768e+00 -4.232526429410417457e+00 5.124772716954288043e+00 4.947338472293509426e+00 -9.347019303147349190e-01 -4.585737272004845266e+00 -5.430521438224281461e+00 9.984245834619162707e+00 9.855048800611585946e+00 1.077824779269750977e+01 4.766895967258165001e+00 9.785463250893972065e-01 -5.550356271413416920e+00 -2.131906046940199317e+01 -1.232366902709080136e+01 -1.828429962882946569e+01 -1.573244735926762061e+00 1.503738780282243681e+01 1.386685945514363105e+01 0.000000000000000000e+00 0.000000000000000000e+00 0.000000000000000000e+00 0.000000000000000000e+00 0.000000000000000000e+00 0.000000000000000000e+00 0.000000000000000000e+00 0.000000000000000000e+00 0.000000000000000000e+00 0.000000000000000000e+00 0.000000000000000000e+00 0.000000000000000000e+00 0.000000000000000000e+00 0.000000000000000000e+00 0.000000000000000000e+00 0.000000000000000000e+00 0.000000000000000000e+00 0.000000000000000000e+00 0.000000000000000000e+00 0.000000000000000000e+00 0.000000000000000000e+00 0.000000000000000000e+00
3.810632645775401811e-02 -2.229406317355968944e-03 -4.159498000357384449e-03 -1.563752276692762262e-05 -7.375361515686585410e-06 2.865272844310821785e-07 -1.685073428738727643e-06 -3.615152441207992206e-06 -3.635255856988910236e-06 -3.735742960043359679e-06 1.177190632517762521e-05 5.680624227696241795e-06 5.348541844390395236e-06 2.343101968247946875e-06 -2.759468343535104644e-06 -2.788503322702304288e-07 -5.116009092663403158e-07 1.687443674459936104e-09 -2.415910072076234800e-10 -1.883280878826594593e-11 0.000000000000000000e+00 0.000000000000000000e+00 0.000000000000000000e+00 0.000000000000000000e+00 0.000000000000000000e+00 0.000000000000000000e+00 0.000000000000000000e+00 0.000000000000000000e+00 0.000000000000000000e+00 0.000000000000000000e+00 0.000000000000000000e+00 0.000000000000000000e+00 0.000000000000000000e+00 0.000000000000000000e+00 0.000000000000000000e+00 0.000000000000000000e+00 0.000000000000000000e+00 0.000000000000000000e+00 0.000000000000000000e+00 0.000000000000000000e+00 0.000000000000000000e+00 -1.108075400618369599e+01 -6.258771704650518686e+00 7.366254589584173118e+00 7.150211803162955349e+00 -1.193145638675790154e+00 -6.442166165669856781e+00 -8.250204827159620891e+00 1.441365615984171988e+01 1.437126481062937877e+01 1.578906548630942019e+01 7.828551762161265692e+00 4.741877992240680406e+00 -6.169808357674988031e+00 -2.829511929134962145e+01 -1.781110776761229175e+01 -2.934594309092214459e+01 -4.805257313724464296e+00 1.632894932439524638e+01 1.864270491211044600e+01 3.700000150341416383e+00 0.000000000000000000e+00 0.000000000000000000e+00 0.000000000000000000e+00 0.000000000000000000e+00 0.000000000000000000e+00 0.000000000000000000e+00 0.000000000000000000e+00 0.000000000000000000e+00 0.000000000000000000e+00 0.000000000000000000e+00 0.000000000000000000e+00 0.000000000000000000e+00 0.000000000000000000e+00 0.000000000000000000e+00 0.000000000000000000e+00 0.000000000000000000e+00 0.000000000000000000e+00 0.000000000000000000e+00 0.000000000000000000e+00 0.000000000000000000e+00 0.000000000000000000e+00
3.306832164196293888e-02 -1.965678470176201575e-03 -4.237336686716840911e-03 -1.737009590350641050e-05 -3.151886597727100102e-06 4.737164525526937925e-07 -1.899852296911441094e-06 -1.905210849034734341e-06 -1.185318041420264307e-06 -1.694728977326581418e-06 1.463276904414121971e-05 6.665646139764592870e-06 4.822815879451869541e-06 1.972976363193175516e-06 -3.998766494800654876e-06 -5.647245777498807798e-07 -6.023477204357561311e-07 -1.840408025026084098e-07 -2.420773008610979367e-07 -1.601653610311036763e-07 -7.564136393046016243e-08 0.000000000000000000e+00 0.000000000000000000e+00 0.000000000000000000e+00 0.000000000000000000e+00 0.000000000000000000e+00 0.000000000000000000e+00 0.000000000000000000e+00 0.000000000000000000e+00 0.000000000000000000e+00 0.000000000000000000e+00 0.000000000000000000e+00 0.000000000000000000e+00 0.000000000000000000e+00 0.000000000000000000e+00 0.000000000000000000e+00 0.000000000000000000e+00 0.000000000000000000e+00 0.000000000000000000e+00 0.000000000000000000e+00 0.000000000000000000e+00 -9.350336940840321631e+00 -5.605624301204133353e+00 6.248246602503662039e+00 6.131137862672086492e+00 -7.569675302794423022e-01 -5.211164084023640619e+00 -7.750992829356921021e+00 1.233180519814810872e+01 1.253875435296722607e+01 1.389526705697107367e+01 8.292100569533287668e+00 9.656151524447084356e+00 -2.183864183131774439e+00 -2.005044946199847544e+01 -1.527903489474259047e+01 -3.006971915522102279e+01 -8.364365288288196254e+00 4.954509225754057056e+00 1.365030054611512256e+01 9.373044237958026770e+00 8.959016415140862222e+00 0.000000000000000000e+00 0.000000000000000000e+00 0.000000000000000000e+00 0.000000000000000000e+00 0.000000000000000000e+00 0.000000000000000000e+00 0.000000000000000000e+00 0.000000000000000000e+00 0.000000000000000000e+00 0.000000000000000000e+00 0.000000000000000000e+00 0.000000000000000000e+00 0.000000000000000000e+00 0.000000000000000000e+00 0.000000000000000000e+00 0.000000000000000000e+00 0.000000000000000000e+00 0.000000000000000000e+00 0.000000000000000000e+00 0.000000000000000000e+00
-3.030504172650924644e-02 1.793324152573191497e-03 3.014047987760079626e-03 1.100982641816390674e-05 7.492632624040605729e-06 -2.649657443019209132e-10 1.292776281514938826e-06 3.422379018819603435e-06 3.665342749623228039e-06 3.552905643603166378e-06 -7.928722712822444652e-06 -4.083617766193882060e-06 -4.703966680022742439e-06 -2.021761502545067570e-06 1.675878121146121504e-06 3.617297123797058233e-07 1.130586128420431048e-06 2.872486673409765175e-07 2.757995496113112218e-07 1.183830582617727206e-07 4.516205678310694952e-08 -7.443197414898782731e-08 0.000000000000000000e+00 0.000000000000000000e+00 0.000000000000000000e+00 0.000000000000000000e+00 0.000000000000000000e+00 0.000000000000000000e+00 0.000000000000000000e+00 0.000000000000000000e+00 0.000000000000000000e+00 0.000000000000000000e+00 0.000000000000000000e+00 0.000000000000000000e+00 0.000000000000000000e+00 0.000000000000000000e+00 0.000000000000000000e+00 0.000000000000000000e+00 0.000000000000000000e+00 0.000000000000000000e+00 0.000000000000000000e+00 8.919846560753862619e+00 4.904858550199942435e+00 -5.916456303285049678e+00 -5.715708997083241094e+00 1.063343200030461455e+00 5.278518655443421359e+00 6.317350540984880247e+00 -1.153346002424580874e+01 -1.139959009325086292e+01 -1.247511913201581280e+01 -5.612897689185027517e+00 -1.514473193551095109e+00 6.190066144401741965e+00 2.430794195915094136e+01 1.422261584881338159e+01 2.144987219716841054e+01 2.121027351372177350e+00 -1.669585370687736514e+01 -1.582993684556518055e+01 -4.477193909042493369e-01 3.621986633953144352e+00 1.026009304046097270e+01 0.000000000000000000e+00 0.000000000000000000e+00 0.000000000000000000e+00 0.000000000000000000e+00 0.000000000000000000e+00 0.000000000000000000e+00 0.000000000000000000e+00 0.000000000000000000e+00 0.000000000000000000e+00 0.000000000000000000e+00 0.000000000000000000e+00 0.000000000000000000e+00 0.000000000000000000e+00 0.000000000000000000e+00 0.000000000000000000e+00 0.000000000000000000e+00 0.000000000000000000e+00 0.000000000000000000e+00 0.000000000000000000e+00
-3.205151451586430583e-02 -1.885503555203380248e-04 -2.334098463667502992e-03 8.097137317027025202e-03 6.461857507273659380e-03 4.715528612006533206e-03 4.330440856609490442e-03 5.379846247999042937e-03 1.427393059656101131e-03 1.902983385044670862e-03 -3.106116157764310642e-03 -5.175065542472012149e-03 -2.509323410085123347e-03 5.722596399597517335e-03 1.936040219284557509e-02 9.921751001776134282e-03 2.444698758926542800e-02 8.695205576597723682e-03 -4.631774366491162032e-03 -5.682200720187889458e-03 -1.806001413602823869e-03 7.330732399466225249e-03 5.376633682659930774e-04 0.000000000000000000e+00 0.000000000000000000e+00 0.000000000000000000e+00 0.000000000000000000e+00 0.000000000000000000e+00 0.000000000000000000e+00 0.000000000000000000e+00 0.000000000000000000e+00 0.000000000000000000e+00 0.000000000000000000e+00 0.000000000000000000e+00 0.000000000000000000e+00 0.000000000000000000e+00 0.000000000000000000e+00 0.000000000000000000e+00 0.000000000000000000e+00 0.000000000000000000e+00 0.000000000000000000e+00 1.031652019642998752e+01 6.040633406239282799e+00 -6.879445014182313578e+00 -6.721279317745733728e+00 9.460842813009792129e-01 5.849417925486902092e+00 8.195462465080009196e+00 -1.352826798895989491e+01 -1.364823869872361328e+01 -1.507313665977879324e+01 -8.374401140742426364e+00 -8.018995063056186368e+00 3.845855458092291457e+00 2.400526958331471050e+01 1.678672009196296599e+01 3.072705318580530687e+01 7.179924869450027280e+00 -9.749835482613422144e+00 -1.611864056610124152e+01 -7.357602087778709610e+00 -5.591403677960630425e+00 3.648892664295287691e+00 7.882186228713352172e+00 0.000000000000000000e+00 0.000000000000000000e+00 0.000000000000000000e+00 0.000000000000000000e+00 0.000000000000000000e+00 0.000000000000000000e+00 0.000000000000000000e+00 0.000000000000000000e+00 0.000000000000000000e+00 0.000000000000000000e+00 0.000000000000000000e+00 0.000000000000000000e+00 0.000000000000000000e+00 0.000000000000000000e+00 0.000000000000000000e+00 0.000000000000000000e+00 0.000000000000000000e+00 0.000000000000000000e+00
-2.896869624930874937e-02 8.834665278320402840e-06 -1.188916409731322586e-03 6.260733397864657983e-03 4.315407245142414451e-03 3.564270386367414216e-03 3.001260368772606588e-03 4.083284360949698474e-03 1.019577960555432096e-03 1.392204411616292884e-03 -3.045760064023241790e-03 -4.479278420289825244e-03 -1.824728489038212340e-03 4.188756733194631821e-03 1.501921329686177996e-02 7.377296126730605377e-03 1.946967051358405518e-02 6.101700733989499220e-03 -4.043188899602481561e-03 -5.209596796658079280e-03 -1.667548209941335400e-03 4.357169922399006280e-03 4.270198117347839893e-04 5.069269419651859648e-10 0.000000000000000000e+00 0.000000000000000000e+00 0.000000000000000000e+00 0.000000000000000000e+00 0.000000000000000000e+00 0.000000000000000000e+00 0.000000000000000000e+00 0.000000000000000000e+00 0.000000000000000000e+00 0.000000000000000000e+00 0.000000000000000000e+00 0.000000000000000000e+00 0.000000000000000000e+00 0.000000000000000000e+00 0.000000000000000000e+00 0.000000000000000000e+00 0.000000000000000000e+00 8.999307696295591796e+00 5.397243477735251815e+00 -6.013809731875991993e+00 -5.901566936896913695e+00 7.266629325676650097e-01 5.013734706622171799e+00 7.460108042833636155e+00 -1.186770930008821701e+01 -1.206799883724281486e+01 -1.337406786264829428e+01 -7.967119299749111150e+00 -9.209085041494835977e+00 2.177857588775224507e+00 1.946714426906262574e+01 1.475444945539771524e+01 2.889745535714842717e+01 7.946496504757075918e+00 -5.083575322196923985e+00 -1.326806515534577002e+01 -8.856563639977931501e+00 -8.367274296109769693e+00 2.452281511475270237e-01 9.683356274497443295e+00 3.256550020560450509e+00 0.000000000000000000e+00 0.000000000000000000e+00 0.000000000000000000e+00 0.000000000000000000e+00 0.000000000000000000e+00 0.000000000000000000e+00 0.000000000000000000e+00 0.000000000000000000e+00 0.000000000000000000e+00 0.000000000000000000e+00 0.000000000000000000e+00 0.000000000000000000e+00 0.000000000000000000e+00 0.000000000000000000e+00 0.000000000000000000e+00 0.000000000000000000e+00 0.000000000000000000e+00
-2.007148316900407223e-02 4.581697724719080238e-04 1.505490228550077905e-03 1.667631768604485327e-03 -8.456104286464226133e-04 7.104525299139115594e-04 -2.164239038298156623e-04 8.652713269086017818e-04 2.640294249081827179e-05 1.400831112867718649e-04 -2.698713661297968362e-03 -2.593159495630758486e-03 -1.461560278122482875e-04 4.238596064636904735e-04 4.149504124459511313e-03 1.106678718444422706e-03 6.851424098267319684e-03 -1.958206848580161421e-04 -2.429803573892532799e-03 -3.781311841064562054e-03 -1.236659107393260062e-03 -2.680489280244477239e-03 1.468258694074102725e-04 1.841270331631738676e-09 6.992606380674990890e-12 0.000000000000000000e+00 0.000000000000000000e+00 0.000000000000000000e+00 0.000000000000000000e+00 0.000000000000000000e+00 0.000000000000000000e+00 0.000000000000000000e+00 0.000000000000000000e+00 0.000000000000000000e+00 0.000000000000000000e+00 0.000000000000000000e+00 0.000000000000000000e+00 0.000000000000000000e+00 0.000000000000000000e+00 0.000000000000000000e+00 0.000000000000000000e+00 5.416729301234576965e+00 3.582211734560984073e+00 -3.652953448606304665e+00 -3.652510200991314182e+00 1.801010525100606441e-01 2.786062476817567024e+00 5.301645640287363292e+00 -7.317302091549342080e+00 -7.687333679299294786e+00 -8.638069492073078948e+00 -6.522055986257727866e+00 -1.131726956312256505e+01 -1.758316931364068303e+00 7.877102054236161166e+00 9.171448063826071362e+00 2.285523452495593943e+01 9.173028472462144478e+00 5.861117999484871000e+00 -5.920767391086627640e+00 -1.168981611332045922e+01 -1.413683827185866271e+01 -7.512796887042098248e+00 1.315016327640426042e+01 1.045211794018456075e+01 7.407529209260848901e+00 0.000000000000000000e+00 0.000000000000000000e+00 0.000000000000000000e+00 0.000000000000000000e+00 0.000000000000000000e+00 0.000000000000000000e+00 0.000000000000000000e+00 0.000000000000000000e+00 0.000000000000000000e+00 0.000000000000000000e+00 0.000000000000000000e+00 0.000000000000000000e+00 0.000000000000000000e+00 0.000000000000000000e+00 0.000000000000000000e+00 0.000000000000000000e+00
-1.847503723434058484e-02 1.496099978606874872e-03 6.906294169947793139e-03 -4.804351525180996889e-03 -9.910678415638819391e-03 -3.526360838669470327e-03 -5.664581825423713884e-03 -3.871451605909079132e-03 -1.595400400144879544e-03 -1.833632875359775954e-03 -3.905131984144304732e-03 -1.193731507684006338e-03 2.521872188563522958e-03 -5.502069077024325343e-03 -1.103912088918207642e-02 -8.507248364299949822e-03 -9.438775228545998042e-03 -1.070550874960953490e-02 -1.372762907814400937e-03 -3.915078092646975816e-03 -1.344880664188258766e-03 -1.604892658965866026e-02 -2.182264278490235920e-04 5.227722390787063091e-09 3.895563816728835060e-11 5.269279733003490568e-11 0.000000000000000000e+00 0.000000000000000000e+00 0.000000000000000000e+00 0.000000000000000000e+00 0.000000000000000000e+00 0.000000000000000000e+00 0.000000000000000000e+00 0.000000000000000000e+00 0.000000000000000000e+00 0.000000000000000000e+00 0.000000000000000000e+00 0.000000000000000000e+00 0.000000000000000000e+00 0.000000000000000000e+00 0.000000000000000000e+00 3.039869873587166538e+00 2.923355261858155085e+00 -2.140938457053121358e+00 -2.324385068903677354e+00 -6.030957341398489602e-01 9.293059444867282082e-01 5.196026583268920973e+00 -4.582899852178571543e+00 -5.473381787417695321e+00 -6.457465216361410576e+00 -8.386222365017991009e+00 -2.215728502396124711e+01 -9.388992594788421187e+00 -6.094917455508586102e+00 5.940700278054128702e+00 2.777425193995967589e+01 1.716513459037053835e+01 2.771332020758272208e+01 2.334051402409701215e+00 -2.396791273670968891e+01 -3.284681099445291608e+01 -2.518816939429526514e+01 2.742302095139224605e+01 2.911366053460834991e+01 2.443657615468997690e+01 1.220729963389880801e+01 0.000000000000000000e+00 0.000000000000000000e+00 0.000000000000000000e+00 0.000000000000000000e+00 0.000000000000000000e+00 0.000000000000000000e+00 0.000000000000000000e+00 0.000000000000000000e+00 0.000000000000000000e+00 0.000000000000000000e+00 0.000000000000000000e+00 0.000000000000000000e+00 0.000000000000000000e+00 0.000000000000000000e+00 0.000000000000000000e+00
5.441915631183823383e-03 7.190419789002386623e-04 3.985816398676521148e-03 -5.462323708996451657e-03 -6.946198776129795631e-03 -3.499344084045955244e-03 -4.247527713167847767e-03 -3.922631044358948146e-03 -1.281510628002354574e-03 -1.586689687947146149e-03 -3.586544859148010976e-04 1.670464266372028795e-03 2.134349091380086019e-03 -4.757190044190249233e-03 -1.285414856029424430e-02 -7.795768052601638985e-03 -1.431566364417294693e-02 -8.227993141776499680e-03 1.365851019742572335e-03 7.203224975925480228e-04 1.872635613375923339e-04 -9.923614362355765925e-03 -3.197579842124213551e-04 2.396447245475757026e-09 -4.352137868704951790e-11 -7.757435839189446257e-11 6.913906431963225729e-15 0.000000000000000000e+00 0.000000000000000000e+00 0.000000000000000000e+00 0.000000000000000000e+00 0.000000000000000000e+00 0.000000000000000000e+00 0.000000000000000000e+00 0.000000000000000000e+00 0.000000000000000000e+00 0.000000000000000000e+00 0.000000000000000000e+00 0.000000000000000000e+00 0.000000000000000000e+00 0.000000000000000000e+00 -3.018826890340666758e+00 -1.264078947455479218e+00 1.962935072149697202e+00 1.815344941205881302e+00 -6.651874664602636100e-01 -2.061434318460422688e+00 -1.173273451577490745e+00 3.695866383465420402e+00 3.354366689617214625e+00 3.522832110284182416e+00 -1.562603390227625122e-01 -6.371118136504591689e+00 -5.757693481139258829e+00 -1.281627646904227547e+01 -4.468869269532799393e+00 -7.369436566745324324e-01 4.528677455974905008e+00 1.631745875754246100e+01 7.828819059487454268e+00 -7.450152159511442385e+00 -1.210533179584268559e+01 -1.263201393829858254e+01 8.749660322326020534e+00 1.282118922323735077e+01 1.213617354563434425e+01 9.788111045288744094e+00 1.228988093778011326e+01 0.000000000000000000e+00 0.000000000000000000e+00 0.000000000000000000e+00 0.000000000000000000e+00 0.000000000000000000e+00 0.000000000000000000e+00 0.000000000000000000e+00 0.000000000000000000e+00 0.000000000000000000e+00 0.000000000000000000e+00 0.000000000000000000e+00 0.000000000000000000e+00 0.000000000000000000e+00 0.000000000000000000e+00
3.538044962465976273e-02 8.166940194584130413e-04 5.867296202987160210e-03 -1.261931718780642635e-02 -1.230214959554281305e-02 -7.634415045568389638e-03 -7.903354987198445841e-03 -8.639335750424619736e-03 -2.495664577389243056e-03 -3.228006629292918834e-03 2.712577068475923153e-03 6.487324567087744860e-03 4.298976335787446819e-03 -9.693282939034406770e-03 -2.996020144901063303e-02 -1.638211939825084604e-02 -3.618195928120341437e-02 -1.559107820083749200e-02 5.696173005548883957e-03 6.146083259598759257e-03 1.927547694517076386e-03 -1.571468236921240089e-02 -8.008862123565302577e-04 2.448115672923118109e-09 -9.144662989763991277e-11 -2.108829129658824649e-10 5.414636939499432752e-12 -6.773298962719011652e-13 0.000000000000000000e+00 0.000000000000000000e+00 0.000000000000000000e+00 0.000000000000000000e+00 0.000000000000000000e+00 0.000000000000000000e+00 0.000000000000000000e+00 0.000000000000000000e+00 0.000000000000000000e+00 0.000000000000000000e+00 0.000000000000000000e+00 0.000000000000000000e+00 0.000000000000000000e+00 -1.254341137721054800e+01 -6.878318571484711264e+00 8.318005278300375949e+00 8.031896494938104425e+00 -1.509874431496066594e+00 -7.435917909654961022e+00 -8.830228589585910726e+00 1.620508892977418824e+01 1.600222377621924252e+01 1.750459645502944994e+01 7.768481521829392555e+00 1.680537876861267987e+00 -8.959758152156641842e+00 -3.453104068822982953e+01 -1.998875656921890709e+01 -2.970038429911317479e+01 -2.591310416995442178e+00 2.430099234710729661e+01 2.246218607133920386e+01 5.517932080708215503e-02 -5.919078725889375114e+00 -1.513220120167571459e+01 6.505226306111525636e-01 1.186208569647367916e+01 1.430432373328066653e+01 1.892860604357005627e+01 3.887022139981717572e+01 1.211034069803794999e+01 0.000000000000000000e+00 0.000000000000000000e+00 0.000000000000000000e+00 0.000000000000000000e+00 0.000000000000000000e+00 0.000000000000000000e+00 0.000000000000000000e+00 0.000000000000000000e+00 0.000000000000000000e+00 0.000000000000000000e+00 0.000000000000000000e+00 0.000000000000000000e+00 0.000000000000000000e+00
2.313915777260467169e-02 -1.062376136989368492e-04 5.111831736202770244e-04 -4.465541542541526417e-03 -2.713534201114168373e-03 -2.523198114282031689e-03 -1.982937762058120321e-03 -2.894345064615045510e-03 -6.920612813820449429e-04 -9.681833945802595896e-04 2.503216790139367078e-03 3.437101327762202493e-03 1.231289493181317394e-03 -2.857091496576571066e-03 -1.073093296182326024e-02 -5.105237637096180815e-03 -1.417576093704388078e-02 -4.019754695186851176e-03 3.117296963384077677e-03 4.148606368938340810e-03 1.312970858279170067e-03 -2.400577735869989168e-03 -3.103974276426724839e-04 -4.492710080202736315e-10 -7.899829224463386602e-11 -1.592900818855748478e-10 -5.725155512193715180e-11 -2.030687269780181646e-10 7.199647702763543388e-13 0.000000000000000000e+00 0.000000000000000000e+00 0.000000000000000000e+00 0.000000000000000000e+00 0.000000000000000000e+00 0.000000000000000000e+00 0.000000000000000000e+00 0.000000000000000000e+00 0.000000000000000000e+00 0.000000000000000000e+00 0.000000000000000000e+00 0.000000000000000000e+00 -7.069127355681665392e+00 -4.274729052276092567e+00 4.727441208900942549e+00 4.646345720107743382e+00 -5.436699897426006123e-01 -3.913922673021918541e+00 -5.944935279219508928e+00 9.340512937817930350e+00 9.524004140309596522e+00 1.056719845578419203e+01 6.437496613358478115e+00 7.830917902767930094e+00 -1.393192728170759453e+00 -1.489199285220954039e+01 -1.161566417574491616e+01 -2.325116560565304624e+01 -6.689604977847682932e+00 3.077344447515324433e+00 1.020519120473627517e+01 7.604193258669767808e+00 7.500693017122525674e+00 5.910391077883901945e-01 -8.352970040103341987e+00 -3.425349859302715849e+00 -7.568093562074471592e-01 5.362526025104092042e+00 1.893741533167725066e+01 9.785921205214680896e+00 1.228988093768914069e+01 0.000000000000000000e+00 0.000000000000000000e+00 0.000000000000000000e+00 0.000000000000000000e+00 0.000000000000000000e+00 0.000000000000000000e+00 0.000000000000000000e+00 0.000000000000000000e+00 0.000000000000000000e+00 0.000000000000000000e+00 0.000000000000000000e+00 0.000000000000000000e+00
3.830177618674360934e-02 -1.130034556961492147e-03 -4.090052041391914472e-03 -1.754610188846491376e-03 3.502705971002652036e-03 -4.882065187393229075e-04 1.496177190217149768e-03 -6.742611454107664366e-04 2.664122283687290886e-04 1.120450166914979716e-04 5.284957426100577414e-03 4.533692719510051122e-03 -3.172777553443767050e-04 4.716154731326952843e-04 -4.564595744946563054e-03 -6.422806679063337658e-05 -9.382055553627739394e-03 2.591940959006902145e-03 4.298048955194964417e-03 7.120600070945214480e-03 2.284232649854064847e-03 7.861757675543342219e-03 -1.972779255567078159e-04 -3.889813182994983527e-09 -2.469968402984273892e-10 -3.869559481731653896e-10 -1.781662124386259110e-10 -5.114776158863978527e-10 7.159732333915369562e-11 1.551023205541030456e-13 0.000000000000000000e+00 0.000000000000000000e+00 0.000000000000000000e+00 0.000000000000000000e+00 0.000000000000000000e+00 0.000000000000000000e+00 0.000000000000000000e+00 0.000000000000000000e+00 0.000000000000000000e+00 0.000000000000000000e+00 0.000000000000000000e+00 -1.000020647267956697e+01 -6.742915967775607200e+00 6.756834211181712568e+00 6.782112019874297459e+00 -2.324055352577062417e-01 -5.053345673989043441e+00 -1.010175875439088244e+01 1.357633800885872510e+01 1.435617419726367494e+01 1.617517496534792798e+01 1.270519928712423940e+01 2.310841281641410205e+01 4.420898861141234981e+00 -1.307530015239871979e+01 -1.704121413212128644e+01 -4.427115349370891551e+01 -1.860425080891540617e+01 -1.421405132269338267e+01 1.014192147938535449e+01 2.399618793043200426e+01 2.955607938959726511e+01 1.678103298274736233e+01 -2.705987889576870131e+01 -2.252278485794460750e+01 -1.648929900425393669e+01 -1.691814398676484199e+00 2.159232451731661939e+01 1.901722317787687544e+01 3.887022138506893043e+01 1.211034069810383507e+01 0.000000000000000000e+00 0.000000000000000000e+00 0.000000000000000000e+00 0.000000000000000000e+00 0.000000000000000000e+00 0.000000000000000000e+00 0.000000000000000000e+00 0.000000000000000000e+00 0.000000000000000000e+00 0.000000000000000000e+00 0.000000000000000000e+00
7.457339236504221917e-03 -8.042808013342918816e-04 -3.885204062685641141e-03 3.143141351449908576e-03 5.528042733492525770e-03 2.172597568811117635e-03 3.193953860113284658e-03 2.395504339782562019e-03 9.062488787237214056e-04 1.064668930369689877e-03 1.647518135275982849e-03 1.017644016768309400e-04 -1.510406078505478538e-03 3.276216598570557900e-03 7.253130463206920731e-03 5.105389041073892659e-03 6.932399222618830167e-03 6.134231506992343479e-03 2.379399583202713639e-04 1.445788750398274702e-03 4.651588485481031690e-04 8.661195481155231982e-03 1.589618692927630963e-04 -2.764974488397923373e-09 -1.053259741284949493e-10 -1.061345200162083824e-10 -5.774900168999184138e-11 -1.146357979550616898e-10 9.130238018672250542e-11 8.210113539608192559e-11 -3.605501619106335676e-13 0.000000000000000000e+00 0.000000000000000000e+00 0.000000000000000000e+00 0.000000000000000000e+00 0.000000000000000000e+00 0.000000000000000000e+00 0.000000000000000000e+00 0.000000000000000000e+00 0.000000000000000000e+00 0.000000000000000000e+00 -9.024973164092804367e-01 -1.108772024524807165e+00 6.595702444556008626e-01 7.625148827972665355e-01 3.649317195509663159e-01 -1.084443821310983602e-01 -2.128018286970335460e+00 1.486180744910370111e+00 1.930613289975271263e+00 2.341569343962504046e+00 3.732796833520112045e+00 1.072878923696246645e+01 4.987692888733592511e+00 4.547973766039962840e+00 -1.983368273149458849e+00 -1.218102960248957345e+01 -8.244935619668456894e+00 -1.460536323671212600e+01 -2.157658694810542066e+00 1.167395871589959633e+01 1.627099443723333749e+01 1.295892370566233076e+01 -1.338920502307191640e+01 -1.472311195176031617e+01 -1.255579019878315172e+01 -6.808619404052005386e+00 -1.769497860154179314e+00 5.436354299599818418e+00 1.893741532846622988e+01 9.785921211331418235e+00 1.228988093773403634e+01 0.000000000000000000e+00 0.000000000000000000e+00 0.000000000000000000e+00 0.000000000000000000e+00 0.000000000000000000e+00 0.000000000000000000e+00 0.000000000000000000e+00 0.000000000000000000e+00 0.000000000000000000e+00 0.000000000000000000e+00
9.682179544035001903e-04 -1.225370342341626333e-03 -6.412301558924661353e-03 7.082386923969305990e-03 1.000503666655987514e-02 4.622747812348302308e-03 5.973491163023543493e-03 5.148859335186878675e-03 1.754093620359018250e-03 2.134510834276464371e-03 1.401759638389701379e-03 -1.480410826027260193e-03 -2.971860901128900011e-03 6.526678501186580252e-03 1.653877850036140559e-02 1.046994878542299376e-02 1.767604168493604883e-02 1.158369018788669123e-02 -1.114004673924079121e-03 3.060026855898487696e-04 9.991117024837308359e-05 1.479336125177457481e-02 3.985715104933662371e-04 -4.137062460287516379e-09 -1.954455892714070718e-10 -5.389162423610759831e-11 -1.515598170104487732e-11 -8.392861321494781743e-10 -5.175292110143206795e-10 -1.821719371253099092e-09 -3.829892081778787757e-10 -1.809736713785647932e-11 0.000000000000000000e+00 0.000000000000000000e+00 0.000000000000000000e+00 0.000000000000000000e+00 0.000000000000000000e+00 0.000000000000000000e+00 0.000000000000000000e+00 0.000000000000000000e+00 0.000000000000000000e+00 1.878288613801091245e+00 2.477112482234478941e-01 -1.167721315900478674e+00 -9.674587469243552951e-01 8.295868616269785889e-01 1.657086395805948742e+00 -5.797930842230412107e-01 -2.018551458204290494e+00 -1.403242218098353478e+00 -1.242284720377205831e+00 2.880406505271707829e+00 1.326176899339411008e+01 8.514957125932914650e+00 1.412268095015177671e+01 2.294992702961045516e+00 -8.352096472679219730e+00 -9.876502241598515752e+00 -2.446261018072422644e+01 -8.164733130382005655e+00 1.485567422178178099e+01 2.215151960061933067e+01 2.015483759412959230e+01 -1.721037203794629278e+01 -2.161342314878840654e+01 -1.944204320440532996e+01 -1.323743660568477587e+01 -1.162915864844951663e+01 4.003218230397803445e+00 2.412019949667456231e+01 1.542852542091679879e+01 2.502908413094847973e+01 4.567761885396285138e+00 0.000000000000000000e+00 0.000000000000000000e+00 0.000000000000000000e+00 0.000000000000000000e+00 0.000000000000000000e+00 0.000000000000000000e+00 0.000000000000000000e+00 0.000000000000000000e+00 0.000000000000000000e+00
-2.574896550621381518e-03 -4.098887674928269041e-04 -2.316233751223640593e-03 3.031631690707365778e-03 3.824470508708856242e-03 1.936331257473835558e-03 2.337878918132290079e-03 2.164922637359985216e-03 7.000615035875925023e-04 8.699905420573395085e-04 1.731761241527618391e-04 -9.484731372670738170e-04 -1.188992856265755609e-03 2.632472988041159156e-03 7.111655539525554154e-03 4.287243874128989288e-03 7.943809402697666472e-03 4.540180032319900659e-03 -7.805798778871959843e-04 -4.182657849882344295e-04 -1.275854910887760821e-04 5.447469798529902714e-03 1.781193767835889143e-04 -1.423815749876776394e-09 1.073193179390921756e-10 1.128695172078437396e-10 1.001020360691579776e-11 3.951213987242560482e-10 3.492469519218222369e-10 9.373682328674511803e-10 1.572088279664534717e-10 2.375724129140971096e-11 7.136781976209514294e-14 0.000000000000000000e+00 0.000000000000000000e+00 0.000000000000000000e+00 0.000000000000000000e+00 0.000000000000000000e+00 0.000000000000000000e+00 0.000000000000000000e+00 0.000000000000000000e+00 1.557081876431330780e+00 6.226687457612599674e-01 -1.009553321579810481e+00 -9.275192600301185308e-01 3.657576273681531487e-01 1.083691268565134980e+00 5.339217552408014322e-01 -1.891010381228146020e+00 -1.692945810331415890e+00 -1.765377219184987467e+00 2.311428417973630245e-01 3.786557197569663913e+00 3.232087610283734591e+00 6.929060757645307156e+00 2.271734989018620698e+00 -1.037487462189184001e-01 -2.714673251341881866e+00 -9.170994679469103517e+00 -4.203693399589548463e+00 4.390051105675813581e+00 7.023929633081986701e+00 7.167174589303481724e+00 -5.142317573189763458e+00 -7.338327809616439268e+00 -6.890847359111901937e+00 -5.424493775488156366e+00 -6.538916214246541792e+00 2.183220207415259295e-01 7.133737535081165149e+00 5.543278588297313014e+00 1.050251312634918577e+01 2.861356365532813584e+00 1.923858665928206868e+00 0.000000000000000000e+00 0.000000000000000000e+00 0.000000000000000000e+00 0.000000000000000000e+00 0.000000000000000000e+00 0.000000000000000000e+00 0.000000000000000000e+00 0.000000000000000000e+00
-7.642311287465477360e-03 4.074854976788589182e-04 1.698894338216101448e-03 -6.817090668470814335e-04 -2.123023114176501944e-03 -5.527809579969033800e-04 -1.130073013124923993e-03 -5.950027823721398042e-04 -2.977188105581393641e-04 -3.164747004582075152e-04 -1.215643951454617542e-03 -6.545752562033688637e-04 4.961230859358680204e-04 -1.036406363448518593e-03 -1.510948693392647792e-03 -1.500696088624872996e-03 -7.461223249434028020e-04 -2.173772498027089651e-03 -6.619057234210812442e-04 -1.419527238846625926e-03 -4.414526716403133536e-04 -3.663997996298335499e-03 -1.934517954341108192e-05 1.257985338823180109e-09 6.056923759254444336e-10 3.845516980919432615e-10 -7.309307764488638323e-11 2.389795696911293978e-09 2.064783299934571043e-09 6.561043814026930014e-09 1.357716919738900307e-09 3.360852881192639283e-10 5.465177807275320913e-11 -1.665175718260124629e-11 0.000000000000000000e+00 0.000000000000000000e+00 0.000000000000000000e+00 0.000000000000000000e+00 0.000000000000000000e+00 0.000000000000000000e+00 0.000000000000000000e+00 1.720244000544065344e+00 1.280837532791152089e+00 -1.174339285237706143e+00 -1.203028689838763210e+00 -5.335242620470219410e-02 7.851989394295457725e-01 2.031358296228785498e+00 -2.398403126123011653e+00 -2.622900024333280289e+00 -2.995410681845144474e+00 -2.808887973919194092e+00 -6.057026858964887239e+00 -1.866441421728000538e+00 8.653954443026369292e-01 3.034225901871312026e+00 9.575424206901454127e+00 4.776966514527665630e+00 5.651477455189580112e+00 -9.997833033857241869e-01 -6.410438540172020083e+00 -8.351855492682043192e+00 -5.638305202923586279e+00 7.284028147380643858e+00 6.924030941367671943e+00 5.496611055415400848e+00 1.891879505630766456e+00 -2.816940186784378408e+00 -4.163782282507489718e+00 -1.039330508893226224e+01 -4.172634174204230106e+00 -2.955857880779208191e+00 1.846348052936367390e+00 4.858768744558250141e+00 2.265997125810850665e+00 0.000000000000000000e+00 0.000000000000000000e+00 0.000000000000000000e+00 0.000000000000000000e+00 0.000000000000000000e+00 0.000000000000000000e+00 0.000000000000000000e+00
1.827530459997809328e-03 8.449275959042482379e-04 4.620486243564104686e-03 -5.483808037219024475e-03 -7.310895197616772319e-03 -3.542927529988291503e-03 -4.420394211898614339e-03 -3.949652116153212593e-03 -1.308165961734184934e-03 -1.611085499364188619e-03 -6.829088573228529833e-04 1.443455766051408460e-03 2.225639255345024381e-03 -4.900187707801078457e-03 -1.282269291832790342e-02 -7.909506152409611149e-03 -1.403031068436955131e-02 -8.572104187248233073e-03 1.148972804806872028e-03 2.757016072176558721e-04 8.585479401750648401e-05 -1.060999860561179231e-02 -3.163990576369979076e-04 6.542425906602986436e-07 7.741314958953623519e-07 7.763835745594344663e-07 2.336438921994730062e-07 -2.778973312978735816e-08 -2.601244401733800095e-07 -7.962101353292595148e-07 -3.807926525552629150e-07 -4.205373939218725418e-07 -1.912973267697437190e-07 -1.480650149636641370e-07 -5.054586401031528413e-08 0.000000000000000000e+00 0.000000000000000000e+00 0.000000000000000000e+00 0.000000000000000000e+00 0.000000000000000000e+00 0.000000000000000000e+00 -2.108375577933782274e+00 -6.352073297898467308e-01 1.346304796628124301e+00 1.193383098000957432e+00 -6.556711543836332146e-01 -1.611879506218208080e+00 -2.174252233700664227e-01 2.452081444565943791e+00 2.028422433900341826e+00 2.023923987342042707e+00 -1.387403678989296063e+00 -8.716790074138506483e+00 -6.280601446030379620e+00 -1.175519686748290127e+01 -2.887649255113022839e+00 3.544530361265914919e+00 6.402054144099913913e+00 1.794326406377262018e+01 6.962634897337236950e+00 -9.891745093879984907e+00 -1.515695411627877753e+01 -1.445266725078317727e+01 1.150727289230660055e+01 1.520254256746254740e+01 1.392258478678183842e+01 1.010495358280661193e+01 1.039120685765392338e+01 -1.841912886144685846e+00 -1.606460196756952641e+01 -1.111268377433262522e+01 -1.931679824594867867e+01 -4.331924721172757842e+00 -1.642791015405492772e+00 7.955176388527654963e-01 3.944045280691086841e+00 0.000000000000000000e+00 0.000000000000000000e+00 0.000000000000000000e+00 0.000000000000000000e+00 0.000000000000000000e+00 0.000000000000000000e+00
1.648271936458604522e-02 7.923239655632806399e-04 6.417129250647042767e-03 -6.967359945700136482e-03 -6.946416458127037570e-03 -5.950435069673279745e-03 -1.311212454094491317e-02 -1.497373389053258987e-02 -1.006958957629392783e-02 -1.095695254747391587e-02 -1.887030076788367289e-02 -5.677520291683573264e-03 -3.727360396423912343e-04 -4.546844036053247599e-03 6.883387668042044785e-05 4.161454859324535335e-03 2.781489921607293355e-03 -8.301779038603381358e-03 -5.402670417453634202e-03 -1.542408957187844758e-02 -9.854636508781395438e-03 -1.021446093573468578e-02 3.687340652040762526e-05 1.916916955580950260e-05 3.356681647386145807e-05 2.444034461261567867e-05 -7.731409230359774726e-06 2.700876448100114676e-05 4.308773859566135265e-05 1.716553364524580391e-04 3.983587542754309292e-05 2.037228778668163888e-05 3.369223039532400550e-06 -2.146961753599221185e-06 -5.128093494786154557e-06 -1.165616694470331077e-05 0.000000000000000000e+00 0.000000000000000000e+00 0.000000000000000000e+00 0.000000000000000000e+00 0.000000000000000000e+00 -6.571974596965714177e+00 -2.685355064296391703e+00 4.266698853628089871e+00 3.931982365698271753e+00 -1.499610376417834567e+00 -4.534165061202450886e+00 -2.392676479832106740e+00 8.011133094802300292e+00 7.217987046745311552e+00 7.551921062037038723e+00 -6.790368065291935151e-01 -1.498822920509076440e+01 -1.311003346769227029e+01 -2.857051698627798686e+01 -9.629082069217984596e+00 -4.869252454535200614e-01 1.070329358217044380e+01 3.715713935291838510e+01 1.737300989320867828e+01 -1.743547953984678500e+01 -2.807732154023959836e+01 -2.892467054102855073e+01 2.044308928941915227e+01 2.950524236752419682e+01 2.780250395199735891e+01 2.211989138100518559e+01 2.715315896728588285e+01 -4.982726502543759484e-01 -2.833252426981830396e+01 -2.239060196663017521e+01 -4.289778471268073190e+01 -1.194175926679642075e+01 -8.376640992962281373e+00 -2.175151375308012613e-01 9.316888898069668912e+00 3.649455716560802809e+00 0.000000000000000000e+00 0.000000000000000000e+00 0.000000000000000000e+00 0.000000000000000000e+00 0.000000000000000000e+00
-2.308031646736016795e-02 7.736226529866392209e-04 -6.552379658573425931e-04 -3.595904401419651886e-03 -9.038434499640802394e-03 2.998917629009209985e-03 2.361047832092563400e-02 3.064413748624646855e-02 2.784936492037826464e-02 2.915518624089779437e-02 6.059726459103489948e-02 2.820230153646020865e-02 1.240417531957621611e-02 -7.888922892863916084e-03 -6.239972005516262327e-02 -5.119490611325497320e-02 -7.938040297101058018e-02 -1.254560066982632165e-02 2.739005815296652671e-02 5.756093941253778018e-02 3.549677679034212580e-02 -1.367814231656730266e-02 -1.344770519749535634e-03 3.884626241217200258e-06 8.254515063708581625e-06 1.455638710027188009e-05 1.711966839703483274e-05 5.301575077982163987e-05 2.810049723979946736e-05 4.947364710915620284e-05 -1.770732991082603049e-06 -4.136890820139946245e-05 -2.860870751308211543e-05 -3.450370808099302773e-05 -2.408649461540314212e-05 -2.669569318732603231e-05 1.667797963874673817e-06 0.000000000000000000e+00 0.000000000000000000e+00 0.000000000000000000e+00 0.000000000000000000e+00 5.903674948879612749e+00 2.193513643728257190e+00 -3.811036523846358826e+00 -3.466305993455359058e+00 1.516015826147704137e+00 4.225287737318483394e+00 1.618456601038349874e+00 -7.082539560055586492e+00 -6.206633988120415779e+00 -6.398822261696532898e+00 1.735388541312313349e+00 1.721957891883045377e+01 1.376934807314839482e+01 2.815331042917532045e+01 8.461208732215931505e+00 -3.097745200320062509e+00 -1.245370885343118950e+01 -3.914347164119306655e+01 -1.694181375679881540e+01 1.977121271708965367e+01 3.110295134581578935e+01 3.093340536400126695e+01 -2.309649260672049209e+01 -3.199071295765202549e+01 -2.975929009054401320e+01 -2.274659174233022796e+01 -2.599583718782306363e+01 2.057827156666089952e+00 3.212593822184442871e+01 2.387243752804150887e+01 4.384799975379704051e+01 1.120390268587253502e+01 6.521343806317916325e+00 -6.340461185337145089e-01 -9.282137872669709466e+00 -2.154567361865914688e+00 3.499177393152582027e+00 0.000000000000000000e+00 0.000000000000000000e+00 0.000000000000000000e+00 0.000000000000000000e+00
-1.777458419852608398e-02 1.722538463944230872e-04 -2.348912399317863373e-03 2.893150401421128908e-04 -2.608420369744187707e-03 3.460579805489590478e-03 1.660237015213420625e-02 2.090960913718268449e-02 1.788158687526856042e-02 1.885404423410408023e-02 3.801411313907804984e-02 1.668868996801022714e-02 6.668750652968519731e-03 -2.744588330873042135e-03 -3.287287807444146115e-02 -2.827278784762717392e-02 -4.264611561751318475e-02 -4.005505507009871069e-03 1.615476587026323796e-02 3.526126280271485447e-02 2.185453448894208311e-02 -4.018535604814945685e-03 -7.232602731349430320e-04 -6.491799587771687382e-06 -1.062136610336105037e-05 -7.425010522582916964e-06 4.445747286272090128e-06 8.093013798619017109e-07 -7.303053912461877015e-06 -3.980670000846035436e-05 -1.147121997966613987e-05 -1.337730974839798099e-05 -6.428227624119774661e-06 -6.197398679785576604e-06 -3.497042371850125257e-06 -2.806930269407024926e-06 1.613547996251593060e-06 -2.759479753058316671e-07 0.000000000000000000e+00 0.000000000000000000e+00 0.000000000000000000e+00 5.323469911934770593e+00 2.066415444944386781e+00 -3.445291294026271434e+00 -3.152266692589044794e+00 1.298656158520469228e+00 3.748409224142568608e+00 1.673727499928800766e+00 -6.432472239384402712e+00 -5.708670363175582629e+00 -5.925511445330663207e+00 1.111761403769625067e+00 1.401740944316462034e+01 1.161528730193641756e+01 2.438551186173595653e+01 7.703030946725556660e+00 -1.381123148122079147e+00 -1.009367126585747876e+01 -3.298590819832106291e+01 -1.473852671288588034e+01 1.618474211597733259e+01 2.569294750550254491e+01 2.591108366287481246e+01 -1.893287431702492540e+01 -2.665078079944095535e+01 -2.491953086791789929e+01 -1.935966951150463444e+01 -2.279846876806500333e+01 1.211054201204657899e+00 2.629644924105669190e+01 2.002158407131799933e+01 3.741199596726622900e+01 9.912445216654734992e+00 6.282904126747406615e+00 -2.393415371959914106e-01 -8.004537889653509097e+00 -2.393494089811505354e+00 1.752604176394946256e+00 1.260297071561640392e+00 0.000000000000000000e+00 0.000000000000000000e+00 0.000000000000000000e+00
2.978981797744307755e-02 -2.031488574682401189e-03 -3.729906458144876917e-03 1.203255459238030886e-02 2.223635673535475851e-02 -9.046864833092475812e-04 -3.353355154478485090e-02 -4.519445306464227319e-02 -4.378764651869766766e-02 -4.552282742077874700e-02 -9.755668287944439798e-02 -4.776363314788090869e-02 -2.264763178061888343e-02 1.813288498838680832e-02 1.160326885891997256e-01 9.197919381140116923e-02 1.454675930063009381e-01 2.968074897893624789e-02 -4.638929193681486096e-02 -9.446160232251654687e-02 -5.799661717628926128e-02 3.329074795136766768e-02 2.485197387456715337e-03 -2.793709203810680139e-05 -4.627709220839656897e-05 -4.982431723685745256e-05 -2.473692322231920270e-05 -1.016362406676112068e-04 -7.050740190788173890e-05 -1.856458838410317638e-04 -1.942535406770381059e-05 5.746811322053236155e-05 4.574992567385704312e-05 5.836246337622665921e-05 4.252298429214119139e-05 4.859875503447559267e-05 -7.063289547771578490e-06 -3.817552854272542127e-06 1.717672402729507899e-06 0.000000000000000000e+00 0.000000000000000000e+00 -5.664745246761773600e+00 -1.940120350119084458e+00 3.640455383442375847e+00 3.276486431069666860e+00 -1.581991842342720611e+00 -4.169087670711245863e+00 -1.154995090062076901e+00 6.710510962723146733e+00 5.747362844925901548e+00 5.850872227777304424e+00 -2.503718643084663409e+00 -1.931267376807366887e+01 -1.469133955107554890e+01 -2.886443862071524080e+01 -7.988279807085003625e+00 5.562759774172972627e+00 1.403788767142556004e+01 4.181335915158746985e+01 1.725337162879537090e+01 -2.198958197301915973e+01 -3.416883665158459848e+01 -3.332723457536283007e+01 2.564213950123040320e+01 3.473304612552951909e+01 3.207567504885191312e+01 2.394302018732632220e+01 2.612577840317088373e+01 -3.159563571279737637e+00 -3.573947642093785504e+01 -2.567280073528405993e+01 -4.598325163845151309e+01 -1.109943717402430430e+01 -5.515592012556664869e+00 1.220345982522459849e+00 9.578167572672141361e+00 1.236873705661215572e+00 -5.940889460467960070e+00 2.321673842328753512e+00 3.302564250611741414e+00 0.000000000000000000e+00 0.000000000000000000e+00
1.737028195288389462e-02 -1.359646208919875485e-03 -3.387474979417511630e-03 7.375588505079231673e-03 1.262326130310719059e-02 9.695990617588819962e-04 -1.203830768413795792e-02 -1.693567409221645448e-02 -1.721712235583041165e-02 -1.782142011485047736e-02 -4.008760191465342987e-02 -1.968893551291710231e-02 -1.039062958489798787e-02 9.899046677298378727e-03 5.267997299101876557e-02 4.109838941397225137e-02 6.532769742008803782e-02 1.641955624168654065e-02 -1.870937597012731560e-02 -3.897117966038411707e-02 -2.376675215390226109e-02 1.873552976999228251e-02 1.198481120623061825e-03 2.750455703375898593e-05 2.165832176579575514e-05 -4.711659323483764473e-05 -1.133594806197037137e-04 -2.795999800046961047e-04 -1.139291841778157798e-04 -9.675824330447519740e-05 3.776325402157963370e-05 2.235905752775829139e-04 1.581186334222530777e-04 1.998734224159650697e-04 1.400712846800583567e-04 1.732366911403436928e-04 7.138419751157319736e-05 5.057095646479331795e-05 2.682342097427099355e-05 2.359074637805385057e-05 0.000000000000000000e+00 -3.265322835881469654e+00 -1.420666988790521224e+00 2.128429409662470739e+00 1.979611493864439353e+00 -6.779866107074196124e-01 -2.192264420863124119e+00 -1.395783415939204408e+00 4.024715324749417178e+00 3.694643964166795858e+00 3.902761984674586682e+00 9.232079593303296750e-02 -6.028055883407997584e+00 -5.762037750841454198e+00 -1.324989487772075769e+01 -4.837091994150151564e+00 -1.512462498048597448e+00 4.281643644687394001e+00 1.632927302743285480e+01 8.115532886203336460e+00 -7.170498603787027747e+00 -1.180665658465368750e+01 -1.255625606411176243e+01 8.430275509687945146e+00 1.265205958740218861e+01 1.206216300219132442e+01 9.935694097426845062e+00 1.289737925280747355e+01 3.398491138604384232e-01 -1.163554332761289700e+01 -9.749669064243079220e+00 -1.936978467004225379e+01 -5.760313018020815079e+00 -4.532250219557887760e+00 -4.132573021323252549e-01 4.294418226401333527e+00 2.228477343321807691e+00 1.290364890958640487e+00 -2.899117758085123064e+00 -1.916781721010831552e+00 4.066198121500502971e+00 0.000000000000000000e+00
1.486066681791099568e-02 -1.108263754558514369e-03 -2.618530613022931886e-03 5.009515795886910171e-03 8.203158006958885182e-03 9.681582068235689009e-04 -4.765105044343157133e-03 -6.845234802324236950e-03 -7.334200288135249955e-03 -7.506381880563692613e-03 -1.825075174251093030e-02 -8.588558441651458070e-03 -6.013977241583083611e-03 6.586768470524614720e-03 2.820913686787531599e-02 2.206213156361890373e-02 3.519216132314571116e-02 1.155084114390850410e-02 -7.955599720545587436e-03 -1.894223880471167590e-02 -1.140583103190146927e-02 1.300707065585361352e-02 6.587254508172968835e-04 4.513992640284546367e-05 2.812273629074584411e-05 -1.374194957047159969e-04 -2.885226471688072457e-04 -7.025171916731088586e-04 -2.812821230665732029e-04 -2.267267516784030989e-04 1.128043217025993193e-04 5.961285479588873800e-04 4.124476329926053024e-04 5.150983918448976415e-04 3.578443518836584535e-04 4.315530496343849198e-04 1.722482644010526825e-04 1.172531562388874523e-04 5.944541057885298433e-05 5.104763253552303158e-05 0.000000000000000000e+00 -3.175197594184003158e+00 -1.604313343383468871e+00 2.091780125928427214e+00 1.992029042734085875e+00 -4.868631490989622224e-01 -1.976305938203933632e+00 -1.895242117332091913e+00 4.029073165374320808e+00 3.873974721969767110e+00 4.185755478355511094e+00 1.220905602584830607e+00 -2.102310502684087368e+00 -3.609726485154900910e+00 -1.038854288423195449e+01 -4.874245156399806156e+00 -4.944110534088198783e+00 1.358670290101254396e+00 1.015619132263036839e+01 6.543709986100263443e+00 -2.920414354398287227e+00 -5.673125719681527457e+00 -7.310528029475952039e+00 3.523135720673717053e+00 6.878483754295700692e+00 6.998070018937404768e+00 6.815496145811984263e+00 1.094880055254508378e+01 1.920911393409280299e+00 -4.714387956630710974e+00 -5.763586589902312873e+00 -1.358051169432240535e+01 -5.131368402216318181e+00 -5.402410203165765701e+00 -1.223680058225527389e+00 3.272643035800265388e+00 3.282141252659438013e+00 4.724689979370048754e+00 -5.937472251962017999e+00 -4.675493609398723827e+00 6.946210752684471856e+00 1.724999999999999867e+00
