1.883735912773878374e-05 0.000000000000000000e+00 0.000000000000000000e+00 0.000000000000000000e+00 0.000000000000000000e+00 0.000000000000000000e+00 0.000000000000000000e+00 0.000000000000000000e+00 0.000000000000000000e+00 0.000000000000000000e+00 0.000000000000000000e+00 0.000000000000000000e+00 0.000000000000000000e+00 0.000000000000000000e+00 0.000000000000000000e+00 0.000000000000000000e+00 0.000000000000000000e+00 0.000000000000000000e+00 0.000000000000000000e+00 0.000000000000000000e+00 0.000000000000000000e+00 0.000000000000000000e+00 0.000000000000000000e+00 0.000000000000000000e+00 0.000000000000000000e+00 0.000000000000000000e+00 0.000000000000000000e+00 0.000000000000000000e+00 0.000000000000000000e+00 0.000000000000000000e+00 0.000000000000000000e+00 0.000000000000000000e+00 0.000000000000000000e+00 0.000000000000000000e+00 0.000000000000000000e+00 0.000000000000000000e+00 0.000000000000000000e+00 0.000000000000000000e+00 0.000000000000000000e+00 0.000000000000000000e+00 0.000000000000000000e+00 0.000000000000000000e+00 0.000000000000000000e+00 0.000000000000000000e+00 0.000000000000000000e+00 0.000000000000000000e+00 0.000000000000000000e+00 0.000000000000000000e+00 0.000000000000000000e+00 0.000000000000000000e+00 0.000000000000000000e+00 0.000000000000000000e+00 0.000000000000000000e+00 0.000000000000000000e+00 0.000000000000000000e+00 0.000000000000000000e+00 0.000000000000000000e+00 0.000000000000000000e+00 0.000000000000000000e+00 0.000000000000000000e+00 0.000000000000000000e+00 0.000000000000000000e+00 0.000000000000000000e+00 0.000000000000000000e+00 0.000000000000000000e+00 0.000000000000000000e+00 0.000000000000000000e+00 0.000000000000000000e+00 0.000000000000000000e+00 0.000000000000000000e+00 0.000000000000000000e+00 0.000000000000000000e+00 0.000000000000000000e+00 0.000000000000000000e+00 0.000000000000000000e+00 0.000000000000000000e+00 0.000000000000000000e+00 0.000000000000000000e+00 0.000000000000000000e+00 0.000000000000000000e+00 0.000000000000000000e+00 0.000000000000000000e+00
-3.030736716226229712e-05 2.225712145678670622e-05 0.000000000000000000e+00 0.000000000000000000e+00 0.000000000000000000e+00 0.000000000000000000e+00 0.000000000000000000e+00 0.000000000000000000e+00 0.000000000000000000e+00 0.000000000000000000e+00 0.000000000000000000e+00 0.000000000000000000e+00 0.000000000000000000e+00 0.000000000000000000e+00 0.000000000000000000e+00 0.000000000000000000e+00 0.000000000000000000e+00 0.000000000000000000e+00 0.000000000000000000e+00 0.000000000000000000e+00 0.000000000000000000e+00 0.000000000000000000e+00 0.000000000000000000e+00 0.000000000000000000e+00 0.000000000000000000e+00 0.000000000000000000e+00 0.000000000000000000e+00 0.000000000000000000e+00 0.000000000000000000e+00 0.000000000000000000e+00 0.000000000000000000e+00 0.000000000000000000e+00 0.000000000000000000e+00 0.000000000000000000e+00 0.000000000000000000e+00 0.000000000000000000e+00 0.000000000000000000e+00 0.000000000000000000e+00 0.000000000000000000e+00 0.000000000000000000e+00 0.000000000000000000e+00 0.000000000000000000e+00 0.000000000000000000e+00 0.000000000000000000e+00 0.000000000000000000e+00 0.000000000000000000e+00 0.000000000000000000e+00 0.000000000000000000e+00 0.000000000000000000e+00 0.000000000000000000e+00 0.000000000000000000e+00 0.000000000000000000e+00 0.000000000000000000e+00 0.000000000000000000e+00 0.000000000000000000e+00 0.000000000000000000e+00 0.000000000000000000e+00 0.000000000000000000e+00 0.000000000000000000e+00 0.000000000000000000e+00 0.000000000000000000e+00 0.000000000000000000e+00 0.000000000000000000e+00 0.000000000000000000e+00 0.000000000000000000e+00 0.000000000000000000e+00 0.000000000000000000e+00 0.000000000000000000e+00 0.000000000000000000e+00 0.000000000000000000e+00 0.000000000000000000e+00 0.000000000000000000e+00 0.000000000000000000e+00 0.000000000000000000e+00 0.000000000000000000e+00 0.000000000000000000e+00 0.000000000000000000e+00 0.000000000000000000e+00 0.000000000000000000e+00 0.000000000000000000e+00 0.000000000000000000e+00 0.000000000000000000e+00
-4.207047846790014248e-05 -3.389636160350272480e-07 5.025337349543329286e-05 0.000000000000000000e+00 0.000000000000000000e+00 0.000000000000000000e+00 0.000000000000000000e+00 0.000000000000000000e+00 0.000000000000000000e+00 0.000000000000000000e+00 0.000000000000000000e+00 0.000000000000000000e+00 0.000000000000000000e+00 0.000000000000000000e+00 0.000000000000000000e+00 0.000000000000000000e+00 0.000000000000000000e+00 0.000000000000000000e+00 0.000000000000000000e+00 0.000000000000000000e+00 0.000000000000000000e+00 0.000000000000000000e+00 0.000000000000000000e+00 0.000000000000000000e+00 0.000000000000000000e+00 0.000000000000000000e+00 0.000000000000000000e+00 0.000000000000000000e+00 0.000000000000000000e+00 0.000000000000000000e+00 0.000000000000000000e+00 0.000000000000000000e+00 0.000000000000000000e+00 0.000000000000000000e+00 0.000000000000000000e+00 0.000000000000000000e+00 0.000000000000000000e+00 0.000000000000000000e+00 0.000000000000000000e+00 0.000000000000000000e+00 0.000000000000000000e+00 0.000000000000000000e+00 0.000000000000000000e+00 0.000000000000000000e+00 0.000000000000000000e+00 0.000000000000000000e+00 0.000000000000000000e+00 0.000000000000000000e+00 0.000000000000000000e+00 0.000000000000000000e+00 0.000000000000000000e+00 0.000000000000000000e+00 0.000000000000000000e+00 0.000000000000000000e+00 0.000000000000000000e+00 0.000000000000000000e+00 0.000000000000000000e+00 0.000000000000000000e+00 0.000000000000000000e+00 0.000000000000000000e+00 0.000000000000000000e+00 0.000000000000000000e+00 0.000000000000000000e+00 0.000000000000000000e+00 0.000000000000000000e+00 0.000000000000000000e+00 0.000000000000000000e+00 0.000000000000000000e+00 0.000000000000000000e+00 0.000000000000000000e+00 0.000000000000000000e+00 0.000000000000000000e+00 0.000000000000000000e+00 0.000000000000000000e+00 0.000000000000000000e+00 0.000000000000000000e+00 0.000000000000000000e+00 0.000000000000000000e+00 0.000000000000000000e+00 0.000000000000000000e+00 0.000000000000000000e+00 0.000000000000000000e+00
3.455940011833828849e-05 -2.977187354306257857e-05 7.066507341584044750e-06 6.711298200405545493e-05 0.000000000000000000e+00 0.000000000000000000e+00 0.000000000000000000e+00 0.000000000000000000e+00 0.000000000000000000e+00 0.000000000000000000e+00 0.000000000000000000e+00 0.000000000000000000e+00 0.000000000000000000e+00 0.000000000000000000e+00 0.000000000000000000e+00 0.000000000000000000e+00 0.000000000000000000e+00 0.000000000000000000e+00 0.000000000000000000e+00 0.000000000000000000e+00 0.000000000000000000e+00 0.000000000000000000e+00 0.000000000000000000e+00 0.000000000000000000e+00 0.000000000000000000e+00 0.000000000000000000e+00 0.000000000000000000e+00 0.000000000000000000e+00 0.000000000000000000e+00 0.000000000000000000e+00 0.000000000000000000e+00 0.000000000000000000e+00 0.000000000000000000e+00 0.000000000000000000e+00 0.000000000000000000e+00 0.000000000000000000e+00 0.000000000000000000e+00 0.000000000000000000e+00 0.000000000000000000e+00 0.000000000000000000e+00 0.000000000000000000e+00 0.000000000000000000e+00 0.000000000000000000e+00 0.000000000000000000e+00 0.000000000000000000e+00 0.000000000000000000e+00 0.000000000000000000e+00 0.000000000000000000e+00 0.000000000000000000e+00 0.000000000000000000e+00 0.000000000000000000e+00 0.000000000000000000e+00 0.000000000000000000e+00 0.000000000000000000e+00 0.000000000000000000e+00 0.000000000000000000e+00 0.000000000000000000e+00 0.000000000000000000e+00 0.000000000000000000e+00 0.000000000000000000e+00 0.000000000000000000e+00 0.000000000000000000e+00 0.000000000000000000e+00 0.000000000000000000e+00 0.000000000000000000e+00 0.000000000000000000e+00 0.000000000000000000e+00 0.000000000000000000e+00 0.000000000000000000e+00 0.000000000000000000e+00 0.000000000000000000e+00 0.000000000000000000e+00 0.000000000000000000e+00 0.000000000000000000e+00 0.000000000000000000e+00 0.000000000000000000e+00 0.000000000000000000e+00 0.000000000000000000e+00 0.000000000000000000e+00 0.000000000000000000e+00 0.000000000000000000e+00 0.000000000000000000e+00
1.279897004330987392e-04 -3.903519919299497896e-05 -8.842153418492924074e-05 8.948246658109767289e-05 1.306690652525634220e-04 0.000000000000000000e+00 0.000000000000000000e+00 0.000000000000000000e+00 0.000000000000000000e+00 0.000000000000000000e+00 0.000000000000000000e+00 0.000000000000000000e+00 0.000000000000000000e+00 0.000000000000000000e+00 0.000000000000000000e+00 0.000000000000000000e+00 0.000000000000000000e+00 0.000000000000000000e+00 0.000000000000000000e+00 0.000000000000000000e+00 0.000000000000000000e+00 0.000000000000000000e+00 0.000000000000000000e+00 0.000000000000000000e+00 0.000000000000000000e+00 0.000000000000000000e+00 0.000000000000000000e+00 0.000000000000000000e+00 0.000000000000000000e+00 0.000000000000000000e+00 0.000000000000000000e+00 0.000000000000000000e+00 0.000000000000000000e+00 0.000000000000000000e+00 0.000000000000000000e+00 0.000000000000000000e+00 0.000000000000000000e+00 0.000000000000000000e+00 0.000000000000000000e+00 0.000000000000000000e+00 0.000000000000000000e+00 0.000000000000000000e+00 0.000000000000000000e+00 0.000000000000000000e+00 0.000000000000000000e+00 0.000000000000000000e+00 0.000000000000000000e+00 0.000000000000000000e+00 0.000000000000000000e+00 0.000000000000000000e+00 0.000000000000000000e+00 0.000000000000000000e+00 0.000000000000000000e+00 0.000000000000000000e+00 0.000000000000000000e+00 0.000000000000000000e+00 0.000000000000000000e+00 0.000000000000000000e+00 0.000000000000000000e+00 0.000000000000000000e+00 0.000000000000000000e+00 0.000000000000000000e+00 0.000000000000000000e+00 0.000000000000000000e+00 0.000000000000000000e+00 0.000000000000000000e+00 0.000000000000000000e+00 0.000000000000000000e+00 0.000000000000000000e+00 0.000000000000000000e+00 0.000000000000000000e+00 0.000000000000000000e+00 0.000000000000000000e+00 0.000000000000000000e+00 0.000000000000000000e+00 0.000000000000000000e+00 0.000000000000000000e+00 0.000000000000000000e+00 0.000000000000000000e+00 0.000000000000000000e+00 0.000000000000000000e+00 0.000000000000000000e+00
2.288262515728533772e-04 -5.178324000887218079e-05 -1.870538212352814518e-04 1.197678210475339232e-04 2.666503558905672366e-04 1.223397037142479884e-04 0.000000000000000000e+00 0.000000000000000000e+00 0.000000000000000000e+00 0.000000000000000000e+00 0.000000000000000000e+00 0.000000000000000000e+00 0.000000000000000000e+00 0.000000000000000000e+00 0.000000000000000000e+00 0.000000000000000000e+00 0.000000000000000000e+00 0.000000000000000000e+00 0.000000000000000000e+00 0.000000000000000000e+00 0.000000000000000000e+00 0.000000000000000000e+00 0.000000000000000000e+00 0.000000000000000000e+00 0.000000000000000000e+00 0.000000000000000000e+00 0.000000000000000000e+00 0.000000000000000000e+00 0.000000000000000000e+00 0.000000000000000000e+00 0.000000000000000000e+00 0.000000000000000000e+00 0.000000000000000000e+00 0.000000000000000000e+00 0.000000000000000000e+00 0.000000000000000000e+00 0.000000000000000000e+00 0.000000000000000000e+00 0.000000000000000000e+00 0.000000000000000000e+00 0.000000000000000000e+00 0.000000000000000000e+00 0.000000000000000000e+00 0.000000000000000000e+00 0.000000000000000000e+00 0.000000000000000000e+00 0.000000000000000000e+00 0.000000000000000000e+00 0.000000000000000000e+00 0.000000000000000000e+00 0.000000000000000000e+00 0.000000000000000000e+00 0.000000000000000000e+00 0.000000000000000000e+00 0.000000000000000000e+00 0.000000000000000000e+00 0.000000000000000000e+00 0.000000000000000000e+00 0.000000000000000000e+00 0.000000000000000000e+00 0.000000000000000000e+00 0.000000000000000000e+00 0.000000000000000000e+00 0.000000000000000000e+00 0.000000000000000000e+00 0.000000000000000000e+00 0.000000000000000000e+00 0.000000000000000000e+00 0.000000000000000000e+00 0.000000000000000000e+00 0.000000000000000000e+00 0.000000000000000000e+00 0.000000000000000000e+00 0.000000000000000000e+00 0.000000000000000000e+00 0.000000000000000000e+00 0.000000000000000000e+00 0.000000000000000000e+00 0.000000000000000000e+00 0.000000000000000000e+00 0.000000000000000000e+00 0.000000000000000000e+00
2.495510958065871475e-04 -5.273320837793124116e-05 -2.100126840862147934e-04 1.222623634150311845e-04 2.976625110466822100e-04 1.588316705460410673e-04 9.283641400044056829e-05 0.000000000000000000e+00 0.000000000000000000e+00 0.000000000000000000e+00 0.000000000000000000e+00 0.000000000000000000e+00 0.000000000000000000e+00 0.000000000000000000e+00 0.000000000000000000e+00 0.000000000000000000e+00 0.000000000000000000e+00 0.000000000000000000e+00 0.000000000000000000e+00 0.000000000000000000e+00 0.000000000000000000e+00 0.000000000000000000e+00 0.000000000000000000e+00 0.000000000000000000e+00 0.000000000000000000e+00 0.000000000000000000e+00 0.000000000000000000e+00 0.000000000000000000e+00 0.000000000000000000e+00 0.000000000000000000e+00 0.000000000000000000e+00 0.000000000000000000e+00 0.000000000000000000e+00 0.000000000000000000e+00 0.000000000000000000e+00 0.000000000000000000e+00 0.000000000000000000e+00 0.000000000000000000e+00 0.000000000000000000e+00 0.000000000000000000e+00 0.000000000000000000e+00 0.000000000000000000e+00 0.000000000000000000e+00 0.000000000000000000e+00 0.000000000000000000e+00 0.000000000000000000e+00 0.000000000000000000e+00 0.000000000000000000e+00 0.000000000000000000e+00 0.000000000000000000e+00 0.000000000000000000e+00 0.000000000000000000e+00 0.000000000000000000e+00 0.000000000000000000e+00 0.000000000000000000e+00 0.000000000000000000e+00 0.000000000000000000e+00 0.000000000000000000e+00 0.000000000000000000e+00 0.000000000000000000e+00 0.000000000000000000e+00 0.000000000000000000e+00 0.000000000000000000e+00 0.000000000000000000e+00 0.000000000000000000e+00 0.000000000000000000e+00 0.000000000000000000e+00 0.000000000000000000e+00 0.000000000000000000e+00 0.000000000000000000e+00 0.000000000000000000e+00 0.000000000000000000e+00 0.000000000000000000e+00 0.000000000000000000e+00 0.000000000000000000e+00 0.000000000000000000e+00 0.000000000000000000e+00 0.000000000000000000e+00 0.000000000000000000e+00 0.000000000000000000e+00 0.000000000000000000e+00 0.000000000000000000e+00
2.789783663827200997e-04 -5.554545764681814430e-05 -2.402576071714814551e-04 1.290726303588042849e-04 3.390120083011609461e-04 2.007038068088971903e-04 1.883306163612094748e-04 9.220428333985778834e-05 0.000000000000000000e+00 0.000000000000000000e+00 0.000000000000000000e+00 0.000000000000000000e+00 0.000000000000000000e+00 0.000000000000000000e+00 0.000000000000000000e+00 0.000000000000000000e+00 0.000000000000000000e+00 0.000000000000000000e+00 0.000000000000000000e+00 0.000000000000000000e+00 0.000000000000000000e+00 0.000000000000000000e+00 0.000000000000000000e+00 0.000000000000000000e+00 0.000000000000000000e+00 0.000000000000000000e+00 0.000000000000000000e+00 0.000000000000000000e+00 0.000000000000000000e+00 0.000000000000000000e+00 0.000000000000000000e+00 0.000000000000000000e+00 0.000000000000000000e+00 0.000000000000000000e+00 0.000000000000000000e+00 0.000000000000000000e+00 0.000000000000000000e+00 0.000000000000000000e+00 0.000000000000000000e+00 0.000000000000000000e+00 0.000000000000000000e+00 0.000000000000000000e+00 0.000000000000000000e+00 0.000000000000000000e+00 0.000000000000000000e+00 0.000000000000000000e+00 0.000000000000000000e+00 0.000000000000000000e+00 0.000000000000000000e+00 0.000000000000000000e+00 0.000000000000000000e+00 0.000000000000000000e+00 0.000000000000000000e+00 0.000000000000000000e+00 0.000000000000000000e+00 0.000000000000000000e+00 0.000000000000000000e+00 0.000000000000000000e+00 0.000000000000000000e+00 0.000000000000000000e+00 0.000000000000000000e+00 0.000000000000000000e+00 0.000000000000000000e+00 0.000000000000000000e+00 0.000000000000000000e+00 0.000000000000000000e+00 0.000000000000000000e+00 0.000000000000000000e+00 0.000000000000000000e+00 0.000000000000000000e+00 0.000000000000000000e+00 0.000000000000000000e+00 0.000000000000000000e+00 0.000000000000000000e+00 0.000000000000000000e+00 0.000000000000000000e+00 0.000000000000000000e+00 0.000000000000000000e+00 0.000000000000000000e+00 0.000000000000000000e+00 0.000000000000000000e+00 0.000000000000000000e+00
2.436685316834197833e-04 -4.753973348523773685e-05 -2.114179564672878978e-04 1.105576467628166212e-04 2.978933512770816708e-04 1.819285533684423064e-04 1.887061840528558474e-04 1.069393136682237738e-04 2.951889539692924025e-05 0.000000000000000000e+00 0.000000000000000000e+00 0.000000000000000000e+00 0.000000000000000000e+00 0.000000000000000000e+00 0.000000000000000000e+00 0.000000000000000000e+00 0.000000000000000000e+00 0.000000000000000000e+00 0.000000000000000000e+00 0.000000000000000000e+00 0.000000000000000000e+00 0.000000000000000000e+00 0.000000000000000000e+00 0.000000000000000000e+00 0.000000000000000000e+00 0.000000000000000000e+00 0.000000000000000000e+00 0.000000000000000000e+00 0.000000000000000000e+00 0.000000000000000000e+00 0.000000000000000000e+00 0.000000000000000000e+00 0.000000000000000000e+00 0.000000000000000000e+00 0.000000000000000000e+00 0.000000000000000000e+00 0.000000000000000000e+00 0.000000000000000000e+00 0.000000000000000000e+00 0.000000000000000000e+00 0.000000000000000000e+00 0.000000000000000000e+00 0.000000000000000000e+00 0.000000000000000000e+00 0.000000000000000000e+00 0.000000000000000000e+00 0.000000000000000000e+00 0.000000000000000000e+00 0.000000000000000000e+00 0.000000000000000000e+00 0.000000000000000000e+00 0.000000000000000000e+00 0.000000000000000000e+00 0.000000000000000000e+00 0.000000000000000000e+00 0.000000000000000000e+00 0.000000000000000000e+00 0.000000000000000000e+00 0.000000000000000000e+00 0.000000000000000000e+00 0.000000000000000000e+00 0.000000000000000000e+00 0.000000000000000000e+00 0.000000000000000000e+00 0.000000000000000000e+00 0.000000000000000000e+00 0.000000000000000000e+00 0.000000000000000000e+00 0.000000000000000000e+00 0.000000000000000000e+00 0.000000000000000000e+00 0.000000000000000000e+00 0.000000000000000000e+00 0.000000000000000000e+00 0.000000000000000000e+00 0.000000000000000000e+00 0.000000000000000000e+00 0.000000000000000000e+00 0.000000000000000000e+00 0.000000000000000000e+00 0.000000000000000000e+00 0.000000000000000000e+00
1.793979248584909834e-04 -2.765693517152858165e-05 -1.674689396346593767e-04 6.499583351460161505e-05 2.327929945621232534e-04 1.838384559941063767e-04 3.212171742502370128e-04 2.775268889648585383e-04 2.439690389802323667e-04 1.941080580122438452e-04 0.000000000000000000e+00 0.000000000000000000e+00 0.000000000000000000e+00 0.000000000000000000e+00 0.000000000000000000e+00 0.000000000000000000e+00 0.000000000000000000e+00 0.000000000000000000e+00 0.000000000000000000e+00 0.000000000000000000e+00 0.000000000000000000e+00 0.000000000000000000e+00 0.000000000000000000e+00 0.000000000000000000e+00 0.000000000000000000e+00 0.000000000000000000e+00 0.000000000000000000e+00 0.000000000000000000e+00 0.000000000000000000e+00 0.000000000000000000e+00 0.000000000000000000e+00 0.000000000000000000e+00 0.000000000000000000e+00 0.000000000000000000e+00 0.000000000000000000e+00 0.000000000000000000e+00 0.000000000000000000e+00 0.000000000000000000e+00 0.000000000000000000e+00 0.000000000000000000e+00 0.000000000000000000e+00 0.000000000000000000e+00 0.000000000000000000e+00 0.000000000000000000e+00 0.000000000000000000e+00 0.000000000000000000e+00 0.000000000000000000e+00 0.000000000000000000e+00 0.000000000000000000e+00 0.000000000000000000e+00 0.000000000000000000e+00 0.000000000000000000e+00 0.000000000000000000e+00 0.000000000000000000e+00 0.000000000000000000e+00 0.000000000000000000e+00 0.000000000000000000e+00 0.000000000000000000e+00 0.000000000000000000e+00 0.000000000000000000e+00 0.000000000000000000e+00 0.000000000000000000e+00 0.000000000000000000e+00 0.000000000000000000e+00 0.000000000000000000e+00 0.000000000000000000e+00 0.000000000000000000e+00 0.000000000000000000e+00 0.000000000000000000e+00 0.000000000000000000e+00 0.000000000000000000e+00 0.000000000000000000e+00 0.000000000000000000e+00 0.000000000000000000e+00 0.000000000000000000e+00 0.000000000000000000e+00 0.000000000000000000e+00 0.000000000000000000e+00 0.000000000000000000e+00 0.000000000000000000e+00 0.000000000000000000e+00 0.000000000000000000e+00
-3.889271118237339460e-05 1.194827748905150002e-05 2.672980583148868968e-05 -2.738456930959228089e-05 -3.954819637382337924e-05 5.877556713589097072e-07 7.811260634424225819e-05 1.009663277519226837e-04 1.272424616543560048e-04 1.152528566613487515e-04 2.300539013071273222e-04 0.000000000000000000e+00 0.000000000000000000e+00 0.000000000000000000e+00 0.000000000000000000e+00 0.000000000000000000e+00 0.000000000000000000e+00 0.000000000000000000e+00 0.000000000000000000e+00 0.000000000000000000e+00 0.000000000000000000e+00 0.000000000000000000e+00 0.000000000000000000e+00 0.000000000000000000e+00 0.000000000000000000e+00 0.000000000000000000e+00 0.000000000000000000e+00 0.000000000000000000e+00 0.000000000000000000e+00 0.000000000000000000e+00 0.000000000000000000e+00 0.000000000000000000e+00 0.000000000000000000e+00 0.000000000000000000e+00 0.000000000000000000e+00 0.000000000000000000e+00 0.000000000000000000e+00 0.000000000000000000e+00 0.000000000000000000e+00 0.000000000000000000e+00 0.000000000000000000e+00 0.000000000000000000e+00 0.000000000000000000e+00 0.000000000000000000e+00 0.000000000000000000e+00 0.000000000000000000e+00 0.000000000000000000e+00 0.000000000000000000e+00 0.000000000000000000e+00 0.000000000000000000e+00 0.000000000000000000e+00 0.000000000000000000e+00 0.000000000000000000e+00 0.000000000000000000e+00 0.000000000000000000e+00 0.000000000000000000e+00 0.000000000000000000e+00 0.000000000000000000e+00 0.000000000000000000e+00 0.000000000000000000e+00 0.000000000000000000e+00 0.000000000000000000e+00 0.000000000000000000e+00 0.000000000000000000e+00 0.000000000000000000e+00 0.000000000000000000e+00 0.000000000000000000e+00 0.000000000000000000e+00 0.000000000000000000e+00 0.000000000000000000e+00 0.000000000000000000e+00 0.000000000000000000e+00 0.000000000000000000e+00 0.000000000000000000e+00 0.000000000000000000e+00 0.000000000000000000e+00 0.000000000000000000e+00 0.000000000000000000e+00 0.000000000000000000e+00 0.000000000000000000e+00 0.000000000000000000e+00 0.000000000000000000e+00
-2.322832917043604129e-04 5.208507603620129517e-05 1.906528344719574390e-04 -1.205041343014928972e-04 -2.715603482754502633e-04 -1.274526466099111348e-04 -1.192683308509255481e-05 8.123191030662922489e-05 1.766350091030100856e-04 1.788566624349278446e-04 6.290164575498599078e-04 2.416885115345027385e-04 0.000000000000000000e+00 0.000000000000000000e+00 0.000000000000000000e+00 0.000000000000000000e+00 0.000000000000000000e+00 0.000000000000000000e+00 0.000000000000000000e+00 0.000000000000000000e+00 0.000000000000000000e+00 0.000000000000000000e+00 0.000000000000000000e+00 0.000000000000000000e+00 0.000000000000000000e+00 0.000000000000000000e+00 0.000000000000000000e+00 0.000000000000000000e+00 0.000000000000000000e+00 0.000000000000000000e+00 0.000000000000000000e+00 0.000000000000000000e+00 0.000000000000000000e+00 0.000000000000000000e+00 0.000000000000000000e+00 0.000000000000000000e+00 0.000000000000000000e+00 0.000000000000000000e+00 0.000000000000000000e+00 0.000000000000000000e+00 0.000000000000000000e+00 0.000000000000000000e+00 0.000000000000000000e+00 0.000000000000000000e+00 0.000000000000000000e+00 0.000000000000000000e+00 0.000000000000000000e+00 0.000000000000000000e+00 0.000000000000000000e+00 0.000000000000000000e+00 0.000000000000000000e+00 0.000000000000000000e+00 0.000000000000000000e+00 0.000000000000000000e+00 0.000000000000000000e+00 0.000000000000000000e+00 0.000000000000000000e+00 0.000000000000000000e+00 0.000000000000000000e+00 0.000000000000000000e+00 0.000000000000000000e+00 0.000000000000000000e+00 0.000000000000000000e+00 0.000000000000000000e+00 0.000000000000000000e+00 0.000000000000000000e+00 0.000000000000000000e+00 0.000000000000000000e+00 0.000000000000000000e+00 0.000000000000000000e+00 0.000000000000000000e+00 0.000000000000000000e+00 0.000000000000000000e+00 0.000000000000000000e+00 0.000000000000000000e+00 0.000000000000000000e+00 0.000000000000000000e+00 0.000000000000000000e+00 0.000000000000000000e+00 0.000000000000000000e+00 0.000000000000000000e+00 0.000000000000000000e+00
-1.294263694607415184e-04 2.648231280119269816e-05 1.103153176626183677e-04 -6.147328780539717576e-05 -1.559694562584194161e-04 -8.826719519749320637e-05 -6.967091528006280263e-05 -2.347184027514512467e-05 2.158087091388814302e-05 3.254410980981406573e-05 2.523500604870080157e-04 1.665042528380532186e-04 2.532300287902361047e-04 0.000000000000000000e+00 0.000000000000000000e+00 0.000000000000000000e+00 0.000000000000000000e+00 0.000000000000000000e+00 0.000000000000000000e+00 0.000000000000000000e+00 0.000000000000000000e+00 0.000000000000000000e+00 0.000000000000000000e+00 0.000000000000000000e+00 0.000000000000000000e+00 0.000000000000000000e+00 0.000000000000000000e+00 0.000000000000000000e+00 0.000000000000000000e+00 0.000000000000000000e+00 0.000000000000000000e+00 0.000000000000000000e+00 0.000000000000000000e+00 0.000000000000000000e+00 0.000000000000000000e+00 0.000000000000000000e+00 0.000000000000000000e+00 0.000000000000000000e+00 0.000000000000000000e+00 0.000000000000000000e+00 0.000000000000000000e+00 0.000000000000000000e+00 0.000000000000000000e+00 0.000000000000000000e+00 0.000000000000000000e+00 0.000000000000000000e+00 0.000000000000000000e+00 0.000000000000000000e+00 0.000000000000000000e+00 0.000000000000000000e+00 0.000000000000000000e+00 0.000000000000000000e+00 0.000000000000000000e+00 0.000000000000000000e+00 0.000000000000000000e+00 0.000000000000000000e+00 0.000000000000000000e+00 0.000000000000000000e+00 0.000000000000000000e+00 0.000000000000000000e+00 0.000000000000000000e+00 0.000000000000000000e+00 0.000000000000000000e+00 0.000000000000000000e+00 0.000000000000000000e+00 0.000000000000000000e+00 0.000000000000000000e+00 0.000000000000000000e+00 0.000000000000000000e+00 0.000000000000000000e+00 0.000000000000000000e+00 0.000000000000000000e+00 0.000000000000000000e+00 0.000000000000000000e+00 0.000000000000000000e+00 0.000000000000000000e+00 0.000000000000000000e+00 0.000000000000000000e+00 0.000000000000000000e+00 0.000000000000000000e+00 0.000000000000000000e+00 0.000000000000000000e+00
-1.879604649631662046e-04 3.478127839027319348e-05 1.661236019344910836e-04 -8.106108546400688582e-05 -2.332553648464468388e-04 -1.531758695597664464e-04 -1.924730538835125321e-04 -1.336485028006470564e-04 -7.996070283534240227e-05 -4.995197989089650238e-05 2.243309595820766015e-04 2.879238758814574653e-04 7.345616315635721677e-04 2.552966064613334260e-04 0.000000000000000000e+00 0.000000000000000000e+00 0.000000000000000000e+00 0.000000000000000000e+00 0.000000000000000000e+00 0.000000000000000000e+00 0.000000000000000000e+00 0.000000000000000000e+00 0.000000000000000000e+00 0.000000000000000000e+00 0.000000000000000000e+00 0.000000000000000000e+00 0.000000000000000000e+00 0.000000000000000000e+00 0.000000000000000000e+00 0.000000000000000000e+00 0.000000000000000000e+00 0.000000000000000000e+00 0.000000000000000000e+00 0.000000000000000000e+00 0.000000000000000000e+00 0.000000000000000000e+00 0.000000000000000000e+00 0.000000000000000000e+00 0.000000000000000000e+00 0.000000000000000000e+00 0.000000000000000000e+00 0.000000000000000000e+00 0.000000000000000000e+00 0.000000000000000000e+00 0.000000000000000000e+00 0.000000000000000000e+00 0.000000000000000000e+00 0.000000000000000000e+00 0.000000000000000000e+00 0.000000000000000000e+00 0.000000000000000000e+00 0.000000000000000000e+00 0.000000000000000000e+00 0.000000000000000000e+00 0.000000000000000000e+00 0.000000000000000000e+00 0.000000000000000000e+00 0.000000000000000000e+00 0.000000000000000000e+00 0.000000000000000000e+00 0.000000000000000000e+00 0.000000000000000000e+00 0.000000000000000000e+00 0.000000000000000000e+00 0.000000000000000000e+00 0.000000000000000000e+00 0.000000000000000000e+00 0.000000000000000000e+00 0.000000000000000000e+00 0.000000000000000000e+00 0.000000000000000000e+00 0.000000000000000000e+00 0.000000000000000000e+00 0.000000000000000000e+00 0.000000000000000000e+00 0.000000000000000000e+00 0.000000000000000000e+00 0.000000000000000000e+00 0.000000000000000000e+00 0.000000000000000000e+00 0.000000000000000000e+00 0.000000000000000000e+00
-2.445630111858057839e-05 2.355295806511750579e-06 2.510670724688027553e-05 -5.700279707683942314e-06 -3.433136719059855864e-05 -3.467593362814436821e-05 -7.891360022354784731e-05 -7.613872958057350837e-05 -7.608094293562066074e-05 -6.386376438617520049e-05 -5.468917135414479250e-05 6.467553809310327810e-05 3.120219718411807721e-04 1.838631654432455677e-04 2.624077114172679607e-04 0.000000000000000000e+00 0.000000000000000000e+00 0.000000000000000000e+00 0.000000000000000000e+00 0.000000000000000000e+00 0.000000000000000000e+00 0.000000000000000000e+00 0.000000000000000000e+00 0.000000000000000000e+00 0.000000000000000000e+00 0.000000000000000000e+00 0.000000000000000000e+00 0.000000000000000000e+00 0.000000000000000000e+00 0.000000000000000000e+00 0.000000000000000000e+00 0.000000000000000000e+00 0.000000000000000000e+00 0.000000000000000000e+00 0.000000000000000000e+00 0.000000000000000000e+00 0.000000000000000000e+00 0.000000000000000000e+00 0.000000000000000000e+00 0.000000000000000000e+00 0.000000000000000000e+00 0.000000000000000000e+00 0.000000000000000000e+00 0.000000000000000000e+00 0.000000000000000000e+00 0.000000000000000000e+00 0.000000000000000000e+00 0.000000000000000000e+00 0.000000000000000000e+00 0.000000000000000000e+00 0.000000000000000000e+00 0.000000000000000000e+00 0.000000000000000000e+00 0.000000000000000000e+00 0.000000000000000000e+00 0.000000000000000000e+00 0.000000000000000000e+00 0.000000000000000000e+00 0.000000000000000000e+00 0.000000000000000000e+00 0.000000000000000000e+00 0.000000000000000000e+00 0.000000000000000000e+00 0.000000000000000000e+00 0.000000000000000000e+00 0.000000000000000000e+00 0.000000000000000000e+00 0.000000000000000000e+00 0.000000000000000000e+00 0.000000000000000000e+00 0.000000000000000000e+00 0.000000000000000000e+00 0.000000000000000000e+00 0.000000000000000000e+00 0.000000000000000000e+00 0.000000000000000000e+00 0.000000000000000000e+00 0.000000000000000000e+00 0.000000000000000000e+00 0.000000000000000000e+00 0.000000000000000000e+00 0.000000000000000000e+00
8.794652858908180823e-05 -2.273671962770047473e-05 -6.733143635602647635e-05 5.236165758903603515e-05 9.728356962930196261e-05 2.776101940145447660e-05 -7.035797840372528394e-05 -1.124108389436480207e-04 -1.581609518724765820e-04 -1.474484628461431414e-04 -3.547377258708997796e-04 -5.368494808129546729e-05 3.008354042211389308e-04 3.291430405167479457e-04 7.814045859874380181e-04 2.617726317620817358e-04 0.000000000000000000e+00 0.000000000000000000e+00 0.000000000000000000e+00 0.000000000000000000e+00 0.000000000000000000e+00 0.000000000000000000e+00 0.000000000000000000e+00 0.000000000000000000e+00 0.000000000000000000e+00 0.000000000000000000e+00 0.000000000000000000e+00 0.000000000000000000e+00 0.000000000000000000e+00 0.000000000000000000e+00 0.000000000000000000e+00 0.000000000000000000e+00 0.000000000000000000e+00 0.000000000000000000e+00 0.000000000000000000e+00 0.000000000000000000e+00 0.000000000000000000e+00 0.000000000000000000e+00 0.000000000000000000e+00 0.000000000000000000e+00 0.000000000000000000e+00 0.000000000000000000e+00 0.000000000000000000e+00 0.000000000000000000e+00 0.000000000000000000e+00 0.000000000000000000e+00 0.000000000000000000e+00 0.000000000000000000e+00 0.000000000000000000e+00 0.000000000000000000e+00 0.000000000000000000e+00 0.000000000000000000e+00 0.000000000000000000e+00 0.000000000000000000e+00 0.000000000000000000e+00 0.000000000000000000e+00 0.000000000000000000e+00 0.000000000000000000e+00 0.000000000000000000e+00 0.000000000000000000e+00 0.000000000000000000e+00 0.000000000000000000e+00 0.000000000000000000e+00 0.000000000000000000e+00 0.000000000000000000e+00 0.000000000000000000e+00 0.000000000000000000e+00 0.000000000000000000e+00 0.000000000000000000e+00 0.000000000000000000e+00 0.000000000000000000e+00 0.000000000000000000e+00 0.000000000000000000e+00 0.000000000000000000e+00 0.000000000000000000e+00 0.000000000000000000e+00 0.000000000000000000e+00 0.000000000000000000e+00 0.000000000000000000e+00 0.000000000000000000e+00 0.000000000000000000e+00 0.000000000000000000e+00
8.658284247706684732e-05 -1.883805827020249056e-05 -7.199272918090695098e-05 4.363003074074419296e-05 1.022808681035597433e-04 5.142446271619322961e-05 1.875532358317098919e-05 -1.467326860450602491e-05 -4.839423127278428036e-05 -5.143044363175374258e-05 -2.121832171287587774e-04 -9.731714261560170474e-05 -5.749476382770775092e-05 7.788881304109214422e-05 3.405212490400372238e-04 1.926488002146410671e-04 2.673354114870537960e-04 0.000000000000000000e+00 0.000000000000000000e+00 0.000000000000000000e+00 0.000000000000000000e+00 0.000000000000000000e+00 0.000000000000000000e+00 0.000000000000000000e+00 0.000000000000000000e+00 0.000000000000000000e+00 0.000000000000000000e+00 0.000000000000000000e+00 0.000000000000000000e+00 0.000000000000000000e+00 0.000000000000000000e+00 0.000000000000000000e+00 0.000000000000000000e+00 0.000000000000000000e+00 0.000000000000000000e+00 0.000000000000000000e+00 0.000000000000000000e+00 0.000000000000000000e+00 0.000000000000000000e+00 0.000000000000000000e+00 0.000000000000000000e+00 0.000000000000000000e+00 0.000000000000000000e+00 0.000000000000000000e+00 0.000000000000000000e+00 0.000000000000000000e+00 0.000000000000000000e+00 0.000000000000000000e+00 0.000000000000000000e+00 0.000000000000000000e+00 0.000000000000000000e+00 0.000000000000000000e+00 0.000000000000000000e+00 0.000000000000000000e+00 0.000000000000000000e+00 0.000000000000000000e+00 0.000000000000000000e+00 0.000000000000000000e+00 0.000000000000000000e+00 0.000000000000000000e+00 0.000000000000000000e+00 0.000000000000000000e+00 0.000000000000000000e+00 0.000000000000000000e+00 0.000000000000000000e+00 0.000000000000000000e+00 0.000000000000000000e+00 0.000000000000000000e+00 0.000000000000000000e+00 0.000000000000000000e+00 0.000000000000000000e+00 0.000000000000000000e+00 0.000000000000000000e+00 0.000000000000000000e+00 0.000000000000000000e+00 0.000000000000000000e+00 0.000000000000000000e+00 0.000000000000000000e+00 0.000000000000000000e+00 0.000000000000000000e+00 0.000000000000000000e+00 0.000000000000000000e+00
2.005556479339912299e-04 -4.006382669232256102e-05 -1.725062576123133763e-04 9.308552281782903537e-05 2.434701987772056855e-04 1.433838214998353806e-04 1.320987800094869402e-04 6.269616367750224036e-05 -4.012070002070012686e-06 -2.472520177555221404e-05 -3.534502549689738302e-04 -2.702041930894252169e-04 -4.893850667278705751e-04 -6.750249645771393332e-05 3.569156154602570524e-04 3.807084189572447117e-04 8.884976522130620148e-04 2.981584803698074902e-04 0.000000000000000000e+00 0.000000000000000000e+00 0.000000000000000000e+00 0.000000000000000000e+00 0.000000000000000000e+00 0.000000000000000000e+00 0.000000000000000000e+00 0.000000000000000000e+00 0.000000000000000000e+00 0.000000000000000000e+00 0.000000000000000000e+00 0.000000000000000000e+00 0.000000000000000000e+00 0.000000000000000000e+00 0.000000000000000000e+00 0.000000000000000000e+00 0.000000000000000000e+00 0.000000000000000000e+00 0.000000000000000000e+00 0.000000000000000000e+00 0.000000000000000000e+00 0.000000000000000000e+00 0.000000000000000000e+00 0.000000000000000000e+00 0.000000000000000000e+00 0.000000000000000000e+00 0.000000000000000000e+00 0.000000000000000000e+00 0.000000000000000000e+00 0.000000000000000000e+00 0.000000000000000000e+00 0.000000000000000000e+00 0.000000000000000000e+00 0.000000000000000000e+00 0.000000000000000000e+00 0.000000000000000000e+00 0.000000000000000000e+00 0.000000000000000000e+00 0.000000000000000000e+00 0.000000000000000000e+00 0.000000000000000000e+00 0.000000000000000000e+00 0.000000000000000000e+00 0.000000000000000000e+00 0.000000000000000000e+00 0.000000000000000000e+00 0.000000000000000000e+00 0.000000000000000000e+00 0.000000000000000000e+00 0.000000000000000000e+00 0.000000000000000000e+00 0.000000000000000000e+00 0.000000000000000000e+00 0.000000000000000000e+00 0.000000000000000000e+00 0.000000000000000000e+00 0.000000000000000000e+00 0.000000000000000000e+00 0.000000000000000000e+00 0.000000000000000000e+00 0.000000000000000000e+00 0.000000000000000000e+00 0.000000000000000000e+00 0.000000000000000000e+00
1.959903755004190062e-04 -3.775703247913718218e-05 -1.708235929385307542e-04 8.785148774793277769e-05 2.404870157500523344e-04 1.495969852538485542e-04 1.637142578113941660e-04 9.902722526652121523e-05 3.828995975695060250e-05 1.270578404700068844e-05 -2.914961932771859519e-04 -2.815430921508499775e-04 -6.173549035900297022e-04 -1.627861017186090636e-04 1.801411092453233270e-04 3.464498939626852662e-04 9.734256225054514679e-04 4.078113668480928128e-04 2.845606882754002690e-04 0.000000000000000000e+00 0.000000000000000000e+00 0.000000000000000000e+00 0.000000000000000000e+00 0.000000000000000000e+00 0.000000000000000000e+00 0.000000000000000000e+00 0.000000000000000000e+00 0.000000000000000000e+00 0.000000000000000000e+00 0.000000000000000000e+00 0.000000000000000000e+00 0.000000000000000000e+00 0.000000000000000000e+00 0.000000000000000000e+00 0.000000000000000000e+00 0.000000000000000000e+00 0.000000000000000000e+00 0.000000000000000000e+00 0.000000000000000000e+00 0.000000000000000000e+00 0.000000000000000000e+00 0.000000000000000000e+00 0.000000000000000000e+00 0.000000000000000000e+00 0.000000000000000000e+00 0.000000000000000000e+00 0.000000000000000000e+00 0.000000000000000000e+00 0.000000000000000000e+00 0.000000000000000000e+00 0.000000000000000000e+00 0.000000000000000000e+00 0.000000000000000000e+00 0.000000000000000000e+00 0.000000000000000000e+00 0.000000000000000000e+00 0.000000000000000000e+00 0.000000000000000000e+00 0.000000000000000000e+00 0.000000000000000000e+00 0.000000000000000000e+00 0.000000000000000000e+00 0.000000000000000000e+00 0.000000000000000000e+00 0.000000000000000000e+00 0.000000000000000000e+00 0.000000000000000000e+00 0.000000000000000000e+00 0.000000000000000000e+00 0.000000000000000000e+00 0.000000000000000000e+00 0.000000000000000000e+00 0.000000000000000000e+00 0.000000000000000000e+00 0.000000000000000000e+00 0.000000000000000000e+00 0.000000000000000000e+00 0.000000000000000000e+00 0.000000000000000000e+00 0.000000000000000000e+00 0.000000000000000000e+00 0.000000000000000000e+00
1.051172469802898472e-04 -2.005190627215768971e-05 -9.193894164772744367e-05 4.667449428453678353e-05 1.293469808740140828e-04 8.158443169135350505e-05 9.273739867172890651e-05 5.848984149719317724e-05 2.654823043267296392e-05 1.206553521880626482e-05 -1.486628427265857064e-04 -1.534934361579421086e-04 -3.509240371820021771e-04 -1.010980713773188775e-04 7.259677802849980152e-05 1.821695403375528691e-04 5.370622899944718382e-04 2.353089627016008824e-04 1.931493597434704628e-04 3.960586266926472207e-05 0.000000000000000000e+00 0.000000000000000000e+00 0.000000000000000000e+00 0.000000000000000000e+00 0.000000000000000000e+00 0.000000000000000000e+00 0.000000000000000000e+00 0.000000000000000000e+00 0.000000000000000000e+00 0.000000000000000000e+00 0.000000000000000000e+00 0.000000000000000000e+00 0.000000000000000000e+00 0.000000000000000000e+00 0.000000000000000000e+00 0.000000000000000000e+00 0.000000000000000000e+00 0.000000000000000000e+00 0.000000000000000000e+00 0.000000000000000000e+00 0.000000000000000000e+00 0.000000000000000000e+00 0.000000000000000000e+00 0.000000000000000000e+00 0.000000000000000000e+00 0.000000000000000000e+00 0.000000000000000000e+00 0.000000000000000000e+00 0.000000000000000000e+00 0.000000000000000000e+00 0.000000000000000000e+00 0.000000000000000000e+00 0.000000000000000000e+00 0.000000000000000000e+00 0.000000000000000000e+00 0.000000000000000000e+00 0.000000000000000000e+00 0.000000000000000000e+00 0.000000000000000000e+00 0.000000000000000000e+00 0.000000000000000000e+00 0.000000000000000000e+00 0.000000000000000000e+00 0.000000000000000000e+00 0.000000000000000000e+00 0.000000000000000000e+00 0.000000000000000000e+00 0.000000000000000000e+00 0.000000000000000000e+00 0.000000000000000000e+00 0.000000000000000000e+00 0.000000000000000000e+00 0.000000000000000000e+00 0.000000000000000000e+00 0.000000000000000000e+00 0.000000000000000000e+00 0.000000000000000000e+00 0.000000000000000000e+00 0.000000000000000000e+00 0.000000000000000000e+00 0.000000000000000000e+00 0.000000000000000000e+00
-1.183044505390385288e-04 2.302638783942662670e-05 1.027345357481267932e-04 -5.355485603145728320e-05 -1.447319112928459198e-04 -8.870125209598907971e-05 -9.298002152032165159e-05 -5.340429781341261519e-05 -1.599057973605996403e-05 -1.448801916292667636e-06 1.850499241008580467e-04 1.669951117092260669e-04 3.491783157020861197e-04 8.192523476341169908e-05 -1.371935239170300931e-04 -2.134435644181576744e-04 -5.698405695906925972e-04 -2.265179034516842595e-04 -1.237540875012301195e-04 4.692057285948665862e-05 4.907236513809268828e-05 0.000000000000000000e+00 0.000000000000000000e+00 0.000000000000000000e+00 0.000000000000000000e+00 0.000000000000000000e+00 0.000000000000000000e+00 0.000000000000000000e+00 0.000000000000000000e+00 0.000000000000000000e+00 0.000000000000000000e+00 0.000000000000000000e+00 0.000000000000000000e+00 0.000000000000000000e+00 0.000000000000000000e+00 0.000000000000000000e+00 0.000000000000000000e+00 0.000000000000000000e+00 0.000000000000000000e+00 0.000000000000000000e+00 0.000000000000000000e+00 0.000000000000000000e+00 0.000000000000000000e+00 0.000000000000000000e+00 0.000000000000000000e+00 0.000000000000000000e+00 0.000000000000000000e+00 0.000000000000000000e+00 0.000000000000000000e+00 0.000000000000000000e+00 0.000000000000000000e+00 0.000000000000000000e+00 0.000000000000000000e+00 0.000000000000000000e+00 0.000000000000000000e+00 0.000000000000000000e+00 0.000000000000000000e+00 0.000000000000000000e+00 0.000000000000000000e+00 0.000000000000000000e+00 0.000000000000000000e+00 0.000000000000000000e+00 0.000000000000000000e+00 0.000000000000000000e+00 0.000000000000000000e+00 0.000000000000000000e+00 0.000000000000000000e+00 0.000000000000000000e+00 0.000000000000000000e+00 0.000000000000000000e+00 0.000000000000000000e+00 0.000000000000000000e+00 0.000000000000000000e+00 0.000000000000000000e+00 0.000000000000000000e+00 0.000000000000000000e+00 0.000000000000000000e+00 0.000000000000000000e+00 0.000000000000000000e+00 0.000000000000000000e+00 0.000000000000000000e+00 0.000000000000000000e+00
1.432566225560629879e-04 -3.010438952647616004e-05 -1.208287859232183396e-04 6.981152957810529908e-05 1.711826159258680359e-04 9.231649068672026157e-05 5.745093682949181066e-05 4.534065077153673565e-06 -4.786181275451953702e-05 -5.696210388484615434e-05 -3.099346415076419743e-04 -1.743628385854013776e-04 -2.012781857524944878e-04 5.499195915469693992e-05 4.347227756282297912e-04 2.992206538903854668e-04 5.225615758029239499e-04 8.885096751242512088e-05 -3.033375577220748893e-04 -4.996939590749711890e-04 -2.969546603254281155e-04 2.673311737117292381e-04 0.000000000000000000e+00 0.000000000000000000e+00 0.000000000000000000e+00 0.000000000000000000e+00 0.000000000000000000e+00 0.000000000000000000e+00 0.000000000000000000e+00 0.000000000000000000e+00 0.000000000000000000e+00 0.000000000000000000e+00 0.000000000000000000e+00 0.000000000000000000e+00 0.000000000000000000e+00 0.000000000000000000e+00 0.000000000000000000e+00 0.000000000000000000e+00 0.000000000000000000e+00 0.000000000000000000e+00 0.000000000000000000e+00 0.000000000000000000e+00 0.000000000000000000e+00 0.000000000000000000e+00 0.000000000000000000e+00 0.000000000000000000e+00 0.000000000000000000e+00 0.000000000000000000e+00 0.000000000000000000e+00 0.000000000000000000e+00 0.000000000000000000e+00 0.000000000000000000e+00 0.000000000000000000e+00 0.000000000000000000e+00 0.000000000000000000e+00 0.000000000000000000e+00 0.000000000000000000e+00 0.000000000000000000e+00 0.000000000000000000e+00 0.000000000000000000e+00 0.000000000000000000e+00 0.000000000000000000e+00 0.000000000000000000e+00 0.000000000000000000e+00 0.000000000000000000e+00 0.000000000000000000e+00 0.000000000000000000e+00 0.000000000000000000e+00 0.000000000000000000e+00 0.000000000000000000e+00 0.000000000000000000e+00 0.000000000000000000e+00 0.000000000000000000e+00 0.000000000000000000e+00 0.000000000000000000e+00 0.000000000000000000e+00 0.000000000000000000e+00 0.000000000000000000e+00 0.000000000000000000e+00 0.000000000000000000e+00 0.000000000000000000e+00 0.000000000000000000e+00
-1.434950583900215446e-04 3.063969506153401329e-05 1.202492556625651000e-04 -7.101134649440285994e-05 -1.705773742613782263e-04 -8.917346767203461119e-05 -4.550280713544888945e-05 8.592944283969591992e-06 6.262486687162405966e-05 6.988185128205671830e-05 3.292030600687941488e-04 1.685691293303814516e-04 1.532225621683422367e-04 -8.876330265500609546e-05 -4.941128383374884065e-04 -3.086212460835013665e-04 -4.868529907977398258e-04 -4.849413073104695294e-05 4.028295678505050634e-04 5.972595445753686814e-04 3.493310476254650205e-04 -3.261669900145376015e-04 7.070637431581128099e-05 0.000000000000000000e+00 0.000000000000000000e+00 0.000000000000000000e+00 0.000000000000000000e+00 0.000000000000000000e+00 0.000000000000000000e+00 0.000000000000000000e+00 0.000000000000000000e+00 0.000000000000000000e+00 0.000000000000000000e+00 0.000000000000000000e+00 0.000000000000000000e+00 0.000000000000000000e+00 0.000000000000000000e+00 0.000000000000000000e+00 0.000000000000000000e+00 0.000000000000000000e+00 0.000000000000000000e+00 0.000000000000000000e+00 0.000000000000000000e+00 0.000000000000000000e+00 0.000000000000000000e+00 0.000000000000000000e+00 0.000000000000000000e+00 0.000000000000000000e+00 0.000000000000000000e+00 0.000000000000000000e+00 0.000000000000000000e+00 0.000000000000000000e+00 0.000000000000000000e+00 0.000000000000000000e+00 0.000000000000000000e+00 0.000000000000000000e+00 0.000000000000000000e+00 0.000000000000000000e+00 0.000000000000000000e+00 0.000000000000000000e+00 0.000000000000000000e+00 0.000000000000000000e+00 0.000000000000000000e+00 0.000000000000000000e+00 0.000000000000000000e+00 0.000000000000000000e+00 0.000000000000000000e+00 0.000000000000000000e+00 0.000000000000000000e+00 0.000000000000000000e+00 0.000000000000000000e+00 0.000000000000000000e+00 0.000000000000000000e+00 0.000000000000000000e+00 0.000000000000000000e+00 0.000000000000000000e+00 0.000000000000000000e+00 0.000000000000000000e+00 0.000000000000000000e+00 0.000000000000000000e+00 0.000000000000000000e+00 0.000000000000000000e+00
-1.738899848977318264e-04 3.689896561955822876e-05 1.460916019830524847e-04 -8.553744217023006831e-05 -2.071322473915020136e-04 -1.096301482494538564e-04 -6.086981713281969692e-05 4.165575575654665410e-06 6.890575408215692498e-05 7.858388515478485314e-05 3.900146529299872546e-04 2.071690559295343817e-04 2.086951903544079158e-04 -9.154505839820534414e-05 -5.708701317201627864e-04 -3.697584243341162178e-04 -6.073761813402277394e-04 -7.803235513721820454e-05 4.410726676416533150e-04 6.777582952681379409e-04 3.986478831423938708e-04 -3.674813362335168461e-04 5.205147604102819121e-05 3.368780265973059641e-05 0.000000000000000000e+00 0.000000000000000000e+00 0.000000000000000000e+00 0.000000000000000000e+00 0.000000000000000000e+00 0.000000000000000000e+00 0.000000000000000000e+00 0.000000000000000000e+00 0.000000000000000000e+00 0.000000000000000000e+00 0.000000000000000000e+00 0.000000000000000000e+00 0.000000000000000000e+00 0.000000000000000000e+00 0.000000000000000000e+00 0.000000000000000000e+00 0.000000000000000000e+00 0.000000000000000000e+00 0.000000000000000000e+00 0.000000000000000000e+00 0.000000000000000000e+00 0.000000000000000000e+00 0.000000000000000000e+00 0.000000000000000000e+00 0.000000000000000000e+00 0.000000000000000000e+00 0.000000000000000000e+00 0.000000000000000000e+00 0.000000000000000000e+00 0.000000000000000000e+00 0.000000000000000000e+00 0.000000000000000000e+00 0.000000000000000000e+00 0.000000000000000000e+00 0.000000000000000000e+00 0.000000000000000000e+00 0.000000000000000000e+00 0.000000000000000000e+00 0.000000000000000000e+00 0.000000000000000000e+00 0.000000000000000000e+00 0.000000000000000000e+00 0.000000000000000000e+00 0.000000000000000000e+00 0.000000000000000000e+00 0.000000000000000000e+00 0.000000000000000000e+00 0.000000000000000000e+00 0.000000000000000000e+00 0.000000000000000000e+00 0.000000000000000000e+00 0.000000000000000000e+00 0.000000000000000000e+00 0.000000000000000000e+00 0.000000000000000000e+00 0.000000000000000000e+00 0.000000000000000000e+00 0.000000000000000000e+00
-1.861268454138251542e-04 3.862524915135945964e-05 1.577725499540996008e-04 -8.961303582802646961e-05 -2.233051585506455714e-04 -1.232584852634800384e-04 -8.675719715418492815e-05 -1.910184949943002073e-05 4.741589820622104929e-05 6.110875623207735080e-05 3.838224157872207058e-04 2.326610445464357140e-04 3.101836978785912956e-04 -3.757287302057141503e-05 -5.058078852675435607e-04 -3.798094981679208098e-04 -7.157316362681740481e-04 -1.561803289923363429e-04 2.945499156115596222e-04 5.519331986858693005e-04 3.336358640687675319e-04 -2.886008234488308998e-04 -7.111758931967150296e-05 1.631015512989607698e-04 1.539531889363315539e-04 0.000000000000000000e+00 0.000000000000000000e+00 0.000000000000000000e+00 0.000000000000000000e+00 0.000000000000000000e+00 0.000000000000000000e+00 0.000000000000000000e+00 0.000000000000000000e+00 0.000000000000000000e+00 0.000000000000000000e+00 0.000000000000000000e+00 0.000000000000000000e+00 0.000000000000000000e+00 0.000000000000000000e+00 0.000000000000000000e+00 0.000000000000000000e+00 0.000000000000000000e+00 0.000000000000000000e+00 0.000000000000000000e+00 0.000000000000000000e+00 0.000000000000000000e+00 0.000000000000000000e+00 0.000000000000000000e+00 0.000000000000000000e+00 0.000000000000000000e+00 0.000000000000000000e+00 0.000000000000000000e+00 0.000000000000000000e+00 0.000000000000000000e+00 0.000000000000000000e+00 0.000000000000000000e+00 0.000000000000000000e+00 0.000000000000000000e+00 0.000000000000000000e+00 0.000000000000000000e+00 0.000000000000000000e+00 0.000000000000000000e+00 0.000000000000000000e+00 0.000000000000000000e+00 0.000000000000000000e+00 0.000000000000000000e+00 0.000000000000000000e+00 0.000000000000000000e+00 0.000000000000000000e+00 0.000000000000000000e+00 0.000000000000000000e+00 0.000000000000000000e+00 0.000000000000000000e+00 0.000000000000000000e+00 0.000000000000000000e+00 0.000000000000000000e+00 0.000000000000000000e+00 0.000000000000000000e+00 0.000000000000000000e+00 0.000000000000000000e+00 0.000000000000000000e+00 0.000000000000000000e+00
-7.425169547088062371e-05 1.410501360219049480e-05 6.503795008178594344e-05 -3.283758004373787856e-05 -9.147520415345679529e-05 -5.803007715499453631e-05 -6.697286779806272013e-05 -4.291418087083452072e-05 -2.054009599339892228e-05 -1.008374565806392975e-05 1.027284759426286612e-04 1.091637092390746133e-04 2.537722468204011220e-04 7.551207055495100587e-05 -4.413940095033293124e-05 -1.275955242356721663e-04 -3.838168623891107922e-04 -1.711453581551708469e-04 -1.484834045132640932e-04 -3.975071568318164011e-05 -6.314960945051596790e-06 4.177043513406593356e-05 -2.183660999211991659e-04 2.553775477998084897e-04 2.920394743958549698e-04 2.468520589672059968e-04 0.000000000000000000e+00 0.000000000000000000e+00 0.000000000000000000e+00 0.000000000000000000e+00 0.000000000000000000e+00 0.000000000000000000e+00 0.000000000000000000e+00 0.000000000000000000e+00 0.000000000000000000e+00 0.000000000000000000e+00 0.000000000000000000e+00 0.000000000000000000e+00 0.000000000000000000e+00 0.000000000000000000e+00 0.000000000000000000e+00 0.000000000000000000e+00 0.000000000000000000e+00 0.000000000000000000e+00 0.000000000000000000e+00 0.000000000000000000e+00 0.000000000000000000e+00 0.000000000000000000e+00 0.000000000000000000e+00 0.000000000000000000e+00 0.000000000000000000e+00 0.000000000000000000e+00 0.000000000000000000e+00 0.000000000000000000e+00 0.000000000000000000e+00 0.000000000000000000e+00 0.000000000000000000e+00 0.000000000000000000e+00 0.000000000000000000e+00 0.000000000000000000e+00 0.000000000000000000e+00 0.000000000000000000e+00 0.000000000000000000e+00 0.000000000000000000e+00 0.000000000000000000e+00 0.000000000000000000e+00 0.000000000000000000e+00 0.000000000000000000e+00 0.000000000000000000e+00 0.000000000000000000e+00 0.000000000000000000e+00 0.000000000000000000e+00 0.000000000000000000e+00 0.000000000000000000e+00 0.000000000000000000e+00 0.000000000000000000e+00 0.000000000000000000e+00 0.000000000000000000e+00 0.000000000000000000e+00 0.000000000000000000e+00 0.000000000000000000e+00 0.000000000000000000e+00
-5.177236720655021976e-05 6.628103102170576066e-06 5.050727422089276779e-05 -1.573449862685511594e-05 -6.966459939992405244e-05 -6.224950393552722511e-05 -1.262943916644160085e-04 -1.167284873840169725e-04 -1.113643183402829534e-04 -9.179104689016552685e-05 -5.230789828164250947e-05 1.163235945361370687e-04 4.967579435522980489e-04 2.752412719875255631e-04 3.569510292606943905e-04 -3.012945230089209540e-05 -5.093645547602203977e-04 -3.870279028136781657e-04 -7.577374372326703975e-04 -6.670315008956864775e-04 -3.472925337939198947e-04 4.150302969016795001e-04 -6.195557164182495264e-04 6.461399117602869549e-04 7.708499746273522312e-04 7.792590995008459587e-04 2.422068337206897265e-04 0.000000000000000000e+00 0.000000000000000000e+00 0.000000000000000000e+00 0.000000000000000000e+00 0.000000000000000000e+00 0.000000000000000000e+00 0.000000000000000000e+00 0.000000000000000000e+00 0.000000000000000000e+00 0.000000000000000000e+00 0.000000000000000000e+00 0.000000000000000000e+00 0.000000000000000000e+00 0.000000000000000000e+00 0.000000000000000000e+00 0.000000000000000000e+00 0.000000000000000000e+00 0.000000000000000000e+00 0.000000000000000000e+00 0.000000000000000000e+00 0.000000000000000000e+00 0.000000000000000000e+00 0.000000000000000000e+00 0.000000000000000000e+00 0.000000000000000000e+00 0.000000000000000000e+00 0.000000000000000000e+00 0.000000000000000000e+00 0.000000000000000000e+00 0.000000000000000000e+00 0.000000000000000000e+00 0.000000000000000000e+00 0.000000000000000000e+00 0.000000000000000000e+00 0.000000000000000000e+00 0.000000000000000000e+00 0.000000000000000000e+00 0.000000000000000000e+00 0.000000000000000000e+00 0.000000000000000000e+00 0.000000000000000000e+00 0.000000000000000000e+00 0.000000000000000000e+00 0.000000000000000000e+00 0.000000000000000000e+00 0.000000000000000000e+00 0.000000000000000000e+00 0.000000000000000000e+00 0.000000000000000000e+00 0.000000000000000000e+00 0.000000000000000000e+00 0.000000000000000000e+00 0.000000000000000000e+00 0.000000000000000000e+00 0.000000000000000000e+00
3.351645327356323736e-05 -8.958108242501046966e-06 -2.518840429149079514e-05 2.060972360951919964e-05 3.653700975745536141e-05 8.588017150088915100e-06 -3.408978876850494348e-05 -5.077516715798272831e-05 -6.914629286376533480e-05 -6.394095802282240997e-05 -1.465202350036179380e-04 -1.678370826740880473e-05 1.438839993209768036e-04 1.457844794972100975e-04 3.332375511412589411e-04 1.051402481883942201e-04 -2.209855359430673908e-05 -1.390655698701016938e-04 -4.616251921675667029e-04 -4.986725202437644350e-04 -2.742303889810546506e-04 2.929865816485740485e-04 -2.790450564516291877e-04 2.629669726166902603e-04 3.265368093032024080e-04 3.791893543150262570e-04 1.957216751075124470e-04 2.457975988791467046e-04 0.000000000000000000e+00 0.000000000000000000e+00 0.000000000000000000e+00 0.000000000000000000e+00 0.000000000000000000e+00 0.000000000000000000e+00 0.000000000000000000e+00 0.000000000000000000e+00 0.000000000000000000e+00 0.000000000000000000e+00 0.000000000000000000e+00 0.000000000000000000e+00 0.000000000000000000e+00 0.000000000000000000e+00 0.000000000000000000e+00 0.000000000000000000e+00 0.000000000000000000e+00 0.000000000000000000e+00 0.000000000000000000e+00 0.000000000000000000e+00 0.000000000000000000e+00 0.000000000000000000e+00 0.000000000000000000e+00 0.000000000000000000e+00 0.000000000000000000e+00 0.000000000000000000e+00 0.000000000000000000e+00 0.000000000000000000e+00 0.000000000000000000e+00 0.000000000000000000e+00 0.000000000000000000e+00 0.000000000000000000e+00 0.000000000000000000e+00 0.000000000000000000e+00 0.000000000000000000e+00 0.000000000000000000e+00 0.000000000000000000e+00 0.000000000000000000e+00 0.000000000000000000e+00 0.000000000000000000e+00 0.000000000000000000e+00 0.000000000000000000e+00 0.000000000000000000e+00 0.000000000000000000e+00 0.000000000000000000e+00 0.000000000000000000e+00 0.000000000000000000e+00 0.000000000000000000e+00 0.000000000000000000e+00 0.000000000000000000e+00 0.000000000000000000e+00 0.000000000000000000e+00 0.000000000000000000e+00 0.000000000000000000e+00
1.570208751196615891e-04 -3.486371113126775841e-05 -1.294345603882263228e-04 8.068845361667087500e-05 1.842050516502811140e-04 8.850204674676142398e-05 1.663124482306567361e-05 -4.556692802043602747e-05 -1.089563781512066016e-04 -1.117804344168666053e-04 -4.118660437541188076e-04 -1.677072747290636752e-04 -3.442900406099572630e-05 1.898623948797505947e-04 7.022172458880229307e-04 3.622237193268788282e-04 4.320307974179104799e-04 -5.845844770188595514e-05 -7.133463488514313680e-04 -9.198993718913038402e-04 -5.251085649988006081e-04 5.176818799647629277e-04 -2.720504589301421788e-04 1.950033418496287534e-04 2.731718904955263887e-04 4.314134982174901698e-04 3.803541067815597882e-04 7.774012582379446383e-04 2.422068337206898620e-04 0.000000000000000000e+00 0.000000000000000000e+00 0.000000000000000000e+00 0.000000000000000000e+00 0.000000000000000000e+00 0.000000000000000000e+00 0.000000000000000000e+00 0.000000000000000000e+00 0.000000000000000000e+00 0.000000000000000000e+00 0.000000000000000000e+00 0.000000000000000000e+00 0.000000000000000000e+00 0.000000000000000000e+00 0.000000000000000000e+00 0.000000000000000000e+00 0.000000000000000000e+00 0.000000000000000000e+00 0.000000000000000000e+00 0.000000000000000000e+00 0.000000000000000000e+00 0.000000000000000000e+00 0.000000000000000000e+00 0.000000000000000000e+00 0.000000000000000000e+00 0.000000000000000000e+00 0.000000000000000000e+00 0.000000000000000000e+00 0.000000000000000000e+00 0.000000000000000000e+00 0.000000000000000000e+00 0.000000000000000000e+00 0.000000000000000000e+00 0.000000000000000000e+00 0.000000000000000000e+00 0.000000000000000000e+00 0.000000000000000000e+00 0.000000000000000000e+00 0.000000000000000000e+00 0.000000000000000000e+00 0.000000000000000000e+00 0.000000000000000000e+00 0.000000000000000000e+00 0.000000000000000000e+00 0.000000000000000000e+00 0.000000000000000000e+00 0.000000000000000000e+00 0.000000000000000000e+00 0.000000000000000000e+00 0.000000000000000000e+00 0.000000000000000000e+00 0.000000000000000000e+00 0.000000000000000000e+00
9.287155371978393138e-05 -1.908163521237111205e-05 -7.903121224468066190e-05 4.428718448229507275e-05 1.117731138685110984e-04 6.280109694849992513e-05 4.803449656201032260e-05 1.470635090342993764e-05 -1.787369919672902147e-05 -2.543825796692391751e-05 -1.841268859597113071e-04 -1.184877945256564678e-04 -1.738383812308966214e-04 5.477595046695682456e-06 2.292674605877031892e-04 1.860055386044227454e-04 3.715401476672530018e-04 9.388834122850365713e-05 -1.079696145255243351e-04 -2.372837171498576444e-04 -1.460320349033334384e-04 1.209964474892176017e-04 6.334434535904201881e-05 -1.092878732273815703e-04 -1.106339704320613245e-04 -3.619575945396196615e-05 1.087319656430876130e-04 3.787581689333806116e-04 1.957216751075213103e-04 2.457975988791467588e-04 0.000000000000000000e+00 0.000000000000000000e+00 0.000000000000000000e+00 0.000000000000000000e+00 0.000000000000000000e+00 0.000000000000000000e+00 0.000000000000000000e+00 0.000000000000000000e+00 0.000000000000000000e+00 0.000000000000000000e+00 0.000000000000000000e+00 0.000000000000000000e+00 0.000000000000000000e+00 0.000000000000000000e+00 0.000000000000000000e+00 0.000000000000000000e+00 0.000000000000000000e+00 0.000000000000000000e+00 0.000000000000000000e+00 0.000000000000000000e+00 0.000000000000000000e+00 0.000000000000000000e+00 0.000000000000000000e+00 0.000000000000000000e+00 0.000000000000000000e+00 0.000000000000000000e+00 0.000000000000000000e+00 0.000000000000000000e+00 0.000000000000000000e+00 0.000000000000000000e+00 0.000000000000000000e+00 0.000000000000000000e+00 0.000000000000000000e+00 0.000000000000000000e+00 0.000000000000000000e+00 0.000000000000000000e+00 0.000000000000000000e+00 0.000000000000000000e+00 0.000000000000000000e+00 0.000000000000000000e+00 0.000000000000000000e+00 0.000000000000000000e+00 0.000000000000000000e+00 0.000000000000000000e+00 0.000000000000000000e+00 0.000000000000000000e+00 0.000000000000000000e+00 0.000000000000000000e+00 0.000000000000000000e+00 0.000000000000000000e+00 0.000000000000000000e+00 0.000000000000000000e+00
1.390043428845590427e-04 -2.599642211886203370e-05 -1.224138434285645472e-04 6.056046981253112606e-05 1.719985761575383749e-04 1.114162684411676560e-04 1.355337768278705218e-04 9.141406244599596794e-05 5.083427657466186265e-05 2.969211813842661938e-05 -1.765017340470557202e-04 -2.094923333967184690e-04 -5.158847637373378944e-04 -1.697643932076612380e-04 3.316141676638576917e-05 2.313605984455605297e-04 7.493765910585854870e-04 3.545516738838401559e-04 3.614422871171284798e-04 1.559870970502962484e-04 5.557171950018529547e-05 -1.274353315405157871e-04 4.684197672317082077e-04 -5.378070117544816748e-04 -6.190910211216943447e-04 -5.395899999693354581e-04 -3.090346300547212280e-05 4.318804588064327249e-04 3.803541067815937237e-04 7.774012582379532035e-04 2.422068337206897807e-04 0.000000000000000000e+00 0.000000000000000000e+00 0.000000000000000000e+00 0.000000000000000000e+00 0.000000000000000000e+00 0.000000000000000000e+00 0.000000000000000000e+00 0.000000000000000000e+00 0.000000000000000000e+00 0.000000000000000000e+00 0.000000000000000000e+00 0.000000000000000000e+00 0.000000000000000000e+00 0.000000000000000000e+00 0.000000000000000000e+00 0.000000000000000000e+00 0.000000000000000000e+00 0.000000000000000000e+00 0.000000000000000000e+00 0.000000000000000000e+00 0.000000000000000000e+00 0.000000000000000000e+00 0.000000000000000000e+00 0.000000000000000000e+00 0.000000000000000000e+00 0.000000000000000000e+00 0.000000000000000000e+00 0.000000000000000000e+00 0.000000000000000000e+00 0.000000000000000000e+00 0.000000000000000000e+00 0.000000000000000000e+00 0.000000000000000000e+00 0.000000000000000000e+00 0.000000000000000000e+00 0.000000000000000000e+00 0.000000000000000000e+00 0.000000000000000000e+00 0.000000000000000000e+00 0.000000000000000000e+00 0.000000000000000000e+00 0.000000000000000000e+00 0.000000000000000000e+00 0.000000000000000000e+00 0.000000000000000000e+00 0.000000000000000000e+00 0.000000000000000000e+00 0.000000000000000000e+00 0.000000000000000000e+00 0.000000000000000000e+00 0.000000000000000000e+00
7.166756959540562170e-05 -1.295274147232165248e-05 -6.383858635259433449e-05 3.021764980604194062e-05 8.950505330078315739e-05 6.050426574878014791e-05 8.105914962531867015e-05 5.932465791542949614e-05 3.984049364143958563e-05 2.721475143826068637e-05 -7.359127600052215411e-05 -1.136576821933968378e-04 -3.109026792202653172e-04 -1.187937389289074684e-04 -3.736631892800051929e-05 1.110196286074515077e-04 4.203198380283652336e-04 2.204019438727767102e-04 2.782472891478006676e-04 1.702273358334155558e-04 7.681681665724386849e-05 -1.199105503278370482e-04 3.071478017767348672e-04 -3.430315860179957289e-04 -3.988669361571916963e-04 -3.634849575744300869e-04 -4.995564872565838891e-05 1.989456643208670206e-04 2.114595878131943012e-04 4.727586851763098839e-04 1.674307144794657046e-04 6.369249898182269775e-05 0.000000000000000000e+00 0.000000000000000000e+00 0.000000000000000000e+00 0.000000000000000000e+00 0.000000000000000000e+00 0.000000000000000000e+00 0.000000000000000000e+00 0.000000000000000000e+00 0.000000000000000000e+00 0.000000000000000000e+00 0.000000000000000000e+00 0.000000000000000000e+00 0.000000000000000000e+00 0.000000000000000000e+00 0.000000000000000000e+00 0.000000000000000000e+00 0.000000000000000000e+00 0.000000000000000000e+00 0.000000000000000000e+00 0.000000000000000000e+00 0.000000000000000000e+00 0.000000000000000000e+00 0.000000000000000000e+00 0.000000000000000000e+00 0.000000000000000000e+00 0.000000000000000000e+00 0.000000000000000000e+00 0.000000000000000000e+00 0.000000000000000000e+00 0.000000000000000000e+00 0.000000000000000000e+00 0.000000000000000000e+00 0.000000000000000000e+00 0.000000000000000000e+00 0.000000000000000000e+00 0.000000000000000000e+00 0.000000000000000000e+00 0.000000000000000000e+00 0.000000000000000000e+00 0.000000000000000000e+00 0.000000000000000000e+00 0.000000000000000000e+00 0.000000000000000000e+00 0.000000000000000000e+00 0.000000000000000000e+00 0.000000000000000000e+00 0.000000000000000000e+00 0.000000000000000000e+00 0.000000000000000000e+00 0.000000000000000000e+00
6.667473936027411437e-05 -1.152195753783326145e-05 -6.024133479502820246e-05 2.693236159205529120e-05 8.423898188111364894e-05 5.987941907083852409e-05 8.852840352124540630e-05 6.949602975000042327e-05 5.305603536392142824e-05 3.928591832753311778e-05 -4.804176205498591026e-05 -1.123652961868898599e-04 -3.419434517889975321e-04 -1.471971187800310112e-04 -9.865448525095134010e-05 9.358984321403901257e-05 4.308735826838281822e-04 2.491593621764330948e-04 3.666656696035875979e-04 2.637172035505407986e-04 1.279680025584310115e-04 -1.751479439636120111e-04 3.627533391740977715e-04 -3.962653900871779744e-04 -4.645487994427620012e-04 -4.382093315478465824e-04 -8.638726581782136572e-05 1.572570715540367865e-04 2.147437346601152814e-04 5.242252632978944629e-04 2.056868191281659944e-04 1.339730320424504660e-04 3.852283113682414034e-05 0.000000000000000000e+00 0.000000000000000000e+00 0.000000000000000000e+00 0.000000000000000000e+00 0.000000000000000000e+00 0.000000000000000000e+00 0.000000000000000000e+00 0.000000000000000000e+00 0.000000000000000000e+00 0.000000000000000000e+00 0.000000000000000000e+00 0.000000000000000000e+00 0.000000000000000000e+00 0.000000000000000000e+00 0.000000000000000000e+00 0.000000000000000000e+00 0.000000000000000000e+00 0.000000000000000000e+00 0.000000000000000000e+00 0.000000000000000000e+00 0.000000000000000000e+00 0.000000000000000000e+00 0.000000000000000000e+00 0.000000000000000000e+00 0.000000000000000000e+00 0.000000000000000000e+00 0.000000000000000000e+00 0.000000000000000000e+00 0.000000000000000000e+00 0.000000000000000000e+00 0.000000000000000000e+00 0.000000000000000000e+00 0.000000000000000000e+00 0.000000000000000000e+00 0.000000000000000000e+00 0.000000000000000000e+00 0.000000000000000000e+00 0.000000000000000000e+00 0.000000000000000000e+00 0.000000000000000000e+00 0.000000000000000000e+00 0.000000000000000000e+00 0.000000000000000000e+00 0.000000000000000000e+00 0.000000000000000000e+00 0.000000000000000000e+00 0.000000000000000000e+00 0.000000000000000000e+00 0.000000000000000000e+00
3.380031813752765559e-05 -5.401161984205801275e-06 -3.124656921597243766e-05 1.267091309135491214e-05 4.351129389983067128e-05 3.334380604060245036e-05 5.579616599809175659e-05 4.713660992033768225e-05 4.020643509932492405e-05 3.154113657315722443e-05 -7.355845803088205111e-06 -6.247772184308140705e-05 -2.172105376819962732e-04 -1.051502872015562870e-04 -1.031915822593056797e-04 3.937485148422338664e-05 2.515855904906063060e-04 1.630259313836531637e-04 2.756074339342414912e-04 2.213759215177731683e-04 1.119020451869932940e-04 -1.417195638751842868e-04 2.479884847355046497e-04 -2.650838739290056019e-04 -3.132983999030412316e-04 -3.054205589327610632e-04 -7.701369696312937007e-05 5.655745008560581009e-05 1.238581926586080533e-04 3.360037384602283794e-04 1.458223496919466920e-04 1.301073516825532433e-04 5.159299922528999077e-05 2.983031013921724967e-05 0.000000000000000000e+00 0.000000000000000000e+00 0.000000000000000000e+00 0.000000000000000000e+00 0.000000000000000000e+00 0.000000000000000000e+00 0.000000000000000000e+00 0.000000000000000000e+00 0.000000000000000000e+00 0.000000000000000000e+00 0.000000000000000000e+00 0.000000000000000000e+00 0.000000000000000000e+00 0.000000000000000000e+00 0.000000000000000000e+00 0.000000000000000000e+00 0.000000000000000000e+00 0.000000000000000000e+00 0.000000000000000000e+00 0.000000000000000000e+00 0.000000000000000000e+00 0.000000000000000000e+00 0.000000000000000000e+00 0.000000000000000000e+00 0.000000000000000000e+00 0.000000000000000000e+00 0.000000000000000000e+00 0.000000000000000000e+00 0.000000000000000000e+00 0.000000000000000000e+00 0.000000000000000000e+00 0.000000000000000000e+00 0.000000000000000000e+00 0.000000000000000000e+00 0.000000000000000000e+00 0.000000000000000000e+00 0.000000000000000000e+00 0.000000000000000000e+00 0.000000000000000000e+00 0.000000000000000000e+00 0.000000000000000000e+00 0.000000000000000000e+00 0.000000000000000000e+00 0.000000000000000000e+00 0.000000000000000000e+00 0.000000000000000000e+00 0.000000000000000000e+00 0.000000000000000000e+00
-7.280657233730246369e-06 3.459367317000240341e-06 3.036629574262240756e-06 -7.856999613081613832e-06 -5.160232874572281487e-06 8.417408309779386824e-06 4.497194142479239763e-05 5.199887243731144657e-05 6.082068159175308693e-05 5.389307799326952420e-05 9.032087295783460229e-05 -1.533102825913822346e-05 -1.821949326537460057e-04 -1.367219541841841878e-04 -2.553799978099992535e-04 -5.060804919686692462e-05 1.188950692816904031e-04 1.565506003108378067e-04 4.090368080714135396e-04 4.100562586761044136e-04 2.214002995951260932e-04 -2.457766098115065885e-04 2.811625094060256108e-04 -2.780370030898938680e-04 -3.386396685057792787e-04 -3.689160968803466300e-04 -1.568279512277082088e-04 -1.330983667262696912e-04 5.159928103542072282e-05 2.943506151815339952e-04 1.854936127502953625e-04 2.966230424514868609e-04 1.562683248196461579e-04 1.492951611741521762e-04 7.894156408208955237e-05 0.000000000000000000e+00 0.000000000000000000e+00 0.000000000000000000e+00 0.000000000000000000e+00 0.000000000000000000e+00 0.000000000000000000e+00 0.000000000000000000e+00 0.000000000000000000e+00 0.000000000000000000e+00 0.000000000000000000e+00 0.000000000000000000e+00 0.000000000000000000e+00 0.000000000000000000e+00 0.000000000000000000e+00 0.000000000000000000e+00 0.000000000000000000e+00 0.000000000000000000e+00 0.000000000000000000e+00 0.000000000000000000e+00 0.000000000000000000e+00 0.000000000000000000e+00 0.000000000000000000e+00 0.000000000000000000e+00 0.000000000000000000e+00 0.000000000000000000e+00 0.000000000000000000e+00 0.000000000000000000e+00 0.000000000000000000e+00 0.000000000000000000e+00 0.000000000000000000e+00 0.000000000000000000e+00 0.000000000000000000e+00 0.000000000000000000e+00 0.000000000000000000e+00 0.000000000000000000e+00 0.000000000000000000e+00 0.000000000000000000e+00 0.000000000000000000e+00 0.000000000000000000e+00 0.000000000000000000e+00 0.000000000000000000e+00 0.000000000000000000e+00 0.000000000000000000e+00 0.000000000000000000e+00 0.000000000000000000e+00 0.000000000000000000e+00 0.000000000000000000e+00
-4.934987652215000540e-05 1.100926188831459186e-05 4.059615866766145002e-05 -2.547558427649221488e-05 -5.779816561246771400e-05 -2.746191779533329041e-05 -3.936410106423878305e-06 1.572865878089927354e-05 3.581721501382743433e-05 3.650563306276945977e-05 1.314543308681815183e-04 5.205654169033262202e-05 5.635141120046398486e-06 -6.328070144683931053e-05 -2.269855698682943408e-04 -1.147967931070965615e-04 -1.318626777318573483e-04 2.271328480597301609e-05 2.348040472812332603e-04 2.994798659925974123e-04 1.705953134015688048e-04 -1.689586622878746927e-04 9.307921272840813886e-05 -6.887678758270916919e-05 -9.505185765264979512e-05 -1.454326087431499900e-04 -1.234681504831144179e-04 -2.470666266336637908e-04 -7.435016977909656159e-05 8.304818057201313739e-06 8.216337379872936156e-05 2.516803297234782326e-04 1.523731854620258091e-04 1.682844758521404233e-04 1.073898602750408989e-04 9.212598564495366532e-05 0.000000000000000000e+00 0.000000000000000000e+00 0.000000000000000000e+00 0.000000000000000000e+00 0.000000000000000000e+00 -3.796791184894349061e-12 -2.091724312340429229e-12 2.516856159960189233e-12 2.433275821705680429e-12 -4.442955242061241879e-13 -2.237513498863207689e-12 -2.490030144558898553e-12 4.917559964530399510e-12 4.788982896612741956e-12 5.205126285129639974e-12 1.182950045123425716e-12 -4.490888820452736737e-12 -5.632131995363006934e-12 -1.421055232698093277e-11 -5.084205575974301301e-12 -8.526252819652548314e-13 5.239193513622723624e-12 1.863457405375395256e-11 8.285746263009822121e-12 -9.384530578209111535e-12 -1.482811364641241792e-11 -1.483755096648523833e-11 1.098142385012168933e-11 1.529543476390835487e-11 1.425613128506916750e-11 1.096465126072454694e-11 1.267259735412024644e-11 -8.740518752563611327e-13 -1.525739773212533086e-11 -1.144168513434951008e-11 -2.113769518060409284e-11 -5.482676161606725744e-12 -3.303257470292907680e-12 2.399362967931849191e-13 4.496968564179562719e-12 1.161356784547419975e-12 0.000000000000000000e+00 0.000000000000000000e+00 0.000000000000000000e+00 0.000000000000000000e+00 0.000000000000000000e+00
-6.737350798367001438e-05 1.451667812614371176e-05 5.624875670852663695e-05 -3.363320511794774088e-05 -7.984919047026559124e-05 -4.097989098608713061e-05 -1.811786247948034111e-05 7.575102973374682689e-06 3.336156713196493351e-05 3.626788556852349752e-05 1.596217087326676416e-04 7.750624934863409299e-05 5.889653773458357268e-05 -5.075472239609236296e-05 -2.478090504719961422e-04 -1.473030051593831973e-04 -2.187261687456769973e-04 -1.185038415375142546e-05 2.158187635249023736e-04 3.064997566815481564e-04 1.780025938299668832e-04 -1.688811512976998576e-04 5.225757045168201030e-05 -1.909137734896146907e-05 -3.895231067110588167e-05 -1.013424552608167362e-04 -1.297832093578816311e-04 -3.102623829632410396e-04 -1.190085031487010171e-04 -7.066666320891090269e-05 6.366877207888410324e-05 2.710039701028698006e-04 1.705945484877786195e-04 1.949245018988581598e-04 1.289586268169188254e-04 1.295747110989141848e-04 2.577310871640990344e-05 0.000000000000000000e+00 0.000000000000000000e+00 0.000000000000000000e+00 0.000000000000000000e+00 -4.383430379046123924e-12 -2.414915641843631096e-12 2.905733609997497580e-12 2.809239484085631440e-12 -5.129426982820775149e-13 -2.583229340681549198e-12 -2.874764472271632313e-12 5.677368694542310511e-12 5.528925847816441473e-12 6.009367670413255777e-12 1.365730611420238119e-12 -5.184759592212245978e-12 -6.502342728669500320e-12 -1.640621632629409563e-11 -5.869766449205325717e-12 -9.843815673482364179e-13 6.048686970741502973e-12 2.151378416362617250e-11 9.565972309829933688e-12 -1.083451320637630628e-11 -1.711917856296363326e-11 -1.713008045890643087e-11 1.267813972362819182e-11 1.765870900670245530e-11 1.645882579675794440e-11 1.265878742762755068e-11 1.463063858144598257e-11 -1.009092333957161032e-12 -1.761478694627948718e-11 -1.320952271330143703e-11 -2.440367235707850409e-11 -6.329803212950916615e-12 -3.813650522747268025e-12 2.770040281170843641e-13 5.191790932986082435e-12 1.340804869966882732e-12 -4.168418540027862829e-17 0.000000000000000000e+00 0.000000000000000000e+00 0.000000000000000000e+00 0.000000000000000000e+00
-8.405842986152227327e-05 1.763039036733812041e-05 7.095304319818052986e-05 -4.088745677050415481e-05 -1.005067227935465483e-04 -5.439876740681077625e-05 -3.455205509970378844e-05 -3.578348033005023933e-06 2.705764688697400908e-05 3.252728550919474569e-05 1.805492714433634010e-04 1.027357402786038636e-04 1.214854055552837795e-04 -2.991383259548496403e-05 -2.509815981733066787e-04 -1.749510080674834887e-04 -3.091787854122263180e-04 -5.496558030551440928e-05 1.710711388347156041e-04 2.864442818048842888e-04 1.706177831734874298e-04 -1.527808036452317530e-04 -4.941294232055034123e-06 4.643777404511151112e-05 3.654007875183973818e-05 -3.530953548134861073e-05 -1.255691534486435114e-04 -3.617498262132153790e-04 -1.648908364710734251e-04 -1.650466403687106322e-04 3.396507017863213592e-05 2.700592027424712598e-04 1.777525654554433889e-04 2.105523416896024199e-04 1.443458993427186110e-04 1.652283500079665770e-04 5.631812864527081932e-05 3.298696881169488880e-05 0.000000000000000000e+00 0.000000000000000000e+00 0.000000000000000000e+00 -4.718629686372669430e-12 -2.599581148250934646e-12 3.127933700949008097e-12 3.024060276093188749e-12 -5.521688482795327878e-13 -2.780769328182292749e-12 -3.094591169705156230e-12 6.111514074287204175e-12 5.951718162060281366e-12 6.468898207882535457e-12 1.470155774903174079e-12 -5.581273945088591247e-12 -6.999591068991675756e-12 -1.766081374339242946e-11 -6.318613559163629512e-12 -1.059604014671752543e-12 6.511257711899352731e-12 2.315899843705944037e-11 1.029747814118185320e-11 -1.166306862285942936e-11 -1.842834116616828073e-11 -1.844006155640075728e-11 1.364768385888508791e-11 1.900912253668431140e-11 1.771747392107465911e-11 1.362682043323665553e-11 1.574943477635490710e-11 -1.086282592553628823e-12 -1.896186101625602473e-11 -1.421968426203011485e-11 -2.626987334888392306e-11 -6.813832561857147098e-12 -4.105251191817579047e-12 2.982001268025838252e-13 5.588807246904333023e-12 1.443312449960089784e-12 -4.989024059327828997e-17 -2.905746525555877313e-18 0.000000000000000000e+00 0.000000000000000000e+00 0.000000000000000000e+00
-5.504358821368700858e-05 1.118719630609589700e-05 4.703723928280208601e-05 -2.597542838882726108e-05 -6.647046144697351961e-05 -3.805159402854165298e-05 -3.150273538302443782e-05 -1.202437515082717371e-05 6.895237452038586139e-06 1.184671890545472273e-05 1.044061412879023469e-04 7.175828136121928922e-05 1.152193508230426092e-04 5.236290217691461515e-06 -1.211073371722036138e-04 -1.080004640189012881e-04 -2.294191349250426760e-04 -6.584796103966314147e-05 3.906053943984379585e-05 1.162705833387988382e-04 7.348369619573813147e-05 -5.700615166186956200e-05 -5.535174307708448231e-05 8.261143076617369330e-05 8.718769424083470509e-05 4.459045879503395157e-05 -5.521345600405998017e-05 -2.180484011590169040e-04 -1.201678160143287977e-04 -1.652001422954983592e-04 -1.154503007604482482e-05 1.262724962775336893e-04 9.032456703634204572e-05 1.136190575364915870e-04 8.222495835670983117e-05 1.108443740756481408e-04 5.483178065069650823e-05 4.611085553022301059e-05 3.058004619232481525e-05 0.000000000000000000e+00 0.000000000000000000e+00 -2.533617371587267627e-12 -1.395807138838264989e-12 1.679509036998840660e-12 1.623733356531122368e-12 -2.964885525252972413e-13 -1.493110514310465493e-12 -1.661582084419642273e-12 3.281506580697066177e-12 3.195698177755462981e-12 3.473387672155552335e-12 7.893301679404819216e-13 -2.996978538904023154e-12 -3.758430042730321772e-12 -9.482851693837107709e-12 -3.392656559188578550e-12 -5.686996961675946927e-13 3.496286527717115699e-12 1.243520813092747611e-11 5.529112990640533127e-12 -6.262556310332925550e-12 -9.895173030197428488e-12 -9.901395040095767645e-12 7.328203271714451216e-12 1.020698284680980129e-11 9.513401465127270897e-12 7.316854956374165648e-12 8.456451754615407082e-12 -5.833845884248045925e-13 -1.018169867722382637e-11 -7.635250764589015800e-12 -1.410551457677680653e-11 -3.658573662309493523e-12 -2.204141927941792155e-12 1.601785316205159163e-13 3.000858114126839617e-12 7.748637583028956119e-13 -7.162696949230759613e-16 1.123980957270934514e-16 4.040840555094788247e-16 0.000000000000000000e+00 0.000000000000000000e+00
-5.472138548742691864e-05 9.731808540213350448e-06 4.899811524334983699e-05 -2.271923519109547793e-05 -6.863131313010265835e-05 -4.727250428231903856e-05 -6.581884205977614065e-05 -4.957921796833682812e-05 -3.520714935894929111e-05 -2.496092955641495998e-05 5.007640472830908728e-05 8.876621921082128550e-05 2.531646241343973262e-04 1.016847853273042965e-04 4.765764328088023191e-05 -8.186596891649570453e-05 -3.328583670879297187e-04 -1.814922723668361193e-04 -2.447265350632011173e-04 -1.615139107574419127e-04 -7.556795945530715838e-05 1.105939565474243613e-04 -2.575731038133093845e-04 2.850103411039460162e-04 3.325341040150068921e-04 3.074874753498159927e-04 5.009153858284067103e-05 -1.435729079596102884e-04 -1.668521036828762166e-04 -3.862392623163921589e-04 -1.427851916061409563e-04 -7.099990428991289140e-05 -1.153235466268539024e-05 1.868495884872535290e-05 3.395459348500938100e-05 1.204893921876462143e-04 1.242848281882063871e-04 1.410979141784240900e-04 1.492482249955901299e-04 7.782414387858945458e-05 0.000000000000000000e+00 1.606730960035899668e-11 8.851499119510169384e-12 -1.064929674463560409e-11 -1.029566931812545006e-11 1.879465349220757906e-12 9.465915708369838398e-12 1.053546212986671071e-11 -2.080822859327041607e-11 -2.026465046045042290e-11 -2.202694611326321279e-11 -5.005723052493873962e-12 1.899713179743728226e-11 2.382645306339641243e-11 6.019267288461131554e-11 2.151945051641710192e-11 3.614353852414920319e-12 -2.216204374277042498e-11 -7.889854262890439091e-11 -3.507533173425397560e-11 3.969739404161143444e-11 6.273004499933199310e-11 6.279147743152512325e-11 -4.645005808969527776e-11 -6.472304324708886819e-11 -6.032603015459119901e-11 -4.639773113423314256e-11 -5.365029146309345688e-11 3.696007064638865346e-12 6.455090821014314739e-11 4.841171476966259392e-11 8.952160720999987878e-11 2.319847555071659870e-11 1.397853213491206472e-11 -1.014125515458685783e-12 -1.902536491326144443e-11 -4.914640418911690574e-12 6.125536056007640639e-12 1.198828298541918354e-12 -1.605295208927404611e-12 -6.101013841129766539e-12 0.000000000000000000e+00
-3.512505460683871769e-05 5.626959043066627882e-06 3.244851661383440567e-05 -1.319903524295068342e-05 -4.519074769023574028e-05 -3.455478688849950443e-05 -5.763276701160663964e-05 -4.860209712547399765e-05 -4.135526914944894362e-05 -3.240439323727612602e-05 8.189441901794566195e-06 6.474949819352708103e-05 2.243165256888079800e-04 1.082920713907187076e-04 1.055300369000079525e-04 -4.117694305497280390e-05 -2.603823045499913200e-04 -1.682375759719991891e-04 -2.835308982706593976e-04 -2.272394413011986924e-04 -1.147791554735111202e-04 1.455760444885610184e-04 -2.556518369263596725e-04 2.734138235269613793e-04 3.230817847690513030e-04 3.147195621276076792e-04 7.896641454576352288e-05 -5.951710567062564415e-05 -1.282315268483509964e-04 -3.469191210223149485e-04 -1.502046452558274212e-04 -1.332116489068151588e-04 -5.258649581822201101e-05 -3.004252432864277782e-05 4.851102301969875387e-07 8.193102290077263980e-05 1.108905058976062947e-04 1.330459363146590363e-04 1.487968152059616304e-04 8.465759877120346299e-05 3.450000000000000511e-05 1.128591731229072704e-11 6.217456784116023307e-12 -7.480320480132269221e-12 -7.231926112656749555e-12 1.320195940449650582e-12 6.649159947010141827e-12 7.400416023993849706e-12 -1.461613479637371955e-11 -1.423429678887450903e-11 -1.547209123615086041e-11 -3.516193333201402156e-12 1.334405679431878639e-11 1.673640361113448770e-11 4.227674616555399947e-11 1.511542145393258491e-11 2.538767308083772131e-12 -1.556729943200583062e-11 -5.541672330373090087e-11 -2.463674810892721602e-11 2.788471620069621484e-11 4.406329109331514390e-11 4.410525781142541864e-11 -3.262814939912685202e-11 -4.546233039066024397e-11 -4.237380258571169178e-11 -3.259049239005204219e-11 -3.768348229590638959e-11 2.596124729618621868e-12 4.534195296515502153e-11 3.400533299343103057e-11 6.287676425730643302e-11 1.629520566788762677e-11 9.818935156600370356e-12 -7.123168044458725473e-13 -1.336398498060872744e-11 -3.452277276369535182e-12 3.933945545816887128e-12 7.702778003772328989e-13 -1.030596363847338269e-12 -3.919311035079379914e-12 0.000000000000000000e+00
0.000000000000000000e+00 0.000000000000000000e+00 0.000000000000000000e+00 0.000000000000000000e+00 0.000000000000000000e+00 0.000000000000000000e+00 0.000000000000000000e+00 0.000000000000000000e+00 0.000000000000000000e+00 0.000000000000000000e+00 0.000000000000000000e+00 0.000000000000000000e+00 0.000000000000000000e+00 0.000000000000000000e+00 0.000000000000000000e+00 0.000000000000000000e+00 0.000000000000000000e+00 0.000000000000000000e+00 0.000000000000000000e+00 0.000000000000000000e+00 0.000000000000000000e+00 0.000000000000000000e+00 0.000000000000000000e+00 0.000000000000000000e+00 0.000000000000000000e+00 0.000000000000000000e+00 0.000000000000000000e+00 0.000000000000000000e+00 0.000000000000000000e+00 0.000000000000000000e+00 0.000000000000000000e+00 0.000000000000000000e+00 0.000000000000000000e+00 0.000000000000000000e+00 0.000000000000000000e+00 0.000000000000000000e+00 0.000000000000000000e+00 0.000000000000000000e+00 0.000000000000000000e+00 0.000000000000000000e+00 0.000000000000000000e+00 1.140076923829890041e-04 0.000000000000000000e+00 0.000000000000000000e+00 0.000000000000000000e+00 0.000000000000000000e+00 0.000000000000000000e+00 0.000000000000000000e+00 0.000000000000000000e+00 0.000000000000000000e+00 0.000000000000000000e+00 0.000000000000000000e+00 0.000000000000000000e+00 0.000000000000000000e+00 0.000000000000000000e+00 0.000000000000000000e+00 0.000000000000000000e+00 0.000000000000000000e+00 0.000000000000000000e+00 0.000000000000000000e+00 0.000000000000000000e+00 0.000000000000000000e+00 0.000000000000000000e+00 0.000000000000000000e+00 0.000000000000000000e+00 0.000000000000000000e+00 0.000000000000000000e+00 0.000000000000000000e+00 0.000000000000000000e+00 0.000000000000000000e+00 0.000000000000000000e+00 0.000000000000000000e+00 0.000000000000000000e+00 0.000000000000000000e+00 0.000000000000000000e+00 0.000000000000000000e+00 0.000000000000000000e+00 0.000000000000000000e+00 0.000000000000000000e+00 0.000000000000000000e+00 0.000000000000000000e+00 0.000000000000000000e+00
0.000000000000000000e+00 0.000000000000000000e+00 0.000000000000000000e+00 0.000000000000000000e+00 0.000000000000000000e+00 0.000000000000000000e+00 0.000000000000000000e+00 0.000000000000000000e+00 0.000000000000000000e+00 0.000000000000000000e+00 0.000000000000000000e+00 0.000000000000000000e+00 0.000000000000000000e+00 0.000000000000000000e+00 0.000000000000000000e+00 0.000000000000000000e+00 0.000000000000000000e+00 0.000000000000000000e+00 0.000000000000000000e+00 0.000000000000000000e+00 0.000000000000000000e+00 0.000000000000000000e+00 0.000000000000000000e+00 0.000000000000000000e+00 0.000000000000000000e+00 0.000000000000000000e+00 0.000000000000000000e+00 0.000000000000000000e+00 0.000000000000000000e+00 0.000000000000000000e+00 0.000000000000000000e+00 0.000000000000000000e+00 0.000000000000000000e+00 0.000000000000000000e+00 0.000000000000000000e+00 0.000000000000000000e+00 0.000000000000000000e+00 0.000000000000000000e+00 0.000000000000000000e+00 0.000000000000000000e+00 0.000000000000000000e+00 -1.128899918525815758e-05 6.934438373371035387e-05 0.000000000000000000e+00 0.000000000000000000e+00 0.000000000000000000e+00 0.000000000000000000e+00 0.000000000000000000e+00 0.000000000000000000e+00 0.000000000000000000e+00 0.000000000000000000e+00 0.000000000000000000e+00 0.000000000000000000e+00 0.000000000000000000e+00 0.000000000000000000e+00 0.000000000000000000e+00 0.000000000000000000e+00 0.000000000000000000e+00 0.000000000000000000e+00 0.000000000000000000e+00 0.000000000000000000e+00 0.000000000000000000e+00 0.000000000000000000e+00 0.000000000000000000e+00 0.000000000000000000e+00 0.000000000000000000e+00 0.000000000000000000e+00 0.000000000000000000e+00 0.000000000000000000e+00 0.000000000000000000e+00 0.000000000000000000e+00 0.000000000000000000e+00 0.000000000000000000e+00 0.000000000000000000e+00 0.000000000000000000e+00 0.000000000000000000e+00 0.000000000000000000e+00 0.000000000000000000e+00 0.000000000000000000e+00 0.000000000000000000e+00 0.000000000000000000e+00 0.000000000000000000e+00
0.000000000000000000e+00 0.000000000000000000e+00 0.000000000000000000e+00 0.000000000000000000e+00 0.000000000000000000e+00 0.000000000000000000e+00 0.000000000000000000e+00 0.000000000000000000e+00 0.000000000000000000e+00 0.000000000000000000e+00 0.000000000000000000e+00 0.000000000000000000e+00 0.000000000000000000e+00 0.000000000000000000e+00 0.000000000000000000e+00 0.000000000000000000e+00 0.000000000000000000e+00 0.000000000000000000e+00 0.000000000000000000e+00 0.000000000000000000e+00 0.000000000000000000e+00 0.000000000000000000e+00 0.000000000000000000e+00 0.000000000000000000e+00 0.000000000000000000e+00 0.000000000000000000e+00 0.000000000000000000e+00 0.000000000000000000e+00 0.000000000000000000e+00 0.000000000000000000e+00 0.000000000000000000e+00 0.000000000000000000e+00 0.000000000000000000e+00 0.000000000000000000e+00 0.000000000000000000e+00 0.000000000000000000e+00 0.000000000000000000e+00 0.000000000000000000e+00 0.000000000000000000e+00 0.000000000000000000e+00 0.000000000000000000e+00 -3.426184927938124620e-05 5.417936236639158342e-05 1.547471060564854399e-05 0.000000000000000000e+00 0.000000000000000000e+00 0.000000000000000000e+00 0.000000000000000000e+00 0.000000000000000000e+00 0.000000000000000000e+00 0.000000000000000000e+00 0.000000000000000000e+00 0.000000000000000000e+00 0.000000000000000000e+00 0.000000000000000000e+00 0.000000000000000000e+00 0.000000000000000000e+00 0.000000000000000000e+00 0.000000000000000000e+00 0.000000000000000000e+00 0.000000000000000000e+00 0.000000000000000000e+00 0.000000000000000000e+00 0.000000000000000000e+00 0.000000000000000000e+00 0.000000000000000000e+00 0.000000000000000000e+00 0.000000000000000000e+00 0.000000000000000000e+00 0.000000000000000000e+00 0.000000000000000000e+00 0.000000000000000000e+00 0.000000000000000000e+00 0.000000000000000000e+00 0.000000000000000000e+00 0.000000000000000000e+00 0.000000000000000000e+00 0.000000000000000000e+00 0.000000000000000000e+00 0.000000000000000000e+00 0.000000000000000000e+00 0.000000000000000000e+00
0.000000000000000000e+00 0.000000000000000000e+00 0.000000000000000000e+00 0.000000000000000000e+00 0.000000000000000000e+00 0.000000000000000000e+00 0.000000000000000000e+00 0.000000000000000000e+00 0.000000000000000000e+00 0.000000000000000000e+00 0.000000000000000000e+00 0.000000000000000000e+00 0.000000000000000000e+00 0.000000000000000000e+00 0.000000000000000000e+00 0.000000000000000000e+00 0.000000000000000000e+00 0.000000000000000000e+00 0.000000000000000000e+00 0.000000000000000000e+00 0.000000000000000000e+00 0.000000000000000000e+00 0.000000000000000000e+00 0.000000000000000000e+00 0.000000000000000000e+00 0.000000000000000000e+00 0.000000000000000000e+00 0.000000000000000000e+00 0.000000000000000000e+00 0.000000000000000000e+00 0.000000000000000000e+00 0.000000000000000000e+00 0.000000000000000000e+00 0.000000000000000000e+00 0.000000000000000000e+00 0.000000000000000000e+00 0.000000000000000000e+00 0.000000000000000000e+00 0.000000000000000000e+00 0.000000000000000000e+00 0.000000000000000000e+00 -8.811425450262633393e-05 -6.187795664647700487e-05 5.972201289904619930e-05 6.046984360984302656e-05 0.000000000000000000e+00 0.000000000000000000e+00 0.000000000000000000e+00 0.000000000000000000e+00 0.000000000000000000e+00 0.000000000000000000e+00 0.000000000000000000e+00 0.000000000000000000e+00 0.000000000000000000e+00 0.000000000000000000e+00 0.000000000000000000e+00 0.000000000000000000e+00 0.000000000000000000e+00 0.000000000000000000e+00 0.000000000000000000e+00 0.000000000000000000e+00 0.000000000000000000e+00 0.000000000000000000e+00 0.000000000000000000e+00 0.000000000000000000e+00 0.000000000000000000e+00 0.000000000000000000e+00 0.000000000000000000e+00 0.000000000000000000e+00 0.000000000000000000e+00 0.000000000000000000e+00 0.000000000000000000e+00 0.000000000000000000e+00 0.000000000000000000e+00 0.000000000000000000e+00 0.000000000000000000e+00 0.000000000000000000e+00 0.000000000000000000e+00 0.000000000000000000e+00 0.000000000000000000e+00 0.000000000000000000e+00 0.000000000000000000e+00
0.000000000000000000e+00 0.000000000000000000e+00 0.000000000000000000e+00 0.000000000000000000e+00 0.000000000000000000e+00 0.000000000000000000e+00 0.000000000000000000e+00 0.000000000000000000e+00 0.000000000000000000e+00 0.000000000000000000e+00 0.000000000000000000e+00 0.000000000000000000e+00 0.000000000000000000e+00 0.000000000000000000e+00 0.000000000000000000e+00 0.000000000000000000e+00 0.000000000000000000e+00 0.000000000000000000e+00 0.000000000000000000e+00 0.000000000000000000e+00 0.000000000000000000e+00 0.000000000000000000e+00 0.000000000000000000e+00 0.000000000000000000e+00 0.000000000000000000e+00 0.000000000000000000e+00 0.000000000000000000e+00 0.000000000000000000e+00 0.000000000000000000e+00 0.000000000000000000e+00 0.000000000000000000e+00 0.000000000000000000e+00 0.000000000000000000e+00 0.000000000000000000e+00 0.000000000000000000e+00 0.000000000000000000e+00 0.000000000000000000e+00 0.000000000000000000e+00 0.000000000000000000e+00 0.000000000000000000e+00 0.000000000000000000e+00 -7.943541978761147902e-05 -1.109275182174889710e-04 5.930004151107995153e-05 7.108592509365952794e-05 4.261987936282114623e-05 0.000000000000000000e+00 0.000000000000000000e+00 0.000000000000000000e+00 0.000000000000000000e+00 0.000000000000000000e+00 0.000000000000000000e+00 0.000000000000000000e+00 0.000000000000000000e+00 0.000000000000000000e+00 0.000000000000000000e+00 0.000000000000000000e+00 0.000000000000000000e+00 0.000000000000000000e+00 0.000000000000000000e+00 0.000000000000000000e+00 0.000000000000000000e+00 0.000000000000000000e+00 0.000000000000000000e+00 0.000000000000000000e+00 0.000000000000000000e+00 0.000000000000000000e+00 0.000000000000000000e+00 0.000000000000000000e+00 0.000000000000000000e+00 0.000000000000000000e+00 0.000000000000000000e+00 0.000000000000000000e+00 0.000000000000000000e+00 0.000000000000000000e+00 0.000000000000000000e+00 0.000000000000000000e+00 0.000000000000000000e+00 0.000000000000000000e+00 0.000000000000000000e+00 0.000000000000000000e+00 0.000000000000000000e+00
0.000000000000000000e+00 0.000000000000000000e+00 0.000000000000000000e+00 0.000000000000000000e+00 0.000000000000000000e+00 0.000000000000000000e+00 0.000000000000000000e+00 0.000000000000000000e+00 0.000000000000000000e+00 0.000000000000000000e+00 0.000000000000000000e+00 0.000000000000000000e+00 0.000000000000000000e+00 0.000000000000000000e+00 0.000000000000000000e+00 0.000000000000000000e+00 0.000000000000000000e+00 0.000000000000000000e+00 0.000000000000000000e+00 0.000000000000000000e+00 0.000000000000000000e+00 0.000000000000000000e+00 0.000000000000000000e+00 0.000000000000000000e+00 0.000000000000000000e+00 0.000000000000000000e+00 0.000000000000000000e+00 0.000000000000000000e+00 0.000000000000000000e+00 0.000000000000000000e+00 0.000000000000000000e+00 0.000000000000000000e+00 0.000000000000000000e+00 0.000000000000000000e+00 0.000000000000000000e+00 0.000000000000000000e+00 0.000000000000000000e+00 0.000000000000000000e+00 0.000000000000000000e+00 0.000000000000000000e+00 0.000000000000000000e+00 1.426517473057878219e-04 4.200273117003882332e-05 -9.092602507243566733e-05 -8.041450303180836619e-05 4.496152121830367766e-05 1.095320799892686073e-04 0.000000000000000000e+00 0.000000000000000000e+00 0.000000000000000000e+00 0.000000000000000000e+00 0.000000000000000000e+00 0.000000000000000000e+00 0.000000000000000000e+00 0.000000000000000000e+00 0.000000000000000000e+00 0.000000000000000000e+00 0.000000000000000000e+00 0.000000000000000000e+00 0.000000000000000000e+00 0.000000000000000000e+00 0.000000000000000000e+00 0.000000000000000000e+00 0.000000000000000000e+00 0.000000000000000000e+00 0.000000000000000000e+00 0.000000000000000000e+00 0.000000000000000000e+00 0.000000000000000000e+00 0.000000000000000000e+00 0.000000000000000000e+00 0.000000000000000000e+00 0.000000000000000000e+00 0.000000000000000000e+00 0.000000000000000000e+00 0.000000000000000000e+00 0.000000000000000000e+00 0.000000000000000000e+00 0.000000000000000000e+00 0.000000000000000000e+00 0.000000000000000000e+00 0.000000000000000000e+00
0.000000000000000000e+00 0.000000000000000000e+00 0.000000000000000000e+00 0.000000000000000000e+00 0.000000000000000000e+00 0.000000000000000000e+00 0.000000000000000000e+00 0.000000000000000000e+00 0.000000000000000000e+00 0.000000000000000000e+00 0.000000000000000000e+00 0.000000000000000000e+00 0.000000000000000000e+00 0.000000000000000000e+00 0.000000000000000000e+00 0.000000000000000000e+00 0.000000000000000000e+00 0.000000000000000000e+00 0.000000000000000000e+00 0.000000000000000000e+00 0.000000000000000000e+00 0.000000000000000000e+00 0.000000000000000000e+00 0.000000000000000000e+00 0.000000000000000000e+00 0.000000000000000000e+00 0.000000000000000000e+00 0.000000000000000000e+00 0.000000000000000000e+00 0.000000000000000000e+00 0.000000000000000000e+00 0.000000000000000000e+00 0.000000000000000000e+00 0.000000000000000000e+00 0.000000000000000000e+00 0.000000000000000000e+00 0.000000000000000000e+00 0.000000000000000000e+00 0.000000000000000000e+00 0.000000000000000000e+00 0.000000000000000000e+00 -2.984194600127855102e-05 5.581516445671959125e-05 1.262435866004713162e-05 -2.592045753217468270e-06 -5.933520868709919743e-05 -6.792518852124959346e-05 1.651745755251310258e-04 0.000000000000000000e+00 0.000000000000000000e+00 0.000000000000000000e+00 0.000000000000000000e+00 0.000000000000000000e+00 0.000000000000000000e+00 0.000000000000000000e+00 0.000000000000000000e+00 0.000000000000000000e+00 0.000000000000000000e+00 0.000000000000000000e+00 0.000000000000000000e+00 0.000000000000000000e+00 0.000000000000000000e+00 0.000000000000000000e+00 0.000000000000000000e+00 0.000000000000000000e+00 0.000000000000000000e+00 0.000000000000000000e+00 0.000000000000000000e+00 0.000000000000000000e+00 0.000000000000000000e+00 0.000000000000000000e+00 0.000000000000000000e+00 0.000000000000000000e+00 0.000000000000000000e+00 0.000000000000000000e+00 0.000000000000000000e+00 0.000000000000000000e+00 0.000000000000000000e+00 0.000000000000000000e+00 0.000000000000000000e+00 0.000000000000000000e+00 0.000000000000000000e+00
0.000000000000000000e+00 0.000000000000000000e+00 0.000000000000000000e+00 0.000000000000000000e+00 0.000000000000000000e+00 0.000000000000000000e+00 0.000000000000000000e+00 0.000000000000000000e+00 0.000000000000000000e+00 0.000000000000000000e+00 0.000000000000000000e+00 0.000000000000000000e+00 0.000000000000000000e+00 0.000000000000000000e+00 0.000000000000000000e+00 0.000000000000000000e+00 0.000000000000000000e+00 0.000000000000000000e+00 0.000000000000000000e+00 0.000000000000000000e+00 0.000000000000000000e+00 0.000000000000000000e+00 0.000000000000000000e+00 0.000000000000000000e+00 0.000000000000000000e+00 0.000000000000000000e+00 0.000000000000000000e+00 0.000000000000000000e+00 0.000000000000000000e+00 0.000000000000000000e+00 0.000000000000000000e+00 0.000000000000000000e+00 0.000000000000000000e+00 0.000000000000000000e+00 0.000000000000000000e+00 0.000000000000000000e+00 0.000000000000000000e+00 0.000000000000000000e+00 0.000000000000000000e+00 0.000000000000000000e+00 0.000000000000000000e+00 -7.394265293624683612e-05 2.963258645001940597e-05 4.204089518044333958e-05 2.623418207820267032e-05 -6.303498791672485966e-05 -9.259157578531693536e-05 1.314312271508512927e-04 5.812254589614190603e-05 0.000000000000000000e+00 0.000000000000000000e+00 0.000000000000000000e+00 0.000000000000000000e+00 0.000000000000000000e+00 0.000000000000000000e+00 0.000000000000000000e+00 0.000000000000000000e+00 0.000000000000000000e+00 0.000000000000000000e+00 0.000000000000000000e+00 0.000000000000000000e+00 0.000000000000000000e+00 0.000000000000000000e+00 0.000000000000000000e+00 0.000000000000000000e+00 0.000000000000000000e+00 0.000000000000000000e+00 0.000000000000000000e+00 0.000000000000000000e+00 0.000000000000000000e+00 0.000000000000000000e+00 0.000000000000000000e+00 0.000000000000000000e+00 0.000000000000000000e+00 0.000000000000000000e+00 0.000000000000000000e+00 0.000000000000000000e+00 0.000000000000000000e+00 0.000000000000000000e+00 0.000000000000000000e+00 0.000000000000000000e+00 0.000000000000000000e+00
0.000000000000000000e+00 0.000000000000000000e+00 0.000000000000000000e+00 0.000000000000000000e+00 0.000000000000000000e+00 0.000000000000000000e+00 0.000000000000000000e+00 0.000000000000000000e+00 0.000000000000000000e+00 0.000000000000000000e+00 0.000000000000000000e+00 0.000000000000000000e+00 0.000000000000000000e+00 0.000000000000000000e+00 0.000000000000000000e+00 0.000000000000000000e+00 0.000000000000000000e+00 0.000000000000000000e+00 0.000000000000000000e+00 0.000000000000000000e+00 0.000000000000000000e+00 0.000000000000000000e+00 0.000000000000000000e+00 0.000000000000000000e+00 0.000000000000000000e+00 0.000000000000000000e+00 0.000000000000000000e+00 0.000000000000000000e+00 0.000000000000000000e+00 0.000000000000000000e+00 0.000000000000000000e+00 0.000000000000000000e+00 0.000000000000000000e+00 0.000000000000000000e+00 0.000000000000000000e+00 0.000000000000000000e+00 0.000000000000000000e+00 0.000000000000000000e+00 0.000000000000000000e+00 0.000000000000000000e+00 0.000000000000000000e+00 -1.029440328085461044e-04 1.977499692269132800e-05 6.065687704556411367e-05 4.297880229123880909e-05 -7.115682560409124452e-05 -1.139410941784737208e-04 1.280604559900364915e-04 9.240800733797288093e-05 2.846744456179256083e-05 0.000000000000000000e+00 0.000000000000000000e+00 0.000000000000000000e+00 0.000000000000000000e+00 0.000000000000000000e+00 0.000000000000000000e+00 0.000000000000000000e+00 0.000000000000000000e+00 0.000000000000000000e+00 0.000000000000000000e+00 0.000000000000000000e+00 0.000000000000000000e+00 0.000000000000000000e+00 0.000000000000000000e+00 0.000000000000000000e+00 0.000000000000000000e+00 0.000000000000000000e+00 0.000000000000000000e+00 0.000000000000000000e+00 0.000000000000000000e+00 0.000000000000000000e+00 0.000000000000000000e+00 0.000000000000000000e+00 0.000000000000000000e+00 0.000000000000000000e+00 0.000000000000000000e+00 0.000000000000000000e+00 0.000000000000000000e+00 0.000000000000000000e+00 0.000000000000000000e+00 0.000000000000000000e+00 0.000000000000000000e+00
0.000000000000000000e+00 0.000000000000000000e+00 0.000000000000000000e+00 0.000000000000000000e+00 0.000000000000000000e+00 0.000000000000000000e+00 0.000000000000000000e+00 0.000000000000000000e+00 0.000000000000000000e+00 0.000000000000000000e+00 0.000000000000000000e+00 0.000000000000000000e+00 0.000000000000000000e+00 0.000000000000000000e+00 0.000000000000000000e+00 0.000000000000000000e+00 0.000000000000000000e+00 0.000000000000000000e+00 0.000000000000000000e+00 0.000000000000000000e+00 0.000000000000000000e+00 0.000000000000000000e+00 0.000000000000000000e+00 0.000000000000000000e+00 0.000000000000000000e+00 0.000000000000000000e+00 0.000000000000000000e+00 0.000000000000000000e+00 0.000000000000000000e+00 0.000000000000000000e+00 0.000000000000000000e+00 0.000000000000000000e+00 0.000000000000000000e+00 0.000000000000000000e+00 0.000000000000000000e+00 0.000000000000000000e+00 0.000000000000000000e+00 0.000000000000000000e+00 0.000000000000000000e+00 0.000000000000000000e+00 0.000000000000000000e+00 -1.552220702769010780e-04 -7.675933213436563905e-05 1.020134220661997803e-04 9.683337327646957503e-05 -2.492141671429098739e-05 -9.754595500982632188e-05 -7.940256501792400520e-05 1.963401581883510974e-04 1.841706392199641987e-04 1.966455363516613657e-04 0.000000000000000000e+00 0.000000000000000000e+00 0.000000000000000000e+00 0.000000000000000000e+00 0.000000000000000000e+00 0.000000000000000000e+00 0.000000000000000000e+00 0.000000000000000000e+00 0.000000000000000000e+00 0.000000000000000000e+00 0.000000000000000000e+00 0.000000000000000000e+00 0.000000000000000000e+00 0.000000000000000000e+00 0.000000000000000000e+00 0.000000000000000000e+00 0.000000000000000000e+00 0.000000000000000000e+00 0.000000000000000000e+00 0.000000000000000000e+00 0.000000000000000000e+00 0.000000000000000000e+00 0.000000000000000000e+00 0.000000000000000000e+00 0.000000000000000000e+00 0.000000000000000000e+00 0.000000000000000000e+00 0.000000000000000000e+00 0.000000000000000000e+00 0.000000000000000000e+00 0.000000000000000000e+00
0.000000000000000000e+00 0.000000000000000000e+00 0.000000000000000000e+00 0.000000000000000000e+00 0.000000000000000000e+00 0.000000000000000000e+00 0.000000000000000000e+00 0.000000000000000000e+00 0.000000000000000000e+00 0.000000000000000000e+00 0.000000000000000000e+00 0.000000000000000000e+00 0.000000000000000000e+00 0.000000000000000000e+00 0.000000000000000000e+00 0.000000000000000000e+00 0.000000000000000000e+00 0.000000000000000000e+00 0.000000000000000000e+00 0.000000000000000000e+00 0.000000000000000000e+00 0.000000000000000000e+00 0.000000000000000000e+00 0.000000000000000000e+00 0.000000000000000000e+00 0.000000000000000000e+00 0.000000000000000000e+00 0.000000000000000000e+00 0.000000000000000000e+00 0.000000000000000000e+00 0.000000000000000000e+00 0.000000000000000000e+00 0.000000000000000000e+00 0.000000000000000000e+00 0.000000000000000000e+00 0.000000000000000000e+00 0.000000000000000000e+00 0.000000000000000000e+00 0.000000000000000000e+00 0.000000000000000000e+00 0.000000000000000000e+00 -3.352654917425510936e-04 -2.068918679293090250e-04 2.244092526437191902e-04 2.215023212483733562e-04 -2.206360664450388628e-05 -1.820546148043415940e-04 -2.765837788131805092e-04 4.460592645444688567e-04 4.522600990981446309e-04 5.005680106194560072e-04 2.270857213702606433e-04 0.000000000000000000e+00 0.000000000000000000e+00 0.000000000000000000e+00 0.000000000000000000e+00 0.000000000000000000e+00 0.000000000000000000e+00 0.000000000000000000e+00 0.000000000000000000e+00 0.000000000000000000e+00 0.000000000000000000e+00 0.000000000000000000e+00 0.000000000000000000e+00 0.000000000000000000e+00 0.000000000000000000e+00 0.000000000000000000e+00 0.000000000000000000e+00 0.000000000000000000e+00 0.000000000000000000e+00 0.000000000000000000e+00 0.000000000000000000e+00 0.000000000000000000e+00 0.000000000000000000e+00 0.000000000000000000e+00 0.000000000000000000e+00 0.000000000000000000e+00 0.000000000000000000e+00 0.000000000000000000e+00 0.000000000000000000e+00 0.000000000000000000e+00 0.000000000000000000e+00
0.000000000000000000e+00 0.000000000000000000e+00 0.000000000000000000e+00 0.000000000000000000e+00 0.000000000000000000e+00 0.000000000000000000e+00 0.000000000000000000e+00 0.000000000000000000e+00 0.000000000000000000e+00 0.000000000000000000e+00 0.000000000000000000e+00 0.000000000000000000e+00 0.000000000000000000e+00 0.000000000000000000e+00 0.000000000000000000e+00 0.000000000000000000e+00 0.000000000000000000e+00 0.000000000000000000e+00 0.000000000000000000e+00 0.000000000000000000e+00 0.000000000000000000e+00 0.000000000000000000e+00 0.000000000000000000e+00 0.000000000000000000e+00 0.000000000000000000e+00 0.000000000000000000e+00 0.000000000000000000e+00 0.000000000000000000e+00 0.000000000000000000e+00 0.000000000000000000e+00 0.000000000000000000e+00 0.000000000000000000e+00 0.000000000000000000e+00 0.000000000000000000e+00 0.000000000000000000e+00 0.000000000000000000e+00 0.000000000000000000e+00 0.000000000000000000e+00 0.000000000000000000e+00 0.000000000000000000e+00 0.000000000000000000e+00 -1.086576205744940277e-04 -8.076212184585675180e-05 7.408727508564496114e-05 7.590768698075020331e-05 3.445229023926052224e-06 -4.945058537471953180e-05 -1.246921543572103680e-04 1.518981246625023549e-04 1.647443760792472595e-04 1.875270241940202635e-04 1.493481216143565998e-04 2.448474353304441872e-04 0.000000000000000000e+00 0.000000000000000000e+00 0.000000000000000000e+00 0.000000000000000000e+00 0.000000000000000000e+00 0.000000000000000000e+00 0.000000000000000000e+00 0.000000000000000000e+00 0.000000000000000000e+00 0.000000000000000000e+00 0.000000000000000000e+00 0.000000000000000000e+00 0.000000000000000000e+00 0.000000000000000000e+00 0.000000000000000000e+00 0.000000000000000000e+00 0.000000000000000000e+00 0.000000000000000000e+00 0.000000000000000000e+00 0.000000000000000000e+00 0.000000000000000000e+00 0.000000000000000000e+00 0.000000000000000000e+00 0.000000000000000000e+00 0.000000000000000000e+00 0.000000000000000000e+00 0.000000000000000000e+00 0.000000000000000000e+00 0.000000000000000000e+00
0.000000000000000000e+00 0.000000000000000000e+00 0.000000000000000000e+00 0.000000000000000000e+00 0.000000000000000000e+00 0.000000000000000000e+00 0.000000000000000000e+00 0.000000000000000000e+00 0.000000000000000000e+00 0.000000000000000000e+00 0.000000000000000000e+00 0.000000000000000000e+00 0.000000000000000000e+00 0.000000000000000000e+00 0.000000000000000000e+00 0.000000000000000000e+00 0.000000000000000000e+00 0.000000000000000000e+00 0.000000000000000000e+00 0.000000000000000000e+00 0.000000000000000000e+00 0.000000000000000000e+00 0.000000000000000000e+00 0.000000000000000000e+00 0.000000000000000000e+00 0.000000000000000000e+00 0.000000000000000000e+00 0.000000000000000000e+00 0.000000000000000000e+00 0.000000000000000000e+00 0.000000000000000000e+00 0.000000000000000000e+00 0.000000000000000000e+00 0.000000000000000000e+00 0.000000000000000000e+00 0.000000000000000000e+00 0.000000000000000000e+00 0.000000000000000000e+00 0.000000000000000000e+00 0.000000000000000000e+00 0.000000000000000000e+00 -5.118267565505603872e-05 -7.046965613688511878e-05 3.810938461570643430e-05 4.550101272402421013e-05 2.668505736553166980e-05 -6.997815216942801325e-07 -1.416453130560630909e-04 8.889515024259014679e-05 1.205777876401647000e-04 1.481651429811823564e-04 2.495211327486983170e-04 6.944643930587193585e-04 2.499630104213640402e-04 0.000000000000000000e+00 0.000000000000000000e+00 0.000000000000000000e+00 0.000000000000000000e+00 0.000000000000000000e+00 0.000000000000000000e+00 0.000000000000000000e+00 0.000000000000000000e+00 0.000000000000000000e+00 0.000000000000000000e+00 0.000000000000000000e+00 0.000000000000000000e+00 0.000000000000000000e+00 0.000000000000000000e+00 0.000000000000000000e+00 0.000000000000000000e+00 0.000000000000000000e+00 0.000000000000000000e+00 0.000000000000000000e+00 0.000000000000000000e+00 0.000000000000000000e+00 0.000000000000000000e+00 0.000000000000000000e+00 0.000000000000000000e+00 0.000000000000000000e+00 0.000000000000000000e+00 0.000000000000000000e+00 0.000000000000000000e+00
0.000000000000000000e+00 0.000000000000000000e+00 0.000000000000000000e+00 0.000000000000000000e+00 0.000000000000000000e+00 0.000000000000000000e+00 0.000000000000000000e+00 0.000000000000000000e+00 0.000000000000000000e+00 0.000000000000000000e+00 0.000000000000000000e+00 0.000000000000000000e+00 0.000000000000000000e+00 0.000000000000000000e+00 0.000000000000000000e+00 0.000000000000000000e+00 0.000000000000000000e+00 0.000000000000000000e+00 0.000000000000000000e+00 0.000000000000000000e+00 0.000000000000000000e+00 0.000000000000000000e+00 0.000000000000000000e+00 0.000000000000000000e+00 0.000000000000000000e+00 0.000000000000000000e+00 0.000000000000000000e+00 0.000000000000000000e+00 0.000000000000000000e+00 0.000000000000000000e+00 0.000000000000000000e+00 0.000000000000000000e+00 0.000000000000000000e+00 0.000000000000000000e+00 0.000000000000000000e+00 0.000000000000000000e+00 0.000000000000000000e+00 0.000000000000000000e+00 0.000000000000000000e+00 0.000000000000000000e+00 0.000000000000000000e+00 5.378476283573406627e-05 1.702933563278223009e-05 -3.440044531410286962e-05 -3.067758501841427753e-05 1.603018154105689025e-05 4.046637315071376713e-05 3.049804732885977635e-06 -6.291466912213293300e-05 -5.113507667425864838e-05 -5.048420780902315627e-05 5.286636432920119885e-05 2.886301685074188538e-04 1.768891312407909467e-04 2.586333062438214009e-04 0.000000000000000000e+00 0.000000000000000000e+00 0.000000000000000000e+00 0.000000000000000000e+00 0.000000000000000000e+00 0.000000000000000000e+00 0.000000000000000000e+00 0.000000000000000000e+00 0.000000000000000000e+00 0.000000000000000000e+00 0.000000000000000000e+00 0.000000000000000000e+00 0.000000000000000000e+00 0.000000000000000000e+00 0.000000000000000000e+00 0.000000000000000000e+00 0.000000000000000000e+00 0.000000000000000000e+00 0.000000000000000000e+00 0.000000000000000000e+00 0.000000000000000000e+00 0.000000000000000000e+00 0.000000000000000000e+00 0.000000000000000000e+00 0.000000000000000000e+00 0.000000000000000000e+00 0.000000000000000000e+00
0.000000000000000000e+00 0.000000000000000000e+00 0.000000000000000000e+00 0.000000000000000000e+00 0.000000000000000000e+00 0.000000000000000000e+00 0.000000000000000000e+00 0.000000000000000000e+00 0.000000000000000000e+00 0.000000000000000000e+00 0.000000000000000000e+00 0.000000000000000000e+00 0.000000000000000000e+00 0.000000000000000000e+00 0.000000000000000000e+00 0.000000000000000000e+00 0.000000000000000000e+00 0.000000000000000000e+00 0.000000000000000000e+00 0.000000000000000000e+00 0.000000000000000000e+00 0.000000000000000000e+00 0.000000000000000000e+00 0.000000000000000000e+00 0.000000000000000000e+00 0.000000000000000000e+00 0.000000000000000000e+00 0.000000000000000000e+00 0.000000000000000000e+00 0.000000000000000000e+00 0.000000000000000000e+00 0.000000000000000000e+00 0.000000000000000000e+00 0.000000000000000000e+00 0.000000000000000000e+00 0.000000000000000000e+00 0.000000000000000000e+00 0.000000000000000000e+00 0.000000000000000000e+00 0.000000000000000000e+00 0.000000000000000000e+00 2.011460813405036431e-04 1.089963989156916558e-04 -1.331384838308980465e-04 -1.283455903628044647e-04 2.493140606751050755e-05 1.197678909471483266e-04 1.272534286827590457e-04 -2.595250970071963630e-04 -2.512856176059960933e-04 -2.724035336084261092e-04 -5.264047163410055937e-05 2.702241990691192143e-04 3.122686294867612049e-04 7.617397575082423232e-04 2.590223335273895457e-04 0.000000000000000000e+00 0.000000000000000000e+00 0.000000000000000000e+00 0.000000000000000000e+00 0.000000000000000000e+00 0.000000000000000000e+00 0.000000000000000000e+00 0.000000000000000000e+00 0.000000000000000000e+00 0.000000000000000000e+00 0.000000000000000000e+00 0.000000000000000000e+00 0.000000000000000000e+00 0.000000000000000000e+00 0.000000000000000000e+00 0.000000000000000000e+00 0.000000000000000000e+00 0.000000000000000000e+00 0.000000000000000000e+00 0.000000000000000000e+00 0.000000000000000000e+00 0.000000000000000000e+00 0.000000000000000000e+00 0.000000000000000000e+00 0.000000000000000000e+00 0.000000000000000000e+00
0.000000000000000000e+00 0.000000000000000000e+00 0.000000000000000000e+00 0.000000000000000000e+00 0.000000000000000000e+00 0.000000000000000000e+00 0.000000000000000000e+00 0.000000000000000000e+00 0.000000000000000000e+00 0.000000000000000000e+00 0.000000000000000000e+00 0.000000000000000000e+00 0.000000000000000000e+00 0.000000000000000000e+00 0.000000000000000000e+00 0.000000000000000000e+00 0.000000000000000000e+00 0.000000000000000000e+00 0.000000000000000000e+00 0.000000000000000000e+00 0.000000000000000000e+00 0.000000000000000000e+00 0.000000000000000000e+00 0.000000000000000000e+00 0.000000000000000000e+00 0.000000000000000000e+00 0.000000000000000000e+00 0.000000000000000000e+00 0.000000000000000000e+00 0.000000000000000000e+00 0.000000000000000000e+00 0.000000000000000000e+00 0.000000000000000000e+00 0.000000000000000000e+00 0.000000000000000000e+00 0.000000000000000000e+00 0.000000000000000000e+00 0.000000000000000000e+00 0.000000000000000000e+00 0.000000000000000000e+00 0.000000000000000000e+00 9.945589605610999676e-05 6.452846456417009476e-05 -6.688293962089511622e-05 -6.665621751377290999e-05 4.107179726751048630e-06 5.180834657865257976e-05 9.011318668327503569e-05 -1.340098430554988217e-04 -1.383426346215773598e-04 -1.543127417929267080e-04 -8.479362960067390929e-05 -5.633542850073044463e-05 7.241557137738928094e-05 3.284003281555653974e-04 1.888735715801430175e-04 2.651939450345354833e-04 0.000000000000000000e+00 0.000000000000000000e+00 0.000000000000000000e+00 0.000000000000000000e+00 0.000000000000000000e+00 0.000000000000000000e+00 0.000000000000000000e+00 0.000000000000000000e+00 0.000000000000000000e+00 0.000000000000000000e+00 0.000000000000000000e+00 0.000000000000000000e+00 0.000000000000000000e+00 0.000000000000000000e+00 0.000000000000000000e+00 0.000000000000000000e+00 0.000000000000000000e+00 0.000000000000000000e+00 0.000000000000000000e+00 0.000000000000000000e+00 0.000000000000000000e+00 0.000000000000000000e+00 0.000000000000000000e+00 0.000000000000000000e+00 0.000000000000000000e+00
0.000000000000000000e+00 0.000000000000000000e+00 0.000000000000000000e+00 0.000000000000000000e+00 0.000000000000000000e+00 0.000000000000000000e+00 0.000000000000000000e+00 0.000000000000000000e+00 0.000000000000000000e+00 0.000000000000000000e+00 0.000000000000000000e+00 0.000000000000000000e+00 0.000000000000000000e+00 0.000000000000000000e+00 0.000000000000000000e+00 0.000000000000000000e+00 0.000000000000000000e+00 0.000000000000000000e+00 0.000000000000000000e+00 0.000000000000000000e+00 0.000000000000000000e+00 0.000000000000000000e+00 0.000000000000000000e+00 0.000000000000000000e+00 0.000000000000000000e+00 0.000000000000000000e+00 0.000000000000000000e+00 0.000000000000000000e+00 0.000000000000000000e+00 0.000000000000000000e+00 0.000000000000000000e+00 0.000000000000000000e+00 0.000000000000000000e+00 0.000000000000000000e+00 0.000000000000000000e+00 0.000000000000000000e+00 0.000000000000000000e+00 0.000000000000000000e+00 0.000000000000000000e+00 0.000000000000000000e+00 0.000000000000000000e+00 1.234592502678855423e-04 9.883553165533615461e-05 -8.487988542528730025e-05 -8.837326075011492951e-05 -9.380183168836448768e-06 5.125957869527443777e-05 1.597592232948245926e-04 -1.763725706092879536e-04 -1.965585567480525244e-04 -2.261206555060425228e-04 -2.087669275722896071e-04 -4.044995599251641812e-04 -5.451264906562140207e-05 3.226917450685684238e-04 3.415510370986074942e-04 7.963040903058103128e-04 2.638864777177033546e-04 0.000000000000000000e+00 0.000000000000000000e+00 0.000000000000000000e+00 0.000000000000000000e+00 0.000000000000000000e+00 0.000000000000000000e+00 0.000000000000000000e+00 0.000000000000000000e+00 0.000000000000000000e+00 0.000000000000000000e+00 0.000000000000000000e+00 0.000000000000000000e+00 0.000000000000000000e+00 0.000000000000000000e+00 0.000000000000000000e+00 0.000000000000000000e+00 0.000000000000000000e+00 0.000000000000000000e+00 0.000000000000000000e+00 0.000000000000000000e+00 0.000000000000000000e+00 0.000000000000000000e+00 0.000000000000000000e+00 0.000000000000000000e+00
0.000000000000000000e+00 0.000000000000000000e+00 0.000000000000000000e+00 0.000000000000000000e+00 0.000000000000000000e+00 0.000000000000000000e+00 0.000000000000000000e+00 0.000000000000000000e+00 0.000000000000000000e+00 0.000000000000000000e+00 0.000000000000000000e+00 0.000000000000000000e+00 0.000000000000000000e+00 0.000000000000000000e+00 0.000000000000000000e+00 0.000000000000000000e+00 0.000000000000000000e+00 0.000000000000000000e+00 0.000000000000000000e+00 0.000000000000000000e+00 0.000000000000000000e+00 0.000000000000000000e+00 0.000000000000000000e+00 0.000000000000000000e+00 0.000000000000000000e+00 0.000000000000000000e+00 0.000000000000000000e+00 0.000000000000000000e+00 0.000000000000000000e+00 0.000000000000000000e+00 0.000000000000000000e+00 0.000000000000000000e+00 0.000000000000000000e+00 0.000000000000000000e+00 0.000000000000000000e+00 0.000000000000000000e+00 0.000000000000000000e+00 0.000000000000000000e+00 0.000000000000000000e+00 0.000000000000000000e+00 0.000000000000000000e+00 -6.939622978304558890e-06 9.164862485945080703e-06 3.313475991235024072e-06 5.436405865714442376e-07 -1.084983551893055226e-05 -1.313779637039463518e-05 2.865715582385547044e-05 2.040381487697963041e-06 -8.460484954745637159e-06 -1.445051983501820022e-05 -6.960087717410121545e-05 -2.401617950762875698e-04 -1.104076513027647198e-04 -8.490426248997589393e-05 6.495400274171674049e-05 3.222855754636987286e-04 1.925252731033096109e-04 2.895221019478221567e-04 0.000000000000000000e+00 0.000000000000000000e+00 0.000000000000000000e+00 0.000000000000000000e+00 0.000000000000000000e+00 0.000000000000000000e+00 0.000000000000000000e+00 0.000000000000000000e+00 0.000000000000000000e+00 0.000000000000000000e+00 0.000000000000000000e+00 0.000000000000000000e+00 0.000000000000000000e+00 0.000000000000000000e+00 0.000000000000000000e+00 0.000000000000000000e+00 0.000000000000000000e+00 0.000000000000000000e+00 0.000000000000000000e+00 0.000000000000000000e+00 0.000000000000000000e+00 0.000000000000000000e+00 0.000000000000000000e+00
0.000000000000000000e+00 0.000000000000000000e+00 0.000000000000000000e+00 0.000000000000000000e+00 0.000000000000000000e+00 0.000000000000000000e+00 0.000000000000000000e+00 0.000000000000000000e+00 0.000000000000000000e+00 0.000000000000000000e+00 0.000000000000000000e+00 0.000000000000000000e+00 0.000000000000000000e+00 0.000000000000000000e+00 0.000000000000000000e+00 0.000000000000000000e+00 0.000000000000000000e+00 0.000000000000000000e+00 0.000000000000000000e+00 0.000000000000000000e+00 0.000000000000000000e+00 0.000000000000000000e+00 0.000000000000000000e+00 0.000000000000000000e+00 0.000000000000000000e+00 0.000000000000000000e+00 0.000000000000000000e+00 0.000000000000000000e+00 0.000000000000000000e+00 0.000000000000000000e+00 0.000000000000000000e+00 0.000000000000000000e+00 0.000000000000000000e+00 0.000000000000000000e+00 0.000000000000000000e+00 0.000000000000000000e+00 0.000000000000000000e+00 0.000000000000000000e+00 0.000000000000000000e+00 0.000000000000000000e+00 0.000000000000000000e+00 -1.191923013885781094e-04 -8.036213589685588937e-05 8.045531474811525410e-05 8.079383121432326636e-05 -2.581636093980362646e-06 -5.997934024092849934e-05 -1.157386178333710477e-04 1.622230628877475219e-04 1.698094229319109148e-04 1.905228716336916726e-04 1.183534239753193808e-04 1.216004842425408560e-04 -6.344165440902976426e-05 -3.798337305831284930e-04 -2.436668994537772952e-04 -3.933316516737884105e-04 -4.265942684090054187e-05 2.961520489609002684e-04 2.773381059477726023e-04 0.000000000000000000e+00 0.000000000000000000e+00 0.000000000000000000e+00 0.000000000000000000e+00 0.000000000000000000e+00 0.000000000000000000e+00 0.000000000000000000e+00 0.000000000000000000e+00 0.000000000000000000e+00 0.000000000000000000e+00 0.000000000000000000e+00 0.000000000000000000e+00 0.000000000000000000e+00 0.000000000000000000e+00 0.000000000000000000e+00 0.000000000000000000e+00 0.000000000000000000e+00 0.000000000000000000e+00 0.000000000000000000e+00 0.000000000000000000e+00 0.000000000000000000e+00 0.000000000000000000e+00
0.000000000000000000e+00 0.000000000000000000e+00 0.000000000000000000e+00 0.000000000000000000e+00 0.000000000000000000e+00 0.000000000000000000e+00 0.000000000000000000e+00 0.000000000000000000e+00 0.000000000000000000e+00 0.000000000000000000e+00 0.000000000000000000e+00 0.000000000000000000e+00 0.000000000000000000e+00 0.000000000000000000e+00 0.000000000000000000e+00 0.000000000000000000e+00 0.000000000000000000e+00 0.000000000000000000e+00 0.000000000000000000e+00 0.000000000000000000e+00 0.000000000000000000e+00 0.000000000000000000e+00 0.000000000000000000e+00 0.000000000000000000e+00 0.000000000000000000e+00 0.000000000000000000e+00 0.000000000000000000e+00 0.000000000000000000e+00 0.000000000000000000e+00 0.000000000000000000e+00 0.000000000000000000e+00 0.000000000000000000e+00 0.000000000000000000e+00 0.000000000000000000e+00 0.000000000000000000e+00 0.000000000000000000e+00 0.000000000000000000e+00 0.000000000000000000e+00 0.000000000000000000e+00 0.000000000000000000e+00 0.000000000000000000e+00 -1.583922757730450899e-04 -1.104854410830400166e-04 1.072812242131930067e-04 1.084753822206969406e-04 -5.758217925721710927e-07 -7.713167825184030204e-05 -1.632470747029547773e-04 2.175506988109489695e-04 2.305517709571247283e-04 2.599975113345149701e-04 1.776871208771437112e-04 2.275618226297054423e-04 -5.583278509154102320e-05 -4.879998834853458908e-04 -3.449205494134259119e-04 -6.147936599886833680e-04 -1.087218381252233083e-04 3.209005552576844975e-04 3.728575051104992557e-04 7.399974549676789518e-05 0.000000000000000000e+00 0.000000000000000000e+00 0.000000000000000000e+00 0.000000000000000000e+00 0.000000000000000000e+00 0.000000000000000000e+00 0.000000000000000000e+00 0.000000000000000000e+00 0.000000000000000000e+00 0.000000000000000000e+00 0.000000000000000000e+00 0.000000000000000000e+00 0.000000000000000000e+00 0.000000000000000000e+00 0.000000000000000000e+00 0.000000000000000000e+00 0.000000000000000000e+00 0.000000000000000000e+00 0.000000000000000000e+00 0.000000000000000000e+00 0.000000000000000000e+00
0.000000000000000000e+00 0.000000000000000000e+00 0.000000000000000000e+00 0.000000000000000000e+00 0.000000000000000000e+00 0.000000000000000000e+00 0.000000000000000000e+00 0.000000000000000000e+00 0.000000000000000000e+00 0.000000000000000000e+00 0.000000000000000000e+00 0.000000000000000000e+00 0.000000000000000000e+00 0.000000000000000000e+00 0.000000000000000000e+00 0.000000000000000000e+00 0.000000000000000000e+00 0.000000000000000000e+00 0.000000000000000000e+00 0.000000000000000000e+00 0.000000000000000000e+00 0.000000000000000000e+00 0.000000000000000000e+00 0.000000000000000000e+00 0.000000000000000000e+00 0.000000000000000000e+00 0.000000000000000000e+00 0.000000000000000000e+00 0.000000000000000000e+00 0.000000000000000000e+00 0.000000000000000000e+00 0.000000000000000000e+00 0.000000000000000000e+00 0.000000000000000000e+00 0.000000000000000000e+00 0.000000000000000000e+00 0.000000000000000000e+00 0.000000000000000000e+00 0.000000000000000000e+00 0.000000000000000000e+00 0.000000000000000000e+00 -1.126490943280554019e-04 -8.530806737546703931e-05 7.696519902213912060e-05 7.917069492152572162e-05 4.792316699540319311e-06 -5.016681066774602633e-05 -1.333103474869406526e-04 1.583226770313075015e-04 1.728890806355450256e-04 1.973295081877595000e-04 1.635599845388789142e-04 2.820454031707368952e-04 1.217320034045680121e-05 -3.165403651743590964e-04 -2.837848779885609562e-04 -6.050641077075944634e-04 -1.721318229828912630e-04 9.585000167048314079e-05 2.730278171517003770e-04 1.874637181337958012e-04 1.791793628729464671e-04 0.000000000000000000e+00 0.000000000000000000e+00 0.000000000000000000e+00 0.000000000000000000e+00 0.000000000000000000e+00 0.000000000000000000e+00 0.000000000000000000e+00 0.000000000000000000e+00 0.000000000000000000e+00 0.000000000000000000e+00 0.000000000000000000e+00 0.000000000000000000e+00 0.000000000000000000e+00 0.000000000000000000e+00 0.000000000000000000e+00 0.000000000000000000e+00 0.000000000000000000e+00 0.000000000000000000e+00 0.000000000000000000e+00 0.000000000000000000e+00
0.000000000000000000e+00 0.000000000000000000e+00 0.000000000000000000e+00 0.000000000000000000e+00 0.000000000000000000e+00 0.000000000000000000e+00 0.000000000000000000e+00 0.000000000000000000e+00 0.000000000000000000e+00 0.000000000000000000e+00 0.000000000000000000e+00 0.000000000000000000e+00 0.000000000000000000e+00 0.000000000000000000e+00 0.000000000000000000e+00 0.000000000000000000e+00 0.000000000000000000e+00 0.000000000000000000e+00 0.000000000000000000e+00 0.000000000000000000e+00 0.000000000000000000e+00 0.000000000000000000e+00 0.000000000000000000e+00 0.000000000000000000e+00 0.000000000000000000e+00 0.000000000000000000e+00 0.000000000000000000e+00 0.000000000000000000e+00 0.000000000000000000e+00 0.000000000000000000e+00 0.000000000000000000e+00 0.000000000000000000e+00 0.000000000000000000e+00 0.000000000000000000e+00 0.000000000000000000e+00 0.000000000000000000e+00 0.000000000000000000e+00 0.000000000000000000e+00 0.000000000000000000e+00 0.000000000000000000e+00 0.000000000000000000e+00 1.358455323677115170e-04 9.203658757963332972e-05 -9.174052615497782167e-05 -9.221630373342348927e-05 2.597269215835886339e-06 6.804841508412719535e-05 1.330508419802991029e-04 -1.851272396735568170e-04 -1.941264499762206770e-04 -2.179660025708489088e-04 -1.373563514825567548e-04 -1.465638728741786164e-04 6.886396435544327307e-05 4.308780897779033634e-04 2.802637296598298948e-04 4.594193798707738616e-04 5.490884610894609361e-05 -3.287484464708238167e-04 -3.166078060141527188e-04 -8.944321356498661881e-06 7.245286241495707850e-05 2.052023379656088184e-04 0.000000000000000000e+00 0.000000000000000000e+00 0.000000000000000000e+00 0.000000000000000000e+00 0.000000000000000000e+00 0.000000000000000000e+00 0.000000000000000000e+00 0.000000000000000000e+00 0.000000000000000000e+00 0.000000000000000000e+00 0.000000000000000000e+00 0.000000000000000000e+00 0.000000000000000000e+00 0.000000000000000000e+00 0.000000000000000000e+00 0.000000000000000000e+00 0.000000000000000000e+00 0.000000000000000000e+00 0.000000000000000000e+00
0.000000000000000000e+00 0.000000000000000000e+00 0.000000000000000000e+00 0.000000000000000000e+00 0.000000000000000000e+00 0.000000000000000000e+00 0.000000000000000000e+00 0.000000000000000000e+00 0.000000000000000000e+00 0.000000000000000000e+00 0.000000000000000000e+00 0.000000000000000000e+00 0.000000000000000000e+00 0.000000000000000000e+00 0.000000000000000000e+00 0.000000000000000000e+00 0.000000000000000000e+00 0.000000000000000000e+00 0.000000000000000000e+00 0.000000000000000000e+00 0.000000000000000000e+00 0.000000000000000000e+00 0.000000000000000000e+00 0.000000000000000000e+00 0.000000000000000000e+00 0.000000000000000000e+00 0.000000000000000000e+00 0.000000000000000000e+00 0.000000000000000000e+00 0.000000000000000000e+00 0.000000000000000000e+00 0.000000000000000000e+00 0.000000000000000000e+00 0.000000000000000000e+00 0.000000000000000000e+00 0.000000000000000000e+00 0.000000000000000000e+00 0.000000000000000000e+00 0.000000000000000000e+00 0.000000000000000000e+00 0.000000000000000000e+00 1.347413617618246960e-04 9.819407002713562225e-05 -9.167863380650232959e-05 -9.354203432357798985e-05 -2.761016453549910499e-06 6.268382018690500180e-05 1.496255899072717038e-04 -1.873160791182586096e-04 -2.017005476658020283e-04 -2.289358695313645708e-04 -1.743957309463159931e-04 -2.687024934780598510e-04 1.507281398616614513e-05 3.960549474342257045e-04 3.174629876862948021e-04 6.278720784341432085e-04 1.517375910929665255e-04 -1.902569356222963567e-04 -3.220889737066579429e-04 -1.472143608573093425e-04 -1.119769565830477991e-04 7.278617905894959716e-05 1.576716195810964861e-04 0.000000000000000000e+00 0.000000000000000000e+00 0.000000000000000000e+00 0.000000000000000000e+00 0.000000000000000000e+00 0.000000000000000000e+00 0.000000000000000000e+00 0.000000000000000000e+00 0.000000000000000000e+00 0.000000000000000000e+00 0.000000000000000000e+00 0.000000000000000000e+00 0.000000000000000000e+00 0.000000000000000000e+00 0.000000000000000000e+00 0.000000000000000000e+00 0.000000000000000000e+00 0.000000000000000000e+00
0.000000000000000000e+00 0.000000000000000000e+00 0.000000000000000000e+00 0.000000000000000000e+00 0.000000000000000000e+00 0.000000000000000000e+00 0.000000000000000000e+00 0.000000000000000000e+00 0.000000000000000000e+00 0.000000000000000000e+00 0.000000000000000000e+00 0.000000000000000000e+00 0.000000000000000000e+00 0.000000000000000000e+00 0.000000000000000000e+00 0.000000000000000000e+00 0.000000000000000000e+00 0.000000000000000000e+00 0.000000000000000000e+00 0.000000000000000000e+00 0.000000000000000000e+00 0.000000000000000000e+00 0.000000000000000000e+00 0.000000000000000000e+00 0.000000000000000000e+00 0.000000000000000000e+00 0.000000000000000000e+00 0.000000000000000000e+00 0.000000000000000000e+00 0.000000000000000000e+00 0.000000000000000000e+00 0.000000000000000000e+00 0.000000000000000000e+00 0.000000000000000000e+00 0.000000000000000000e+00 0.000000000000000000e+00 0.000000000000000000e+00 0.000000000000000000e+00 0.000000000000000000e+00 0.000000000000000000e+00 0.000000000000000000e+00 1.094180441870054018e-04 8.261537728932301459e-05 -7.473330620988063034e-05 -7.682600426070157278e-05 -4.464851026460459211e-06 4.889919979260462762e-05 1.288580985327762631e-04 -1.536501009382180104e-04 -1.676043782437133312e-04 -1.912160023159926601e-04 -1.575102889504504549e-04 -2.695649491518210187e-04 -9.928935622432460899e-06 3.085762759369636214e-04 2.742397930468375785e-04 5.815793089427333034e-04 1.637315450782686759e-04 -9.793613502854312122e-05 -2.649099584681481319e-04 -1.771616209688457136e-04 -1.674950870526881186e-04 4.654807191495348498e-06 1.937033207624422814e-04 6.513080571861900204e-05 0.000000000000000000e+00 0.000000000000000000e+00 0.000000000000000000e+00 0.000000000000000000e+00 0.000000000000000000e+00 0.000000000000000000e+00 0.000000000000000000e+00 0.000000000000000000e+00 0.000000000000000000e+00 0.000000000000000000e+00 0.000000000000000000e+00 0.000000000000000000e+00 0.000000000000000000e+00 0.000000000000000000e+00 0.000000000000000000e+00 0.000000000000000000e+00 0.000000000000000000e+00
0.000000000000000000e+00 0.000000000000000000e+00 0.000000000000000000e+00 0.000000000000000000e+00 0.000000000000000000e+00 0.000000000000000000e+00 0.000000000000000000e+00 0.000000000000000000e+00 0.000000000000000000e+00 0.000000000000000000e+00 0.000000000000000000e+00 0.000000000000000000e+00 0.000000000000000000e+00 0.000000000000000000e+00 0.000000000000000000e+00 0.000000000000000000e+00 0.000000000000000000e+00 0.000000000000000000e+00 0.000000000000000000e+00 0.000000000000000000e+00 0.000000000000000000e+00 0.000000000000000000e+00 0.000000000000000000e+00 0.000000000000000000e+00 0.000000000000000000e+00 0.000000000000000000e+00 0.000000000000000000e+00 0.000000000000000000e+00 0.000000000000000000e+00 0.000000000000000000e+00 0.000000000000000000e+00 0.000000000000000000e+00 0.000000000000000000e+00 0.000000000000000000e+00 0.000000000000000000e+00 0.000000000000000000e+00 0.000000000000000000e+00 0.000000000000000000e+00 0.000000000000000000e+00 0.000000000000000000e+00 0.000000000000000000e+00 4.469481163921343515e-05 4.180227084410374723e-05 -3.132455292638404773e-05 -3.380262706314012737e-05 -8.049915490188327472e-06 1.436134355548083070e-05 7.323262273035270966e-05 -6.707138608959536193e-05 -7.913894105971501741e-05 -9.297116586950807148e-05 -1.088504039464217930e-04 -2.539827246247763968e-04 -6.615328324394747681e-05 8.950881340055609535e-05 1.580733284872093056e-04 4.384281075352647480e-04 1.803576514698274058e-04 1.184365057986088094e-04 -1.176059190470907191e-04 -2.337513790293351858e-04 -2.828790769870708388e-04 -1.506240374269474189e-04 2.630565517329871614e-04 2.090425365189448807e-04 1.481506209117965838e-04 0.000000000000000000e+00 0.000000000000000000e+00 0.000000000000000000e+00 0.000000000000000000e+00 0.000000000000000000e+00 0.000000000000000000e+00 0.000000000000000000e+00 0.000000000000000000e+00 0.000000000000000000e+00 0.000000000000000000e+00 0.000000000000000000e+00 0.000000000000000000e+00 0.000000000000000000e+00 0.000000000000000000e+00 0.000000000000000000e+00 0.000000000000000000e+00
0.000000000000000000e+00 0.000000000000000000e+00 0.000000000000000000e+00 0.000000000000000000e+00 0.000000000000000000e+00 0.000000000000000000e+00 0.000000000000000000e+00 0.000000000000000000e+00 0.000000000000000000e+00 0.000000000000000000e+00 0.000000000000000000e+00 0.000000000000000000e+00 0.000000000000000000e+00 0.000000000000000000e+00 0.000000000000000000e+00 0.000000000000000000e+00 0.000000000000000000e+00 0.000000000000000000e+00 0.000000000000000000e+00 0.000000000000000000e+00 0.000000000000000000e+00 0.000000000000000000e+00 0.000000000000000000e+00 0.000000000000000000e+00 0.000000000000000000e+00 0.000000000000000000e+00 0.000000000000000000e+00 0.000000000000000000e+00 0.000000000000000000e+00 0.000000000000000000e+00 0.000000000000000000e+00 0.000000000000000000e+00 0.000000000000000000e+00 0.000000000000000000e+00 0.000000000000000000e+00 0.000000000000000000e+00 0.000000000000000000e+00 0.000000000000000000e+00 0.000000000000000000e+00 0.000000000000000000e+00 0.000000000000000000e+00 -3.287367706927438676e-05 1.753858274675139359e-06 1.982151794181499863e-05 1.509533569962933460e-05 -1.919779082985029816e-05 -3.320752921805569243e-05 2.923264675308684369e-05 3.194869256512890277e-05 1.513538116919514512e-05 8.415543996258365456e-06 -9.951370473462538670e-05 -3.936259453784540546e-04 -2.018690500559720369e-04 -2.132422246811845079e-04 6.952873427179217494e-05 4.879019322352398528e-04 3.251549226258256984e-04 5.521020615251586187e-04 4.859308062386134732e-05 -4.791620404955106356e-04 -6.571582970164969268e-04 -5.045610423765634631e-04 5.485761623082366758e-04 5.822727009555404626e-04 4.887306195027416858e-04 2.441460076181070898e-04 0.000000000000000000e+00 0.000000000000000000e+00 0.000000000000000000e+00 0.000000000000000000e+00 0.000000000000000000e+00 0.000000000000000000e+00 0.000000000000000000e+00 0.000000000000000000e+00 0.000000000000000000e+00 0.000000000000000000e+00 0.000000000000000000e+00 0.000000000000000000e+00 0.000000000000000000e+00 0.000000000000000000e+00 0.000000000000000000e+00
0.000000000000000000e+00 0.000000000000000000e+00 0.000000000000000000e+00 0.000000000000000000e+00 0.000000000000000000e+00 0.000000000000000000e+00 0.000000000000000000e+00 0.000000000000000000e+00 0.000000000000000000e+00 0.000000000000000000e+00 0.000000000000000000e+00 0.000000000000000000e+00 0.000000000000000000e+00 0.000000000000000000e+00 0.000000000000000000e+00 0.000000000000000000e+00 0.000000000000000000e+00 0.000000000000000000e+00 0.000000000000000000e+00 0.000000000000000000e+00 0.000000000000000000e+00 0.000000000000000000e+00 0.000000000000000000e+00 0.000000000000000000e+00 0.000000000000000000e+00 0.000000000000000000e+00 0.000000000000000000e+00 0.000000000000000000e+00 0.000000000000000000e+00 0.000000000000000000e+00 0.000000000000000000e+00 0.000000000000000000e+00 0.000000000000000000e+00 0.000000000000000000e+00 0.000000000000000000e+00 0.000000000000000000e+00 0.000000000000000000e+00 0.000000000000000000e+00 0.000000000000000000e+00 0.000000000000000000e+00 0.000000000000000000e+00 -7.135651852545690527e-05 -4.067874367922344686e-05 4.743009857495897791e-05 4.613530474908891771e-05 -7.289143014723191419e-06 -4.108554681953296289e-05 -5.028818338645401600e-05 9.314277778732824682e-05 9.181041839257404866e-05 1.003479955632745807e-04 2.979290189766537850e-05 -5.992330215072761036e-05 -9.526543962916235572e-05 -2.610999956214563609e-04 -1.033918908195822302e-04 -5.017576152014431335e-05 7.914377781707731857e-05 3.234585997130144295e-04 1.573652646335918092e-04 -1.488775822471911123e-04 -2.421416730543525650e-04 -2.529331408102347819e-04 1.750330333766766152e-04 2.564315992394452268e-04 2.427298580061241703e-04 1.957654970687703743e-04 2.457975988791467046e-04 0.000000000000000000e+00 0.000000000000000000e+00 0.000000000000000000e+00 0.000000000000000000e+00 0.000000000000000000e+00 0.000000000000000000e+00 0.000000000000000000e+00 0.000000000000000000e+00 0.000000000000000000e+00 0.000000000000000000e+00 0.000000000000000000e+00 0.000000000000000000e+00 0.000000000000000000e+00 0.000000000000000000e+00
0.000000000000000000e+00 0.000000000000000000e+00 0.000000000000000000e+00 0.000000000000000000e+00 0.000000000000000000e+00 0.000000000000000000e+00 0.000000000000000000e+00 0.000000000000000000e+00 0.000000000000000000e+00 0.000000000000000000e+00 0.000000000000000000e+00 0.000000000000000000e+00 0.000000000000000000e+00 0.000000000000000000e+00 0.000000000000000000e+00 0.000000000000000000e+00 0.000000000000000000e+00 0.000000000000000000e+00 0.000000000000000000e+00 0.000000000000000000e+00 0.000000000000000000e+00 0.000000000000000000e+00 0.000000000000000000e+00 0.000000000000000000e+00 0.000000000000000000e+00 0.000000000000000000e+00 0.000000000000000000e+00 0.000000000000000000e+00 0.000000000000000000e+00 0.000000000000000000e+00 0.000000000000000000e+00 0.000000000000000000e+00 0.000000000000000000e+00 0.000000000000000000e+00 0.000000000000000000e+00 0.000000000000000000e+00 0.000000000000000000e+00 0.000000000000000000e+00 0.000000000000000000e+00 0.000000000000000000e+00 0.000000000000000000e+00 -1.932908143052131447e-04 -1.303857446975882693e-04 1.304785374275504398e-04 1.310405416451043573e-04 -4.136544960485058236e-06 -9.722171977910193136e-05 -1.878555529253054862e-04 2.631072120520977237e-04 2.754609578246121002e-04 3.090850198855527443e-04 1.922880409329204233e-04 1.983519921923691570e-04 -1.023826485611563283e-04 -6.156721698491189783e-04 -3.955177797949910182e-04 -6.394687459664699343e-04 -7.009129424656422450e-05 4.789885283450560894e-04 4.498269267946461403e-04 1.296598979648094136e-06 -1.182802885350725292e-04 -3.027792368046280805e-04 1.302699886752893754e-05 2.372676579571117981e-04 2.861077627663390945e-04 3.785818603318982919e-04 7.774012582379453973e-04 2.422068337206898620e-04 0.000000000000000000e+00 0.000000000000000000e+00 0.000000000000000000e+00 0.000000000000000000e+00 0.000000000000000000e+00 0.000000000000000000e+00 0.000000000000000000e+00 0.000000000000000000e+00 0.000000000000000000e+00 0.000000000000000000e+00 0.000000000000000000e+00 0.000000000000000000e+00 0.000000000000000000e+00
0.000000000000000000e+00 0.000000000000000000e+00 0.000000000000000000e+00 0.000000000000000000e+00 0.000000000000000000e+00 0.000000000000000000e+00 0.000000000000000000e+00 0.000000000000000000e+00 0.000000000000000000e+00 0.000000000000000000e+00 0.000000000000000000e+00 0.000000000000000000e+00 0.000000000000000000e+00 0.000000000000000000e+00 0.000000000000000000e+00 0.000000000000000000e+00 0.000000000000000000e+00 0.000000000000000000e+00 0.000000000000000000e+00 0.000000000000000000e+00 0.000000000000000000e+00 0.000000000000000000e+00 0.000000000000000000e+00 0.000000000000000000e+00 0.000000000000000000e+00 0.000000000000000000e+00 0.000000000000000000e+00 0.000000000000000000e+00 0.000000000000000000e+00 0.000000000000000000e+00 0.000000000000000000e+00 0.000000000000000000e+00 0.000000000000000000e+00 0.000000000000000000e+00 0.000000000000000000e+00 0.000000000000000000e+00 0.000000000000000000e+00 0.000000000000000000e+00 0.000000000000000000e+00 0.000000000000000000e+00 0.000000000000000000e+00 -8.377939107184007104e-05 -6.407985523604675725e-05 5.730339377632094795e-05 5.907152564007805154e-05 4.054560835218308789e-06 -3.686794860034140251e-05 -1.007679609825406331e-04 1.180871435579301337e-04 1.294220283512996831e-04 1.479286976818549400e-04 1.251488789983125338e-04 2.210952809818706745e-04 1.394474625588406380e-05 -2.325394190178622683e-04 -2.146839669589535994e-04 -4.658201036969297141e-04 -1.369562351510695501e-04 5.880548352005414490e-05 2.037963779379127754e-04 1.521324737268347235e-04 1.501519385905326670e-04 1.201410889508661808e-05 -1.671011204220970562e-04 -6.850280668581970806e-05 -1.513138844977149752e-05 1.072553831240924036e-04 3.787581689333960615e-04 1.957216751075229366e-04 2.457975988791467588e-04 0.000000000000000000e+00 0.000000000000000000e+00 0.000000000000000000e+00 0.000000000000000000e+00 0.000000000000000000e+00 0.000000000000000000e+00 0.000000000000000000e+00 0.000000000000000000e+00 0.000000000000000000e+00 0.000000000000000000e+00 0.000000000000000000e+00 0.000000000000000000e+00
0.000000000000000000e+00 0.000000000000000000e+00 0.000000000000000000e+00 0.000000000000000000e+00 0.000000000000000000e+00 0.000000000000000000e+00 0.000000000000000000e+00 0.000000000000000000e+00 0.000000000000000000e+00 0.000000000000000000e+00 0.000000000000000000e+00 0.000000000000000000e+00 0.000000000000000000e+00 0.000000000000000000e+00 0.000000000000000000e+00 0.000000000000000000e+00 0.000000000000000000e+00 0.000000000000000000e+00 0.000000000000000000e+00 0.000000000000000000e+00 0.000000000000000000e+00 0.000000000000000000e+00 0.000000000000000000e+00 0.000000000000000000e+00 0.000000000000000000e+00 0.000000000000000000e+00 0.000000000000000000e+00 0.000000000000000000e+00 0.000000000000000000e+00 0.000000000000000000e+00 0.000000000000000000e+00 0.000000000000000000e+00 0.000000000000000000e+00 0.000000000000000000e+00 0.000000000000000000e+00 0.000000000000000000e+00 0.000000000000000000e+00 0.000000000000000000e+00 0.000000000000000000e+00 0.000000000000000000e+00 0.000000000000000000e+00 -7.450783891922824437e-05 -7.418885204112271689e-05 5.266502625179359046e-05 5.770342645986745324e-05 1.689975886991223431e-05 -2.080339569241374149e-05 -1.335946369094007438e-04 1.142188912274138998e-04 1.378952496517379424e-04 1.632947264623389597e-04 2.063381361762503454e-04 5.038191673905225267e-04 1.449910030943925212e-04 -1.287906399160788581e-04 -2.892561897009248871e-04 -8.431548371757938967e-04 -3.640937074806100239e-04 -2.860029482800006289e-04 2.013054853953799616e-04 4.798823580362945656e-04 5.914484145673642220e-04 3.363539107419135895e-04 -5.413390936892414256e-04 -4.504601216261138776e-04 -3.297852221146229464e-04 -3.382719745264811738e-05 4.318804588064645462e-04 3.803541067815939406e-04 7.774012582379529867e-04 2.422068337206898078e-04 0.000000000000000000e+00 0.000000000000000000e+00 0.000000000000000000e+00 0.000000000000000000e+00 0.000000000000000000e+00 0.000000000000000000e+00 0.000000000000000000e+00 0.000000000000000000e+00 0.000000000000000000e+00 0.000000000000000000e+00 0.000000000000000000e+00
0.000000000000000000e+00 0.000000000000000000e+00 0.000000000000000000e+00 0.000000000000000000e+00 0.000000000000000000e+00 0.000000000000000000e+00 0.000000000000000000e+00 0.000000000000000000e+00 0.000000000000000000e+00 0.000000000000000000e+00 0.000000000000000000e+00 0.000000000000000000e+00 0.000000000000000000e+00 0.000000000000000000e+00 0.000000000000000000e+00 0.000000000000000000e+00 0.000000000000000000e+00 0.000000000000000000e+00 0.000000000000000000e+00 0.000000000000000000e+00 0.000000000000000000e+00 0.000000000000000000e+00 0.000000000000000000e+00 0.000000000000000000e+00 0.000000000000000000e+00 0.000000000000000000e+00 0.000000000000000000e+00 0.000000000000000000e+00 0.000000000000000000e+00 0.000000000000000000e+00 0.000000000000000000e+00 0.000000000000000000e+00 0.000000000000000000e+00 0.000000000000000000e+00 0.000000000000000000e+00 0.000000000000000000e+00 0.000000000000000000e+00 0.000000000000000000e+00 0.000000000000000000e+00 0.000000000000000000e+00 0.000000000000000000e+00 2.481339616230209487e-05 5.079576566837011222e-06 -1.559555270020396910e-05 -1.331848415694319507e-05 9.541629201106678496e-06 2.060378607734589119e-05 -5.692833880572997482e-06 -2.754019579757822119e-05 -1.991081128697524968e-05 -1.816712281649443246e-05 3.973278352434777742e-05 1.827514175338513375e-04 1.030123571350677439e-04 1.319141601732114839e-04 -1.587445873219643205e-05 -2.086077146515013104e-04 -1.552289668925289174e-04 -2.907895771818307692e-04 -4.414744779758143458e-05 2.333938367589104041e-04 3.255576535158315925e-04 2.596075046740005301e-04 -2.678650269405296117e-04 -2.944879096570643699e-04 -2.511360072396872593e-04 -1.361804325736856258e-04 -3.538084173598732491e-05 1.087319656431109098e-04 3.787581689333941099e-04 1.957216751075204701e-04 2.457975988791467046e-04 0.000000000000000000e+00 0.000000000000000000e+00 0.000000000000000000e+00 0.000000000000000000e+00 0.000000000000000000e+00 0.000000000000000000e+00 0.000000000000000000e+00 0.000000000000000000e+00 0.000000000000000000e+00 0.000000000000000000e+00
0.000000000000000000e+00 0.000000000000000000e+00 0.000000000000000000e+00 0.000000000000000000e+00 0.000000000000000000e+00 0.000000000000000000e+00 0.000000000000000000e+00 0.000000000000000000e+00 0.000000000000000000e+00 0.000000000000000000e+00 0.000000000000000000e+00 0.000000000000000000e+00 0.000000000000000000e+00 0.000000000000000000e+00 0.000000000000000000e+00 0.000000000000000000e+00 0.000000000000000000e+00 0.000000000000000000e+00 0.000000000000000000e+00 0.000000000000000000e+00 0.000000000000000000e+00 0.000000000000000000e+00 0.000000000000000000e+00 0.000000000000000000e+00 0.000000000000000000e+00 0.000000000000000000e+00 0.000000000000000000e+00 0.000000000000000000e+00 0.000000000000000000e+00 0.000000000000000000e+00 0.000000000000000000e+00 0.000000000000000000e+00 0.000000000000000000e+00 0.000000000000000000e+00 0.000000000000000000e+00 0.000000000000000000e+00 0.000000000000000000e+00 0.000000000000000000e+00 0.000000000000000000e+00 0.000000000000000000e+00 0.000000000000000000e+00 7.822595633117552258e-05 3.791844933464495016e-05 -5.133506274750610014e-05 -4.857030673820404124e-05 1.315092325086314860e-05 4.969263968022516931e-05 3.805910875982359859e-05 -9.853855578881224166e-05 -9.180066396879308190e-05 -9.768972627688870614e-05 4.228582711028439255e-06 1.849292667991775765e-04 1.559014954995380578e-04 3.165174155355600003e-04 7.517812935035322734e-05 -1.114667266631083002e-04 -1.808098570480174176e-04 -4.859099312608094871e-04 -1.647273945361543267e-04 2.969617347467105135e-04 4.431925992369659508e-04 4.036921738423691940e-04 -3.443225996987737004e-04 -4.323182971146240857e-04 -3.888809006070950616e-04 -2.647660431256116352e-04 -2.325711010612257058e-04 8.007282492828936250e-05 4.824254806627820136e-04 3.085768222609035390e-04 5.005795920992540862e-04 9.135511941207906991e-05 0.000000000000000000e+00 0.000000000000000000e+00 0.000000000000000000e+00 0.000000000000000000e+00 0.000000000000000000e+00 0.000000000000000000e+00 0.000000000000000000e+00 0.000000000000000000e+00 0.000000000000000000e+00
0.000000000000000000e+00 0.000000000000000000e+00 0.000000000000000000e+00 0.000000000000000000e+00 0.000000000000000000e+00 0.000000000000000000e+00 0.000000000000000000e+00 0.000000000000000000e+00 0.000000000000000000e+00 0.000000000000000000e+00 0.000000000000000000e+00 0.000000000000000000e+00 0.000000000000000000e+00 0.000000000000000000e+00 0.000000000000000000e+00 0.000000000000000000e+00 0.000000000000000000e+00 0.000000000000000000e+00 0.000000000000000000e+00 0.000000000000000000e+00 0.000000000000000000e+00 0.000000000000000000e+00 0.000000000000000000e+00 0.000000000000000000e+00 0.000000000000000000e+00 0.000000000000000000e+00 0.000000000000000000e+00 0.000000000000000000e+00 0.000000000000000000e+00 0.000000000000000000e+00 0.000000000000000000e+00 0.000000000000000000e+00 0.000000000000000000e+00 0.000000000000000000e+00 0.000000000000000000e+00 0.000000000000000000e+00 0.000000000000000000e+00 0.000000000000000000e+00 0.000000000000000000e+00 0.000000000000000000e+00 0.000000000000000000e+00 3.855259769988713509e-05 2.161405787737369385e-05 -2.558956451776357786e-05 -2.481668280274957334e-05 4.219446560141837483e-06 2.245131134378040348e-05 2.623932231278577225e-05 -5.012866359026259234e-05 -4.912116766641287110e-05 -5.354470002081547129e-05 -1.408581439161577950e-05 3.887468200919581634e-05 5.427533085763274531e-05 1.427180124789135304e-04 5.378033943782103467e-05 1.803512553476757110e-05 -4.788610831622339706e-05 -1.819160639335409542e-04 -8.459705993070192466e-05 8.772616815163971379e-05 1.405126804805493493e-04 1.435452331718877178e-04 -1.028760640367396787e-04 -1.467866559898775038e-04 -1.378349627688439053e-04 -1.085022044132253591e-04 -1.307891490278025471e-04 4.364513687129972638e-06 1.426824504366875290e-04 1.108691321314031074e-04 2.100555012987953421e-04 5.722814686145614397e-05 3.847717357040944671e-05 0.000000000000000000e+00 0.000000000000000000e+00 0.000000000000000000e+00 0.000000000000000000e+00 0.000000000000000000e+00 0.000000000000000000e+00 0.000000000000000000e+00 0.000000000000000000e+00
0.000000000000000000e+00 0.000000000000000000e+00 0.000000000000000000e+00 0.000000000000000000e+00 0.000000000000000000e+00 0.000000000000000000e+00 0.000000000000000000e+00 0.000000000000000000e+00 0.000000000000000000e+00 0.000000000000000000e+00 0.000000000000000000e+00 0.000000000000000000e+00 0.000000000000000000e+00 0.000000000000000000e+00 0.000000000000000000e+00 0.000000000000000000e+00 0.000000000000000000e+00 0.000000000000000000e+00 0.000000000000000000e+00 0.000000000000000000e+00 0.000000000000000000e+00 0.000000000000000000e+00 0.000000000000000000e+00 0.000000000000000000e+00 0.000000000000000000e+00 0.000000000000000000e+00 0.000000000000000000e+00 0.000000000000000000e+00 0.000000000000000000e+00 0.000000000000000000e+00 0.000000000000000000e+00 0.000000000000000000e+00 0.000000000000000000e+00 0.000000000000000000e+00 0.000000000000000000e+00 0.000000000000000000e+00 0.000000000000000000e+00 0.000000000000000000e+00 0.000000000000000000e+00 0.000000000000000000e+00 0.000000000000000000e+00 5.228166559509473914e-06 9.925121896527379521e-06 -4.162777838039798322e-06 -5.467278194808409553e-06 -4.833326835077917710e-06 -1.828461331152417610e-06 2.144068486469337664e-05 -1.053889575031311934e-05 -1.593058221614227301e-05 -2.016597679594043222e-05 -4.055471133141893018e-05 -1.196376312711719799e-04 -4.655283738173280635e-05 -1.236788679346341135e-05 4.727610875503836729e-05 1.768379873382275888e-04 9.202701956071268738e-05 1.128890609725713754e-04 -1.963007193518296234e-05 -1.282179282036312480e-04 -1.671403809844315593e-04 -1.129564743522684097e-04 1.457398689083900720e-04 1.384871091486325869e-04 1.099326420047551752e-04 3.782614290293665604e-05 -5.638060151751040142e-05 -8.329012522943806318e-05 -2.078705501978048511e-04 -8.345040707053519378e-05 -5.910059706050848949e-05 3.692976834854189356e-05 9.717519726006794379e-05 4.531988332428434096e-05 0.000000000000000000e+00 0.000000000000000000e+00 0.000000000000000000e+00 0.000000000000000000e+00 0.000000000000000000e+00 0.000000000000000000e+00 0.000000000000000000e+00
0.000000000000000000e+00 0.000000000000000000e+00 0.000000000000000000e+00 0.000000000000000000e+00 0.000000000000000000e+00 0.000000000000000000e+00 0.000000000000000000e+00 0.000000000000000000e+00 0.000000000000000000e+00 0.000000000000000000e+00 0.000000000000000000e+00 0.000000000000000000e+00 0.000000000000000000e+00 0.000000000000000000e+00 0.000000000000000000e+00 0.000000000000000000e+00 0.000000000000000000e+00 0.000000000000000000e+00 0.000000000000000000e+00 0.000000000000000000e+00 0.000000000000000000e+00 0.000000000000000000e+00 0.000000000000000000e+00 0.000000000000000000e+00 0.000000000000000000e+00 0.000000000000000000e+00 0.000000000000000000e+00 0.000000000000000000e+00 0.000000000000000000e+00 0.000000000000000000e+00 0.000000000000000000e+00 0.000000000000000000e+00 0.000000000000000000e+00 0.000000000000000000e+00 0.000000000000000000e+00 0.000000000000000000e+00 0.000000000000000000e+00 0.000000000000000000e+00 0.000000000000000000e+00 0.000000000000000000e+00 0.000000000000000000e+00 -6.526685803338111642e-05 -3.413547906207430938e-05 4.307819338669398410e-05 4.127494612187372218e-05 -9.041122432844590724e-06 -3.971946388984913144e-05 -3.814281445047265520e-05 8.355089731314968495e-05 7.990427384932259874e-05 8.611656870336147583e-05 1.027812729063776118e-05 -1.096681126009842763e-04 -1.108133842351631071e-04 -2.527493205648615230e-04 -7.700828310895108271e-05 3.069727829661424970e-05 1.156587476691980205e-04 3.562684408521194293e-04 1.403527135813069729e-04 -1.977088164782070368e-04 -3.032518009670108028e-04 -2.895060049853036494e-04 2.302298624146818036e-04 3.041117036825202692e-04 2.785053561696012626e-04 2.021336625316099886e-04 2.078488696513991583e-04 -3.683997056210180172e-05 -3.213288298904975874e-04 -2.222721815237399708e-04 -3.863611136435565296e-04 -8.664196500398744399e-05 -3.285277666394279732e-05 1.591190958806493324e-05 7.888123462374331833e-05 0.000000000000000000e+00 0.000000000000000000e+00 0.000000000000000000e+00 0.000000000000000000e+00 0.000000000000000000e+00 0.000000000000000000e+00
5.824023027388403832e-13 -1.049891247954814512e-13 -5.226027215279394414e-13 2.201341542997512293e-13 7.245546546232441501e-13 5.130877814734150204e-13 7.567775692470858108e-13 5.811191964780323613e-13 4.315432466735669333e-13 3.254671308496211429e-13 -4.282110114357719904e-13 -9.709064585800301819e-13 -2.870852862686267166e-12 -1.223833434140425341e-12 -8.121869041534683555e-13 8.118296379382942268e-13 3.688723459983282021e-12 2.080932134269355364e-12 3.062092106670400143e-12 2.229091631533708893e-12 1.045371903664739192e-12 -1.460339432150412845e-12 3.034931745341971562e-12 -3.332213618973030051e-12 -3.910777959100170207e-12 -3.659172860616161267e-12 -7.168897090644224795e-13 1.370215999853523908e-12 1.834352858344034769e-12 4.423257136389554698e-12 1.705114170026661565e-12 1.057057836596921431e-12 2.907420194897016030e-13 -2.742338454030882750e-14 -2.737654539709485392e-13 -1.271162589302517317e-12 0.000000000000000000e+00 0.000000000000000000e+00 0.000000000000000000e+00 0.000000000000000000e+00 0.000000000000000000e+00 -1.590160222468982765e-04 -8.982122020837062805e-05 1.056144498149017659e-04 1.025617438205107552e-04 -1.688532242561571192e-05 -9.213646945443836316e-05 -1.099430797185617088e-04 2.071220310131473589e-04 2.034966605743367715e-04 2.220908569085558687e-04 6.180531660368681192e-05 -1.483649288541635651e-04 -2.186962118395342986e-04 -5.856196968188988111e-04 -2.256597490467338073e-04 -9.111387932810180803e-05 1.880647438112194791e-04 7.371475867504231590e-04 3.497157517166604983e-04 -3.484020110635469318e-04 -5.617085253530537670e-04 -5.793738752668774195e-04 4.090125483472941597e-04 5.902529118990017167e-04 5.561852727593474995e-04 4.424948272202395552e-04 5.431658393955807879e-04 -9.957303038095678037e-06 -5.667235758637547815e-04 -4.478511494493407933e-04 -8.580056154289545517e-04 -2.388436334868498131e-04 -1.675241841830900889e-04 -4.346452247458550509e-06 1.863392877851704425e-04 7.298931898569990318e-05 0.000000000000000000e+00 0.000000000000000000e+00 0.000000000000000000e+00 0.000000000000000000e+00 0.000000000000000000e+00
9.421993392804664698e-14 -1.002565645248903320e-14 -9.142401411794823587e-14 6.669017602560630906e-14 1.391383117730249537e-13 9.572700417043817842e-14 1.274732764142008992e-13 1.157264168256391321e-13 9.990567435022666004e-14 6.010680726065012816e-14 -9.963006507578316129e-14 -1.674270277133476162e-13 -5.521763241923252543e-13 -2.434264049963044338e-13 -1.365701523461796459e-13 1.734216149828213867e-13 7.030595194260460309e-13 4.191822352586865950e-13 6.329775134655748082e-13 4.433947482889160231e-13 2.198387113253312975e-13 -2.750600404928071722e-13 5.951926438144648779e-13 -6.346679252599489538e-13 -7.294114881797246312e-13 -7.131094865711542097e-13 -1.105024851190492680e-13 2.817759080806035016e-13 3.410984729463792907e-13 8.509703739803813234e-13 3.516283744651159133e-13 2.378696062821025747e-13 5.802930522102902992e-14 -2.170482201493918392e-14 -5.480898759952185055e-14 -2.610257743594157978e-13 4.615651936178133408e-17 0.000000000000000000e+00 0.000000000000000000e+00 0.000000000000000000e+00 0.000000000000000000e+00 1.564523599443198593e-04 8.575466593773333520e-05 -1.036524510491154325e-04 -1.001213357772240311e-04 1.863684601162000117e-05 9.247546119767652327e-05 1.014756952090490336e-04 -2.023822719677016431e-04 -1.967456321853954914e-04 -2.136789710515007610e-04 -4.634096386748874663e-05 1.927372104292132606e-04 2.353546686277344069e-04 5.880546200023799124e-04 2.070526638836934846e-04 2.435511685111306133e-05 -2.219175044802994636e-04 -7.767633570212108566e-04 -3.410234875783605844e-04 3.952418609396049325e-04 6.223614702697237563e-04 6.196103474304494665e-04 -4.622043632606895628e-04 -6.400368506558492231e-04 -5.953735942767268479e-04 -4.550312116836479877e-04 -5.199411565180442948e-04 4.120092911455438227e-05 6.426545938953320998e-04 4.775023891590971284e-04 8.769640323549245543e-04 2.240725596947262398e-04 1.303959402193309407e-04 -1.269070309116182288e-05 -1.856360466152128116e-04 -4.308849664920101792e-05 6.998330478427210427e-05 0.000000000000000000e+00 0.000000000000000000e+00 0.000000000000000000e+00 0.000000000000000000e+00
-1.625027699372189987e-13 3.277728842339673967e-14 1.423769117007261107e-13 -4.584725768010165878e-14 -1.911910052724983866e-13 -1.368116171666539522e-13 -2.087087420206065747e-13 -1.513523124142776316e-13 -1.054308877616907779e-13 -8.716170989018133476e-14 1.041531453370212438e-13 2.657558140717141250e-13 7.573908819019816693e-13 3.189325207421802677e-13 2.244068188786635734e-13 -2.053788672254076131e-13 -9.762213107767085430e-13 -5.395419560812455217e-13 -7.861066453845303484e-13 -5.811340610592237270e-13 -2.666106372603936620e-13 3.884049385575038274e-13 -7.950671849314920722e-13 8.823333121465016908e-13 1.043288883840741443e-12 9.609004478391428505e-13 2.030073223832981740e-13 -3.520451707116884458e-13 -4.897190716008724529e-13 -1.166866124084996515e-12 -4.380996884993579164e-13 -2.618924648767330615e-13 -7.584502731294833356e-14 -1.211744476155675928e-15 7.100870264758236559e-14 3.269630890785358819e-13 9.458075768159924374e-18 -2.039700335613678101e-17 0.000000000000000000e+00 0.000000000000000000e+00 0.000000000000000000e+00 1.356366516269627706e-04 7.530370594678099288e-05 -8.995659187456505593e-05 -8.708843465531753358e-05 1.541640632507727257e-05 7.950389455929830112e-05 9.042535031219823801e-05 -1.759683666206387207e-04 -1.718393400804114153e-04 -1.870179834900293132e-04 -4.547170149812755689e-05 1.499747347804560548e-04 1.966522207408615843e-04 5.054673778724324586e-04 1.849844214291166365e-04 4.501556889849320296e-05 -1.788892552156755257e-04 -6.545635165093480288e-04 -2.967689516435925842e-04 3.234525973669432437e-04 5.140388205979603241e-04 5.190233955587996578e-04 -3.788228554576024464e-04 -5.331729080352797228e-04 -4.985318577754699852e-04 -3.872893367248986946e-04 -4.560601475867336269e-04 2.422299666066760697e-05 5.260094862956409337e-04 4.004738599174131409e-04 7.482814635386853550e-04 1.982577797237605429e-04 1.256499471228266483e-04 -4.791032919556277071e-06 -1.600951923233147898e-04 -4.787076832302048163e-05 3.505313489214589276e-05 2.520598507271398165e-05 0.000000000000000000e+00 0.000000000000000000e+00 0.000000000000000000e+00
-5.455379385198625385e-13 8.650318891636858687e-14 5.012467695140847279e-13 -2.588686177649513788e-13 -7.159508361463456580e-13 -5.024076849195042126e-13 -7.181995764841660537e-13 -5.820200592161176197e-13 -4.562268548651037328e-13 -3.183309447610900220e-13 4.514310474913740823e-13 9.274138879070332499e-13 2.841078762664585051e-12 1.225615726563203476e-12 7.733199871816907357e-13 -8.313052530422096464e-13 -3.638012931508058986e-12 -2.091838837971161588e-12 -3.108128371917626837e-12 -2.234731098122463930e-12 -1.068592571606919936e-12 1.437500395749650474e-12 -3.024164518320424967e-12 3.288011689123410217e-12 3.832850446838060535e-12 3.638962690070057446e-12 6.645548725165784446e-13 -1.383854145946934126e-12 -1.794540567476310151e-12 -4.377954122577294108e-12 -1.728694602931210838e-12 -1.107973982743606922e-12 -2.932450247187276364e-13 5.289678403955742902e-14 2.732269976674778222e-13 1.284907742338703592e-12 -6.343624559565323728e-16 -3.848350200248880359e-16 1.776677017854312590e-16 0.000000000000000000e+00 0.000000000000000000e+00 -1.601076618019140960e-04 -8.599238394021523188e-05 1.058993007645073854e-04 1.019298672717322465e-04 -2.043704156154667553e-05 -9.586637390947961137e-05 -9.933166597001858106e-05 2.061661814435939051e-04 1.990020782331502266e-04 2.154131607878105484e-04 3.766681871817492867e-05 -2.287769919288194440e-04 -2.544652448354489498e-04 -6.098029388243231871e-04 -2.017954300201304813e-04 1.910582958378215652e-05 2.519765502569612536e-04 8.296421079906950635e-04 3.469314261552576507e-04 -4.398518603794903097e-04 -6.839122771036457550e-04 -6.675205363273573143e-04 5.133214681676881701e-04 6.949811633847986433e-04 6.417585478521970702e-04 4.789276573256750417e-04 5.223322386430442627e-04 -6.334178404462699485e-05 -7.150372434224234585e-04 -5.135239552122748338e-04 -9.195670995365997063e-04 -2.219432325450845062e-04 -1.102254034958710834e-04 2.442941856859291868e-05 1.915248809302022570e-04 2.472433125423826174e-05 -1.188135210577495214e-04 4.643426789858739074e-05 6.605116043720111693e-05 0.000000000000000000e+00 0.000000000000000000e+00
5.198477193384240438e-13 -1.779480619617967887e-13 -3.106692950074661178e-13 4.358882742300752779e-13 4.874820013124224125e-13 -2.265543327441773311e-13 -1.767465937105330257e-12 -2.152957986399601587e-12 -2.599451229490451834e-12 -2.314813612868374035e-12 -4.239374814221216130e-12 3.837230157958539220e-13 7.264397197875620477e-12 5.767656066254492255e-12 1.130581893552156308e-11 2.549228789563282222e-12 -4.106031012276952245e-12 -6.374552099609028454e-12 -1.748427209387746253e-11 -1.786779836096620734e-11 -9.664586313357464401e-12 1.064455327955697090e-11 -1.167860875073095477e-11 1.145082969696586983e-11 1.400123275667953442e-11 1.545450159898455476e-11 6.858289316592629822e-12 6.450101087556952650e-12 -1.717179617764926988e-12 -1.183115905630618720e-11 -7.812061688207255479e-12 -1.304128678447593373e-11 -6.959259082329712683e-12 -6.758659964718588249e-12 -3.659367443036507775e-12 -4.258276363756558261e-13 4.963761679982059557e-12 6.781061170318310465e-12 8.454917930202101813e-12 5.561291393682996575e-12 0.000000000000000000e+00 -7.408421281761111291e-05 -4.281197394778787772e-05 4.930043229103961335e-05 4.807265858804459695e-05 -7.120876302011966552e-06 -4.225320962453930158e-05 -5.368894223107497407e-05 9.701255582950310953e-05 9.608632069698815872e-05 1.052508234620060860e-04 3.412672134435000679e-05 -5.188701688002253954e-05 -9.444978896377492989e-05 -2.684580972225663253e-04 -1.106497722500547197e-04 -6.651172438360704027e-05 7.402389981486619188e-05 3.244501395225023285e-04 1.640551734434477285e-04 -1.429845624105888831e-04 -2.360039034589508911e-04 -2.516535623983719703e-04 1.685213233799782941e-04 2.531386403274978134e-04 2.413742847859898309e-04 1.989050364731335214e-04 2.583883385115207012e-04 6.934968787377446405e-06 -2.326798294767424050e-04 -1.950609916001146203e-04 -3.876518748024199894e-04 -1.152999342139382456e-04 -9.073630542553736647e-05 -8.278187324394615677e-06 8.596588244589116110e-05 4.459135628563332083e-05 2.579232327759552938e-05 -5.798112606814467883e-05 -3.833115844988948986e-05 8.132359729932990382e-05 0.000000000000000000e+00
1.121577738452325668e-12 -3.930707109948879943e-13 -6.695365610588248145e-13 9.566160865293223126e-13 1.048102173339227712e-12 -4.814134917835758646e-13 -3.872026282443174192e-12 -4.689174026693441674e-12 -5.654032704546668752e-12 -5.052234691345233947e-12 -9.231282105938862985e-12 8.365232769057506486e-13 1.581356799305857141e-11 1.255675020735929454e-11 2.463601824721222571e-11 5.569528423812086142e-12 -8.951524726922993895e-12 -1.386936576366683022e-11 -3.804281712266232500e-11 -3.890967339289242159e-11 -2.104028358841430937e-11 2.317315578639743022e-11 -2.543982485980137830e-11 2.494452922349602378e-11 3.050412625567001316e-11 3.364562739811946708e-11 1.493941437707502554e-11 1.406672357936809132e-11 -3.753974621899193367e-12 -2.576609722696922972e-11 -1.699970144803689359e-11 -2.838098508431659078e-11 -1.515373525658986046e-11 -1.472012709986846631e-11 -7.965866815601483860e-12 -9.315485206321357436e-13 1.081103481807201157e-11 1.476707568206856575e-11 1.841787933751114139e-11 1.209405984482050174e-11 0.000000000000000000e+00 -5.863392439424501410e-05 -3.665419191097893479e-05 3.929316213471765735e-05 3.887973804131318877e-05 -3.494421681806785895e-06 -3.151081294096671516e-05 -4.957615976908873417e-05 7.826249595081778471e-05 7.971946221512300138e-05 8.841290659533033568e-05 4.231855551595938817e-05 8.416759921954104074e-06 -5.339461049453377527e-05 -1.999042092255711291e-04 -1.034128861722096880e-04 -1.217259233584591280e-04 1.955725759863994150e-05 2.022916832700810360e-04 1.330730592593738749e-04 -5.765882578087474028e-05 -1.130238820793867650e-04 -1.467117641962747271e-04 7.011467034076454563e-05 1.375990421305710266e-04 1.400809171209749758e-04 1.366094771195079302e-04 2.198100308168947695e-04 3.871841903248029538e-05 -9.414125630809531801e-05 -1.153659489033961839e-04 -2.721089587377148325e-04 -1.028093405596626757e-04 -1.082419612942462945e-04 -2.450517840639049430e-05 6.560298098558535245e-05 6.568568539555200538e-05 9.446489076280815511e-05 -1.187468464880704660e-04 -9.350129814670229815e-05 1.389234608874182885e-04 3.450000000000000511e-05
