SDDS1
&description text="Twiss parameters--input: BYBL0.ele  lattice: BYBL.lte", contents="Twiss parameters", &end
&column name=x, units=m, type=double,  &end
&column name=xp, symbol=x', type=double,  &end
&column name=y, units=m, type=double,  &end
&column name=yp, symbol=y', type=double,  &end
&column name=t, units=s, type=double,  &end
&column name=p, units="m$be$nc", type=double,  &end
&data mode=ascii, &end
7037
   4.0937050e-05	  -1.9576174e-07	  -1.8575984e-05	  -1.6713800e-06	   0.0000000e+00	   2.2384255e+02	
  -1.0621149e-03	  -2.4026411e-05	  -7.7588722e-04	  -1.1202667e-05	  -4.4831301e-13	   2.2389725e+02	
  -2.2104741e-03	   2.9100130e-05	   1.0239493e-03	   7.9421420e-07	  -3.7232775e-13	   2.2389182e+02	
   3.5865928e-04	  -2.9088820e-06	  -5.8749918e-04	  -3.3452867e-05	  -7.1426140e-13	   2.2394316e+02	
  -8.8253108e-04	   2.3876080e-05	   2.2702767e-03	  -2.0429607e-05	  -4.0272185e-13	   2.2389316e+02	
   8.2891146e-04	   1.3253769e-05	   1.7647924e-03	   1.6871209e-05	  -3.8752480e-13	   2.2389092e+02	
   1.7547368e-03	  -1.3044243e-05	   1.8313432e-03	  -2.4198216e-05	  -4.0652112e-13	   2.2389077e+02	
  -2.1904665e-03	   1.1735334e-05	   5.9084341e-04	   9.6689384e-06	  -4.6351006e-13	   2.2389699e+02	
   4.0667631e-03	  -5.4574041e-05	  -3.0685962e-03	   2.0326799e-05	   7.3705698e-13	   2.2376241e+02	
   7.7657911e-04	   2.4500023e-05	   4.3679752e-03	   5.6125958e-05	   7.6365181e-13	   2.2372863e+02	
   1.3085895e-03	  -9.7855758e-06	  -2.0101513e-03	  -2.3653872e-06	  -3.6852849e-13	   2.2388744e+02	
  -1.2313640e-03	  -2.2951768e-06	  -1.9500321e-03	   1.9309118e-05	  -4.7870711e-13	   2.2389558e+02	
  -2.1227273e-03	   1.1099754e-06	   4.0370545e-05	   1.1489524e-05	  -4.9770342e-13	   2.2389920e+02	
  -3.2825063e-03	  -1.2016567e-04	   7.3170736e-04	   4.6252029e-05	   1.0599944e-12	   2.2364990e+02	
  -7.6851082e-04	  -2.2870769e-05	   6.1437726e-04	   3.8099959e-05	  -7.1806066e-13	   2.2394265e+02	
   1.3528221e-03	  -7.6487916e-06	   2.1547468e-03	  -2.5825439e-05	  -3.9892259e-13	   2.2389108e+02	
  -4.8220356e-04	   1.9133344e-05	   2.3246818e-03	  -1.9299809e-05	  -5.0530195e-13	   2.2389593e+02	
   1.7980371e-04	   4.3668722e-05	   9.8972923e-04	   2.8820002e-05	   1.0637936e-13	   2.2383599e+02	
   8.8533612e-04	  -5.4940821e-07	  -1.6942246e-03	  -1.4954853e-05	  -5.0910121e-13	   2.2389591e+02	
   6.2549549e-04	   1.7164631e-05	  -4.5250770e-04	  -3.5191905e-05	  -6.8766656e-13	   2.2394065e+02	
   1.3261600e-03	   7.2593104e-06	   1.7115361e-03	  -1.3096364e-05	  -3.9132406e-13	   2.2388965e+02	
   1.9921850e-03	  -4.7379079e-06	  -5.5932578e-04	  -1.2115799e-05	  -5.7368868e-13	   2.2390466e+02	
  -7.8410973e-04	   1.4379638e-05	   2.0364009e-03	   1.9486495e-06	  -5.2809752e-13	   2.2390063e+02	
   7.4536952e-04	   2.2477348e-05	   1.6072686e-03	   5.2402519e-06	  -2.7734618e-13	   2.2387922e+02	
  -3.7848608e-03	   2.5508003e-05	   3.0001401e-03	   2.6721636e-06	   7.9024665e-13	   2.2374284e+02	
   1.9680077e-03	   1.2762717e-04	  -2.9581571e-04	  -4.2954154e-05	   1.0371987e-12	   2.2363650e+02	
  -6.6954186e-04	   2.1499632e-05	   2.3432604e-03	  -2.1919728e-05	  -3.9892259e-13	   2.2389294e+02	
  -1.1100136e-03	  -1.3044813e-05	  -1.8103061e-03	   7.9730694e-06	  -3.2673660e-13	   2.2388451e+02	
  -8.5397338e-04	   2.1849502e-05	   2.4271685e-03	  -2.8135135e-05	  -3.7612701e-13	   2.2389202e+02	
  -1.0828130e-03	  -8.8470491e-06	  -1.9579680e-03	   1.3863495e-05	  -3.6092996e-13	   2.2388709e+02	
   8.7533491e-04	   2.8727592e-05	  -3.3206925e-04	  -3.0620657e-05	  -7.4845476e-13	   2.2394578e+02	
   8.4845247e-04	   2.9758825e-05	   3.8445920e-04	  -7.2104915e-06	  -6.7626877e-13	   2.2394136e+02	
   2.1110504e-03	  -1.2542481e-05	  -6.4537868e-04	  -9.7511404e-06	  -5.5089310e-13	   2.2390071e+02	
   1.3099313e-03	  -2.7761939e-05	  -2.0040841e-03	   1.3334381e-05	  -4.4831301e-13	   2.2389503e+02	
  -3.8302993e-04	  -1.1762424e-05	  -2.2068567e-03	   1.2403949e-05	  -5.3189679e-13	   2.2389834e+02	
   1.3171393e-03	  -5.8896561e-06	  -1.3667039e-03	  -2.3084178e-05	  -2.6214913e-13	   2.2387820e+02	
  -1.2468943e-03	   1.4553291e-05	   1.8171037e-03	   3.8813772e-06	  -5.1669974e-13	   2.2389934e+02	
   8.6660097e-04	   8.7812812e-05	   1.2035857e-03	   8.3844130e-05	   1.0713921e-12	   2.2363141e+02	
  -1.2722486e-03	  -1.8007994e-05	  -9.9270784e-04	   1.8101380e-06	  -6.3827614e-13	   2.2391149e+02	
  -3.1462213e-04	   1.6888159e-05	   2.4328307e-03	  -2.6119462e-05	  -3.8372554e-13	   2.2389451e+02	
   1.4037408e-03	   1.7549022e-05	   2.4054367e-04	  -9.0028091e-06	  -6.5727246e-13	   2.2392081e+02	
   2.5042388e-03	  -1.7374576e-05	   4.4345163e-03	  -6.2941767e-05	   7.7125034e-13	   2.2376002e+02	
  -8.0766378e-04	  -5.4093365e-06	  -2.1850144e-03	   2.5453051e-05	  -4.6730932e-13	   2.2389411e+02	
  -2.1147826e-03	   1.7003183e-07	   1.7398327e-04	   1.1853758e-05	  -4.8250637e-13	   2.2389905e+02	
  -9.9330300e-04	  -3.7051057e-05	  -5.3297755e-04	  -1.6531476e-05	  -5.6988941e-14	   2.2385752e+02	
   2.0545925e-03	   9.3824998e-06	   1.1787898e-03	   3.9055317e-07	  -3.3053586e-13	   2.2388476e+02	
  -6.5769715e-04	   2.0829489e-05	   2.4211152e-03	  -2.8185787e-05	  -3.7612701e-13	   2.2389235e+02	
   8.8269758e-04	  -5.2214390e-06	  -1.0137688e-03	  -3.6127487e-05	  -4.1791890e-14	   2.2385079e+02	
  -1.7232065e-03	  -1.0747816e-04	   1.0076962e-03	   8.8279481e-05	   9.9920615e-13	   2.2364431e+02	
  -4.7381332e-04	  -5.3722423e-05	  -8.1461273e-04	  -8.7728588e-06	   2.0516019e-13	   2.2382335e+02	
  -2.2823382e-04	  -5.6289901e-05	  -9.8916881e-04	  -8.1051341e-05	   4.8630563e-13	   2.2376554e+02	
   8.8869485e-04	   6.4782518e-06	   2.1274658e-03	  -1.9526688e-05	  -4.1032038e-13	   2.2389135e+02	
  -5.1108716e-04	  -1.9313300e-05	   1.6210884e-03	   1.2915992e-04	   1.0409980e-12	   2.2363509e+02	
   2.9306345e-03	   8.1331997e-06	   3.8503747e-03	  -1.4173440e-05	   7.9024665e-13	   2.2373990e+02	
  -8.1102943e-04	  -9.7867400e-05	  -5.4398202e-04	  -1.8554784e-05	   7.2185992e-13	   2.2371761e+02	
  -1.7171484e-03	   8.5291219e-06	  -1.7215414e-03	   2.2234517e-05	  -3.7232775e-13	   2.2389130e+02	
   3.3647949e-04	   6.4440690e-05	   8.1337347e-04	   5.5887183e-05	   4.6351006e-13	   2.2376934e+02	
   6.1510655e-04	  -1.4538756e-05	  -1.4094749e-03	  -3.1030271e-05	  -1.1397788e-13	   2.2386186e+02	
   4.4644094e-04	   1.7925660e-05	   1.9288476e-03	  -8.8183931e-08	  -3.6472923e-13	   2.2388771e+02	
   4.8608272e-03	  -7.3810436e-05	   1.8630478e-03	  -4.5977391e-05	   7.2945845e-13	   2.2377137e+02	
   2.0510067e-03	  -6.7736590e-06	   1.3264154e-03	  -1.2204859e-05	  -4.0272185e-13	   2.2388916e+02	
  -2.2602562e-03	   2.1542879e-05	   1.0369625e-03	   3.8664689e-07	  -3.6852849e-13	   2.2388934e+02	
   2.1182150e-03	  -3.8531496e-05	  -1.4556287e-03	   1.3590006e-05	  -3.5333144e-13	   2.2388288e+02	
   2.3930022e-03	  -2.5821528e-05	   1.0026236e-04	  -1.3703783e-05	  -4.7110858e-13	   2.2389652e+02	
   1.3131376e-03	   1.3181184e-05	   1.2681252e-03	  -8.0375162e-07	  -5.9268499e-13	   2.2390869e+02	
   1.3887421e-03	  -3.6301070e-06	  -1.3912274e-03	  -1.6381757e-05	  -5.2429826e-13	   2.2390492e+02	
   5.9927820e-04	  -1.7801182e-05	  -1.9823558e-03	  -7.9506819e-06	  -3.3053586e-13	   2.2388486e+02	
   2.5442069e-03	   5.2686424e-05	   3.2929559e-03	   4.4557109e-05	   1.0789906e-12	   2.2366309e+02	
  -4.4400082e-04	   1.1790296e-05	   4.5672708e-03	   3.3890586e-05	   7.9784518e-13	   2.2372797e+02	
  -1.1136073e-03	  -6.3900560e-05	   1.3992122e-03	   1.1524983e-04	   1.1625744e-12	   2.2360783e+02	
  -7.3924435e-04	  -4.9094077e-05	  -4.2168968e-04	   2.1041274e-05	   1.4057272e-13	   2.2383120e+02	
  -1.5072928e-03	  -1.6491091e-05	  -1.7101012e-03	  -1.2740891e-06	  -7.2185992e-14	   2.2385863e+02	
  -1.9370036e-03	  -7.6689715e-06	  -5.5269771e-05	   1.1313449e-05	  -5.3189679e-13	   2.2390308e+02	
  -4.1094111e-03	   3.7259964e-05	  -3.0009485e-03	   4.9489543e-05	   7.3705698e-13	   2.2376370e+02	
  -4.8437593e-04	   1.9410990e-05	   2.3966065e-03	  -2.4158568e-05	  -4.3691522e-13	   2.2389433e+02	
   4.1390179e-03	   6.6069020e-05	  -9.1665201e-04	  -3.1816228e-05	   9.8400910e-13	   2.2368255e+02	
  -1.6639276e-03	   2.6941692e-05	   1.8918056e-03	  -1.7188643e-05	  -4.5971079e-13	   2.2388572e+02	
   1.0380754e-03	   9.8828365e-06	  -4.7558286e-04	  -3.2777789e-05	   4.2171817e-13	   2.2377605e+02	
   4.4382142e-03	  -3.3920842e-05	  -2.2884576e-04	  -1.6594675e-05	   1.2233626e-12	   2.2365509e+02	
   6.8883921e-04	   5.2306444e-05	   6.0572766e-04	  -7.0184581e-06	   1.6336830e-13	   2.2383092e+02	
   3.1882819e-04	   4.5609915e-06	  -6.5348797e-04	  -2.8052429e-05	   8.3583781e-14	   2.2383691e+02	
   6.0263163e-04	   1.6213382e-05	  -4.4703834e-04	  -3.5410431e-05	  -6.0028352e-13	   2.2393280e+02	
   2.2830093e-03	   1.4164566e-04	   1.7331005e-06	  -2.0308966e-05	   8.9662601e-13	   2.2367006e+02	
   2.5945096e-04	   1.2073312e-05	   1.3142161e-03	   2.8710787e-05	  -3.5713070e-13	   2.2389182e+02	
  -4.1071390e-04	   1.8926093e-05	   1.4720738e-03	   2.5501840e-05	  -2.5455060e-13	   2.2387458e+02	
   1.8658537e-03	  -2.1194827e-05	  -4.5976023e-03	   9.4670306e-06	   7.0286361e-13	   2.2375730e+02	
   1.3402422e-03	  -1.2535348e-05	  -1.8546289e-03	  -7.8908345e-06	  -1.7096682e-13	   2.2387744e+02	
  -4.1565174e-04	  -6.1599424e-06	  -2.3962122e-03	   9.6270985e-06	  -3.6472923e-13	   2.2388914e+02	
  -1.9569087e-03	   3.0966053e-05	  -1.6645600e-03	   3.6847694e-05	  -4.6730932e-13	   2.2388621e+02	
   1.3770980e-03	  -2.8473549e-05	  -2.1216409e-03	   2.0665018e-05	  -3.8752480e-13	   2.2389427e+02	
   2.0774219e-03	  -7.8682372e-06	  -1.2689314e-04	  -1.2022869e-05	  -6.2687836e-13	   2.2390480e+02	
  -2.2252054e-03	   6.4840216e-06	  -7.2117672e-04	   1.3191379e-05	  -3.9512333e-13	   2.2389177e+02	
   1.4595920e-03	   7.8087709e-05	  -1.5595544e-03	  -1.1690999e-04	   7.4085624e-13	   2.2370180e+02	
   3.6308440e-04	   5.0381717e-05	   1.4189420e-03	   1.0997205e-04	   1.1625744e-12	   2.2361092e+02	
   5.3767052e-05	   1.2438836e-05	   2.4563277e-03	  -2.7517417e-05	  -4.1032038e-13	   2.2389134e+02	
  -8.7799495e-04	   2.0780486e-05	   2.1797237e-03	  -1.2159020e-05	  -5.0150268e-13	   2.2389836e+02	
  -2.4774010e-03	   3.8907383e-05	   6.2768526e-04	   7.8051676e-07	  -2.8874397e-13	   2.2389126e+02	
  -2.3163753e-03	   1.7950375e-05	  -2.6909437e-04	   1.5309791e-05	  -4.1032038e-13	   2.2389188e+02	
  -9.3834212e-04	   3.7264394e-06	  -4.9947644e-03	   1.1607151e-04	   8.8142896e-13	   2.2375808e+02	
   1.2691755e-03	   2.5304447e-06	  -9.3010552e-04	  -3.0418654e-05	  -1.4057272e-13	   2.2386474e+02	
  -1.6802761e-03	  -1.2962447e-04	  -4.2608178e-05	   2.3516726e-05	   6.9906435e-13	   2.2371325e+02	
   3.7478243e-03	   2.0512354e-05	  -2.8288968e-03	  -3.5655085e-05	   6.5347319e-13	   2.2375282e+02	
  -6.9182423e-04	  -2.9475965e-05	  -9.6065663e-04	  -7.9653912e-06	  -7.6745108e-13	   2.2393200e+02	
  -4.5067356e-04	  -2.1823227e-05	  -1.8412563e-03	  -8.4886571e-06	  -2.4695208e-13	   2.2387750e+02	
   1.1049342e-03	  -3.7717042e-06	   2.1988456e-03	  -2.9285784e-05	  -4.4831301e-13	   2.2389503e+02	
  -1.5182040e-04	  -1.8404371e-05	  -3.5460867e-04	  -9.5123535e-06	  -1.3677346e-13	   2.2387116e+02	
  -4.3975582e-04	  -2.6371456e-05	  -1.1603076e-03	  -1.6117247e-05	  -7.0286361e-13	   2.2392431e+02	
   5.7683653e-04	   1.5385179e-05	   2.0030034e-03	  -3.6117192e-06	  -3.5333144e-13	   2.2388867e+02	
   8.0568070e-04	   2.5161054e-05	   3.2012429e-04	  -9.4344189e-06	  -7.3325771e-13	   2.2394500e+02	
   1.0794987e-04	  -7.7445178e-06	  -2.2046496e-03	  -9.9733918e-06	  -3.7232775e-13	   2.2388936e+02	
  -2.1898910e-03	   2.5325329e-05	   9.8231653e-04	   3.0876972e-06	  -4.0652112e-13	   2.2389049e+02	
   3.3312215e-04	   4.1973500e-05	   1.0306944e-03	   1.8006456e-05	   4.5591153e-14	   2.2384041e+02	
   2.6606493e-04	  -6.4809099e-06	  -1.4005933e-03	  -1.1892291e-04	   5.2049900e-13	   2.2375174e+02	
   5.5386598e-04	  -9.3687016e-06	  -4.5743298e-04	  -5.0590276e-05	   3.0394102e-13	   2.2380270e+02	
   3.7628357e-03	   1.3740127e-05	   2.8777586e-03	  -8.6696511e-06	   8.2444002e-13	   2.2372873e+02	
  -4.0958206e-03	   4.5802997e-05	   2.7687665e-03	  -8.4400510e-06	   8.1304223e-13	   2.2374654e+02	
   1.5851519e-03	   3.3845004e-05	   1.0303703e-03	   1.8401764e-05	  -1.8616388e-13	   2.2386492e+02	
  -2.3360419e-03	   1.1253596e-05	  -7.3869817e-04	   1.1506904e-05	  -3.6092996e-13	   2.2388975e+02	
   2.2052600e-03	  -1.7530858e-05	   1.1568436e-03	  -1.7787286e-05	  -4.2931669e-13	   2.2389210e+02	
  -1.1387095e-03	   1.8898907e-05	   2.1045217e-03	  -5.3656570e-06	  -4.0652112e-13	   2.2389302e+02	
   3.9635892e-04	   2.0379131e-05	   1.5387876e-04	   1.6321469e-06	   1.1017862e-13	   2.2382826e+02	
  -2.0961010e-03	   2.7426758e-05	   1.2144505e-03	  -2.0891935e-07	  -3.6852849e-13	   2.2389380e+02	
  -1.1057161e-03	  -8.0320286e-05	   5.3493261e-04	   7.4679232e-05	   3.8752480e-13	   2.2377946e+02	
  -2.0228463e-03	   4.1533396e-06	  -1.2216822e-03	   1.4288725e-05	  -3.7612701e-13	   2.2389149e+02	
  -4.7874529e-03	   1.1436183e-04	   1.4971750e-03	  -1.5210120e-05	   8.8902749e-13	   2.2375685e+02	
   2.7470911e-04	  -5.1757696e-06	  -1.6199667e-03	  -1.2804131e-04	   1.0182024e-12	   2.2364726e+02	
   1.3600484e-03	  -7.4627841e-06	  -1.9368310e-03	  -5.7847840e-06	  -3.6092996e-13	   2.2388494e+02	
   3.6618835e-04	   9.5683578e-06	   2.3521416e-03	  -2.5531159e-05	  -4.9770342e-13	   2.2389863e+02	
   1.2117876e-03	  -3.3978229e-06	   2.0001699e-03	  -2.9158444e-05	  -5.8508647e-13	   2.2389660e+02	
  -2.0413336e-03	   1.9109681e-06	  -4.5787648e-03	   4.7099754e-05	   7.9024665e-13	   2.2374981e+02	
  -1.4849254e-03	  -1.4161204e-05	   2.4889281e-05	   1.3057540e-05	  -6.7626877e-13	   2.2391713e+02	
  -6.7702455e-04	   2.2581329e-05	   2.2831212e-03	  -2.0814934e-05	  -4.6351006e-13	   2.2389820e+02	
   1.3260466e-03	   1.2544468e-05	  -3.6689211e-04	  -1.7823106e-05	  -6.7246951e-13	   2.2392188e+02	
   2.2051892e-04	   1.4998428e-05	   1.8939381e-03	   7.5715061e-06	  -5.8128720e-13	   2.2390912e+02	
  -9.3669906e-05	  -1.8184354e-05	  -1.4921087e-03	  -1.8603984e-05	  -6.5727246e-13	   2.2391865e+02	
  -4.5684753e-03	  -4.6013647e-05	   2.8103258e-04	   2.1476642e-05	   6.8006803e-13	   2.2374660e+02	
   1.4694298e-03	   1.0953209e-05	   1.5670911e-03	   3.9029664e-06	  -4.0652112e-13	   2.2388959e+02	
  -3.0491583e-03	  -5.7548412e-05	   2.8883876e-03	   7.8032983e-05	   5.8888573e-13	   2.2375529e+02	
   7.4238310e-04	   1.7583583e-05	  -2.0106876e-04	  -2.5892963e-05	  -9.6121348e-13	   2.2395920e+02	
  -5.8522282e-04	  -3.9343853e-05	  -6.7330629e-04	   9.4759709e-06	   5.8888573e-13	   2.2375441e+02	
  -1.1344059e-03	  -6.3525775e-05	   1.5438523e-03	   1.2241735e-04	   1.1473774e-12	   2.2361345e+02	
   2.2010942e-03	  -7.0251370e-06	  -6.2642031e-04	  -1.0150299e-05	  -4.3691522e-13	   2.2389568e+02	
   8.7562504e-04	   8.8677868e-06	  -4.3995537e-04	  -2.3408931e-05	  -7.4085624e-13	   2.2394490e+02	
  -8.8708816e-04	  -3.1221767e-05	   3.2012127e-04	   3.0090952e-05	  -6.1548057e-13	   2.2393441e+02	
  -7.4993720e-04	  -6.2241292e-05	  -3.6544744e-04	   2.1519117e-05	   9.4981569e-14	   2.2383572e+02	
  -1.3012404e-03	  -1.1888664e-04	  -2.8148599e-04	   7.0666351e-06	   8.8902749e-13	   2.2367748e+02	
   1.4023960e-03	   6.0483227e-06	  -2.4920568e-04	  -7.8659843e-06	  -9.0042527e-13	   2.2392713e+02	
   2.4093224e-03	  -2.9131125e-05	  -6.8003007e-04	  -3.1832162e-06	  -4.0272185e-13	   2.2389443e+02	
  -1.7508170e-03	  -7.9801315e-06	  -9.5370289e-05	   1.1964080e-05	  -6.4587467e-13	   2.2390856e+02	
   7.8460658e-04	  -1.0950899e-05	  -1.8387748e-03	  -1.3439409e-05	  -5.2809752e-13	   2.2390511e+02	
   1.4626959e-05	   1.5253189e-05	   1.8012575e-03	   8.4527917e-06	  -6.6867025e-13	   2.2391118e+02	
   1.2316998e-03	  -2.0846599e-05	  -2.0046179e-03	   5.5183939e-06	  -4.8630563e-13	   2.2389910e+02	
   9.0549948e-04	   2.7684922e-05	   3.6922756e-04	  -1.0663124e-05	  -9.7261127e-13	   2.2395848e+02	
  -1.5452128e-03	   2.9697748e-06	  -1.8607339e-03	   1.9214145e-05	  -3.5333144e-13	   2.2389194e+02	
  -1.2198854e-03	   2.4715129e-05	   2.1229069e-03	  -1.4555408e-05	  -3.6472923e-13	   2.2388795e+02	
  -8.7741656e-04	  -2.6312792e-05	  -8.2442605e-05	   1.5384717e-05	  -5.9268499e-13	   2.2393263e+02	
  -1.2489666e-03	   1.6067331e-05	   1.7524931e-03	   2.5550819e-06	  -5.8508647e-13	   2.2390069e+02	
   2.1239318e-04	   7.2525734e-05	  -3.3895163e-05	   1.7863663e-06	  -3.2559681e-12	   2.2431827e+02	
  -4.8031164e-04	  -5.5819284e-05	  -1.8650975e-03	  -1.2408802e-04	   5.1290047e-13	   2.2374693e+02	
  -5.1526110e-03	   6.5303436e-05	  -8.7675492e-05	   2.0072169e-05	   6.9906435e-13	   2.2377057e+02	
   2.4618908e-03	   1.3960430e-04	  -4.5049560e-04	  -4.5753590e-05	   7.2945845e-13	   2.2370523e+02	
  -2.1539572e-03	   6.1386745e-05	   1.2169500e-03	  -2.1125128e-05	  -4.9010490e-13	   2.2390877e+02	
   9.8081591e-04	   1.5068514e-05	   1.3834106e-03	   2.1588200e-06	  -6.4967393e-13	   2.2391114e+02	
   7.6469103e-04	  -1.7498491e-05	  -2.1671688e-03	   4.8473438e-06	  -4.9770342e-13	   2.2389997e+02	
  -2.5854353e-05	   3.5313871e-05	   1.0741599e-03	   2.6127349e-05	  -2.1275871e-13	   2.2387359e+02	
   1.1038945e-03	   2.5424728e-06	   5.0306096e-03	  -6.2358460e-05	   6.9906435e-13	   2.2376963e+02	
  -8.9977938e-05	  -9.4520923e-06	  -1.4629343e-03	  -2.8641847e-05	  -3.6472923e-13	   2.2389067e+02	
  -2.1048639e-03	   1.0913430e-05	   9.7346913e-04	   9.0909305e-06	  -3.9512333e-13	   2.2389235e+02	
  -1.7459950e-03	  -1.3421442e-04	  -7.6834254e-04	  -3.2749613e-05	   6.0788204e-13	   2.2372763e+02	
   8.6480136e-04	   1.0299017e-05	  -5.6952927e-04	  -2.7500781e-05	  -5.5469236e-13	   2.2392889e+02	
   7.9054626e-04	  -4.8351625e-06	  -1.2543730e-03	  -2.2943185e-05	  -6.9526509e-13	   2.2392134e+02	
   1.7757952e-03	   1.1854433e-04	  -4.7558651e-04	  -5.7839632e-05	   1.0333995e-12	   2.2363932e+02	
   2.0401565e-03	  -7.1340590e-06	   1.7700336e-03	  -1.2822480e-05	  -2.4695208e-13	   2.2387797e+02	
  -2.0780734e-03	   3.0555042e-06	   7.0804424e-04	   1.2244558e-05	  -4.2931669e-13	   2.2389460e+02	
   1.5734803e-04	   9.4033673e-06	   5.0932623e-05	   6.1213129e-06	   2.0136093e-13	   2.2380994e+02	
   1.9965045e-03	  -6.2321131e-05	  -1.7400884e-03	   4.0023551e-05	  -4.9010490e-13	   2.2390605e+02	
  -9.9557918e-06	  -1.5116641e-05	  -1.8202442e-03	  -1.0499061e-05	  -6.0408278e-13	   2.2390631e+02	
   1.7318261e-03	  -3.4738205e-05	   1.7598275e-03	  -4.8385428e-05	  -5.0530195e-13	   2.2390930e+02	
   5.4014212e-04	  -3.0575250e-06	  -7.0493795e-04	  -2.8241353e-05	  -8.8142896e-13	   2.2395370e+02	
  -2.0207810e-03	  -8.8858666e-05	  -2.9272683e-03	  -9.7801696e-05	   4.1791890e-13	   2.2378014e+02	
   1.6949304e-03	   3.1735271e-06	   8.7215438e-04	  -1.6165648e-05	  -4.9390416e-13	   2.2389867e+02	
   1.5367494e-04	   9.9513351e-06	   1.3941591e-03	   3.0215200e-05	  -3.5333144e-13	   2.2389196e+02	
  -5.5458085e-04	  -7.3373870e-06	  -2.2576244e-03	   3.0020561e-05	  -5.4329457e-13	   2.2389488e+02	
  -3.0792655e-03	  -1.1339813e-04	   1.5206324e-03	   7.7271605e-05	   3.9512333e-13	   2.2378282e+02	
  -4.7495702e-04	  -5.6897196e-05	  -1.7792126e-03	  -1.2119932e-04	   5.0910121e-13	   2.2374920e+02	
  -9.6091529e-04	  -3.8826064e-05	  -3.3091447e-04	   7.4100535e-06	  -5.8888573e-13	   2.2393159e+02	
  -2.0987773e-03	   7.2555621e-08	  -1.4846075e-04	   1.1303356e-05	  -5.0910121e-13	   2.2389762e+02	
  -4.3672746e-04	  -7.1838062e-05	  -6.7789443e-04	  -2.0300100e-05	   4.4071448e-13	   2.2377681e+02	
   1.1395039e-03	  -2.1762355e-05	  -1.9313061e-03	   7.5001537e-06	  -6.1927983e-13	   2.2389963e+02	
   1.1787629e-04	   3.8054822e-05	   1.1304676e-03	   1.0233400e-04	   8.4343633e-13	   2.2369219e+02	
  -2.0094342e-03	  -1.4180644e-04	  -4.7227208e-04	  -9.7606773e-06	   5.9268499e-13	   2.2372959e+02	
   7.7512110e-04	   2.6980098e-05	   1.7475761e-04	  -1.2127747e-05	  -4.1791890e-13	   2.2391259e+02	
  -1.1866071e-03	  -1.0983880e-04	  -6.3416280e-04	  -2.2733090e-05	   2.3555429e-13	   2.2380308e+02	
   1.2316942e-03	   8.5242843e-06	  -1.0794009e-03	  -2.7144666e-05	  -4.3311595e-13	   2.2389691e+02	
  -8.8551549e-04	  -3.0124293e-05	  -3.2132764e-04	   9.5050270e-06	  -8.1304223e-13	   2.2394912e+02	
   2.1930571e-03	  -1.3683617e-05	   8.1001065e-04	  -1.8418348e-05	  -4.0652112e-13	   2.2389460e+02	
   6.4669611e-04	  -1.9546373e-05	  -2.0757877e-03	   1.2344188e-05	  -6.8766656e-13	   2.2390151e+02	
  -1.5741828e-04	  -7.5967976e-06	  -2.5204923e-03	   2.3726878e-05	  -3.6852849e-13	   2.2389300e+02	
   1.6117646e-03	  -2.6371341e-06	  -9.9264205e-04	  -1.4149146e-05	  -6.1927983e-13	   2.2390742e+02	
  -2.2967873e-03	   7.0464259e-06	  -7.8730494e-04	   1.0163408e-05	  -3.4953217e-13	   2.2389012e+02	
   1.9079788e-03	   1.3188168e-04	   1.5002345e-04	  -1.3293491e-05	   4.1791890e-13	   2.2376407e+02	
  -3.7751330e-04	  -2.3489229e-05	  -1.6833002e-04	  -4.7548140e-06	   3.9512333e-13	   2.2377916e+02	
  -7.5690431e-04	  -2.8264306e-06	  -2.3557643e-03	   2.3207496e-05	  -3.6092996e-13	   2.2388496e+02	
  -1.1188041e-03	   1.8992828e-05	   2.0433879e-03	  -4.5525978e-06	  -4.6730932e-13	   2.2389875e+02	
   2.1003887e-03	  -2.7856355e-05	  -1.3996106e-03	   5.0313091e-06	  -3.7992628e-13	   2.2388634e+02	
  -1.9932788e-03	  -1.6396294e-05	   6.6449962e-04	   1.1920987e-05	  -3.4953217e-13	   2.2388856e+02	
   3.4410822e-04	   8.4991010e-07	  -1.0742925e-03	  -4.3464603e-05	  -9.4981569e-13	   2.2395447e+02	
  -1.2790622e-04	  -8.7503252e-06	  -2.5295119e-03	   3.0441668e-05	  -3.7232775e-13	   2.2389490e+02	
   4.4895111e-04	   1.6003288e-05	   8.5133805e-05	   3.9458048e-06	   2.4315282e-13	   2.2380533e+02	
   4.7109284e-03	   3.6335259e-05	  -4.4663131e-04	  -1.9443096e-05	   6.1548057e-13	   2.2376020e+02	
   8.9007320e-04	   2.5014624e-05	  -1.2827328e-04	  -2.3815647e-05	  -1.0447973e-12	   2.2396200e+02	
  -8.5886029e-04	   1.0318854e-07	  -2.3505663e-03	   2.7413809e-05	  -3.6092996e-13	   2.2389392e+02	
  -1.4860594e-03	  -1.2066345e-05	  -1.1339227e-05	   1.2824928e-05	  -7.2945845e-13	   2.2391922e+02	
   2.4720477e-03	  -1.9421405e-05	   1.5249958e-04	  -1.1123441e-05	  -3.8372554e-13	   2.2389419e+02	
  -1.3027180e-03	  -1.2989839e-05	  -3.9755102e-04	   1.0121783e-05	  -8.5483412e-13	   2.2392954e+02	
  -2.0766172e-03	  -3.2866374e-06	  -4.1090101e-04	   1.1242594e-05	  -4.7490785e-13	   2.2389987e+02	
   2.0335798e-03	  -3.6492286e-05	  -1.1546543e-03	   2.8467795e-06	  -5.5849163e-13	   2.2389554e+02	
   8.3933937e-04	   3.3297037e-05	   2.9030822e-04	  -2.6560633e-05	   8.3583781e-14	   2.2384497e+02	
   4.7339137e-03	  -5.2382337e-05	  -1.3613309e-03	  -2.6498694e-06	   8.5103486e-13	   2.2373807e+02	
   1.3736534e-03	   1.5330946e-05	   1.4840943e-03	   3.4058178e-06	  -4.2551743e-13	   2.2389701e+02	
  -6.5630389e-04	  -3.6907644e-06	  -2.4181597e-03	   2.1714193e-05	  -3.3813439e-13	   2.2388337e+02	
  -1.7299410e-03	   2.8823180e-05	   1.7261951e-03	  -9.3907886e-06	  -3.6472923e-13	   2.2389623e+02	
   7.7266288e-05	   4.3183885e-05	   8.7461926e-04	   7.0005797e-05	   1.1777715e-13	   2.2382953e+02	
   2.3832590e-03	  -2.1495771e-05	  -2.9454939e-04	  -1.0115136e-05	  -4.3691522e-13	   2.2389548e+02	
  -2.2005006e-03	   9.0532655e-06	   2.5142258e-04	   1.1010489e-05	  -4.9770342e-13	   2.2389566e+02	
   6.1785171e-04	   1.7439439e-05	   1.8480310e-03	   1.6564391e-05	  -3.7612701e-13	   2.2389308e+02	
   4.2898675e-03	  -1.3680449e-04	   2.1537274e-03	  -9.0356411e-05	   1.1055855e-12	   2.2372951e+02	
  -8.5673829e-04	  -6.0092323e-06	  -2.2373899e-03	   3.8261249e-06	  -3.4193365e-13	   2.2388957e+02	
   9.0576942e-04	   2.6926775e-05	  -1.2882027e-04	  -2.3755775e-05	  -9.7261127e-13	   2.2395959e+02	
  -7.1640355e-04	  -4.0861771e-05	   1.0373047e-03	   1.0885287e-04	   8.2064076e-13	   2.2369425e+02	
   2.9200957e-04	   1.1943290e-05	  -1.1343067e-05	  -1.2851570e-05	  -2.3555429e-13	   2.2388272e+02	
  -7.1575952e-04	  -2.5810776e-05	  -1.4435839e-03	  -2.0033096e-05	  -3.4953217e-13	   2.2388975e+02	
   2.4092610e-04	   1.3734226e-05	   2.1966321e-03	  -2.7468425e-05	  -6.0028352e-13	   2.2389787e+02	
   4.9728491e-03	  -4.4447450e-06	   1.3740465e-04	  -1.6072940e-05	   6.4207541e-13	   2.2376462e+02	
   1.0282555e-03	  -1.6135460e-05	  -1.2376386e-03	  -1.8021754e-05	  -5.0530195e-13	   2.2389914e+02	
   7.8869807e-04	  -1.8306321e-05	  -1.2057501e-03	  -1.8551744e-05	  -3.1913807e-13	   2.2389597e+02	
   2.1375002e-03	  -2.1849204e-05	   3.7729081e-05	  -1.5704958e-05	  -5.8888573e-13	   2.2389944e+02	
  -2.1050256e-03	  -9.4970502e-07	   6.6647418e-04	   1.3282619e-05	  -3.8372554e-13	   2.2389169e+02	
   4.4328874e-04	   8.5979306e-06	   2.1668461e-03	   9.8778598e-06	  -3.6092996e-13	   2.2388314e+02	
   5.2861548e-05	   1.1186353e-05	   2.4891238e-03	  -2.8531609e-05	  -3.7232775e-13	   2.2389752e+02	
   4.2564357e-04	  -1.4557714e-06	  -8.1077717e-04	  -8.2549767e-05	  -4.5591153e-14	   2.2385550e+02	
   1.2469927e-03	  -2.5723066e-05	  -2.2367455e-03	   2.2662274e-05	  -3.7992628e-13	   2.2389629e+02	
   4.6099676e-04	  -3.0429337e-05	  -5.0025449e-03	   1.3518520e-04	   9.4221716e-13	   2.2375501e+02	
   5.2020766e-03	  -5.6149544e-05	   5.3512823e-04	  -2.2062614e-05	   6.1168130e-13	   2.2377977e+02	
  -1.0802186e-03	  -1.4766819e-05	  -1.2866242e-03	   1.1868146e-05	  -5.1290047e-13	   2.2389766e+02	
   3.6343256e-04	   6.0623585e-06	  -8.2353756e-04	  -5.0727282e-05	  -3.7232775e-13	   2.2390582e+02	
  -2.1286155e-03	  -1.2988421e-04	   7.6816611e-04	   6.8932630e-05	   6.9146582e-13	   2.2371079e+02	
  -4.5126901e-04	  -1.0588831e-05	  -2.3305393e-03	   1.7803932e-05	  -4.2171817e-13	   2.2389396e+02	
  -3.2135547e-03	   3.1330339e-05	   3.4469732e-03	  -7.6213957e-06	   9.0802380e-13	   2.2372147e+02	
   2.3881636e-05	   1.4247674e-05	   2.3945897e-03	  -2.2747318e-05	  -4.2931669e-13	   2.2389566e+02	
   1.3606073e-03	   4.8644799e-06	   1.5652277e-03	  -9.1453114e-06	  -5.9648425e-13	   2.2390314e+02	
  -1.8544632e-04	  -1.0050673e-05	  -3.1843161e-04	  -1.7333900e-05	   5.9268499e-13	   2.2374002e+02	
  -9.6953054e-04	  -3.1446180e-05	  -3.7590374e-04	   9.0459355e-06	  -9.8400910e-13	   2.2395404e+02	
  -4.5840423e-03	  -4.9084316e-05	  -6.8468139e-04	   1.1308555e-05	   6.1548057e-13	   2.2375779e+02	
  -1.7513360e-05	  -1.4898687e-05	  -1.9616204e-03	   1.0012565e-05	  -7.8644739e-13	   2.2390918e+02	
  -4.8466341e-04	   1.0723780e-05	   2.0966453e-03	   1.3156281e-05	  -4.0272185e-13	   2.2389323e+02	
  -1.5150055e-03	   2.1325015e-05	   1.7030195e-03	  -2.1804015e-06	  -5.4709384e-13	   2.2389623e+02	
   1.6066669e-03	   1.2383415e-05	   1.4438093e-03	  -4.9515870e-07	  -3.8752480e-13	   2.2389333e+02	
  -2.2812305e-03	   2.6007212e-05	   9.0550959e-04	   2.6368773e-06	  -3.5713070e-13	   2.2388470e+02	
   3.3634463e-05	  -1.7776157e-06	   1.4320295e-04	   1.0876133e-05	   4.9770342e-13	   2.2375593e+02	
   2.6103758e-03	  -6.7488262e-05	   4.0509580e-03	  -1.3903080e-04	   1.0827898e-12	   2.2373362e+02	
   8.5667456e-04	  -1.8246033e-06	   2.4008756e-03	  -3.0531636e-05	  -3.8372554e-13	   2.2389730e+02	
   1.1712023e-03	   3.4672125e-06	  -3.7585020e-04	  -1.7728580e-05	  -9.7641048e-13	   2.2393591e+02	
  -1.1456752e-03	  -3.0526240e-05	  -5.6949530e-04	   1.1662812e-05	  -1.8996314e-14	   2.2385012e+02	
   1.3681810e-03	  -1.0448009e-05	  -9.6277982e-04	  -1.0975799e-05	  -9.0802380e-13	   2.2391644e+02	
   1.8848494e-03	  -3.8633469e-05	   1.4791018e-03	  -4.2631160e-05	  -5.3949531e-13	   2.2391349e+02	
   2.5328432e-04	   1.8798013e-06	  -8.5858912e-04	  -3.4196481e-05	   3.4193365e-14	   2.2384515e+02	
   7.4749725e-04	   6.1604027e-05	   3.6694404e-04	  -2.1076743e-05	   2.7354692e-13	   2.2380981e+02	
  -8.3643643e-04	  -7.6936784e-05	  -3.9754059e-04	   1.2386128e-05	  -9.4981569e-14	   2.2386310e+02	
  -9.9863240e-04	   2.4971659e-05	   2.2910582e-03	  -2.5360822e-05	  -3.7232775e-13	   2.2389969e+02	
  -1.2621671e-03	   2.4057281e-05	   2.1632719e-03	  -1.5594155e-05	  -3.3813439e-13	   2.2388413e+02	
   3.4668034e-04	   6.7131484e-05	   7.6426610e-04	   5.2892235e-05	   5.7368868e-13	   2.2374965e+02	
  -8.1525092e-04	  -7.2496216e-05	  -1.9840212e-03	  -1.1972561e-04	   4.3691522e-13	   2.2375949e+02	
   7.8237841e-04	   1.8012562e-05	   1.6239615e-03	   9.1821937e-06	  -5.1290047e-13	   2.2390456e+02	
   1.1900822e-03	   4.0677881e-05	  -2.1852417e-03	  -1.2068696e-04	   1.4855118e-12	   2.2353904e+02	
  -7.1035956e-04	  -1.1511822e-05	  -2.1611231e-03	   1.3201303e-05	  -3.4573291e-13	   2.2389147e+02	
  -7.1293456e-04	  -7.9719146e-05	  -2.6964875e-04	   2.5124147e-05	   1.0258009e-12	   2.2365303e+02	
  -8.7506799e-04	  -1.2953387e-05	  -2.1183565e-03	  -1.6015517e-06	  -3.1533881e-13	   2.2388805e+02	
  -1.5099519e-03	   3.4637472e-05	   1.7806743e-03	  -1.5847358e-05	  -6.3447688e-13	   2.2389349e+02	
   1.0165997e-03	   7.4377778e-05	  -3.4509391e-04	  -6.5755118e-05	   5.2429826e-13	   2.2376192e+02	
  -1.3410340e-03	   2.6465255e-05	   1.9630622e-03	  -1.2413259e-05	  -5.1290047e-13	   2.2389343e+02	
  -3.4253839e-05	   5.3440005e-06	   1.3948157e-04	   9.0268165e-06	   2.0516019e-13	   2.2381304e+02	
   2.7192237e-04	  -9.4493083e-06	  -6.8910487e-04	  -2.9265095e-05	  -1.1283810e-12	   2.2396284e+02	
   4.6449022e-03	   5.3290983e-05	  -2.4454490e-04	  -1.8617482e-05	   5.3189679e-13	   2.2377153e+02	
   1.9491242e-03	   1.2198357e-04	  -3.7259944e-04	  -4.7638820e-05	   2.9634250e-13	   2.2378517e+02	
  -2.3203724e-03	  -1.2878164e-04	  -1.4016778e-03	  -5.2934709e-05	   1.9376240e-13	   2.2381310e+02	
   4.6143501e-04	  -3.9038885e-06	  -5.6781840e-04	  -2.7106351e-05	  -1.1473774e-12	   2.2396179e+02	
  -1.7675663e-03	   3.1327694e-05	   1.7524724e-03	  -1.3333756e-05	  -3.6472923e-13	   2.2389848e+02	
  -3.0618565e-04	  -1.8617812e-05	  -1.2178645e-04	  -6.0809327e-06	   2.5455060e-13	   2.2380151e+02	
  -1.9864492e-03	   1.3529963e-05	   1.3336474e-03	   6.8176430e-06	  -3.3053586e-13	   2.2389092e+02	
  -1.5448191e-03	   5.5731088e-05	   4.6240999e-03	  -1.0907008e-04	   1.0144032e-12	   2.2373795e+02	
   2.2209445e-03	  -2.5282909e-05	  -1.1731654e-03	   1.4791908e-07	  -3.5333144e-13	   2.2389472e+02	
  -1.3839254e-03	  -1.0251406e-05	  -1.1803118e-03	   5.4474038e-06	  -6.4587467e-13	   2.2390734e+02	
  -2.2178347e-03	   2.2868327e-05	   9.9927503e-04	   3.7650988e-06	  -3.2673660e-13	   2.2389386e+02	
   7.0143389e-04	   1.6898271e-05	  -3.8705867e-04	  -3.0897194e-05	  -1.0106039e-12	   2.2396151e+02	
  -2.0035882e-03	  -1.5480253e-05	   1.8268434e-04	   1.3212693e-05	  -3.7232775e-13	   2.2389229e+02	
  -3.6588879e-05	  -1.8852421e-05	  -1.2978012e-03	  -1.3677533e-05	  -9.3081938e-13	   2.2393341e+02	
  -1.7537498e-03	   3.1178238e-05	   1.8103856e-03	  -1.5143607e-05	  -3.6472923e-13	   2.2389889e+02	
  -1.8563434e-03	   2.2535503e-05	   1.3260237e-03	   1.1674524e-06	  -5.5089310e-13	   2.2389562e+02	
   5.0581033e-04	   1.4659456e-05	  -5.3955432e-04	  -4.1827065e-05	  -2.0136093e-13	   2.2388325e+02	
  -3.2754837e-03	   1.3688914e-04	   3.2031243e-03	  -1.0522574e-04	   1.2119649e-12	   2.2370200e+02	
   1.2755683e-03	   2.2228912e-05	   1.1410045e-03	   5.2654548e-06	  -4.5971079e-13	   2.2389797e+02	
  -1.9004625e-03	   1.7905055e-05	  -1.0051906e-03	   2.3191151e-05	  -7.3325771e-13	   2.2389717e+02	
   9.4709898e-04	   2.1868136e-05	  -3.5995916e-04	  -2.5373831e-05	  -2.9634250e-13	   2.2390032e+02	
   1.1798951e-03	   8.5213199e-05	   2.1067818e-03	   1.2060082e-04	   6.1927983e-13	   2.2372488e+02	
  -6.1070947e-04	  -1.9025074e-05	  -1.4301307e-03	  -3.2179240e-05	  -2.5075134e-13	   2.2388112e+02	
   2.4067129e-03	  -3.1804644e-05	  -6.3385695e-04	  -2.4530002e-06	  -4.5591153e-13	   2.2389034e+02	
   1.6505473e-03	  -2.2360815e-05	  -1.6754189e-03	  -5.6785416e-07	  -3.5713070e-13	   2.2389404e+02	
  -4.2869301e-03	  -1.3182237e-05	   1.4812525e-03	   2.4113466e-05	   8.7762970e-13	   2.2371341e+02	
  -1.1656152e-03	   1.8855118e-05	   1.9511958e-03	   9.8739133e-07	  -3.4953217e-13	   2.2389325e+02	
   1.9219774e-03	  -3.2994853e-05	  -1.1092196e-03	   2.8319678e-06	  -7.4845476e-13	   2.2389591e+02	
  -3.7314535e-03	   4.8691883e-05	   3.5755162e-03	  -2.1887118e-05	   5.9268499e-13	   2.2378104e+02	
  -1.2977920e-03	  -6.0837777e-06	  -1.2592367e-04	   1.3479939e-05	  -9.8780832e-13	   2.2393092e+02	
   2.7755341e-04	   1.6566449e-05	   6.9094114e-04	   1.8939122e-05	  -1.1777715e-13	   2.2387263e+02	
  -9.0719005e-04	  -8.8885380e-08	  -2.3108074e-03	   2.3349586e-05	  -3.7232775e-13	   2.2388419e+02	
   5.7050298e-04	  -1.8065936e-05	  -2.1465169e-03	  -1.3058204e-06	  -3.1913807e-13	   2.2389016e+02	
   8.8586608e-04	   2.6963294e-05	   4.1982315e-04	  -9.7215272e-06	  -1.0409980e-12	   2.2395836e+02	
   1.0141850e-03	  -5.3003103e-06	  -1.1910202e-03	  -3.1423744e-05	  -1.2157641e-13	   2.2386591e+02	
  -1.7274874e-03	   2.1428215e-05	   1.2382612e-03	   2.3837172e-06	  -6.8766656e-13	   2.2390126e+02	
  -7.8799834e-04	  -3.2547312e-05	  -1.9304509e-04	   3.2925632e-05	   2.2415650e-13	   2.2382128e+02	
  -9.7261263e-04	  -2.9468991e-05	  -1.5844184e-04	   1.4937250e-05	  -1.0561950e-12	   2.2395852e+02	
   1.3505273e-03	   2.0041341e-05	   1.1563505e-03	   3.0088979e-06	  -4.8250637e-13	   2.2390102e+02	
  -4.2512865e-03	  -5.5717177e-05	  -9.7378217e-04	   6.2962375e-06	   8.3583781e-13	   2.2371292e+02	
   6.5802353e-04	  -3.0380055e-06	  -1.6167239e-03	  -3.4363981e-05	  -3.0774028e-13	   2.2388343e+02	
  -1.5688711e-03	   2.8561035e-05	   1.4240508e-03	  -9.1872084e-07	  -6.0788204e-13	   2.2389805e+02	
   1.1833878e-03	   1.2728081e-06	   2.0736163e-03	  -2.0867294e-05	  -4.2551743e-13	   2.2389578e+02	
  -1.4826971e-03	  -5.8511558e-06	  -3.8580936e-04	   1.9043736e-05	  -5.5849163e-13	   2.2390233e+02	
  -2.8697605e-03	  -2.9382060e-05	  -3.8524733e-03	  -1.1231883e-05	   6.0028352e-13	   2.2376515e+02	
  -6.6361418e-04	  -1.1488674e-05	   5.9159435e-04	   3.3107289e-05	  -1.1587751e-12	   2.2395920e+02	
  -7.4454603e-04	   1.6864805e-05	   2.4407731e-03	  -2.2013601e-05	  -3.8372554e-13	   2.2389640e+02	
  -2.1127236e-03	   9.0108375e-06	  -3.6895104e-04	   1.3004522e-05	  -5.8508647e-13	   2.2389875e+02	
   6.7923593e-04	  -2.0967766e-05	  -2.2924117e-03	   1.4069979e-05	  -3.7612701e-13	   2.2389466e+02	
  -4.8257926e-04	  -5.2365591e-05	  -2.0461963e-03	  -1.2729490e-04	   3.9892259e-13	   2.2376632e+02	
   3.1255691e-04	   7.5228442e-06	   2.4824141e-03	  -2.7468759e-05	  -3.6472923e-13	   2.2389773e+02	
   4.0703798e-04	   6.2025188e-05	   1.0216100e-03	   7.2143946e-05	   4.9390416e-14	   2.2383916e+02	
   7.9667898e-04	   3.6953708e-05	   8.3270490e-04	   1.4482885e-05	  -2.9254323e-13	   2.2388820e+02	
  -3.4758305e-04	  -1.5293976e-05	  -1.9524027e-03	   1.7424273e-05	  -6.0028352e-13	   2.2390022e+02	
  -2.0803839e-03	   1.2020811e-05	   1.1196068e-03	   8.9488496e-06	  -3.4573291e-13	   2.2389132e+02	
  -1.4796023e-03	   3.1281768e-05	   1.6680710e-03	  -1.1584480e-05	  -7.2945845e-13	   2.2389433e+02	
  -1.7017276e-03	   4.3693514e-06	   1.5723852e-03	   1.4111661e-05	  -3.1153955e-13	   2.2388801e+02	
  -8.8430341e-05	  -8.1006659e-06	  -2.2617748e-03	  -3.4215077e-07	  -4.1791890e-13	   2.2388795e+02	
  -5.6669099e-04	  -4.6999133e-06	  -2.4428762e-03	   1.6896380e-05	  -3.3053586e-13	   2.2389263e+02	
  -7.2940303e-04	   2.0327945e-05	   2.0540223e-03	  -1.2124136e-05	  -6.9146582e-13	   2.2390042e+02	
  -1.8808603e-03	   6.3959230e-06	  -1.6332988e-03	   1.5942570e-05	  -3.1153955e-13	   2.2389190e+02	
  -9.9797940e-04	  -1.4674310e-05	  -4.1116771e-04	   9.2622138e-06	  -9.6121348e-13	   2.2394310e+02	
   1.0403842e-03	   2.4499753e-05	   2.3934932e-04	  -2.2957094e-05	   2.6594839e-14	   2.2384842e+02	
  -1.7398858e-03	   6.3011692e-05	   4.4401150e-03	  -1.0998906e-04	   1.0865891e-12	   2.2372292e+02	
   4.9430456e-05	  -1.4796304e-05	  -1.9128783e-03	  -2.3474431e-05	  -3.6852849e-13	   2.2388987e+02	
   9.6990759e-04	   3.6498358e-06	   1.5755682e-03	  -1.9236364e-05	  -9.0042527e-13	   2.2390235e+02	
  -8.6705302e-04	  -3.7582795e-05	  -9.8861560e-04	  -1.9178981e-05	  -1.7476609e-13	   2.2387040e+02	
  -9.2745570e-04	  -2.3692939e-05	  -1.6524250e-04	   1.6117542e-05	  -1.1739721e-12	   2.2395120e+02	
  -8.0326130e-04	  -6.2254978e-05	   2.3775247e-05	   4.8960657e-05	   4.7490785e-13	   2.2377147e+02	
   1.3329736e-03	   6.8326000e-06	   1.0690062e-03	  -8.1839819e-06	  -8.0544371e-13	   2.2391599e+02	
  -1.9879138e-03	  -9.5110302e-06	  -6.3272529e-04	   1.2359505e-05	  -2.6594839e-13	   2.2388562e+02	
   7.0313680e-04	   2.6548790e-05	  -9.7952359e-04	  -9.3775274e-05	  -2.6594839e-14	   2.2385034e+02	
   1.2226130e-03	   1.9146620e-06	   2.0500780e-03	  -1.8706375e-05	  -4.0652112e-13	   2.2389523e+02	
   2.0878928e-03	   1.4082542e-04	   5.8850411e-04	   1.9845888e-05	   6.8766656e-13	   2.2370926e+02	
   9.8180043e-04	   1.8192444e-05	   1.8632605e-03	   1.4155361e-05	  -2.9254323e-13	   2.2388619e+02	
  -2.0004321e-03	  -8.6591129e-06	  -7.5090893e-04	   3.9852428e-06	  -4.2171817e-13	   2.2388848e+02	
  -2.8912117e-04	   9.6497294e-06	   2.0063623e-03	   2.5990393e-05	  -3.1533881e-13	   2.2388779e+02	
  -1.4396164e-03	   4.7065652e-06	  -1.7775835e-03	   2.2166581e-05	  -5.5469236e-13	   2.2389498e+02	
  -8.9730551e-04	   2.0204515e-05	   2.2709433e-03	  -1.3031078e-05	  -3.1913807e-13	   2.2389607e+02	
   1.4507827e-03	  -3.4234414e-05	  -1.7866218e-03	   1.8535546e-05	  -7.2185992e-13	   2.2389132e+02	
   1.3265126e-03	   1.2028511e-04	   5.1566895e-04	   1.7693150e-05	   8.3583781e-13	   2.2368951e+02	
  -1.8232515e-03	   2.6664856e-06	  -1.9796133e-04	   1.2269803e-05	  -7.5605329e-13	   2.2391085e+02	
  -2.2128729e-03	   9.7620492e-06	  -1.1077278e-03	   1.4557240e-05	  -3.0774028e-13	   2.2389198e+02	
   1.0321780e-03	  -4.0703015e-06	   2.2248978e-03	  -3.3326051e-05	  -4.9390416e-13	   2.2389163e+02	
   1.8338388e-03	   1.3536413e-05	   6.0218334e-04	  -1.1464992e-05	  -2.6974766e-13	   2.2388625e+02	
   2.6031350e-03	  -8.5571454e-05	   3.8525488e-03	  -1.6137640e-04	   1.1777715e-12	   2.2371499e+02	
   2.1959575e-03	   6.3076415e-06	   4.5461037e-03	  -2.1764621e-05	   6.5727246e-13	   2.2376364e+02	
  -8.0664372e-04	  -1.8874820e-05	  -1.3617221e-04	   1.5460044e-05	  -1.0409980e-12	   2.2395932e+02	
  -4.5746614e-03	   3.7227837e-05	   2.2729119e-03	   2.0144646e-06	   5.6609015e-13	   2.2378106e+02	
   3.7416481e-03	  -1.8058462e-04	  -2.4336113e-03	   9.1539932e-05	   1.3373405e-12	   2.2367636e+02	
   2.9622804e-03	   7.1758135e-05	  -2.6394222e-03	  -8.6216456e-05	   3.4953217e-13	   2.2379370e+02	
  -1.7996184e-03	   3.9920192e-05	   1.4064536e-03	  -9.9088440e-06	  -6.7626877e-13	   2.2389118e+02	
  -2.3534741e-04	  -1.2872457e-05	  -9.0976164e-05	  -8.5653839e-06	   6.6487098e-13	   2.2372509e+02	
   1.1666057e-03	   3.8785417e-06	   1.0656878e-03	  -1.4437788e-05	  -9.8780832e-13	   2.2390625e+02	
   1.2488561e-03	   7.6121621e-05	  -1.1567891e-03	  -1.0715552e-04	   9.0422454e-13	   2.2367446e+02	
  -1.9509855e-03	   1.8970795e-05	  -1.3256919e-03	   2.5114745e-05	  -5.1669974e-13	   2.2389190e+02	
  -6.3146119e-04	  -2.9506739e-05	  -1.4998321e-03	  -3.0728839e-05	  -1.5576977e-13	   2.2386844e+02	
  -9.4282461e-04	   2.5821829e-05	   2.2083256e-03	  -2.2938230e-05	  -4.5211227e-13	   2.2389096e+02	
  -2.2187473e-03	  -6.6511301e-06	  -8.9096479e-04	   8.5006961e-06	  -2.4315282e-13	   2.2388546e+02	
   1.7846421e-03	  -3.2788518e-05	  -1.4778012e-03	   1.0790887e-05	  -4.9010490e-13	   2.2388615e+02	
   1.3159466e-05	   1.4636463e-05	   4.3633519e-03	   8.6723626e-05	   5.2429826e-13	   2.2377051e+02	
   3.6868638e-05	   1.0815381e-05	   2.5205003e-03	  -3.5471101e-05	  -4.3311595e-13	   2.2388914e+02	
   2.4394620e-03	  -4.4895094e-06	  -1.4606426e-04	  -7.7264206e-06	  -3.3053586e-13	   2.2389163e+02	
  -2.1595411e-03	   3.5738430e-05	   9.5214762e-04	  -4.8127709e-07	  -5.3949531e-13	   2.2389253e+02	
  -1.5452364e-03	  -3.7762704e-05	  -4.2971205e-04	   1.6002957e-06	  -1.9756166e-13	   2.2387245e+02	
   1.9967954e-03	  -7.1008697e-05	  -4.4529669e-03	   1.1402259e-04	   1.0523957e-12	   2.2373266e+02	
  -1.6324959e-03	  -1.0694990e-04	  -2.0990374e-03	  -1.0618251e-04	   3.0014176e-13	   2.2379356e+02	
  -1.1742044e-03	  -6.2254538e-06	  -1.8397528e-03	   2.1637131e-06	  -4.5591153e-13	   2.2389032e+02	
   1.2331696e-04	   5.3944095e-05	   7.1419410e-04	   4.7206420e-05	   4.7490785e-13	   2.2377067e+02	
   1.3790140e-03	  -9.1732612e-06	  -9.8350466e-04	  -1.1007438e-05	  -8.6623191e-13	   2.2391611e+02	
  -1.2640410e-03	  -1.0328502e-04	   3.4644943e-04	   6.0995440e-05	   8.4723560e-13	   2.2368848e+02	
   2.8819221e-04	   4.9694863e-05	   8.9747473e-04	   1.4621652e-05	  -4.1411964e-13	   2.2390654e+02	
  -2.2753222e-03	   7.3722828e-06	  -5.8129870e-04	   1.4861157e-05	  -3.2673660e-13	   2.2389188e+02	
  -1.9035184e-03	   3.9262850e-05	   1.2605624e-03	  -6.8214879e-06	  -6.9146582e-13	   2.2389075e+02	
   1.4421992e-03	   3.2922315e-05	   8.4460966e-04	   1.6023374e-05	  -2.3935355e-13	   2.2387599e+02	
  -1.8851240e-03	   3.3912340e-05	   1.3895601e-03	  -6.8226757e-06	  -5.8888573e-13	   2.2389317e+02	
  -2.0662991e-03	   2.0413628e-05	   1.3388856e-03	   2.5745817e-07	  -2.2415650e-13	   2.2388441e+02	
  -9.4120716e-04	  -2.6355916e-05	  -3.7619550e-04	   1.1045427e-05	  -1.1587751e-12	   2.2394672e+02	
  -6.4901706e-06	  -1.5278522e-05	  -1.9207225e-03	  -3.4567074e-05	  -2.0516019e-13	   2.2387368e+02	
   4.4075562e-03	  -3.3295455e-05	  -1.7173092e-03	  -5.4012792e-06	   9.4601643e-13	   2.2371262e+02	
   1.4956972e-03	   2.2283880e-05	   8.3466902e-04	  -6.5556944e-06	  -2.0136093e-13	   2.2387507e+02	
   3.7920182e-03	  -3.6364651e-05	  -2.8435717e-03	   5.9664991e-06	   9.4601643e-13	   2.2371378e+02	
  -1.0647364e-03	  -1.9378744e-05	  -1.6968676e-03	  -1.2098258e-07	  -2.3555429e-13	   2.2388355e+02	
  -3.2124174e-04	   1.7473112e-05	   1.9607160e-03	  -1.0375550e-05	  -8.0544371e-13	   2.2390503e+02	
   8.6698207e-04	  -2.6423130e-06	  -1.4517039e-03	  -3.4590561e-05	   1.1017862e-13	   2.2383073e+02	
  -2.2651580e-03	  -1.4157619e-04	   2.5818212e-04	   3.7204718e-05	   7.8264813e-13	   2.2369153e+02	
   1.9946236e-03	   1.3107307e-05	  -6.9104828e-04	  -1.7931767e-05	  -3.0774028e-13	   2.2388816e+02	
   5.6509244e-04	  -2.3048531e-05	  -2.1953605e-03	   2.9451008e-05	  -7.3705698e-13	   2.2389030e+02	
  -2.3014235e-03	   5.0029859e-06	   7.4624286e-05	   1.3713195e-05	  -2.8494471e-13	   2.2388967e+02	
   1.6780977e-03	   1.0819284e-04	  -3.4080489e-04	  -4.9388131e-05	   1.5197051e-13	   2.2381141e+02	
  -2.2178769e-03	  -2.0059830e-05	  -5.6055706e-04	   5.8643511e-06	  -1.9756166e-13	   2.2387834e+02	
   2.1488313e-04	  -4.0194100e-05	  -7.2788678e-04	  -2.9449257e-05	   8.2064076e-13	   2.2370257e+02	
   2.4435172e-03	  -1.4738317e-05	  -6.0159892e-04	  -5.9477400e-06	  -3.1913807e-13	   2.2389304e+02	
  -3.6228919e-04	  -1.4699009e-05	  -1.4480241e-05	   6.3103789e-06	  -4.8630563e-13	   2.2391474e+02	
   1.4507500e-03	   3.8185131e-05	   4.4128835e-04	   8.8288448e-07	  -1.4057272e-13	   2.2386789e+02	
  -1.6488290e-03	   8.3137162e-06	   8.3072611e-05	   1.3197785e-05	  -9.3461864e-13	   2.2390775e+02	
  -5.0543485e-03	   2.3140708e-05	  -6.2433280e-04	   2.1571670e-05	   5.7368868e-13	   2.2377840e+02	
  -1.5696731e-03	   3.0582123e-05	   1.5957575e-03	  -9.4661220e-06	  -7.1046214e-13	   2.2389517e+02	
  -3.4618084e-03	  -8.4272899e-05	  -2.5070147e-03	  -3.9005801e-05	   4.8250637e-13	   2.2377605e+02	
   2.6838310e-03	   2.7391004e-05	   3.5236814e-03	   1.1396527e-05	   9.8780832e-13	   2.2368863e+02	
  -2.9304982e-03	  -1.4094755e-04	  -1.4560219e-03	  -4.9154380e-05	   4.1032038e-13	   2.2377736e+02	
   8.4690983e-04	   2.0861844e-05	  -1.2756259e-04	  -2.3158628e-05	  -1.2119649e-12	   2.2395517e+02	
   2.0421717e-03	   7.8741938e-06	  -6.3636978e-05	  -1.5675385e-05	  -2.5075134e-13	   2.2388589e+02	
  -7.5216276e-04	   2.6770582e-05	   2.2774139e-03	  -3.1023829e-05	  -5.7748794e-13	   2.2389200e+02	
  -4.4664116e-03	  -3.2970777e-05	   1.4644598e-03	   3.0168039e-05	   5.8128720e-13	   2.2376750e+02	
   1.5049349e-03	  -2.4466335e-05	  -1.2808866e-03	   1.6815752e-06	  -8.5483412e-13	   2.2389633e+02	
  -1.2875996e-03	  -3.7872738e-06	   1.1344372e-03	   3.0436687e-05	  -1.3297420e-13	   2.2386693e+02	
  -2.0713452e-04	  -1.1931074e-05	  -2.0491609e-03	   2.5219822e-05	  -8.1304223e-13	   2.2389229e+02	
   8.1837060e-04	   5.5632405e-05	  -1.2557109e-04	  -5.5083598e-05	   4.1032038e-13	   2.2378398e+02	
   2.2672811e-03	  -2.8104440e-05	   6.0606166e-04	  -1.8210225e-05	  -6.4207541e-13	   2.2389453e+02	
  -1.1745811e-03	   6.5076144e-06	   1.6017647e-03	   2.2314825e-05	  -2.2415650e-13	   2.2388274e+02	
   4.1527500e-03	  -3.5987367e-05	  -2.2089062e-03	  -3.5767676e-07	   9.8020979e-13	   2.2370697e+02	
  -5.4098224e-04	  -2.5278509e-05	   8.5295141e-04	   1.0139556e-04	   8.3963707e-13	   2.2369623e+02	
   7.2256016e-04	   1.5365525e-05	  -9.3986874e-05	  -2.2466424e-05	  -1.2005670e-12	   2.2395883e+02	
  -3.0259864e-04	  -2.4796206e-05	  -1.5473766e-03	  -3.8608905e-05	  -1.2537567e-13	   2.2386582e+02	
  -1.4093531e-03	   3.6653422e-05	   1.8150369e-03	  -1.9715046e-05	  -6.9526509e-13	   2.2388828e+02	
  -6.7443361e-04	  -8.2635100e-06	   2.0867353e-04	   4.6766628e-05	   3.1533881e-13	   2.2380478e+02	
   2.3534425e-03	  -3.0197829e-05	   7.8915208e-04	  -1.9041556e-05	  -5.3189679e-13	   2.2389012e+02	
  -6.5161956e-04	   4.9804745e-06	   5.5971164e-04	   4.3718028e-05	   2.2035724e-13	   2.2382454e+02	
  -1.3963675e-04	  -1.7912222e-05	  -1.3849432e-03	  -1.2737307e-06	  -1.0523957e-12	   2.2391932e+02	
   7.5824099e-04	   3.5045257e-05	   1.9972484e-04	  -3.4602003e-05	   2.1275871e-13	   2.2382310e+02	
   4.0863614e-03	  -1.8694494e-04	   1.9739798e-03	  -1.1390017e-04	   1.2423590e-12	   2.2370742e+02	
  -1.2569199e-03	   8.4634745e-06	   1.6476216e-03	   1.8239931e-05	  -2.5075134e-13	   2.2388552e+02	
   7.9538370e-04	   4.1980529e-05	   3.3224113e-04	  -3.0000312e-05	  -4.1032038e-13	   2.2390683e+02	
  -4.6904002e-03	   2.5477618e-05	   1.8754490e-03	   9.7624827e-06	   5.8128720e-13	   2.2377773e+02	
   1.0114907e-03	   2.6453053e-06	   1.7172826e-03	  -1.7675713e-05	  -7.8644739e-13	   2.2390631e+02	
  -1.9045607e-03	   2.2147183e-05	   1.5935606e-03	  -2.6720325e-06	  -2.9254323e-13	   2.2389541e+02	
  -1.7241973e-04	  -1.9713041e-05	  -1.2117491e-03	  -4.3688181e-06	  -1.1283810e-12	   2.2392370e+02	
  -8.1664254e-04	  -4.7295777e-05	  -8.8569530e-04	  -2.2746672e-05	  -4.1791890e-14	   2.2385711e+02	
  -1.7144102e-04	   6.4133207e-06	   1.3423376e-03	   1.7763181e-05	  -7.1426140e-13	   2.2392057e+02	
  -2.2509677e-03	   1.0394569e-05	   7.2472974e-04	   1.1421933e-05	  -2.8114544e-13	   2.2389008e+02	
  -1.2015674e-03	   8.9786724e-06	  -2.0308578e-03	   3.5836023e-05	  -5.6988941e-13	   2.2389180e+02	
  -2.1220493e-03	  -1.1297301e-05	   9.0290166e-04	   1.8291634e-05	  -2.0895945e-13	   2.2387991e+02	
  -1.0950001e-03	  -4.8908244e-06	  -1.5806082e-03	   2.1447098e-05	  -6.4207541e-13	   2.2389926e+02	
  -2.1421884e-03	  -2.3112611e-05	  -5.6951912e-05	   1.1129557e-05	  -2.2795577e-13	   2.2388022e+02	
   6.9893176e-04	  -2.4731879e-05	  -2.3432690e-03	   3.6371137e-05	  -5.3569605e-13	   2.2389079e+02	
   1.1915438e-03	   3.5938388e-05	  -1.9581143e-04	  -1.9465144e-05	  -6.0788204e-14	   2.2385813e+02	
  -3.1115712e-03	   1.1837204e-04	   2.1205359e-03	  -5.5261324e-05	   1.8312447e-12	   2.2351139e+02	
  -9.1541713e-04	  -6.1852355e-06	  -2.2935623e-03	   5.0455316e-06	  -2.7734618e-13	   2.2388895e+02	
  -9.0507319e-04	  -2.4653204e-05	  -3.6309149e-04	   1.1689727e-05	  -1.1929685e-12	   2.2394977e+02	
   1.0166928e-03	   2.7411402e-05	   1.1632607e-03	   2.5408015e-06	  -1.0637936e-13	   2.2386417e+02	
  -6.0951633e-04	   2.4641294e-05	   2.2704380e-03	  -3.0085838e-05	  -5.5469236e-13	   2.2389286e+02	
   8.9528213e-04	   2.5859812e-05	   1.5117468e-03	   2.1423760e-05	  -2.7734618e-13	   2.2388061e+02	
  -1.6244423e-03	   9.8046213e-05	   4.0786519e-03	  -1.8991779e-04	   1.3259427e-12	   2.2368354e+02	
   1.3958052e-03	   3.5356324e-06	  -1.0525602e-03	  -2.8930463e-05	  -1.2157641e-13	   2.2386638e+02	
  -4.7402193e-04	  -1.4600334e-05	   1.6556113e-03	   1.2586117e-04	   3.2293733e-13	   2.2378012e+02	
  -4.1882123e-03	  -7.5476135e-05	  -1.5250112e-03	  -7.9438862e-06	   5.1290047e-13	   2.2377462e+02	
  -1.9710168e-03	   2.8854949e-05	   6.5714836e-04	   5.6975325e-06	  -7.8644739e-13	   2.2389263e+02	
  -4.8550088e-03	  -1.7019833e-05	   5.7403201e-05	   1.8779592e-05	   5.8888573e-13	   2.2376977e+02	
  -8.3934610e-04	  -8.7364727e-06	   1.4696850e-05	   1.7677068e-05	  -1.1663737e-12	   2.2395067e+02	
  -1.1621669e-03	  -3.8967061e-05	  -1.0660323e-03	  -1.9254794e-05	  -6.4587467e-14	   2.2385775e+02	
  -2.9409164e-04	  -3.3411463e-05	  -2.8369857e-03	  -1.3988429e-04	   8.8142896e-13	   2.2367452e+02	
  -1.5844468e-03	   4.8035792e-06	   1.7409797e-03	   1.5035220e-05	  -2.6974766e-13	   2.2388613e+02	
  -3.8929875e-03	   1.8917863e-04	   2.0861839e-03	  -7.7258086e-05	   1.3145449e-12	   2.2368415e+02	
  -7.6415525e-05	   1.7539651e-05	   1.9072761e-03	   1.7749302e-05	  -2.0516019e-13	   2.2388067e+02	
  -1.3557745e-04	   1.6106098e-05	   2.3994021e-03	  -3.6410842e-05	  -5.2429826e-13	   2.2389186e+02	
  -7.5380055e-04	  -3.3869976e-05	   2.8584122e-04	   3.2327178e-05	   2.2795577e-14	   2.2385077e+02	
  -6.1896620e-04	  -6.4995760e-06	   3.7278395e-04	   2.6844911e-05	  -1.2613552e-12	   2.2395372e+02	
   1.1071714e-03	  -1.2883315e-05	  -2.2055271e-03	  -5.4198847e-06	  -2.4695208e-13	   2.2388811e+02	
   2.5066302e-03	   8.8444416e-05	  -1.9705042e-03	  -9.2716731e-05	   1.0675928e-12	   2.2363646e+02	
   1.0512797e-03	   4.1312574e-05	   6.5519430e-04	   2.4477975e-05	   1.7856535e-13	   2.2381699e+02	
   1.6230083e-04	  -9.1163114e-06	  -7.8147948e-04	  -3.1009269e-05	  -1.3031472e-12	   2.2395245e+02	
  -1.3541503e-03	  -4.8843293e-05	   4.0908579e-04	   1.9683612e-05	   1.1017862e-13	   2.2382989e+02	
   5.0768802e-04	  -2.1464314e-05	  -2.2789096e-03	   3.2362743e-05	  -6.8766656e-13	   2.2389137e+02	
  -1.0075064e-03	  -9.0256334e-05	   6.7942205e-05	   4.6479432e-05	   6.5727246e-13	   2.2373679e+02	
  -2.2641290e-03	   4.3269225e-05	   7.3098100e-04	  -8.7089351e-08	  -5.6609015e-13	   2.2389045e+02	
  -4.7700597e-04	  -3.3779128e-05	  -1.3140033e-03	  -3.9216888e-05	  -3.0394102e-14	   2.2385106e+02	
  -1.7559854e-03	   1.2950058e-05	   4.7079974e-05	   1.3370651e-05	  -9.0042527e-13	   2.2389963e+02	
  -7.5162975e-04	  -3.6187696e-05	  -1.3231748e-03	  -3.2990698e-05	   3.7992628e-15	   2.2384887e+02	
   1.3419561e-03	  -2.8206756e-05	  -1.5983757e-03	   5.3908341e-06	  -6.4967393e-13	   2.2389541e+02	
   3.3240403e-04	   1.7608483e-05	   5.1373873e-04	   1.3744274e-05	   1.9756166e-13	   2.2382073e+02	
  -7.6214766e-04	  -3.9689771e-05	  -1.9005797e-04	   3.5278713e-05	  -2.8494471e-13	   2.2388770e+02	
   2.1610123e-03	   7.6210851e-06	   1.1685804e-03	  -5.0210686e-06	  -2.3555429e-13	   2.2388636e+02	
   9.7954745e-04	  -8.5967425e-06	  -8.8339366e-04	  -1.3788397e-05	  -1.0599944e-12	   2.2392251e+02	
   2.6296072e-03	   7.8608020e-05	  -2.7376048e-03	  -1.0636366e-04	   4.9010490e-13	   2.2376799e+02	
  -1.9717367e-03	   1.7866967e-05	  -5.8011394e-04	   2.0766942e-05	  -6.6487098e-13	   2.2389501e+02	
  -6.5452573e-04	  -4.6752375e-05	  -6.7569174e-04	   7.2624966e-06	   2.5455060e-13	   2.2382028e+02	
   1.5161477e-03	  -1.9802094e-05	   1.9195360e-03	  -4.0819068e-05	  -6.1168130e-13	   2.2388961e+02	
  -4.8230748e-03	  -2.2833296e-05	  -3.9729190e-05	   1.8550982e-05	   6.4207541e-13	   2.2375971e+02	
  -3.1831851e-04	  -7.7075932e-06	  -2.3015311e-03	   3.6357814e-05	  -6.7246951e-13	   2.2389257e+02	
  -9.1390652e-04	  -1.5022660e-05	  -2.2086709e-03	  -6.9118580e-06	  -1.8996314e-13	   2.2388075e+02	
   9.3527118e-04	  -2.4607560e-05	  -1.9808086e-03	   1.8903301e-05	  -7.5605329e-13	   2.2389503e+02	
   1.7068592e-03	   4.1060877e-05	  -5.1468831e-04	  -1.9163476e-05	  -6.4587467e-14	   2.2385366e+02	
   1.7791045e-03	  -3.4286685e-05	  -1.3070421e-03	   4.7388579e-06	  -6.6487098e-13	   2.2389276e+02	
  -3.1817911e-03	  -4.8527985e-05	  -3.3595277e-03	  -2.6077294e-05	   6.0408278e-13	   2.2376118e+02	
   4.0401312e-04	   7.4748588e-06	   2.2493133e-03	  -2.8310799e-05	  -4.8250637e-13	   2.2388331e+02	
   1.8596459e-03	  -1.6598366e-05	  -1.7113967e-03	  -5.0301810e-07	  -2.7734618e-13	   2.2389255e+02	
   1.6290802e-03	  -3.8458417e-05	  -1.9228327e-03	   2.7814552e-05	  -5.4709384e-13	   2.2388842e+02	
   1.1913932e-03	  -1.4440604e-05	  -2.1180918e-03	  -5.0972751e-06	  -2.8494471e-13	   2.2388920e+02	
  -1.0178193e-03	  -1.0060675e-04	  -1.1692868e-03	  -7.5830682e-05	   5.8888573e-13	   2.2373331e+02	
   1.9739208e-03	   2.8672633e-05	   4.3046497e-03	   2.7755975e-05	   6.5347319e-13	   2.2375771e+02	
   6.4003544e-04	  -2.2702205e-06	  -4.6347749e-04	  -2.2499404e-05	  -1.2613552e-12	   2.2394562e+02	
   8.8979053e-04	   5.9377363e-06	  -1.6447600e-03	  -4.2758675e-05	  -1.0258009e-13	   2.2386065e+02	
  -1.1215235e-03	  -6.9831062e-05	   8.8532544e-04	   8.9704906e-05	   1.9756166e-13	   2.2380413e+02	
  -3.9845384e-03	  -3.0675081e-05	   2.4210473e-03	   3.9715094e-05	   5.8128720e-13	   2.2376689e+02	
   1.8632032e-03	  -6.4743799e-05	  -4.3180380e-03	   1.0416493e-04	   1.1283810e-12	   2.2370307e+02	
   1.3062844e-03	  -6.0647829e-06	  -1.9307729e-03	  -1.7139133e-05	  -2.6974766e-13	   2.2388533e+02	
   7.2148512e-04	   1.0092451e-05	  -1.7789076e-04	  -2.3676388e-05	  -1.2993479e-12	   2.2394554e+02	
  -1.2672227e-03	  -1.9597603e-05	  -1.8983911e-03	  -7.2808636e-06	  -2.1275871e-13	   2.2387959e+02	
   4.8637996e-04	  -3.6196564e-06	  -5.1441599e-04	  -2.5326135e-05	  -1.3031472e-12	   2.2394750e+02	
   2.1413750e-03	   1.8012599e-05	   1.0183262e-03	   2.1520600e-06	  -2.2415650e-13	   2.2388237e+02	
   1.0149668e-03	  -2.8706427e-05	  -2.2989314e-03	   3.8278656e-05	  -5.7368868e-13	   2.2388711e+02	
  -4.2671710e-05	  -1.3733987e-05	  -2.3454228e-03	  -2.0652813e-05	  -1.4817125e-13	   2.2387468e+02	
   1.8473896e-04	  -6.1054583e-06	  -1.1310435e-03	  -3.1610656e-05	  -1.2765523e-12	   2.2393067e+02	
  -1.3373950e-03	  -5.2920099e-05	   2.2612674e-04	   1.3503638e-05	   2.6594839e-13	   2.2380265e+02	
   2.9991832e-04	   2.9238646e-06	  -3.1924578e-04	  -1.3380826e-05	  -9.0422454e-13	   2.2395421e+02	
   6.6508504e-04	   1.9826509e-05	  -3.2291964e-04	  -3.0386862e-05	   9.8780832e-14	   2.2383846e+02	
   2.9008236e-04	   8.8182393e-06	   2.3441172e-03	  -4.2106520e-05	  -6.8006803e-13	   2.2388844e+02	
   5.6244502e-04	   1.7554899e-05	   4.7779362e-03	   2.0684760e-05	   6.6107172e-13	   2.2375912e+02	
   7.7476377e-04	   2.1180458e-05	   8.4577977e-04	  -7.1659745e-06	  -1.1701729e-12	   2.2392325e+02	
   2.0118279e-03	   3.2845349e-05	  -4.2561423e-04	  -1.8175333e-05	  -1.0258009e-13	   2.2386615e+02	
  -1.0615231e-03	  -8.9476738e-06	  -2.1403470e-03	   6.4817260e-06	  -1.5197051e-13	   2.2386781e+02	
  -2.0183314e-03	  -1.4423946e-05	  -6.7292311e-04	   8.0374855e-06	  -9.8780832e-14	   2.2386965e+02	
  -2.1971290e-03	   3.3994285e-05	  -1.0257792e-03	   2.5723067e-05	  -5.7748794e-13	   2.2388783e+02	
   1.9043711e-03	   9.1216777e-06	   1.2162196e-03	  -8.4999904e-06	  -2.5455060e-13	   2.2388815e+02	
  -1.2146543e-03	   3.4053089e-05	   1.9920929e-03	  -2.5028094e-05	  -6.8386730e-13	   2.2388797e+02	
  -5.4866218e-04	  -7.9502854e-05	  -5.8730327e-04	  -1.1956469e-05	   5.1669974e-13	   2.2376507e+02	
   7.5946073e-04	   3.5954821e-05	   5.5910866e-04	  -2.1018907e-05	  -4.9010490e-13	   2.2391179e+02	
   2.5386625e-04	   1.5597879e-05	   2.0821089e-03	   3.5410652e-05	  -1.1017862e-13	   2.2386781e+02	
   4.7897550e-04	   7.9930593e-06	   1.6883656e-05	  -4.0819743e-06	  -7.9404592e-13	   2.2394566e+02	
  -1.0494215e-03	   1.5547954e-05	   2.1496208e-03	   2.6585883e-06	  -2.7354692e-13	   2.2389065e+02	
  -1.7167348e-04	  -7.8860306e-06	  -2.9698302e-05	   1.1870688e-05	  -1.0903885e-12	   2.2396654e+02	
  -1.6583388e-04	   1.2111036e-05	   1.7801050e-03	   1.1865792e-04	  -3.7992628e-14	   2.2385227e+02	
  -2.3286183e-03	   3.3781070e-05	   1.1486073e-03	  -6.8232805e-06	  -3.9892259e-13	   2.2388274e+02	
   9.4489063e-04	   3.9702940e-05	   4.0904350e-04	   1.4137581e-06	  -4.9390416e-14	   2.2386486e+02	
  -9.4361824e-04	  -2.0360454e-05	   6.8143352e-05	   2.1410937e-05	  -1.2499574e-12	   2.2394147e+02	
  -4.5859448e-03	  -4.5617064e-05	  -9.6648947e-04	   9.2946805e-06	   6.1927983e-13	   2.2376171e+02	
  -7.4319621e-04	  -1.0248243e-05	   6.7510015e-05	   2.0608371e-05	  -1.2423590e-12	   2.2394991e+02	
   1.2128496e-03	  -1.5309475e-05	  -2.2046645e-03	   1.2392829e-06	  -2.4695208e-13	   2.2389126e+02	
   8.1400784e-04	  -3.6873435e-06	  -5.4231569e-04	  -1.9285974e-05	  -1.1967678e-12	   2.2394024e+02	
  -2.1186058e-03	  -3.5879237e-06	  -1.2787163e-03	   7.2811772e-06	  -2.2795577e-13	   2.2388703e+02	
  -3.8876662e-04	  -9.9266184e-06	  -5.7608094e-05	   9.9056115e-07	  -9.0422454e-13	   2.2395392e+02	
   9.4211916e-04	   1.0787832e-05	  -1.3652303e-03	  -4.3514909e-05	  -9.4981569e-14	   2.2386045e+02	
   2.3580466e-03	  -3.1374945e-05	  -1.0519074e-04	  -7.1419165e-06	  -6.5347319e-13	   2.2389218e+02	
   6.5656128e-04	   1.9134573e-05	  -1.7062219e-04	  -5.5646997e-05	   3.9892259e-13	   2.2378879e+02	
  -1.7832578e-03	   1.1337712e-05	  -6.9329463e-04	   1.6574987e-05	  -8.3203854e-13	   2.2390134e+02	
  -2.2699421e-03	  -1.2470028e-05	   5.8563247e-04	   1.6195401e-05	  -1.7856535e-13	   2.2387867e+02	
   1.2540099e-03	  -2.2207558e-05	  -1.3916552e-03	   2.2235297e-06	  -8.7762970e-13	   2.2389210e+02	
   9.8545241e-04	   3.9117039e-05	   8.5876673e-04	   1.7846854e-05	  -3.4193365e-14	   2.2385057e+02	
   1.4660679e-03	  -3.4196343e-05	  -1.7155471e-03	   1.6276652e-05	  -7.1046214e-13	   2.2388525e+02	
   3.9128922e-03	   9.2645984e-06	  -2.8827418e-03	  -2.6867009e-05	   5.6609015e-13	   2.2377411e+02	
  -2.6345463e-05	  -1.5261346e-05	  -1.7857471e-03	   1.3805896e-05	  -9.1942159e-13	   2.2389507e+02	
   6.1072262e-04	   1.7995015e-05	  -3.5367944e-04	  -3.2202865e-05	   2.2415650e-13	   2.2381654e+02	
   9.3920934e-04	   7.1605624e-06	   1.1967605e-04	  -1.6356446e-05	  -1.2043662e-12	   2.2393625e+02	
  -7.0036007e-04	  -4.3061879e-05	   5.4784521e-04	   8.4169183e-05	   6.8006803e-13	   2.2373157e+02	
   9.3868996e-04	  -2.9669942e-05	   4.3138798e-03	  -2.3494646e-04	   1.3031472e-12	   2.2369683e+02	
   8.3214516e-04	   4.5113815e-05	   7.2383389e-04	   1.9772306e-05	   1.7096682e-13	   2.2382634e+02	
  -2.0723022e-03	   5.0438724e-05	  -4.1038592e-03	   1.4119466e-04	   1.1967678e-12	   2.2369317e+02	
   3.3229022e-04	  -1.5878777e-05	  -2.3559443e-03	  -2.0382056e-06	  -2.3175503e-13	   2.2388746e+02	
  -7.2086630e-04	   4.7846240e-07	  -2.2019042e-03	   3.9494611e-05	  -6.6107172e-13	   2.2389034e+02	
   2.0993088e-03	   1.4845436e-05	  -1.0293493e-03	  -2.0507041e-05	  -1.3677346e-13	   2.2387390e+02	
  -1.3821690e-03	   1.4450866e-05	   4.1729020e-03	   7.7967918e-06	   1.0865891e-12	   2.2367482e+02	
  -6.3266960e-04	  -3.5784630e-05	   3.4337640e-04	   7.2586936e-05	   6.7626877e-13	   2.2373171e+02	
  -1.9066438e-04	   1.7167160e-05	   2.4215065e-03	  -4.4368244e-05	  -5.6609015e-13	   2.2388932e+02	
  -1.3395196e-03	  -1.8023673e-05	  -1.7126876e-03	   7.2243006e-07	  -1.7096682e-13	   2.2387926e+02	
   1.7967153e-03	  -1.6566077e-05	   9.8524853e-04	  -2.2813813e-05	  -8.0164444e-13	   2.2388613e+02	
  -1.2049600e-03	  -2.7255422e-06	   1.9399587e-03	   2.8957403e-05	  -1.5197051e-13	   2.2387398e+02	
   2.3219115e-03	  -1.2530600e-04	  -3.4478862e-03	   1.4678392e-04	   1.5728948e-12	   2.2360472e+02	
   1.2514337e-03	   1.1088314e-05	  -1.7033347e-03	  -3.8665676e-05	  -6.8386730e-14	   2.2386331e+02	
  -4.3979017e-03	   1.1765036e-04	  -1.1297510e-03	   5.0552575e-05	   1.2081656e-12	   2.2368272e+02	
   2.7661978e-04	   1.1244970e-05	   2.4432297e-03	   8.2211272e-07	  -2.2035724e-13	   2.2388801e+02	
  -2.5434600e-03	  -4.6490688e-05	   1.8727866e-03	   5.6877685e-05	   1.7134676e-12	   2.2349409e+02	
   7.6501983e-04	   3.6470817e-05	  -2.4339373e-04	  -3.0982261e-05	   2.1275871e-13	   2.2381881e+02	
  -1.7310117e-03	   1.5509149e-05	  -1.2071120e-03	   2.6311281e-05	  -7.3325771e-13	   2.2388924e+02	
   2.5706608e-04	   1.6554304e-05	   2.0155493e-03	   4.0667404e-05	  -6.4587467e-14	   2.2386122e+02	
   1.0821810e-03	  -2.3925983e-05	  -4.4706924e-03	   2.7122165e-05	   1.0637936e-12	   2.2368896e+02	
  -6.8839779e-04	  -2.1206144e-05	   4.0241668e-05	   4.6659464e-05	   4.0652112e-13	   2.2378869e+02	
   2.3903960e-03	  -5.0826901e-05	  -5.7524760e-04	   5.5402393e-07	  -6.3447688e-13	   2.2388732e+02	
   1.4941696e-03	   4.3748630e-05	  -1.0179139e-05	  -1.1418088e-05	   3.4193365e-14	   2.2384472e+02	
  -6.1314797e-04	   2.6002153e-06	   8.6782396e-04	   1.2505275e-05	  -1.0068046e-12	   2.2393858e+02	
  -2.0345026e-03	  -3.3776487e-05	  -7.9328850e-04	  -2.1005947e-06	  -7.9784518e-14	   2.2386570e+02	
   7.4313591e-04	  -1.1809272e-06	   2.2480554e-03	  -4.3864668e-05	  -6.6487098e-13	   2.2388848e+02	
   2.4552715e-03	   9.2728939e-06	  -4.2064142e-04	  -1.0475780e-05	  -1.6716756e-13	   2.2388063e+02	
  -2.0269283e-03	   3.8551457e-05	   2.4024913e-04	   2.6197210e-06	  -2.6328890e-12	   2.2407950e+02	
   1.4467863e-03	   2.7903252e-05	   9.8193553e-04	  -1.4705552e-07	  -6.8386730e-14	   2.2386122e+02	
   4.3853690e-03	  -1.4514008e-04	   1.7520200e-03	  -7.8692367e-05	   1.1473774e-12	   2.2371493e+02	
   1.1896365e-03	  -3.2993179e-05	  -2.2488191e-03	   3.6816531e-05	  -3.5713070e-13	   2.2391079e+02	
   9.4204920e-04	   7.7523786e-05	   1.8550764e-03	   1.1487576e-04	   5.1290047e-13	   2.2374139e+02	
  -2.2478599e-04	  -2.6223044e-05	  -1.6703251e-03	  -2.3988752e-05	   1.1397788e-14	   2.2384969e+02	
   3.1489261e-03	  -1.4090648e-04	  -3.6092238e-03	   1.3190931e-04	   1.1017862e-12	   2.2373613e+02	
  -3.6832476e-04	  -1.1277083e-05	  -2.0884946e-04	  -8.9535672e-06	   1.5463000e-12	   2.2352117e+02	
  -3.7581832e-03	   1.8610654e-04	   1.7155356e-03	  -6.1167648e-05	   1.5349022e-12	   2.2361693e+02	
  -3.6253226e-04	  -1.5339034e-05	  -2.3693519e-03	  -6.5840261e-06	  -1.9756166e-13	   2.2388204e+02	
  -1.6886192e-03	   1.3956587e-05	  -1.1836485e-03	   2.5140534e-05	  -7.5605329e-13	   2.2388787e+02	
   7.6118948e-04	   3.3300559e-05	   1.3100596e-03	   3.2890795e-05	  -1.1397788e-14	   2.2384969e+02	
  -7.6436257e-04	  -1.9155596e-05	   2.8034602e-03	   1.2567693e-04	   1.2347603e-12	   2.2359460e+02	
   2.8067032e-04	   4.6005981e-06	  -1.7977230e-05	  -1.4916851e-08	   1.7248653e-12	   2.2346892e+02	
   3.1529533e-03	  -1.5784957e-04	  -2.7880545e-03	   1.0995090e-04	   1.5273036e-12	   2.2361609e+02	
  -4.6165548e-03	  -3.9671162e-05	   4.0783383e-04	   2.2484952e-05	   7.5225403e-13	   2.2374043e+02	
  -2.2941908e-03	   3.9776787e-05	  -7.5890832e-04	   2.2977101e-05	  -6.1548057e-13	   2.2388582e+02	
  -1.8166173e-04	   1.5887426e-05	   1.8992120e-03	   2.4444865e-05	  -1.1397788e-13	   2.2387132e+02	
  -1.9034938e-03	   2.1198422e-05	   3.4809053e-04	   1.0118443e-05	  -8.2823928e-13	   2.2389388e+02	
  -9.6568312e-05	  -3.4138597e-05	  -1.2407224e-03	  -2.7124305e-05	   1.8236461e-13	   2.2382167e+02	
  -1.0108886e-03	   1.0872867e-05	  -2.2167831e-03	   4.5073724e-05	  -6.0028352e-13	   2.2388599e+02	
   2.6314502e-03	   5.3380969e-05	   3.6883156e-03	   5.0593247e-05	   4.6730932e-13	   2.2378243e+02	
   9.1200448e-05	  -2.3062612e-05	  -4.6789141e-03	   2.0255272e-04	   1.1625744e-12	   2.2372259e+02	
   1.2279039e-03	  -3.6709121e-07	  -1.9398743e-03	  -2.6697075e-05	  -1.6716756e-13	   2.2387556e+02	
   6.8666781e-04	  -4.9230224e-06	  -1.1026062e-03	  -9.1219838e-06	  -1.0030054e-12	   2.2392809e+02	
   8.9013169e-04	  -4.8691453e-06	  -1.2393400e-03	  -3.6369387e-05	   4.5591153e-14	   2.2384687e+02	
  -1.1440547e-03	   6.7576567e-06	   1.3124738e-03	   1.7964705e-05	  -3.3813439e-13	   2.2387535e+02	
   2.2612036e-03	   3.8711779e-06	   6.9579907e-04	  -1.1064527e-05	  -2.3935355e-13	   2.2388863e+02	
   3.2472922e-04	   1.3735854e-05	   2.0390386e-03	  -2.4567311e-05	  -6.8006803e-13	   2.2389345e+02	
  -6.6189361e-04	  -2.9645933e-05	  -4.2840199e-03	  -8.0779868e-05	   7.4085624e-13	   2.2373217e+02	
   1.3756821e-03	  -2.7657146e-06	   1.1041356e-03	  -1.6442475e-05	  -9.1562233e-13	   2.2390083e+02	
  -8.8426647e-04	  -5.2815933e-05	  -5.2161079e-04	  -9.0335454e-06	   2.8874397e-13	   2.2381065e+02	
   1.3904567e-03	  -2.0145141e-05	   2.0289214e-03	  -4.6628080e-05	  -6.2687836e-13	   2.2388640e+02	
   1.8716802e-03	  -5.2912213e-06	  -1.6712813e-03	  -1.0977409e-05	  -1.8616388e-13	   2.2388478e+02	
   1.5975440e-03	  -2.5392028e-05	  -1.5572600e-03	   1.1734886e-05	  -7.2565919e-13	   2.2389384e+02	
  -3.8967876e-03	  -8.4851693e-06	   2.7319108e-03	   2.8165115e-05	   7.1806066e-13	   2.2375122e+02	
  -9.0918837e-04	  -1.1196177e-05	  -3.9016888e-04	  -1.9699285e-06	  -9.5741422e-13	   2.2394869e+02	
  -2.1348084e-03	  -3.1151885e-05	   5.0447866e-04	   1.9485259e-05	  -5.6988941e-14	   2.2386259e+02	
   7.9991492e-04	   1.7297814e-05	   7.5198792e-04	  -1.0353578e-05	  -1.1739721e-12	   2.2391699e+02	
   2.2865577e-05	  -3.7196101e-06	   1.8120862e-05	  -1.0513543e-05	   1.3145449e-12	   2.2357458e+02	
   1.1049761e-03	   6.2845916e-05	  -6.6180989e-04	  -7.5465378e-05	   3.7992628e-15	   2.2384010e+02	
   8.0413828e-04	  -5.5493168e-06	  -1.0716230e-03	  -3.5138670e-05	   1.8616388e-13	   2.2382173e+02	
  -2.8996990e-03	  -1.3209650e-04	   8.1823121e-05	   2.2623708e-05	   1.1169833e-12	   2.2362108e+02	
   1.2796998e-03	   4.3412343e-05	  -2.3936067e-04	  -2.1022306e-05	   1.8996314e-13	   2.2381642e+02	
  -7.9501714e-05	  -2.1661019e-05	  -3.1419919e-03	  -1.0458102e-04	   1.4095265e-12	   2.2356311e+02	
   7.5807477e-04	   9.0746747e-05	   4.3612063e-04	   4.3316908e-06	   6.8766656e-13	   2.2372989e+02	
  -1.4630567e-04	  -2.0538804e-06	  -1.9941903e-03	   5.4829626e-05	  -2.1655798e-12	   2.2412768e+02	
   1.7139991e-03	   4.6936573e-05	  -1.9725781e-04	  -1.6379512e-05	   9.4981569e-14	   2.2383261e+02	
  -1.9259590e-03	   1.9405150e-05	  -7.8043401e-04	   2.2114469e-05	  -7.3325771e-13	   2.2388783e+02	
   3.7998809e-04	   2.0750052e-05	   1.8728854e-03	   1.9012351e-05	  -1.0258009e-13	   2.2387034e+02	
  -2.2950706e-03	  -1.4241872e-04	   3.6484867e-05	   2.3881010e-05	   6.3827614e-13	   2.2371897e+02	
   2.4247893e-04	   2.1942269e-05	   3.8230609e-03	   1.1929624e-04	   8.5483412e-13	   2.2370204e+02	
   1.7516709e-03	   1.1913397e-04	   1.0553970e-04	  -1.8504370e-05	   2.2795577e-13	   2.2379570e+02	
   5.6313893e-04	  -1.4740114e-05	  -2.2389674e-03	  -1.0529708e-05	  -1.7856535e-13	   2.2388249e+02	
   3.9617123e-03	  -7.6851132e-06	   2.2317817e-03	  -2.3071767e-05	   1.0713921e-12	   2.2368202e+02	
  -6.2107307e-04	  -3.9419622e-05	  -1.0809195e-03	  -1.0194969e-05	   2.0136093e-13	   2.2381889e+02	
  -3.7461124e-03	   2.6752415e-05	  -5.9926328e-04	   2.4350347e-05	   1.6412815e-12	   2.2353806e+02	
   2.3194240e-03	   1.0482425e-05	  -9.2887633e-04	  -1.4300695e-05	  -1.2157641e-13	   2.2387611e+02	
  -1.0996613e-03	  -1.0920081e-06	   3.4875085e-05	   1.5966729e-05	  -1.1245818e-12	   2.2392075e+02	
   2.2032523e-03	   1.8502165e-05	  -1.0552358e-03	  -1.8663168e-05	  -8.3583781e-14	   2.2386903e+02	
   3.7920828e-04	   5.9919395e-05	   8.1840828e-04	   2.8158192e-05	  -2.3555429e-13	   2.2388030e+02	
  -1.0528994e-03	   1.2670350e-05	   2.2816088e-03	   1.6343233e-07	  -1.9756166e-13	   2.2388971e+02	
   6.0544948e-04	  -1.4431045e-06	  -3.4838535e-04	  -1.0098440e-05	  -1.1777715e-12	   2.2395261e+02	
  -2.0157860e-03	  -2.1919532e-05	   1.0162701e-03	   2.4747716e-05	  -7.9784518e-14	   2.2386619e+02	
  -6.0418846e-04	   9.6074724e-06	   4.9241025e-04	   4.3061551e-05	  -3.7992628e-13	   2.2390012e+02	
   3.2276811e-03	   5.2184659e-05	  -2.8794561e-03	  -6.9192753e-05	   7.6745108e-13	   2.2372779e+02	
   2.0357557e-03	  -3.1475171e-05	  -7.5416289e-04	  -4.7977148e-06	  -6.7246951e-13	   2.2388905e+02	
  -8.1321952e-04	  -1.3997644e-05	  -2.3307038e-03	  -9.8966004e-06	  -1.0637936e-13	   2.2387550e+02	
   1.5180548e-03	  -4.0213556e-05	  -1.9035731e-03	   2.9236480e-05	  -6.0028352e-13	   2.2388644e+02	
  -8.3285762e-04	  -4.2800144e-05	  -1.0138748e-05	   1.8271677e-05	   3.0394102e-13	   2.2380470e+02	
   2.5861525e-04	   5.1535262e-05	   1.0046548e-03	   7.2759841e-05	   1.5197051e-14	   2.2384239e+02	
   2.2443701e-04	  -3.7103847e-06	  -1.2927001e-04	  -1.2321971e-05	   9.2702011e-13	   2.2367063e+02	
  -1.6287322e-03	   4.5141358e-07	  -5.7643958e-04	   1.8255869e-05	  -6.3067762e-13	   2.2389740e+02	
  -6.7755771e-04	  -8.3462903e-05	  -4.2328131e-04	   7.0927799e-06	   6.0788204e-13	   2.2374797e+02	
   8.5187639e-04	  -1.3152326e-05	  -1.0584394e-03	  -1.0359944e-05	  -1.0675928e-12	   2.2391163e+02	
  -2.8936979e-05	   1.1054534e-05	   2.0279573e-03	   5.0377104e-05	   4.5591153e-14	   2.2384613e+02	
   1.4143046e-03	   1.4460178e-07	   4.1828505e-04	  -7.0696481e-06	  -9.9540684e-13	   2.2391378e+02	
   2.2592503e-03	   6.8269284e-06	  -3.0206550e-04	  -1.4884871e-05	  -1.7096682e-13	   2.2388161e+02	
  -5.2403552e-04	  -3.2023214e-07	  -2.2203551e-03	   2.5589339e-05	  -6.8766656e-13	   2.2389116e+02	
   1.0498504e-03	   2.7102498e-05	  -1.4470137e-03	  -5.1508014e-05	   6.7626877e-13	   2.2372738e+02	
   9.3967634e-04	  -3.7278722e-06	  -1.2105047e-03	  -7.1648703e-06	  -9.3841790e-13	   2.2391867e+02	
   8.4366264e-04	   4.6491957e-05	   2.1994639e-04	  -6.7343637e-06	   4.2551743e-13	   2.2378247e+02	
   2.6547830e-03	   7.5519157e-05	  -1.9024820e-03	  -7.6732893e-05	   1.2651545e-12	   2.2359215e+02	
  -2.3341486e-03	  -1.3018816e-05	  -3.3039233e-04	   1.0668313e-05	  -1.5197051e-13	   2.2387922e+02	
   1.2023325e-03	  -1.0198218e-05	  -7.7442624e-04	  -1.1225937e-05	  -1.0409980e-12	   2.2391179e+02	
  -1.3922888e-05	  -5.1585615e-06	  -8.8176762e-05	   5.4345651e-06	   1.5728948e-12	   2.2350959e+02	
   1.2046165e-04	  -1.7074576e-05	  -4.5828892e-03	   1.8138610e-05	   1.0220016e-12	   2.2369110e+02	
   1.0221029e-03	   1.5438196e-05	   2.0328920e-03	   3.7170480e-06	  -1.8616388e-13	   2.2388312e+02	
  -4.0056367e-03	   3.4176333e-05	  -2.3164600e-03	   4.1134881e-05	   1.0827898e-12	   2.2369020e+02	
   4.1676189e-03	   3.3377302e-05	   2.4175381e-03	   2.0915424e-06	   6.2687836e-13	   2.2376441e+02	
  -2.0437094e-03	   2.6623884e-05	  -9.8242343e-04	   2.5379004e-05	  -6.3447688e-13	   2.2388852e+02	
  -8.1688864e-04	  -4.9053131e-05	  -9.1976881e-04	  -2.7279985e-05	   2.3555429e-13	   2.2381339e+02	
   1.2301388e-04	  -1.2671587e-07	   2.5153432e-04	   4.3022876e-06	  -1.3183442e-12	   2.2396226e+02	
  -8.7088709e-04	   5.1870804e-06	   2.2176408e-03	   2.3010174e-05	  -1.5197051e-13	   2.2387732e+02	
  -1.9119401e-03	   3.2343203e-05	   9.6387386e-04	   1.8997980e-06	  -7.1046214e-13	   2.2388597e+02	
  -6.9535663e-04	  -5.2785567e-05	  -2.2617789e-04	   3.6251494e-05	   4.8630563e-13	   2.2377341e+02	
   7.2118240e-04	   4.8165548e-05	   5.7309981e-04	  -1.5352762e-05	  -4.2931669e-13	   2.2390609e+02	
  -1.5193376e-03	  -2.5374972e-05	   2.4761652e-04	   2.4425333e-05	   8.3583781e-14	   2.2383971e+02	
   1.7782530e-03	   4.1651496e-05	  -2.7537332e-03	  -9.8487146e-05	   1.2613552e-12	   2.2359413e+02	
  -1.2602110e-03	  -2.0105508e-05	  -2.0932050e-03	  -1.4996897e-05	  -3.0394102e-14	   2.2386511e+02	
  -1.7514124e-03	   2.4693978e-05	   9.6216783e-04	   7.1110628e-06	  -6.6487098e-13	   2.2389304e+02	
  -2.3982919e-03	  -1.6458420e-05	   6.8694643e-04	   1.4266469e-05	  -4.5591153e-14	   2.2386860e+02	
  -1.9592745e-03	   2.7122665e-05	  -1.2350751e-03	   2.9362885e-05	  -6.1927983e-13	   2.2388715e+02	
   2.3062992e-03	   2.4100907e-05	  -5.4172233e-04	  -1.6536335e-05	  -6.0788204e-14	   2.2386668e+02	
  -4.3073459e-03	   1.5910672e-04	  -1.8471519e-03	   8.9883087e-05	   1.1473774e-12	   2.2371920e+02	
  -1.9099748e-03	  -2.0328991e-05	   1.2307108e-03	   2.7822429e-05	  -6.0788204e-14	   2.2386437e+02	
  -9.8029700e-04	  -6.9587989e-06	  -2.9762170e-04	   1.3774786e-05	  -1.1397788e-12	   2.2393049e+02	
  -1.6653305e-03	  -1.2994507e-05	   1.5630609e-03	   2.9784072e-05	  -9.1182306e-14	   2.2386795e+02	
   4.0514684e-04	  -1.5129413e-05	  -1.0516980e-03	  -1.2604460e-05	  -1.1473774e-12	   2.2392255e+02	
   1.1515036e-03	   3.1710751e-05	   2.0708296e-03	   5.1565843e-05	   3.0774028e-13	   2.2380629e+02	
  -3.7349929e-03	   4.4472126e-05	   2.6429622e-03	  -8.8780728e-06	   1.0827898e-12	   2.2368879e+02	
  -8.7406253e-04	  -4.3709395e-05	  -1.2066439e-03	  -3.5003781e-05	   3.2673660e-13	   2.2379705e+02	
   1.0596292e-03	   8.8093089e-05	   1.5955353e-03	   9.8975495e-05	   4.3691522e-13	   2.2375546e+02	
  -5.9365553e-04	  -1.6986145e-05	  -2.3701551e-03	  -2.0018928e-05	  -7.5985255e-15	   2.2386288e+02	
   1.4224226e-05	   3.1966225e-05	   1.0255682e-03	   8.2693095e-05	  -7.5985255e-15	   2.2384535e+02	
  -1.6778052e-03	  -1.2927506e-05	   9.9336293e-04	   2.7698439e-05	  -4.5591153e-14	   2.2386492e+02	
   1.8004612e-04	   7.3257210e-07	  -3.0724569e-04	  -8.8993149e-06	  -1.3373405e-12	   2.2395781e+02	
   1.2492876e-03	   3.2275180e-05	  -9.8208621e-04	  -4.3747507e-05	   1.9756166e-13	   2.2381914e+02	
   7.7357764e-04	   1.4448024e-05	   2.5923526e-04	  -1.5315602e-05	  -1.2499574e-12	   2.2394137e+02	
   5.9924590e-04	   3.4785982e-05	   1.3044420e-03	   4.4059361e-05	   2.6974766e-13	   2.2380517e+02	
   1.5155804e-03	  -1.8539839e-05	   1.8012962e-03	  -3.8697588e-05	  -6.5727246e-13	   2.2388443e+02	
  -7.2587510e-04	  -3.9681905e-05	  -4.2560406e-04	   2.3806366e-05	   3.8372554e-13	   2.2379816e+02	
   3.2166020e-04	   4.5551762e-06	   2.1301461e-03	  -2.6369420e-05	  -7.7504960e-13	   2.2388850e+02	
   1.0396688e-03	   3.5748180e-05	  -3.9584808e-04	  -2.9670235e-05	   3.1153955e-13	   2.2380638e+02	
   8.3257976e-04	  -2.1869990e-05	  -2.2045590e-03	   3.1350111e-05	  -6.9526509e-13	   2.2388398e+02	
  -9.2505393e-04	   9.1177314e-06	   1.8544124e-03	   1.4254085e-05	  -1.2917493e-13	   2.2388231e+02	
   4.3486333e-04	   9.9298135e-07	   5.0888944e-04	  -5.5001385e-06	  -1.6906719e-12	   2.2419173e+02	
  -3.6052161e-04	  -3.5359823e-05	  -1.2898616e-03	  -2.0950173e-05	   1.9376240e-13	   2.2382190e+02	
  -1.9838083e-03	   1.8661650e-05	  -4.8716195e-04	   1.2281683e-05	  -7.8264813e-13	   2.2389282e+02	
   1.6584553e-03	   1.4965976e-05	   1.5901555e-03	  -1.1283075e-06	  -1.7476609e-13	   2.2388257e+02	
  -4.1290001e-04	  -1.6205813e-05	  -1.0431288e-05	  -1.3441711e-06	  -4.0652112e-13	   2.2400987e+02	
  -5.9969669e-04	  -1.8874793e-05	  -2.3457901e-03	  -4.0253363e-05	   1.3677346e-13	   2.2383769e+02	
  -3.7968380e-04	   1.4048202e-06	   2.2302812e-04	   7.0988356e-06	  -1.2993479e-12	   2.2395480e+02	
   9.0875889e-04	   7.6318356e-05	  -4.7612641e-05	  -4.7923539e-05	   5.8888573e-13	   2.2375206e+02	
  -6.0282470e-04	  -1.8586310e-05	  -1.5455369e-03	  -2.6160135e-06	  -3.1913807e-13	   2.2387163e+02	
  -1.0787567e-03	  -1.0889711e-05	   6.9126755e-04	   3.6512883e-05	   1.7856535e-13	   2.2382403e+02	
   2.4848262e-03	  -9.0368434e-05	   3.3642532e-03	  -1.5705363e-04	   1.5235043e-12	   2.2361309e+02	
  -1.0556571e-03	  -3.3844394e-05	  -1.7186652e-03	  -3.0451902e-05	  -3.7992628e-15	   2.2385200e+02	
  -1.4902602e-03	   2.3454273e-05	   1.2504587e-03	   5.5757315e-06	  -6.6107172e-13	   2.2389349e+02	
  -1.4874884e-03	   1.7664271e-06	   2.0044490e-03	   1.7114723e-05	  -7.2185992e-14	   2.2387515e+02	
  -1.6144874e-03	   8.3351312e-06	  -9.8048870e-05	   1.3818590e-05	  -9.3461864e-13	   2.2389844e+02	
  -3.6440995e-05	  -4.2352222e-05	  -9.6019723e-04	  -2.6165919e-05	   3.1533881e-13	   2.2381180e+02	
   2.3105015e-04	   1.0715403e-05	   2.2719974e-03	  -3.5283865e-05	  -6.0408278e-13	   2.2388912e+02	
  -2.4009075e-03	  -2.3790876e-05	   1.6600221e-04	   1.2598456e-05	  -1.8996314e-14	   2.2386425e+02	
  -1.0087121e-03	  -3.7520611e-05	   2.6175179e-03	   1.3938631e-04	   9.1562233e-13	   2.2366376e+02	
   1.7387130e-03	   6.4956541e-06	  -1.5861396e-03	  -2.4842462e-05	  -1.2917493e-13	   2.2387362e+02	
   1.0259185e-04	  -1.2097152e-05	  -8.0140054e-04	  -2.8327813e-05	  -1.3297420e-12	   2.2393584e+02	
  -4.3082933e-03	  -5.4302473e-05	  -1.7935657e-03	  -3.1529210e-06	   5.8128720e-13	   2.2376718e+02	
  -8.0636462e-04	  -1.3037964e-05	   5.0127327e-04	   2.9359104e-05	  -1.2727531e-12	   2.2393278e+02	
  -5.8120625e-04	  -3.4653134e-05	  -1.1317147e-03	  -9.7361501e-06	   2.2795577e-13	   2.2381558e+02	
  -3.9339145e-04	   2.5282694e-05	   8.0169044e-04	   3.5953791e-05	  -4.5971079e-13	   2.2390750e+02	
   1.5506149e-03	   1.1322606e-05	  -1.0295982e-03	  -3.0572224e-05	  -3.7992628e-15	   2.2385496e+02	
   2.0593755e-03	  -3.2357392e-05	  -6.7982257e-04	  -2.6068394e-06	  -7.5605329e-13	   2.2388441e+02	
  -7.9048818e-04	  -4.1310290e-05	   5.8773213e-05	   2.2740772e-05	   5.6609015e-13	   2.2375409e+02	
   1.7727655e-03	  -4.4000666e-05	  -1.7350418e-03	   2.7146387e-05	  -6.1168130e-13	   2.2388132e+02	
   5.2611193e-04	   4.2260602e-05	   7.0044577e-04	  -6.4882445e-06	   3.2673660e-13	   2.2380779e+02	
  -5.7843072e-04	   4.0706720e-05	   4.0693365e-03	  -1.4684812e-04	   1.5614970e-12	   2.2359346e+02	
  -1.8221092e-03	  -2.9531408e-05	  -7.0382796e-04	   5.1260725e-06	  -1.1397788e-14	   2.2385951e+02	
   1.8320470e-04	   1.4837413e-05	   1.7849803e-03	  -1.4813670e-05	  -9.1562233e-13	   2.2389316e+02	
  -2.1992397e-03	  -3.4598412e-05	   2.9919304e-04	   1.6712985e-05	  -1.1397788e-14	   2.2385803e+02	
   4.8074088e-04	   1.0173513e-06	  -1.0774700e-03	  -3.0055781e-05	  -1.2613552e-12	   2.2391543e+02	
   2.9874002e-03	   4.7503370e-05	   3.5904818e-03	   3.5071907e-05	   5.5089310e-13	   2.2377036e+02	
   2.5266896e-04	  -4.1324605e-06	  -1.1463826e-03	  -2.9856023e-05	  -1.2651545e-12	   2.2391607e+02	
   7.5335952e-04	   3.2950036e-05	  -3.5158662e-06	  -1.8416273e-05	   4.5591153e-13	   2.2377531e+02	
   6.2238006e-04	  -8.4092793e-06	  -7.1871758e-04	  -1.8670489e-05	  -1.1967678e-12	   2.2393625e+02	
  -4.1969050e-03	  -7.2596442e-05	  -1.5234494e-03	  -7.1044726e-06	   2.8874397e-13	   2.2380754e+02	
  -9.2526001e-04	  -1.7365459e-05	   3.3652697e-04	   2.5832096e-05	  -1.2575560e-12	   2.2393049e+02	
  -7.5937753e-04	   9.1861181e-06	   2.0558542e-03	   2.1025660e-05	  -1.2917493e-13	   2.2387723e+02	
  -1.6875142e-03	  -9.1717375e-05	  -2.4206753e-03	  -9.8698366e-05	   1.0523957e-12	   2.2363511e+02	
   7.0173586e-04	  -4.2269247e-06	  -2.3004649e-03	  -3.4129382e-05	   2.2795577e-14	   2.2385648e+02	
   7.4143323e-04	   5.2762831e-06	   1.7514912e-03	  -2.1103013e-05	  -8.5103486e-13	   2.2388895e+02	
  -8.3976594e-04	  -3.8298466e-05	  -9.1721423e-04	  -1.7605592e-06	   2.3175503e-13	   2.2381448e+02	
   4.8600205e-03	  -1.5626946e-04	   6.7779124e-04	  -4.0812615e-05	   1.0258009e-12	   2.2374257e+02	
   2.1152136e-03	  -5.6249436e-06	   1.3412695e-03	  -1.2385152e-05	  -1.3677346e-13	   2.2388967e+02	
  -2.6890231e-03	  -1.3801473e-04	  -2.3656188e-04	   7.2506459e-06	   1.0941877e-12	   2.2362245e+02	
   5.3082055e-04	   1.6922535e-05	   1.0777939e-03	   3.0001712e-05	   1.2081656e-12	   2.2360814e+02	
  -1.4286101e-03	   3.1967756e-05	   1.6980015e-03	  -1.1418066e-05	  -6.3447688e-13	   2.2388861e+02	
   3.9895787e-03	   8.9139532e-05	   1.3184917e-03	   1.3390420e-05	   8.8142896e-13	   2.2370544e+02	
   8.4278884e-04	   6.4265834e-05	   2.2730831e-03	   1.3038634e-04	   6.7246951e-13	   2.2371069e+02	
   9.6184204e-04	   3.2503772e-05	  -4.3453470e-04	  -3.2140452e-05	   3.6852849e-13	   2.2379779e+02	
   1.4076078e-03	  -1.6046977e-05	   1.8993321e-03	  -3.9514991e-05	  -6.3827614e-13	   2.2388419e+02	
   9.1876867e-04	  -4.3353642e-06	  -2.3097089e-03	  -2.4964739e-05	  -1.1397788e-14	   2.2386484e+02	
   1.4275074e-03	  -4.9497483e-06	   1.1027633e-03	  -1.7654991e-05	  -8.8522822e-13	   2.2389351e+02	
   2.5874599e-03	   7.5778334e-05	   2.8030534e-03	   5.9597605e-05	   8.7383043e-14	   2.2383124e+02	
  -2.2931082e-03	   3.9226990e-05	   3.3417806e-04	   6.8986653e-06	  -5.8508647e-13	   2.2388552e+02	
   4.4584991e-03	   2.8225011e-05	   1.7945885e-03	  -5.1491563e-06	   7.2185992e-13	   2.2375263e+02	
   2.1505888e-03	  -3.1746895e-05	  -3.5226360e-04	  -7.0934741e-06	  -7.4845476e-13	   2.2388501e+02	
  -4.1841628e-04	  -2.8317833e-05	  -1.7505584e-03	  -5.2565094e-05	   3.1913807e-13	   2.2379689e+02	
   4.3630012e-03	  -2.2166151e-04	   2.3025065e-04	  -3.4121604e-05	   1.3905302e-12	   2.2366341e+02	
   8.8427971e-04	  -4.8486398e-06	  -1.6269528e-03	  -3.5414614e-05	   3.4193365e-14	   2.2384916e+02	
   8.6582760e-04	   1.0774398e-05	   1.0715451e-03	  -1.2761573e-05	  -1.0485965e-12	   2.2389889e+02	
   1.3612539e-03	   2.3087004e-05	  -1.4978787e-03	  -4.6674694e-05	   9.1182306e-14	   2.2383758e+02	
   2.1322559e-03	  -2.7614035e-05	   4.9244798e-04	  -1.7682867e-05	  -7.4085624e-13	   2.2388312e+02	
   1.2410097e-03	   2.5719429e-05	   2.0452576e-03	   2.8086475e-05	   5.3189679e-14	   2.2385180e+02	
   1.0355924e-04	  -8.0408166e-06	  -1.1359468e-03	  -2.9794868e-05	  -1.2689538e-12	   2.2391584e+02	
   1.8287649e-03	  -1.4381883e-05	   1.8380809e-03	  -2.5838790e-05	  -2.7354692e-13	   2.2389730e+02	
   7.5551686e-05	  -9.6248199e-06	  -9.6785635e-04	  -3.1486030e-05	  -1.3107456e-12	   2.2392973e+02	
   8.8236029e-04	   2.0827045e-05	   4.1891612e-04	   6.6439697e-06	   1.4703147e-12	   2.2355417e+02	
   1.9677206e-03	   9.0790316e-05	  -1.7864418e-03	  -1.0867474e-04	   9.6121348e-13	   2.2365309e+02	
   8.9843395e-04	   3.1452269e-05	   1.2132890e-03	   1.0571343e-05	   9.1182306e-14	   2.2383953e+02	
  -1.3129194e-03	   1.0960448e-05	  -1.8683698e-03	   3.3484317e-05	  -6.0028352e-13	   2.2388589e+02	
  -3.7767263e-04	   1.1418683e-05	   2.3375246e-03	   1.5095363e-05	  -1.4817125e-13	   2.2388081e+02	
  -1.0108839e-03	  -5.6846205e-06	  -3.1552876e-04	   1.3932293e-05	  -1.1245818e-12	   2.2392171e+02	
   2.1541868e-04	  -1.0238583e-05	  -2.1884190e-04	  -1.3019675e-05	   1.4741140e-12	   2.2354063e+02	
   4.2407812e-03	   5.4938593e-06	  -1.7191451e-03	  -2.0245762e-05	   9.0422454e-13	   2.2370325e+02	
   4.5970170e-04	  -1.8178128e-06	  -1.9770875e-03	  -5.8668946e-05	   2.2795577e-13	   2.2381632e+02	
  -1.1484434e-03	   1.6263116e-05	  -4.0030576e-03	   1.2797984e-04	   1.5273036e-12	   2.2359290e+02	
  -2.2133237e-03	  -3.5474958e-05	   1.1294233e-03	   2.7780013e-05	   1.7476609e-13	   2.2383562e+02	
   4.1211104e-04	  -1.5047450e-06	  -2.7124044e-04	  -1.0290256e-05	  -1.3107456e-12	   2.2395143e+02	
  -4.4326862e-04	  -3.2053293e-05	  -1.5161432e-03	  -4.9549719e-05	   3.8752480e-13	   2.2378728e+02	
  -7.8985532e-04	  -1.5731959e-05	  -6.0446788e-04	   1.0496402e-05	  -1.1625744e-12	   2.2393136e+02	
   4.4990595e-03	   1.3878811e-05	  -1.7647194e-03	  -2.3042461e-05	   7.0286361e-13	   2.2375644e+02	
  -2.2574924e-03	   3.6309942e-05	  -7.0172809e-04	   2.1633466e-05	  -6.0408278e-13	   2.2388294e+02	
   1.6863494e-03	  -4.9220219e-06	  -1.6654859e-03	  -1.7011362e-05	  -1.4817125e-13	   2.2388143e+02	
  -7.2708500e-04	   2.1059812e-05	  -4.6011675e-04	   2.9559058e-05	  -4.0310177e-12	   2.2407132e+02	
   3.3688644e-04	  -5.0275802e-06	  -1.5267086e-03	  -5.8789218e-05	   3.1533881e-13	   2.2379967e+02	
  -1.6119510e-03	   2.8830523e-05	   1.2994442e-03	   1.8174199e-08	  -6.8386730e-13	   2.2388664e+02	
   5.8919017e-05	  -8.9997878e-06	  -2.4947638e-03	  -4.1057083e-05	   1.5576977e-13	   2.2383797e+02	
  -3.2047076e-03	  -2.6186410e-05	  -3.1046639e-03	  -8.7004105e-07	   9.4601643e-13	   2.2369305e+02	
   2.3850610e-03	   5.0199181e-05	   8.7016731e-04	   1.4447173e-05	   4.4071448e-13	   2.2378906e+02	
   5.2612665e-04	  -1.7674673e-05	  -1.1841368e-03	  -2.6929258e-05	  -1.2917493e-13	   2.2385713e+02	
  -1.0595169e-03	  -2.8019406e-05	  -2.0948098e-03	  -3.1142638e-05	   1.2917493e-13	   2.2384118e+02	
   1.5098319e-03	  -1.9307871e-05	   1.8678172e-03	  -3.9697065e-05	  -6.1927983e-13	   2.2388270e+02	
   5.7046636e-04	   1.7276594e-05	   2.1435582e-03	   1.4482700e-05	  -1.0637936e-13	   2.2387484e+02	
   5.5504295e-04	   8.7939995e-06	   2.0072024e-03	  -2.7632905e-05	  -7.1806066e-13	   2.2388120e+02	
  -4.4680296e-03	  -5.1356583e-05	   1.2211545e-03	   3.2888225e-05	   3.7992628e-13	   2.2379728e+02	
   1.7505665e-03	   7.8290169e-05	  -2.0541404e-03	  -1.2113979e-04	   6.1927983e-13	   2.2372270e+02	
  -6.2113909e-04	  -3.9666320e-05	  -1.3315613e-03	  -4.2966218e-05	   3.5333144e-13	   2.2379153e+02	
   2.5962631e-04	  -1.3374998e-05	  -7.2130740e-04	  -2.2284181e-05	  -1.2803515e-12	   2.2393132e+02	
  -3.7948822e-04	   9.4063259e-06	   1.1133880e-05	  -7.5552885e-07	   2.5417067e-12	   2.2322037e+02	
  -2.1316215e-03	   3.0471992e-05	   3.6360685e-04	   9.1609565e-06	  -6.8766656e-13	   2.2388558e+02	
  -2.0024872e-03	  -2.3485809e-05	   1.5252124e-03	   2.9715676e-05	   1.3297420e-13	   2.2384458e+02	
  -7.1892237e-04	   2.3381793e-05	   1.8857369e-03	  -1.4201567e-05	  -7.9024665e-13	   2.2388036e+02	
  -7.8816985e-04	  -4.0156236e-05	   4.7476752e-06	   2.0128720e-05	   6.7246951e-13	   2.2373378e+02	
  -9.7675120e-04	  -3.8831164e-05	   2.5053843e-03	   1.4113302e-04	   8.0544371e-13	   2.2368435e+02	
  -4.7997726e-04	  -3.8588594e-05	  -1.1967110e-03	  -4.2428583e-05	   4.9010490e-13	   2.2376535e+02	
  -4.6144595e-04	  -6.6449741e-06	  -2.1699895e-03	   3.1409154e-05	  -6.3827614e-13	   2.2388728e+02	
   8.8794748e-04	   1.6447093e-05	   2.1847710e-03	   1.0980034e-05	  -1.2537567e-13	   2.2387787e+02	
   1.6305021e-03	  -1.8554272e-05	   1.6456397e-03	  -3.3944525e-05	  -6.4587467e-13	   2.2388321e+02	
   8.7962248e-05	   1.5651092e-05	   2.1262360e-03	   1.9973595e-05	  -9.1182306e-14	   2.2387276e+02	
   9.3583713e-04	   1.0470003e-05	   4.8660386e-04	  -1.4201074e-05	  -1.1511767e-12	   2.2391253e+02	
   8.5414151e-04	   2.7370011e-05	  -3.3753786e-04	  -2.9310482e-05	   5.6229089e-13	   2.2375908e+02	
   7.5141715e-04	   6.8260698e-05	   1.6888217e-03	   1.0844669e-04	   3.4953217e-13	   2.2377000e+02	
  -2.5177434e-04	   4.7574378e-06	  -1.0012168e-04	  -4.9746525e-06	   2.9292316e-12	   2.2307512e+02	
   2.9797472e-03	  -1.5649803e-04	  -3.0625037e-03	   1.2944931e-04	   1.4741140e-12	   2.2363129e+02	
  -1.0064159e-03	  -4.8026130e-06	   2.0712516e-03	   3.9354909e-05	   0.0000000e+00	   2.2385723e+02	
   2.0919027e-03	  -2.4887362e-05	   1.4293749e-04	  -1.5474993e-05	  -7.1806066e-13	   2.2388202e+02	
   7.6140789e-05	   1.5396594e-05	   4.7285258e-03	   4.4401997e-05	   6.0408278e-13	   2.2376718e+02	
   4.7055854e-04	  -1.2604790e-05	  -8.5978851e-04	  -1.7538971e-05	  -1.1891692e-12	   2.2392936e+02	
  -9.5217822e-04	  -3.1558695e-05	   1.1900025e-03	   8.7075324e-05	  -6.3067762e-13	   2.2393218e+02	
   1.7521015e-03	  -3.6140482e-05	  -1.5173618e-03	   1.2816659e-05	  -6.0408278e-13	   2.2388519e+02	
  -9.5271697e-04	  -4.4651122e-05	  -1.0899708e-03	  -2.9860592e-05	   4.4451374e-13	   2.2377564e+02	
   1.5408691e-03	  -7.8903834e-06	   1.0513890e-03	  -1.3558234e-05	  -8.3203854e-13	   2.2388239e+02	
   9.4756434e-04	   2.4104964e-05	   1.4907651e-03	   1.0020568e-05	  -3.0394102e-14	   2.2385924e+02	
   2.0651864e-03	   1.1909193e-04	  -6.7348138e-04	  -6.1817471e-05	   3.6472923e-13	   2.2376779e+02	
   1.3713804e-03	   4.2257612e-05	  -5.5763856e-04	  -3.1680680e-05	   4.0272185e-13	   2.2378341e+02	
  -1.4880743e-03	   3.2608270e-05	   1.6511929e-03	  -1.1087546e-05	  -6.5727246e-13	   2.2388482e+02	
   1.9592537e-03	   1.1694637e-06	   1.2669927e-03	  -1.1216389e-05	  -2.0516019e-13	   2.2388959e+02	
   2.6406591e-03	  -6.7225592e-05	   4.3618582e-04	  -1.9279367e-05	  -5.5469236e-13	   2.2387597e+02	
  -8.2361636e-04	  -3.9710154e-05	  -2.2381516e-04	   7.6203446e-06	   7.1426140e-13	   2.2372877e+02	
   1.8060032e-03	   1.1964921e-04	   1.5131756e-03	   7.8655361e-05	   5.7748794e-13	   2.2372994e+02	
   2.3171947e-03	   2.9876824e-05	   4.1243687e-04	  -5.1884756e-06	  -3.4193365e-14	   2.2386366e+02	
  -9.6334127e-04	   2.8791060e-05	   2.0129143e-03	  -2.0757960e-05	  -6.8006803e-13	   2.2388192e+02	
  -3.6194438e-04	  -1.7782948e-05	  -9.8472439e-04	  -2.6818020e-05	   1.1321803e-12	   2.2363939e+02	
  -5.2319323e-05	   1.3801681e-05	   3.4839107e-03	   6.3752410e-05	   1.5159059e-12	   2.2354452e+02	
   4.1422727e-04	  -4.0620087e-06	  -1.1782158e-03	  -8.6412463e-05	  -8.3203854e-13	   2.2396419e+02	
  -7.8965349e-04	  -1.1396142e-05	  -1.6836199e-04	   1.7011168e-05	  -1.2157641e-12	   2.2393509e+02	
  -2.1111957e-03	  -2.3428833e-05	   1.2383059e-03	   2.6287702e-05	   9.4981569e-14	   2.2385069e+02	
   1.1340369e-03	   1.1852712e-05	   1.0355014e-03	  -1.5698037e-05	  -6.7626877e-13	   2.2389983e+02	
   2.9836096e-03	   4.5353525e-05	   3.5051765e-03	   3.1153969e-05	   2.1275871e-13	   2.2381687e+02	
  -6.5371966e-04	   2.4833349e-05	   1.9859563e-03	  -1.6384484e-05	  -7.0286361e-13	   2.2388186e+02	
   5.2344082e-04	   1.5255254e-05	   2.3889132e-03	   2.8231379e-05	   3.0394102e-14	   2.2385903e+02	
  -1.1622682e-05	   3.4564826e-05	   1.1060142e-03	   1.7189665e-05	  -5.5089310e-13	   2.2390094e+02	
   1.2678343e-03	   2.7509639e-05	   2.0853117e-03	   3.3648173e-05	   1.2537567e-13	   2.2384235e+02	
   1.4783141e-03	   7.2631788e-05	  -1.7031780e-03	  -1.1559071e-04	   4.0652112e-13	   2.2376114e+02	
  -1.4367056e-03	  -1.4218941e-05	   1.1387571e-03	   3.4488859e-05	   6.0788204e-14	   2.2384666e+02	
   2.2612107e-03	  -3.5246758e-05	  -2.1705479e-04	  -8.8427344e-06	  -6.8386730e-13	   2.2388214e+02	
   7.1089613e-04	   3.3789740e-05	  -1.9967066e-04	  -3.0950814e-05	   7.9404592e-13	   2.2370585e+02	
   2.0407249e-04	  -6.8552825e-06	  -9.1626130e-04	  -3.1518328e-05	  -1.3031472e-12	   2.2392300e+02	
  -9.9382410e-04	  -7.7129010e-06	   2.0386498e-03	   4.4826171e-05	   6.4587467e-14	   2.2384715e+02	
  -5.2238347e-04	   2.3540495e-05	   2.1602865e-03	  -2.4288687e-05	  -6.4967393e-13	   2.2388515e+02	
   8.9280205e-04	   4.8683043e-05	   5.6123303e-05	  -4.6075744e-05	  -9.7641048e-13	   2.2398120e+02	
   1.1580852e-03	  -1.9628586e-06	   1.4519187e-03	  -2.1057782e-05	  -8.7003117e-13	   2.2388936e+02	
   3.2172673e-04	   2.3919494e-05	   1.5768642e-03	   5.4381606e-05	   3.7992628e-13	   2.2378570e+02	
  -9.3506125e-04	  -1.4666133e-05	   4.1962422e-04	   2.6799112e-05	  -1.2385597e-12	   2.2391730e+02	
   8.0288912e-04	   1.6887854e-05	   2.2126051e-03	   1.3725713e-05	  -1.0637936e-13	   2.2387582e+02	
   2.3734735e-03	   1.0760560e-04	  -1.5918587e-03	  -9.4472507e-05	   7.3705698e-13	   2.2370065e+02	
   2.2276165e-03	   4.9940528e-05	   5.4362412e-04	   7.8608248e-06	   7.1046214e-13	   2.2373720e+02	
  -1.0587727e-03	   2.4492943e-05	   1.8860352e-03	  -1.0586419e-05	  -5.5089310e-13	   2.2388797e+02	
  -7.6649440e-04	  -4.1454092e-05	   1.7899090e-04	   2.9941162e-05	   8.5103486e-13	   2.2369480e+02	
   1.2670318e-03	   4.0659621e-06	   2.6949495e-06	  -2.3583482e-05	  -6.0788204e-13	   2.2390355e+02	
   5.3056809e-04	  -7.3410682e-06	  -2.2701895e-03	  -3.4913803e-05	  -3.7992628e-15	   2.2385891e+02	
  -1.1158681e-03	  -1.2721276e-05	  -1.0363454e-03	   1.3992004e-05	  -6.3447688e-13	   2.2389758e+02	
   4.1032425e-04	   9.1140106e-06	  -5.1455081e-04	  -4.4657005e-05	   8.4343633e-13	   2.2369425e+02	
  -2.3741075e-03	  -1.3540731e-04	   5.8851648e-04	   5.4009277e-05	   6.9526509e-13	   2.2370609e+02	
  -2.5923810e-04	  -1.7667957e-05	  -2.3105363e-03	  -1.9848813e-05	  -2.2795577e-14	   2.2386492e+02	
   8.5336568e-04	  -1.1634313e-06	  -5.0761380e-04	  -7.5676619e-06	  -1.1055855e-12	   2.2392388e+02	
   2.3200704e-03	   2.1267447e-05	   4.2573608e-04	  -7.5545315e-06	  -5.6988941e-14	   2.2387040e+02	
   7.4937577e-04	   1.2323013e-05	   1.1498794e-03	  -1.0902832e-05	  -1.0523957e-12	   2.2390171e+02	
   6.6953684e-04	   3.8030466e-05	   9.8000023e-04	   3.0221834e-05	   5.6609015e-13	   2.2374979e+02	
   4.3042442e-04	   1.2997428e-05	   1.6810741e-03	  -1.6219449e-05	  -8.9662601e-13	   2.2388263e+02	
  -3.7791444e-04	   1.9634115e-05	   1.0194937e-03	   3.6375164e-05	   3.3433512e-13	   2.2379828e+02	
   1.6346014e-03	  -9.5110748e-06	   1.1887987e-03	  -2.3705685e-05	  -7.1806066e-13	   2.2388278e+02	
   1.4912677e-03	   3.2988915e-05	   1.0053736e-03	   4.7125681e-06	   7.2185992e-14	   2.2384396e+02	
  -2.5004759e-05	  -1.1754747e-05	  -1.0990762e-03	  -2.9350733e-05	  -1.2689538e-12	   2.2391445e+02	
   9.5607648e-04	   2.0143930e-05	   2.1496550e-03	   1.9532923e-05	  -4.9390416e-14	   2.2386750e+02	
  -1.3342023e-03	   1.3299129e-05	  -1.9205470e-03	   3.4973325e-05	  -5.8508647e-13	   2.2388118e+02	
  -1.1328680e-03	  -2.7855027e-05	  -1.7539166e-03	  -1.4273266e-05	   3.7992628e-14	   2.2385632e+02	
  -2.9114215e-03	  -4.9685223e-05	  -2.1062019e-03	  -1.2915238e-05	   1.5083073e-12	   2.2355082e+02	
   2.1739118e-04	   1.4320964e-05	   2.3470863e-03	   2.7326732e-05	  -3.7992628e-14	   2.2386580e+02	
  -3.1412309e-04	   1.9971463e-05	   1.7410009e-03	  -9.3692135e-06	  -8.9282675e-13	   2.2388308e+02	
   5.0383406e-04	  -1.8641986e-05	  -1.0078548e-03	  -3.7554743e-05	   3.0394102e-13	   2.2380965e+02	
  -8.6952595e-04	  -1.5257632e-05	   3.7177864e-04	   2.7400840e-05	  -1.2499574e-12	   2.2392261e+02	
   2.9347798e-04	  -2.5110361e-05	  -1.1109431e-03	  -3.0706422e-05	   2.8874397e-13	   2.2381038e+02	
   9.2116716e-04	  -2.4793393e-05	  -1.9860425e-03	   1.6085740e-05	  -6.0408278e-13	   2.2388697e+02	
   1.9948269e-04	   1.0373484e-05	   2.5297301e-03	   3.7789727e-05	   1.3677346e-13	   2.2384470e+02	
   4.7327368e-04	  -2.8094987e-07	  -1.1248225e-03	  -2.8265931e-05	  -1.2347603e-12	   2.2390006e+02	
  -7.9837953e-04	  -1.0488390e-05	   3.9710555e-04	   9.0460460e-06	   1.8236461e-12	   2.2346258e+02	
  -4.3032191e-03	   2.1357520e-04	  -1.5163301e-03	   9.7032902e-05	   1.2043662e-12	   2.2371889e+02	
  -4.0118122e-05	  -1.7247671e-05	  -1.9394765e-04	  -5.7042227e-06	   2.2415650e-12	   2.2331624e+02	
   8.8005131e-05	  -3.9056515e-05	  -7.6597534e-04	  -4.5242621e-05	  -2.7734618e-13	   2.2388353e+02	
   2.0059055e-03	   2.4418159e-05	   8.1771143e-04	  -3.1523107e-06	  -4.1791890e-14	   2.2386707e+02	
   6.2060329e-04	   3.1493104e-06	   2.2075057e-03	  -3.4172332e-05	  -5.8128720e-13	   2.2388400e+02	
  -3.5065343e-04	   1.3923695e-05	  -7.0417964e-05	  -1.3740853e-06	   2.8114544e-12	   2.2312385e+02	
  -8.8504692e-04	  -1.1723370e-06	  -1.2319328e-03	   5.2343649e-06	  -9.8780832e-13	   2.2390568e+02	
  -1.6864893e-03	  -5.2602031e-05	  -1.0727021e-03	  -2.1029730e-05	   2.6974766e-13	   2.2381086e+02	
  -2.8468910e-04	  -1.5649092e-05	  -1.9268545e-04	   5.3357696e-06	  -1.3639354e-12	   2.2394936e+02	
   1.5921453e-04	  -9.3794536e-06	  -2.6307343e-03	  -1.3907702e-05	   1.4057272e-13	   2.2385357e+02	
   2.2458212e-03	   4.1938412e-05	  -2.6402409e-03	  -7.7198111e-05	   1.3145449e-12	   2.2358589e+02	
  -8.8425746e-04	  -4.2242962e-05	  -1.9497888e-04	   8.7144779e-06	   6.4207541e-13	   2.2374386e+02	
  -4.6655227e-03	   9.0784182e-05	   3.1687505e-04	   1.3250019e-05	   1.0865891e-12	   2.2369900e+02	
   7.7250915e-04	  -6.2829507e-06	  -1.3486556e-03	  -3.8703653e-05	   1.6716756e-13	   2.2383020e+02	
   6.1156402e-04	   6.2344504e-06	  -4.2030923e-04	  -5.7134636e-05	  -3.2673660e-13	   2.2388975e+02	
   2.1908857e-03	   2.0804122e-05	  -9.2170954e-04	  -2.2864462e-05	   1.1397788e-14	   2.2385938e+02	
  -1.1864598e-03	  -9.9579114e-06	  -1.0831439e-03	   1.4863451e-05	  -6.4967393e-13	   2.2389507e+02	
   2.1015609e-04	  -1.3263468e-05	  -4.6582330e-03	  -4.7427933e-05	   2.2795577e-13	   2.2381715e+02	
   2.0137736e-03	  -3.4688157e-05	  -9.6874304e-04	   1.6098711e-06	  -6.8386730e-13	   2.2388098e+02	
   2.3704383e-03	   2.7359958e-05	  -2.1346024e-05	  -1.1568304e-05	   3.7992628e-15	   2.2386079e+02	
  -9.9879540e-04	   2.6732199e-07	  -1.8621426e-03	   2.6436159e-05	  -6.3447688e-13	   2.2388738e+02	
  -1.8496420e-04	  -2.5769194e-05	  -2.4775378e-03	  -7.9546179e-05	  -5.5849163e-13	   2.2391220e+02	
   1.6407208e-03	  -3.1559121e-05	  -4.4040303e-03	   3.7001340e-05	   1.0030054e-12	   2.2369918e+02	
   3.3254202e-03	  -5.8975055e-08	  -3.3027447e-03	  -2.2465805e-05	   1.2157641e-13	   2.2382858e+02	
  -1.4058073e-03	   4.0394431e-06	  -1.7669205e-03	   2.0833413e-05	  -4.5971079e-13	   2.2387083e+02	
  -1.7327062e-04	   7.7326855e-06	   2.3099348e-03	   4.2627624e-05	   7.2185992e-14	   2.2384881e+02	
   8.0503973e-04	   1.3697365e-05	   9.3787521e-04	  -1.1363087e-05	  -1.0751914e-12	   2.2390012e+02	
   1.7732589e-03	   3.9575687e-05	  -1.0859837e-03	  -3.8499737e-05	   2.3175503e-13	   2.2381946e+02	
  -2.5287692e-03	   1.1921781e-04	  -3.2624606e-03	   1.8755224e-04	   1.5652963e-12	   2.2361229e+02	
   3.6289352e-04	  -1.1007040e-05	  -3.3772738e-03	  -5.9262737e-05	  -2.5455060e-13	   2.2387220e+02	
  -1.0197928e-03	   5.4775613e-09	  -1.8388220e-03	   2.5230374e-05	  -6.1927983e-13	   2.2388734e+02	
  -3.7041636e-04	  -3.0505904e-05	  -1.4497365e-03	  -4.8438047e-05	   4.6351006e-13	   2.2377388e+02	
  -1.8518835e-03	   2.2631318e-05	  -1.4096057e-03	   2.8586470e-05	  -5.8888573e-13	   2.2388067e+02	
  -2.2736369e-03	  -4.2997861e-05	  -5.1316563e-04	   4.7193248e-07	   1.4057272e-13	   2.2384010e+02	
   3.5272487e-03	  -7.8743397e-05	   3.1637101e-03	  -9.4252883e-05	   1.1017862e-12	   2.2370922e+02	
   4.7619610e-03	   3.7754878e-05	   7.2637461e-04	  -9.7518580e-06	   6.1168130e-13	   2.2376869e+02	
   4.0822263e-03	   1.1839344e-06	  -5.4822039e-04	  -2.9692379e-05	  -2.3023532e-12	   2.2417647e+02	
   2.2962258e-03	   2.0972220e-05	  -1.2697997e-05	  -1.2654064e-05	  -2.6594839e-14	   2.2386625e+02	
  -3.2827759e-04	  -3.4648873e-06	   2.6894232e-03	   1.4436516e-04	   8.8142896e-13	   2.2366803e+02	
  -4.3118031e-03	  -8.3525083e-05	  -8.8326580e-05	   1.6815915e-05	   7.6745108e-13	   2.2373241e+02	
  -1.4799449e-03	   2.9724833e-05	   1.5141507e-03	  -6.4492653e-06	  -7.1806066e-13	   2.2387987e+02	
  -6.4061224e-05	   8.0604592e-06	   2.5042113e-03	   3.1047173e-05	   7.2185992e-14	   2.2385537e+02	
   1.1130682e-03	  -1.8650752e-05	  -1.3643252e-03	  -9.0484439e-06	  -6.3827614e-13	   2.2389186e+02	
   1.3085500e-03	   2.1481042e-05	  -5.0859139e-04	  -1.8574943e-05	   1.4171250e-12	   2.2356863e+02	
   3.6083658e-03	  -4.4597895e-05	   3.0145376e-03	  -5.9000839e-05	   1.0751914e-12	   2.2369368e+02	
  -1.5078492e-03	  -2.6014323e-05	  -1.2662717e-03	  -3.3965800e-06	   3.7992628e-14	   2.2385533e+02	
  -4.5125259e-04	  -1.8703782e-05	  -1.1425141e-03	   3.8610052e-06	  -1.0941877e-12	   2.2390537e+02	
   8.2592959e-04	   1.5741483e-05	  -1.1782296e-03	  -5.2279102e-05	   4.5211227e-13	   2.2377362e+02	
   1.9362058e-03	  -1.5801074e-05	  -8.7164103e-05	  -1.4806219e-05	  -6.8006803e-13	   2.2388879e+02	
   2.2874485e-03	   4.1348594e-05	  -4.4447717e-04	  -1.7760742e-05	   1.4057272e-13	   2.2383885e+02	
  -4.5417366e-04	  -1.9391715e-05	  -1.1094883e-03	   3.2527887e-06	  -1.1055855e-12	   2.2390621e+02	
  -9.4296481e-05	  -7.4269713e-06	  -9.0122803e-05	  -1.0392070e-05	   2.9862205e-12	   2.2304880e+02	
   1.9987971e-04	   1.6009147e-05	   1.7014434e-03	  -1.2474337e-05	  -9.2322085e-13	   2.2388670e+02	
  -1.0746831e-03	  -4.2775962e-07	   1.9086282e-03	   3.2035928e-05	   1.8996314e-14	   2.2385901e+02	
   1.9403470e-03	  -1.6156572e-05	   3.9441343e-04	  -1.6983300e-05	  -7.3325771e-13	   2.2388051e+02	
   4.2321135e-03	   2.5826331e-05	   1.3627110e-04	  -1.6418035e-05	  -2.2795577e-14	   2.2384114e+02	
  -2.1662743e-04	  -2.1461196e-05	  -1.5771396e-03	   9.8354576e-07	  -6.1168130e-13	   2.2389276e+02	
  -7.1166103e-04	  -1.5876464e-06	   1.9019151e-04	   4.0320759e-05	   5.3569605e-13	   2.2377026e+02	
   1.1119921e-03	   9.2588307e-05	   1.3409111e-03	   8.0214598e-05	   3.1153955e-13	   2.2377719e+02	
  -1.2488460e-03	  -3.4352321e-05	  -5.0060172e-04	   9.6464939e-06	   3.6092996e-13	   2.2379675e+02	
  -7.2335055e-04	  -1.7963105e-05	  -8.6847886e-05	   3.2433207e-05	  -1.8996314e-14	   2.2384490e+02	
   1.6010885e-03	   8.2035709e-05	   1.1448568e-03	   2.6923751e-05	  -7.5985255e-13	   2.2393603e+02	
   9.1328728e-05	   1.6093980e-05	   1.9608234e-03	  -1.8657184e-05	  -7.5985255e-13	   2.2387625e+02	
  -1.1668573e-04	  -4.4037963e-05	  -9.0245195e-04	  -1.4833559e-05	   4.7490785e-13	   2.2378458e+02	
  -1.2446376e-03	   1.8783692e-05	   1.2577352e-03	   1.0463844e-05	  -6.6867025e-13	   2.2389276e+02	
  -3.2635016e-04	  -4.1680709e-05	  -1.0189719e-03	  -1.2656338e-05	   4.2931669e-13	   2.2379079e+02	
   1.1549323e-03	  -3.6909356e-06	   1.8459404e-03	  -2.9252690e-05	  -6.4207541e-13	   2.2388521e+02	
  -1.7239263e-03	  -1.6114227e-05	   1.6275254e-03	   3.1799107e-05	   4.1791890e-14	   2.2385695e+02	
   2.9681357e-03	   1.0841120e-04	   1.3209640e-03	   3.1423793e-05	   1.2081656e-12	   2.2360166e+02	
  -1.0832235e-03	  -4.5820100e-05	  -1.1517690e-03	  -3.0420612e-05	   3.9892259e-13	   2.2378709e+02	
   2.2359740e-03	   3.9319035e-05	  -2.7017067e-03	  -7.5525303e-05	   1.3031472e-12	   2.2358799e+02	
   1.2100484e-03	   1.3990242e-05	  -3.9515425e-03	  -1.0247449e-04	   7.5985255e-13	   2.2373114e+02	
  -6.6123796e-04	  -4.7226930e-06	  -2.0185533e-03	   2.7456022e-05	  -6.5727246e-13	   2.2388501e+02	
   1.6944103e-03	   2.9902687e-05	   1.5997452e-03	   1.5583998e-05	   1.8996314e-14	   2.2385719e+02	
  -1.8958118e-03	  -1.2495803e-04	   3.4219429e-04	   4.5837965e-05	   4.6351006e-13	   2.2374834e+02	
   8.6158680e-04	   2.1602716e-05	   2.0903596e-04	  -2.8969320e-05	   4.0652112e-13	   2.2379589e+02	
  -6.7754728e-04	   2.2035607e-05	   1.7937978e-03	  -2.3754240e-06	  -6.1168130e-13	   2.2389196e+02	
   7.0168132e-04	   3.5002911e-05	   9.5460929e-04	   4.9812963e-06	   3.2673660e-13	   2.2379957e+02	
  -1.6713170e-04	  -2.3439019e-05	  -3.2492153e-03	  -1.0659393e-04	   1.2233626e-12	   2.2359924e+02	
  -7.9412249e-04	  -1.3780204e-05	   2.0739697e-03	   5.5287397e-05	   5.4709384e-13	   2.2376764e+02	
  -6.6046378e-07	  -1.2276069e-05	  -9.7726636e-04	  -3.0167288e-05	  -1.2879501e-12	   2.2391942e+02	
  -1.0224244e-03	  -3.2251213e-06	   1.6629985e-03	   3.8180031e-05	   8.7383043e-14	   2.2384713e+02	
  -3.0208368e-03	  -1.1391046e-04	   4.9219493e-04	   3.6624227e-05	   1.2347603e-12	   2.2359397e+02	
  -1.5250401e-03	  -1.1343212e-04	   6.7832283e-04	   8.0460504e-05	   8.0164444e-13	   2.2370331e+02	
   1.1057928e-03	  -1.1967293e-05	  -9.9833176e-04	  -2.0105401e-05	  -5.8888573e-13	   2.2389591e+02	
  -8.8017990e-04	  -3.8844628e-05	  -1.1041543e-04	   1.1893037e-05	   6.6107172e-13	   2.2374051e+02	
  -9.0682758e-04	   2.6131745e-05	   1.9231570e-03	  -1.2802281e-05	  -6.4967393e-13	   2.2388552e+02	
   2.4808282e-03	   4.0413793e-05	   4.0313749e-03	   3.9338523e-05	   4.0652112e-13	   2.2379564e+02	
   1.5111080e-03	  -5.0367474e-06	   8.8292397e-04	  -1.8005574e-05	  -8.5863338e-13	   2.2388490e+02	
   6.4500826e-04	   2.1600570e-05	   1.9803125e-03	   5.2631039e-05	   6.0028352e-13	   2.2375578e+02	
   3.7944879e-03	  -1.2144709e-05	  -2.5241938e-03	  -1.2246188e-05	   9.8020979e-13	   2.2369082e+02	
   5.4143714e-04	   1.5685344e-05	   2.3424611e-03	   2.9101040e-05	   2.2795577e-14	   2.2386063e+02	
  -3.8344269e-05	   1.1582313e-05	   2.4330868e-03	  -4.1500702e-05	  -6.1927983e-13	   2.2387278e+02	
  -8.1973491e-04	   1.7194566e-06	   2.2520115e-03	   3.0132121e-05	  -1.1397788e-14	   2.2386631e+02	
   2.7676185e-03	   1.1605263e-04	   1.5328493e-03	   4.7256733e-05	   1.1017862e-12	   2.2362278e+02	
   7.6599287e-04	   4.2470623e-05	   3.6735404e-04	  -7.0325928e-07	   7.1426140e-13	   2.2372730e+02	
   2.9148801e-03	   1.3576316e-04	   7.9345763e-04	   2.0441122e-05	   9.4221716e-13	   2.2365808e+02	
  -3.9970709e-04	  -2.8800007e-05	  -1.7007446e-03	  -5.1981162e-05	   3.4573291e-13	   2.2379386e+02	
  -6.2983779e-04	   2.3602924e-05	   2.0098469e-03	  -1.8304214e-05	  -7.2565919e-13	   2.2387564e+02	
  -3.8517882e-03	  -6.1810788e-05	  -2.5188657e-03	  -1.9864450e-05	   3.3433512e-13	   2.2380394e+02	
   7.1562024e-04	   8.7134128e-06	  -8.3434016e-04	  -3.1212807e-05	  -1.2385597e-12	   2.2391085e+02	
  -1.4874844e-03	  -1.8102099e-05	   1.7297487e-03	   3.9579681e-05	   7.9784518e-14	   2.2384861e+02	
  -4.8126762e-04	  -1.5973247e-05	   1.6098638e-03	   1.2219632e-04	   3.5713070e-13	   2.2376928e+02	
   1.1090955e-03	   2.7690368e-05	   4.5410751e-03	   5.4873093e-05	   3.6472923e-13	   2.2380024e+02	
   7.4010039e-04	   1.2734116e-05	   1.1737511e-04	  -1.8696066e-05	  -1.2537567e-12	   2.2392836e+02	
   6.9856512e-04	   3.1906405e-05	   1.2739107e-03	   1.7509923e-05	   2.7734618e-13	   2.2381133e+02	
  -7.3440207e-04	  -5.5755575e-06	  -1.9084687e-03	   2.2238227e-05	  -6.1548057e-13	   2.2388734e+02	
  -8.1935470e-04	  -3.3954563e-05	  -1.0581154e-03	  -5.5018993e-06	   3.8372554e-13	   2.2379237e+02	
   1.0947646e-03	   7.1079026e-05	   2.4474131e-03	   1.2529682e-04	   8.5103486e-13	   2.2367349e+02	
  -7.5187092e-04	  -2.2989607e-05	  -2.1784396e-03	  -2.3620898e-05	   4.9390416e-14	   2.2385478e+02	
  -9.2844208e-04	  -1.0228238e-05	  -6.7102231e-04	   1.3188013e-05	  -1.0561950e-12	   2.2390490e+02	
  -4.2946757e-03	  -6.6313391e-05	  -1.4438599e-03	  -3.5762644e-06	   2.5455060e-13	   2.2381378e+02	
   3.6356045e-04	  -3.2025262e-05	  -4.6091644e-03	   1.7277745e-04	   1.2081656e-12	   2.2369601e+02	
   2.4927116e-03	   7.5199779e-05	   5.0585586e-04	  -8.5334852e-06	  -6.3067762e-13	   2.2391752e+02	
   7.0135469e-04	   1.0125806e-05	   1.4018068e-03	  -1.3943534e-05	  -9.6501274e-13	   2.2388879e+02	
   2.0847628e-04	  -4.9194876e-06	  -1.3088000e-05	  -9.4362469e-06	   3.3927416e-12	   2.2288567e+02	
  -4.4166287e-04	  -2.3080695e-05	  -9.6669607e-04	  -4.7833942e-07	  -1.1435780e-12	   2.2391441e+02	
   7.1653458e-04	   1.7190656e-05	  -1.9050940e-04	  -5.7382768e-05	  -1.1245818e-12	   2.2399177e+02	
   2.5984346e-03	   9.8530472e-05	   1.8855596e-03	   5.3451622e-05	   1.2385597e-12	   2.2359315e+02	
  -8.0712219e-04	  -8.4480592e-06	   4.9829136e-05	   3.4654609e-05	   5.4709384e-13	   2.2377102e+02	
   1.7824358e-03	  -1.7331626e-05	   1.2552940e-03	  -2.5742822e-05	  -6.9526509e-13	   2.2387895e+02	
   1.4199198e-03	  -1.7436383e-05	   2.7849956e-05	  -2.5367434e-05	  -1.0903885e-12	   2.2396615e+02	
  -9.4730263e-04	  -2.0343823e-05	   1.3932049e-04	   2.2946637e-05	  -1.2271619e-12	   2.2392130e+02	
  -1.9975021e-04	  -3.0451134e-06	   8.0263160e-04	   2.7104452e-05	   1.0371987e-12	   2.2365536e+02	
  -3.9622047e-04	  -4.1094958e-05	  -9.2780002e-04	  -5.2250664e-06	  -4.0272185e-13	   2.2389771e+02	
  -1.0733469e-03	  -1.4584706e-05	   2.8705012e-04	   3.0212917e-05	   4.9010490e-13	   2.2377129e+02	
   7.0997136e-04	  -2.0367889e-07	   2.2524880e-03	  -3.7586037e-05	  -5.8128720e-13	   2.2387871e+02	
  -1.9460274e-03	  -4.7019967e-05	   6.7686952e-04	   2.8707625e-05	   1.8616388e-13	   2.2382879e+02	
   3.2920490e-03	   1.1207402e-04	   4.7910422e-04	   4.1445439e-08	   1.1625744e-12	   2.2361268e+02	
  -1.1595211e-03	  -8.3469798e-06	   1.9753251e-03	   3.9539129e-05	   4.5591153e-14	   2.2385359e+02	
  -2.6783420e-03	   2.2729024e-04	   2.8483166e-03	  -2.0752677e-04	   1.6260845e-12	   2.2362029e+02	
  -1.6978413e-03	  -2.8335102e-05	   7.3716573e-04	   3.0506704e-05	   2.0136093e-13	   2.2382650e+02	
  -6.3391489e-04	  -2.5103326e-05	  -7.9551749e-04	   2.6597079e-06	  -1.1625744e-12	   2.2391760e+02	
   1.6834516e-03	   3.7071622e-05	   8.2985461e-04	   3.4649162e-06	   1.6716756e-13	   2.2383173e+02	
  -3.4525464e-03	   1.5465345e-04	  -1.6883839e-03	   9.8829590e-05	   1.8008505e-12	   2.2352779e+02	
   2.6285263e-04	  -7.9359637e-06	  -3.3711268e-05	  -1.4586505e-05	   3.0432094e-12	   2.2303117e+02	
   7.1147943e-04	   3.3043034e-05	  -1.2582226e-03	  -1.1574243e-04	   6.4967393e-13	   2.2372208e+02	
   3.1469319e-04	  -1.8430116e-05	  -1.5935237e-04	  -9.3558403e-06	   3.0242132e-12	   2.2304084e+02	
   7.7580514e-04	   1.5174892e-05	  -2.2445610e-04	  -2.5814539e-05	  -1.2499574e-12	   2.2392364e+02	
   4.7465081e-04	  -4.2808686e-06	  -2.3882088e-03	  -3.9329949e-05	   1.2917493e-13	   2.2384435e+02	
  -1.5712958e-03	   4.8126855e-06	  -4.9928382e-04	   1.6260065e-05	  -8.4723560e-13	   2.2388760e+02	
   1.3853836e-03	   4.8788843e-05	   1.1757417e-04	  -7.6380586e-06	   4.1411964e-13	   2.2378018e+02	
   8.5958088e-04	   4.4999033e-05	   4.2843784e-05	  -3.9922066e-05	  -2.9634250e-13	   2.2388496e+02	
  -4.5028861e-03	  -6.2244042e-05	  -1.9073587e-04	   1.5511399e-05	   2.1655798e-13	   2.2381901e+02	
  -6.5729929e-04	  -1.6257049e-05	  -4.4093038e-03	   3.2307224e-06	   1.0447973e-12	   2.2367668e+02	
  -7.3729394e-04	  -3.3478619e-06	   1.0502976e-04	   3.7774614e-05	   6.5727246e-13	   2.2374728e+02	
   5.6119448e-04	  -7.9290506e-06	  -1.1515797e-03	  -4.1535852e-06	  -1.0447973e-12	   2.2391108e+02	
   8.2222092e-04	   2.5213710e-05	   1.3640583e-03	   1.2666630e-05	   1.5956904e-13	   2.2383470e+02	
  -1.0702566e-03	  -2.3515231e-05	  -7.0265562e-04	   7.6052154e-06	  -1.3677346e-13	   2.2385499e+02	
  -4.3847980e-04	   1.0211763e-05	  -3.1561064e-04	   6.5530266e-06	   2.4695208e-12	   2.2325186e+02	
   4.1947714e-04	   1.3147312e-06	   2.6388396e-06	  -5.8214966e-06	  -1.3677346e-12	   2.2393599e+02	
  -1.9712528e-04	   2.1420466e-06	   2.8476140e-05	   2.7085207e-06	   3.0394102e-12	   2.2303222e+02	
  -8.4278283e-04	  -3.9641835e-06	  -1.8622568e-03	   2.1237441e-05	  -5.9268499e-13	   2.2388623e+02	
   9.0231831e-04	   2.7604836e-05	   8.7112389e-04	   2.1493404e-05	   1.0675928e-12	   2.2364427e+02	
  -5.3909626e-05	   1.2803363e-06	  -1.2776875e-04	  -9.2823295e-06	  -1.4551177e-12	   2.2394304e+02	
   1.0644269e-03	   2.4108814e-05	   2.0331280e-03	   2.9674262e-05	   3.0394102e-14	   2.2385607e+02	
   7.4851322e-07	  -1.8224391e-05	  -1.3803085e-03	  -3.5173093e-07	  -9.9540684e-13	   2.2389768e+02	
  -1.7306898e-03	  -5.1893749e-05	  -2.6495181e-04	  -1.5663502e-06	   7.9404592e-13	   2.2370897e+02	
   1.2047538e-03	  -3.7784312e-06	   1.7712351e-03	  -2.7449453e-05	  -6.4967393e-13	   2.2388388e+02	
  -1.4915184e-03	  -1.8258387e-05	   1.6834444e-03	   3.8874954e-05	   5.6988941e-14	   2.2385149e+02	
  -2.1026987e-04	  -1.1377864e-05	  -2.0548980e-03	   2.4385908e-05	  -7.2565919e-13	   2.2387942e+02	
  -5.3254859e-04	   8.5777462e-06	   1.2849540e-03	   3.3759066e-05	   5.0150268e-13	   2.2377086e+02	
  -2.6536508e-03	  -8.0845079e-05	   1.7519606e-03	   7.2901046e-05	   1.2841508e-12	   2.2358309e+02	
  -1.5415099e-03	  -1.4704026e-05	   1.6854406e-03	   3.5262954e-05	   2.6594839e-14	   2.2385683e+02	
  -4.9480082e-04	   1.9595498e-05	   2.0046914e-03	  -1.0825423e-05	  -5.5849163e-13	   2.2388533e+02	
  -3.2230480e-03	  -6.0676565e-05	  -3.1644849e-03	  -3.6191265e-05	   2.7734618e-13	   2.2381200e+02	
   1.1794158e-03	  -2.3031213e-05	  -1.5060645e-03	   5.4436977e-06	  -8.1684149e-13	   2.2388116e+02	
  -7.8727131e-04	  -2.5911139e-05	  -3.4228875e-04	   2.6785319e-05	   6.3827614e-13	   2.2375343e+02	
  -1.8402189e-04	   2.1402184e-05	   8.0141872e-04	   6.7525474e-05	  -9.4981569e-14	   2.2385390e+02	
   1.5092287e-03	   2.5324063e-05	   1.7477115e-03	   1.4579829e-05	  -3.7992628e-15	   2.2386315e+02	
  -5.2630132e-04	   2.1032217e-05	   1.7495861e-03	  -8.1248183e-06	  -8.3963707e-13	   2.2388026e+02	
   6.0627928e-04	   1.7773896e-05	   2.2254506e-03	   2.3439323e-05	  -2.2795577e-14	   2.2386570e+02	
   7.6108115e-04	   6.8598587e-05	   6.2125876e-04	   3.8311742e-06	  -2.3935355e-13	   2.2387740e+02	
  -2.2943990e-04	   5.5267102e-06	   5.3095610e-05	   3.5892412e-07	   3.1609866e-12	   2.2298551e+02	
   7.9638737e-04	   1.0346174e-05	   1.1351018e-03	  -1.1825012e-05	  -1.0182024e-12	   2.2389449e+02	
  -2.2461651e-03	  -3.7412916e-05	  -9.6870766e-05	   1.0265419e-05	   6.0788204e-14	   2.2385155e+02	
   1.5689346e-03	  -2.9158970e-05	  -1.4925079e-03	   7.1025745e-06	  -6.5347319e-13	   2.2388079e+02	
   8.2409690e-04	   3.9980950e-05	   9.7238133e-04	   2.8220976e-05	   4.4071448e-13	   2.2377351e+02	
   3.0341415e-03	   1.2548457e-04	   1.0150555e-03	   2.5858331e-05	   1.0371987e-12	   2.2363832e+02	
  -1.0090791e-03	  -4.0863277e-05	  -1.4574092e-03	  -3.7311344e-05	   2.3935355e-13	   2.2381349e+02	
   1.5827047e-03	  -2.8502871e-05	  -1.5962064e-03	   9.4931349e-06	  -5.6988941e-13	   2.2388098e+02	
  -4.7768941e-04	   7.6577623e-06	   1.8738643e-03	   3.7063615e-05	   8.7383043e-14	   2.2384762e+02	
  -4.8160960e-04	  -1.2975782e-06	   7.1413509e-04	   3.3213933e-05	  -1.2575560e-12	   2.2392343e+02	
   1.7089956e-03	   3.6801058e-05	   5.6635063e-04	  -2.7377316e-06	   1.9756166e-13	   2.2382552e+02	
  -2.6336173e-03	   2.1570869e-04	   3.1456320e-03	  -2.2205169e-04	   1.4855118e-12	   2.2366947e+02	
  -1.4454433e-03	  -3.6406284e-05	   1.3204973e-03	   4.2561743e-05	   6.8766656e-13	   2.2373603e+02	
   1.1951284e-03	   5.3903706e-05	   2.9714527e-03	   9.9002693e-05	   1.2347603e-12	   2.2359366e+02	
   3.1080948e-03	   3.8419144e-05	   3.2193099e-03	   1.8483731e-05	   9.8780832e-14	   2.2383083e+02	
   1.8734064e-04	  -1.4299972e-05	  -7.1196437e-04	  -2.4247426e-05	  -1.2499574e-12	   2.2392584e+02	
  -8.3413971e-04	  -5.7516380e-06	   2.0114698e-03	   4.5334240e-05	   4.9390416e-14	   2.2385220e+02	
  -1.7316569e-03	   1.7033526e-05	   8.5273973e-04	   9.7212458e-06	  -5.8508647e-13	   2.2388799e+02	
   2.1261840e-03	   1.4912665e-04	   2.6941789e-04	  -1.8086037e-06	   7.4465550e-13	   2.2371225e+02	
  -1.1478790e-03	   1.2512289e-05	   1.0923723e-03	   1.8825759e-05	  -6.0788204e-13	   2.2389022e+02	
  -4.0955631e-04	  -2.0831842e-05	  -3.7546618e-03	  -3.8911487e-05	  -1.5956904e-13	   2.2385920e+02	
   1.6042808e-03	  -2.6760238e-05	  -1.2965755e-03	   3.3963968e-06	  -7.3325771e-13	   2.2387701e+02	
  -2.8260545e-03	  -5.7541795e-05	  -3.5798306e-03	  -4.6189587e-05	   4.1411964e-13	   2.2379421e+02	
  -2.2069066e-03	   3.4041870e-05	  -9.2522718e-04	   2.1407584e-05	  -6.4207541e-13	   2.2386826e+02	
  -2.6154877e-03	  -4.4970170e-05	  -3.4726674e-03	  -3.2200958e-05	   9.8780832e-14	   2.2383280e+02	
   1.6129399e-03	   3.4482206e-06	   1.1797015e-03	  -1.1937766e-05	  -3.9512333e-13	   2.2388053e+02	
  -1.9832681e-03	   3.3987588e-05	   8.6392841e-05	   1.5384690e-05	  -9.6121348e-13	   2.2394952e+02	
   2.3555764e-04	   2.0850646e-05	   3.2291799e-03	   1.0588705e-04	   1.2689538e-12	   2.2358710e+02	
   3.0091454e-04	  -2.7667808e-05	  -1.0326335e-03	  -2.6543450e-05	   6.3827614e-13	   2.2374947e+02	
   1.5795216e-03	   5.4090837e-07	   9.5486805e-04	  -1.6930608e-05	  -6.6867025e-13	   2.2388695e+02	
  -1.7202742e-03	  -3.0121595e-05	   1.2582177e-03	   3.7339839e-05	   8.7383043e-14	   2.2384695e+02	
  -2.2727647e-03	  -9.0027854e-05	   2.0050384e-03	   1.0048112e-04	   1.0030054e-12	   2.2364448e+02	
   1.4508462e-03	   1.2507469e-05	  -1.7235063e-03	  -3.5696409e-05	   7.5985255e-15	   2.2386071e+02	
  -3.1260065e-03	  -1.2725839e-04	  -8.8246430e-05	   1.4090754e-05	   1.0751914e-12	   2.2362951e+02	
   3.0040096e-03	   3.3780597e-05	  -3.4636370e-03	  -6.3091018e-05	   5.3949531e-13	   2.2377513e+02	
  -1.4661720e-03	   4.8372200e-06	  -8.4078133e-04	   1.6672223e-05	  -8.5863338e-13	   2.2388699e+02	
   7.6779189e-04	   3.0314231e-05	   1.4001373e-03	   2.0350115e-05	   2.3175503e-13	   2.2381820e+02	
   3.7186346e-04	   4.2200997e-06	  -1.3044758e-04	  -1.2109127e-05	  -1.3943295e-12	   2.2393243e+02	
  -1.1592450e-03	  -2.7811733e-05	  -1.8961940e-03	  -2.5085638e-05	   2.2795577e-14	   2.2385889e+02	
   1.0447014e-03	   4.8079673e-05	  -1.6382888e-03	  -1.1670184e-04	   3.4573291e-13	   2.2376957e+02	
  -2.0512970e-03	  -4.5762438e-05	   2.6704319e-04	   1.7188089e-05	   9.8780832e-14	   2.2384443e+02	
  -3.4138502e-03	   1.8452105e-04	  -1.5728213e-03	   1.0836948e-04	   1.8730365e-12	   2.2351321e+02	
  -5.6077564e-04	  -3.7108625e-05	  -1.2926116e-03	  -4.1610980e-05	   3.4193365e-13	   2.2379552e+02	
   1.9551438e-03	  -2.3270315e-05	   1.2313235e-03	  -2.6119964e-05	  -6.0788204e-13	   2.2387576e+02	
  -8.0586073e-04	  -2.0553638e-05	  -2.1737375e-03	  -2.3980847e-05	   0.0000000e+00	   2.2386310e+02	
   1.0247292e-03	  -2.5817656e-06	  -3.6676448e-04	  -1.7754747e-05	  -1.0637936e-12	   2.2391079e+02	
   2.9522299e-03	   5.1377879e-05	   3.4507157e-03	   3.8630103e-05	   2.1275871e-13	   2.2381998e+02	
   4.5114837e-05	   3.9330392e-05	   8.5823908e-04	   6.0039696e-05	  -9.8780832e-14	   2.2385439e+02	
   5.2754513e-04	   2.4202469e-06	  -5.8317363e-04	  -1.8916933e-05	   1.4779132e-12	   2.2355027e+02	
  -2.2003300e-04	  -1.1668320e-05	  -2.0544371e-03	   2.3142665e-05	  -6.8766656e-13	   2.2388135e+02	
  -1.0307664e-05	   2.1312980e-05	   1.4513120e-03	   3.2507445e-05	   2.8874397e-13	   2.2381038e+02	
   1.8577206e-03	   7.5139258e-05	  -2.2358520e-03	  -1.1850006e-04	   7.8644739e-13	   2.2368828e+02	
  -5.9725614e-04	  -3.6388105e-05	  -6.8416618e-04	   1.3769238e-05	   6.9146582e-13	   2.2374456e+02	
  -1.1372944e-03	  -1.3424573e-06	  -3.0107346e-05	   1.6760327e-05	  -1.0258009e-12	   2.2390531e+02	
   1.0935980e-03	   3.1729294e-05	   1.4275854e-03	   1.8433231e-05	   1.4437198e-13	   2.2383464e+02	
   2.3280084e-03	   9.3654133e-05	   2.2285618e-03	   7.0686230e-05	   1.1701729e-12	   2.2360769e+02	
  -7.0577701e-04	  -6.3486198e-06	   1.9013225e-03	   5.2427491e-05	   9.1182306e-14	   2.2384313e+02	
  -1.1876158e-03	   2.4659148e-05	   1.6029036e-03	  -4.1899768e-06	  -7.2945845e-13	   2.2387789e+02	
   7.1177433e-04	   1.6220747e-05	   2.2988026e-03	   2.7663447e-05	   3.7992628e-15	   2.2386378e+02	
   2.3344522e-03	  -3.5494323e-05	   4.7894332e-04	  -1.4114871e-05	  -6.6867025e-13	   2.2386629e+02	
   4.3436785e-03	   4.8302088e-05	   1.5911386e-03	   1.7574512e-06	   1.7096682e-13	   2.2382445e+02	
   2.6266896e-03	  -4.7025198e-05	   2.5417854e-03	  -7.1770974e-05	   1.9110292e-12	   2.2346593e+02	
   1.8727160e-03	   1.1213145e-05	  -1.7792372e-03	  -2.4869900e-05	   2.6214913e-13	   2.2382903e+02	
   6.7355739e-04	   3.1519006e-06	  -3.2789627e-04	  -4.6568625e-05	  -3.3053586e-13	   2.2388779e+02	
  -3.8269190e-05	   6.5637306e-06	   8.2786359e-04	   1.9188849e-05	   1.4323220e-12	   2.2356665e+02	
   1.7863222e-03	  -2.6011938e-05	  -1.1323077e-03	  -6.9338353e-07	  -6.2687836e-13	   2.2388224e+02	
  -1.4267999e-03	  -2.0530053e-05	   9.1490008e-04	   3.4522689e-05	   2.3175503e-13	   2.2382002e+02	
   4.4944475e-04	   1.6501289e-06	  -8.0224544e-04	  -3.3911085e-05	  -1.2309611e-12	   2.2392083e+02	
   9.3579073e-05	   1.7793791e-05	   1.8421188e-03	   3.2192076e-05	   8.7383043e-14	   2.2384615e+02	
  -2.4064029e-03	  -1.1062057e-04	  -2.0580954e-03	  -7.1215149e-05	   9.6881200e-13	   2.2365247e+02	
  -7.5649132e-04	  -6.8872382e-05	  -1.7876889e-05	   5.0364309e-05	   5.0530195e-13	   2.2377562e+02	
  -1.8568776e-03	   1.0081437e-05	  -6.8705812e-04	   1.6841216e-05	  -6.0788204e-13	   2.2388507e+02	
   1.0877095e-03	   3.2031494e-05	   1.3488214e-03	   1.6687772e-05	   1.6716756e-13	   2.2383024e+02	
  -2.0259700e-03	   1.3382578e-04	  -3.2478149e-03	   2.5565387e-04	   1.7742558e-12	   2.2356609e+02	
   2.3345466e-03	   4.9157443e-05	   3.9442312e-03	   5.6544038e-05	   4.2171817e-13	   2.2379339e+02	
  -3.0546756e-04	  -3.8513488e-06	   2.3699119e-03	   1.4386189e-04	   6.4587467e-13	   2.2371270e+02	
  -1.2168793e-04	  -1.2393483e-05	  -2.2971809e-03	  -5.1401003e-05	   3.3433512e-13	   2.2381028e+02	
  -2.5694703e-04	  -9.7298786e-07	   1.8384088e-04	   8.3308694e-06	  -1.4209243e-12	   2.2392689e+02	
  -1.8885955e-04	   5.6267769e-06	  -1.9755891e-04	  -2.7549597e-06	   3.2939609e-12	   2.2293152e+02	
  -4.3676963e-04	  -9.6276502e-06	  -1.9651311e-03	   1.7017529e-05	  -5.8128720e-13	   2.2388470e+02	
   8.2748319e-04	   3.5723144e-05	   1.4300602e-03	   4.1271196e-05	   2.3175503e-13	   2.2381265e+02	
  -1.7641806e-03	   4.2974461e-05	  -4.0278308e-03	   1.4381640e-04	   1.3297420e-12	   2.2365278e+02	
   2.6984519e-04	  -1.5406948e-05	  -1.8089757e-03	  -3.6914302e-05	   1.7856535e-13	   2.2383041e+02	
  -3.0423467e-03	  -1.2439799e-04	   6.9070257e-04	   4.6000827e-05	   9.9920615e-13	   2.2364575e+02	
  -1.9309500e-03	  -3.0176369e-05	   9.7634623e-04	   2.9106937e-05	   3.0394102e-14	   2.2385617e+02	
  -3.6675791e-03	   8.6835782e-05	  -2.4199040e-03	   7.9953479e-05	   1.3031472e-12	   2.2365166e+02	
   4.5160907e-04	   2.6848645e-05	   1.4890446e-03	   2.5259116e-05	   2.2035724e-13	   2.2382100e+02	
   1.9247632e-03	  -2.2879478e-05	   1.2969759e-03	  -2.6688224e-05	  -6.1168130e-13	   2.2387374e+02	
  -3.0816798e-03	  -6.6405133e-05	  -2.5300125e-04	   1.5565425e-05	  -3.6092996e-13	   2.2388570e+02	
   5.1796319e-04	   6.2189930e-05	   1.1964595e-03	   8.9696241e-05	   3.1153955e-13	   2.2377926e+02	
  -1.4631733e-03	  -3.0767544e-05	  -1.7736655e-03	  -2.3184397e-05	   7.5985255e-14	   2.2385163e+02	
  -2.6163121e-04	   1.9729865e-05	   2.0698938e-03	  -1.8306821e-05	  -6.8006803e-13	   2.2387973e+02	
  -2.2016992e-04	   9.4950116e-06	   2.3807569e-03	   1.4751070e-05	  -1.4817125e-13	   2.2388689e+02	
  -1.5574453e-04	  -6.0770747e-06	  -1.7711184e-04	   1.1916900e-05	  -1.3411397e-12	   2.2393905e+02	
  -7.1347443e-04	  -3.4174762e-05	   7.8982615e-05	   2.3653512e-05	   6.2307909e-13	   2.2374542e+02	
  -4.2250155e-03	   1.5526588e-04	   7.4179820e-04	  -6.8011516e-06	   1.3753331e-12	   2.2364272e+02	
   1.5803871e-03	   3.3699485e-05	  -1.0326134e-03	  -3.7464721e-05	   9.8780832e-14	   2.2383803e+02	
  -6.8270621e-04	   1.8047514e-05	   1.3948737e-03	   1.7192988e-05	  -5.8128720e-13	   2.2388822e+02	
  -2.4503132e-03	  -6.6134781e-05	   7.6411642e-04	   4.4951022e-05	  -5.6229089e-13	   2.2391177e+02	
   3.3960788e-03	   1.0513103e-04	   5.9941791e-04	   2.8438690e-06	   1.1739721e-12	   2.2361225e+02	
   1.8174404e-03	   2.8585089e-05	  -4.1383714e-04	  -2.2881692e-05	   1.6716756e-13	   2.2383302e+02	
   2.1310892e-04	   5.0758801e-05	   8.5560627e-04	   4.6928900e-05	  -1.3677346e-13	   2.2386040e+02	
  -1.7185828e-03	  -5.2562071e-05	  -1.6275837e-04	   6.6551772e-06	   1.4817125e-13	   2.2382840e+02	
   8.5451531e-04	   2.3963021e-05	   4.4521577e-04	  -1.2901343e-05	  -1.1587751e-12	   2.2392044e+02	
   1.0520413e-03	   2.7044133e-06	  -1.1384741e-03	  -3.4818844e-05	   5.0530195e-13	   2.2377278e+02	
  -1.9271582e-04	   4.5818762e-06	  -1.9197613e-04	   1.5223791e-06	  -1.3981287e-12	   2.2392198e+02	
   5.7764742e-05	   9.6596838e-06	   2.4102262e-03	   2.0093204e-05	  -8.7383043e-14	   2.2387916e+02	
   3.6263550e-04	  -3.4448069e-05	  -4.3538986e-03	   1.8632077e-04	   1.3563368e-12	   2.2365671e+02	
  -2.1103208e-04	   9.6731680e-06	   2.3423706e-03	   1.5644096e-05	  -1.7856535e-13	   2.2388977e+02	
  -4.2251181e-05	  -4.7392494e-06	   3.0138876e-04	  -2.0251252e-06	  -6.8386730e-13	   2.2408083e+02	
   6.7682418e-04	  -1.1303425e-05	  -1.0302003e-03	  -3.6180318e-05	   4.2171817e-13	   2.2378513e+02	
  -5.9188375e-04	  -2.6062138e-05	  -1.1764811e-03	   1.0177014e-06	  -5.1669974e-13	   2.2388950e+02	
  -8.5605008e-04	  -5.0780371e-05	  -1.5636269e-04	   1.1910194e-05	   5.8128720e-13	   2.2375540e+02	
   1.6250232e-03	  -2.3867808e-05	  -1.3086632e-03	   1.3106432e-07	  -6.0788204e-13	   2.2388272e+02	
   1.7911268e-03	   3.4588236e-05	   4.7620479e-04	  -5.0574574e-06	   1.4057272e-13	   2.2383709e+02	
   2.9255748e-04	  -1.7624500e-05	  -1.6859310e-03	   1.7851453e-06	  -7.9024665e-13	   2.2388366e+02	
   3.1157007e-03	   1.6947941e-07	  -2.9596664e-03	  -2.3282677e-05	  -2.6594839e-14	   2.2384505e+02	
   4.1630747e-04	   1.1564644e-05	   1.8814110e-03	  -1.8319948e-05	  -7.6365181e-13	   2.2387728e+02	
   9.9781307e-04	  -2.9531699e-06	  -2.1388399e-03	  -2.4813693e-05	  -8.7383043e-14	   2.2387746e+02	
   4.5823718e-04	  -1.0520781e-06	  -4.1607961e-04	  -2.6526745e-05	  -1.2651545e-12	   2.2392936e+02	
   9.9977250e-04	   2.6414893e-05	   1.7656817e-03	   3.0561859e-05	  -4.5591153e-14	   2.2386605e+02	
   1.1209941e-03	  -1.2883462e-05	  -1.2247377e-03	  -1.6037024e-05	  -5.7748794e-13	   2.2388568e+02	
   9.5163422e-04	   1.8520140e-05	   2.1574800e-03	   2.5141558e-05	  -3.0394102e-14	   2.2386801e+02	
   2.2641544e-03	   4.3292300e-05	  -2.8597869e-03	  -8.1755625e-05	   1.1473774e-12	   2.2362024e+02	
   2.1211590e-03	   3.9524267e-05	   6.7545526e-04	   5.0820782e-06	   4.1791890e-14	   2.2385529e+02	
   2.3899382e-04	  -9.7440164e-06	  -1.7455130e-03	   1.1346960e-05	  -8.7003117e-13	   2.2388505e+02	
  -1.1370684e-04	  -1.8706864e-05	  -1.9100307e-03	  -5.1006624e-05	   1.2537567e-13	   2.2383319e+02	
  -1.8238215e-03	   1.0097889e-05	  -6.0055442e-04	   1.6874066e-05	  -6.9526509e-13	   2.2388464e+02	
   4.3105269e-04	   2.6636255e-06	   2.6628786e-04	  -5.7477612e-06	   1.5614970e-12	   2.2352675e+02	
  -1.5339201e-03	   1.3969031e-05	   9.4956159e-04	   1.2492894e-05	  -6.0408278e-13	   2.2388899e+02	
  -3.9466224e-03	  -6.0129100e-05	  -1.5919382e-03	  -4.9489538e-06	   7.9784518e-14	   2.2383638e+02	
   1.1956215e-04	  -1.7748882e-05	  -1.8456590e-03	   4.4374456e-06	  -6.6487098e-13	   2.2388402e+02	
   1.1582524e-04	  -1.1664254e-05	  -2.3409547e-03	  -2.1001837e-05	  -1.0258009e-13	   2.2387889e+02	
   1.2087110e-03	   8.4108512e-06	   1.4565945e-03	  -1.0134936e-05	  -4.2551743e-13	   2.2388212e+02	
  -1.0490464e-03	  -1.3779903e-05	  -1.1874516e-04	   5.7180364e-07	   1.7894528e-12	   2.2346877e+02	
  -4.1489155e-03	   1.1080494e-04	  -1.1892469e-03	   5.2057745e-05	   1.3525375e-12	   2.2363887e+02	
  -8.8986359e-05	  -3.0793101e-08	  -2.4066666e-04	  -2.5111851e-06	   3.3813439e-12	   2.2289510e+02	
  -2.3753527e-05	  -3.6293812e-05	  -9.6795604e-04	  -7.3501764e-05	  -2.6594839e-14	   2.2384298e+02	
   1.8793646e-03	   4.5742181e-05	   4.0828835e-03	   6.7196411e-05	   3.3053586e-13	   2.2380605e+02	
  -1.2295645e-03	  -4.7708792e-07	  -1.5672101e-03	   1.7632615e-05	  -5.8128720e-13	   2.2388308e+02	
   5.1041233e-04	   2.8872427e-05	   1.3355498e-03	   1.9958657e-05	   2.4695208e-13	   2.2381883e+02	
   1.2538879e-04	  -1.6299228e-05	  -2.0271296e-03	   1.5039178e-05	  -6.4587467e-13	   2.2388182e+02	
   4.5634486e-03	   4.4874286e-05	  -1.0623777e-03	  -2.6317128e-05	   2.2795577e-13	   2.2382077e+02	
  -4.8048617e-04	  -3.2641241e-05	  -3.4527273e-03	  -1.1294094e-04	   9.7641048e-13	   2.2365538e+02	
  -7.7722681e-04	  -4.0725339e-05	  -8.6254464e-06	   1.9523847e-05	   5.1290047e-13	   2.2376824e+02	
  -1.2496781e-04	  -1.7605860e-05	  -9.4808795e-04	  -2.9154431e-05	  -1.2233626e-12	   2.2391985e+02	
  -1.8727448e-03	  -3.3280722e-05	   7.4599676e-04	   2.5881529e-05	  -3.4193365e-14	   2.2386460e+02	
  -2.0389219e-04	   9.9477926e-06	   4.3947674e-04	   3.3717529e-06	  -1.3259427e-12	   2.2392010e+02	
  -1.4485049e-03	  -2.6643515e-05	  -1.7308934e-03	  -1.7255105e-05	  -2.6594839e-14	   2.2386724e+02	
  -7.6083717e-04	  -3.1358785e-05	  -2.2846805e-04	   2.9303273e-05	  -3.4573291e-13	   2.2388813e+02	
   1.2802370e-03	   1.0362811e-05	  -1.1165950e-03	  -3.6032067e-05	   2.1655798e-13	   2.2382345e+02	
  -3.9006309e-04	  -3.0335261e-05	  -3.4072126e-03	  -1.1773956e-04	   9.4981569e-13	   2.2365986e+02	
  -3.0583424e-04	  -1.7149092e-05	  -2.2466960e-03	  -1.5288626e-05	  -9.4981569e-14	   2.2387803e+02	
   1.8365205e-03	   8.3810111e-05	   2.7000909e-03	   1.0097880e-04	   9.6881200e-13	   2.2365082e+02	
  -2.7067910e-03	  -5.5205248e-05	  -3.2462696e-03	  -4.0261181e-05	   9.8780832e-14	   2.2383511e+02	
  -1.1457574e-03	   2.1518382e-05	   1.5837905e-03	   1.9074471e-06	  -6.3447688e-13	   2.2388409e+02	
  -1.0880649e-03	  -3.2873668e-05	   1.3364166e-03	   8.3350005e-05	  -7.8264813e-13	   2.2394560e+02	
   1.1564239e-03	   8.7321445e-05	   1.7377587e-03	   1.0201035e-04	   4.2551743e-13	   2.2375155e+02	
  -1.8106466e-04	  -7.8777449e-07	  -9.2282828e-05	  -7.3907406e-06	   3.2787638e-12	   2.2293639e+02	
   7.1865375e-04	   7.3983807e-05	   7.5250596e-04	   2.5404521e-05	  -1.2157641e-13	   2.2385824e+02	
  -1.0012804e-03	   1.2388284e-06	   4.2842333e-03	   6.1351576e-05	   1.3297420e-13	   2.2383130e+02	
  -1.6706748e-03	   1.1059782e-05	   6.8360686e-04	   1.3791594e-05	  -5.9268499e-13	   2.2388770e+02	
  -1.7274609e-03	  -8.9528192e-05	  -6.0048606e-04	  -1.5579997e-06	  -7.7504960e-13	   2.2394300e+02	
   1.2019141e-03	  -5.3086038e-05	   3.9603754e-03	  -2.4821432e-04	   1.4779132e-12	   2.2364703e+02	
   3.2199996e-04	  -2.1890546e-05	  -3.9508332e-04	  -3.5356266e-07	   2.5796995e-12	   2.2321156e+02	
  -4.1322212e-03	   4.0497147e-05	   1.0386499e-03	   9.5724588e-06	   1.2499574e-12	   2.2363894e+02	
  -2.1832296e-03	  -2.3987097e-05	   8.4632791e-04	   1.9860213e-05	  -7.5985255e-15	   2.2386621e+02	
   3.3331679e-03	   9.1163936e-05	  -1.3155380e-03	  -5.3377717e-05	   1.0865891e-12	   2.2363151e+02	
   1.8268194e-03	   8.5852611e-05	   9.1379463e-04	   1.4466000e-05	  -7.4845476e-13	   2.2393793e+02	
  -8.5954701e-04	  -1.9182073e-05	   1.9739883e-04	   2.5887890e-05	  -1.1587751e-12	   2.2392445e+02	
  -1.3773730e-03	  -3.2265482e-05	  -1.3277499e-03	  -9.4274776e-06	   8.3583781e-14	   2.2384856e+02	
  -1.5253861e-03	  -9.5224030e-05	   8.4328189e-04	   7.8232620e-05	   3.3053586e-13	   2.2377090e+02	
   2.5618665e-04	  -9.5730469e-06	  -2.4092610e-03	  -2.7672719e-05	   2.7734618e-13	   2.2382544e+02	
   9.1299601e-05	  -8.3377084e-06	  -1.1822923e-03	  -3.0798154e-05	  -1.1701729e-12	   2.2390314e+02	
  -2.9479784e-04	   5.3171113e-06	   2.4332659e-03	   2.7896247e-05	   7.5985255e-15	   2.2386734e+02	
  -1.0520238e-03	   1.6113490e-05	   1.4608784e-03	   9.3815963e-06	  -5.4329457e-13	   2.2388648e+02	
   4.3309142e-03	   2.5070590e-05	  -1.2598712e-03	  -2.4279927e-05	   7.9784518e-14	   2.2383689e+02	
  -3.2980035e-03	   9.8839534e-06	  -1.6800937e-03	   2.6496975e-05	   1.6868727e-12	   2.2351699e+02	
   6.5711195e-04	  -1.3556301e-05	  -1.0022458e-03	  -3.2531724e-05	   5.6609015e-13	   2.2375805e+02	
  -1.4865188e-03	   1.5952573e-05	   9.8798723e-04	   9.6443398e-06	  -7.5225403e-13	   2.2388357e+02	
   1.6099145e-03	   3.5048651e-05	   1.5712729e-03	   2.6817104e-05	   9.4981569e-14	   2.2384769e+02	
   2.5406705e-03	  -1.6755404e-04	   2.6497897e-04	  -3.0400246e-05	  -2.8646441e-12	   2.2399259e+02	
   7.1300129e-04	   3.0724208e-05	   5.8196306e-04	  -1.5607282e-05	   4.5971079e-13	   2.2378652e+02	
   7.8113797e-04	   3.2353641e-06	  -2.7083129e-04	  -3.8335056e-05	  -4.2171817e-13	   2.2389699e+02	
  -7.0390237e-04	  -3.2295881e-05	  -1.0657075e-03	  -4.3979010e-06	   5.8128720e-13	   2.2375646e+02	
   4.3820678e-03	  -1.1311176e-04	  -9.5197641e-04	   5.0517269e-06	   1.2575560e-12	   2.2366159e+02	
   3.2067786e-03	   1.4045550e-04	  -8.1364557e-04	  -5.3264456e-05	   6.2687836e-13	   2.2374550e+02	
   1.9109224e-03	   7.2392569e-05	  -2.1692067e-03	  -1.1133637e-04	   1.1359796e-12	   2.2361620e+02	
   7.3434564e-04	  -6.6866927e-06	  -1.3768689e-03	  -3.7733571e-05	   2.4695208e-13	   2.2382085e+02	
  -3.7259815e-03	   3.1696209e-04	   1.3310403e-03	  -8.8763595e-05	   1.5652963e-12	   2.2364757e+02	
  -8.7173035e-04	  -4.9053022e-05	  -6.9322676e-04	  -1.5945751e-05	   2.9254323e-13	   2.2381233e+02	
  -7.9051574e-04	  -1.7884315e-05	  -1.3734737e-04	   1.8939902e-05	  -1.1587751e-12	   2.2392676e+02	
  -6.4806720e-04	   1.2887846e-05	   5.3028434e-04	   3.2323334e-05	   2.5075134e-13	   2.2383055e+02	
  -4.3397845e-04	   1.9485231e-05	   7.6410420e-04	   3.8691239e-05	  -3.9892259e-13	   2.2389492e+02	
   3.1476887e-03	   1.1106612e-05	  -3.2090242e-03	  -3.4174089e-05	   7.9784518e-14	   2.2383746e+02	
  -1.5738323e-04	  -1.8090314e-05	  -9.8175705e-04	  -2.9794450e-05	  -1.2005670e-12	   2.2391926e+02	
  -1.5474333e-03	  -2.3732317e-05	  -1.6056528e-03	  -7.1402994e-06	  -1.0637936e-13	   2.2387805e+02	
  -7.8877707e-04	   1.8813636e-05	   1.6188677e-03	   6.8900001e-06	  -6.5347319e-13	   2.2388451e+02	
  -1.8990542e-03	   2.8822982e-05	  -4.2718876e-04	   2.3418131e-05	  -9.3841790e-13	   2.2395343e+02	
   1.0532762e-03	  -1.6724025e-05	  -1.3120073e-03	  -4.2414743e-06	  -8.5103486e-13	   2.2388668e+02	
  -2.0270453e-03	  -3.3621069e-05	  -6.3117802e-04	  -2.0299444e-07	  -7.5985255e-14	   2.2387362e+02	
   1.5658886e-03	   7.8456728e-07	   5.9879884e-04	  -1.4689075e-05	  -7.5985255e-13	   2.2388527e+02	
   6.7731755e-04	   3.9021399e-06	  -1.9463612e-03	  -4.0984487e-05	   9.4221716e-13	   2.2369304e+02	
  -1.0368106e-04	  -1.4991324e-05	  -1.9000232e-03	   7.8028481e-06	  -5.5849163e-13	   2.2388433e+02	
   3.7394939e-04	  -1.0102871e-05	   3.8039841e-04	  -1.6359836e-05	   2.3783385e-12	   2.2328381e+02	
  -7.7825522e-04	  -1.6496281e-05	   4.1614736e-05	   2.2645243e-05	  -1.1739721e-12	   2.2392709e+02	
   1.8005584e-03	   3.7258789e-05	  -5.2273896e-04	  -2.3807065e-05	  -1.1397788e-14	   2.2385517e+02	
  -1.6430627e-03	  -7.0498791e-07	  -2.0547770e-04	   1.6116279e-05	  -6.7626877e-13	   2.2388648e+02	
  -1.9330314e-03	  -1.9297844e-05	   9.5258944e-04	   2.3462516e-05	  -1.3297420e-13	   2.2387932e+02	
   2.2972837e-03	  -3.0458087e-05	  -8.5362091e-05	  -8.5627482e-06	  -6.1168130e-13	   2.2387175e+02	
   2.6389279e-03	   6.2792991e-05	  -8.5761860e-04	  -4.3450520e-05	  -5.0150268e-13	   2.2390799e+02	
   1.0018451e-03	  -1.2895767e-05	  -1.4566813e-03	   4.5719624e-06	  -7.7884887e-13	   2.2386740e+02	
   1.7303536e-03	   2.4030039e-05	  -1.5446910e-03	  -3.5669331e-05	   1.2157641e-13	   2.2384603e+02	
   4.3042840e-03	  -2.2075732e-04	   3.0969564e-04	  -3.7671915e-05	   1.3905302e-12	   2.2365941e+02	
   5.2528797e-04	   1.8233284e-05	   2.1333231e-03	   5.4377833e-05	   4.2551743e-13	   2.2379135e+02	
  -8.1285765e-04	  -3.0116295e-05	  -5.6841687e-04	   5.7043416e-06	  -1.1055855e-12	   2.2392053e+02	
  -1.4597782e-03	  -4.3337212e-05	  -9.1253177e-04	  -1.4616597e-05	   2.6594839e-14	   2.2384953e+02	
   1.2804471e-03	  -1.4371469e-06	   4.1051947e-03	  -5.9458809e-05	   1.2841508e-12	   2.2363523e+02	
  -1.7562739e-04	  -2.5189862e-05	  -1.3519850e-03	  -4.8739232e-05	   1.2917493e-13	   2.2383194e+02	
  -1.6726471e-03	   6.9520727e-07	  -7.4137546e-04	   1.3059536e-05	  -5.5469236e-13	   2.2387443e+02	
   1.1782871e-03	   4.3113439e-05	   4.1958578e-04	   4.7643343e-06	   1.3677346e-13	   2.2383028e+02	
  -1.7467202e-04	  -7.3373643e-06	  -4.1371475e-03	   3.3405633e-04	   1.4627161e-12	   2.2368020e+02	
   1.7460080e-03	   2.9870494e-05	   2.4544455e-04	  -1.0957152e-05	   1.0637936e-13	   2.2384282e+02	
   3.1251838e-03	   1.2402994e-04	   1.3073016e-03	   3.6541223e-05	   8.8142896e-13	   2.2367076e+02	
  -1.7074963e-03	  -2.4648780e-05	   1.0278899e-03	   2.8799688e-05	  -1.1397788e-13	   2.2387593e+02	
   6.2493351e-05	   1.5381354e-05	   2.2970943e-04	   1.0014759e-05	  -1.3069464e-12	   2.2391184e+02	
  -7.2105429e-05	  -1.1055617e-05	  -1.3624851e-03	  -3.0091044e-05	   1.3525375e-12	   2.2358284e+02	
  -2.5639562e-03	  -1.4429142e-04	  -2.7721357e-04	   3.5334901e-06	   5.7748794e-13	   2.2372450e+02	
   1.0572001e-03	  -4.7071593e-06	  -1.2663878e-03	  -2.7952836e-05	   4.5591153e-14	   2.2385807e+02	
  -1.6222892e-03	  -1.1687829e-04	  -2.4971677e-04	   7.4726852e-06	   2.2415650e-13	   2.2379071e+02	
   2.3872637e-04	   1.8675529e-05	   1.6626825e-03	   4.2503674e-05	  -3.4193365e-14	   2.2385670e+02	
  -1.8459841e-03	   5.6554624e-06	  -6.2663533e-04	   1.4634982e-05	  -5.6609015e-13	   2.2388192e+02	
   2.0115246e-04	  -1.1099892e-05	   6.8289467e-05	  -1.8557450e-05	   2.5151119e-12	   2.2322548e+02	
  -2.3368422e-03	  -1.4116699e-04	  -4.8762077e-05	   1.5988741e-05	   4.7110858e-13	   2.2374484e+02	
  -2.1348156e-03	  -3.1032680e-05	  -5.8477968e-04	   1.1670893e-06	  -5.6988941e-14	   2.2387200e+02	
   9.2988791e-04	  -4.6929978e-05	   3.6006858e-03	  -2.7520358e-04	   1.8540402e-12	   2.2353581e+02	
  -1.7982834e-03	  -3.8713461e-05	   3.3552561e-04	   1.9112853e-05	  -6.0788204e-14	   2.2386308e+02	
   1.1839119e-03	   7.1100425e-05	  -3.8153783e-04	  -5.6379060e-05	  -4.9390416e-14	   2.2384190e+02	
  -1.9462602e-03	  -3.0572221e-05	  -8.0998875e-04	  -4.1266435e-07	  -1.2537567e-13	   2.2387916e+02	
  -5.7230154e-04	  -4.2371878e-05	  -7.4751027e-04	   3.2353440e-06	  -3.7612701e-13	   2.2389137e+02	
  -3.9971103e-04	  -4.3960179e-05	  -1.6785520e-03	  -8.0458707e-05	  -7.9404592e-13	   2.2395077e+02	
   8.0880510e-04	  -1.9601305e-05	  -2.1359706e-03	   2.2812644e-05	  -6.1927983e-13	   2.2387083e+02	
  -8.1312229e-04	  -1.2177118e-05	   2.1108607e-03	   9.0691192e-05	  -5.7368868e-13	   2.2392141e+02	
   1.1828346e-03	   6.2668997e-07	   1.6877181e-03	  -1.9614190e-05	  -5.9648425e-13	   2.2388077e+02	
  -2.0305690e-03	  -7.5968286e-06	   9.5336556e-04	   1.7849002e-05	  -2.1275871e-13	   2.2389145e+02	
   2.5546100e-03	  -2.7705518e-04	  -2.9145534e-03	   2.7636246e-04	   1.5728948e-12	   2.2366006e+02	
  -4.4912153e-04	   1.1047578e-05	   1.5753539e-03	   3.1019282e-05	   3.0394102e-14	   2.2385364e+02	
   7.8995834e-04	   3.1254283e-05	  -2.1935897e-04	  -5.0819439e-05	  -2.8874397e-13	   2.2388006e+02	
   2.5831233e-03	   7.7507778e-05	   1.4281515e-03	   2.0858244e-05	  -3.7612701e-13	   2.2389388e+02	
  -2.7103905e-03	   1.3462766e-05	  -3.3526148e-03	   4.5159639e-05	   1.2499574e-12	   2.2363849e+02	
   1.9292073e-03	   7.9066482e-06	   1.6113465e-03	  -1.2999165e-06	   7.5985255e-15	   2.2387705e+02	
   1.4839240e-04	  -6.1470867e-06	  -1.3607895e-03	  -2.7459952e-05	  -1.1017862e-12	   2.2388544e+02	
  -2.0272900e-03	  -2.2156164e-05	   1.1328099e-03	   2.3668986e-05	  -3.7992628e-15	   2.2386623e+02	
   1.4801984e-03	  -9.2438684e-05	  -4.0573628e-03	   1.9603247e-04	   1.3943295e-12	   2.2365437e+02	
  -5.2841668e-04	  -1.9991651e-05	  -2.2361999e-03	  -4.4080866e-05	   2.1275871e-13	   2.2383216e+02	
  -1.3247040e-04	  -6.9433057e-06	  -1.0321452e-03	   2.9013449e-07	  -1.0751914e-12	   2.2391576e+02	
  -3.4443186e-04	   7.3434573e-06	   2.1470344e-03	   2.5611767e-05	  -1.8996314e-13	   2.2388838e+02	
  -2.1496615e-03	   4.6535289e-05	   1.2387304e-03	  -1.4476138e-05	  -5.7368868e-13	   2.2385715e+02	
  -3.9332838e-04	   4.2602289e-06	   1.8387336e-03	   4.0637336e-05	  -1.3677346e-13	   2.2387472e+02	
   1.8953775e-03	  -2.0856807e-05	  -9.4118349e-04	  -4.3159118e-06	  -5.6988941e-13	   2.2387803e+02	
   1.8310614e-03	  -3.8065378e-06	  -1.3900388e-03	  -1.5389276e-05	  -2.4695208e-13	   2.2389732e+02	
  -6.8353056e-05	  -1.1978898e-06	   2.1522740e-04	   1.7353830e-05	  -1.4057272e-12	   2.2393233e+02	
   8.2574005e-04	   7.0218304e-06	  -1.5309535e-03	  -4.5430643e-05	  -2.2795577e-14	   2.2385750e+02	
  -1.0705525e-03	   1.2488554e-06	   2.7777267e-04	   1.8248096e-05	  -9.8400910e-13	   2.2390609e+02	
  -1.5261847e-03	  -3.6733218e-05	  -1.6017727e-03	  -2.6443657e-05	   1.2917493e-13	   2.2384499e+02	
   4.2383062e-04	   1.8064482e-05	   1.3966832e-03	  -4.7301303e-06	  -9.1942159e-13	   2.2389190e+02	
  -1.8379606e-03	   5.1548397e-06	   1.2131530e-03	   1.4005007e-05	  -2.6214913e-13	   2.2390032e+02	
   1.8215950e-03	  -1.9758178e-05	  -9.8989167e-04	  -4.9590374e-06	  -5.7748794e-13	   2.2387942e+02	
   1.3972897e-03	  -6.8042017e-06	  -1.6080756e-03	  -1.8439110e-05	  -1.8616388e-13	   2.2389175e+02	
  -3.1745916e-04	   2.0006237e-05	   1.7870449e-03	   2.0014133e-06	  -5.8888573e-13	   2.2388568e+02	
   5.8371036e-04	   1.8271179e-05	   1.9388736e-03	   2.9224800e-05	  -1.4057272e-13	   2.2388098e+02	
  -8.9797927e-04	  -8.1239974e-05	  -1.4028287e-03	  -8.3534036e-05	   1.9376240e-13	   2.2379597e+02	
   7.4376287e-04	   4.1348041e-05	   5.8121562e-04	   1.2347002e-05	   1.9376240e-13	   2.2383147e+02	
  -8.6232272e-04	   1.7528709e-05	   1.5151617e-03	   8.9036928e-06	  -6.8766656e-13	   2.2388370e+02	
   1.6539659e-03	  -1.1166719e-05	  -5.3318840e-04	  -1.5244257e-05	  -8.5863338e-13	   2.2395188e+02	
  -1.2148351e-04	  -1.4008965e-05	  -1.1553453e-03	  -3.0369760e-05	  -1.1473774e-12	   2.2390603e+02	
   1.6560108e-03	   2.3484397e-05	   9.6422441e-04	  -1.3080392e-06	  -7.5985255e-14	   2.2387464e+02	
   7.7077481e-04	   3.1169731e-06	   2.5329353e-04	  -6.9262762e-06	  -1.1511767e-12	   2.2392601e+02	
  -7.3182156e-04	  -3.8890481e-05	   1.4999965e-04	   2.7639178e-05	   3.6092996e-13	   2.2379656e+02	
   1.9639351e-03	  -1.6911167e-05	  -4.5194358e-04	  -9.8488110e-06	  -6.4207541e-13	   2.2388002e+02	
   1.4221390e-03	   1.6312378e-05	  -1.4062123e-03	  -3.5091889e-05	  -9.4981569e-14	   2.2387241e+02	
   1.6168799e-03	  -1.1597768e-05	  -6.0251087e-04	  -1.0598196e-05	  -7.8644739e-13	   2.2388376e+02	
   4.4495090e-03	   5.3540308e-05	  -7.8814656e-04	  -2.5305332e-05	   1.5956904e-13	   2.2383041e+02	
  -1.6175752e-04	   2.0049132e-05	   1.6629365e-03	   6.1385316e-06	  -5.2429826e-13	   2.2388398e+02	
   1.2270144e-03	   4.2850348e-05	   4.5445759e-04	   5.6099584e-06	   1.1017862e-13	   2.2383503e+02	
  -4.8880880e-04	   9.9625255e-06	   3.4231640e-04	   4.1050632e-05	  -3.2293733e-13	   2.2388196e+02	
   1.3256172e-03	   2.5377219e-05	   1.1616642e-03	   3.5868164e-06	  -4.5591153e-14	   2.2386685e+02	
  -3.2098625e-03	  -1.2238408e-04	   8.7138146e-04	   5.0346872e-05	   8.3583781e-13	   2.2367848e+02	
   7.4604894e-05	  -9.6078323e-06	  -3.2495016e-04	   7.5123876e-07	   3.1647858e-12	   2.2298661e+02	
  -1.4272088e-03	   4.2629428e-06	   3.7465147e-04	   1.5603429e-05	  -8.2823928e-13	   2.2389067e+02	
  -4.9996953e-05	   9.6695063e-06	   2.3206471e-03	   1.6344334e-05	  -1.8616388e-13	   2.2389224e+02	
   2.4370654e-04	   1.2239198e-05	   9.4858303e-04	  -4.1749968e-07	  -1.1131839e-12	   2.2391094e+02	
   6.0149527e-04	  -1.3894171e-05	  -1.1004074e-03	  -3.3773900e-05	   3.7612701e-13	   2.2379533e+02	
  -1.3308574e-03	  -4.0411709e-06	  -6.0033526e-04	   1.2716388e-05	  -8.3963707e-13	   2.2389288e+02	
  -2.6614351e-04	   2.1557154e-06	  -1.0564630e-05	   3.3817861e-06	   2.8228523e-12	   2.2311720e+02	
   3.7219735e-03	  -1.3339251e-04	  -2.3625233e-03	   6.1482151e-05	   1.3259427e-12	   2.2365026e+02	
  -3.6589528e-03	  -5.1079144e-05	   2.0871130e-03	   4.9643928e-05	   9.8780832e-14	   2.2383758e+02	
  -1.0947143e-04	  -4.0171344e-05	  -1.0349112e-03	  -7.4069063e-05	  -8.3583781e-14	   2.2384998e+02	
   4.2472063e-03	   3.2429463e-05	  -8.1546143e-04	  -2.3164279e-05	   2.2795577e-14	   2.2384515e+02	
  -3.5557078e-03	   2.0832534e-04	   2.0348715e-03	  -9.4927568e-05	   1.5083073e-12	   2.2362773e+02	
  -1.0850113e-03	  -4.5886758e-05	  -3.4797546e-04	  -4.2985153e-07	   1.3297420e-13	   2.2383838e+02	
   1.1797741e-03	   5.6285427e-06	   2.0373795e-04	  -1.5682290e-05	  -9.3461864e-13	   2.2390233e+02	
   3.4756572e-05	  -9.6680681e-06	  -2.3163326e-03	  -4.6510457e-05	   1.9756166e-13	   2.2383525e+02	
   9.3752802e-05	   5.2701131e-06	   2.0960796e-04	   1.1782342e-05	  -1.4285228e-12	   2.2392590e+02	
  -2.9689827e-04	  -3.5700316e-05	  -1.1437016e-03	  -1.5226437e-05	   3.0394102e-13	   2.2380989e+02	
   2.4341534e-03	   1.3819003e-04	   6.0398869e-04	   1.6580930e-05	   4.3691522e-13	   2.2375043e+02	
  -1.0999878e-03	  -3.2278906e-05	  -5.5680580e-05	   3.6120915e-06	   1.1397788e-12	   2.2363529e+02	
   7.2156663e-04	  -1.2746671e-05	  -1.0534852e-03	  -1.2816609e-05	  -9.5741422e-13	   2.2390114e+02	
   7.4647310e-04	   4.2508611e-05	   6.4942844e-04	   1.5657999e-05	   1.2917493e-13	   2.2384288e+02	
  -7.6729631e-04	  -3.2785753e-05	  -2.8966747e-04	   2.5898343e-05	  -3.6852849e-13	   2.2388912e+02	
   1.4595874e-03	   2.9035385e-05	   1.4729429e-03	   1.9458605e-05	  -8.7383043e-14	   2.2387501e+02	
   1.3854301e-03	  -2.1004206e-06	  -1.1594313e-04	  -1.3930063e-05	  -9.1942159e-13	   2.2389805e+02	
   8.2178483e-04	   2.1502404e-05	   1.9559974e-03	   4.3527121e-05	   8.0924297e-13	   2.2372151e+02	
   6.8514655e-04	  -1.7173103e-05	  -1.6320854e-03	  -4.4126659e-07	  -7.5605329e-13	   2.2388225e+02	
   5.1893520e-04	   9.8592424e-06	   2.1174178e-03	  -3.1351349e-06	  -1.6716756e-13	   2.2389836e+02	
   4.1368040e-04	   9.1003213e-07	  -1.0474103e-03	  -3.5667399e-05	  -1.1397788e-12	   2.2391161e+02	
  -1.0350669e-03	  -1.9062835e-05	  -2.0548308e-04	  -1.6724623e-06	   1.6982705e-12	   2.2349751e+02	
  -7.3775773e-04	  -6.3038627e-06	   1.4794519e-04	   2.3871082e-05	  -1.0789906e-12	   2.2392701e+02	
   1.6293816e-04	   1.5228673e-05	   2.0119338e-03	   6.4573052e-06	  -2.6974766e-13	   2.2390077e+02	
  -5.9081954e-04	  -1.1371385e-05	  -1.7680552e-03	   8.4974551e-06	  -5.4329457e-13	   2.2388141e+02	
   1.3140044e-03	   6.3163936e-06	  -3.2605855e-03	  -6.1696697e-05	  -2.1655798e-13	   2.2387421e+02	
  -1.2279284e-03	   8.9575784e-06	   8.4794104e-04	   1.5820901e-05	  -8.1304223e-13	   2.2388934e+02	
   1.5342768e-03	   3.6104571e-05	  -1.8593089e-04	  -1.6923838e-05	  -8.7383043e-14	   2.2386887e+02	
  -1.2487720e-03	   1.0265081e-04	   3.8505485e-03	  -2.4713320e-04	   1.5273036e-12	   2.2363642e+02	
   2.0673615e-03	   1.2272328e-05	  -6.1689027e-04	  -1.6836624e-05	  -2.6214913e-13	   2.2389648e+02	
   4.3334930e-03	  -5.0262989e-05	   4.8035316e-04	  -2.3733214e-05	   1.2537567e-12	   2.2363971e+02	
   8.7597827e-04	  -1.6324330e-05	  -2.2394418e-03	   6.8521729e-06	  -1.4437198e-13	   2.2389975e+02	
   2.6543643e-03	   9.1011083e-05	   2.5227376e-03	   6.9150130e-05	   9.1942159e-13	   2.2366333e+02	
   1.8996558e-04	  -5.0852658e-06	  -1.6713109e-03	  -5.0921121e-05	   7.7125034e-13	   2.2371716e+02	
  -9.2249361e-04	  -2.9332489e-05	  -2.9414959e-04	   1.3179792e-05	  -1.1055855e-12	   2.2392159e+02	
  -1.7405414e-03	  -1.1329825e-04	   9.7271503e-04	   9.0640507e-05	   3.0014176e-13	   2.2380251e+02	
  -1.3216763e-04	   7.0142918e-07	  -2.5153017e-04	   5.6467750e-06	  -1.3411397e-12	   2.2391316e+02	
   3.6678585e-04	  -5.0404918e-06	  -1.3608712e-03	  -4.9702816e-05	   3.4193365e-14	   2.2384961e+02	
  -6.2240844e-04	  -4.0797128e-05	  -3.2453276e-03	  -1.2545980e-04	   7.3705698e-13	   2.2369666e+02	
   1.8778913e-04	  -8.3953067e-06	  -4.3675654e-05	   1.1189466e-06	   2.8836405e-12	   2.2309183e+02	
   2.1037393e-03	   9.4204748e-05	   2.5669478e-03	   9.5288571e-05	   8.0544371e-13	   2.2368327e+02	
   7.6898868e-04	   6.2287348e-05	  -9.2851257e-05	  -5.6231868e-05	   8.7383043e-14	   2.2385366e+02	
  -2.2708052e-04	   1.4077204e-05	   2.2307854e-03	  -2.3802035e-05	  -6.2687836e-13	   2.2386586e+02	
  -1.5744614e-03	  -3.7365160e-05	  -1.5707033e-03	  -2.6922102e-05	   7.3705698e-13	   2.2373609e+02	
   9.5734442e-04	   2.2229046e-06	   1.6975740e-05	  -6.8458905e-06	  -1.1397788e-12	   2.2391030e+02	
   8.4802757e-04	  -2.5569635e-06	  -2.0486672e-03	  -2.9174659e-05	  -1.2157641e-13	   2.2388218e+02	
  -1.9782148e-03	   1.4283701e-05	  -7.1638569e-04	   1.5309231e-05	  -6.1168130e-13	   2.2387372e+02	
   1.5128036e-03	   3.4255947e-05	   1.2494602e-03	   1.9090593e-05	  -6.0788204e-14	   2.2386815e+02	
   1.2606391e-04	   3.6676469e-05	   1.0760936e-03	   7.9288435e-05	  -4.1791890e-14	   2.2384169e+02	
   7.1052405e-04	   1.9300161e-06	   2.1180320e-04	  -4.3169750e-06	   1.8996314e-12	   2.2344025e+02	
   2.4554289e-03	   1.3045097e-04	   1.1322549e-03	   4.3199146e-05	   1.1055855e-12	   2.2361822e+02	
  -8.0671606e-04	  -3.6367834e-05	  -8.6237819e-05	   1.3457280e-05	   2.2035724e-13	   2.2382550e+02	
   2.5125189e-03	   9.1756454e-05	  -2.0857800e-03	  -9.7434496e-05	   7.1046214e-13	   2.2370212e+02	
  -3.6370245e-04	   1.4896995e-05	   2.1057809e-03	   5.2331802e-07	  -3.5333144e-13	   2.2391028e+02	
   1.7712266e-03	  -1.7631197e-05	  -1.0492710e-03	  -5.3198603e-06	  -5.5849163e-13	   2.2387740e+02	
  -1.1631120e-03	  -1.6349219e-05	  -1.6768245e-03	   2.1751482e-06	  -2.3175503e-13	   2.2389773e+02	
  -1.9532545e-03	   1.0649226e-05	  -6.2609352e-04	   1.4678981e-05	  -5.7368868e-13	   2.2387633e+02	
   2.5478742e-04	  -9.0962634e-06	  -1.4237615e-03	  -4.9238617e-05	   3.4193365e-14	   2.2385028e+02	
   1.4512986e-03	   7.2493041e-06	   6.8723716e-04	  -1.3589314e-05	  -6.9146582e-13	   2.2388570e+02	
  -2.0376286e-03	  -5.5577752e-05	  -4.6595823e-04	  -5.2479011e-06	   4.0652112e-13	   2.2379495e+02	
   9.3952278e-04	   8.0958049e-06	   1.6672056e-03	  -1.3037123e-05	  -5.8888573e-13	   2.2388212e+02	
  -2.0958359e-03	  -4.3615558e-06	   6.7527666e-04	   1.4524358e-05	  -3.0014176e-13	   2.2390177e+02	
  -3.0609880e-03	  -1.3468340e-04	   4.5551598e-04	   3.7312602e-05	   7.3705698e-13	   2.2369505e+02	
  -2.5778366e-03	  -6.1948042e-05	  -2.9610984e-03	  -4.5536970e-05	   1.1397788e-14	   2.2384965e+02	
  -8.3566432e-04	   1.6365973e-05	   1.4401916e-03	   1.1312045e-05	  -7.0666287e-13	   2.2388392e+02	
  -3.1801799e-04	   7.5823538e-06	   2.1813871e-03	   2.3714337e-05	  -1.8616388e-13	   2.2389022e+02	
   1.1227743e-04	  -1.8086955e-06	   2.4095218e-04	   6.1272772e-07	  -1.3639354e-12	   2.2391014e+02	
   8.6637358e-04	   1.5703128e-05	  -1.6127474e-03	  -5.2139593e-05	   6.3447688e-13	   2.2374454e+02	
  -2.8157906e-04	   8.5805099e-07	   1.2797013e-03	   1.0031085e-04	   6.4587467e-14	   2.2381625e+02	
   8.4868687e-04	   1.0243870e-05	   9.6131406e-04	  -2.7103826e-05	  -9.9920615e-13	   2.2397253e+02	
  -1.1040498e-03	   1.1858662e-05	   1.1309869e-03	   1.5954826e-05	  -7.2185992e-13	   2.2388564e+02	
  -1.8972252e-03	  -3.8834133e-05	  -7.2843038e-04	  -4.6897978e-06	  -3.0394102e-14	   2.2386681e+02	
  -8.3075627e-05	  -9.2651829e-06	  -8.6809241e-04	  -1.1800883e-06	  -1.1093847e-12	   2.2392181e+02	
   6.1345840e-04	   7.0035850e-06	   1.7787752e-03	  -3.2597644e-05	  -9.1942159e-13	   2.2395891e+02	
  -1.5735242e-04	   1.9881705e-05	   1.5716200e-03	   5.6723617e-06	  -7.5985255e-13	   2.2388451e+02	
  -1.0129270e-03	  -1.1569925e-06	   2.1397430e-03	   2.5658288e-05	  -6.4587467e-14	   2.2387789e+02	
   2.5838521e-04	  -9.2186641e-06	  -6.9749929e-04	  -3.1534015e-05	  -1.1511767e-12	   2.2392566e+02	
  -4.8349002e-04	   6.8948649e-06	   2.2628397e-03	   1.8538234e-05	  -1.7856535e-13	   2.2389210e+02	
  -1.3910947e-03	   4.8833423e-06	  -1.5600447e-03	   1.8601587e-05	  -6.0028352e-13	   2.2387359e+02	
  -4.3095381e-04	  -3.6090544e-05	  -1.1369123e-03	  -3.9464642e-05	   7.2185992e-14	   2.2384764e+02	
  -5.3256446e-04	  -2.9848856e-05	  -8.3114341e-04	  -4.0313992e-06	  -1.0409980e-12	   2.2392153e+02	
  -8.9933088e-04	  -4.0852028e-05	  -2.0219928e-04	   7.5897162e-06	   1.3677346e-13	   2.2384169e+02	
  -3.9373778e-03	   3.1465599e-04	  -3.7702698e-04	   5.2432009e-05	   1.5766941e-12	   2.2363703e+02	
  -3.8728831e-03	  -6.8413669e-05	  -5.5749737e-04	   9.0048409e-06	  -2.2795577e-14	   2.2385357e+02	
  -1.9801031e-04	  -2.6200111e-05	  -8.7576621e-04	  -1.5013186e-05	  -1.0865891e-12	   2.2392306e+02	
   2.5195636e-04	   1.1165136e-05	   2.2849186e-03	   2.2624341e-05	  -1.1777715e-13	   2.2388341e+02	
  -7.2464970e-04	  -1.1306048e-05	   1.4612308e-04	   2.6030951e-05	  -1.0713921e-12	   2.2392636e+02	
  -2.5504870e-04	   2.3563238e-05	   1.0303581e-03	   2.7846768e-05	   2.3175503e-13	   2.2382206e+02	
   1.2504673e-03	   1.3345555e-05	   2.9553901e-04	  -1.8262530e-05	  -5.6609015e-13	   2.2389030e+02	
   1.0693030e-03	   3.6516401e-05	  -2.2682101e-04	  -2.1629729e-05	   1.5197051e-13	   2.2383971e+02	
  -7.2309603e-04	   1.6138732e-05	   1.4251946e-03	   1.5947931e-05	  -5.3569605e-13	   2.2388259e+02	
   1.5834816e-03	   3.9565540e-05	   3.7810977e-04	   5.1672586e-06	   1.0599944e-12	   2.2365495e+02	
  -4.7495603e-05	   1.0328744e-05	   3.5267775e-03	   1.2085859e-04	   9.2702011e-13	   2.2366200e+02	
  -3.7787312e-04	   6.7082098e-06	   2.1221361e-03	   2.6125068e-05	  -1.8996314e-13	   2.2388973e+02	
   2.4018569e-04	   3.6669433e-05	   1.0977904e-03	   1.5181645e-05	  -4.7110858e-13	   2.2388462e+02	
  -1.9515238e-04	  -2.6168657e-05	  -1.3720910e-03	  -3.0953108e-06	  -2.0516019e-13	   2.2389830e+02	
  -1.4379924e-03	   5.9146248e-05	  -3.9218191e-03	   2.1744617e-04	   1.4855118e-12	   2.2363063e+02	
  -2.1178081e-04	  -3.1794567e-05	  -1.2607181e-03	  -1.8102697e-05	   1.5197051e-13	   2.2383513e+02	
   3.8595101e-06	   2.2828837e-05	   3.9389466e-03	  -3.2593621e-04	   1.5766941e-12	   2.2364141e+02	
   4.6038533e-04	   1.2641628e-05	   2.1115381e-03	   6.2969418e-06	  -3.5333144e-13	   2.2390638e+02	
   3.7121052e-04	   6.0241415e-06	   7.9273604e-04	  -9.5788187e-07	  -1.1587751e-12	   2.2390995e+02	
  -8.3423836e-04	  -4.7938065e-05	  -4.1625384e-04	  -1.8647081e-06	   1.4817125e-13	   2.2383924e+02	
   8.0313320e-04	   3.1413685e-05	  -1.0643815e-04	  -4.4099841e-05	  -3.4193365e-13	   2.2388458e+02	
   9.0977641e-04	   3.3493004e-05	   1.1666257e-03	   2.8714641e-05	   5.6988941e-14	   2.2384797e+02	
   1.8032672e-03	  -8.0674830e-06	  -1.3556503e-04	  -1.2578387e-05	  -7.0286361e-13	   2.2388165e+02	
   4.7812604e-05	  -1.6691269e-05	  -2.1144417e-03	   2.0949403e-06	  -3.3813439e-13	   2.2391024e+02	
  -7.4815100e-04	   1.5729993e-05	   1.3993889e-03	   1.6485525e-05	  -6.3827614e-13	   2.2388339e+02	
   1.6797670e-03	   2.4020601e-05	  -1.3460265e-03	  -3.3946286e-05	   4.5591153e-14	   2.2385850e+02	
   3.0577485e-04	  -2.4993461e-06	  -1.0143229e-03	  -3.7606751e-05	  -1.1207826e-12	   2.2391772e+02	
   1.6599022e-03	  -1.4885224e-05	  -1.5552392e-03	  -6.6637588e-06	  -3.7232775e-13	   2.2391206e+02	
   3.9811818e-04	   7.2321156e-06	   2.1662142e-03	  -2.2765046e-05	  -5.9268499e-13	   2.2386895e+02	
   8.9627328e-04	   2.6047897e-05	   8.8469922e-04	  -4.1464202e-06	   2.6594839e-14	   2.2385642e+02	
  -3.5336749e-03	  -1.1814587e-04	  -8.2542526e-05	   1.3881063e-05	   9.1562233e-13	   2.2366495e+02	
  -3.2500060e-04	   7.5182562e-06	   2.2231576e-03	   2.1539108e-05	  -1.8616388e-13	   2.2389163e+02	
  -5.1688823e-06	   1.7915734e-05	   1.8168226e-03	  -3.8672336e-06	  -6.9146582e-13	   2.2388180e+02	
  -2.1010782e-03	  -1.0164755e-05	   4.1314821e-04	   1.4245478e-05	  -2.9634250e-13	   2.2390110e+02	
   1.9789939e-03	  -1.2767563e-05	  -2.9931214e-04	  -1.0743399e-05	  -5.8888573e-13	   2.2387754e+02	
  -7.2446232e-04	  -2.7191240e-05	  -1.9273992e-03	  -4.8628546e-05	   3.9892259e-13	   2.2379427e+02	
  -1.9166190e-04	  -1.4555477e-05	  -1.2438915e-03	  -2.9197818e-05	  -1.0941877e-12	   2.2389464e+02	
   9.4038027e-04	   1.7200402e-05	  -1.1191371e-03	  -4.4973855e-05	   6.8386730e-14	   2.2384619e+02	
   1.9066489e-03	  -1.0877663e-05	  -3.2322532e-04	  -1.1688435e-05	  -6.1168130e-13	   2.2387977e+02	
  -2.0433148e-03	  -3.3993432e-06	  -1.1040397e-04	   1.3517038e-05	  -2.8114544e-13	   2.2390394e+02	
  -1.5484705e-03	   5.8872121e-06	   7.3572732e-04	   1.5669129e-05	  -5.3949531e-13	   2.2388032e+02	
   7.4656034e-04	   3.9023471e-05	   1.2740128e-04	  -1.2604038e-05	   2.7734618e-13	   2.2381327e+02	
   1.4224243e-04	  -3.7613754e-05	  -3.8518397e-03	   3.8889944e-04	   1.5842925e-12	   2.2365515e+02	
  -7.7684504e-04	  -5.7875571e-06	   1.5816741e-03	   4.1136805e-05	  -1.3297420e-13	   2.2387394e+02	
   1.8592961e-03	  -7.5404563e-06	   6.1129059e-05	  -1.3037700e-05	  -6.7246951e-13	   2.2388130e+02	
   3.8951151e-03	   1.0599134e-04	  -9.7348973e-04	  -4.2631720e-05	   2.3935355e-13	   2.2381963e+02	
   1.2773466e-03	  -8.1716692e-06	  -7.4786410e-04	  -4.3185676e-06	  -9.5361495e-13	   2.2388112e+02	
  -8.9609136e-04	  -7.5253447e-05	  -4.5434382e-04	   1.4898386e-05	  -8.3203854e-13	   2.2397533e+02	
  -5.9009981e-05	   3.7254341e-06	  -2.0891443e-04	  -2.2683382e-06	  -1.3677346e-12	   2.2390836e+02	
   3.6997111e-03	   4.2346757e-05	  -2.1664917e-03	  -4.3567507e-05	   7.2185992e-14	   2.2384331e+02	
   4.4276352e-04	  -1.5756358e-05	  -1.0565866e-03	  -1.6264072e-05	  -9.3461864e-13	   2.2390662e+02	
  -3.1786836e-05	   2.1647771e-05	   1.1132418e-03	   3.5313398e-05	  -5.2429826e-13	   2.2393055e+02	
  -1.4052887e-03	   9.0605423e-06	   8.4910363e-04	   1.4849818e-05	  -7.1806066e-13	   2.2388505e+02	
   1.6150773e-03	  -2.8195624e-05	  -1.6271913e-03	   8.6366388e-06	  -3.3053586e-13	   2.2392198e+02	
   3.0697577e-03	  -2.8143932e-04	  -2.2563290e-03	   1.7445456e-04	   1.7476609e-12	   2.2358227e+02	
   2.4368255e-04	   7.1876613e-06	   1.2969142e-04	  -9.5924508e-06	   2.0136093e-12	   2.2339307e+02	
   4.1890519e-03	  -1.7214789e-04	  -9.1813192e-04	   1.6496265e-05	   1.4057272e-12	   2.2363501e+02	
   2.2011712e-03	  -2.6874839e-05	   4.5800823e-04	  -1.5955275e-05	  -4.0272185e-13	   2.2392848e+02	
  -1.0660901e-03	  -7.3906944e-05	   1.3596212e-04	   4.2019030e-05	  -4.1791890e-14	   2.2384118e+02	
   1.4866798e-03	   1.1112985e-05	  -9.8471828e-04	  -2.8516577e-05	   1.0637936e-13	   2.2384578e+02	
   1.9652544e-04	  -1.6730674e-05	  -1.6458855e-03	  -1.0488195e-06	  -7.4845476e-13	   2.2388351e+02	
  -1.5938572e-04	   6.9733766e-06	   3.5530701e-04	   5.6662185e-06	   1.5425007e-12	   2.2353123e+02	
   6.9857548e-04	  -1.5725746e-05	  -1.7390461e-03	  -3.2679056e-06	  -5.2809752e-13	   2.2387783e+02	
  -6.4604392e-04	  -3.1886804e-05	   1.0239656e-03	   1.0776987e-04	  -3.7992628e-14	   2.2387124e+02	
  -7.6479828e-04	  -8.6790218e-06	   9.2720881e-04	   3.3603206e-05	  -1.0713921e-12	   2.2389627e+02	
   5.1976575e-04	   2.4839901e-05	   3.8846656e-03	   7.3884217e-05	   3.7992628e-15	   2.2385249e+02	
  -3.9743511e-04	   5.6246069e-06	  -1.3612448e-04	   5.9461198e-06	  -1.2575560e-12	   2.2391372e+02	
   1.7133837e-03	   4.0453382e-05	   1.0318794e-03	   1.6852769e-05	   3.7992628e-14	   2.2385501e+02	
  -1.5570385e-03	   4.3849415e-06	   1.5817886e-04	   9.3753827e-06	  -7.5225403e-13	   2.2387122e+02	
   1.4910978e-03	  -1.1886507e-05	  -7.4634306e-04	  -1.5933458e-05	  -3.9132406e-13	   2.2392010e+02	
   1.0610360e-04	   5.8233437e-06	   3.1722819e-05	  -2.8008069e-06	  -1.2879501e-12	   2.2390409e+02	
  -5.8654086e-04	   1.2640656e-05	   1.4696026e-03	   2.1495843e-05	  -1.8236461e-13	   2.2388660e+02	
  -2.4456657e-04	  -9.6675979e-06	  -1.0538018e-04	   1.3820447e-05	  -1.2879501e-12	   2.2392674e+02	
  -2.0157493e-03	  -3.9218605e-05	  -1.3900571e-04	   7.0159951e-06	  -2.2795577e-14	   2.2386660e+02	
  -7.7902292e-04	  -1.2871926e-05	  -1.5103535e-03	   6.0646973e-06	  -5.6229089e-13	   2.2388040e+02	
   7.4146884e-04	   3.7997947e-06	  -3.8443498e-03	  -1.0352810e-04	   1.2537567e-13	   2.2383566e+02	
  -5.5204434e-04	  -6.4122316e-05	  -1.1967920e-03	  -7.5564003e-05	   5.6988941e-14	   2.2382061e+02	
  -1.4411475e-04	   1.2000295e-05	   4.0167071e-03	   7.9175468e-05	   4.9390416e-14	   2.2384654e+02	
   5.7284678e-05	  -2.1863940e-06	  -9.9391143e-05	  -8.3292800e-06	  -1.2803515e-12	   2.2390713e+02	
  -1.1994358e-04	   8.2986968e-06	   2.2704770e-03	   2.2433209e-05	  -1.4817125e-13	   2.2388785e+02	
   3.0354281e-03	   1.2745752e-04	   1.3273016e-03	   4.1239891e-05	   8.0544371e-13	   2.2368163e+02	
  -1.3236366e-03	   8.8189510e-07	   1.1456076e-03	   2.2188884e-05	  -2.0516019e-13	   2.2389143e+02	
  -9.2211691e-04	  -1.1749577e-05	  -8.2677238e-04	  -7.7234974e-06	  -1.2765523e-12	   2.2410050e+02	
  -1.5542258e-03	  -3.9578685e-05	   2.0581374e-05	   1.2550399e-05	  -8.3583781e-14	   2.2386893e+02	
   2.4066361e-04	   2.2613338e-05	   1.5269162e-03	   5.5768553e-06	  -6.2307909e-13	   2.2388386e+02	
  -1.4020672e-03	   1.4965690e-05	   1.5348822e-03	   6.6998070e-06	  -3.8372554e-13	   2.2391488e+02	
   2.0149713e-03	  -1.9178890e-04	   3.0808781e-03	  -3.4336082e-04	   1.6944712e-12	   2.2361955e+02	
  -1.7515523e-03	   2.3197872e-07	  -1.4688104e-04	   1.6019187e-05	  -7.1046214e-13	   2.2394347e+02	
   7.9338727e-05	   3.5273322e-05	   1.0646083e-03	   2.2880718e-05	  -4.4071448e-13	   2.2388462e+02	
   5.6343021e-04	   2.7720370e-06	  -1.3324253e-03	  -5.0032221e-05	   8.3583781e-14	   2.2384353e+02	
   8.4386113e-04	   2.3739958e-05	   1.2161318e-04	  -3.0945146e-05	  -4.1411964e-13	   2.2389310e+02	
   1.2760736e-03	  -9.5660319e-06	  -1.4844550e-03	  -1.6709479e-05	  -2.5075134e-13	   2.2390145e+02	
  -9.6550380e-04	  -3.2722943e-05	  -3.4928318e-04	   1.0901559e-05	  -1.0485965e-12	   2.2391781e+02	
  -1.0681323e-03	  -4.2536980e-05	  -9.6578419e-04	  -2.2813476e-05	   1.4437198e-13	   2.2383523e+02	
  -1.0306390e-03	  -1.1241199e-05	  -1.3022269e-03	   7.8990490e-06	  -5.8128720e-13	   2.2388118e+02	
   1.2420765e-04	  -1.6350465e-05	  -2.1816095e-03	   8.1286341e-06	  -3.9132406e-13	   2.2391588e+02	
  -3.4613265e-03	   3.6634600e-04	   1.3683387e-03	  -1.1879944e-04	   1.6602778e-12	   2.2362836e+02	
  -7.3654374e-04	   8.2765106e-06	   1.0245662e-03	   2.9063781e-05	   3.4193365e-14	   2.2385674e+02	
  -8.0527408e-04	  -2.5358104e-05	  -3.0636534e-04	   1.4813719e-05	  -1.0561950e-12	   2.2392443e+02	
  -1.1195949e-03	   2.9175075e-05	   1.2172851e-03	   2.4702215e-06	  -8.9662601e-13	   2.2396224e+02	
  -6.8792013e-04	  -4.0864147e-05	  -5.4041915e-04	   1.2359189e-05	  -3.4573291e-13	   2.2388407e+02	
   4.4039762e-04	   1.8178654e-05	   1.6670277e-03	   5.7132245e-06	  -2.6594839e-13	   2.2389924e+02	
  -1.2122674e-03	   7.3248372e-06	   9.6993033e-04	   1.9715397e-05	  -5.5089310e-13	   2.2388204e+02	
   8.9649240e-04	   2.5647794e-05	  -5.8551613e-04	  -3.5998681e-05	   1.8236461e-13	   2.2383715e+02	
   8.8990951e-04	   7.8820238e-05	   6.9891974e-04	   2.0269301e-05	  -1.4057272e-13	   2.2385544e+02	
  -1.4443969e-03	  -3.9062965e-05	  -1.5130628e-03	  -2.9174473e-05	   1.4437198e-13	   2.2384204e+02	
   3.7139111e-03	   9.3632734e-05	   7.1418486e-04	   3.3554801e-06	   1.0561950e-12	   2.2363732e+02	
  -1.1165844e-03	  -4.3804921e-05	  -4.9980190e-04	  -4.2665754e-06	   7.5985255e-15	   2.2385519e+02	
   3.9133947e-03	  -2.3629705e-04	   2.3267239e-05	  -2.5311234e-05	   1.7590587e-12	   2.2355131e+02	
   9.5271061e-04	   1.2004784e-05	  -1.4548254e-03	  -4.5136152e-05	   2.6594839e-14	   2.2385206e+02	
  -8.8256305e-04	  -2.2279534e-05	  -9.4298564e-04	   5.6414966e-06	  -5.6229089e-13	   2.2388685e+02	
  -1.8913321e-03	   2.1391431e-06	   6.4777411e-04	   1.4764712e-05	  -3.0014176e-13	   2.2390676e+02	
  -2.2753952e-05	  -1.6614793e-05	  -3.2391934e-04	  -2.8876059e-06	  -1.2727531e-12	   2.2392394e+02	
  -1.3145257e-03	  -7.7412254e-06	   5.9380203e-04	   2.4953284e-05	  -6.0788204e-14	   2.2387153e+02	
  -3.4109046e-04	  -2.9483266e-05	  -8.7431275e-04	  -1.1909295e-05	  -1.0258009e-12	   2.2392220e+02	
   2.9253399e-04	   1.1134210e-05	   2.2733002e-03	   3.2489562e-05	  -1.1397788e-14	   2.2386838e+02	
  -6.0769660e-04	   1.7813372e-05	   1.6457120e-03	   7.5389291e-06	  -6.5347319e-13	   2.2388145e+02	
   1.0074117e-03	   3.5534358e-05	   7.4365653e-04	   1.2020883e-05	  -8.7383043e-14	   2.2386679e+02	
  -6.8487485e-04	  -1.1767065e-05	   2.1423168e-04	   4.1709198e-05	  -3.2293733e-13	   2.2388061e+02	
   8.0071168e-04	   3.5294535e-05	   4.7975369e-04	   7.4618131e-06	   2.3555429e-13	   2.2382670e+02	
  -1.2240924e-03	  -7.6673183e-05	   7.3838137e-04	   7.4633873e-05	   1.5956904e-13	   2.2379906e+02	
   3.4786462e-03	   1.0071258e-04	  -1.3426388e-03	  -5.6547459e-05	   1.1397788e-13	   2.2383732e+02	
  -1.1515531e-03	   1.4193138e-05	   1.4379338e-03	   9.1917539e-06	  -5.3949531e-13	   2.2387854e+02	
   1.8325132e-03	   6.7822111e-05	  -1.0278189e-03	  -6.7067176e-05	  -6.1548057e-13	   2.2393024e+02	
   2.9412990e-03	   1.3791727e-04	  -4.1452933e-04	  -3.5024976e-05	   6.7246951e-13	   2.2370548e+02	
  -2.9851322e-03	  -4.8167502e-05	   2.6500039e-03	   6.6055956e-05	   4.9390416e-14	   2.2384754e+02	
  -6.9648509e-04	  -1.6624539e-05	  -9.5328778e-04	   6.3727803e-06	  -9.0802380e-13	   2.2390323e+02	
   9.4888652e-04	   3.3665132e-05	   1.2534041e-03	   3.9453651e-05	   5.5849163e-13	   2.2375805e+02	
  -1.0303342e-03	  -2.8137518e-05	   5.5539429e-05	   2.1516141e-05	  -1.0599944e-12	   2.2391656e+02	
   4.7266776e-04	   1.4355042e-05	  -3.7986711e-04	  -3.7472990e-05	   3.5333144e-13	   2.2379789e+02	
  -2.6847510e-03	   1.8129398e-04	  -3.0461861e-03	   2.3693219e-04	   1.5311029e-12	   2.2364347e+02	
  -9.3997433e-05	  -1.6764034e-05	  -1.7622234e-03	  -4.3749129e-05	   2.6594839e-14	   2.2385282e+02	
  -1.0539633e-03	  -3.7816631e-06	   2.1982407e-04	   2.0731355e-05	  -8.3963707e-13	   2.2390384e+02	
   5.5800049e-04	   1.5176568e-05	   1.9526263e-03	   1.4254039e-05	  -3.3053586e-13	   2.2390490e+02	
   9.6395853e-04	   2.1822557e-05	   9.4103224e-04	  -6.6029117e-06	  -5.7368868e-13	   2.2388730e+02	
   1.7563069e-03	   2.9100871e-05	   6.9474995e-04	   7.8570815e-07	  -2.4695208e-13	   2.2389216e+02	
  -2.9520636e-04	  -8.1521387e-06	   2.5379142e-04	   1.7354535e-05	  -1.3335413e-12	   2.2391666e+02	
  -1.1078799e-03	  -1.5541428e-05	   1.3325908e-03	   3.8718743e-05	  -1.1397788e-13	   2.2387224e+02	
  -4.3947393e-04	   5.5734437e-06	   5.4541360e-04	   3.0598110e-05	  -1.0599944e-12	   2.2392695e+02	
   6.4381963e-04	   2.0169416e-05	  -9.9477277e-05	  -2.0758913e-05	   3.5713070e-13	   2.2380010e+02	
  -3.6881686e-03	   3.3141741e-04	  -1.1279853e-03	   1.2505307e-04	   1.6298837e-12	   2.2362963e+02	
   2.9683681e-03	   3.3916421e-05	  -2.8479196e-03	  -5.5279252e-05	   1.8996314e-14	   2.2385149e+02	
  -1.1081949e-03	  -1.7388422e-05	  -2.8280648e-04	   1.7896428e-05	  -5.1669974e-13	   2.2388531e+02	
  -2.1203714e-03	  -6.2111933e-05	   2.7069180e-03	   1.0678542e-04	   7.5985255e-14	   2.2384437e+02	
   8.3881671e-04	   3.1600590e-05	  -2.0154424e-03	  -1.2624434e-04	   3.8752480e-13	   2.2375599e+02	
  -5.1103865e-04	  -1.9762731e-05	  -1.7565228e-03	  -4.0851048e-06	  -2.3175503e-13	   2.2389674e+02	
  -3.9277158e-03	   3.2897319e-04	   3.1312123e-04	  -3.6639451e-06	   1.5766941e-12	   2.2363939e+02	
  -1.9372667e-03	  -4.6804697e-05	  -6.2240303e-04	  -6.4014041e-06	   1.0258009e-13	   2.2384801e+02	
  -3.3650582e-04	  -1.9140449e-05	  -2.0151176e-04	  -2.1962339e-06	  -1.3297420e-12	   2.2391721e+02	
  -7.0548241e-04	  -4.5574285e-05	  -7.0956767e-04	  -1.8487756e-05	   2.7734618e-13	   2.2382016e+02	
   9.0325864e-04	   7.3706498e-05	   1.6375128e-03	   9.8981301e-05	   3.2673660e-13	   2.2376535e+02	
  -1.3216468e-03	  -2.5832928e-05	   1.0899429e-03	   3.6870846e-05	  -3.0394102e-14	   2.2386045e+02	
  -4.2012011e-04	  -1.4775793e-05	  -1.6468456e-03	   1.9547788e-06	  -5.3189679e-13	   2.2387760e+02	
  -1.1315819e-03	  -4.5697238e-05	  -4.7254421e-04	  -6.0244704e-06	   1.9756166e-13	   2.2382499e+02	
  -2.6441730e-04	   4.6088250e-06	   1.3647068e-04	   6.2477278e-06	  -1.2993479e-12	   2.2389985e+02	
  -9.4857601e-04	   6.3468316e-06	   1.1698941e-03	   2.4123441e-05	  -1.5956904e-13	   2.2388513e+02	
  -1.3935433e-03	   9.3824790e-05	   3.7908645e-03	  -1.9649092e-04	   1.5576977e-12	   2.2360732e+02	
  -1.5004879e-03	  -8.5063278e-06	   1.3519837e-03	   2.4788261e-05	  -2.7354692e-13	   2.2389901e+02	
   1.5912250e-03	   6.2400151e-06	   3.9834775e-04	  -1.2667843e-05	  -4.3691522e-13	   2.2387556e+02	
  -1.9005185e-03	  -4.6819616e-05	  -7.6992959e-04	  -1.0384722e-05	   1.1777715e-13	   2.2384587e+02	
  -3.3689593e-04	  -1.5954280e-05	  -1.6028788e-03	   2.2695260e-06	  -6.9906435e-13	   2.2388413e+02	
  -6.0288453e-04	  -3.9401090e-05	  -1.0233162e-03	  -3.2196975e-05	   1.9756166e-13	   2.2382991e+02	
   1.4310153e-03	   3.7979980e-06	   1.1765103e-03	  -1.2474375e-05	  -6.0028352e-13	   2.2387916e+02	
  -7.9425035e-04	  -2.4917696e-05	  -1.5948791e-03	  -1.1752154e-05	   4.1791890e-14	   2.2385713e+02	
   3.4817162e-04	  -2.2959232e-05	  -8.5617006e-04	  -3.3988683e-05	  -3.5713070e-13	   2.2388523e+02	
  -5.0323816e-04	  -2.6217718e-05	  -3.7765266e-03	  -7.4769185e-05	  -3.4193365e-14	   2.2385748e+02	
  -4.8722805e-04	  -1.5825905e-05	  -1.4649772e-03	   2.8221286e-06	  -7.4085624e-13	   2.2388832e+02	
   2.0067191e-03	   1.1562554e-04	   1.4104931e-03	   6.0019065e-05	  -9.1182306e-14	   2.2386801e+02	
  -4.1726833e-04	   1.7789772e-05	   1.4567571e-03	   1.1919491e-05	  -7.4845476e-13	   2.2388642e+02	
   1.2206519e-03	   1.4215277e-05	   1.7186767e-03	   3.3253282e-06	  -3.4953217e-13	   2.2390773e+02	
   1.6876366e-03	   7.5728327e-05	  -1.9915154e-03	  -1.1696959e-04	   5.6988941e-13	   2.2372352e+02	
   1.2507182e-03	   8.2691484e-05	   7.1972243e-05	  -3.3321736e-05	  -7.6745108e-13	   2.2396488e+02	
  -1.4888288e-03	   2.8308566e-07	   4.4846754e-04	   1.7879929e-05	  -5.5089310e-13	   2.2388069e+02	
  -1.2910312e-03	  -5.4558779e-05	  -3.1971819e-03	  -9.0638441e-05	  -3.4193365e-14	   2.2385951e+02	
  -2.9235402e-04	   3.2615068e-06	   9.4305292e-04	   8.2760078e-05	   2.6594839e-14	   2.2382994e+02	
   7.3351818e-04	   3.9332535e-05	   5.5375658e-04	   9.4904637e-06	   1.1017862e-13	   2.2384719e+02	
   3.7418388e-03	   5.8944319e-05	  -8.1234038e-04	  -2.8906096e-05	   1.2195633e-12	   2.2360556e+02	
  -1.5890440e-03	  -2.1495111e-05	  -1.2977875e-03	  -2.9157179e-06	  -2.7734618e-13	   2.2390069e+02	
   6.3165112e-04	  -1.2951853e-05	  -1.0109798e-03	  -2.8733321e-05	  -4.4451374e-13	   2.2387922e+02	
   1.2113781e-03	   8.5571443e-06	  -1.4256145e-03	  -3.3423952e-05	  -2.0895945e-13	   2.2388644e+02	
   1.3059586e-04	  -3.6433151e-06	   1.7816329e-04	   1.3222109e-06	  -1.3221434e-12	   2.2390341e+02	
   5.0979129e-04	  -1.1378091e-06	  -2.4890422e-03	  -4.0852512e-05	   3.4573291e-13	   2.2381462e+02	
   8.8165122e-04	   5.6839006e-05	   3.2887891e-04	  -1.9183956e-05	  -2.3935355e-13	   2.2387104e+02	
  -2.3572534e-03	   5.3001215e-05	  -2.6487123e-04	   1.4322141e-05	  -5.0530195e-13	   2.2393858e+02	
   1.1259560e-03	  -3.2620736e-06	  -7.6784432e-04	  -2.0534648e-05	  -7.1046214e-13	   2.2389382e+02	
  -2.5781335e-04	   1.9668767e-05	   1.3247873e-03	   1.8343075e-05	  -1.3297420e-13	   2.2388294e+02	
   5.4852972e-04	   2.5012419e-05	   1.1152176e-03	   1.2551043e-06	  -8.0924297e-13	   2.2389766e+02	
  -8.5848642e-04	  -2.0046153e-05	  -1.4819064e-03	   1.2562025e-06	  -5.9648425e-13	   2.2393541e+02	
  -6.5783670e-04	  -1.5799939e-05	  -1.4528732e-03	   2.3929517e-06	  -5.3949531e-13	   2.2387973e+02	
  -1.6265836e-03	  -4.2371107e-05	   3.2395184e-04	   1.9487584e-05	   4.5591153e-14	   2.2384910e+02	
   1.7300147e-03	  -5.8479142e-05	   3.7302627e-03	  -1.7244785e-04	   1.5159059e-12	   2.2360707e+02	
   2.4752061e-03	  -4.5261044e-05	   1.5169989e-04	  -1.1302828e-05	  -4.5591153e-13	   2.2393276e+02	
  -1.2593978e-03	  -1.1427648e-05	  -9.4187167e-06	   1.9517180e-05	  -5.9268499e-13	   2.2388867e+02	
  -9.8401250e-04	  -2.9017260e-05	  -1.7048813e-03	  -3.0425046e-05	   0.0000000e+00	   2.2386135e+02	
   1.4912196e-03	  -2.4661695e-06	  -3.8751874e-04	  -1.4645117e-05	  -7.5225403e-13	   2.2388715e+02	
  -1.0106718e-03	  -3.5953988e-05	  -5.0681088e-04	  -1.5151293e-05	   1.0296003e-12	   2.2366231e+02	
   2.7423711e-03	   8.5536980e-05	  -2.0329590e-03	  -8.3453346e-05	   9.5741422e-13	   2.2365409e+02	
   1.2010534e-03	   4.2155290e-05	   5.1039241e-04	   8.4139692e-06	   1.4437198e-13	   2.2383192e+02	
   5.3797406e-05	   1.7738139e-05	   1.7456374e-03	   1.1029310e-06	  -5.3949531e-13	   2.2387846e+02	
   3.8491033e-03	   7.6535769e-05	  -9.2567794e-04	  -3.5334724e-05	   3.4193365e-14	   2.2385006e+02	
  -4.4113477e-04	  -3.0332875e-05	  -1.1180484e-03	  -7.5614282e-06	  -4.4071448e-13	   2.2387732e+02	
  -1.2161511e-03	  -5.6195841e-05	  -2.9776118e-03	  -9.2560640e-05	  -9.8780832e-14	   2.2386672e+02	
  -3.5465114e-03	   3.0300238e-04	  -1.7252627e-03	   1.7213033e-04	   1.5804933e-12	   2.2364444e+02	
  -1.1857474e-03	  -1.0583571e-05	  -1.8344366e-03	   6.3382769e-06	  -3.5333144e-13	   2.2391151e+02	
   1.9409101e-03	   5.8583820e-05	   3.0189379e-03	   6.8106073e-05	   1.2119649e-12	   2.2359937e+02	
   1.9805858e-03	   1.6524331e-05	   1.5907208e-03	   5.1012851e-06	   5.3189679e-14	   2.2386676e+02	
  -4.0787290e-03	   4.6816192e-05	   1.1446475e-04	   1.8043650e-05	   1.3905302e-12	   2.2360174e+02	
   2.8174971e-03	   3.4788303e-05	  -2.8706754e-03	  -5.9045339e-05	  -7.5985255e-15	   2.2385642e+02	
  -1.4949229e-03	  -1.2016484e-04	  -3.1752719e-04	   1.1780517e-06	   3.4193365e-13	   2.2377302e+02	
   2.0523905e-03	   6.0053862e-05	  -2.2940881e-03	  -9.4826053e-05	  -1.2917493e-13	   2.2387210e+02	
   6.6299523e-04	   1.3603236e-05	  -3.7877523e-04	  -5.1894538e-05	  -2.0516019e-13	   2.2386497e+02	
   2.7136143e-03	   8.8404595e-05	   2.3801780e-03	   5.8049201e-05	   7.5985255e-15	   2.2385304e+02	
   9.6806432e-04	   5.1138904e-05	  -6.2850762e-04	  -6.9926519e-05	   3.0394102e-14	   2.2382951e+02	
   3.3798789e-03	   9.8012817e-05	   1.4377450e-03	   2.4959803e-05	   3.7992628e-15	   2.2385270e+02	
  -1.0815122e-03	  -3.2523182e-05	   4.7570723e-06	   1.9716971e-05	  -9.9920615e-13	   2.2391316e+02	
  -4.2702795e-04	  -2.6597294e-05	  -1.4959423e-03	  -4.0539111e-05	   8.3583781e-14	   2.2384754e+02	
  -4.6412257e-04	  -1.7775749e-05	  -1.5041969e-03	  -5.6189424e-07	  -5.3569605e-13	   2.2387967e+02	
  -9.8624410e-04	  -2.8764868e-05	  -1.8036164e-03	  -3.5106456e-05	   7.5985255e-14	   2.2385259e+02	
  -1.8375891e-03	   6.0900844e-06	  -4.2659495e-04	   1.2423428e-05	  -6.1927983e-13	   2.2387396e+02	
  -7.4534973e-04	  -2.5389696e-05	  -1.4185217e-04	  -4.2271443e-06	   1.3069464e-12	   2.2359808e+02	
   9.4502399e-04	   2.7273250e-05	  -1.2268788e-04	  -2.4788637e-05	  -1.0637936e-12	   2.2392341e+02	
  -1.0489233e-03	  -2.0560732e-05	   1.1446395e-03	   4.1333474e-05	  -3.7992628e-15	   2.2385799e+02	
  -1.5258561e-03	  -2.5147914e-05	   3.1845208e-03	   8.3159011e-05	   1.2461582e-12	   2.2359141e+02	
  -2.0138879e-03	   4.9204031e-05	  -1.0060998e-03	   3.4343273e-05	  -6.1927983e-13	   2.2394670e+02	
   2.1337328e-03	  -3.5949292e-05	  -1.0976804e-03	   6.5307779e-06	  -5.1669974e-13	   2.2385742e+02	
   4.2743167e-04	   8.8889671e-06	   1.0768877e-07	  -6.1585229e-07	   1.6260845e-12	   2.2350667e+02	
   8.6107897e-04	  -1.0335079e-05	  -1.3093721e-03	   1.6230210e-06	  -8.8142896e-13	   2.2386922e+02	
  -8.4114244e-04	  -1.5079152e-05	   1.8887768e-03	   5.0628685e-05	   1.3677346e-13	   2.2384343e+02	
   3.0118535e-04	   1.1351494e-05	   4.3222274e-04	  -8.5264812e-06	  -1.0561950e-12	   2.2391384e+02	
  -5.7111399e-04	  -2.2391528e-06	   1.7193421e-03	   4.3430234e-05	  -6.4587467e-14	   2.2386815e+02	
   8.7332604e-05	   2.2128308e-05	   1.3501132e-03	   8.9663097e-06	  -8.0544371e-13	   2.2389437e+02	
   2.7481108e-03	   1.1200617e-04	   1.4336312e-03	   4.0260576e-05	  -6.8386730e-14	   2.2386304e+02	
  -5.5614041e-04	   1.5238072e-05	   1.3100779e-03	   2.0614801e-05	  -6.4587467e-13	   2.2388768e+02	
   3.5184352e-04	  -3.0311764e-07	  -1.9109226e-03	  -5.5094333e-05	   2.2415650e-13	   2.2382368e+02	
   9.7737523e-04	   2.9961455e-05	   6.1821262e-06	  -2.1555045e-05	  -1.0485965e-12	   2.2392331e+02	
  -2.1368594e-03	  -4.9989574e-06	   2.8312906e-04	   1.2704519e-05	  -3.3053586e-13	   2.2390824e+02	
   6.9145667e-04	   1.7433976e-05	   1.4822162e-03	  -3.2941455e-06	  -5.6988941e-13	   2.2387998e+02	
   2.8562826e-04	  -2.0780038e-06	  -1.8750439e-03	  -5.4106277e-05	   1.9756166e-13	   2.2382732e+02	
  -1.4807570e-03	   1.4785264e-04	   3.7017651e-03	  -3.0770875e-04	   1.5121066e-12	   2.2366564e+02	
  -7.3714820e-04	  -2.7554594e-05	  -5.1877690e-05	  -8.3027567e-07	   1.2461582e-12	   2.2361135e+02	
   3.1164830e-03	   1.3522030e-04	   6.9197207e-04	   1.4996945e-05	   8.9282675e-13	   2.2366636e+02	
   1.2198334e-03	  -2.3665027e-05	  -9.8959945e-04	  -1.3874155e-05	  -8.0544371e-13	   2.2395895e+02	
   1.5172564e-03	  -1.6629607e-05	  -1.1541143e-03	   2.5080365e-06	  -2.4125319e-12	   2.2411075e+02	
   7.2808395e-04	   1.7189006e-05	  -5.9089337e-04	  -3.7060320e-05	   2.0136093e-13	   2.2383268e+02	
  -8.1195397e-04	  -4.6397396e-05	   2.3287423e-04	   4.9945745e-05	  -7.5985255e-15	   2.2383431e+02	
   1.5726075e-03	  -3.9434361e-06	   8.1694379e-04	  -2.0010015e-05	  -7.5225403e-13	   2.2395402e+02	
  -1.3046460e-03	   1.9211706e-06	   6.7387402e-04	   2.0128383e-05	  -5.3569605e-13	   2.2388102e+02	
  -1.4351104e-03	   1.8252944e-05	   1.6375898e-03	   9.0657613e-07	  -4.2171817e-13	   2.2392132e+02	
   5.5907166e-04	  -1.3765054e-05	  -1.0671067e-03	  -2.9771520e-05	  -4.0272185e-13	   2.2387384e+02	
   6.1580403e-04	   1.2609486e-05	  -4.5920145e-04	  -3.3328295e-05	   2.6594839e-13	   2.2381838e+02	
  -1.0628172e-03	  -9.7897850e-05	  -8.3880566e-04	  -4.5869911e-05	   2.8874397e-13	   2.2377805e+02	
   1.7734079e-03	   6.5897227e-05	  -8.1994862e-04	  -4.4922818e-05	  -3.4193365e-14	   2.2385873e+02	
  -1.1082966e-03	  -6.1230647e-05	   1.4471142e-03	   1.1006507e-04	   4.5971079e-13	   2.2374190e+02	
  -1.7494534e-03	  -2.8805080e-05	  -8.5726865e-04	  -1.8275880e-06	  -2.2035724e-13	   2.2389210e+02	
  -4.8833301e-04	   1.3993715e-05	   7.9300202e-04	   2.8745624e-05	  -2.9254323e-13	   2.2387128e+02	
   1.2660746e-05	  -1.8560304e-05	  -1.2867212e-03	  -4.7551574e-05	   5.6988941e-14	   2.2384830e+02	
  -1.1060995e-03	  -9.2946023e-06	   9.9438715e-05	   2.0513696e-05	  -7.1426140e-13	   2.2389850e+02	
   1.7680870e-03	   4.8562175e-05	   6.3743397e-04	   1.1622667e-05	   1.3297420e-13	   2.2383777e+02	
   4.0616693e-04	   1.2543846e-05	   1.8603459e-03	  -8.3450079e-06	  -5.7368868e-13	   2.2387431e+02	
   3.7438657e-03	   5.1026170e-05	  -1.1762726e-03	  -3.4340290e-05	  -6.8386730e-14	   2.2386396e+02	
  -1.1612851e-04	   1.1622737e-05	   1.2426065e-03	   1.0636578e-04	   2.3555429e-13	   2.2379331e+02	
  -1.0100413e-03	  -1.4220551e-05	  -1.6810776e-03	   5.4254671e-06	  -2.9254323e-13	   2.2390852e+02	
  -1.8510452e-03	   7.8207806e-05	  -3.6485345e-03	   1.9871298e-04	   1.5918911e-12	   2.2359098e+02	
  -6.5860314e-04	  -2.8632401e-05	  -1.4686004e-03	  -2.8050614e-05	  -1.3297420e-13	   2.2387764e+02	
   9.9051441e-04	   2.9027500e-05	  -2.2355236e-04	  -2.7407830e-05	  -1.0106039e-12	   2.2392351e+02	
   4.1540029e-04	   3.0770177e-05	   1.0615754e-03	   3.7532536e-05	   1.5197051e-13	   2.2383449e+02	
  -1.1922133e-03	   3.3293381e-06	   8.1919685e-04	   2.2372196e-05	  -5.3949531e-13	   2.2388184e+02	
  -8.4659783e-04	  -5.5946188e-05	  -2.8723994e-04	   3.0867312e-06	   3.7612701e-13	   2.2379904e+02	
  -7.1489667e-04	   1.5424773e-05	   1.5413222e-03	   1.0544661e-05	  -5.4329457e-13	   2.2387701e+02	
  -5.5046463e-04	  -5.5157278e-05	  -6.8638154e-04	   1.3337851e-05	  -8.1304223e-13	   2.2397848e+02	
   1.3045730e-03	  -4.4826732e-06	  -3.3992071e-04	  -7.1864454e-06	  -9.4981569e-13	   2.2387705e+02	
   2.8579697e-04	   1.4455734e-06	  -5.4582030e-04	  -4.4784240e-05	   4.3311595e-13	   2.2378323e+02	
   3.0451425e-03	   1.3191473e-04	   4.5376215e-04	   4.2922820e-06	   9.1942159e-13	   2.2365712e+02	
   2.2876656e-03	   5.0916387e-05	   2.6291606e-05	  -5.3038532e-06	   5.4329457e-13	   2.2377339e+02	
   1.5426918e-03	  -2.3495230e-06	  -4.7591765e-04	  -1.4940825e-05	  -6.7246951e-13	   2.2388282e+02	
  -1.7610509e-03	  -4.0946045e-05	   3.2157179e-04	   1.7760819e-05	   7.5985255e-15	   2.2385752e+02	
  -2.9544349e-03	  -1.3459658e-04	  -3.5750695e-04	   1.0531703e-06	   9.3841790e-13	   2.2365212e+02	
   2.2055081e-03	  -9.2860194e-06	  -3.0496892e-04	  -1.1680381e-05	  -3.7992628e-13	   2.2391752e+02	
   5.9651146e-04	   3.2208154e-05	   8.7788000e-04	   3.1566666e-06	  -8.8522822e-13	   2.2390920e+02	
   3.8576730e-03	   5.6627377e-05	  -1.0461107e-03	  -3.2961525e-05	  -3.4193365e-14	   2.2386030e+02	
   8.7417746e-04	   3.3880489e-05	   3.4132441e-03	   8.3967581e-05	   1.2347603e-12	   2.2359219e+02	
  -4.1666459e-05	   3.9636358e-06	   1.0468577e-04	  -1.3284951e-05	   2.7886589e-12	   2.2312800e+02	
  -1.3593335e-03	  -3.7094397e-06	  -1.1487099e-03	   1.0512743e-05	  -5.9268499e-13	   2.2387451e+02	
   4.8403649e-04	   2.9550932e-05	   1.1153447e-03	   3.6126705e-05	   1.5956904e-13	   2.2382979e+02	
   5.5125614e-05	  -1.8300396e-05	  -1.6012588e-03	  -8.3015814e-06	  -5.3569605e-13	   2.2387756e+02	
  -1.0344414e-03	  -4.0073530e-05	  -1.0431254e-03	  -2.4599600e-05	   1.2157641e-13	   2.2384182e+02	
  -3.4551521e-04	   3.5845311e-06	   7.4198708e-04	   6.8548292e-05	   2.2795577e-14	   2.2382887e+02	
  -6.5333521e-04	  -3.5145338e-05	   2.6616052e-04	   3.4230812e-05	   4.9390416e-13	   2.2377298e+02	
   3.0884717e-04	  -2.7827283e-06	  -1.5494057e-03	  -3.1669108e-05	  -9.2322085e-13	   2.2388200e+02	
   1.2397301e-03	   1.8105049e-05	   1.0167741e-03	  -5.0208430e-06	  -1.7096682e-13	   2.2388830e+02	
  -1.1959510e-03	  -1.3377816e-05	  -8.2939230e-04	   8.3998593e-06	  -5.9648425e-13	   2.2388552e+02	
   1.9604998e-04	   1.0982640e-05	   1.6315826e-03	   5.2756673e-05	   2.0895945e-13	   2.2382216e+02	
  -1.0282873e-03	   5.6632904e-06	   9.2125356e-04	   2.1399779e-05	  -6.9146582e-13	   2.2389120e+02	
  -2.4440541e-04	   5.0818241e-06	   1.4489703e-03	   4.7790559e-05	   5.6988941e-14	   2.2385040e+02	
  -9.7601670e-05	   2.1184012e-05	   1.2923251e-03	   1.5045664e-05	  -7.7504960e-13	   2.2389648e+02	
  -9.8335100e-04	  -1.2689181e-05	  -9.2562109e-04	   2.3241058e-05	  -8.1684149e-13	   2.2396410e+02	
   1.2549534e-03	   1.0286399e-05	   1.0900498e-03	  -8.7255214e-06	  -6.0028352e-13	   2.2387885e+02	
  -6.0194915e-04	  -2.4529727e-05	   2.0436765e-04	   1.0759259e-05	   1.1625744e-12	   2.2362810e+02	
  -2.4263806e-03	  -2.1830984e-04	  -2.3701988e-03	  -1.7281760e-04	  -3.1115962e-12	   2.2423320e+02	
  -1.0885928e-03	  -2.8375715e-05	  -1.4701193e-03	  -1.7724595e-05	  -1.9376240e-13	   2.2388560e+02	
  -1.1413163e-03	  -9.6154698e-07	   5.0215564e-04	   2.0918294e-05	  -7.4085624e-13	   2.2389644e+02	
  -1.6973068e-03	  -5.7178888e-05	  -4.7211901e-04	  -1.1771712e-05	   2.2415650e-13	   2.2382014e+02	
  -6.6855346e-04	  -2.3149809e-05	  -7.2221913e-04	   5.5962819e-06	  -8.8142896e-13	   2.2391860e+02	
   1.9836678e-03	   7.1136707e-06	   1.3596967e-03	  -4.4186868e-07	  -3.0014176e-13	   2.2390869e+02	
  -3.3933313e-03	  -9.9774640e-05	   4.2631041e-04	   2.8854316e-05	   1.1549759e-12	   2.2361223e+02	
  -6.4197866e-04	   1.3777070e-05	   2.0967965e-03	  -2.6379689e-07	  -4.1791890e-13	   2.2391897e+02	
  -6.0398576e-04	  -3.5492227e-05	  -7.2938621e-04	  -7.2463847e-06	  -9.7641048e-13	   2.2392359e+02	
   1.1986323e-03	   4.1938568e-05	   3.9694864e-04	   4.3476268e-06	   1.5197051e-13	   2.2383153e+02	
   3.3884218e-04	   5.3896685e-05	   8.9202381e-04	   4.6782028e-05	  -2.6594839e-14	   2.2383797e+02	
  -4.8901783e-04	  -3.0630869e-05	  -1.3229608e-03	  -3.4709658e-05	  -1.5197051e-14	   2.2386043e+02	
   6.9976578e-04	   5.0960317e-06	   1.4805141e-03	  -9.5653825e-06	  -7.9784518e-13	   2.2387210e+02	
  -7.5793085e-04	  -7.0125355e-06	   1.9222007e-03	   3.7710841e-05	  -7.5985255e-14	   2.2387740e+02	
   4.9579608e-04	   5.0446742e-05	   8.7989665e-04	   1.8462801e-05	  -2.2415650e-13	   2.2386597e+02	
   6.9307739e-04	   3.2209296e-05	   2.1135164e-04	  -8.6863413e-06	   2.2415650e-13	   2.2382533e+02	
   1.0432630e-03	  -8.8255577e-06	  -1.1882275e-03	  -1.6222046e-05	  -6.2687836e-13	   2.2388225e+02	
   7.5654224e-05	  -1.5960461e-05	  -2.1391381e-03	   7.3269091e-06	  -3.9132406e-13	   2.2391946e+02	
  -3.7876388e-04	  -2.1982405e-05	  -1.1663611e-03	  -3.1977416e-05	  -9.9540684e-13	   2.2390499e+02	
  -8.4158262e-04	  -1.4166991e-05	  -1.7885331e-03	   5.3381762e-06	  -3.0774028e-13	   2.2391141e+02	
  -5.9549851e-04	  -1.8498533e-05	  -1.3307997e-03	  -9.6534245e-07	  -5.0530195e-13	   2.2388016e+02	
  -1.0592759e-03	  -1.1223688e-05	   3.4439771e-03	   9.1026497e-05	  -7.2185992e-14	   2.2386343e+02	
  -1.4193228e-03	  -4.2099961e-05	  -2.6926771e-06	   1.2079428e-05	   1.1397788e-14	   2.2385801e+02	
  -2.1459311e-04	  -7.9846726e-06	  -8.2786188e-04	   1.8060941e-06	  -1.0296003e-12	   2.2391190e+02	
  -1.7294849e-03	  -1.2328903e-05	  -3.5652127e-04	   1.2506359e-05	  -2.2035724e-13	   2.2389723e+02	
   1.6067086e-03	   1.5893183e-05	  -3.3482961e-03	  -7.0339073e-05	   1.2271619e-12	   2.2359881e+02	
  -8.1483347e-04	  -3.7011112e-05	  -5.3547707e-04	  -2.2004721e-05	   6.9906435e-13	   2.2373877e+02	
   3.5435627e-04	   9.7932586e-06	  -1.5090514e-04	  -1.9271191e-05	  -1.2651545e-12	   2.2391474e+02	
  -2.1538669e-04	  -2.8566303e-05	  -1.1598395e-03	  -4.4111577e-05	   1.2157641e-13	   2.2384445e+02	
   2.8387651e-04	  -8.8063974e-06	  -8.1247479e-04	  -6.2640304e-06	  -9.1182306e-13	   2.2390664e+02	
  -9.5453133e-04	  -4.2731059e-05	  -4.7811028e-04	  -6.8382772e-06	   2.5075134e-13	   2.2382666e+02	
   8.1694389e-04	  -3.3937129e-05	   4.1247200e-03	  -2.8101268e-04	   1.4133257e-12	   2.2367118e+02	
   1.2985879e-03	   1.4894566e-05	   1.1029733e-03	  -6.2710144e-06	  -2.6974766e-13	   2.2390247e+02	
   1.0196571e-03	   3.2778411e-05	  -7.7796269e-05	  -2.4137429e-05	  -9.6501274e-13	   2.2392441e+02	
   6.3427872e-04	   3.3597229e-05	   3.2979219e-03	   9.4505139e-05	  -1.2157641e-13	   2.2387155e+02	
  -4.4143574e-04	  -3.2297752e-06	   9.2783183e-04	   4.1226270e-05	  -1.0144032e-12	   2.2392067e+02	
  -1.1481663e-03	  -3.9863153e-05	  -1.1856338e-03	  -3.2169053e-05	   1.6716756e-13	   2.2383274e+02	
   3.4252434e-03	   1.0898839e-04	   1.7364044e-04	  -9.5131593e-06	   1.0979869e-12	   2.2362470e+02	
  -2.0154702e-03	  -1.3082406e-06	   7.4124843e-04	   1.3504765e-05	  -3.4193365e-13	   2.2391102e+02	
   6.7128057e-04	   1.9041706e-05	   1.2484882e-03	  -1.4707905e-06	  -7.2565919e-13	   2.2389075e+02	
   1.0751103e-03	   3.9172257e-05	  -5.3620666e-04	  -2.7008770e-05	   4.5591153e-13	   2.2378286e+02	
   6.2523256e-04	   6.5429849e-05	   1.2440141e-03	   8.3118222e-05	   2.9254323e-13	   2.2377537e+02	
   7.5036573e-04	   1.0985543e-05	  -1.6529435e-03	  -4.6800662e-05	   8.5863338e-13	   2.2370028e+02	
  -4.1737674e-03	   1.4778696e-04	  -1.5616570e-04	   2.5383204e-05	   1.4513184e-12	   2.2361425e+02	
   4.7211184e-04	  -3.1858268e-06	  -3.0498711e-03	  -9.4559069e-05	  -2.5834987e-13	   2.2388748e+02	
  -1.7682913e-03	   7.6373860e-06	   4.1195471e-04	   1.1133262e-05	  -6.1548057e-13	   2.2387314e+02	
   1.9319211e-03	  -5.7809772e-05	   9.0341024e-04	  -3.9580646e-05	  -8.7762970e-13	   2.2396153e+02	
   3.1546337e-05	   1.8172530e-05	   1.6700571e-03	   4.0560727e-06	  -5.3949531e-13	   2.2387580e+02	
  -7.4913835e-04	  -3.3476721e-05	  -1.2739516e-03	  -3.2436278e-05	   9.4981569e-14	   2.2384672e+02	
  -2.7125725e-04	  -4.0215603e-06	   2.4373496e-04	   1.2312629e-05	  -1.2765523e-12	   2.2390210e+02	
   1.8155098e-03	   1.7417920e-06	   1.0078063e-03	  -1.2208839e-05	  -3.6092996e-13	   2.2391699e+02	
  -5.2834196e-04	  -1.9375712e-05	  -1.3822640e-03	  -3.1287912e-06	  -5.2809752e-13	   2.2388055e+02	
  -5.1837010e-04	  -1.4859187e-05	  -2.0727878e-03	  -4.5032132e-06	  -3.3053586e-13	   2.2391045e+02	
  -1.1857296e-03	  -1.5510878e-05	  -7.2457239e-04	   8.2227837e-06	  -5.3949531e-13	   2.2388319e+02	
  -2.4024689e-03	  -5.0784056e-05	   1.1745537e-04	   1.4862717e-05	  -2.3555429e-13	   2.2389188e+02	
   8.1929291e-04	   3.5468780e-05	   6.0225568e-04	  -5.1760383e-06	  -8.5483412e-13	   2.2391676e+02	
   6.2708265e-04	   2.4983323e-05	   7.9266424e-06	  -2.0480381e-06	   9.4601643e-13	   2.2367699e+02	
  -1.3459271e-03	   6.2628452e-05	   1.6897352e-03	  -5.9709510e-05	  -3.1609866e-12	   2.2404688e+02	
  -1.0918033e-03	  -1.7655452e-05	  -1.3830220e-03	   3.7647592e-06	  -2.4315282e-13	   2.2390042e+02	
  -1.0947357e-03	  -2.8857151e-06	  -1.2376290e-03	   8.7612673e-06	  -7.1426140e-13	   2.2387204e+02	
  -1.5483340e-03	  -4.7863389e-05	  -5.7731245e-04	  -1.1290453e-05	   1.1017862e-13	   2.2384194e+02	
  -6.0557683e-04	  -7.5228503e-06	   1.0402190e-03	   3.9975315e-05	  -9.6501274e-13	   2.2390233e+02	
   1.4018078e-03	   1.8953667e-05	  -1.3791187e-03	  -3.4591624e-05	  -5.6988941e-14	   2.2387155e+02	
   3.0301145e-04	  -9.2023687e-06	  -4.0178865e-04	  -6.5765491e-06	  -1.1777715e-12	   2.2390359e+02	
  -8.7631305e-04	  -1.8679172e-05	  -1.4853836e-03	   3.9813483e-06	  -6.0788204e-13	   2.2393954e+02	
  -2.7819638e-03	  -9.8430668e-05	  -2.2538937e-03	  -5.7975642e-05	   9.8400910e-13	   2.2365317e+02	
   4.7995026e-04	  -5.8413906e-06	  -3.3731775e-03	  -7.9340240e-05	  -2.1655798e-13	   2.2388245e+02	
   2.4885916e-04	   2.5905098e-06	  -2.8439686e-04	  -1.3147441e-05	  -1.2765523e-12	   2.2390224e+02	
   2.6910939e-04	  -1.1476004e-05	  -3.6591391e-03	  -6.8488797e-05	  -1.4437198e-13	   2.2387202e+02	
  -5.8736616e-04	  -4.8257019e-06	   3.8424153e-04	   3.2318394e-05	  -8.7383043e-13	   2.2392406e+02	
   1.1825650e-03	   1.2730667e-05	  -1.5464782e-03	  -3.7156057e-05	  -6.8386730e-14	   2.2387272e+02	
   2.7002356e-04	  -7.4353591e-06	   2.2102114e-04	  -1.7218112e-05	  -3.0318117e-12	   2.2421915e+02	
  -1.3323208e-04	   7.8164163e-06	   2.0997943e-03	   2.2673082e-05	  -2.3555429e-13	   2.2390026e+02	
   2.2000559e-03	  -1.2425160e-04	  -3.7610788e-03	   1.7376986e-04	   1.3639354e-12	   2.2365628e+02	
   1.6387597e-03	   4.1250607e-06	   1.1775088e-03	  -1.1583543e-05	  -3.6472923e-13	   2.2391734e+02	
  -5.2328629e-04	  -9.0922752e-06	  -9.7420037e-04	   2.1286326e-06	  -8.2064076e-13	   2.2388818e+02	
  -1.1685710e-03	  -1.2290646e-08	   1.6761560e-03	   2.2022699e-05	  -3.0394102e-13	   2.2390584e+02	
  -7.6554430e-04	  -1.9657051e-05	   3.9314024e-04	   7.9977751e-06	  -9.3461864e-13	   2.2408615e+02	
   1.0112994e-03	   1.6450456e-05	   1.2729289e-03	  -4.0111656e-06	  -2.6974766e-13	   2.2390212e+02	
  -1.0941229e-03	  -3.3271208e-05	   1.8088741e-04	   2.4885699e-05	  -9.1942159e-13	   2.2391343e+02	
   8.4933323e-06	  -1.9647081e-05	  -2.3606079e-03	  -9.4802276e-05	  -5.2809752e-13	   2.2392494e+02	
   1.7158992e-05	  -1.8526062e-05	  -1.4993511e-03	  -1.0515682e-05	  -4.6351006e-13	   2.2387578e+02	
  -2.0700985e-03	   9.6988103e-06	   3.7656050e-04	   1.1281672e-05	  -3.7232775e-13	   2.2391948e+02	
  -2.9523314e-04	   1.1275202e-05	   2.0360466e-03	  -3.2289518e-05	  -2.6518854e-12	   2.2407065e+02	
  -9.2074597e-05	  -2.2302895e-05	  -1.2860217e-03	  -4.6069057e-05	   8.7383043e-14	   2.2384482e+02	
  -6.6199620e-06	   2.1252614e-05	   1.5327712e-03	   1.4590267e-05	  -5.2049900e-13	   2.2387582e+02	
  -2.0667934e-03	   4.6835541e-06	   6.5167896e-04	   1.1423517e-05	  -3.6852849e-13	   2.2391650e+02	
   5.0767465e-04	   6.9975601e-06	  -8.6158298e-04	  -4.3090106e-05	  -9.6501274e-13	   2.2392443e+02	
   2.2369849e-04	   9.0349091e-06	   7.9035155e-04	   3.6390349e-05	   5.2809752e-13	   2.2376957e+02	
   3.4256570e-03	  -1.8593019e-04	  -2.8078378e-03	   1.2625575e-04	   1.3145449e-12	   2.2367394e+02	
   1.3270708e-03	   2.7018615e-05	  -9.3122967e-04	  -3.4672630e-05	   3.0394102e-14	   2.2385656e+02	
   2.4601329e-03	   3.5733472e-05	  -2.8724931e-03	  -6.5955265e-05	   1.1701729e-12	   2.2361159e+02	
  -9.2539167e-04	  -5.7107929e-05	   2.0836238e-04	   3.0746789e-05	   4.7110858e-13	   2.2378094e+02	
   1.4619154e-03	  -1.7903911e-07	   4.9769670e-04	  -8.9889102e-06	  -7.9404592e-13	   2.2387683e+02	
  -1.5205538e-03	  -2.8918989e-05	   7.5205296e-04	   2.7797918e-05	  -1.0637936e-13	   2.2387343e+02	
   8.4174792e-04	   3.1425861e-05	   3.3842478e-04	  -1.4457614e-05	  -8.3583781e-13	   2.2392137e+02	
  -1.0271470e-03	  -1.8230705e-05	   1.2758690e-03	   4.1356565e-05	  -3.7992628e-15	   2.2385863e+02	
   4.0953754e-03	  -2.1305418e-04	   1.5321969e-03	  -1.0224072e-04	   1.3297420e-12	   2.2367347e+02	
  -1.6170780e-03	  -2.7773122e-05	   7.2590448e-04	   2.5563822e-05	  -1.4437198e-13	   2.2387995e+02	
   1.7724547e-03	  -7.4606535e-05	   3.9101513e-03	  -2.1241725e-04	   1.3753331e-12	   2.2365836e+02	
  -2.0293636e-04	  -1.4992149e-05	  -1.9510781e-03	  -3.3087025e-05	  -1.0637936e-13	   2.2388004e+02	
  -5.0000054e-04	  -3.3444143e-05	  -1.0082424e-03	  -9.3393257e-06	  -3.6852849e-13	   2.2387445e+02	
   1.5143468e-03	   2.9601287e-05	   1.0017227e-03	   8.5781587e-06	  -2.1655798e-13	   2.2388965e+02	
   1.4257828e-03	   8.7343716e-05	  -5.3086724e-04	  -5.9532769e-05	   2.3175503e-13	   2.2378523e+02	
   4.5721958e-04	   2.2346599e-05	   1.4327418e-03	   3.2078729e-05	  -1.1397788e-13	   2.2387603e+02	
   8.9425387e-04	   2.9116801e-05	   2.7479607e-04	  -2.0597651e-05	  -3.1533881e-13	   2.2387760e+02	
  -8.1320857e-04	  -4.7273680e-05	   5.2703414e-04	   4.8240006e-05	   5.0910121e-13	   2.2377329e+02	
   1.9092381e-04	   2.0460025e-05	   1.5199961e-03	   6.9547050e-06	  -4.9770342e-13	   2.2387482e+02	
   8.7659056e-04	   3.5753015e-05	   6.2709249e-04	   1.4263310e-05	   1.8236461e-13	   2.2383589e+02	
   2.2004445e-04	  -4.2821624e-06	  -1.3282542e-03	  -4.0437426e-05	  -9.1942159e-13	   2.2389791e+02	
  -6.1138471e-04	  -4.9862196e-05	  -7.5438395e-04	  -2.6327660e-05	   3.2673660e-13	   2.2381094e+02	
  -1.5249899e-03	  -1.1396704e-04	  -1.1152507e-03	  -5.7265377e-05	   3.0014176e-13	   2.2377309e+02	
   1.2338731e-03	   1.1727170e-05	  -3.0409421e-03	  -7.5967251e-05	  -2.8874397e-13	   2.2388961e+02	
   1.3513640e-03	   4.9375769e-05	  -2.5242717e-03	  -1.2761958e-04	   7.7504960e-13	   2.2368331e+02	
   4.9527346e-04	  -1.4682626e-05	  -2.1254196e-03	  -3.2042892e-06	  -3.7612701e-13	   2.2391658e+02	
   2.4908616e-04	  -2.2610997e-05	  -7.2232619e-04	  -4.9786282e-05	  -1.0258009e-13	   2.2384858e+02	
   4.7288737e-04	   3.2674234e-05	   9.5066003e-04	   3.2319090e-05	   2.0895945e-13	   2.2383098e+02	
   9.2257726e-04	   2.3560060e-05	   1.1776248e-04	  -2.4611051e-05	  -3.1533881e-13	   2.2387762e+02	
  -9.2070294e-04	  -5.9305443e-05	  -2.2466383e-05	   1.7734347e-05	   4.7110858e-13	   2.2378108e+02	
  -9.3386745e-04	  -2.5975611e-05	  -3.1426769e-04	   1.6404516e-05	  -3.7232775e-13	   2.2388145e+02	
   3.0661492e-04	  -6.3170954e-06	  -8.2411066e-04	  -4.4067456e-05	   3.0774028e-13	   2.2381364e+02	
  -1.7849067e-05	   4.2930966e-06	   2.9191732e-04	   2.1228072e-06	  -1.2423590e-12	   2.2389263e+02	
   2.2487266e-04	  -4.0347284e-06	  -5.5034563e-04	  -4.3728866e-05	   5.1290047e-13	   2.2376863e+02	
   3.6460011e-04	   2.7614511e-05	   1.2872129e-03	   1.0619134e-05	  -4.1411964e-13	   2.2387374e+02	
  -7.7241255e-04	  -5.5763190e-05	  -5.4517940e-04	  -1.2631748e-05	   3.4573291e-13	   2.2380648e+02	
  -1.6729033e-03	  -9.0485941e-05	  -2.5037314e-03	  -1.0573956e-04	   6.8766656e-13	   2.2369979e+02	
   2.2870729e-03	   8.5371190e-05	   1.6903314e-03	   4.1290270e-05	  -3.7992628e-13	   2.2390265e+02	
   1.2455564e-04	   1.1788464e-05	   1.7247165e-03	  -4.6931511e-06	  -7.0666287e-13	   2.2386998e+02	
  -6.2390213e-04	  -3.2716082e-05	   8.0446999e-05	   2.4407611e-05	   4.9390416e-13	   2.2377486e+02	
   6.4560997e-04	   3.0704439e-05	   9.9517573e-04	   3.9388397e-06	  -5.5849163e-13	   2.2388458e+02	
   1.7047389e-03	   4.0856757e-05	   1.6542811e-04	  -3.0059334e-06	  -2.2795577e-14	   2.2386239e+02	
  -1.9211770e-04	  -4.7719252e-05	  -8.1413836e-04	  -3.9851934e-05	  -7.9784518e-14	   2.2384494e+02	
  -1.7958639e-03	  -4.1373958e-05	  -2.0709172e-04	   2.0671589e-06	  -5.6988941e-14	   2.2386887e+02	
   1.4017839e-03	   1.0251321e-04	   4.3609481e-04	   5.2562555e-06	   1.9376240e-13	   2.2379071e+02	
   2.0884410e-03	  -6.7228619e-06	   3.4841034e-04	  -1.3504412e-05	  -3.8752480e-13	   2.2392153e+02	
  -8.6209474e-04	  -1.7903833e-05	  -4.9110148e-04	   1.0202713e-05	  -7.3325771e-13	   2.2391184e+02	
  -1.0612663e-03	  -1.7560693e-05	   1.3080520e-03	   3.9813978e-05	  -3.4193365e-14	   2.2386462e+02	
  -9.8906590e-04	  -5.8930575e-05	   9.6396737e-04	   8.8428412e-05	   2.8114544e-13	   2.2377572e+02	
   8.6930277e-04	   3.1522770e-05	   1.8284652e-04	   1.8876187e-06	   2.2795577e-13	   2.2382946e+02	
  -1.0274037e-03	  -2.6474716e-05	   6.1571494e-04	   3.4930863e-05	  -8.7383043e-13	   2.2390163e+02	
  -7.8160068e-04	  -3.0048556e-05	   1.0942658e-04	   2.1212772e-05	   2.8874397e-13	   2.2381683e+02	
  -9.2984681e-04	  -5.1806572e-06	   5.1999837e-04	   2.9165521e-05	  -5.1669974e-13	   2.2388654e+02	
   3.2730865e-04	   2.9085306e-05	   1.0370927e-03	   3.9123606e-05	   1.8236461e-13	   2.2383374e+02	
   9.8851042e-04	   3.7085537e-05	   2.3432107e-04	  -1.5327051e-05	  -8.8902749e-13	   2.2392167e+02	
  -1.4633326e-03	  -1.0959998e-05	  -1.1048945e-03	   9.6419433e-06	  -2.9254323e-13	   2.2390944e+02	
   3.2684349e-04	   4.9896247e-05	   1.0323382e-03	   7.0938073e-05	   1.2917493e-13	   2.2381069e+02	
   2.4627191e-04	   1.2436986e-05	   6.3131690e-04	   1.9697624e-05	   2.9254323e-13	   2.2381429e+02	
  -1.4080117e-03	  -1.1082885e-05	  -1.2306808e-04	   1.4246442e-05	  -4.7490785e-13	   2.2387611e+02	
  -2.6942421e-03	  -7.1302806e-05	  -1.9526249e-03	  -2.9479838e-05	  -2.5834987e-13	   2.2388736e+02	
   1.4229496e-03	   2.8608597e-07	  -7.6950208e-04	  -1.7868070e-05	  -4.9010490e-13	   2.2387192e+02	
   1.1313093e-03	   3.0515093e-05	   1.2001683e-03	   2.6560348e-05	  -5.3189679e-14	   2.2386656e+02	
   2.8178525e-05	  -2.1581695e-05	  -7.8427106e-04	  -3.1304364e-05	  -8.9282675e-13	   2.2392325e+02	
  -3.1734238e-03	  -7.2109382e-05	   7.3898442e-04	   3.6991634e-05	  -2.6974766e-13	   2.2388791e+02	
   1.7643927e-03	  -1.2815558e-06	   2.8529137e-04	  -9.9423616e-06	  -6.3447688e-13	   2.2387177e+02	
  -8.7905420e-04	  -8.0207760e-07	   3.3366292e-03	   6.9436068e-05	  -2.3555429e-13	   2.2388359e+02	
   1.9915055e-03	  -3.9547071e-05	   3.8443558e-03	  -1.1386998e-04	   1.3449390e-12	   2.2363482e+02	
   1.6276102e-04	   1.1536196e-05	   2.1279531e-03	   1.2797973e-06	  -3.9512333e-13	   2.2391860e+02	
  -6.1486577e-04	  -2.0655323e-05	  -1.2313236e-03	  -4.5868967e-06	  -4.1032038e-13	   2.2387216e+02	
   8.4033976e-04	   1.6412457e-05	  -1.8406407e-03	  -9.1534119e-05	  -7.4465550e-13	   2.2394719e+02	
  -3.4325996e-04	  -1.8175690e-05	   3.9413634e-04	   2.1748699e-05	   4.2171817e-13	   2.2378607e+02	
  -3.8777454e-03	   1.0255927e-04	  -2.0728731e-03	   7.6065120e-05	   1.2993479e-12	   2.2364785e+02	
  -1.6122661e-03	  -3.9211526e-05	   1.3447211e-05	   1.1938477e-05	  -5.6988941e-14	   2.2386830e+02	
   1.4087263e-03	   1.3866252e-05	   4.7116190e-04	  -9.8837493e-06	  -5.3569605e-13	   2.2387858e+02	
   9.5527885e-05	   9.3682371e-06	   9.2762053e-04	   3.6454010e-05	   1.2917493e-13	   2.2384816e+02	
   9.4455957e-06	   3.0709216e-05	   1.0671813e-03	   3.1095895e-05	  -3.3053586e-13	   2.2386920e+02	
  -1.6593370e-03	  -4.0359683e-05	  -3.0892661e-04	  -1.0780593e-06	  -8.3583781e-14	   2.2387229e+02	
  -4.2169297e-04	  -3.8929826e-05	  -9.0899997e-04	  -3.3454275e-05	   3.1533881e-13	   2.2381554e+02	
   6.5448838e-05	   8.8339199e-06	   3.2155096e-04	   1.5656034e-05	  -1.1549759e-12	   2.2388691e+02	
  -7.4868878e-04	  -1.4743124e-05	  -1.5918894e-03	   1.1883544e-05	  -7.2565919e-13	   2.2395190e+02	
  -2.3487964e-03	  -1.3613191e-04	  -8.1172548e-04	  -2.8594175e-05	   4.6730932e-13	   2.2373756e+02	
  -1.0559163e-03	  -2.8063702e-05	  -1.2186314e-03	  -2.6416685e-05	  -2.3175503e-13	   2.2389321e+02	
  -9.6682233e-04	   1.2642835e-06	   9.0536237e-04	   2.7293841e-05	  -4.9770342e-13	   2.2388000e+02	
  -4.4964855e-04	   3.6988599e-07	   1.4615916e-03	   4.3890009e-05	  -5.3189679e-14	   2.2386756e+02	
  -4.4759539e-04	   1.3499006e-05	   1.0069377e-03	   2.8935046e-05	  -6.2687836e-13	   2.2389272e+02	
   6.7449349e-04	  -1.7689812e-05	  -2.0691044e-03	   3.7498779e-06	  -4.1411964e-13	   2.2392339e+02	
  -1.2991821e-04	  -1.1949816e-05	  -1.5459251e-03	  -3.6233276e-05	  -8.6243265e-13	   2.2388883e+02	
   1.6270443e-03	   3.8763577e-05	   3.3861764e-04	  -9.1506510e-09	  -4.5591153e-14	   2.2386668e+02	
  -9.1194061e-04	  -2.1916052e-05	  -1.6524119e-04	   2.0617335e-05	  -4.2931669e-13	   2.2388893e+02	
  -1.8750743e-03	  -3.5311583e-05	  -5.3082273e-05	   7.3992217e-06	  -1.2157641e-13	   2.2388173e+02	
  -1.0986442e-03	  -7.3722725e-06	   4.1356679e-04	   2.3476250e-05	  -5.8128720e-13	   2.2388734e+02	
   6.1904746e-04	   3.0380266e-05	  -5.7867531e-04	  -5.0706549e-05	   5.0910121e-13	   2.2377096e+02	
  -8.7372040e-04	  -2.5177764e-05	  -3.7055552e-04	   1.4876952e-05	  -4.7490785e-13	   2.2389306e+02	
  -1.9548948e-03	   4.8264375e-06	  -7.7523679e-04	   1.4616569e-05	  -3.8752480e-13	   2.2392212e+02	
  -1.0643109e-03	  -2.4065579e-05	   3.3078231e-03	   1.1390762e-04	   9.9160753e-13	   2.2364444e+02	
  -8.4744533e-04	  -3.0966134e-05	   1.9644012e-04	   2.2388998e-05	   2.9254323e-13	   2.2381875e+02	
  -1.2445417e-03	  -1.7524659e-05	  -4.0376403e-04	   1.0961018e-05	  -4.2551743e-13	   2.2387347e+02	
  -5.8185683e-04	  -2.5691976e-05	   6.7609909e-05	   2.2463322e-05	   4.5591153e-13	   2.2378274e+02	
  -1.0372361e-03	  -1.3317388e-05	  -1.1998878e-03	   2.2231754e-06	  -4.9390416e-13	   2.2387141e+02	
  -7.4684223e-04	  -2.9005933e-05	   7.4458706e-05	   2.0227673e-05	   3.3053586e-13	   2.2380904e+02	
  -4.1051964e-03	   2.3127253e-04	   1.2382722e-03	  -4.8060043e-05	   1.3981287e-12	   2.2365147e+02	
  -2.8059400e-03	  -6.3441701e-05	   9.5593214e-04	   4.3915341e-05	  -4.2551743e-13	   2.2390685e+02	
  -4.7697963e-04	   1.2951614e-05	   9.1826848e-04	   3.5880668e-05	  -3.9892259e-13	   2.2387734e+02	
   3.4033405e-04	   4.0082729e-06	  -3.0225961e-04	  -1.5862343e-05	   1.9376240e-13	   2.2382977e+02	
   4.1860764e-03	  -1.5996178e-04	   1.6422224e-03	  -8.3493757e-05	   1.2727531e-12	   2.2366945e+02	
   1.6769641e-04	  -4.1688775e-06	  -5.3732150e-04	  -2.2804750e-05	   1.7096682e-13	   2.2383505e+02	
   7.7592941e-04	   2.8243705e-06	   2.4227157e-04	  -5.0295141e-06	  -1.0371987e-12	   2.2390458e+02	
  -6.3350720e-04	  -4.7390655e-05	  -7.4633502e-04	  -2.2343018e-05	   2.6974766e-13	   2.2382231e+02	
  -6.7193372e-04	   7.0438374e-06	   9.4519816e-04	   2.8541468e-05	  -5.9268499e-13	   2.2388805e+02	
  -9.1548664e-04	  -5.9970113e-05	  -5.5380019e-05	   1.5611749e-05	   4.9390416e-13	   2.2377722e+02	
  -2.9825042e-03	   8.8274944e-05	  -3.3036612e-03	   1.2499408e-04	   1.2613552e-12	   2.2366276e+02	
  -7.6148478e-04	  -4.3914523e-05	  -1.9102615e-04	   1.0415269e-05	   3.3433512e-13	   2.2380769e+02	
  -2.8032453e-04	  -3.1815624e-06	   2.5327333e-03	   1.3978555e-04	   4.5971079e-13	   2.2373687e+02	
  -1.0597819e-03	  -3.7975417e-05	   2.3263220e-04	   2.1488746e-05	   2.2795577e-13	   2.2382895e+02	
  -3.7975557e-03	   1.3006979e-05	  -1.7450849e-03	   2.5670537e-05	   1.3297420e-12	   2.2360219e+02	
   1.9000064e-03	   6.0061394e-06	  -7.5939827e-04	  -1.0703747e-05	  -5.0530195e-13	   2.2392803e+02	
   7.8538577e-04	   2.2611821e-05	   1.0461238e-03	   5.5459964e-07	  -6.0028352e-13	   2.2388811e+02	
   1.1075033e-03	   3.8152920e-05	   5.6109600e-04	   1.0022918e-05	   9.4981569e-14	   2.2384313e+02	
  -7.7076895e-04	   6.2241149e-06	   1.1029023e-03	   2.9166516e-05	  -4.4071448e-13	   2.2387413e+02	
  -7.6682744e-04	  -4.2957702e-05	  -8.1517942e-04	  -2.0305901e-05	   1.4437198e-13	   2.2384409e+02	
  -1.8846891e-04	  -3.0649903e-05	  -1.9162216e-03	  -1.1438158e-04	   1.7096682e-13	   2.2378707e+02	
  -1.4465822e-03	   1.9026922e-05	   1.5161343e-03	   4.7534217e-07	  -4.5211227e-13	   2.2392850e+02	
  -9.9862790e-04	  -2.5408325e-06	   7.6963722e-04	   2.9304707e-05	  -3.6472923e-13	   2.2386754e+02	
  -3.1321901e-05	  -4.9424833e-06	  -2.4531311e-04	  -5.2287026e-06	   1.4057272e-13	   2.2383715e+02	
  -2.9907800e-03	  -1.3596340e-04	  -5.3421397e-04	  -7.2705445e-06	   7.9024665e-13	   2.2367922e+02	
   6.9215987e-05	  -7.6304762e-06	  -5.3004906e-04	  -2.1815817e-05	   1.5197051e-13	   2.2383809e+02	
  -7.8914655e-04	  -4.8718998e-05	  -1.4998520e-04	   2.7427262e-05	  -1.5576977e-13	   2.2385454e+02	
  -2.0925771e-04	   6.1671409e-06	   1.6809267e-03	   3.9131624e-05	  -1.1017862e-13	   2.2387676e+02	
   4.9953050e-04	   5.7917388e-06	  -1.1161085e-03	  -4.2862041e-05	  -9.2702011e-13	   2.2391137e+02	
  -1.0683126e-03	   1.4465439e-05	   1.4595892e-03	   7.5960065e-06	  -4.1791890e-13	   2.2392453e+02	
  -6.7607803e-04	  -2.3607283e-05	  -1.1477971e-03	  -5.4099530e-06	  -3.8752480e-13	   2.2386908e+02	
   1.8641895e-04	  -7.9510822e-06	  -5.7543170e-04	  -4.3139157e-05	   4.8250637e-13	   2.2377542e+02	
   2.1917801e-03	  -9.3948416e-05	   3.8383510e-03	  -2.0358664e-04	   1.2841508e-12	   2.2368077e+02	
  -1.2185383e-03	  -1.0809155e-06	   1.6104828e-03	   2.2184114e-05	  -3.0014176e-13	   2.2390783e+02	
   6.2533008e-04	   6.3937343e-06	  -2.9269930e-04	  -3.0629006e-05	  -8.3963707e-13	   2.2392079e+02	
  -3.8550254e-05	  -2.0137797e-05	  -1.2986216e-03	  -4.6662306e-05	   1.1777715e-13	   2.2384102e+02	
   1.5628208e-03	  -9.0266770e-06	   1.6184542e-03	  -2.3071529e-05	  -3.9512333e-13	   2.2392678e+02	
  -9.7746325e-04	  -5.5914698e-05	   9.9351993e-04	   8.7691460e-05	   1.7856535e-13	   2.2379163e+02	
   1.9628769e-03	  -4.2295026e-06	   9.3690298e-04	  -1.3846664e-05	  -4.2171817e-13	   2.2392550e+02	
   2.1863018e-04	   5.4192965e-05	   3.3146381e-04	   8.9274148e-05	  -5.0150268e-13	   2.2429478e+02	
   1.5517924e-04	  -1.3198376e-05	  -1.0449474e-03	  -4.7011425e-05	   2.6214913e-13	   2.2382711e+02	
   9.3409988e-04	   3.4666573e-05	   7.3949860e-05	  -2.0782955e-05	  -8.6243265e-13	   2.2392269e+02	
  -1.0019586e-03	   2.8239776e-05	   1.4816945e-03	  -6.2386291e-06	  -9.0042527e-13	   2.2396642e+02	
   1.3566322e-04	   3.3335385e-05	   1.0763175e-03	   2.5500969e-05	  -4.0272185e-13	   2.2387429e+02	
  -8.3776844e-04	  -1.0492267e-05	  -1.7729424e-03	   1.2412393e-05	  -4.0652112e-13	   2.2392539e+02	
  -7.4226325e-04	   1.2080745e-07	  -2.4173037e-06	   7.3393762e-06	  -1.0220016e-12	   2.2390817e+02	
   1.3223575e-03	  -1.9455545e-05	  -1.7223772e-03	  -3.3054516e-07	  -4.2171817e-13	   2.2392633e+02	
   2.4007237e-04	   6.5577453e-06	  -3.3974208e-04	  -2.3217696e-05	  -1.2157641e-12	   2.2392079e+02	
  -1.2266252e-03	   1.7234126e-05	   1.5300706e-03	   1.1953091e-06	  -4.1791890e-13	   2.2392615e+02	
   3.4065597e-05	   2.7325322e-05	   1.0590582e-03	   8.0013673e-05	   3.0394102e-14	   2.2382578e+02	
  -1.1460986e-03	  -3.9933290e-05	   1.3055455e-04	   7.6299852e-06	  -1.8616388e-13	   2.2388953e+02	
   1.2597059e-03	   1.9983374e-06	  -9.1921009e-04	  -2.1405686e-05	  -3.8752480e-13	   2.2386480e+02	
  -2.8924763e-04	   5.1113877e-06	   2.0032391e-03	   1.7333727e-05	  -3.8372554e-13	   2.2391756e+02	
  -1.1445549e-03	  -2.7272383e-05	   7.0509538e-04	   3.4157821e-05	  -8.4723560e-13	   2.2389519e+02	
   1.8355362e-03	   1.9130411e-05	   8.4981434e-04	  -1.7832110e-06	  -3.0014176e-13	   2.2390818e+02	
   1.6055417e-03	   1.1021563e-04	   1.0409785e-03	   4.9970884e-05	   3.2673660e-13	   2.2376139e+02	
  -7.4229834e-04	  -5.5530902e-05	  -5.4709256e-04	  -1.3631008e-05	   3.8752480e-13	   2.2379887e+02	
  -3.3714665e-03	   1.0264899e-04	  -2.7235390e-03	   1.0703957e-04	   1.3981287e-12	   2.2362419e+02	
   1.7611257e-03	   4.7287321e-05	  -1.4714099e-03	  -6.9983184e-05	  -7.6745108e-13	   2.2394819e+02	
   7.1685339e-04	  -4.1115637e-07	  -4.7979087e-04	  -2.8246286e-05	  -7.2185992e-13	   2.2391243e+02	
   7.5600254e-04	   4.5434051e-05	   1.3852618e-04	  -1.1574495e-05	   4.3311595e-13	   2.2378771e+02	
  -4.2297615e-03	   1.8991472e-04	   1.2758010e-03	  -3.6565140e-05	   1.2955486e-12	   2.2366804e+02	
  -5.1078782e-05	   1.2865692e-05	   1.1487914e-03	   4.6443630e-05	   1.8236461e-13	   2.2383098e+02	
  -1.1724905e-03	   3.6120647e-06	   1.1653896e-03	   1.8625130e-05	  -4.6351006e-13	   2.2386652e+02	
   5.1588884e-04	   2.3172202e-05	  -7.4913621e-04	  -5.9465591e-05	   5.8508647e-13	   2.2375738e+02	
  -3.1475795e-04	   1.0344608e-06	   1.0849797e-03	   4.5982673e-05	  -8.7383043e-13	   2.2390785e+02	
  -1.1516379e-03	  -1.7404780e-06	   1.6629145e-03	   2.0706447e-05	  -3.1913807e-13	   2.2391227e+02	
  -4.7299379e-04	  -8.0214735e-06	   6.2649019e-04	   6.3242674e-05	  -1.0637936e-13	   2.2384672e+02	
   2.8642916e-04	  -4.9724444e-05	  -5.1542655e-04	  -2.5168058e-05	  -1.2423590e-12	   2.2401098e+02	
   9.0589071e-04	   6.7151210e-05	   4.8479013e-04	  -3.1321881e-06	  -1.6716756e-13	   2.2385738e+02	
  -9.4500562e-04	  -4.2540193e-05	  -8.0321230e-04	  -1.7258042e-05	   1.2157641e-13	   2.2384100e+02	
   3.0282398e-03	  -6.2837142e-05	   3.2082592e-03	  -9.1637292e-05	   1.2917493e-12	   2.2364272e+02	
  -1.1464151e-03	  -5.9105499e-06	   1.5495588e-03	   2.6015736e-05	  -2.8114544e-13	   2.2390691e+02	
  -8.5822312e-04	  -2.8771192e-05	   2.9258001e-04	   3.2499880e-05	  -8.5483412e-13	   2.2391697e+02	
   3.6122727e-04	   1.3806634e-06	  -4.3984302e-04	  -3.6355236e-05	   4.5591153e-13	   2.2378161e+02	
   1.5633343e-04	  -1.7447998e-05	  -1.4010374e-03	  -2.2407596e-05	  -2.9634250e-13	   2.2385985e+02	
   6.0876312e-04	   4.1698749e-05	   5.8397103e-04	   1.4202774e-05	   3.4953217e-13	   2.2380629e+02	
  -5.1135679e-04	   5.2885208e-06	   5.7099450e-04	   3.2591762e-05	  -7.4465550e-13	   2.2391492e+02	
   1.7078238e-03	   1.3741531e-05	  -9.7208388e-04	  -2.3359546e-05	  -2.3935355e-13	   2.2389971e+02	
   1.0612544e-03	   7.0642854e-05	   2.2264043e-04	  -1.8910272e-05	  -1.5956904e-13	   2.2385523e+02	
  -7.7730031e-05	  -4.8292289e-06	  -1.8138744e-05	  -6.0198783e-06	  -1.1777715e-13	   2.2387895e+02	
   8.7495992e-04	   3.0521696e-05	  -1.0364038e-04	  -2.6629579e-05	  -8.6623191e-13	   2.2392300e+02	
  -4.7340841e-04	   2.3391491e-06	   1.7436783e-03	   3.3118231e-05	  -2.2415650e-13	   2.2389556e+02	
   2.1209100e-03	  -1.6884036e-05	  -2.1934035e-04	  -1.1487140e-05	  -4.5211227e-13	   2.2393008e+02	
   8.8322381e-04	   7.3265279e-06	   6.7673385e-04	   6.5826066e-07	  -1.9680181e-12	   2.2412817e+02	
  -2.0493616e-03	  -1.2703890e-05	  -2.3613496e-04	   9.6228853e-06	  -3.1153955e-13	   2.2391141e+02	
  -4.2975513e-04	  -3.3867673e-05	  -3.1080018e-03	  -1.2998175e-04	   6.6487098e-13	   2.2370349e+02	
   2.4400385e-03	  -1.6368231e-05	  -6.3468996e-05	  -8.2800909e-06	  -2.9254323e-13	   2.2391548e+02	
   9.4190976e-05	  -2.9362356e-05	  -7.9884455e-04	  -5.3610369e-05	  -1.8616388e-13	   2.2385789e+02	
   5.3582104e-04	   1.9574665e-05	  -5.7250262e-06	  -1.8950565e-05	   3.8372554e-13	   2.2379691e+02	
   6.6231112e-04	   5.2622910e-06	   3.7181362e-04	  -1.0962053e-05	  -9.0422454e-13	   2.2387969e+02	
   6.3325664e-04	   2.6260433e-05	   6.7823210e-05	   7.9991218e-07	  -8.3583781e-14	   2.2387775e+02	
  -2.4440986e-03	  -1.1133796e-04	  -2.1026735e-03	  -7.4390755e-05	   6.4207541e-13	   2.2370693e+02	
   8.0437797e-04	   2.7762471e-05	   1.5883688e-04	  -7.1410188e-06	   2.2035724e-13	   2.2383169e+02	
   6.6418814e-04	   2.6390784e-05	   1.2100093e-03	   8.1931869e-06	  -3.6092996e-13	   2.2386589e+02	
   2.3057051e-04	  -1.7348674e-05	  -2.0565657e-03	   1.0525693e-05	  -4.4451374e-13	   2.2392930e+02	
   8.3051587e-04	   5.9980171e-05	   5.4432776e-04	  -2.3685982e-06	  -2.4695208e-13	   2.2386746e+02	
  -3.5900482e-04	   1.4090351e-05	   2.1031140e-03	  -6.5299803e-06	  -4.5971079e-13	   2.2392873e+02	
   2.2784567e-04	  -1.3989011e-05	  -6.3013003e-04	  -3.0884170e-05	  -8.6623191e-13	   2.2392453e+02	
   1.2143860e-03	   3.5210756e-05	   8.1843845e-04	   1.2185630e-05	  -6.0788204e-14	   2.2387151e+02	
  -3.4931784e-04	  -4.8237815e-06	   1.0848859e-03	   8.9708064e-05	   6.0788204e-14	   2.2381724e+02	
  -6.3238037e-04	  -5.1672629e-05	  -6.5930974e-04	  -2.1665539e-05	   3.9892259e-13	   2.2379760e+02	
   1.9551278e-04	  -8.1353095e-06	  -1.6932046e-05	  -6.9149366e-06	  -1.1853700e-12	   2.2391531e+02	
  -7.0695197e-04	  -1.6553497e-05	   1.9214511e-03	   5.7678237e-05	   3.2673660e-13	   2.2380975e+02	
  -3.6722982e-04	   1.5956926e-05	   1.1808709e-03	   2.9521001e-05	  -2.6594839e-13	   2.2385652e+02	
  -1.9242404e-03	   8.1857121e-06	  -8.8380561e-04	   1.6215600e-05	  -4.3311595e-13	   2.2392895e+02	
  -9.2333247e-04	  -2.4634752e-06	   8.1978865e-04	   3.1418396e-05	  -3.2293733e-13	   2.2386178e+02	
  -3.7078237e-04	  -1.5499420e-05	   4.0372602e-04	   1.8056071e-05	  -2.5834987e-13	   2.2390366e+02	
   8.4976914e-04	   2.9859486e-05	  -8.2281407e-05	  -2.6323869e-05	  -8.5863338e-13	   2.2392224e+02	
  -1.7807915e-04	  -1.1287312e-05	  -1.8954444e-03	  -1.8708470e-05	  -3.8372554e-13	   2.2391593e+02	
   1.0628651e-03	   2.1101952e-05	   9.9778983e-04	   8.6695968e-07	  -3.8752480e-13	   2.2386566e+02	
  -2.1510427e-05	   5.4959739e-06	   2.1461402e-03	  -1.6655722e-05	  -7.4465550e-13	   2.2394554e+02	
  -5.6277951e-04	  -1.4292433e-05	  -1.4779992e-03	  -6.5610932e-06	  -4.5211227e-13	   2.2386724e+02	
   1.7656502e-03	   2.0122837e-05	  -2.2940549e-03	  -5.8383525e-05	  -6.6107172e-13	   2.2392750e+02	
  -2.3008042e-04	  -5.6767447e-06	  -2.4110340e-04	   1.3654146e-05	  -1.0371987e-12	   2.2392517e+02	
  -9.0706115e-04	  -2.6518627e-05	  -8.2457446e-04	  -1.7690498e-05	  -3.0014176e-13	   2.2390409e+02	
   7.9950663e-04	   3.1865052e-05	  -2.1494070e-04	  -4.5150679e-05	  -3.0014176e-13	   2.2387210e+02	
   6.1043988e-04	   3.2961678e-05	   5.9671789e-04	   1.1783927e-05	   1.9376240e-13	   2.2383677e+02	
   3.0779221e-04	  -2.6095752e-08	  -8.8330806e-04	  -4.4485151e-05	  -9.1182306e-13	   2.2392249e+02	
   5.0570416e-04	   3.7966740e-05	   7.4642196e-04	   2.4256887e-05	   2.9634250e-13	   2.2381807e+02	
   1.3477865e-03	  -9.9304101e-06	  -1.4046135e-03	  -3.3611452e-06	  -5.8888573e-13	   2.2386310e+02	
  -8.5424339e-04	  -2.9463820e-05	   3.2541305e-04	   2.6878992e-05	   2.5455060e-13	   2.2382805e+02	
   6.4912888e-04	  -7.0535505e-06	  -7.0807152e-04	  -2.9344683e-05	  -6.2307909e-13	   2.2390427e+02	
  -4.6780204e-04	  -4.2952412e-05	  -8.0668487e-04	  -2.9605544e-05	   3.2673660e-13	   2.2381280e+02	
   3.3298127e-05	  -1.2774658e-05	  -9.3471423e-04	  -4.2582884e-05	  -9.1182306e-13	   2.2392196e+02	
   1.3763440e-03	  -3.6850765e-05	   3.2375206e-05	  -2.1812514e-05	  -1.3145449e-12	   2.2399012e+02	
  -2.7286322e-04	   1.9125984e-05	   7.3634326e-04	   4.5817029e-05	  -3.0014176e-13	   2.2387251e+02	
   1.9264365e-03	  -2.1904844e-05	  -9.1379762e-04	  -5.6828369e-06	  -4.6730932e-13	   2.2393231e+02	
  -2.1768385e-04	   2.3701424e-05	   4.3970554e-03	  -1.3169732e-04	   1.2841508e-12	   2.2365104e+02	
   5.5791306e-04	   7.5540782e-05	   4.7982439e-04	  -1.9823322e-06	  -1.3031472e-12	   2.2401357e+02	
   5.4153065e-04	  -6.7928107e-06	  -6.3117139e-04	  -2.7002756e-05	  -7.4085624e-13	   2.2391576e+02	
  -2.2966400e-03	  -7.4887845e-05	   4.0435254e-04	   3.6483819e-05	  -8.1304223e-13	   2.2394956e+02	
  -3.0712010e-04	  -4.8251084e-05	  -1.0979090e-03	  -7.1656901e-05	  -4.9390416e-14	   2.2383863e+02	
   5.8755590e-04	   2.4280598e-05	   1.4552336e-04	  -1.1643195e-05	   2.9634250e-13	   2.2381480e+02	
  -7.8632144e-04	  -1.2498692e-05	   1.1810242e-03	   4.1480722e-05	  -8.4723560e-13	   2.2389126e+02	
  -6.1785062e-04	  -3.3680888e-05	   7.1183786e-04	   5.7799650e-05	   5.9268499e-13	   2.2375726e+02	
  -3.8415094e-04	  -2.8630535e-05	  -9.8801412e-04	  -1.0377508e-05	  -6.3067762e-13	   2.2390349e+02	
  -1.7952724e-03	  -2.2530965e-05	  -8.4766411e-04	   1.2551047e-06	  -2.6214913e-13	   2.2390490e+02	
   8.3327981e-04	   2.7710912e-05	   4.2995300e-04	  -1.4762967e-05	  -6.2687836e-13	   2.2390384e+02	
  -1.5350207e-03	   4.2994086e-07	  -1.4636226e-03	   1.6590935e-05	  -4.2931669e-13	   2.2392773e+02	
   1.2384193e-04	  -1.0405360e-05	  -3.3261625e-03	  -1.2834265e-04	   5.4709384e-13	   2.2372296e+02	
  -2.4865102e-04	  -3.1785625e-05	  -9.8070011e-04	  -3.8954662e-05	   2.2795577e-13	   2.2383315e+02	
  -3.0117893e-04	   8.4510872e-06	   6.5242745e-04	   3.7722599e-05	  -8.3583781e-13	   2.2391985e+02	
  -1.5972914e-04	   1.3337235e-05	   2.0997936e-03	  -9.5556645e-06	  -4.7490785e-13	   2.2393184e+02	
   1.5163365e-03	   3.2338022e-05	  -3.4229703e-03	  -1.0878272e-04	   6.6107172e-13	   2.2370482e+02	
   2.9827778e-04	  -6.1116928e-06	  -6.2239591e-04	  -3.8280549e-05	   3.7232775e-13	   2.2380081e+02	
   8.9564639e-04	   7.6878939e-05	   8.1976466e-04	   3.3347860e-05	  -1.2157641e-13	   2.2384286e+02	
  -2.4588430e-04	   2.0220995e-07	   2.2214182e-03	   4.1867835e-05	   2.6594839e-14	   2.2386222e+02	
  -3.0888505e-03	  -1.3388972e-04	  -7.0557051e-04	  -1.3975183e-05	   5.3569605e-13	   2.2372351e+02	
  -2.1194270e-03	   5.9695598e-05	   9.7255373e-04	  -1.9110785e-05	  -8.6623191e-13	   2.2395361e+02	
   9.0697663e-04	   4.4256845e-05	  -3.1367798e-04	  -5.0198578e-05	  -2.5834987e-13	   2.2386730e+02	
   1.0501308e-04	  -3.3632834e-05	  -8.2365938e-04	  -6.8976584e-05	  -1.2119649e-12	   2.2401108e+02	
  -7.6508572e-04	  -2.2925941e-05	  -1.5848320e-04	   2.3242353e-05	  -6.0028352e-13	   2.2390218e+02	
   2.1389164e-03	  -1.6590353e-05	  -3.9245919e-04	  -9.9946558e-06	  -4.5211227e-13	   2.2393075e+02	
  -1.3012121e-03	  -1.9867683e-05	  -4.1751955e-04	   7.7520492e-06	  -3.5333144e-13	   2.2386398e+02	
   1.9494951e-04	  -8.2286365e-07	  -7.5842716e-04	  -5.8085960e-05	   5.8128720e-13	   2.2375713e+02	
  -1.6261184e-03	  -6.4533262e-05	   2.4282651e-03	   1.1946740e-04	   3.5713070e-13	   2.2375180e+02	
   3.0493634e-04	   1.0393780e-05	   1.9844053e-03	  -1.6778073e-05	  -5.1669974e-13	   2.2393635e+02	
  -3.2871319e-04	  -2.9868005e-05	  -3.7007908e-03	   1.5378400e-05	  -1.9794158e-12	   2.2410079e+02	
  -1.3518800e-03	  -5.0446768e-05	  -2.2473707e-03	  -4.8372586e-05	  -7.8264813e-13	   2.2394100e+02	
   8.6235548e-04	   1.0196245e-05	  -5.7353291e-05	  -2.0091642e-05	  -6.9906435e-13	   2.2391292e+02	
   4.9837111e-04	   4.5171870e-06	  -5.6325011e-04	  -3.6370017e-05	   3.3433512e-13	   2.2380885e+02	
   8.8006044e-04	   2.1080955e-05	  -8.0732592e-04	  -3.9798808e-05	  -8.9282675e-13	   2.2391042e+02	
  -1.1642370e-03	  -2.8952644e-05	  -5.9016256e-05	   3.4230857e-06	  -3.7612701e-13	   2.2391447e+02	
  -7.7927982e-04	  -8.4144617e-05	  -1.0134652e-03	  -6.7331701e-05	   3.6852849e-13	   2.2376861e+02	
   3.9822331e-04	  -1.7619437e-05	  -2.0827053e-03	   9.4069890e-06	  -4.5211227e-13	   2.2393061e+02	
  -7.4630541e-04	  -2.0388601e-06	  -8.5811538e-05	   6.6692692e-06	  -9.6501274e-13	   2.2391366e+02	
   2.4067017e-04	  -1.0040121e-05	  -7.6455288e-04	  -4.0699779e-05	   3.0774028e-13	   2.2381472e+02	
  -5.7415058e-04	  -2.5514866e-05	  -1.1181376e-03	  -1.0004385e-05	  -2.9254323e-13	   2.2385779e+02	
  -8.3280539e-04	  -2.4777477e-05	   1.2288067e-03	   8.7009426e-05	  -1.1245818e-12	   2.2398685e+02	
  -3.1634213e-03	  -1.3420808e-04	   9.0799767e-05	   1.9807042e-05	   5.8508647e-13	   2.2371611e+02	
   6.7651989e-04	   2.4420471e-05	   6.9271109e-05	  -6.8615441e-07	  -3.9132406e-13	   2.2392337e+02	
  -3.7497098e-03	   1.3383128e-04	  -2.3459375e-03	   1.0581193e-04	   1.2879501e-12	   2.2365896e+02	
   1.7376135e-04	  -1.9903624e-06	  -1.7793311e-04	  -9.2813473e-06	  -3.6472923e-13	   2.2391815e+02	
  -3.9268116e-03	   2.8186954e-04	   1.1469910e-03	  -5.9962902e-05	   1.5121066e-12	   2.2363775e+02	
   6.2076735e-04	   3.1652842e-05	   3.6537844e-04	  -1.0639471e-06	   2.1655798e-13	   2.2383073e+02	
  -3.6076922e-03	   2.0013976e-04	  -2.5827287e-03	   1.6707937e-04	   1.2727531e-12	   2.2369550e+02	
  -1.0869351e-03	  -2.7177727e-05	   3.2665320e-04	   1.1412192e-05	  -5.3189679e-13	   2.2393251e+02	
  -5.1059519e-04	  -7.6562777e-06	   6.3331790e-04	   4.2422245e-05	  -8.6243265e-13	   2.2391734e+02	
   5.3868251e-04	   1.1982736e-05	  -2.1135178e-04	  -2.5083097e-05	   2.7734618e-13	   2.2381789e+02	
   4.1784985e-04	   1.1627297e-05	   5.6014739e-04	  -5.6574365e-06	  -9.3081938e-13	   2.2392030e+02	
   1.5446668e-03	  -4.1834786e-06	   1.4398785e-03	  -1.8317942e-05	  -4.9010490e-13	   2.2393458e+02	
  -7.6001768e-04	  -2.0194332e-05	  -1.1679951e-03	  -7.1841980e-06	  -3.3813439e-13	   2.2386216e+02	
   4.0079499e-04	   3.1571831e-05	   9.1960750e-04	   3.2380094e-05	   1.5197051e-13	   2.2384586e+02	
   2.4969927e-04	  -9.4297387e-06	  -3.0222580e-04	  -1.0984272e-05	  -1.1017862e-12	   2.2391858e+02	
  -3.0246621e-04	   3.2779555e-06	   1.2273345e-03	   4.6494831e-05	   8.7383043e-14	   2.2384537e+02	
   7.6950806e-04	   4.0616774e-05	   6.6380694e-04	   1.7740945e-07	  -7.8644739e-13	   2.2390979e+02	
  -1.4294718e-03	  -3.5167679e-05	   1.4351015e-03	   5.1140996e-05	  -3.1533881e-13	   2.2390261e+02	
  -2.8444640e-03	  -1.2732142e-04	  -1.2249484e-03	  -3.7262562e-05	   4.2171817e-13	   2.2374127e+02	
  -1.3740368e-03	  -3.3733373e-05	   2.5530297e-04	   1.7459834e-05	  -1.0637936e-13	   2.2388112e+02	
  -1.2336102e-03	  -7.0426284e-06	  -1.0767840e-03	   2.7661051e-06	  -6.3447688e-13	   2.2387049e+02	
   1.1464826e-03	   2.1155589e-05	  -9.3284331e-04	  -3.6871858e-05	   0.0000000e+00	   2.2386347e+02	
   7.5392785e-04	   2.8435250e-05	   4.8926987e-04	  -9.7642917e-06	  -7.2185992e-13	   2.2391417e+02	
  -5.6776238e-04	   4.0637052e-05	   5.3589985e-04	   1.5282062e-05	  -1.4209243e-12	   2.2401390e+02	
   7.5066293e-04	   3.8362970e-05	   6.5231882e-04	  -1.0057286e-06	  -7.5985255e-13	   2.2391253e+02	
   8.1885377e-04	   2.6491656e-05	   2.4090253e-05	  -2.8468551e-06	  -5.0910121e-13	   2.2393940e+02	
  -1.0615576e-03	  -8.0612976e-05	  -2.9527286e-04	   8.2382351e-06	  -1.4817125e-13	   2.2385069e+02	
   7.3314840e-04	   5.1982117e-06	   1.8985694e-03	  -1.9306170e-05	  -5.2049900e-13	   2.2393725e+02	
  -3.8750188e-03	   9.7038835e-05	   1.8805851e-03	  -2.6350623e-05	   1.3145449e-12	   2.2363157e+02	
   7.9451459e-04	   5.7806003e-07	  -1.4895568e-03	  -3.2114102e-05	  -2.7734618e-13	   2.2390259e+02	
  -1.1273361e-03	  -2.1428272e-05	  -7.1632743e-04	   1.8836831e-06	  -3.3813439e-13	   2.2386210e+02	
  -9.1409301e-04	  -2.0588230e-05	   8.7223232e-04	   3.7891099e-05	   1.1397788e-14	   2.2385826e+02	
  -2.7472540e-04	  -4.0462437e-05	  -1.3731867e-03	  -8.5758231e-05	  -6.8386730e-14	   2.2383077e+02	
  -8.3687840e-04	  -6.3016072e-05	  -1.4544530e-03	  -6.0105031e-05	  -1.0675928e-12	   2.2398237e+02	
   8.5123266e-04	   2.2190532e-05	  -7.3062442e-04	  -4.0142408e-05	  -8.8142896e-13	   2.2391490e+02	
  -3.7445815e-04	   2.6929565e-05	   3.2311875e-04	   5.4198604e-05	  -1.3981287e-12	   2.2401868e+02	
   1.9156334e-03	   3.4684617e-05	   4.0230127e-03	   2.6582684e-06	  -2.5569038e-12	   2.2426337e+02	
   2.2136022e-03	  -9.5284959e-05	  -1.0058582e-03	   3.1471951e-05	  -9.9920615e-13	   2.2396018e+02	
   4.6995631e-04	   5.3449354e-06	  -9.0646886e-04	  -4.4723096e-05	  -9.3081938e-13	   2.2391480e+02	
  -9.1383343e-04	  -3.3640441e-05	  -2.8164967e-05	   2.2181229e-05	  -4.2931669e-13	   2.2393633e+02	
   1.2604767e-03	  -1.8085541e-05	  -1.2512364e-03	   6.7043609e-06	  -2.2491636e-12	   2.2412807e+02	
  -9.7069500e-04	  -3.6842688e-05	  -7.5180244e-05	   1.0318203e-05	   9.4981569e-14	   2.2385775e+02	
  -9.1388894e-04	  -1.4982071e-05	  -3.2609229e-05	   1.9286376e-05	  -5.2809752e-13	   2.2389779e+02	
   3.5481288e-04	   3.5536706e-06	  -6.3143578e-06	  -5.6805732e-06	  -4.9010490e-13	   2.2393546e+02	
   6.2616831e-04	   3.2336625e-05	   8.7190538e-04	   3.6363690e-06	  -6.4587467e-13	   2.2389687e+02	
   1.0864847e-03	   1.6290090e-05	   2.0072180e-03	   2.0227335e-05	  -1.4817125e-13	   2.2388965e+02	
  -3.9007170e-03	   1.3399878e-04	  -5.6222838e-04	   3.8680464e-05	   1.6640771e-12	   2.2354190e+02	
  -2.0027877e-03	   1.6025331e-05	  -5.5357266e-04	   1.6253261e-05	  -4.9770342e-13	   2.2393672e+02	
   3.0145009e-04	   4.4964275e-05	   8.7496549e-04	   2.6956470e-05	  -4.3311595e-13	   2.2388634e+02	
   3.0757327e-04	   1.2616447e-05	   3.8956556e-04	   5.1747085e-06	  -5.6229089e-13	   2.2394445e+02	
  -2.7885842e-05	  -2.0193258e-05	  -8.4910222e-04	  -3.7151033e-05	  -9.3461864e-13	   2.2391521e+02	
  -1.4843130e-03	   6.8309331e-05	   1.9033176e-03	  -7.1923056e-05	  -1.0030054e-12	   2.2395836e+02	
  -4.6294588e-05	  -1.3809608e-05	  -3.1936737e-04	  -6.0907380e-06	  -1.1435780e-12	   2.2391766e+02	
  -3.3438293e-04	  -1.3731866e-05	  -1.8382819e-03	  -1.2260376e-05	  -4.4451374e-13	   2.2392402e+02	
  -6.9615339e-04	   4.5790613e-06	   9.2240721e-04	   3.2324506e-05	  -3.5713070e-13	   2.2386437e+02	
  -1.3031408e-03	  -2.2753739e-05	   7.5468026e-04	   2.6417854e-05	  -2.0895945e-13	   2.2389468e+02	
  -1.0437972e-03	   4.8965925e-05	   4.2067425e-03	  -1.2522723e-04	   1.3335413e-12	   2.2363939e+02	
  -2.0414047e-03	   8.1661234e-06	  -5.4082632e-04	   1.3623568e-05	  -4.4451374e-13	   2.2393069e+02	
   1.5833725e-03	   1.9585595e-04	   2.2111887e-03	   2.4523982e-04	  -2.0022115e-12	   2.2438023e+02	
  -2.8091623e-03	   7.2297312e-05	  -3.6251232e-04	   2.1308271e-05	  -6.1168130e-13	   2.2394290e+02	
  -6.0950836e-04	   7.2473005e-06	   1.0801880e-03	   3.1713503e-05	  -2.5834987e-13	   2.2385345e+02	
   3.0103062e-03	   4.6439512e-05	   7.2228916e-04	  -9.0140377e-06	  -6.3067762e-13	   2.2392145e+02	
  -6.5473271e-04	  -1.9821601e-05	   7.4895254e-05	   2.7238919e-05	  -7.9024665e-13	   2.2391797e+02	
  -1.5269838e-03	  -4.8226746e-06	  -4.9873467e-05	   1.6444264e-05	  -7.6365181e-13	   2.2395736e+02	
   2.4916308e-04	   2.8272519e-05	   1.2378469e-03	   1.9205448e-05	  -3.9892259e-13	   2.2386816e+02	
  -4.2134964e-04	   7.3306976e-07	   1.6090827e-03	   1.2850824e-05	  -7.4085624e-13	   2.2394584e+02	
  -4.2524276e-04	  -2.8301636e-05	  -1.0616344e-03	  -3.3999484e-05	  -9.1562233e-13	   2.2390617e+02	
   6.4610342e-04	   3.2943626e-05	   2.1392626e-04	  -9.1936365e-06	   3.2293733e-13	   2.2380965e+02	
  -1.2631704e-04	   1.0737108e-05	   9.6999363e-04	   4.5129185e-05	  -9.0422454e-13	   2.2391809e+02	
   9.6791747e-04	   2.7414480e-06	   1.8375001e-03	  -1.8387622e-05	  -5.0910121e-13	   2.2393666e+02	
  -3.8393942e-04	   1.4962620e-05	   9.9403543e-04	   2.9909522e-05	  -5.3569605e-13	   2.2388615e+02	
  -2.9359111e-04	  -1.3913477e-05	  -2.3022291e-03	  -3.4369634e-05	  -4.6730932e-13	   2.2392006e+02	
   6.7716638e-04	   2.4283217e-05	   1.2091810e-03	   9.2911625e-06	  -3.1153955e-13	   2.2385873e+02	
   1.0862208e-03	   2.4577451e-05	   1.4954110e-04	   1.8637297e-07	  -6.3067762e-13	   2.2394895e+02	
   3.6362676e-04	   3.2724085e-05	   1.0110566e-03	   1.4557510e-05	  -6.4967393e-13	   2.2389576e+02	
  -1.8095025e-03	   1.0327398e-05	  -1.0480470e-03	   1.9028115e-05	  -4.8630563e-13	   2.2393556e+02	
  -6.3157589e-05	  -9.6234092e-06	  -8.8830635e-04	  -1.5486601e-05	  -1.8350440e-12	   2.2413421e+02	
   1.5040128e-03	   1.9877061e-05	  -7.0627085e-05	  -8.8518657e-06	  -5.1669974e-13	   2.2393106e+02	
  -6.3956981e-04	  -6.7997683e-06	  -5.7044901e-04	   1.3031431e-05	  -7.9404592e-13	   2.2386963e+02	
   3.4346120e-03	   2.3723643e-05	   5.6312121e-04	  -1.5504358e-05	  -4.9390416e-13	   2.2390501e+02	
  -6.6933279e-04	  -1.8242738e-05	   6.4693585e-04	   4.1949177e-05	  -8.5483412e-13	   2.2391865e+02	
   8.7176258e-04	   3.6315123e-05	   5.5841334e-04	   9.4959521e-06	   1.3297420e-13	   2.2384861e+02	
   1.7333783e-04	  -1.9199655e-05	  -1.1419656e-03	  -2.2034594e-05	  -5.1290047e-13	   2.2388364e+02	
   4.0012018e-05	   3.7881936e-07	   2.7444521e-04	   8.4961296e-06	   9.3461864e-13	   2.2367452e+02	
   8.9636100e-05	  -2.4755511e-05	  -8.1728302e-04	  -2.4811298e-05	  -7.7504960e-13	   2.2390803e+02	
  -1.4424659e-03	   2.4942568e-05	   1.4400097e-03	  -5.4521554e-06	  -5.5849163e-13	   2.2394226e+02	
  -3.1621499e-04	   1.8287092e-06	   1.3489999e-03	   4.3483996e-05	  -8.5863338e-13	   2.2388697e+02	
   7.6909485e-04	   4.0366656e-05	  -6.2761209e-05	  -5.5500154e-05	  -1.3411397e-12	   2.2401920e+02	
  -1.7129786e-04	  -3.4340436e-05	  -8.7049753e-04	  -1.6779570e-05	  -6.1548057e-13	   2.2390045e+02	
   6.2455221e-04	   2.1442456e-05	   1.1891655e-03	   2.0413701e-05	  -2.8494471e-13	   2.2390574e+02	
   5.7733143e-04	  -7.3731089e-07	  -3.2760693e-04	  -2.6866557e-05	  -7.9024665e-13	   2.2391676e+02	
   5.5471411e-04	  -1.1935706e-05	  -1.9416372e-03	  -8.2372458e-07	  -6.0028352e-13	   2.2394157e+02	
  -6.4705049e-04	  -1.0179250e-05	   1.9156338e-04	   3.4551505e-05	  -6.3447688e-13	   2.2390304e+02	
   1.6046915e-03	  -2.2177947e-05	   1.5112164e-03	  -2.8239505e-05	  -8.9662601e-13	   2.2395713e+02	
  -5.6509031e-04	  -3.9609342e-05	  -7.0131779e-04	  -9.3979136e-06	  -8.5863338e-13	   2.2391231e+02	
  -1.1819092e-03	  -1.7044702e-05	  -1.3387741e-03	  -6.1731237e-06	  -4.5211227e-13	   2.2392376e+02	
   6.9750198e-05	  -1.3489934e-05	  -2.3948596e-03	  -1.0074020e-04	  -1.0258009e-13	   2.2381961e+02	
   1.4576851e-03	  -1.1904619e-05	  -1.5253600e-03	  -9.2098210e-06	  -4.1791890e-13	   2.2392695e+02	
   9.3375894e-04	   8.8558624e-06	   2.7407704e-04	  -7.9809035e-06	  -7.8644739e-13	   2.2390660e+02	
  -8.0527192e-04	  -1.5387939e-05	  -1.8657460e-03	  -3.6479889e-06	  -3.4573291e-13	   2.2391860e+02	
  -3.8797559e-04	   1.1263282e-05	   5.9137493e-04	   4.2742827e-05	  -5.0530195e-13	   2.2389231e+02	
  -9.1255880e-05	  -1.1226013e-05	  -6.0564168e-04	  -1.5234760e-05	  -6.0408278e-13	   2.2395020e+02	
  -6.8346386e-04	   5.9003343e-06	   1.1446851e-03	   2.8638385e-05	  -3.1533881e-13	   2.2385946e+02	
   1.4552453e-04	  -1.4789114e-05	  -9.3480751e-04	  -4.1830066e-05	   9.8780832e-14	   2.2385496e+02	
  -1.8287186e-03	   4.1640669e-05	   3.6766100e-04	  -5.7479522e-06	  -2.1465834e-12	   2.2413335e+02	
  -7.6574979e-04	  -3.2701166e-05	  -7.8187533e-04	  -1.4311616e-05	  -1.2917493e-13	   2.2389147e+02	
  -4.2394529e-03	   2.9866085e-04	  -2.0331541e-04	   3.5133143e-05	   1.3715338e-12	   2.2368335e+02	
   8.6922894e-04	   2.1248351e-06	   1.7751369e-03	  -2.3317969e-05	  -5.7748794e-13	   2.2394345e+02	
   5.6624568e-04	  -9.6378829e-06	  -1.1035028e-03	  -2.5976522e-05	  -4.4071448e-13	   2.2387159e+02	
  -4.5588200e-04	   1.3485188e-05	   2.0266132e-03	  -2.5315483e-06	  -4.7110858e-13	   2.2393177e+02	
   6.8942631e-04	   1.9316005e-06	  -3.0750867e-04	  -3.0889234e-05	  -7.0286361e-13	   2.2390603e+02	
   3.1066983e-04	  -6.1357708e-06	  -6.8125643e-04	  -3.8573275e-05	   2.0136093e-13	   2.2383362e+02	
   1.5471052e-03	  -5.3219090e-05	  -4.0644340e-03	   9.1381731e-05	   1.3297420e-12	   2.2362785e+02	
   7.6107549e-04	   2.3255726e-05	   3.3316918e-03	   2.4832730e-05	  -4.7490785e-13	   2.2390464e+02	
   8.2469026e-04	   3.3380292e-05	   2.6724692e-04	  -1.8279085e-05	  -7.9024665e-13	   2.2390997e+02	
   2.1957624e-03	  -4.0653748e-05	   4.6142470e-04	  -1.9478606e-05	  -6.1168130e-13	   2.2394736e+02	
  -1.7936456e-05	   2.7500600e-05	   8.6634010e-04	   5.8702517e-05	  -3.4573291e-13	   2.2387558e+02	
  -2.1886000e-03	   6.8600682e-05	   1.7775067e-03	  -3.9018003e-05	  -6.3067762e-13	   2.2394593e+02	
   1.2417624e-04	  -3.2786779e-05	  -5.4195930e-04	  -2.1659613e-05	  -7.9404592e-13	   2.2390038e+02	
  -2.1553431e-03	  -7.7570236e-05	  -2.8797997e-04	   1.4690590e-05	  -9.4981569e-13	   2.2396460e+02	
  -5.5072458e-04	  -3.6295853e-05	  -6.9694922e-04	  -4.3928442e-06	  -7.5225403e-13	   2.2391173e+02	
  -8.2806145e-04	  -1.6038281e-05	  -1.8283368e-03	  -4.7300021e-06	  -3.4573291e-13	   2.2391865e+02	
   6.0914459e-04	  -4.5852865e-06	  -5.2865923e-04	  -2.6102866e-05	  -7.2185992e-13	   2.2391089e+02	
   4.8518992e-04	   8.6137394e-06	   1.4972785e-03	   1.0076370e-05	  -6.9146582e-13	   2.2394458e+02	
  -4.8913109e-06	   1.7456779e-05	   1.4905258e-03	   1.8330423e-05	  -3.8752480e-13	   2.2386110e+02	
   9.3981566e-04	  -2.4357463e-05	  -1.4396494e-03	  -2.6592750e-06	  -8.8902749e-13	   2.2396777e+02	
  -9.1455204e-04	  -4.8500841e-06	   5.6757558e-04	   2.7637465e-05	  -4.0652112e-13	   2.2387206e+02	
  -2.6575990e-03	   3.5642635e-05	  -6.4236928e-04	   2.0384228e-05	  -6.3067762e-13	   2.2393740e+02	
   8.3443808e-04	  -2.5804355e-05	  -1.5797834e-03	   2.1462378e-05	  -2.6290898e-12	   2.2409656e+02	
  -5.2366578e-04	  -3.7942253e-05	  -9.8973297e-04	  -3.0479823e-05	   1.3677346e-13	   2.2384830e+02	
   3.1862149e-04	  -9.8510403e-06	  -1.2353435e-03	  -1.3095354e-05	  -6.4967393e-13	   2.2388411e+02	
  -4.3300868e-04	  -1.3409403e-05	  -1.7803073e-03	  -7.8501482e-06	  -5.1290047e-13	   2.2393136e+02	
  -5.0279064e-04	  -3.1195752e-05	  -1.0101028e-03	  -3.1016262e-05	  -9.1942159e-13	   2.2390257e+02	
  -7.9134454e-04	  -5.3087945e-05	  -3.3692440e-04	   8.4322369e-07	   3.0014176e-13	   2.2381632e+02	
   5.3855616e-05	  -5.6877382e-06	   1.2753475e-04	   8.1342728e-07	  -1.1739721e-12	   2.2391427e+02	
   5.0650878e-04	  -3.7048733e-05	  -3.0965882e-04	  -3.5077807e-05	  -1.5387014e-12	   2.2402333e+02	
  -5.8323470e-04	  -2.4716314e-05	  -9.5144637e-04	  -5.3094921e-06	  -3.8372554e-13	   2.2387255e+02	
  -1.9457449e-03	  -4.2520074e-05	   2.4292458e-04	   1.0874983e-05	  -2.6594839e-14	   2.2386766e+02	
  -1.0208161e-03	  -3.0640597e-05	   4.2512432e-04	   3.2658754e-05	  -8.8522822e-13	   2.2389918e+02	
   2.7701383e-03	   4.0381004e-05	   1.5518113e-03	   1.0350272e-06	  -6.2687836e-13	   2.2392130e+02	
  -2.2821590e-03	  -8.6045613e-05	   2.1087493e-03	   9.7847314e-05	   3.5333144e-13	   2.2374944e+02	
  -7.5503176e-04	   2.7262262e-05	   1.9806907e-03	  -3.5819616e-05	  -6.6867025e-13	   2.2395186e+02	
   1.1379357e-05	   2.3522379e-05	   9.0579793e-04	   1.6299543e-06	  -7.6745108e-13	   2.2386051e+02	
  -9.6717650e-05	  -9.0061324e-06	  -2.3310692e-03	   4.3422671e-05	  -5.4329457e-13	   2.2394177e+02	
   5.4672210e-04	   2.6953943e-05	   1.1612912e-03	   1.0710147e-05	  -3.2293733e-13	   2.2385975e+02	
   1.5853046e-03	   1.8790116e-07	  -9.6271105e-04	  -1.4222446e-05	  -5.5469236e-13	   2.2393558e+02	
   1.3987878e-03	   7.2546499e-05	  -4.4660095e-04	  -4.9211336e-05	  -2.2795577e-13	   2.2384822e+02	
   1.9972296e-03	  -2.8472547e-05	  -6.7536503e-04	  -5.2036760e-06	  -5.6609015e-13	   2.2394353e+02	
   1.2828753e-03	  -7.3699870e-05	   3.6276348e-03	  -2.7374248e-04	   1.7248653e-12	   2.2356926e+02	
  -2.0450238e-04	   7.3087682e-06	   9.4470009e-04	   5.4699449e-05	  -2.8494471e-13	   2.2391568e+02	
  -1.4337022e-03	   1.3956937e-04	   3.5049777e-03	  -2.8293266e-04	   1.7134676e-12	   2.2358119e+02	
  -1.1289806e-03	   2.2672749e-06	   1.4184222e-03	   1.5751893e-05	  -5.2429826e-13	   2.2393364e+02	
  -5.6944554e-04	  -2.2052016e-05	   1.3894511e-04	   1.2498578e-05	  -1.1131839e-12	   2.2391429e+02	
  -8.2232667e-04	  -5.3043063e-05	  -2.0547856e-04	   7.6948236e-06	   1.7856535e-13	   2.2383811e+02	
  -1.1634686e-03	  -2.3153931e-05	   8.6968370e-04	   3.4525124e-05	  -8.3583781e-13	   2.2387670e+02	
  -1.8054315e-03	   2.9920078e-05	   9.6661713e-04	  -1.2188746e-06	  -6.0408278e-13	   2.2394713e+02	
  -2.0284965e-04	  -2.6466029e-05	  -1.0590634e-03	  -1.4220989e-05	  -5.2429826e-13	   2.2388957e+02	
  -9.0014515e-04	  -3.7086946e-05	  -5.1499986e-05	   2.1492475e-05	  -3.9132406e-13	   2.2393212e+02	
   6.9351206e-04	  -6.2000102e-06	  -8.8512413e-04	  -2.4764311e-05	  -5.3189679e-13	   2.2388541e+02	
  -1.1250683e-03	  -3.4646848e-05	  -9.9985205e-04	  -1.4192019e-05	  -1.1017862e-13	   2.2388280e+02	
  -5.4921848e-04	   1.6389091e-05	   3.9725572e-04	   1.9833416e-05	  -7.9784518e-13	   2.2386871e+02	
   4.0455698e-04	  -1.2973758e-05	  -1.9237466e-03	  -3.0163551e-07	  -6.2307909e-13	   2.2394449e+02	
   2.1104731e-04	  -1.2134414e-05	  -1.0515853e-03	  -7.2760002e-05	  -4.1032038e-13	   2.2388206e+02	
   7.4504445e-04	  -1.5000339e-05	  -1.9378395e-03	  -4.1449550e-06	  -4.4451374e-13	   2.2393055e+02	
  -1.4486901e-04	   2.2728671e-05	   8.7019525e-04	   2.8415670e-05	  -6.9526509e-13	   2.2390858e+02	
  -6.3171824e-04	  -2.0913307e-05	   1.5969496e-04	   2.3593202e-05	   1.4437198e-13	   2.2384413e+02	
  -1.4525249e-04	   3.6114126e-06	   2.7148498e-04	   9.3365604e-06	  -1.1473774e-12	   2.2390681e+02	
  -6.0538424e-04	  -4.6313129e-05	  -7.0136041e-04	  -1.9873322e-05	   1.8616388e-13	   2.2383918e+02	
   8.6587752e-04	   3.5916549e-05	  -5.3134062e-04	  -5.7030298e-05	  -4.5591153e-13	   2.2388711e+02	
  -6.8826889e-04	  -3.7858750e-05	  -3.9303264e-05	   1.7895844e-05	   1.1017862e-13	   2.2384928e+02	
  -3.7573060e-04	  -1.5406138e-05	   1.8473107e-04	   2.1582591e-05	  -1.0789906e-12	   2.2392137e+02	
   1.2234327e-03	  -3.1905871e-05	   1.1917763e-03	  -5.2578751e-05	  -1.4057272e-12	   2.2398263e+02	
  -6.5996414e-04	  -6.1274958e-05	  -1.0939224e-03	  -5.6113550e-05	  -3.1913807e-13	   2.2386441e+02	
   1.0163229e-03	   2.7041040e-05	   3.0830528e-03	   2.6173484e-05	  -5.7748794e-13	   2.2391625e+02	
  -1.0972063e-05	  -1.3249008e-05	  -1.0401663e-03	  -4.3083554e-05	  -9.2702011e-13	   2.2391474e+02	
   1.9673128e-04	  -1.2812004e-05	  -8.7782584e-04	  -4.1418989e-05	   1.0258009e-13	   2.2385347e+02	
   9.2638957e-04	   2.6742203e-05	   3.9766487e-04	  -1.5468345e-07	  -2.3935355e-13	   2.2390844e+02	
   9.0523215e-04	   1.0215326e-05	   1.7518038e-03	   1.6490517e-06	  -2.6024949e-12	   2.2405774e+02	
   9.0303677e-04	   5.1223007e-06	  -1.3341823e-03	  -3.6379290e-05	  -1.7096682e-13	   2.2389045e+02	
   1.4767909e-03	  -2.6677897e-05	  -1.1308026e-03	   9.4169297e-06	   3.9094413e-12	   2.2236961e+02	
  -1.1025955e-03	  -2.0733675e-05	  -1.5485546e-03	  -8.5413224e-06	  -3.1153955e-13	   2.2391116e+02	
   1.4029625e-04	   2.1809977e-05	   6.7785434e-04	  -3.6319045e-06	  -8.1684149e-13	   2.2383773e+02	
   1.7272994e-03	   1.6641284e-05	  -6.0652711e-04	  -1.9768384e-05	  -3.0014176e-13	   2.2390707e+02	
   4.8959686e-04	   2.2471464e-05	   3.1414766e-04	   8.7442947e-06	  -1.1321803e-12	   2.2391151e+02	
  -1.8214886e-03	  -4.7479203e-05	  -2.0625715e-03	  -2.6014274e-05	  -8.5103486e-13	   2.2394492e+02	
  -2.7772685e-04	  -2.9474313e-05	  -5.3805400e-04	   1.2041824e-05	  -7.9784518e-13	   2.2388879e+02	
   2.1385479e-03	   3.0294590e-05	   2.5755121e-03	   8.5738045e-06	  -5.5469236e-13	   2.2391267e+02	
   1.0174660e-04	  -4.0535122e-06	   1.1335826e-04	   1.0074536e-06	  -1.1701729e-12	   2.2391059e+02	
  -2.0564057e-03	   2.8567958e-05	  -1.5531722e-04	   1.3690573e-05	  -6.1548057e-13	   2.2394842e+02	
  -3.7132857e-04	  -4.1354444e-05	  -7.3731505e-04	  -1.0335626e-05	  -6.6867025e-13	   2.2390077e+02	
  -6.0097524e-04	   8.2511394e-06	   1.1004319e-03	   2.7778251e-05	  -6.1927983e-13	   2.2394781e+02	
   7.9503397e-04	   1.2476721e-05	   7.3424160e-04	  -3.0440990e-06	  -7.3325771e-13	   2.2389083e+02	
  -5.3964084e-04	  -2.4592046e-05	   3.0335970e-04	   3.4637420e-05	   1.8236461e-13	   2.2383501e+02	
  -2.1294993e-03	  -7.1701965e-05	   2.2881414e-03	   9.6240426e-05	   2.0136093e-13	   2.2377120e+02	
  -1.9573891e-03	  -7.0910326e-05	   3.6459598e-04	   3.9110269e-05	  -1.1549759e-12	   2.2397615e+02	
   1.9195029e-03	   9.8481447e-05	   7.5347326e-04	   1.9579915e-05	  -1.3297420e-13	   2.2382409e+02	
  -7.6023703e-04	   1.4750368e-05	   1.8316190e-03	  -5.5360508e-06	  -6.8766656e-13	   2.2394938e+02	
   4.8983193e-04	  -6.6197902e-06	  -1.3047060e-03	  -9.2652883e-06	  -7.0666287e-13	   2.2387793e+02	
   2.1081902e-03	  -2.0753769e-05	   2.3577375e-04	  -1.4323589e-05	  -5.7368868e-13	   2.2394415e+02	
  -9.5539568e-04	  -4.3967583e-05	  -3.8811520e-04	   4.4150949e-06	  -8.7762970e-13	   2.2390993e+02	
  -1.2583707e-03	   2.9076831e-06	   1.2154168e-03	   7.5756895e-06	  -7.4845476e-13	   2.2395016e+02	
  -1.0746343e-03	  -1.4812020e-05	  -1.7522891e-04	   1.2748099e-05	  -4.8250637e-13	   2.2387766e+02	
  -8.0518467e-04	  -5.7308553e-05	  -2.8964333e-04	   3.5238638e-05	  -1.2955486e-12	   2.2401776e+02	
   8.9393529e-04	  -1.5757607e-05	   4.0419822e-03	  -1.5308162e-04	   1.4817125e-12	   2.2360084e+02	
   1.0345458e-03	   2.0977477e-05	   9.2616118e-04	   7.2471794e-06	  -4.5591153e-13	   2.2392768e+02	
   7.7510717e-04	   2.1726951e-05	   9.7922843e-04	   1.9831912e-06	  -4.5591153e-13	   2.2387141e+02	
   9.2588077e-04	   1.2085684e-06	   1.7050854e-03	  -1.1265471e-05	  -7.6365181e-13	   2.2395312e+02	
  -2.1833515e-03	  -6.9834008e-05	   1.9458492e-03	   8.0364963e-05	   3.4193365e-14	   2.2379278e+02	
   1.0438977e-03	  -1.7851779e-05	  -1.8007411e-03	  -4.5435695e-07	  -5.0530195e-13	   2.2393676e+02	
   1.8534428e-04	   2.9525772e-05	   7.5671896e-04	  -2.0249961e-06	  -7.7504960e-13	   2.2386554e+02	
  -1.5209578e-04	  -3.8700699e-06	   1.0750365e-03	   4.4196404e-05	   2.6214913e-13	   2.2381983e+02	
   6.1758476e-04	   4.4466425e-06	  -2.8465484e-04	  -3.4362344e-05	  -7.8644739e-13	   2.2390603e+02	
  -1.5109850e-03	   1.1230676e-05	  -1.3965304e-03	   2.6195055e-05	  -5.9268499e-13	   2.2394640e+02	
   3.5924299e-04	   4.8302823e-05	   8.4986597e-04	   3.4017612e-05	  -5.3569605e-13	   2.2389433e+02	
   9.8902243e-04	   3.4838389e-06	  -2.3494458e-03	  -6.0027855e-05	  -1.0220016e-12	   2.2395846e+02	
  -8.1719813e-04	  -1.1957189e-05	  -6.0659051e-04	   4.0881354e-06	  -6.8386730e-13	   2.2389789e+02	
   1.7055022e-03	   3.5397487e-06	   5.7083532e-04	  -6.7963594e-06	  -7.0666287e-13	   2.2394838e+02	
   8.0999883e-04	   3.2471420e-05	   2.2747246e-04	  -1.7937790e-05	  -7.9404592e-13	   2.2391353e+02	
  -1.5597474e-03	   9.1946956e-07	  -1.3449064e-03	   1.5691235e-05	  -5.0910121e-13	   2.2393728e+02	
   1.0638043e-04	  -1.7033897e-05	  -6.5575071e-04	  -3.2997345e-05	  -8.9662601e-13	   2.2391838e+02	
  -1.9097516e-03	  -7.1689131e-06	  -5.4189429e-04	   9.1831819e-06	  -4.3691522e-13	   2.2392865e+02	
  -4.9244971e-04	  -3.8896182e-05	  -7.0697032e-04	  -9.1396289e-06	  -8.4723560e-13	   2.2390713e+02	
   3.2178035e-04	  -1.8127205e-05	  -2.0390802e-03	   1.5141143e-05	  -5.7368868e-13	   2.2394425e+02	
  -6.1356013e-04	  -9.0014614e-07	   3.0788399e-04	   2.8464177e-05	  -6.7626877e-13	   2.2390750e+02	
   1.7344816e-03	  -2.7448268e-05	   1.2187495e-03	  -3.2765533e-05	  -7.1426140e-13	   2.2395576e+02	
  -4.4660433e-05	   2.6270647e-05	   9.5048956e-04	   2.4669447e-05	  -6.4207541e-13	   2.2390092e+02	
   5.2587970e-04	   1.4814182e-05	  -8.9329005e-04	  -3.9260857e-05	   2.3555429e-13	   2.2383157e+02	
  -8.5008962e-04	  -4.3648885e-05	  -5.6629300e-04	  -5.2902308e-06	  -8.9282675e-13	   2.2390795e+02	
   1.3476272e-03	  -1.5076113e-05	  -1.4357331e-03	  -2.5172369e-06	  -7.0666287e-13	   2.2395145e+02	
  -1.0758920e-03	  -4.3186756e-05	  -4.2945564e-04	   2.5140671e-06	  -8.8522822e-13	   2.2388926e+02	
   1.5384537e-03	   2.7728874e-05	   2.7577005e-04	  -6.2550891e-06	  -2.7734618e-13	   2.2390425e+02	
  -1.7235489e-05	   2.6799251e-05	   9.9636323e-04	   2.3612865e-05	  -6.0028352e-13	   2.2389490e+02	
  -1.8946513e-03	   2.0075864e-05	   1.8256496e-03	  -3.4943198e-06	  -6.0788204e-13	   2.2393556e+02	
   2.3027873e-04	   3.1602878e-05	   1.0203345e-03	   1.6969141e-05	  -5.9268499e-13	   2.2389055e+02	
  -6.1962036e-04	  -2.2339586e-05	   3.6332875e-05	   1.9554626e-05	  -1.1397788e-14	   2.2387088e+02	
   3.8997363e-05	  -2.6357652e-05	  -8.9421533e-04	  -5.7140369e-05	  -5.7748794e-13	   2.2389658e+02	
  -7.5164189e-04	   3.5325400e-05	   3.1208124e-04	   2.2764350e-05	  -1.5614970e-12	   2.2401607e+02	
   3.4518539e-04	  -3.3147097e-06	  -5.0263211e-04	  -3.5325720e-05	  -9.2322085e-13	   2.2392024e+02	
  -1.6127336e-03	   1.5593154e-05	   1.1270127e-03	   2.3348323e-06	  -6.9906435e-13	   2.2395063e+02	
  -6.4060153e-05	   2.5232977e-05	   1.0419367e-03	   2.4427589e-05	  -5.2429826e-13	   2.2388445e+02	
  -9.9647280e-04	  -2.0366024e-05	   1.7493618e-04	   6.1612498e-06	  -9.3461864e-13	   2.2398139e+02	
  -7.2146994e-05	  -7.2868932e-06	  -2.3804510e-04	  -1.0156205e-05	  -6.3827614e-13	   2.2373286e+02	
   9.2000003e-04	   2.0711348e-05	  -1.3720768e-05	  -4.9575131e-06	  -9.6121348e-13	   2.2398776e+02	
   5.8985061e-04	   2.2355372e-05	  -1.3141602e-04	  -1.9331947e-05	  -1.0789906e-12	   2.2391128e+02	
  -1.9435698e-03	  -2.5014750e-05	   1.2000291e-03	   2.8896404e-05	  -4.5971079e-13	   2.2392147e+02	
   1.0331532e-04	   3.2686559e-05	   9.3362517e-04	   5.5918663e-05	  -5.3569605e-13	   2.2389372e+02	
  -1.9046631e-03	   4.8514873e-06	  -1.5278196e-04	   9.0813621e-06	  -6.7626877e-13	   2.2394887e+02	
   8.0052073e-04	   1.3559185e-06	  -3.4966331e-04	  -2.2150082e-05	  -6.7626877e-13	   2.2390576e+02	
  -1.8569292e-03	   8.8125736e-05	   7.1121499e-04	  -1.8213667e-05	  -1.3335413e-12	   2.2397394e+02	
   1.2835770e-03	   2.5172618e-05	  -4.0694315e-04	  -2.2701083e-05	  -1.8616388e-13	   2.2389184e+02	
   4.1095330e-04	   4.8527145e-07	  -6.6540376e-04	  -4.1224412e-05	  -9.3461864e-13	   2.2390496e+02	
  -6.8539766e-04	  -2.1483711e-05	   1.0065736e-04	   2.0313664e-05	  -3.7992628e-15	   2.2387016e+02	
   6.1279065e-04	   2.4388659e-05	  -8.9164681e-05	  -1.7399443e-05	  -1.0789906e-12	   2.2391094e+02	
   5.8387956e-04	   3.0691961e-05	   5.0105784e-04	   2.7261274e-06	  -1.5197051e-13	   2.2389498e+02	
  -2.3173639e-04	  -1.9825662e-05	  -1.1253544e-03	  -3.9187449e-05	  -9.1942159e-13	   2.2390155e+02	
  -1.9959648e-03	   3.4268701e-05	  -4.9793884e-04	   2.0059453e-05	  -6.8386730e-13	   2.2395402e+02	
  -5.5434884e-04	  -8.5073310e-06	   3.7743658e-04	   4.3249805e-05	  -6.9146582e-13	   2.2390353e+02	
  -6.9565912e-04	  -2.2854611e-05	   3.1125801e-06	   1.6933740e-05	  -7.5985255e-14	   2.2388253e+02	
   8.1808227e-04	   3.2590502e-05	   9.4226819e-05	  -2.7753508e-05	  -7.3705698e-13	   2.2390408e+02	
   2.0864399e-03	  -3.4200461e-05	   1.9756766e-04	  -1.5813268e-05	  -6.9906435e-13	   2.2395496e+02	
  -1.1638484e-03	  -2.0677961e-05	   9.5030084e-04	   3.4283488e-05	  -8.2064076e-13	   2.2386227e+02	
  -8.4825066e-04	  -3.4489081e-06	  -1.7660246e-03	   1.3325081e-05	  -7.2185992e-13	   2.2395314e+02	
  -3.4897260e-03	  -2.8108558e-05	  -3.7509036e-04	   3.0776280e-05	  -2.0554011e-12	   2.2409600e+02	
   9.8262804e-04	  -1.4114429e-05	  -3.2459168e-03	  -1.5328904e-05	  -6.0408278e-13	   2.2391654e+02	
  -3.3644037e-04	  -3.1909909e-05	  -7.8775816e-04	  -2.7765749e-05	  -9.3081938e-13	   2.2391108e+02	
   7.5174923e-04	  -1.6543491e-05	  -1.8944127e-03	  -3.5648805e-07	  -5.2809752e-13	   2.2393924e+02	
  -7.9880883e-04	  -3.8261053e-05	  -2.3939114e-04	   1.7809516e-05	  -8.3203854e-13	   2.2390337e+02	
   1.5152417e-03	  -2.4254836e-05	   1.4650080e-03	  -3.8834944e-05	  -7.5985255e-13	   2.2395897e+02	
   8.5207643e-04	   3.5605822e-05	   8.2669674e-05	  -2.8065719e-05	  -7.4845476e-13	   2.2390239e+02	
  -8.5637381e-04	  -2.6618380e-05	   3.2802166e-05	   1.5794307e-05	  -1.2157641e-13	   2.2389251e+02	
  -8.3665235e-04	   7.5573832e-06	   1.4219885e-03	   1.6377141e-05	  -4.5591153e-13	   2.2385869e+02	
   8.6585353e-04	   1.8618128e-06	  -1.3209901e-03	  -3.2518969e-05	  -2.8874397e-13	   2.2390770e+02	
  -3.0554087e-04	   3.8178720e-06	   6.0665361e-04	   3.9692604e-05	  -9.0042527e-13	   2.2391707e+02	
   6.2720744e-04	   2.7032871e-05	   2.9694848e-04	  -6.4579374e-06	   1.5197051e-14	   2.2386668e+02	
  -9.0227235e-05	   1.8555154e-05	   7.2508931e-04	   3.6501773e-05	  -8.9282675e-13	   2.2391451e+02	
  -7.5712164e-04	   2.1988343e-06	   2.4676662e-03	   6.2602557e-05	  -8.6623191e-13	   2.2395194e+02	
  -6.2629511e-04	  -1.8009565e-05	  -8.2140751e-04	   6.1994729e-07	  -5.2809752e-13	   2.2388785e+02	
  -1.6332422e-03	   4.0586834e-05	   1.1613433e-03	  -1.2185148e-05	  -7.5605329e-13	   2.2395924e+02	
   7.2730178e-04	   2.3072738e-05	  -1.7370432e-04	  -3.0627998e-05	  -8.9282675e-13	   2.2391605e+02	
  -2.9154337e-04	   8.2448666e-06	   1.4314200e-03	   2.5068031e-05	  -4.6351006e-13	   2.2392766e+02	
  -6.6141916e-04	  -1.4054045e-05	  -1.8450690e-04	   1.9571622e-05	  -6.4967393e-13	   2.2390415e+02	
  -3.5301053e-04	   1.4010422e-05	   2.9925986e-03	   3.9272210e-05	  -7.4085624e-13	   2.2393325e+02	
   7.8359293e-04	  -2.5656100e-07	  -3.9063767e-04	  -2.1379199e-05	  -6.8766656e-13	   2.2390517e+02	
  -1.3759000e-03	   4.5131681e-05	  -1.2912710e-03	   5.9631267e-05	  -1.3639354e-12	   2.2397969e+02	
   3.9241417e-04	   1.9958588e-05	   1.2366347e-03	   7.7146792e-06	  -5.5089310e-13	   2.2387691e+02	
   2.0678355e-03	  -3.9010105e-05	   4.8318855e-04	  -2.1331424e-05	  -7.3705698e-13	   2.2395752e+02	
   6.7527676e-04	   5.3831692e-06	  -1.4923015e-03	  -3.5067155e-05	  -8.0544371e-13	   2.2385562e+02	
   1.1801300e-03	   1.1401789e-05	  -3.9033022e-04	  -1.2814953e-05	  -7.7125034e-13	   2.2395693e+02	
   2.4879203e-03	   7.3250157e-05	  -1.7715348e-03	  -7.0235434e-05	   6.0788204e-14	   2.2378957e+02	
   5.5186661e-04	   1.5471008e-05	   1.5545448e-05	  -1.8151268e-05	  -1.4437198e-13	   2.2389161e+02	
   6.3780459e-04	   2.5566190e-05	   8.5731633e-04	  -1.5553110e-07	  -5.4329457e-13	   2.2388300e+02	
  -1.0098653e-03	  -3.3862318e-05	  -1.6790721e-04	   8.2465144e-06	  -1.1777715e-13	   2.2389194e+02	
  -5.7880143e-05	   1.6637412e-05	   8.1053696e-04	   4.0718329e-05	  -9.1182306e-13	   2.2391317e+02	
  -4.7159140e-04	   2.3374843e-05	   1.8889752e-03	  -3.4191271e-05	  -8.0924297e-13	   2.2396278e+02	
  -4.4124731e-04	   1.3536915e-05	  -4.1552899e-03	   3.1043985e-04	   1.4399206e-12	   2.2366534e+02	
  -8.0820811e-04	   2.8770753e-05	   1.7707499e-03	  -2.7712151e-05	  -7.9404592e-13	   2.2396194e+02	
  -5.2076485e-05	   3.1786247e-05	   3.6644574e-03	  -2.3146471e-05	  -1.9224270e-12	   2.2409007e+02	
  -8.7148947e-04	  -4.9852946e-06	   1.1808649e-03	   2.8971957e-05	  -3.7992628e-13	   2.2391809e+02	
  -2.5832237e-03	  -8.5180968e-05	  -3.7667580e-04	   3.3120866e-06	  -2.0516019e-13	   2.2381734e+02	
  -1.4336486e-03	   5.4295012e-06	  -1.4468594e-03	   2.1626798e-05	  -6.1548057e-13	   2.2394754e+02	
   1.3450334e-03	   7.4568925e-05	   1.1014311e-03	   3.7121048e-05	  -4.1791890e-13	   2.2385701e+02	
  -3.2968694e-04	   1.5032047e-05	   1.2337363e-03	   2.4812774e-05	  -6.2307909e-13	   2.2394969e+02	
   1.9828846e-03	   8.7030152e-05	   5.8983613e-04	   7.0940491e-06	  -3.1153955e-13	   2.2384055e+02	
  -2.0207676e-03	   3.8662270e-05	  -3.3559121e-04	   1.7846977e-05	  -7.4465550e-13	   2.2395846e+02	
  -3.9000635e-04	  -1.2637448e-05	   5.0765872e-04	   2.6561107e-05	  -1.0903885e-12	   2.2390214e+02	
  -9.9547930e-04	   2.5456207e-05	   1.8294993e-03	  -2.2687029e-05	  -8.3583781e-13	   2.2396049e+02	
  -1.5998657e-04	  -1.3948662e-05	  -1.4181988e-03	  -3.5370147e-05	  -8.5483412e-13	   2.2385760e+02	
   1.4672348e-03	   1.6175210e-05	  -3.4248243e-05	  -1.1996572e-05	  -5.4329457e-13	   2.2393826e+02	
   9.4511929e-04	   5.5032757e-06	  -1.2080970e-04	  -1.6851686e-05	  -6.8006803e-13	   2.2390065e+02	
  -6.7612452e-04	  -3.3766741e-05	  -2.8627482e-04	   7.1324089e-06	  -1.6336830e-13	   2.2389656e+02	
  -8.1569103e-04	  -3.8428065e-05	  -1.8621149e-04	   1.9938357e-05	  -8.3203854e-13	   2.2390110e+02	
  -1.0291011e-03	  -3.2934277e-05	  -7.4227758e-04	  -7.8171781e-06	  -2.1275871e-13	   2.2389544e+02	
  -1.2812356e-03	  -7.2988769e-05	  -1.1566071e-04	   1.6989239e-05	  -5.2809752e-13	   2.2387721e+02	
  -1.8433572e-03	   1.2469542e-05	  -7.3279850e-04	   1.2881374e-05	  -7.7125034e-13	   2.2395560e+02	
   1.1040519e-03	   4.6829518e-05	  -5.2865602e-04	  -5.1611158e-05	  -5.8508647e-13	   2.2388905e+02	
   8.6611772e-04	   1.8873186e-05	  -9.6812237e-05	  -1.7203487e-05	  -2.9254323e-13	   2.2391801e+02	
   9.0187515e-04	   1.0777717e-05	   4.2931586e-04	  -8.5509202e-06	  -7.2565919e-13	   2.2389533e+02	
   2.6837111e-04	   1.0341136e-05	   4.8638463e-04	   5.1704687e-06	  -9.8020979e-13	   2.2398875e+02	
   4.2712863e-05	   2.9338096e-05	   9.1924689e-04	   2.2282462e-05	  -6.6867025e-13	   2.2390292e+02	
  -1.8833914e-03	  -6.2198451e-05	  -1.5011443e-03	  -2.4247724e-05	  -1.0523957e-12	   2.2396513e+02	
   3.7741919e-03	  -2.2722213e-04	   1.7954421e-03	  -1.3190669e-04	   1.4437198e-12	   2.2364411e+02	
  -1.7168370e-03	  -3.1225973e-05	  -2.5621496e-03	  -1.4765494e-05	  -7.5225403e-13	   2.2393343e+02	
   1.0389672e-03	   4.0885548e-05	   1.8695162e-04	  -1.7499799e-05	  -8.6623191e-13	   2.2389670e+02	
  -4.2807122e-04	   1.2817040e-05	   1.1868724e-03	   2.6307520e-05	  -6.2307909e-13	   2.2394924e+02	
  -3.4220980e-03	   1.6130852e-04	  -2.3037159e-03	   1.3137257e-04	   1.4931102e-12	   2.2361033e+02	
   1.0278100e-03	   2.2642698e-05	   4.9930461e-04	  -6.9103476e-07	  -4.4831301e-13	   2.2392754e+02	
   2.5651639e-05	   3.0604013e-05	   8.2151443e-04	   3.4429862e-05	  -7.6745108e-13	   2.2390245e+02	
   6.3313568e-04	   2.1632731e-05	  -6.7476161e-04	  -8.1643008e-05	  -1.6146866e-12	   2.2402697e+02	
  -8.6873440e-04	  -3.8699018e-05	  -1.6786183e-04	   1.9088050e-05	  -8.5483412e-13	   2.2389955e+02	
   2.2758565e-03	  -1.1340368e-04	   1.8870260e-05	  -1.2752902e-05	  -1.2461582e-12	   2.2397300e+02	
   6.8163032e-04	   5.4898893e-05	   7.5388089e-04	   1.5861904e-05	  -7.0666287e-13	   2.2389955e+02	
  -6.6269969e-04	  -4.0025374e-05	  -5.7370533e-04	  -7.2781870e-06	  -8.3583781e-14	   2.2388593e+02	
   4.4961533e-04	  -2.2199407e-06	  -5.6281805e-04	  -4.6497404e-05	  -8.0164444e-13	   2.2390337e+02	
   6.5468858e-04	   1.5488116e-05	  -6.2674468e-05	  -7.3540834e-06	  -1.0979869e-12	   2.2399732e+02	
   5.9875301e-04	   4.2695028e-05	   7.9721540e-04	   1.3534158e-05	  -8.5483412e-13	   2.2390038e+02	
   1.2957806e-03	  -4.5182773e-05	  -1.8624524e-03	   4.2595333e-05	  -7.6745108e-13	   2.2395914e+02	
   1.0515005e-03	   6.7155444e-05	   9.4398029e-04	   3.0906691e-05	  -5.6988941e-13	   2.2387541e+02	
  -3.0823962e-04	   3.1728793e-06	   8.5038289e-04	   5.1653966e-05	  -2.2035724e-13	   2.2390848e+02	
   1.0928168e-03	   5.3661424e-05	   1.9341948e-03	   6.6552729e-05	  -3.1153955e-13	   2.2383881e+02	
  -2.1475346e-03	   5.5345692e-05	   6.4909518e-04	  -9.6945489e-06	  -9.8400910e-13	   2.2396318e+02	
  -1.1805970e-03	  -4.0621104e-05	  -1.0068131e-04	   1.4640644e-05	  -8.7383043e-13	   2.2388182e+02	
   2.4840568e-04	  -1.1822603e-05	  -1.0050721e-03	  -3.7140115e-05	  -2.2415650e-13	   2.2390991e+02	
  -4.4843604e-04	  -1.8695648e-05	  -1.4668242e-03	  -3.0710861e-05	  -8.2444002e-13	   2.2385360e+02	
  -4.7166926e-06	  -2.0366019e-05	  -1.0762750e-03	  -3.3304827e-05	  -2.8494471e-13	   2.2391728e+02	
  -8.5067836e-04	   7.5269148e-05	  -2.5323942e-03	   2.4640336e-04	  -2.3631414e-12	   2.2393773e+02	
   6.2516498e-04	   7.3253183e-06	  -8.8751607e-04	  -1.9831840e-05	  -1.0106039e-12	   2.2398879e+02	
  -1.2698658e-04	  -1.3734541e-05	  -1.2873526e-03	  -3.8229973e-05	  -8.9662601e-13	   2.2387537e+02	
   2.1020472e-03	  -4.6711008e-05	  -1.8143620e-04	  -9.1853856e-06	  -7.8644739e-13	   2.2396147e+02	
   8.7523819e-05	   1.2959672e-06	   3.5338718e-04	   1.2725889e-05	  -1.1435780e-12	   2.2389165e+02	
  -1.0477279e-03	   4.0719744e-05	   3.9053749e-04	   1.1961370e-05	  -1.5463000e-12	   2.2400263e+02	
   8.1355083e-05	   2.4922037e-06	   1.5098907e-04	  -4.8148297e-06	  -1.1207826e-12	   2.2388476e+02	
   9.5291326e-04	  -1.7048244e-05	  -1.8072112e-03	   1.5207902e-05	  -9.4601643e-13	   2.2396437e+02	
   7.8808288e-04	   4.4519121e-05	   6.6922262e-04	   3.1159602e-06	  -8.4343633e-13	   2.2389711e+02	
  -2.4713946e-04	   1.9492758e-05	   2.0366113e-03	  -5.1275383e-05	  -8.6243265e-13	   2.2396582e+02	
  -7.0277167e-04	  -2.5674268e-05	   5.4677840e-04	   5.3120791e-05	  -6.9146582e-13	   2.2389993e+02	
   3.6525618e-03	  -1.8413464e-05	  -6.7787193e-04	  -1.6821147e-05	  -4.9770342e-13	   2.2390304e+02	
   8.3642761e-04	   4.7445195e-05	   5.3006947e-04	  -5.5899820e-06	  -7.9404592e-13	   2.2390092e+02	
   1.1591864e-03	   8.0465732e-05	   2.2911027e-05	  -3.5737081e-05	  -1.5652963e-12	   2.2402255e+02	
   8.7278718e-05	   3.3284181e-05	   8.3143845e-04	   3.8172307e-05	  -7.5225403e-13	   2.2390100e+02	
   5.2870846e-04	   3.7640570e-06	   1.9362504e-03	  -3.2796678e-05	  -7.5605329e-13	   2.2395867e+02	
  -8.7843386e-04	  -3.1665142e-05	   2.5407195e-04	   3.0592127e-05	  -8.8902749e-13	   2.2390799e+02	
   7.1295369e-05	   6.9860254e-06	   1.9495137e-03	  -1.7088789e-05	  -8.6623191e-13	   2.2396034e+02	
  -9.8680590e-04	  -4.2969187e-05	  -5.6098804e-04	  -4.2016702e-06	  -8.8902749e-13	   2.2388852e+02	
   1.6474560e-03	  -9.0277302e-06	   1.0422817e-03	  -1.4764021e-05	  -8.1684149e-13	   2.2395969e+02	
   9.6894132e-04	   1.6226146e-04	   2.0700184e-03	   3.1857262e-04	   2.5569038e-12	   2.2351127e+02	
   6.3295758e-04	  -4.2966778e-05	  -1.9511759e-03	   8.0536094e-05	  -1.3411397e-12	   2.2398048e+02	
   1.2430100e-03	   2.5084242e-05	  -7.2377697e-04	  -3.1778142e-05	  -8.3203854e-13	   2.2385529e+02	
  -1.2392643e-04	   8.3586689e-06	   1.8916083e-03	  -1.1042983e-05	  -8.5863338e-13	   2.2396083e+02	
   4.1603180e-04	   3.7801077e-05	   1.3857474e-03	   6.3634157e-05	  -5.9268499e-13	   2.2387425e+02	
  -3.2727293e-03	  -1.5102485e-05	   5.6284170e-04	   2.3403117e-05	  -6.0788204e-13	   2.2391768e+02	
  -4.2379418e-04	  -2.0623214e-06	   8.4640592e-04	   4.6167049e-05	  -9.0042527e-13	   2.2389085e+02	
  -1.4173454e-05	  -9.5404742e-06	  -1.9767998e-03	   1.4588158e-05	  -8.0924297e-13	   2.2395916e+02	
  -2.0646733e-03	   3.4314245e-05	  -3.9326985e-04	   1.3485788e-05	  -2.5986957e-12	   2.2407901e+02	
   2.8837469e-05	  -3.2448792e-05	  -1.0463160e-03	  -7.6738277e-05	  -1.3905302e-12	   2.2402372e+02	
  -1.5541088e-03	  -5.3573629e-05	   1.2195476e-03	   6.2441653e-05	  -4.0652112e-13	   2.2384634e+02	
   3.3463883e-04	  -1.8678595e-05	  -2.0047678e-03	   1.8008697e-05	  -6.7626877e-13	   2.2395290e+02	
  -1.9012995e-04	  -1.2671087e-05	  -1.5157650e-03	  -3.9704330e-06	  -5.3189679e-13	   2.2386347e+02	
   1.7335861e-03	   2.5108822e-06	   2.2080874e-04	  -1.0153533e-05	  -6.9526509e-13	   2.2395032e+02	
  -3.5022585e-03	   2.5802579e-04	   2.0995908e-03	  -1.3054239e-04	   1.4741140e-12	   2.2364595e+02	
   3.1002176e-04	   1.0958037e-05	   3.8908731e-04	   4.0612109e-06	  -1.0789906e-12	   2.2399678e+02	
  -3.4897642e-04	  -2.4897199e-05	  -7.8279205e-04	  -7.6216088e-07	  -6.6487098e-13	   2.2390075e+02	
   6.2883309e-04	   2.9693912e-05	   1.5866758e-04	  -1.3475157e-05	  -1.4817125e-13	   2.2389294e+02	
   5.8198302e-04	   1.0768051e-05	  -9.8228395e-04	  -6.4951328e-05	  -6.8766656e-13	   2.2389582e+02	
   1.7635086e-03	  -5.4420860e-05	  -1.4738561e-03	   2.9853719e-05	  -7.6745108e-13	   2.2395832e+02	
  -3.9430548e-03	   2.7058098e-04	   1.0634534e-03	  -5.1709638e-05	   1.4779132e-12	   2.2363838e+02	
   1.2583175e-03	   6.9143992e-05	   1.4046978e-03	   4.2969226e-05	  -1.2803515e-12	   2.2398660e+02	
   1.0505028e-03	   2.6092759e-05	  -5.9413705e-04	  -3.4952355e-05	  -8.7383043e-13	   2.2387028e+02	
  -8.0048983e-04	  -3.2216744e-05	   1.1425323e-03	   6.8914578e-05	  -4.1791890e-14	   2.2386930e+02	
  -1.2396153e-04	   6.0437989e-06	   1.3848858e-04	   5.7936517e-06	  -1.1131839e-12	   2.2387472e+02	
   3.4020551e-03	   3.9611611e-06	   1.1924266e-03	  -1.9220072e-05	  -5.2429826e-13	   2.2390887e+02	
  -5.0769006e-04	  -6.7139857e-06	   7.1859233e-04	   4.5337012e-05	  -8.9662601e-13	   2.2389333e+02	
  -1.1934207e-03	  -2.8626932e-05	  -1.7228853e-04	   8.3365667e-06	  -3.3053586e-13	   2.2391159e+02	
   2.4729899e-03	  -1.4294673e-04	  -3.4318907e-03	   1.6539605e-04	   1.4437198e-12	   2.2362730e+02	
  -1.1073662e-03	  -3.3584369e-05	  -8.6025305e-04	  -1.9877627e-05	  -1.7476609e-13	   2.2388910e+02	
  -1.2194126e-03	  -3.1691045e-05	   2.0764931e-03	   8.0565351e-05	  -2.5075134e-13	   2.2382566e+02	
  -2.2459137e-03	   1.9634035e-05	   4.2385187e-07	   6.6712462e-06	  -5.6609015e-13	   2.2393926e+02	
  -3.8587620e-04	  -5.9797306e-07	   1.2155174e-03	   4.3466687e-05	  -8.8142896e-13	   2.2387280e+02	
   8.8496866e-04	   7.6765188e-07	   6.1821230e-04	  -3.3542936e-05	  -1.2917493e-12	   2.2400752e+02	
   1.0598637e-03	   6.3610918e-05	   5.2412383e-04	   4.5923502e-07	  -6.7626877e-13	   2.2388928e+02	
   3.8414414e-04	   2.0747345e-06	   2.0563059e-03	  -3.5517500e-05	  -8.8902749e-13	   2.2396394e+02	
  -2.8039790e-04	  -2.5863996e-05	  -7.8195900e-04	  -2.3275645e-06	  -7.1046214e-13	   2.2390132e+02	
  -8.4947420e-04	  -3.2426299e-05	  -5.9629310e-04	  -4.3865241e-06	  -2.5075134e-13	   2.2391253e+02	
   2.3069199e-03	   6.8320849e-05	   1.7761313e-03	   3.6130910e-05	  -1.6336830e-13	   2.2380668e+02	
  -1.2975180e-03	   4.3644089e-05	   1.4991646e-03	  -2.8618754e-05	  -9.0042527e-13	   2.2396860e+02	
   7.4421825e-04	   4.4163727e-06	   1.0344436e-04	  -1.6672051e-05	  -8.1684149e-13	   2.2390402e+02	
  -8.0368233e-04	  -7.1007693e-05	  -1.1283796e-03	  -5.4291741e-05	  -1.4627161e-12	   2.2401073e+02	
   6.3937067e-04	   5.2940071e-05	   9.3223929e-04	   3.3578022e-05	  -7.1806066e-13	   2.2389053e+02	
  -1.6835692e-03	   5.7355388e-05	   1.5312532e-03	  -3.8572515e-05	  -8.0544371e-13	   2.2395975e+02	
   4.8211820e-05	   1.1283095e-05	   4.7154996e-04	   2.7344382e-05	  -1.0827898e-12	   2.2389691e+02	
  -5.2780961e-04	   4.1495920e-06	   2.0658091e-03	   7.5698397e-05	  -1.0561950e-12	   2.2397511e+02	
   1.7644557e-04	   3.6130847e-06	   2.9237497e-04	   8.8350468e-06	  -1.1169833e-12	   2.2387443e+02	
   3.8599270e-04	  -1.4822103e-05	  -1.9984083e-03	   1.8762684e-05	  -8.2823928e-13	   2.2396047e+02	
  -1.6208039e-03	   1.0731944e-04	  -3.8506640e-03	   3.0454059e-04	   1.4247236e-12	   2.2367251e+02	
   1.4575777e-03	  -6.1836834e-06	  -1.1272741e-03	  -1.4147896e-05	  -5.7748794e-13	   2.2394094e+02	
  -3.5885235e-04	   1.2121343e-06	   8.2822479e-04	   5.6869681e-05	  -7.8644739e-13	   2.2390000e+02	
  -1.3085109e-03	  -7.6590499e-05	  -5.8853529e-05	   3.4252531e-05	  -1.2803515e-12	   2.2400586e+02	
  -7.1449784e-04	  -5.8392578e-06	   1.4026077e-03	   3.7881556e-05	  -7.7884887e-13	   2.2383562e+02	
   2.4284914e-03	   5.9873589e-05	  -2.3364099e-05	  -2.3681894e-05	  -1.1169833e-12	   2.2396942e+02	
  -4.7174254e-05	  -3.9316368e-05	  -2.0357860e-03	  -1.7113591e-04	  -3.0584065e-12	   2.2407155e+02	
  -2.0820862e-03	  -2.9235124e-05	  -2.3799628e-03	  -6.0018094e-06	  -7.2945845e-13	   2.2393282e+02	
   1.1678062e-03	   5.3514995e-05	  -4.9749399e-05	  -2.9845069e-05	  -7.1806066e-13	   2.2389020e+02	
   2.1037490e-04	   6.1458251e-06	  -1.5549005e-04	  -2.4578119e-06	  -1.1701729e-12	   2.2400333e+02	
   2.8361746e-04	  -2.8615389e-06	  -1.3515821e-03	  -3.8960290e-05	  -8.3583781e-13	   2.2384317e+02	
   4.7493121e-04	   5.1110269e-07	  -1.3000282e-03	  -8.6254008e-05	  -1.3677346e-12	   2.2401032e+02	
   1.9139059e-03	   1.3542848e-04	  -2.8636621e-03	  -2.4329560e-04	  -3.1153955e-12	   2.2423502e+02	
  -9.8147530e-04	   2.8073606e-05	   1.7659809e-03	  -2.1498514e-05	  -7.9404592e-13	   2.2396106e+02	
  -9.5020746e-04	  -4.3692602e-05	  -3.6475402e-04	   7.1090840e-06	  -8.6623191e-13	   2.2388237e+02	
  -3.0307719e-04	  -8.2977034e-06	  -1.9725993e-03	   4.2180934e-05	  -8.2064076e-13	   2.2396457e+02	
  -1.1678997e-03	  -5.3651813e-05	   4.1168127e-04	   4.2552947e-05	  -6.5347319e-13	   2.2388149e+02	
   9.1529759e-04	  -1.4013245e-05	  -1.6688098e-03	   2.5322161e-06	  -8.0924297e-13	   2.2395959e+02	
  -3.3281581e-04	  -1.0261648e-05	  -4.4555959e-04	   1.2173197e-05	  -8.9282675e-13	   2.2390271e+02	
   6.2361664e-04	   2.4073706e-05	   4.4585310e-04	  -3.9020743e-05	  -1.4171250e-12	   2.2402676e+02	
   1.2084989e-03	  -3.9939358e-06	  -8.8951990e-04	  -1.4810901e-05	  -5.3949531e-13	   2.2386449e+02	
   9.2835645e-04	   2.1052878e-05	   7.0105388e-05	  -1.2185625e-05	  -3.5713070e-13	   2.2392871e+02	
  -2.3693010e-04	   5.2319225e-06	   1.3946253e-03	   7.2587903e-05	  -6.1168130e-13	   2.2387406e+02	
  -3.5292794e-04	  -6.6940259e-06	  -1.8563085e-03	   8.3599757e-06	  -7.8644739e-13	   2.2395840e+02	
   2.7937185e-03	   6.0906030e-05	  -8.3623901e-04	  -3.3505610e-05	  -2.0895945e-13	   2.2380711e+02	
  -1.4663703e-03	  -1.9514040e-05	   5.6149277e-05	   1.2200347e-05	  -4.8250637e-13	   2.2393198e+02	
   4.4351755e-04	  -9.6155948e-06	  -3.5709877e-04	  -9.6668575e-06	  -9.5361495e-13	   2.2387544e+02	
  -1.2505652e-03	   1.4944697e-05	  -2.4815376e-03	   5.0655697e-05	  -6.7246951e-13	   2.2394517e+02	
   2.8691356e-04	   2.6118428e-05	   1.1114232e-03	   3.7081980e-05	  -8.8142896e-13	   2.2386883e+02	
  -1.5725739e-03	  -6.8371032e-05	  -1.4342726e-03	  -3.4082954e-05	  -1.1929685e-12	   2.2398030e+02	
   4.5834473e-04	  -4.3479179e-06	  -3.0777512e-05	  -1.7985549e-05	  -9.4601643e-13	   2.2389705e+02	
   1.1095584e-03	  -1.4321969e-05	   1.6555433e-03	  -4.3042990e-05	  -8.8522822e-13	   2.2396799e+02	
  -2.0529110e-04	  -3.3549812e-05	  -7.6945774e-04	  -2.8065686e-05	  -8.7003117e-13	   2.2388476e+02	
  -1.9947108e-03	  -1.2988719e-05	   2.0972722e-03	   4.3759224e-05	  -8.2444002e-13	   2.2394278e+02	
   9.6582005e-04	   1.0065119e-05	  -1.3709652e-03	  -3.2006487e-05	  -7.4465550e-13	   2.2382386e+02	
  -2.0238716e-04	  -1.0337444e-05	  -5.7681646e-04	  -1.0216067e-05	  -9.7641048e-13	   2.2398963e+02	
   9.3028755e-05	  -3.4054102e-06	  -4.2140346e-04	  -2.6765403e-05	  -1.0827898e-12	   2.2388967e+02	
  -8.7632885e-04	   3.5720812e-05	   1.7453656e-03	  -3.8286049e-05	  -9.3841790e-13	   2.2397093e+02	
   5.0883836e-04	   4.8121434e-06	  -6.1422765e-04	  -4.6552035e-05	  -8.5863338e-13	   2.2388987e+02	
  -1.4891594e-03	  -1.4717752e-05	   1.7333659e-06	   3.1196661e-06	  -8.3963707e-13	   2.2396098e+02	
  -3.7633286e-04	   1.7272199e-05	   7.5418934e-04	   2.0106185e-05	  -7.3325771e-13	   2.2389901e+02	
   6.8945030e-04	   1.4890512e-05	  -3.1089161e-05	  -1.7792869e-05	  -2.5455060e-13	   2.2391071e+02	
  -3.9087759e-04	  -4.4409051e-05	  -8.7229230e-04	  -3.7860195e-05	  -7.7884887e-13	   2.2389611e+02	
  -1.0881475e-03	   3.1799325e-05	   1.6939244e-03	  -2.2944236e-05	  -8.3203854e-13	   2.2396406e+02	
  -4.4333802e-04	  -4.3484881e-05	  -1.0728923e-03	  -4.8303813e-05	  -7.2945845e-13	   2.2389249e+02	
   1.6440940e-03	   6.7959265e-06	   3.4562114e-05	  -1.1138817e-05	  -6.6107172e-13	   2.2394803e+02	
   1.0596146e-03	  -6.4178851e-06	  -8.4448487e-04	  -9.1075883e-06	  -7.1806066e-13	   2.2385871e+02	
   2.1821265e-03	  -4.9325794e-05	  -4.4863720e-04	   1.3042734e-06	  -9.7261127e-13	   2.2396701e+02	
   1.0359488e-03	   4.6488094e-05	   1.5059961e-04	  -2.1396534e-05	  -8.0924297e-13	   2.2388946e+02	
  -4.1288921e-04	  -5.6886396e-06	  -1.9620268e-03	   4.2007825e-05	  -8.2823928e-13	   2.2396519e+02	
  -1.1404210e-03	   5.8344292e-05	  -2.2794769e-03	   1.3384076e-04	  -2.9330309e-12	   2.2401979e+02	
  -8.3635052e-04	   2.9681998e-05	   1.8150191e-03	  -2.9492138e-05	  -8.5863338e-13	   2.2396592e+02	
   1.9766130e-04	  -2.3260699e-07	  -2.7670522e-04	  -2.5681335e-05	  -1.0675928e-12	   2.2389404e+02	
   1.9732076e-03	  -5.1634088e-05	   8.4935970e-04	  -3.4584537e-05	  -8.9662601e-13	   2.2396725e+02	
   2.6591141e-04	   1.7303680e-06	  -1.5498949e-04	  -2.4298030e-05	  -1.0447973e-12	   2.2389578e+02	
   1.0586828e-03	   2.1778074e-05	  -9.1916493e-05	  -1.6299168e-05	  -3.5333144e-13	   2.2392478e+02	
  -1.3141900e-03	  -3.6106642e-05	   1.4853975e-04	   2.0706562e-05	  -8.3583781e-13	   2.2385705e+02	
  -9.0527748e-04	   4.4316668e-06	   1.3647694e-03	   1.6428798e-05	  -6.0788204e-13	   2.2394247e+02	
  -6.0303131e-04	  -1.7365046e-05	   2.3789085e-04	   3.3661134e-05	  -8.9282675e-13	   2.2390429e+02	
  -1.2856820e-03	   3.3455664e-06	   2.8011294e-03	   3.9605740e-05	  -6.8386730e-13	   2.2393259e+02	
  -1.4470490e-05	   9.4804491e-05	   1.1993872e-04	  -2.0066979e-05	  -4.2171817e-12	   2.2407306e+02	
  -3.8951104e-04	  -4.1755986e-05	  -1.0403552e-03	  -5.7577872e-05	   8.3583781e-14	   2.2386139e+02	
   3.6480653e-04	  -3.1504802e-06	  -8.7738417e-04	  -5.5843986e-05	  -8.0544371e-13	   2.2389247e+02	
   6.2775685e-04	  -2.4976331e-05	  -1.9186060e-03	   2.4041632e-05	  -7.9024665e-13	   2.2396231e+02	
   1.0588116e-03	   4.6018420e-05	   4.0883709e-04	  -8.5486893e-06	  -8.2823928e-13	   2.2386908e+02	
   6.4238055e-04	  -6.7418622e-07	  -1.0062988e-03	  -3.2728018e-05	  -3.8372554e-13	   2.2392363e+02	
  -9.9264184e-05	  -2.4656816e-05	  -7.0745774e-04	  -2.9757623e-05	  -9.4601643e-13	   2.2389826e+02	
   1.3134446e-03	   6.1439903e-05	   1.7159778e-03	   4.3202843e-05	  -1.0751914e-12	   2.2397709e+02	
  -8.0189468e-05	   9.3686764e-06	   1.4007137e-03	   4.0508297e-05	  -8.3203854e-13	   2.2384996e+02	
   4.3962514e-04	  -1.2954420e-05	  -1.6758921e-03	  -1.0311134e-05	  -6.4587467e-13	   2.2394719e+02	
  -5.1916459e-04	  -2.2334038e-05	  -1.3465279e-03	  -2.9455561e-05	  -7.9024665e-13	   2.2382807e+02	
   3.9730324e-04	  -2.3962670e-05	  -1.9676943e-03	   3.7478661e-05	  -8.5863338e-13	   2.2396732e+02	
  -4.8937677e-05	  -1.4450264e-05	  -2.0011986e-03	   3.5840276e-05	  -8.2064076e-13	   2.2396482e+02	
  -1.3533301e-03	   3.0032388e-05	  -4.0241982e-03	   1.4350457e-04	   1.4171250e-12	   2.2361362e+02	
   8.9213366e-04	   5.2473808e-06	  -8.7726198e-04	  -2.8773266e-05	  -4.4071448e-13	   2.2392719e+02	
   4.0422740e-04	   7.5516806e-06	  -1.4379054e-04	  -9.9862048e-06	  -1.0409980e-12	   2.2385124e+02	
   1.5171108e-03	   8.3249567e-06	  -2.1378754e-04	  -9.7223567e-06	  -7.6365181e-13	   2.2395725e+02	
  -5.5392539e-04	   1.5259042e-05	  -2.3838764e-03	   1.0132182e-04	  -2.9824212e-12	   2.2406515e+02	
  -1.1262806e-03	   4.6306657e-05	   1.6751583e-03	  -4.3824461e-05	  -9.7641048e-13	   2.2397275e+02	
   6.9614428e-04	   1.6204172e-05	  -6.0725961e-04	  -4.3372253e-05	  -8.6623191e-13	   2.2387773e+02	
  -1.2377999e-03	  -2.3761987e-06	   1.0124471e-03	   1.8075109e-05	  -5.8128720e-13	   2.2393995e+02	
   1.5810944e-03	   6.7105793e-05	   8.4651520e-05	  -1.8695404e-05	  -6.1927983e-13	   2.2386764e+02	
   6.0631996e-04	   1.3854399e-05	  -6.3060921e-04	  -7.6216911e-05	  -1.4475191e-12	   2.2402805e+02	
   3.8701816e-03	  -1.7086962e-04	   1.6243871e-03	  -9.3252977e-05	   1.4551177e-12	   2.2361505e+02	
   3.9252868e-04	  -2.4172194e-05	  -1.9653944e-03	   3.9007496e-05	  -8.7003117e-13	   2.2396799e+02	
   2.5488260e-04	   2.5384544e-05	   1.1142026e-03	   3.8037393e-05	  -8.7003117e-13	   2.2386417e+02	
   5.4584751e-04	   2.8557257e-05	   6.1942264e-04	   6.2809715e-06	  -3.0014176e-13	   2.2391895e+02	
   1.1573292e-03	   4.3132135e-05	   2.8439071e-04	  -1.1961598e-05	  -8.4723560e-13	   2.2386670e+02	
   1.6382131e-03	  -7.1339108e-06	   9.7854483e-04	  -1.2820960e-05	  -8.2444002e-13	   2.2396184e+02	
   6.1827114e-04	   5.0194405e-05	   9.2640556e-04	   3.1138297e-05	  -7.7504960e-13	   2.2388813e+02	
   8.7831432e-04	   2.0238572e-05	   4.6512128e-05	  -2.9803389e-06	  -1.0713921e-12	   2.2399793e+02	
   2.0540270e-04	  -4.0006269e-06	  -1.4047476e-03	  -3.7738472e-05	  -8.3963707e-13	   2.2384987e+02	
   1.6971927e-03	  -4.6352179e-05	  -1.1388407e-03	   1.2216328e-05	  -8.7762970e-13	   2.2396858e+02	
  -4.2419606e-05	  -1.9610090e-05	  -1.5303753e-03	  -6.5930032e-05	  -6.7246951e-13	   2.2386306e+02	
   1.0359207e-03	   1.9054887e-05	  -2.2545459e-04	  -1.9374637e-05	  -3.7992628e-13	   2.2392909e+02	
  -9.6466278e-04	  -4.7094145e-05	  -2.1625789e-04	   1.4643968e-05	  -8.2064076e-13	   2.2387848e+02	
  -5.2014878e-04	   3.6747860e-05	   9.1765903e-04	   6.5592912e-06	  -1.2917493e-12	   2.2400826e+02	
   6.6034558e-04	   5.0132330e-05	   9.6593703e-04	   3.2222628e-05	  -7.7125034e-13	   2.2388051e+02	
  -1.8174335e-03	   1.1323633e-05	  -7.3265858e-04	   1.1827027e-05	  -7.8264813e-13	   2.2395975e+02	
   4.9509081e-04	   1.8590106e-05	   1.2073491e-04	  -1.9161837e-05	  -9.7641048e-13	   2.2388212e+02	
  -1.5845443e-03	   2.8909198e-05	   1.2114417e-03	  -7.4448919e-06	  -8.3583781e-13	   2.2396462e+02	
  -2.3377776e-04	   8.3457077e-06	   9.3830816e-04	   5.0170914e-05	  -8.4723560e-13	   2.2388096e+02	
   2.9962603e-04	   7.1714509e-06	   1.4656555e-03	   9.1194749e-06	  -7.9784518e-13	   2.2395877e+02	
   2.7598771e-04	   3.4384982e-05	   9.7178963e-04	   3.8945971e-05	  -8.3583781e-13	   2.2388227e+02	
   6.1274833e-04	   2.1882922e-05	   3.7410334e-04	  -5.1387644e-06	  -2.9254323e-13	   2.2391752e+02	
  -4.4834962e-04	   9.3588875e-06	   2.5838265e-04	   2.4920477e-05	  -8.5863338e-13	   2.2390122e+02	
   1.3356106e-03	  -2.8451090e-05	   1.5346870e-03	  -5.0838699e-05	  -9.6121348e-13	   2.2397222e+02	
  -2.4369210e-05	   9.1880435e-06	   3.2224741e-04	   6.3090024e-06	  -9.9920615e-13	   2.2383233e+02	
   1.1528650e-03	  -9.3497550e-06	   1.6125875e-03	  -3.2828866e-05	  -8.3963707e-13	   2.2396513e+02	
  -1.1344218e-03	  -5.1796506e-05	   2.1776259e-04	   3.3436392e-05	  -7.4085624e-13	   2.2388388e+02	
  -1.0264563e-03	  -7.7939825e-06	  -1.7783607e-03	  -4.0721238e-07	  -5.2429826e-13	   2.2393550e+02	
  -2.2340944e-03	  -6.1539912e-05	   1.2960734e-03	   5.2217241e-05	  -2.3935355e-13	   2.2381711e+02	
  -1.3480660e-03	   4.7543646e-06	  -1.4164584e-03	   2.1486501e-05	  -7.3325771e-13	   2.2395779e+02	
   2.0682356e-03	   6.4460400e-05	   1.8390222e-03	   3.9856735e-05	  -2.2035724e-13	   2.2381290e+02	
  -2.3461622e-03	  -4.1486514e-05	   1.0819890e-03	   4.3951077e-05	  -9.8020979e-13	   2.2395981e+02	
   7.1509609e-04	   4.3141823e-05	   8.5487015e-04	   1.7706858e-05	  -8.5103486e-13	   2.2386877e+02	
  -7.1193439e-04	  -3.2181219e-05	  -6.3774966e-04	  -5.9558199e-06	  -2.7354692e-13	   2.2391789e+02	
   3.1614038e-04	  -3.2071068e-05	  -1.3399295e-03	   2.1215935e-05	  -3.8638502e-12	   2.2402050e+02	
   2.1136646e-03	  -5.2703854e-05	   9.0965941e-04	  -3.2434222e-05	  -8.2444002e-13	   2.2396044e+02	
  -2.9763123e-04	   1.5189869e-05	   1.2543022e-03	   3.9688327e-06	  -7.0286361e-13	   2.2384773e+02	
  -1.0710859e-03	   3.7262682e-05	   1.6348663e-03	  -2.9200052e-05	  -9.3461864e-13	   2.2397128e+02	
   1.6473513e-03	  -5.0271159e-05	  -6.4815928e-04	   1.0225748e-05	  -1.5956904e-12	   2.2413179e+02	
   2.0980215e-03	  -9.6805539e-05	   8.0000475e-04	  -4.8231265e-05	  -1.2537567e-12	   2.2397899e+02	
   1.9408101e-03	   6.8256537e-05	   1.4418756e-03	   3.2578653e-05	  -3.4573291e-13	   2.2382934e+02	
   1.5061994e-04	   1.9352910e-05	   1.4659164e-03	   8.1074675e-05	   2.3555429e-13	   2.2382384e+02	
   8.9313152e-04	   4.4747295e-05	   5.2343786e-04	  -3.3934732e-06	  -8.5483412e-13	   2.2388848e+02	
   1.2843147e-03	  -1.6325814e-05	  -1.4693947e-03	   1.0768026e-06	  -7.8264813e-13	   2.2396079e+02	
  -7.0226108e-04	  -4.0862426e-05	  -4.6033249e-04	   1.8880419e-06	  -8.8902749e-13	   2.2388838e+02	
  -1.1210099e-03	  -1.3737303e-05	  -1.3122339e-03	   1.7117475e-06	  -5.8128720e-13	   2.2394116e+02	
   1.7975381e-03	   3.8977367e-05	  -1.8570804e-03	  -6.2111835e-05	  -2.8494471e-13	   2.2381993e+02	
  -6.5590096e-04	  -1.2450988e-05	   7.0601314e-04	   1.6066400e-05	  -1.0561950e-12	   2.2399496e+02	
  -1.4655164e-03	  -3.6926737e-05	  -6.0431983e-05	   1.3876498e-05	  -7.5225403e-13	   2.2382247e+02	
   1.6088833e-03	   6.3002764e-06	  -2.7598836e-04	  -1.3861904e-05	  -6.2307909e-13	   2.2394642e+02	
   3.3920823e-04	  -1.0053699e-05	  -3.1076504e-04	  -2.5789225e-05	  -9.3081938e-13	   2.2389447e+02	
  -8.2078127e-04	   1.7475829e-05	   3.5037639e-03	   5.2788774e-06	  -5.0150268e-13	   2.2390979e+02	
  -8.8114945e-04	  -2.4575342e-05	   1.3503395e-03	   6.7563534e-05	  -5.9268499e-13	   2.2386069e+02	
  -1.4864519e-04	  -6.5474349e-05	  -5.8435519e-04	  -1.9705027e-05	  -1.6222852e-12	   2.2403155e+02	
  -1.1504821e-03	  -3.6600905e-05	   1.2325873e-03	   6.3328531e-05	  -5.6609015e-13	   2.2385674e+02	
  -1.7911717e-03	   4.1038573e-05	  -9.1202982e-04	   3.3342594e-05	  -9.1942159e-13	   2.2397089e+02	
   3.0927940e-04	   1.4335546e-05	   6.4049706e-04	   2.1990836e-05	  -1.0030054e-12	   2.2384204e+02	
  -4.7676218e-04	   1.0304084e-05	   1.6267072e-03	   1.0657035e-05	  -6.3067762e-13	   2.2394566e+02	
  -5.9574844e-04	  -2.9077406e-05	  -2.1870442e-04	  -9.9111162e-07	  -1.0182024e-12	   2.2385989e+02	
   1.2399584e-03	   1.7604527e-05	  -2.6899288e-04	  -1.8406585e-05	  -4.4831301e-13	   2.2392828e+02	
  -7.9770369e-04	  -5.1934811e-05	  -5.6476902e-04	  -6.1444809e-06	  -8.0544371e-13	   2.2388200e+02	
   6.2551709e-04	   8.3238598e-06	   1.7172155e-03	  -8.8062118e-06	  -7.0286361e-13	   2.2395462e+02	
   1.1950509e-03	   4.4730321e-05	   3.7762467e-04	  -8.2978433e-06	  -8.0924297e-13	   2.2384738e+02	
  -7.1672087e-04	   3.4014032e-05	   1.7763839e-03	  -4.3766719e-05	  -1.0333995e-12	   2.2397850e+02	
  -2.3318450e-04	   8.9792017e-06	   6.0212590e-04	   3.8968865e-05	  -9.1942159e-13	   2.2389762e+02	
   9.1475385e-04	  -2.0766309e-05	  -1.7399774e-03	   8.3926184e-06	  -7.8644739e-13	   2.2396298e+02	
  -1.0054517e-03	  -1.8339208e-05	   9.7090803e-04	   3.8552967e-05	  -7.7125034e-13	   2.2382809e+02	
   1.6457385e-03	   7.2330810e-06	   4.5713361e-04	  -9.7312488e-06	  -6.3067762e-13	   2.2394611e+02	
   3.4706302e-03	  -2.5301663e-04	  -2.5267836e-03	   1.5835251e-04	   1.3677346e-12	   2.2367713e+02	
   1.0438597e-03	  -2.2809232e-05	   1.7784015e-03	  -6.2258321e-05	  -1.0144032e-12	   2.2397611e+02	
   1.0868431e-04	   2.0129495e-05	   1.0227867e-03	   4.1372790e-05	  -9.0042527e-13	   2.2388004e+02	
   6.2894607e-04	  -3.2917793e-05	  -2.0095752e-03	   5.6578021e-05	  -9.4601643e-13	   2.2397181e+02	
  -4.8136120e-04	  -3.5215949e-06	   2.2540616e-03	   7.7609194e-05	  -3.5333144e-13	   2.2383280e+02	
  -3.9370039e-04	  -1.0211217e-05	  -1.9066639e-03	   1.9222319e-05	  -7.3325771e-13	   2.2395846e+02	
   1.2340019e-03	   4.5852008e-05	   2.3856670e-03	   6.2162922e-05	  -2.3555429e-13	   2.2381505e+02	
   2.0993838e-03	  -2.2365494e-05	  -2.9529373e-03	  -7.9742654e-07	  -5.7368868e-13	   2.2391378e+02	
   2.2567818e-04	  -3.7888520e-06	  -1.6790485e-03	  -3.1044492e-05	  -7.0666287e-13	   2.2380503e+02	
   7.5511897e-04	  -3.4679306e-05	  -1.8651776e-03	   4.2696800e-05	  -9.4981569e-13	   2.2397355e+02	
   7.3943659e-06	   1.1741292e-05	   1.4546924e-03	   3.9401275e-05	  -7.9784518e-13	   2.2383458e+02	
  -9.2391548e-04	   2.2710623e-05	   1.7063900e-03	  -1.3240542e-05	  -8.0164444e-13	   2.2396290e+02	
  -1.0290603e-03	  -4.3614680e-05	  -5.8058124e-04	  -3.6682943e-06	  -8.0164444e-13	   2.2384186e+02	
   1.3424804e-03	  -1.7968240e-05	  -1.3421641e-03	  -4.2719123e-06	  -7.0666287e-13	   2.2395664e+02	
   5.7982283e-04	   6.0417485e-05	   7.1215011e-04	   2.9833316e-05	  -6.6107172e-13	   2.2390090e+02	
  -1.2874526e-03	   2.3871158e-05	   7.3436670e-04	   1.1062505e-05	  -1.0106039e-12	   2.2398474e+02	
  -6.2685800e-05	   6.9569766e-07	   1.1196383e-03	   1.6279619e-06	  -2.6138928e-12	   2.2419658e+02	
   1.2637334e-03	  -2.4288711e-05	   1.5268137e-03	  -4.8646176e-05	  -9.8780832e-13	   2.2397488e+02	
  -3.3644478e-03	   2.1298776e-04	  -2.5426922e-03	   1.8484397e-04	   1.4057272e-12	   2.2365902e+02	
  -6.7546760e-04	  -3.2920998e-05	  -4.6046678e-04	   2.4978794e-07	  -2.2035724e-13	   2.2390854e+02	
  -6.3638759e-04	  -2.6333506e-06	   1.5515235e-03	   3.5697081e-05	  -6.9526509e-13	   2.2380310e+02	
   7.0706437e-04	  -3.1330987e-05	  -1.8490456e-03	   3.5027897e-05	  -9.1562233e-13	   2.2397216e+02	
  -8.0849766e-05	  -7.9638024e-07	   3.4751281e-04	   7.1594065e-06	  -9.5741422e-13	   2.2381769e+02	
   1.9714062e-03	  -2.8008521e-05	  -1.3171987e-04	  -1.1712904e-05	  -8.1684149e-13	   2.2396457e+02	
  -2.4091290e-03	  -1.1160228e-04	  -6.8779895e-05	   1.4161604e-05	  -1.1397788e-14	   2.2380717e+02	
  -8.9366046e-04	  -6.6220266e-05	  -8.1695177e-04	  -3.0927200e-05	   1.2537567e-13	   2.2385210e+02	
   5.4233363e-04	   3.7158683e-05	   6.3480034e-04	  -3.1011034e-06	  -8.1304223e-13	   2.2389431e+02	
   1.5498434e-03	  -2.8672863e-06	   1.0585027e-03	  -1.0362958e-05	  -7.8644739e-13	   2.2396102e+02	
  -3.9138151e-04	  -4.1207998e-06	  -7.8122427e-05	   2.4255363e-05	  -9.0422454e-13	   2.2388944e+02	
  -1.9725196e-03	   2.3961065e-05	   8.2736013e-05	   8.5152685e-06	  -8.0544371e-13	   2.2396398e+02	
  -3.6787653e-04	  -9.2162048e-06	   6.4016089e-04	   2.5693571e-05	  -9.7261127e-13	   2.2383531e+02	
   2.2293125e-04	   8.0883316e-06	   9.3764737e-04	   1.5997941e-05	  -7.1426140e-13	   2.2396633e+02	
  -7.9922845e-04	  -8.8321601e-07	  -2.4848970e-04	   1.8112460e-05	  -7.4845476e-13	   2.2388388e+02	
   1.1856781e-04	   1.1114552e-05	   2.3499583e-03	   4.3288270e-05	  -3.4953217e-13	   2.2391494e+02	
  -1.0958782e-03	  -4.2166419e-05	   6.5420956e-05	   2.4218327e-05	  -8.0164444e-13	   2.2386151e+02	
   1.5802680e-03	   9.9732585e-06	  -3.8670452e-05	  -1.2295552e-05	  -6.0788204e-13	   2.2394592e+02	
   3.9350121e-03	  -2.0447793e-05	   2.3747003e-03	  -2.8729974e-05	   1.0789906e-12	   2.2364869e+02	
   1.7181656e-03	   2.2400838e-06	   3.9348404e-05	  -1.1539793e-05	  -6.8006803e-13	   2.2395218e+02	
   1.8440174e-04	   2.4616984e-05	   9.7727853e-04	   3.9240902e-05	  -8.9662601e-13	   2.2387922e+02	
  -2.8009088e-03	   1.1530678e-04	  -3.2509306e-05	   1.3807545e-05	  -7.2185992e-13	   2.2396905e+02	
  -9.1657614e-04	  -2.4151607e-05	  -4.0480256e-04	  -2.9842283e-06	  -2.1047916e-12	   2.2412639e+02	
   8.0808538e-04	  -7.9921486e-06	  -1.0613583e-03	  -2.8485640e-05	  -5.5469236e-13	   2.2394756e+02	
   8.9616692e-05	  -6.1318863e-06	  -1.6717377e-03	  -3.1096850e-05	  -6.9526509e-13	   2.2380081e+02	
  -1.7681582e-03	   1.3465048e-05	   7.9304673e-04	   2.5616960e-06	  -7.5985255e-13	   2.2395957e+02	
   3.0458892e-04	   3.0441953e-05	   1.0786029e-03	   3.8716513e-05	  -8.2444002e-13	   2.2385932e+02	
   9.9956768e-04	   1.9793335e-05	  -8.9866596e-05	  -7.0158687e-06	  -1.0485965e-12	   2.2399750e+02	
   2.1508564e-04	   3.3397453e-05	   7.2990231e-04	   7.8772630e-06	  -8.3203854e-13	   2.2388648e+02	
   1.6152527e-03	  -5.1541632e-06	  -7.2675951e-04	  -1.2876022e-05	  -6.6867025e-13	   2.2395259e+02	
   4.1521520e-05	  -2.1324812e-05	  -3.7566204e-04	  -1.9056599e-05	  -7.8644739e-13	   2.2381155e+02	
   7.5744475e-04	   2.3184029e-05	   4.2907562e-04	  -2.0569580e-06	  -3.0774028e-13	   2.2392319e+02	
  -2.5258353e-04	  -2.8463767e-05	  -7.4302241e-04	  -2.8533905e-05	  -9.2322085e-13	   2.2387574e+02	
   1.5218707e-03	   1.3416436e-05	   8.2648887e-05	  -4.2861677e-06	  -8.3963707e-13	   2.2396370e+02	
  -5.4840745e-04	  -6.3854148e-06	   1.0999284e-03	   4.2859377e-05	  -8.4343633e-13	   2.2384525e+02	
  -7.3024248e-04	  -3.1337550e-05	  -5.9166707e-04	  -4.2272052e-06	  -2.6594839e-13	   2.2391770e+02	
  -2.5019956e-04	  -2.5123451e-05	  -4.4213694e-04	   6.3077866e-06	  -9.0422454e-13	   2.2387447e+02	
   1.1657319e-03	  -1.6193121e-05	   1.5419779e-03	  -4.2067794e-05	  -9.5741422e-13	   2.2397445e+02	
   4.0092562e-03	  -2.2730458e-04	   1.4979524e-03	  -1.0693437e-04	   1.3791324e-12	   2.2365395e+02	
  -6.0822261e-04	  -1.4401421e-05	   3.7484191e-04	   1.0807905e-05	  -1.1739721e-12	   2.2400423e+02	
  -8.5907680e-04	  -3.5516740e-05	   2.3376474e-05	   2.3932418e-05	  -8.7762970e-13	   2.2388116e+02	
   1.1458734e-03	   9.8367515e-06	  -7.1242616e-04	  -2.4700339e-05	  -4.6351006e-13	   2.2393218e+02	
   1.4627952e-03	   2.6090434e-05	  -2.3364152e-03	  -6.8393081e-05	  -2.1655798e-13	   2.2381077e+02	
  -1.5514560e-03	   1.7937460e-05	   1.0546887e-03	   3.2684796e-06	  -7.5225403e-13	   2.2395997e+02	
   1.2856148e-03	   4.3842759e-05	   6.9157013e-05	  -1.9171108e-05	  -7.7125034e-13	   2.2383973e+02	
   1.4019983e-03	  -3.7133356e-05	  -1.4077086e-03	   1.3670986e-05	  -8.7383043e-13	   2.2396959e+02	
   1.1088288e-03	   4.2728199e-05	   2.3684807e-03	   6.2721792e-05	  -2.6214913e-13	   2.2381625e+02	
   1.1764059e-03	   2.1044889e-05	   8.6891069e-06	  -1.3085142e-05	  -4.2551743e-13	   2.2392766e+02	
  -2.4062991e-03	   1.1789456e-04	  -3.4871383e-03	   2.0275726e-04	   1.4133257e-12	   2.2363869e+02	
  -8.8199226e-04	   2.6792318e-05	   1.7462944e-03	  -2.1588792e-05	  -8.6243265e-13	   2.2396785e+02	
   1.3575816e-03	   2.5409150e-05	  -7.3779181e-04	  -2.9614512e-05	  -7.3325771e-13	   2.2381693e+02	
   1.3418170e-03	  -7.3660762e-05	  -1.8422690e-03	   7.8956658e-05	  -1.2119649e-12	   2.2398094e+02	
  -3.6675201e-04	  -1.8158698e-06	   6.4743154e-04	   4.2707968e-05	  -9.1562233e-13	   2.2388576e+02	
   3.1080552e-04	   1.0620237e-05	   1.7172768e-03	  -3.0069298e-06	  -7.1426140e-13	   2.2395687e+02	
   3.7649816e-04	   5.1302601e-06	  -1.2637988e-04	  -8.3752541e-06	  -8.5483412e-13	   2.2379364e+02	
  -2.4576315e-04	  -2.1679947e-05	  -1.3103851e-03	  -2.2502574e-05	  -4.1032038e-13	   2.2392494e+02	
   5.1186508e-04	   2.0595773e-05	   2.4482958e-04	  -1.7636905e-05	  -9.1182306e-13	   2.2386863e+02	
  -2.0959222e-03	  -1.4714074e-05	  -2.8504012e-03	   9.6187716e-06	  -5.6609015e-13	   2.2391654e+02	
   2.4150491e-04	  -1.6175927e-05	  -3.6780242e-04	  -2.2337585e-05	  -9.1942159e-13	   2.2388220e+02	
   1.1998629e-03	   1.8728207e-05	  -1.8056838e-04	  -1.7105487e-05	  -4.4071448e-13	   2.2392836e+02	
  -1.0146986e-03	  -3.9981311e-05	  -6.7539044e-04	  -8.6502725e-06	  -8.3203854e-13	   2.2384225e+02	
   4.7443023e-04	   1.4625099e-05	   1.4495135e-03	   9.7405043e-06	  -5.6988941e-13	   2.2394271e+02	
  -7.6348250e-04	  -1.0685244e-05	   1.1717136e-03	   3.9985483e-05	  -7.9404592e-13	   2.2383449e+02	
   7.7565091e-04	  -3.3436816e-05	  -1.7988070e-03	   3.4733870e-05	  -9.4601643e-13	   2.2397500e+02	
   2.7529024e-05	  -2.4269119e-06	   3.1763311e-04	   6.8871661e-06	  -8.2444002e-13	   2.2378079e+02	
   1.3283809e-03	   6.3901859e-06	  -7.5604618e-04	  -2.0902802e-05	  -5.3189679e-13	   2.2394102e+02	
   1.3341971e-03	   6.2689301e-05	   8.1257522e-04	   1.4745283e-05	  -6.7246951e-13	   2.2386000e+02	
   1.3364543e-03	   1.5038515e-05	  -3.0104013e-04	  -9.6710330e-06	  -8.8142896e-13	   2.2396959e+02	
  -4.0701259e-03	   2.4316350e-04	  -1.0993543e-03	   8.5799674e-05	   1.4019279e-12	   2.2364953e+02	
   2.3440622e-04	   8.1827708e-06	   1.0516809e-03	   1.7778939e-05	  -6.6867025e-13	   2.2395500e+02	
   3.5807491e-05	   1.3058913e-05	   5.5459756e-04	   3.0174122e-05	  -9.8780832e-13	   2.2385413e+02	
   2.3130444e-03	   1.2590420e-05	   2.8033738e-03	  -1.2998990e-05	  -5.0530195e-13	   2.2391184e+02	
  -1.4563635e-03	  -3.4191824e-05	   2.0911641e-04	   2.0210846e-05	  -7.3325771e-13	   2.2381693e+02	
   5.8799556e-04	  -1.1961091e-06	   1.9776270e-03	  -3.4112189e-05	  -8.7003117e-13	   2.2396873e+02	
  -9.3684440e-04	  -5.3900402e-06	  -1.6035731e-03	   3.8145386e-06	  -6.9906435e-13	   2.2395468e+02	
   2.1424625e-03	  -1.6338081e-04	  -3.7781868e-03	   2.4882227e-04	   1.3335413e-12	   2.2368456e+02	
   1.2689737e-03	   1.8163922e-05	   3.3279692e-03	  -1.8563198e-06	  -5.3189679e-13	   2.2391509e+02	
  -1.5125736e-03	  -2.6827271e-05	   6.0443848e-04	   2.5877765e-05	  -6.6867025e-13	   2.2379527e+02	
  -2.1969182e-04	   5.5167831e-06	   1.6523207e-03	   8.6440934e-06	  -7.3705698e-13	   2.2395464e+02	
   8.4917153e-04	   4.6240089e-05	   5.7148039e-04	   1.8361402e-07	  -8.3583781e-13	   2.2387646e+02	
   2.5503616e-03	  -9.8080593e-05	   1.2746562e-03	  -6.4627672e-05	  -7.2565919e-13	   2.2397085e+02	
  -1.0411296e-03	  -3.6822312e-05	  -9.5375829e-04	  -1.5455720e-05	  -7.2565919e-13	   2.2381016e+02	
   1.3294541e-03	   1.6107940e-05	   3.4224719e-04	   5.3102417e-07	  -8.8142896e-13	   2.2396973e+02	
   8.4854836e-04	   3.5910227e-05	   2.4310750e-03	   6.6644865e-05	  -2.7354692e-13	   2.2381674e+02	
  -1.7016360e-03	   1.4397144e-05	   7.2403691e-04	   6.6228354e-06	  -7.4085624e-13	   2.2396100e+02	
   1.9803238e-03	   6.7694287e-05	   1.2731570e-03	   2.6079791e-05	  -3.7612701e-13	   2.2382977e+02	
  -1.2377174e-03	   3.4327044e-05	   1.6589618e-03	  -2.6579477e-05	  -9.0042527e-13	   2.2397149e+02	
  -6.2368651e-04	  -3.6420697e-05	  -3.3643548e-04	   1.0991655e-05	  -8.7003117e-13	   2.2388173e+02	
  -2.0675327e-03	   6.4009998e-06	   1.2856984e-04	   5.5998126e-06	  -6.0408278e-13	   2.2394372e+02	
   9.3739484e-05	   1.6145850e-05	   2.1774431e-04	   1.2725671e-05	  -8.5863338e-13	   2.2379388e+02	
  -5.4793382e-04	   5.8311167e-06	  -1.7628695e-03	   7.0668404e-05	  -1.4247236e-12	   2.2399188e+02	
  -3.3290125e-03	  -2.2645623e-04	  -1.2284222e-03	  -4.0349496e-05	   2.7126736e-12	   2.2346008e+02	
   1.3052690e-03	  -3.5680121e-05	   1.0002198e-03	  -4.7107777e-05	  -1.5007088e-12	   2.2399623e+02	
   9.8210382e-05	   3.5284519e-06	  -4.5640618e-04	  -1.5640257e-05	  -8.9662601e-13	   2.2380182e+02	
   2.6028867e-03	  -7.5515939e-06	  -6.9838226e-04	  -1.0938497e-05	  -4.7110858e-13	   2.2393535e+02	
  -1.3860281e-03	  -3.7578270e-05	   1.6115308e-03	   6.5265387e-05	  -4.1791890e-13	   2.2383732e+02	
   9.1050620e-04	   2.4839877e-05	   5.1474135e-04	   3.4072468e-07	  -3.4193365e-13	   2.2392400e+02	
   9.9885988e-04	   6.6896747e-05	   4.2456735e-04	  -1.8813469e-06	  -7.6745108e-13	   2.2389674e+02	
   1.8763537e-04	   6.0248455e-06	   1.9644142e-03	  -1.5565715e-05	  -7.9024665e-13	   2.2396259e+02	
  -2.6683210e-03	   2.0556002e-04	   3.2264455e-03	  -2.1702237e-04	   1.3905302e-12	   2.2366938e+02	
  -1.9236296e-03	   4.9245453e-05	   2.8377201e-04	   5.5099701e-06	  -9.5741422e-13	   2.2397545e+02	
   1.2316068e-03	   5.0998933e-05	   5.4682880e-04	  -7.2869739e-07	  -7.4085624e-13	   2.2383850e+02	
  -3.3459039e-05	   6.9949093e-06	   1.8314577e-03	  -1.2704825e-06	  -7.4845476e-13	   2.2395909e+02	
  -6.9365268e-04	  -3.9559222e-05	  -3.3704929e-04	   8.5650824e-06	  -8.6623191e-13	   2.2387384e+02	
  -5.6302228e-04	   2.7194557e-05	   1.7830544e-03	  -3.4064808e-05	  -9.8400910e-13	   2.2397723e+02	
   4.1202395e-04	   1.0357387e-05	  -2.4541857e-04	  -2.7829632e-05	  -9.5361495e-13	   2.2385177e+02	
   2.1426519e-03	  -9.6922850e-05	   6.5472692e-04	  -4.0633721e-05	  -1.2537567e-12	   2.2398333e+02	
   9.8898458e-04	   4.0103739e-05	   1.0943434e-04	  -2.0832262e-05	  -8.3583781e-13	   2.2387386e+02	
   7.1416678e-04	  -1.1492064e-05	  -1.7659680e-03	  -1.2241637e-06	  -7.0666287e-13	   2.2395713e+02	
  -3.4525079e-04	  -1.0604875e-06	   7.1600415e-04	   4.4212451e-05	  -8.9662601e-13	   2.2387568e+02	
  -2.3691909e-03	   2.1973068e-05	   2.8574925e-03	   3.7721413e-06	  -4.6730932e-13	   2.2390738e+02	
  -5.9046639e-04	  -3.6833535e-05	  -9.6438594e-04	  -2.8217623e-05	  -7.9024665e-13	   2.2384625e+02	
   1.7351501e-03	  -4.6734513e-05	  -9.5362999e-04	   7.4221889e-06	  -9.3841790e-13	   2.2397476e+02	
  -5.6289956e-05	  -1.4812864e-05	  -4.3072889e-03	   1.9963297e-04	   1.3867309e-12	   2.2363347e+02	
  -6.0772998e-04	  -1.3904490e-05	  -1.6124473e-03	  -1.6796682e-06	  -6.0408278e-13	   2.2394742e+02	
  -1.2152974e-04	   2.3745245e-07	   3.8214527e-04	   8.6452380e-06	  -7.6365181e-13	   2.2376681e+02	
  -1.6147884e-03	   6.3216459e-05	   1.4947160e-03	  -4.3852324e-05	  -9.4221716e-13	   2.2397098e+02	
  -8.5437877e-04	  -2.4127132e-05	   9.7439903e-04	   5.4958789e-05	  -7.2945845e-13	   2.2385959e+02	
   1.2486621e-03	  -3.8494978e-05	  -1.4975859e-03	   1.9108499e-05	  -9.2322085e-13	   2.2397412e+02	
  -5.3637186e-04	  -3.5480542e-05	  -3.8577102e-04	   7.5362236e-06	  -8.7383043e-13	   2.2387550e+02	
  -1.5418201e-03	  -1.4897290e-05	  -3.9079238e-04	   7.4347436e-06	  -5.5849163e-13	   2.2394120e+02	
  -2.6284587e-05	   4.2454664e-06	   1.8719797e-03	  -3.2174609e-05	  -2.4353274e-12	   2.2412241e+02	
  -1.5202875e-03	   2.3219741e-05	  -1.1943948e-03	   3.3318412e-05	  -9.0042527e-13	   2.2397257e+02	
   3.6198990e-03	  -6.3889551e-05	   2.2515957e-03	  -5.9471542e-05	   1.3563368e-12	   2.2360607e+02	
   1.7676182e-03	  -5.4590059e-05	  -9.8160528e-04	   1.2625602e-05	  -9.7261127e-13	   2.2397599e+02	
   1.1541637e-03	   3.1021642e-06	   1.9212909e-04	  -8.1593409e-06	  -2.5948965e-12	   2.2419484e+02	
  -1.1264590e-04	  -2.4588936e-06	   7.4136644e-04	   2.2909129e-05	  -3.9892259e-13	   2.2392930e+02	
   7.8398588e-04	   4.5058397e-05	   1.0118546e-03	   2.6211448e-05	  -7.6365181e-13	   2.2384351e+02	
  -1.4624226e-03	  -1.7866833e-05	  -4.6883989e-04	   5.4570926e-06	  -5.3189679e-13	   2.2393981e+02	
   1.4342795e-04	  -1.3695800e-05	  -4.9183686e-04	  -3.0333671e-05	  -9.3081938e-13	   2.2387210e+02	
  -2.2737147e-04	  -8.5341756e-06	  -2.0109631e-03	   2.5626770e-05	  -7.8644739e-13	   2.2396652e+02	
  -2.8521819e-03	   1.8067622e-04	  -3.1782631e-03	   2.2931228e-04	   1.3677346e-12	   2.2367170e+02	
   8.2854765e-04	  -1.7632536e-05	  -1.8424131e-03	   9.6233437e-06	  -7.4465550e-13	   2.2396229e+02	
   1.0461014e-03	   5.0828221e-05	   8.8000059e-04	   1.6641693e-05	  -7.3325771e-13	   2.2384022e+02	
  -1.7771147e-03	   2.7040079e-06	   2.2296475e-05	   1.1282890e-05	  -6.6867025e-13	   2.2395441e+02	
  -2.3243617e-04	  -2.8647770e-05	  -6.5376230e-04	  -2.5013715e-05	  -9.0802380e-13	   2.2386398e+02	
   7.4282283e-04	   2.8109156e-05	   2.8180729e-03	   3.3737629e-05	  -8.5103486e-13	   2.2394877e+02	
   3.3200495e-04	  -2.7390061e-06	  -1.8444204e-03	  -2.8233080e-05	  -5.4709384e-13	   2.2375536e+02	
   6.4193378e-04	  -5.3673537e-06	   1.4039451e-03	  -5.5334895e-05	  -1.5500992e-12	   2.2399869e+02	
  -3.3690329e-05	   1.8494132e-05	   6.7825027e-04	   3.7037000e-05	  -9.0042527e-13	   2.2387188e+02	
   1.7284881e-03	  -3.0630112e-05	   8.4937647e-04	  -2.9328189e-05	  -9.4221716e-13	   2.2397560e+02	
  -9.3438899e-04	  -4.3358439e-05	  -3.4670480e-04	   5.1537203e-06	  -8.4343633e-13	   2.2386075e+02	
   1.2558817e-03	  -2.4959183e-05	   1.8811623e-03	  -5.2462008e-05	  -8.4343633e-13	   2.2396539e+02	
  -4.0857506e-04	  -1.6529173e-05	  -1.6250595e-03	  -2.9316300e-05	  -6.3067762e-13	   2.2377599e+02	
  -1.7681196e-03	   1.0777707e-05	  -6.0019732e-04	   1.5352271e-05	  -7.4845476e-13	   2.2396235e+02	
   7.8210438e-04	   4.6821613e-05	   6.3832357e-04	   5.7927007e-06	  -8.2444002e-13	   2.2387116e+02	
  -1.8272338e-04	   1.8994409e-05	   1.8478896e-03	  -3.6991052e-05	  -9.8020979e-13	   2.2397772e+02	
  -3.1163665e-05	  -1.8497735e-05	  -1.4337976e-03	  -6.0516646e-05	  -6.8766656e-13	   2.2386051e+02	
  -1.4026358e-03	  -1.6251499e-05	  -7.8692317e-04	   2.7893678e-06	  -5.3949531e-13	   2.2394075e+02	
  -2.9428677e-04	   2.2876983e-06	   3.2194100e-04	   3.3903210e-05	  -9.1182306e-13	   2.2387218e+02	
   7.3618988e-04	   2.1748514e-05	   9.6352465e-04	   1.0454658e-05	  -3.9892259e-13	   2.2392480e+02	
  -3.4028774e-04	   8.5321987e-06	   1.7725209e-03	  -3.1420015e-05	  -2.2605614e-12	   2.2413480e+02	
   8.4619763e-04	  -1.9161256e-05	  -1.8483598e-03	   1.2182988e-05	  -7.6365181e-13	   2.2396363e+02	
   6.0185847e-06	  -1.2315604e-06	  -1.8545276e-04	   2.1868284e-06	  -6.3067762e-13	   2.2373247e+02	
   8.3040568e-04	   2.7237249e-05	   4.6928242e-04	  -6.5422739e-06	  -2.8114544e-13	   2.2392564e+02	
   5.5106884e-04	   1.8986402e-05	  -3.9217853e-05	  -2.4193791e-05	  -9.1182306e-13	   2.2384871e+02	
   7.1736551e-05	   4.1319678e-07	  -5.1120512e-04	  -1.4901858e-05	  -1.3563368e-12	   2.2401560e+02	
  -2.7556606e-05	   2.3192586e-05	   4.7615554e-04	   7.1822571e-06	  -7.5985255e-13	   2.2379149e+02	
   2.2581378e-04	   9.0468881e-06	   6.5465279e-04	   1.1272144e-05	  -8.5863338e-13	   2.2398165e+02	
  -3.5096759e-04	  -2.8960473e-05	  -8.3765649e-04	  -3.0140240e-05	  -8.8142896e-13	   2.2385869e+02	
   3.6137550e-04	   7.0053913e-06	   1.8637962e-03	  -2.1972983e-05	  -8.2444002e-13	   2.2396877e+02	
  -1.2894480e-03	  -1.5493925e-05	   1.2038042e-03	   3.2050326e-05	  -6.0408278e-13	   2.2377666e+02	
  -5.8260230e-04	  -1.1580060e-05	   9.6479788e-04	   8.6860778e-05	  -1.5652963e-12	   2.2402699e+02	
  -3.2032494e-03	   2.4041237e-04	   2.6761999e-03	  -1.7454242e-04	   1.4019279e-12	   2.2366527e+02	
   9.4565848e-04	   2.2229522e-05	   8.7170683e-04	   6.5806587e-06	  -3.9892259e-13	   2.2392638e+02	
  -5.0660049e-04	  -2.2488876e-05	  -5.3944588e-04	  -1.6819011e-05	  -8.5103486e-13	   2.2380251e+02	
   1.2112069e-03	  -1.3714956e-05	   1.4191990e-03	  -3.5690297e-05	  -9.4601643e-13	   2.2397674e+02	
  -1.1481866e-03	   2.0123270e-05	   1.5475513e-03	  -1.7748169e-05	  -2.5151119e-12	   2.2410721e+02	
  -1.9397517e-04	   1.1509471e-05	   1.6397855e-03	   1.1038386e-05	  -5.9268499e-13	   2.2394597e+02	
  -1.2196073e-03	  -1.6256701e-05	   1.2170051e-03	   3.4732089e-05	  -6.0788204e-13	   2.2377767e+02	
   1.6920391e-03	  -1.3487498e-05	   8.1317939e-04	  -1.9774158e-05	  -8.1304223e-13	   2.2396766e+02	
   1.1511964e-03	   5.2262294e-05	   8.4134355e-04	   1.3918854e-05	  -7.1046214e-13	   2.2383760e+02	
   9.7521903e-04	  -4.9436024e-06	   1.7055919e-03	  -2.7003749e-05	  -8.3203854e-13	   2.2396999e+02	
   7.1451026e-04	   2.4123057e-05	   1.5651602e-04	  -1.2304438e-06	  -6.7246951e-13	   2.2375351e+02	
  -1.8962217e-05	  -1.4089755e-05	  -1.9980111e-03	   5.4570184e-05	  -9.7641048e-13	   2.2397791e+02	
  -1.2239774e-03	  -4.1564810e-05	   6.8833969e-04	   4.4177406e-05	  -6.9146582e-13	   2.2385280e+02	
  -1.9048688e-03	   3.7737765e-05	  -2.8632023e-06	   1.2588757e-05	  -9.1182306e-13	   2.2397439e+02	
  -9.6748901e-04	  -3.7823175e-05	  -8.2460471e-04	  -1.4580526e-05	  -7.7504960e-13	   2.2381932e+02	
  -2.2573627e-04	  -1.2406663e-05	  -1.8899887e-03	   2.6434509e-05	  -8.2444002e-13	   2.2396942e+02	
   9.9940749e-04	   4.5823421e-05	   7.7742837e-04	   1.0909067e-05	  -7.7884887e-13	   2.2383450e+02	
  -2.6769109e-04	  -6.8372763e-06	  -1.0404525e-03	  -1.8884050e-05	  -1.1853700e-12	   2.2400335e+02	
   1.3169124e-04	   2.1445848e-05	   3.5741746e-04	   1.0522312e-05	  -6.4967393e-13	   2.2374906e+02	
  -1.7051647e-03	  -2.2141212e-05	   1.8856077e-03	   5.7062967e-05	  -1.0371987e-12	   2.2396709e+02	
  -1.0813943e-03	  -3.3921901e-05	   3.0865501e-04	   2.8599515e-05	  -8.1304223e-13	   2.2384544e+02	
  -1.1884086e-03	  -2.4761125e-05	  -7.5704791e-04	  -2.0775603e-06	  -4.1791890e-13	   2.2393071e+02	
   6.7270922e-04	   1.0006959e-05	  -1.5337558e-03	  -6.4168049e-05	  -6.2687836e-13	   2.2385272e+02	
   1.4975517e-03	  -2.8099510e-05	   1.2004278e-03	  -3.8688104e-05	  -9.9540684e-13	   2.2397887e+02	
   2.1033979e-04	  -5.0900875e-06	  -1.4777161e-03	  -3.9746396e-05	  -6.9146582e-13	   2.2379957e+02	
   1.6238788e-03	  -1.1537365e-05	  -8.0114007e-04	  -1.1311120e-05	  -6.9526509e-13	   2.2395730e+02	
   1.4808283e-03	   4.1512790e-05	   1.0366646e-04	  -1.4783198e-05	  -7.0666287e-13	   2.2381589e+02	
  -2.5185786e-03	  -6.1225350e-05	  -7.9475716e-04	   3.2481801e-06	  -8.7762970e-13	   2.2395758e+02	
   1.5765657e-03	   4.8271242e-05	  -6.6993416e-04	  -4.1131276e-05	  -6.2307909e-13	   2.2384785e+02	
   1.1303969e-03	   2.0163690e-05	   8.2184240e-04	   1.4467675e-06	  -4.9010490e-13	   2.2393742e+02	
  -2.3403486e-04	  -6.6344430e-05	  -6.9346989e-05	   4.2796112e-06	  -2.8304507e-12	   2.2436132e+02	
   6.6411140e-04	   7.5055142e-06	   1.5691360e-03	   4.5219199e-06	  -6.9146582e-13	   2.2395318e+02	
   5.1382153e-04	   3.4212225e-05	   4.6507362e-04	  -5.5218836e-06	  -8.4723560e-13	   2.2385106e+02	
  -1.9474055e-04	   1.9800325e-05	   1.8088033e-03	  -3.6663976e-05	  -1.0030054e-12	   2.2397999e+02	
   8.9785705e-04	   3.9686118e-05	   1.1321979e-03	   2.4485747e-05	  -7.2185992e-13	   2.2381928e+02	
  -1.7169797e-03	   1.0103510e-05	  -8.0987685e-04	   1.5026045e-05	  -7.3705698e-13	   2.2396411e+02	
   1.4849271e-03	   5.0931867e-05	  -2.4237097e-04	  -2.9306437e-05	  -6.8386730e-13	   2.2384852e+02	
   1.1981259e-03	   6.5000205e-06	   1.2608874e-03	  -8.5999511e-06	  -6.7246951e-13	   2.2395529e+02	
  -1.8853805e-04	  -2.6122274e-05	  -6.6273876e-04	  -2.7556802e-05	  -9.0042527e-13	   2.2386000e+02	
  -8.7238429e-04	  -1.3084501e-06	  -1.7954692e-03	   1.5784364e-05	  -7.1046214e-13	   2.2396120e+02	
   1.7665114e-03	   6.3234947e-05	   3.9071455e-04	  -4.9742232e-06	  -6.0028352e-13	   2.2383953e+02	
   1.8790713e-03	  -2.2598561e-05	  -1.1187057e-04	  -1.2904075e-05	  -8.1304223e-13	   2.2396897e+02	
  -1.9869746e-03	  -7.2291230e-05	  -3.1647103e-04	   4.4509374e-06	  -4.5591153e-13	   2.2383482e+02	
   1.6035421e-03	   2.6631929e-05	  -1.6926992e-03	  -6.1048555e-05	  -1.2537567e-12	   2.2398552e+02	
  -9.3113852e-04	   2.4597693e-06	  -1.8621054e-03	   2.0178779e-05	  -2.5493054e-12	   2.2408007e+02	
  -4.0929911e-04	   1.4901705e-05	   1.7836056e-03	  -6.8124584e-06	  -7.3325771e-13	   2.2396380e+02	
   1.4748833e-03	   3.1734558e-05	  -6.1140534e-04	  -2.9430223e-05	  -6.3827614e-13	   2.2379625e+02	
   1.8735491e-03	   7.9951075e-06	   6.5844774e-04	  -3.9571726e-06	  -5.3189679e-13	   2.2394018e+02	
   4.5035923e-04	   4.0334518e-05	   6.1733685e-04	   9.7578970e-06	  -8.3963707e-13	   2.2386098e+02	
   1.6320567e-03	   8.5312255e-06	  -1.4213805e-04	  -1.3649120e-05	  -5.5469236e-13	   2.2394390e+02	
   1.4557952e-04	   1.7284104e-05	   1.3120248e-03	   4.1140825e-05	  -7.7504960e-13	   2.2382325e+02	
  -9.1348191e-04	  -5.4539567e-05	   2.8485764e-04	   6.3494568e-05	  -1.6184859e-12	   2.2403327e+02	
   2.0766326e-03	   4.1957577e-05	  -2.1743860e-03	  -6.3301184e-05	  -9.4981569e-14	   2.2379272e+02	
   1.5734834e-03	   6.7362518e-06	   6.3167974e-04	  -9.5840544e-06	  -6.3827614e-13	   2.2395091e+02	
   4.5374701e-04	   6.8118008e-06	  -5.6430828e-04	  -3.9596664e-05	  -8.8522822e-13	   2.2386190e+02	
   1.6777527e-04	   6.0954041e-06	   2.0995637e-03	  -7.0232022e-05	  -1.0030054e-12	   2.2397762e+02	
  -4.6196575e-03	  -2.8881994e-05	  -4.7874373e-04	   1.2924116e-05	   6.5347319e-13	   2.2369985e+02	
  -2.3789770e-04	   1.5758763e-05	   2.0184215e-03	  -3.7134800e-05	  -8.9662601e-13	   2.2397498e+02	
   7.7279011e-04	  -2.7801710e-06	   1.4707841e-04	  -1.5658378e-05	  -6.8766656e-13	   2.2382235e+02	
   1.2723837e-03	  -4.2061991e-06	   1.7607992e-04	  -2.1852819e-05	  -8.8142896e-13	   2.2398404e+02	
  -2.5674356e-04	  -4.6605040e-06	   8.2589805e-04	   3.0996027e-05	  -7.5225403e-13	   2.2377922e+02	
   1.4451354e-03	   3.1256917e-05	   7.9381873e-05	  -3.8928940e-06	  -3.2293733e-13	   2.2391404e+02	
  -1.3840221e-03	  -2.2575708e-04	  -6.2841311e-04	  -6.4721080e-05	  -3.9018429e-12	   2.2416279e+02	
   2.1018886e-04	  -1.7609980e-05	  -1.8573829e-03	   1.0613598e-05	  -7.3705698e-13	   2.2396290e+02	
   1.3498757e-03	   4.5498793e-05	   4.1304603e-04	  -5.6514420e-06	  -7.2945845e-13	   2.2382249e+02	
  -1.5979853e-03	  -1.0256469e-05	  -5.3489492e-04	   7.5455935e-06	  -5.7368868e-13	   2.2394572e+02	
   6.2021385e-05	   1.9472307e-05	   5.9736572e-04	   3.1275800e-05	  -9.1562233e-13	   2.2384785e+02	
  -1.0190303e-03	  -7.1119023e-05	   5.9677397e-05	   4.7261870e-05	  -1.6146866e-12	   2.2403284e+02	
   1.2136402e-04	   2.5183031e-05	   6.0243979e-04	   2.8344197e-05	  -8.8902749e-13	   2.2385045e+02	
   6.9063658e-04	   2.2310107e-05	   9.8083583e-04	   1.2351227e-05	  -3.4953217e-13	   2.2391909e+02	
   1.1370265e-03	   4.5353354e-05	   9.5195509e-04	   1.5733658e-05	  -6.9906435e-13	   2.2381856e+02	
   8.0436932e-04	   5.3684423e-05	   1.7255994e-05	  -4.9441878e-05	  -1.3981287e-12	   2.2403106e+02	
   1.3155036e-03	   4.4828648e-05	   2.6352135e-04	  -1.1141845e-05	  -7.4845476e-13	   2.2382795e+02	
  -1.7848383e-04	   1.5291172e-05	   1.9236733e-03	  -2.9255138e-05	  -8.7003117e-13	   2.2397507e+02	
   1.2132773e-04	   1.4923323e-05	   1.6521673e-03	   4.0034032e-05	  -6.3447688e-13	   2.2378685e+02	
  -1.5846115e-03	   3.4649922e-05	  -1.1500200e-03	   3.9034923e-05	  -9.6121348e-13	   2.2397854e+02	
  -1.3083820e-03	  -7.0005983e-05	  -6.8381444e-04	  -1.4340380e-05	  -6.9146582e-13	   2.2386871e+02	
   6.7566390e-04	   1.1933263e-05	   1.5235486e-03	   2.1333494e-06	  -5.8888573e-13	   2.2394809e+02	
  -1.8109421e-03	  -5.6910871e-05	   1.2030927e-03	   5.4191445e-05	  -3.5713070e-13	   2.2382981e+02	
   1.9339994e-03	  -1.7057251e-05	  -1.4786065e-04	  -1.0331465e-05	  -7.4085624e-13	   2.2396554e+02	
   6.3142328e-04	   2.9328803e-05	   2.4670206e-03	   6.8325422e-05	  -2.7354692e-13	   2.2381292e+02	
   3.0472219e-04	  -1.7636187e-05	  -1.8982870e-03	   1.4918902e-05	  -7.5225403e-13	   2.2396766e+02	
   3.9852275e-04	   2.8321050e-05	   7.0037067e-04	   2.6362642e-05	  -8.6243265e-13	   2.2382153e+02	
  -2.3428352e-03	  -4.5567235e-05	   7.0944279e-04	   2.5370978e-05	  -1.8996314e-13	   2.2390102e+02	
   5.0409714e-04	   1.1367312e-05	  -1.5446459e-04	  -9.8573112e-06	  -5.6229089e-13	   2.2372257e+02	
   9.6396769e-04	   2.1959773e-05	   9.2652455e-04	   6.5413183e-06	  -4.0272185e-13	   2.2392844e+02	
   1.5194997e-03	   4.6698289e-05	  -4.3951161e-04	  -3.3479210e-05	  -6.5347319e-13	   2.2383811e+02	
   1.8695933e-03	  -6.4839544e-05	   1.3551478e-03	  -5.6518588e-05	  -1.1207826e-12	   2.2397967e+02	
  -1.6113648e-03	  -2.3526640e-05	   7.7505886e-04	   2.5921817e-05	  -5.6988941e-13	   2.2376589e+02	
   6.4913119e-04	   2.2036824e-05	   1.0471519e-03	   1.3929845e-05	  -3.4193365e-13	   2.2391832e+02	
   1.2877937e-03	   5.0186572e-05	   8.1495896e-04	   1.0436859e-05	  -6.7626877e-13	   2.2382169e+02	
  -1.8403262e-03	   7.2091395e-06	  -6.6661969e-04	   9.9152942e-06	  -6.8766656e-13	   2.2395959e+02	
   8.6486990e-04	   4.5094388e-05	   3.7994567e-04	  -8.9405087e-06	  -8.0924297e-13	   2.2386378e+02	
   9.4101416e-04	  -4.8480524e-05	   1.9033687e-03	  -1.4822625e-04	  -1.1359796e-12	   2.2401885e+02	
  -1.1123604e-03	  -4.0677445e-05	  -6.5635830e-04	  -7.5102273e-06	  -7.4845476e-13	   2.2381312e+02	
  -1.7345027e-03	   1.2030855e-04	  -4.4608977e-04	   5.5270193e-05	  -1.2575560e-12	   2.2402294e+02	
   7.5070160e-04	  -3.9167929e-06	   4.2327099e-03	  -1.1380692e-04	   1.3563368e-12	   2.2361472e+02	
  -3.9122058e-04	  -2.3653844e-05	  -1.3005992e-03	  -2.2474806e-05	  -3.0394102e-13	   2.2391568e+02	
   5.9439494e-04	   3.5968591e-05	   1.5430254e-03	   5.1579874e-05	  -6.3827614e-13	   2.2384300e+02	
   1.7349759e-03	  -4.1485249e-06	  -3.6962796e-04	  -1.2897783e-05	  -6.4207541e-13	   2.2395507e+02	
  -3.9644660e-04	  -2.5366557e-05	  -1.0483358e-03	  -3.3444154e-05	  -8.0164444e-13	   2.2383494e+02	
  -9.6929451e-05	   2.3487084e-05	   1.3034596e-03	   8.3674280e-05	  -1.2651545e-12	   2.2401034e+02	
   6.9151046e-04	   3.0694369e-05	   1.4321696e-03	   3.3080496e-05	  -6.4967393e-13	   2.2379662e+02	
   6.9954256e-04	  -3.1935266e-05	  -1.7440967e-03	   3.1596915e-05	  -9.7261127e-13	   2.2398030e+02	
  -4.9543170e-04	  -3.6163663e-05	  -6.5999836e-04	  -1.9617177e-05	  -8.5863338e-13	   2.2385041e+02	
   1.2539699e-03	  -4.0382242e-05	   1.9481510e-03	  -7.6793480e-05	  -1.1283810e-12	   2.2397879e+02	
   9.4277690e-04	   7.8056786e-05	  -9.4585233e-04	  -1.4260583e-04	  -3.3129571e-12	   2.2406609e+02	
  -3.6443560e-05	  -1.2906005e-06	  -9.3709047e-05	  -6.7407693e-06	  -1.2613552e-12	   2.2401331e+02	
   1.4055969e-03	   2.8674905e-05	  -6.6676669e-04	  -2.9446874e-05	  -6.6867025e-13	   2.2380043e+02	
  -1.0280736e-03	  -1.4019368e-05	  -3.4389342e-03	   1.2945797e-05	  -5.9268499e-13	   2.2392167e+02	
  -1.2975997e-04	   8.3347337e-06	   2.1643135e-03	   6.7206460e-05	  -4.5211227e-13	   2.2383120e+02	
   2.6102807e-03	   2.8544038e-05	  -9.7143769e-04	  -3.4102625e-05	  -1.0371987e-12	   2.2396468e+02	
  -9.3885395e-05	   1.0929977e-05	   8.3210714e-04	   4.4030894e-05	  -8.6243265e-13	   2.2385595e+02	
  -1.8941840e-03	   4.4464566e-05	  -2.1251524e-04	   1.6933773e-05	  -9.6121348e-13	   2.2397942e+02	
   1.6506103e-03	   5.6288860e-05	   2.4230867e-04	  -1.0913693e-05	  -6.3067762e-13	   2.2382942e+02	
   1.2035845e-04	  -4.6828235e-06	  -1.5748016e-03	  -3.3982604e-05	  -2.9254323e-13	   2.2391128e+02	
   1.6789983e-03	   4.0655417e-05	  -1.1993870e-03	  -4.8970087e-05	  -5.0910121e-13	   2.2383073e+02	
   9.1458211e-04	  -6.0518153e-06	   1.4869859e-03	  -3.6823189e-05	  -9.9540684e-13	   2.2398286e+02	
   2.1430654e-03	   7.1042421e-05	   2.3771345e-05	  -1.4730515e-05	  -4.2171817e-13	   2.2383083e+02	
  -1.1661336e-03	   2.9247743e-05	   1.6702293e-03	  -2.2549112e-05	  -8.5103486e-13	   2.2397345e+02	
  -1.3524776e-03	  -4.5016212e-05	   2.4020975e-03	   1.4694926e-04	  -2.6404877e-12	   2.2409506e+02	
   7.3151591e-04	  -5.4761325e-06	  -1.8823173e-03	  -1.0671602e-05	  -4.9010490e-13	   2.2393832e+02	
  -4.8035230e-05	  -1.8966998e-05	  -6.0311020e-04	  -3.0105646e-05	  -8.9662601e-13	   2.2384850e+02	
  -1.6902737e-03	   3.5554130e-05	   7.1127876e-04	   4.8229117e-07	  -9.1182306e-13	   2.2397709e+02	
   1.1616767e-03	   9.8995094e-06	  -1.5741774e-03	  -2.8109269e-05	  -4.7870711e-13	   2.2374116e+02	
   7.6069469e-04	   5.6437708e-05	   1.0317008e-03	   5.2194231e-05	   6.0028352e-13	   2.2375740e+02	
   2.1333669e-03	   6.5957021e-05	   1.1129921e-03	   1.8318045e-05	  -3.6472923e-13	   2.2381838e+02	
  -1.1311087e-05	   1.5547572e-05	   1.7965433e-03	  -4.5067180e-05	  -1.0675928e-12	   2.2398498e+02	
   1.0700355e-03	   4.6653429e-05	   7.5743653e-04	   1.0221430e-05	  -7.4845476e-13	   2.2382650e+02	
  -2.1100393e-03	   1.8281558e-05	  -4.4672497e-04	   1.0461122e-05	  -6.4207541e-13	   2.2395306e+02	
  -1.1844548e-03	  -1.0113092e-05	   1.5266872e-03	   3.1576905e-05	  -4.9770342e-13	   2.2375037e+02	
   8.0840858e-04	   8.1514815e-06	   1.5459636e-03	  -8.2654726e-06	  -6.8766656e-13	   2.2395824e+02	
   1.2625500e-03	   2.3719987e-05	  -8.6576611e-04	  -3.2593700e-05	  -6.9146582e-13	   2.2380229e+02	
  -1.7108907e-03	  -1.8565092e-05	   6.1069131e-04	   1.2052242e-05	  -4.2551743e-13	   2.2392623e+02	
  -5.8821288e-04	  -1.5385151e-05	  -7.2665617e-04	  -1.4760606e-05	  -1.3373405e-12	   2.2414930e+02	
  -3.1186805e-03	  -1.3320360e-05	   8.0375045e-04	   2.4846937e-05	  -7.1806066e-13	   2.2393496e+02	
   7.4557813e-04	   3.9971069e-05	   1.3621466e-03	   4.0281924e-05	  -6.6487098e-13	   2.2383212e+02	
   1.1679807e-03	   1.5252104e-05	  -6.4008571e-04	  -1.8302673e-05	  -5.5849163e-13	   2.2394368e+02	
   2.3599916e-04	  -3.4347816e-06	  -1.7548175e-03	  -3.0873249e-05	  -5.7748794e-13	   2.2376073e+02	
   1.2649225e-04	   1.2419929e-05	   1.6615998e-03	   6.8038587e-06	  -5.8508647e-13	   2.2394809e+02	
  -1.4884932e-03	  -3.8326245e-05	  -9.6688198e-05	   1.2134164e-05	  -6.8766656e-13	   2.2380024e+02	
  -1.9541228e-04	   9.1180970e-06	   1.9653389e-03	  -1.0733424e-05	  -7.2185992e-13	   2.2396210e+02	
  -3.7641076e-03	  -2.1316429e-04	  -1.5744726e-03	  -5.4357836e-05	  -2.7544655e-12	   2.2429492e+02	
  -5.3085258e-04	  -2.2261071e-05	  -1.3995465e-03	  -1.6442759e-05	  -3.6472923e-13	   2.2392635e+02	
   5.0683732e-04	   6.1086306e-07	  -1.8008764e-03	  -2.9577899e-05	  -5.1290047e-13	   2.2374546e+02	
  -1.5362832e-03	   3.9952287e-05	   9.0111933e-04	  -5.9729748e-06	  -9.8020979e-13	   2.2398216e+02	
   8.7540592e-05	   1.6454973e-05	   1.7968758e-03	   5.9931786e-05	  -5.8508647e-13	   2.2382912e+02	
   2.6477067e-04	  -1.8502553e-05	  -3.6119370e-03	   1.5075114e-05	  -6.0788204e-13	   2.2392167e+02	
  -8.1815263e-04	  -2.8778441e-06	   1.8794270e-03	   3.2590300e-05	  -4.2931669e-13	   2.2373376e+02	
  -1.5735317e-03	  -7.0785985e-06	  -7.0567459e-04	   8.9077750e-06	  -5.9268499e-13	   2.2394981e+02	
   1.9137736e-03	  -1.5575303e-05	   1.2337900e-04	  -7.8337118e-06	  -2.4505244e-12	   2.2410729e+02	
  -1.3055342e-03	   1.6306503e-05	   1.4886420e-03	  -1.0230703e-05	  -9.4221716e-13	   2.2397034e+02	
   5.6068762e-04	   1.6593805e-05	  -3.7666433e-04	  -3.1061449e-05	  -8.5863338e-13	   2.2382812e+02	
  -1.8059662e-03	   1.2325218e-05	   1.5537156e-04	   1.0300212e-05	  -7.1046214e-13	   2.2396435e+02	
  -1.0301430e-03	  -3.0509193e-05	  -1.3281506e-03	  -2.1830234e-05	  -5.7748794e-13	   2.2376613e+02	
   6.7532378e-04	   1.4954929e-05	   1.2771634e-05	  -3.9563406e-07	  -1.2081656e-12	   2.2400950e+02	
   1.3349825e-03	   2.9528466e-05	  -8.7924816e-04	  -3.7718608e-05	  -6.2687836e-13	   2.2380323e+02	
   1.8011612e-03	  -3.3252884e-05	   3.9888866e-04	  -2.1848440e-05	  -9.5361495e-13	   2.2398042e+02	
   7.0322792e-04	   2.1419700e-05	  -3.9293410e-05	  -7.6545332e-06	  -5.6609015e-13	   2.2372677e+02	
   1.2144378e-03	  -2.6570073e-05	   1.6803188e-03	  -5.5400357e-05	  -9.7261127e-13	   2.2397930e+02	
   1.2148819e-03	   1.1825050e-05	  -1.4745476e-03	  -2.8783896e-05	  -4.9770342e-13	   2.2374562e+02	
  -8.1331541e-04	   1.7427513e-05	   1.6107019e-03	  -3.4056131e-06	  -7.4085624e-13	   2.2396513e+02	
  -1.5025997e-03	  -4.4715842e-05	  -3.8592667e-04	   4.1313974e-06	  -6.1927983e-13	   2.2379280e+02	
  -1.8126285e-03	   1.2899953e-04	  -5.7187915e-04	   6.2304971e-05	  -1.1929685e-12	   2.2402513e+02	
   4.0805944e-03	  -2.7341197e-05	   1.5503480e-03	  -2.7294966e-05	   1.1967678e-12	   2.2362626e+02	
   6.7256170e-04	   1.1931646e-05	  -4.0805914e-04	  -1.5577327e-05	  -6.8766656e-13	   2.2396766e+02	
   1.0349879e-03	   3.7343336e-05	   1.3212036e-03	   2.5470188e-05	  -6.0408278e-13	   2.2378564e+02	
   1.3054653e-04	  -2.7963498e-06	  -4.2117290e-04	  -1.1800334e-05	  -1.0523957e-12	   2.2399958e+02	
   1.1452135e-03	   2.6503498e-05	  -1.0736064e-03	  -4.7212994e-05	  -6.4207541e-13	   2.2382468e+02	
  -1.5088884e-03	   1.6173881e-05	   9.8947603e-04	   4.9768405e-06	  -7.2185992e-13	   2.2396472e+02	
  -8.3556367e-05	  -1.5198217e-05	  -3.0556435e-04	  -8.1502878e-06	  -5.3569605e-13	   2.2371918e+02	
   1.2431745e-03	   6.0683248e-06	   1.1940332e-03	  -9.0997030e-06	  -6.6487098e-13	   2.2395631e+02	
   2.2216147e-04	   1.3633287e-05	   9.2108041e-04	   3.2276830e-05	  -7.2565919e-13	   2.2378008e+02	
  -1.4563074e-04	  -9.8227175e-07	  -1.2230006e-04	  -2.2381562e-06	  -1.1093847e-12	   2.2400343e+02	
   1.6272587e-03	   4.8344773e-05	   2.5861418e-04	  -1.0040387e-05	  -6.2307909e-13	   2.2380519e+02	
  -5.1994366e-04	  -1.3286470e-05	  -6.4139881e-05	  -3.7379352e-06	  -1.3031472e-12	   2.2401439e+02	
   2.5764604e-03	   5.6828779e-05	  -8.1077501e-04	  -3.2980221e-05	  -2.6214913e-13	   2.2380450e+02	
  -1.7116648e-03	   1.1653904e-05	   4.9110498e-04	   9.5296966e-06	  -6.9146582e-13	   2.2396271e+02	
  -1.9089904e-03	   9.2757393e-05	   1.6954056e-03	  -7.1036495e-05	  -2.7088743e-12	   2.2405462e+02	
  -1.4069268e-03	   2.6369191e-05	   1.2195078e-03	  -5.4884742e-06	  -8.0924297e-13	   2.2397398e+02	
  -3.4246506e-04	  -2.0562200e-06	   9.2347964e-04	   4.7122434e-05	  -8.1684149e-13	   2.2384801e+02	
  -7.1442803e-04	  -3.2393064e-06	  -1.7958083e-03	   2.0968240e-05	  -7.2945845e-13	   2.2396826e+02	
  -1.4166829e-03	  -3.8739905e-05	   9.6906463e-04	   4.5306693e-05	  -5.8888573e-13	   2.2382147e+02	
  -3.0087577e-04	  -6.7183767e-06	   4.6118978e-04	   1.1369863e-05	  -1.3259427e-12	   2.2401584e+02	
  -9.6938265e-04	  -4.1240954e-05	  -1.9997769e-03	  -5.3433276e-05	  -4.1791890e-13	   2.2382550e+02	
  -6.0179529e-04	   2.0716919e-05	   3.6604254e-03	  -1.4227739e-05	  -5.1290047e-13	   2.2391462e+02	
  -9.3042163e-04	  -4.4991428e-06	   1.8510381e-03	   3.2107251e-05	  -4.1032038e-13	   2.2372857e+02	
   3.9604707e-04	   1.6161548e-05	   1.4283863e-03	   1.5586853e-05	  -4.1791890e-13	   2.2393094e+02	
   8.9959089e-06	  -7.0554182e-06	  -2.0022887e-03	  -2.8867348e-05	  -4.1032038e-13	   2.2372186e+02	
  -1.5916908e-03	   9.6667233e-06	   2.8252651e-03	   2.2437398e-05	  -7.2565919e-13	   2.2393541e+02	
  -7.8030364e-05	  -1.5830010e-05	  -1.8064028e-03	   1.0414444e-05	  -7.0286361e-13	   2.2396267e+02	
  -1.6360324e-03	  -2.8234621e-05	   5.8674101e-04	   2.4370054e-05	  -5.7368868e-13	   2.2376630e+02	
   1.2274938e-03	   2.7829814e-07	   1.3026189e-03	  -1.4210384e-05	  -7.1426140e-13	   2.2396570e+02	
   7.3458063e-04	   2.5468047e-05	  -4.8872657e-04	  -2.7975141e-05	  -6.0788204e-13	   2.2376131e+02	
   1.0002404e-03	   1.8649458e-05	   1.1200537e-04	  -2.8471845e-07	  -1.1511767e-12	   2.2400605e+02	
  -3.2075410e-04	  -7.6735135e-06	  -2.1326261e-04	  -4.4665014e-06	  -5.4709384e-13	   2.2371540e+02	
   4.7392035e-04	  -1.8172518e-05	  -1.7702961e-03	   3.7997214e-06	  -6.8006803e-13	   2.2396312e+02	
   9.7726048e-05	   1.7873394e-06	   4.5769639e-04	   1.3423910e-05	  -4.9770342e-13	   2.2370450e+02	
  -8.1603033e-04	  -5.8661896e-05	  -5.3858839e-04	  -6.5191809e-06	   2.8494471e-13	   2.2383165e+02	
   5.3123741e-04	   5.2076232e-07	  -1.9170279e-03	  -2.8141258e-05	  -4.3691522e-13	   2.2372832e+02	
   1.6136618e-03	   1.1469537e-05	   1.8130531e-04	  -1.0938146e-05	  -5.1669974e-13	   2.2394259e+02	
  -1.7627917e-03	   1.7005641e-05	  -8.5483089e-04	   1.3454542e-05	  -3.0470087e-12	   2.2414056e+02	
  -1.3446471e-03	   1.9877385e-05	  -1.2499915e-03	   3.5646157e-05	  -9.4601643e-13	   2.2398102e+02	
  -5.1350915e-04	  -1.2094278e-05	   7.5651794e-04	   2.8066864e-05	  -6.2687836e-13	   2.2375008e+02	
  -3.8708006e-04	   1.8634629e-05	   3.5448371e-03	  -3.7016328e-06	  -5.7368868e-13	   2.2392173e+02	
  -1.0660181e-03	  -4.1910506e-05	  -6.6344138e-06	   1.8209834e-05	  -7.8264813e-13	   2.2384120e+02	
   1.7388268e-03	  -2.4091344e-05	   4.2293601e-04	  -2.0556438e-05	  -9.0042527e-13	   2.2397850e+02	
   2.4007875e-03	   6.2125895e-05	   2.7279753e-04	  -8.1049086e-06	  -3.9512333e-13	   2.2381392e+02	
  -1.2523314e-03	  -7.9489393e-05	  -7.4530842e-05	   3.2775737e-05	  -1.2955486e-12	   2.2401689e+02	
  -6.4210308e-04	  -2.1146840e-05	  -1.4947861e-03	  -2.7788592e-05	  -6.1548057e-13	   2.2377184e+02	
   1.5737759e-03	   9.5302445e-06	   5.1695712e-04	  -9.2058874e-06	  -5.5849163e-13	   2.2394699e+02	
  -1.7802964e-03	  -2.7494567e-05	   5.5012662e-04	   2.2127908e-05	  -5.0530195e-13	   2.2375106e+02	
  -5.7557465e-04	   2.7703881e-05	   1.5294880e-03	  -2.3408471e-05	  -1.0220016e-12	   2.2398742e+02	
   1.5107787e-03	   2.9927925e-05	  -2.0146790e-03	  -6.2689844e-05	  -2.9254323e-13	   2.2380834e+02	
  -2.6429226e-05	   4.6774592e-05	   6.8227716e-04	   5.0174450e-05	  -1.3183442e-12	   2.2402887e+02	
  -8.0834707e-04	  -3.8500639e-05	  -7.6727502e-04	  -1.7860386e-05	  -7.7884887e-13	   2.2382537e+02	
  -1.0966500e-03	  -1.9262107e-05	  -1.1804005e-03	  -3.6890426e-06	  -4.2931669e-13	   2.2393411e+02	
  -8.8595232e-04	  -5.5977617e-05	  -3.5474722e-04	  -2.2757965e-06	  -7.1426140e-13	   2.2385856e+02	
   2.9208243e-04	  -1.3291390e-05	  -1.5679939e-03	  -2.3340010e-05	  -3.8752480e-13	   2.2392948e+02	
  -1.6002881e-03	  -4.8908944e-05	  -7.2726088e-05	   1.3805495e-05	  -6.0028352e-13	   2.2380049e+02	
   1.2195629e-03	   1.8589755e-05	   9.0758234e-04	   9.2277560e-07	  -4.4451374e-13	   2.2393462e+02	
  -1.0494318e-03	  -4.6573096e-05	  -1.0861756e-03	  -2.6578153e-05	  -6.3067762e-13	   2.2381636e+02	
   5.6102528e-04	  -1.3173934e-05	  -1.6249652e-03	  -1.4445394e-05	  -5.1669974e-13	   2.2394456e+02	
  -1.8587176e-03	  -2.7321268e-05	   5.6077830e-04	   2.1631547e-05	  -4.5591153e-13	   2.2373871e+02	
  -1.7272223e-03	  -8.6330297e-07	  -2.0753823e-04	   3.1796403e-06	  -9.3461864e-13	   2.2396991e+02	
   1.3089346e-03	   2.1072066e-05	  -1.0453678e-03	  -3.2149037e-05	  -6.0408278e-13	   2.2377623e+02	
  -3.2861216e-04	  -1.0271871e-05	  -1.8141605e-04	  -1.8812400e-06	  -1.1435780e-12	   2.2400631e+02	
  -2.1394744e-04	   4.7152131e-06	   2.2817691e-03	   7.1691469e-05	  -3.6472923e-13	   2.2381857e+02	
   1.3363409e-03	   1.2257046e-05	   9.4925441e-04	  -3.6856238e-06	  -5.3569605e-13	   2.2394566e+02	
   1.0462859e-03	   2.8674629e-05	  -5.9662052e-04	  -3.6403188e-05	  -7.4845476e-13	   2.2382959e+02	
   1.5327992e-03	   2.5827106e-05	   7.8561753e-04	   7.6162437e-06	  -3.5713070e-13	   2.2391770e+02	
   6.4539164e-05	  -1.5476335e-05	  -2.0383567e-04	  -1.2699720e-05	  -6.1548057e-13	   2.2374924e+02	
  -2.5870751e-03	   2.9943419e-05	  -1.0857925e-03	   2.4103994e-05	  -4.8630563e-13	   2.2395134e+02	
  -3.0726982e-04	  -1.2000863e-05	  -1.8128587e-03	  -2.8122941e-05	  -5.0530195e-13	   2.2374106e+02	
   1.0192909e-03	  -1.0915255e-05	   1.4200056e-03	  -3.8788407e-05	  -1.0182024e-12	   2.2398586e+02	
   1.6780883e-03	   5.6184017e-05	   8.7668448e-04	   1.1000522e-05	  -5.4709384e-13	   2.2380989e+02	
  -1.7331151e-03	   1.3533726e-06	  -1.2547055e-04	   1.1458723e-05	  -6.3067762e-13	   2.2395635e+02	
   8.3017165e-04	   6.9127779e-06	   1.5241555e-03	  -1.1219796e-05	  -7.0286361e-13	   2.2396218e+02	
  -8.5241138e-05	  -1.3961362e-05	  -1.5477506e-03	  -4.3057313e-05	  -6.1927983e-13	   2.2379192e+02	
   9.4270172e-04	  -3.2990997e-05	  -1.4774711e-03	   1.5299354e-05	  -9.4221716e-13	   2.2398259e+02	
  -1.5399946e-03	  -3.2149630e-05	  -1.0111288e-03	  -8.3510779e-06	  -4.9390416e-13	   2.2374223e+02	
   7.0047910e-04	   1.6143209e-05	  -1.3041669e-03	  -8.8262412e-05	  -1.6602778e-12	   2.2401877e+02	
   1.3607835e-03	   4.9968683e-05	   1.1718629e-03	   2.2433139e-05	  -5.6988941e-13	   2.2380499e+02	
  -5.9742221e-04	  -2.0952819e-06	  -1.6893573e-03	   4.0129005e-05	  -9.6501274e-13	   2.2398353e+02	
   4.5878465e-04	   2.9156141e-05	   1.1802157e-03	   3.7448557e-05	  -7.4465550e-13	   2.2381736e+02	
   1.1560240e-03	  -1.3611589e-05	   1.2992974e-03	  -3.5721707e-05	  -9.9160753e-13	   2.2398570e+02	
  -1.4115838e-04	   7.8470290e-06	   1.9501178e-03	   3.8022335e-05	  -4.7110858e-13	   2.2374814e+02	
  -1.3407831e-03	   2.9179296e-05	   1.1075317e-03	  -3.9599256e-06	  -8.8142896e-13	   2.2397899e+02	
   7.8371825e-04	   2.5587309e-05	   1.7859543e-03	   3.0856272e-05	  -4.7110858e-13	   2.2374765e+02	
  -6.2801507e-05	  -1.7991974e-05	  -1.5358086e-03	  -2.3485516e-05	  -3.2293733e-13	   2.2392243e+02	
   1.6286025e-03	   4.6024728e-05	   8.5557267e-04	   7.3940444e-06	  -5.1669974e-13	   2.2377126e+02	
   1.2240678e-03	  -1.5870976e-07	   1.2703325e-03	  -1.4899228e-05	  -7.1426140e-13	   2.2396746e+02	
  -2.2020299e-03	   6.2424638e-05	   3.8192346e-03	  -7.5269902e-05	   1.2537567e-12	   2.2363227e+02	
  -1.6258947e-03	  -5.4354690e-06	  -5.1717587e-04	   1.0038129e-05	  -5.8128720e-13	   2.2395151e+02	
   1.0422571e-03	   4.2331725e-05	   2.4136785e-04	  -5.9238505e-07	  -6.0028352e-13	   2.2376599e+02	
   6.4200311e-04	  -7.6406089e-06	  -1.7448796e-03	  -1.1385202e-05	  -5.5469236e-13	   2.2394772e+02	
   6.8188953e-04	   2.2679667e-05	   1.8615663e-03	   3.1395162e-05	  -4.5591153e-13	   2.2374339e+02	
  -1.1729255e-03	  -5.5850904e-06	  -1.3025584e-03	   1.0445058e-05	  -6.2687836e-13	   2.2395869e+02	
   7.2319927e-04	   2.7017875e-05	   1.7186159e-03	   3.3789298e-05	  -5.1290047e-13	   2.2376114e+02	
   1.3619782e-03	   1.2719526e-05	  -1.1265853e-04	  -6.4544877e-06	  -1.0447973e-12	   2.2398545e+02	
   1.8185717e-03	   4.3416563e-05	   3.2066040e-04	  -7.7453226e-06	  -5.2809752e-13	   2.2376979e+02	
   2.1871379e-03	  -3.4086170e-05	   2.3578386e-06	  -9.5346397e-06	  -7.3325771e-13	   2.2396482e+02	
  -4.4159998e-03	   1.5801086e-04	   3.7134330e-04	   5.4414907e-06	   1.2651545e-12	   2.2364775e+02	
  -8.8848566e-04	   1.1097012e-05	  -1.9811727e-03	   4.7636807e-05	  -8.0924297e-13	   2.2397159e+02	
  -1.9677164e-04	  -1.6189775e-06	   9.4935097e-04	   3.5786601e-05	  -7.0286361e-13	   2.2377670e+02	
  -8.3866564e-04	  -1.2450572e-05	  -1.5002538e-03	   3.2418114e-06	  -5.5849163e-13	   2.2395098e+02	
  -1.6657531e-03	  -3.4669826e-05	  -9.0995088e-04	  -5.8922208e-06	  -4.4831301e-13	   2.2373257e+02	
  -2.0077881e-03	   4.6942688e-05	  -7.4470915e-04	   2.6125641e-05	  -8.5103486e-13	   2.2397394e+02	
   1.6056289e-03	  -5.9311504e-05	  -4.2596884e-03	   1.1107699e-04	   1.2233626e-12	   2.2364730e+02	
  -1.4905791e-04	  -5.9873704e-06	  -2.5488285e-03	   1.4428126e-04	  -8.3583781e-13	   2.2400752e+02	
  -7.1640832e-04	  -7.1355256e-06	   2.6084935e-03	   6.7784753e-05	  -2.3935355e-13	   2.2379703e+02	
   7.6550419e-04	   1.7228099e-05	  -5.5825664e-06	  -5.2233647e-06	  -6.3827614e-13	   2.2396306e+02	
   2.7861272e-03	   5.0013572e-05	  -1.0925327e-03	  -3.3831992e-05	  -1.6716756e-13	   2.2378411e+02	
  -1.2230689e-03	  -8.4699212e-05	  -1.3512236e-04	   2.6874673e-05	  -1.6526793e-12	   2.2402785e+02	
  -4.9599899e-04	  -1.1699283e-05	   8.3781369e-04	   3.2486014e-05	  -6.7626877e-13	   2.2376869e+02	
   1.0182290e-03	  -8.5081504e-06	  -1.3615936e-03	  -1.7381997e-05	  -5.2049900e-13	   2.2394539e+02	
   1.0603028e-03	   1.2095385e-05	  -2.3001748e-03	  -5.7506197e-05	  -3.4573291e-13	   2.2380167e+02	
  -2.0394042e-04	   2.1700805e-05	   1.5695438e-03	  -2.7715032e-05	  -1.0409980e-12	   2.2398918e+02	
   8.4236237e-04	   4.5124543e-05	   4.1000362e-04	  -1.9604001e-06	  -7.7884887e-13	   2.2383814e+02	
  -1.2757846e-03	   9.0981753e-05	   8.9849539e-04	  -2.0671096e-05	  -1.3069464e-12	   2.2402654e+02	
  -9.2570608e-04	  -2.9545212e-05	   6.4800889e-06	   6.9292655e-06	  -6.1168130e-13	   2.2374987e+02	
  -1.3119837e-03	  -1.6137750e-05	  -1.1477133e-03	  -6.7643534e-06	  -4.9010490e-13	   2.2393909e+02	
   2.0955757e-03	   4.3602722e-05	  -9.2083775e-04	  -3.5374597e-05	  -4.1791890e-13	   2.2379750e+02	
  -1.6476150e-03	   1.4907373e-05	  -2.3148474e-03	   3.7499954e-05	  -4.7490785e-13	   2.2395259e+02	
  -2.4586148e-03	  -6.3051987e-05	   2.1845165e-04	   1.9452899e-05	  -3.3053586e-13	   2.2380515e+02	
   1.8711181e-03	  -3.8535727e-05	   1.5801023e-04	  -1.7286368e-05	  -9.4221716e-13	   2.2398245e+02	
   2.2392227e-04	  -7.4658322e-06	  -2.6798214e-03	  -6.2149822e-05	  -2.5834987e-13	   2.2379615e+02	
  -1.1190495e-03	   1.7879385e-05	   1.3387782e-03	   1.0151923e-06	  -7.2565919e-13	   2.2396809e+02	
  -1.7456171e-03	  -3.3277757e-05	   2.1044396e-03	   5.8706737e-05	  -2.2415650e-13	   2.2379317e+02	
  -1.3826523e-03	   1.5887524e-05	   1.6244206e-03	  -7.6700937e-06	  -6.2687836e-13	   2.2395488e+02	
  -1.9133992e-04	  -1.0721704e-05	  -2.0186324e-03	  -3.1971264e-05	  -3.5333144e-13	   2.2370771e+02	
   1.0692895e-03	  -3.1090127e-05	  -1.3090105e-03	   6.0056163e-06	  -9.0042527e-13	   2.2398089e+02	
  -1.2113648e-03	  -2.2446179e-05	   1.7279682e-03	   5.4635184e-05	  -4.5971079e-13	   2.2380339e+02	
  -1.2661168e-03	  -7.1364719e-06	  -1.1597600e-03	   1.0108078e-05	  -6.1548057e-13	   2.2395566e+02	
   1.4501876e-03	   4.7049332e-05	   2.7100689e-04	  -9.1920185e-06	  -6.6107172e-13	   2.2380832e+02	
  -8.4070762e-04	  -6.8011851e-07	  -1.4196208e-03	   3.0238770e-05	  -9.1182306e-13	   2.2398169e+02	
   8.9710432e-04	   3.2642729e-05	  -1.7485081e-04	  -2.2546945e-05	  -7.7125034e-13	   2.2381079e+02	
   1.3195545e-03	   4.0444430e-06	   1.0746640e-03	  -1.2424514e-06	  -9.2702011e-13	   2.2397110e+02	
   1.9458671e-03	   4.7450805e-05	  -1.2389461e-04	  -1.8771865e-05	  -4.9390416e-13	   2.2378272e+02	
   1.7375024e-03	  -1.0115996e-05	  -3.0284258e-04	  -1.2496843e-05	  -6.6867025e-13	   2.2396368e+02	
   1.0966262e-03	   6.4743653e-05	   4.8844911e-04	   3.3236599e-06	  -7.3705698e-13	   2.2386693e+02	
   3.5011271e-04	   5.1669623e-06	   1.7678544e-04	   1.7466414e-07	  -8.8142896e-13	   2.2398574e+02	
  -1.1771873e-03	  -4.7578368e-05	  -1.2141747e-03	  -2.8712159e-05	  -5.6609015e-13	   2.2380552e+02	
   1.7750459e-04	   7.6379535e-06	   1.0796301e-03	   2.3649612e-05	  -5.2429826e-13	   2.2394331e+02	
  -1.0476931e-03	   1.9399232e-05	  -1.7275346e-03	   4.3343821e-05	  -2.4657215e-12	   2.2411692e+02	
   2.2737477e-04	  -1.4759584e-05	  -1.6184230e-03	  -1.9252844e-05	  -4.1411964e-13	   2.2393380e+02	
   1.6131331e-03	   3.3545595e-05	  -1.1576107e-03	  -4.2242162e-05	  -4.9390416e-13	   2.2379339e+02	
   3.8262820e-04	  -1.7918861e-05	  -1.7261120e-03	   1.2834141e-06	  -6.5347319e-13	   2.2396179e+02	
   1.9168851e-03	   2.6819829e-05	  -2.1382089e-03	  -4.9242103e-05	  -2.2795577e-13	   2.2378818e+02	
  -8.9860809e-04	   2.8082298e-05	   1.4208167e-03	  -1.2720577e-05	  -9.3081938e-13	   2.2398282e+02	
   1.7511863e-03	   3.8395774e-05	  -8.1914708e-04	  -3.4606761e-05	  -5.0150268e-13	   2.2378613e+02	
  -4.2020125e-04	  -1.2589395e-05	  -1.9582475e-04	  -2.2885154e-06	  -1.1435780e-12	   2.2400689e+02	
  -1.6089135e-03	   1.7183780e-05	  -4.6828579e-04	   1.8763372e-05	  -8.4343633e-13	   2.2397768e+02	
  -7.3942950e-04	  -3.6708029e-05	  -1.8763964e-03	  -5.5744549e-05	  -4.6730932e-13	   2.2382486e+02	
  -9.8030550e-04	   2.9074081e-05	   1.2709514e-03	  -8.9143152e-06	  -9.4601643e-13	   2.2398486e+02	
   8.1849473e-04	   3.0952931e-05	   1.7794980e-03	   3.8232469e-05	  -4.6730932e-13	   2.2376554e+02	
   2.4950134e-03	  -3.4092660e-05	  -2.5344406e-03	   6.9546188e-06	  -7.4465550e-13	   2.2393263e+02	
   2.9749538e-03	   5.3933214e-05	   7.2233078e-05	  -1.1784785e-05	  -1.9756166e-13	   2.2378073e+02	
  -1.6635918e-03	   1.3974769e-05	   4.5074601e-04	   9.3353299e-06	  -7.1046214e-13	   2.2396787e+02	
   7.1905295e-04	   7.4816786e-06	  -1.7329003e-03	  -5.0380663e-05	  -5.0150268e-13	   2.2378090e+02	
   1.3228141e-03	   1.3497818e-05	   8.9559190e-04	  -3.5508276e-06	  -4.9770342e-13	   2.2394353e+02	
  -1.2485187e-04	  -6.0949786e-06	  -8.1101232e-04	  -2.6962596e-05	  -5.8888573e-13	   2.2374016e+02	
  -1.8418480e-03	  -2.9831572e-05	  -2.2935108e-03	  -8.5411123e-06	  -9.8780832e-13	   2.2395914e+02	
   8.2577276e-04	   2.4737506e-05	  -5.7971664e-04	  -3.8801329e-05	  -7.6365181e-13	   2.2383519e+02	
  -7.0827504e-04	  -1.4342646e-05	  -3.3267904e-03	   1.5401560e-05	  -7.8644739e-13	   2.2393799e+02	
   4.5313949e-04	   7.4581464e-06	  -8.5207261e-04	  -4.3288576e-05	  -7.9404592e-13	   2.2383206e+02	
   8.2153278e-04	  -1.9078809e-06	   1.3443682e-03	  -3.2758832e-05	  -1.0030054e-12	   2.2398856e+02	
  -1.5972525e-03	  -3.3935394e-05	  -9.2103750e-04	  -7.0462731e-06	  -4.6730932e-13	   2.2373405e+02	
   7.1075159e-04	  -1.2329869e-05	  -1.5269759e-03	  -1.5837834e-05	  -5.0530195e-13	   2.2394537e+02	
  -2.1276034e-04	  -9.6958050e-06	  -2.1561356e-03	  -2.9820760e-05	  -2.3555429e-13	   2.2367781e+02	
   1.6698405e-03	   1.7116115e-05	   2.4192795e-04	  -4.9444536e-06	  -4.9010490e-13	   2.2393944e+02	
   2.0215541e-03	   5.3035710e-05	   5.6543052e-04	  -8.2495694e-07	  -4.5211227e-13	   2.2378405e+02	
   2.8951547e-04	   1.4422515e-05	   1.5384235e-03	   1.2112663e-05	  -4.5591153e-13	   2.2393742e+02	
   4.4116384e-04	  -2.6180480e-05	  -1.8004989e-03	   3.5080153e-05	  -9.6121348e-13	   2.2398472e+02	
   5.2529609e-04	   1.8067776e-05	   2.0220594e-03	   3.1949525e-05	  -3.8372554e-13	   2.2372304e+02	
  -2.5777878e-04	  -1.5061115e-05	  -1.6704417e-03	   2.0289339e-05	  -8.1684149e-13	   2.2397519e+02	
   1.1476845e-04	  -6.1745503e-06	  -8.3665051e-04	  -4.0996220e-05	  -6.9526509e-13	   2.2379987e+02	
  -3.0070709e-04	  -2.1442598e-05	  -1.4630986e-03	  -2.2163666e-05	  -2.6214913e-13	   2.2391580e+02	
  -6.8397497e-04	  -1.7258101e-05	   8.4549933e-04	   4.3809028e-05	  -7.5225403e-13	   2.2382722e+02	
   1.2939556e-03	   1.4471773e-05	   1.1001579e-03	   5.4673528e-06	  -5.2809752e-13	   2.2394271e+02	
   4.0121267e-04	   7.7551173e-06	  -3.8309545e-04	  -1.4548299e-05	  -4.7490785e-13	   2.2370599e+02	
  -1.9309780e-03	   1.5323285e-05	  -3.7393754e-05	   8.4691867e-06	  -6.9906435e-13	   2.2396695e+02	
  -1.8887186e-03	  -3.6912720e-05	  -6.0209189e-04	   7.6753781e-07	  -3.8372554e-13	   2.2371875e+02	
   1.7184349e-03	  -8.1012979e-05	   1.9979002e-03	  -1.1726170e-04	  -8.0544371e-13	   2.2400494e+02	
  -1.5090097e-03	  -5.1088239e-05	  -8.8052012e-04	  -1.3358002e-05	  -5.3569605e-13	   2.2378934e+02	
  -1.3895507e-03	   5.5397742e-06	  -9.2490167e-04	   1.9608113e-05	  -7.7125034e-13	   2.2397231e+02	
   2.8285529e-03	   6.1693434e-05	   6.8395406e-04	   1.8625146e-06	  -1.8996314e-13	   2.2378433e+02	
  -1.3232289e-03	   3.5193909e-05	   9.9242863e-04	  -6.6075211e-06	  -9.9160753e-13	   2.2398811e+02	
   1.2416110e-03	   1.1036356e-05	  -1.8187713e-03	  -2.9372968e-05	  -2.3935355e-13	   2.2368057e+02	
   6.6330294e-04	  -5.2190620e-06	   1.7738733e-03	  -4.9332444e-05	  -1.0068046e-12	   2.2398658e+02	
  -1.7829911e-03	  -3.6221871e-05	  -5.0658836e-05	   1.1904119e-05	  -4.9770342e-13	   2.2374519e+02	
  -2.1347600e-04	  -1.6946304e-05	  -1.6811289e-03	  -8.5701709e-07	  -5.6988941e-13	   2.2395241e+02	
   2.8347671e-04	  -2.3706603e-06	  -2.0185537e-03	  -3.1185839e-05	  -3.3813439e-13	   2.2370229e+02	
   1.8446884e-03	  -9.1398773e-06	  -2.9996108e-04	  -5.6770716e-06	  -9.4221716e-13	   2.2397505e+02	
   1.6217412e-03	   3.9950362e-05	   1.2656820e-03	   1.5591225e-05	  -4.0652112e-13	   2.2373879e+02	
  -1.8012841e-03	   1.2943936e-04	   1.9830923e-04	   9.3552546e-06	  -1.1663737e-12	   2.2403001e+02	
  -2.5884442e-03	  -5.6852827e-05	   5.5744279e-04	   2.5900688e-05	  -2.7354692e-13	   2.2379223e+02	
  -2.7467589e-03	  -1.8906261e-05	  -1.7073603e-03	   1.0341914e-05	  -7.6745108e-13	   2.2394220e+02	
  -1.1237820e-04	   8.6986426e-06	   2.4078526e-03	   5.6301884e-05	  -3.6092996e-13	   2.2378497e+02	
  -3.4677764e-04	  -1.3979084e-05	  -1.6806769e-03	   6.6516700e-06	  -6.3827614e-13	   2.2396155e+02	
   1.5759677e-03	   3.0375646e-05	  -2.4248342e-03	  -7.2439220e-05	  -1.4437198e-13	   2.2380243e+02	
   4.0592412e-04	  -2.7878344e-06	  -1.5059809e-03	  -2.6035989e-05	  -4.7490785e-13	   2.2393948e+02	
   9.5630358e-04	   4.6317018e-05	   6.7262523e-04	   1.2060225e-05	  -7.2185992e-13	   2.2381709e+02	
  -1.0710197e-03	  -7.3908271e-06	  -1.3159540e-03	   9.5425669e-06	  -6.1927983e-13	   2.2395954e+02	
  -2.1940179e-03	  -5.2699412e-05	   5.1963903e-04	   2.6854606e-05	  -3.9892259e-13	   2.2379478e+02	
  -2.0631339e-04	  -1.7103063e-05	  -1.5791528e-03	   2.1449708e-05	  -8.7383043e-13	   2.2398028e+02	
   1.6622822e-03	   1.8661470e-05	  -1.4286193e-03	  -2.7758481e-05	  -2.6974766e-13	   2.2369237e+02	
  -1.6234164e-03	  -8.5725399e-06	  -1.2039661e-03	   1.1811910e-06	  -4.9010490e-13	   2.2394239e+02	
  -9.4396030e-04	  -4.2319156e-05	  -2.1536917e-04	   5.8505225e-07	  -6.4967393e-13	   2.2378593e+02	
  -4.6733187e-04	   1.8302666e-05	   3.2364418e-03	   4.6015777e-06	  -8.0164444e-13	   2.2394118e+02	
  -2.3417300e-03	  -4.9552760e-05	   8.8510230e-04	   3.3121088e-05	  -3.3053586e-13	   2.2379090e+02	
  -2.0013711e-03	   5.2753716e-05	  -1.6640879e-04	   1.4293458e-05	  -9.3081938e-13	   2.2398188e+02	
   1.8190766e-03	   4.0932667e-05	  -1.4618717e-03	  -5.0615996e-05	  -3.7612701e-13	   2.2381176e+02	
   1.5700260e-04	   1.6792743e-05	   3.7145491e-03	  -3.1553809e-05	  -5.6988941e-13	   2.2391959e+02	
   6.8945544e-04	  -2.5979311e-05	  -1.6878001e-03	   3.3160369e-05	  -2.5113126e-12	   2.2411142e+02	
  -1.5133726e-03	   1.6076093e-05	   7.7580347e-04	   7.2598525e-06	  -7.2565919e-13	   2.2396891e+02	
   4.8329207e-04	   1.8638806e-05	   2.0781772e-03	   3.5823876e-05	  -3.5333144e-13	   2.2372082e+02	
   1.4450760e-04	   1.2310101e-05	   1.6756359e-03	  -8.3693587e-06	  -7.0666287e-13	   2.2396734e+02	
   1.7754056e-03	   3.7832153e-05	  -1.9080771e-04	  -1.8514729e-05	  -5.3189679e-13	   2.2376356e+02	
   6.4299753e-04	  -1.1046125e-05	  -2.7220957e-03	  -3.5086330e-05	  -1.1549759e-12	   2.2397171e+02	
  -3.0469899e-03	   1.0722316e-04	  -3.2571531e-03	   1.4037908e-04	   1.2765523e-12	   2.2365129e+02	
   8.9242811e-04	   1.0891520e-05	   1.3327331e-03	  -2.7862768e-06	  -5.6609015e-13	   2.2395306e+02	
   3.0001103e-03	   5.1848412e-05	   7.3376953e-04	  -1.0070312e-07	  -1.5576977e-13	   2.2376812e+02	
   1.5357437e-03	  -3.7718456e-06	   7.1648299e-04	  -1.4399692e-05	  -7.0286361e-13	   2.2396826e+02	
  -8.8575838e-04	  -8.9948329e-06	   2.2417674e-03	   5.4330296e-05	  -3.4193365e-13	   2.2377372e+02	
   1.1163900e-03	  -2.2062917e-05	  -1.5193903e-03	   4.3257818e-06	  -7.3325771e-13	   2.2397253e+02	
  -1.3200530e-03	  -2.6453865e-05	  -1.6527760e-03	  -1.9869587e-05	  -2.4315282e-13	   2.2367875e+02	
  -3.1737959e-04	  -6.6984802e-05	  -6.5693632e-04	  -1.6597465e-05	  -1.2157641e-12	   2.2402462e+02	
   6.4391163e-05	  -1.0567395e-05	  -2.4782090e-03	  -5.3242177e-05	  -3.2673660e-13	   2.2377918e+02	
   1.4165688e-03	  -7.6813034e-05	   1.4914006e-03	  -1.1282595e-04	  -1.0523957e-12	   2.2402723e+02	
   2.2543986e-03	   5.2563839e-05	   1.0486743e-03	   9.7444501e-06	  -3.3053586e-13	   2.2377257e+02	
   1.2123041e-03	  -2.9896528e-05	  -1.0580290e-03	  -1.2093121e-06	  -8.9662601e-13	   2.2398267e+02	
  -1.7588031e-03	   9.5757538e-06	   3.8807477e-03	   1.3519359e-05	   1.0713921e-12	   2.2364002e+02	
  -1.7751758e-03	  -6.1427048e-06	  -5.5447877e-04	   4.6259195e-06	  -5.5849163e-13	   2.2395233e+02	
  -9.5280764e-04	  -4.2213015e-05	  -4.0982310e-04	  -3.9407435e-06	  -7.4845476e-13	   2.2381654e+02	
   1.6342159e-03	  -2.5080193e-05	  -4.4262128e-05	  -1.6046215e-05	  -9.0422454e-13	   2.2398333e+02	
  -8.7885474e-04	  -3.7787428e-05	  -7.8122035e-04	  -1.8253810e-05	  -7.1046214e-13	   2.2380069e+02	
  -5.4297244e-04	   1.7932478e-05	   1.5905445e-03	  -6.4438557e-06	  -7.5985255e-13	   2.2397304e+02	
  -4.1104732e-04	  -1.7526212e-07	   2.3629305e-03	   6.4829735e-05	  -3.4953217e-13	   2.2380094e+02	
  -1.7761482e-03	   3.5179288e-05	  -9.2708084e-05	   1.4026473e-05	  -9.3841790e-13	   2.2398488e+02	
   1.4887247e-04	   2.5557656e-05	   2.9312342e-04	  -6.5273013e-05	  -1.9452225e-12	   2.2414255e+02	
  -2.7064965e-03	   9.8574994e-05	  -4.6231665e-04	   2.8290658e-05	  -6.1927983e-13	   2.2398648e+02	
  -3.9875714e-03	   1.1368366e-04	  -1.9033363e-03	   7.4193867e-05	   1.2917493e-12	   2.2363258e+02	
  -1.3506494e-03	  -7.3277641e-06	  -9.5969461e-04	   8.6316211e-06	  -5.8128720e-13	   2.2395560e+02	
   5.7361609e-04	   2.8968754e-05	   2.5440736e-03	   7.7956862e-05	  -2.2035724e-13	   2.2381366e+02	
  -1.0950084e-03	  -1.6703891e-05	  -1.1694771e-03	  -2.6411203e-07	  -4.5211227e-13	   2.2394079e+02	
  -1.4614470e-03	  -4.1483880e-05	  -4.9911909e-04	  -6.7751694e-07	  -5.8888573e-13	   2.2377161e+02	
  -5.8632722e-04	   3.9628321e-05	   1.8275504e-03	  -7.3568128e-05	  -1.5197051e-12	   2.2399437e+02	
   3.4271522e-03	   1.1079344e-04	   4.1649326e-03	   8.0290014e-05	   5.5849163e-13	   2.2413466e+02	
   1.1347211e-03	   1.0358971e-05	   1.1403630e-03	  -5.5949179e-06	  -5.7368868e-13	   2.2395233e+02	
   1.5729787e-03	   1.7564123e-05	  -1.4884370e-03	  -2.8572380e-05	  -2.7734618e-13	   2.2369368e+02	
  -1.7817798e-03	   3.3187116e-05	   1.2008628e-03	  -1.2718867e-05	  -7.4465550e-13	   2.2396732e+02	
   1.0985215e-03	   1.2505444e-05	  -1.7532780e-03	  -3.7926646e-05	  -3.5333144e-13	   2.2372012e+02	
  -1.4904543e-04	  -1.8212903e-05	  -1.6089192e-03	  -1.1691438e-05	  -4.3311595e-13	   2.2393834e+02	
  -4.0854075e-04	  -6.1350559e-06	   9.7685413e-04	   4.5842873e-05	  -7.6745108e-13	   2.2382533e+02	
  -1.5329426e-03	   2.4625162e-05	   8.5099883e-04	   7.5464436e-07	  -8.2064076e-13	   2.2397985e+02	
   2.1318935e-04	  -2.8224657e-06	  -2.3124434e-03	  -3.3038916e-05	  -7.9784518e-14	   2.2363609e+02	
  -1.6335897e-03	  -2.6505308e-05	  -2.5864537e-03	  -8.9593825e-06	  -8.7383043e-13	   2.2395384e+02	
  -5.7529332e-04	  -1.9698256e-08	   2.1569513e-03	   3.5791203e-05	  -2.4315282e-13	   2.2368272e+02	
  -3.1661009e-04	  -2.5979944e-05	  -1.4915280e-03	   7.4264087e-05	  -1.2157641e-12	   2.2402875e+02	
   5.7552590e-04	   2.1728878e-06	  -2.1356724e-03	  -3.2137978e-05	  -1.8616388e-13	   2.2366439e+02	
  -2.2214466e-03	  -5.2037420e-05	   7.8094914e-04	   4.3363259e-05	  -1.0941877e-12	   2.2398257e+02	
   1.7698787e-03	   3.8733167e-05	   1.1501154e-03	   1.1490017e-05	  -3.5713070e-13	   2.2372104e+02	
   8.5859502e-04	  -1.4219297e-05	  -6.4960607e-04	  -2.5521196e-05	  -6.6867025e-13	   2.2397548e+02	
  -4.0886363e-04	  -9.5277922e-06	  -7.6227950e-05	   6.9718521e-07	  -4.8250637e-13	   2.2370482e+02	
  -8.8493077e-04	  -1.0261372e-05	  -1.3977170e-03	   7.7417249e-06	  -6.0788204e-13	   2.2395961e+02	
   2.3414837e-05	   2.0063982e-06	  -4.7600076e-04	  -1.4423340e-05	  -5.3569605e-13	   2.2371943e+02	
  -6.0921242e-04	  -4.7482660e-05	  -7.6404043e-04	  -1.4125599e-05	   2.1275871e-13	   2.2385053e+02	
   8.0690423e-04	   5.5407510e-06	  -2.2049673e-03	  -3.3080349e-05	  -8.3583781e-14	   2.2363863e+02	
   1.0854572e-03	   1.0165703e-06	   1.1754503e-03	  -1.8566356e-05	  -7.7884887e-13	   2.2397351e+02	
  -5.7309949e-04	  -1.9117093e-05	  -1.9786797e-03	  -3.4292935e-05	  -3.1913807e-13	   2.2370748e+02	
  -1.5529728e-03	   1.9524406e-05	   4.2567327e-04	   9.7230024e-06	  -8.1304223e-13	   2.2397687e+02	
  -1.1917022e-05	   1.0405013e-05	   1.4004544e-03	   4.5403372e-05	  -6.6107172e-13	   2.2379227e+02	
  -1.5686661e-03	   1.9841891e-05	   2.1750059e-04	   1.1941548e-05	  -8.4343633e-13	   2.2397909e+02	
   9.4707655e-04	   2.5571376e-05	   2.0395838e-03	   3.1293490e-05	  -2.8494471e-13	   2.2370460e+02	
  -1.1265628e-03	   4.5100837e-07	  -1.1015513e-03	   2.1343150e-05	  -8.0544371e-13	   2.2397635e+02	
  -1.0169100e-03	  -3.0099889e-05	   1.9084979e-04	   1.3004741e-05	  -5.8888573e-13	   2.2374746e+02	
  -7.3479360e-04	   4.4040534e-05	   8.1858694e-04	  -7.0636208e-06	  -1.7590587e-12	   2.2401280e+02	
   6.0070822e-04	   2.2091528e-05	   2.6671775e-03	   4.9161604e-05	  -2.4695208e-13	   2.2376781e+02	
   1.5556594e-03	  -8.8439614e-07	   4.6920743e-04	  -1.4355301e-05	  -6.6487098e-13	   2.2396300e+02	
   1.0988608e-04	  -2.8317543e-05	  -4.6933361e-04	  -2.3870247e-05	  -7.5605329e-13	   2.2386151e+02	
  -4.1545810e-04	   2.6197458e-05	   1.3486287e-03	  -1.6503076e-05	  -1.0182024e-12	   2.2399183e+02	
   8.4835681e-04	   3.4683999e-05	   1.2945773e-03	   3.0895209e-05	  -6.1168130e-13	   2.2378229e+02	
  -1.5249960e-03	   2.4346647e-05	   2.6688998e-04	   1.1149543e-05	  -9.0802380e-13	   2.2398396e+02	
  -6.7979743e-04	  -2.5457204e-05	  -1.8140855e-03	  -3.7465176e-05	  -4.2931669e-13	   2.2374760e+02	
  -1.8256133e-04	  -1.1707626e-06	   8.8469699e-04	   2.3574503e-05	  -6.2307909e-13	   2.2396545e+02	
   2.3344351e-05	   9.2857951e-06	   2.1687284e-03	   3.5509838e-05	  -3.0014176e-13	   2.2369990e+02	
   1.6030231e-03	  -2.4086229e-05	   6.5335959e-04	  -2.4550948e-05	  -9.3081938e-13	   2.2398635e+02	
  -1.5966156e-03	  -1.6415865e-05	   1.7409949e-03	   3.3815322e-05	  -1.4437198e-13	   2.2365900e+02	
   3.9959355e-04	   1.0905612e-05	   1.3185472e-03	  -2.8051833e-05	  -1.0106039e-12	   2.2399273e+02	
   4.3847348e-03	  -1.9121402e-04	  -9.7683445e-04	   2.3481783e-05	   1.2803515e-12	   2.2365777e+02	
  -6.3560144e-05	   1.7575358e-06	   7.9897940e-04	   2.1532947e-05	  -6.6487098e-13	   2.2396848e+02	
  -2.7613769e-03	  -5.7282556e-05	  -2.6323399e-04	   7.7225609e-06	  -2.2035724e-13	   2.2377392e+02	
   5.3811918e-04	   9.2259740e-06	   1.4802048e-03	  -1.6494491e-05	  -7.8644739e-13	   2.2397476e+02	
   1.5228087e-03	   3.3333643e-05	   1.7378244e-03	   2.2384845e-05	  -2.5075134e-13	   2.2369495e+02	
   3.4498001e-04	  -1.9041558e-05	  -1.6301514e-03	   5.5155055e-07	  -6.6487098e-13	   2.2396595e+02	
   4.5312645e-03	   3.4543111e-05	  -3.2658100e-04	  -1.5083055e-05	   7.8264813e-13	   2.2367985e+02	
   7.0025528e-04	   1.7379319e-05	   1.0401256e-03	   2.1308793e-05	  -4.1411964e-13	   2.2392948e+02	
   1.7971003e-03	  -3.5771547e-05	  -2.6101170e-04	  -9.9786996e-06	  -9.1562233e-13	   2.2398472e+02	
   3.2977553e-03	  -4.1751377e-05	  -2.9294391e-03	   1.6085874e-05	   1.1587751e-12	   2.2363119e+02	
   8.3175252e-04	  -2.5934631e-06	  -1.4669261e-03	  -8.8309937e-06	  -9.3461864e-13	   2.2397370e+02	
  -7.1914745e-04	  -3.0944299e-05	  -1.0311459e-03	  -2.7488012e-05	  -6.5727246e-13	   2.2377991e+02	
   6.3528731e-05	   4.3169908e-07	   5.1872719e-04	   1.0231045e-05	  -7.5605329e-13	   2.2397547e+02	
  -8.8846335e-05	   1.8044003e-06	   3.5599820e-04	   2.2609465e-05	  -5.1290047e-13	   2.2371709e+02	
  -2.3404371e-03	   5.9982048e-05	  -1.5346187e-03	   5.1490267e-05	  -5.2049900e-13	   2.2397574e+02	
   2.9159375e-04	  -1.7951770e-06	  -2.1702680e-03	  -3.2993096e-05	  -1.8616388e-13	   2.2366501e+02	
  -7.9254856e-04	   2.6885722e-05	  -1.5225821e-03	   1.0990332e-04	  -1.1397788e-12	   2.2403157e+02	
  -2.0811476e-03	  -5.4611446e-05	   8.2474835e-04	   3.5152745e-05	  -3.7612701e-13	   2.2380126e+02	
  -1.8579238e-03	   1.3135918e-06	   2.2805365e-04	   6.9641867e-06	  -5.9648425e-13	   2.2395838e+02	
  -5.1046708e-04	  -1.1699506e-05	   3.3124398e-04	   1.4367754e-05	  -4.9770342e-13	   2.2371302e+02	
   1.6532137e-03	  -7.8782301e-05	   1.6123519e-03	  -1.0192677e-04	  -8.5483412e-13	   2.2401770e+02	
  -6.1128577e-04	  -7.7910456e-07	   2.3277466e-03	   3.8158850e-05	  -1.1777715e-13	   2.2365198e+02	
   1.1976210e-03	  -1.9545596e-05	   1.5203014e-03	  -4.2873508e-05	  -9.5741422e-13	   2.2398556e+02	
  -2.3404849e-04	  -1.9930005e-05	  -1.5052449e-03	  -1.9016125e-05	  -2.9254323e-13	   2.2392259e+02	
  -3.9254346e-04	  -1.9691639e-05	  -2.2479526e-03	  -4.7105321e-05	  -3.4573291e-13	   2.2376159e+02	
  -6.2366625e-04	  -1.6049937e-05	   3.0578069e-04	   1.0084457e-05	  -6.4207541e-13	   2.2396458e+02	
   1.0573425e-03	   3.3642882e-05	   2.1614579e-04	   4.3090654e-07	  -5.0150268e-13	   2.2372574e+02	
  -4.7474224e-05	  -8.6731291e-06	  -1.4740355e-03	  -2.7734092e-05	  -4.2931669e-13	   2.2393593e+02	
   1.8300804e-04	  -7.1926950e-06	  -2.1585525e-03	  -6.1809555e-05	  -3.9892259e-13	   2.2380171e+02	
   1.5285822e-03	   2.6184415e-06	   3.8737528e-04	  -1.2779720e-05	  -6.1168130e-13	   2.2395983e+02	
  -4.4560389e-04	  -1.9987087e-05	  -2.5923086e-03	  -4.8167545e-05	  -2.5834987e-13	   2.2376409e+02	
   1.7694386e-03	   9.2539246e-06	   3.2697472e-04	  -6.4871858e-06	  -5.2429826e-13	   2.2394922e+02	
  -2.1027226e-03	  -5.0512190e-05	  -1.0938560e-03	  -1.1848097e-05	  -3.0394102e-13	   2.2375276e+02	
   9.7029279e-04	  -9.5691260e-06	   1.4445156e-03	  -3.7395297e-05	  -9.8780832e-13	   2.2398965e+02	
  -1.6212709e-03	  -4.0944018e-05	  -2.0782695e-03	  -3.2927194e-05	  -2.4315282e-13	   2.2375765e+02	
  -8.8480783e-04	  -2.5711148e-06	  -1.1545950e-03	   2.5079776e-05	  -8.8902749e-13	   2.2398525e+02	
   1.7106067e-03	   3.8187012e-05	   1.2765275e-03	   1.4768709e-05	  -3.3053586e-13	   2.2371503e+02	
   5.0770777e-04	   7.5064160e-06	  -2.8527510e-04	  -6.5627708e-05	  -1.2879501e-12	   2.2403075e+02	
  -4.3385343e-04	   2.1834975e-06	   2.4989342e-03	   4.1650175e-05	  -9.1182306e-14	   2.2365348e+02	
  -1.6147800e-03	   9.7636345e-06	  -6.6496387e-04	   1.4498639e-05	  -7.3325771e-13	   2.2397388e+02	
   1.7007149e-03	   2.1666797e-05	  -1.5907499e-03	  -3.3919587e-05	  -2.2795577e-13	   2.2369519e+02	
  -5.6637732e-04	  -1.5821305e-05	  -1.4977471e-03	   2.2715335e-07	  -5.3949531e-13	   2.2395345e+02	
  -1.3035537e-03	  -4.1414958e-05	   1.2348564e-04	   1.7812888e-05	  -6.4207541e-13	   2.2378355e+02	
   5.0973168e-04	  -4.1021045e-05	  -2.4475400e-03	   1.1737864e-04	  -7.3705698e-13	   2.2401032e+02	
  -6.0636332e-04	  -2.3028837e-05	  -2.2032055e-03	  -4.2805667e-05	  -3.1533881e-13	   2.2374533e+02	
   8.2043315e-04	  -2.0296732e-05	  -1.3976359e-03	  -5.3497618e-06	  -6.8766656e-13	   2.2396736e+02	
  -1.6668174e-04	   1.4317434e-05	   3.0655946e-04	   2.8858054e-05	  -7.8644739e-13	   2.2382689e+02	
   1.4622902e-03	  -6.1031577e-05	  -1.0019740e-04	  -3.8557191e-05	  -1.2081656e-12	   2.2402963e+02	
  -3.7019227e-03	   1.3504105e-04	  -2.4768361e-03	   1.1128414e-04	   1.3145449e-12	   2.2363550e+02	
   1.0668842e-03	  -1.3716064e-05	   1.8262199e-03	  -3.3926241e-05	  -9.8020979e-13	   2.2397920e+02	
   7.6512510e-04	   2.2610566e-05	  -2.3357563e-04	  -1.3271833e-05	  -4.9390416e-13	   2.2371859e+02	
   1.6969271e-03	   3.3155106e-06	  -1.7005293e-04	  -6.5107154e-06	  -9.1562233e-13	   2.2397325e+02	
  -2.0633062e-03	  -3.1187727e-05	   1.0003376e-03	   2.9040131e-05	  -2.3935355e-13	   2.2369814e+02	
  -1.2324103e-03	   2.9393802e-06	  -1.3430382e-03	   1.6853277e-05	  -7.1806066e-13	   2.2397269e+02	
   1.8674721e-04	   1.1280000e-05	   2.4986639e-03	   3.8653772e-05	  -8.3583781e-14	   2.2364638e+02	
   1.2339190e-03	  -1.7614401e-05	  -1.5880702e-03	   9.0292103e-06	  -9.2322085e-13	   2.2397640e+02	
   7.3649215e-04	   2.9091361e-05	   1.0348770e-03	   2.7784723e-05	  -6.2307909e-13	   2.2375736e+02	
   1.2419763e-03	  -1.0664716e-05	  -1.0312369e-03	  -1.4996762e-05	  -5.9648425e-13	   2.2395820e+02	
  -1.3300307e-03	  -3.4721958e-05	  -1.1379130e-03	  -1.6668315e-05	  -4.5211227e-13	   2.2372898e+02	
   1.1519040e-03	   6.0610582e-05	   1.4223570e-03	   5.9543992e-05	   7.0666287e-13	   2.2374086e+02	
  -5.6129550e-04	  -1.4014490e-05	   7.0127852e-04	   2.6343121e-05	  -5.0910121e-13	   2.2372593e+02	
  -1.5918906e-04	  -1.7856113e-05	  -1.6078394e-03	   6.4449996e-06	  -6.7246951e-13	   2.2396572e+02	
  -1.4418632e-03	  -2.9400064e-05	  -1.8094471e-03	  -2.2817358e-05	  -1.1777715e-13	   2.2365149e+02	
   2.5747379e-05	   1.4591344e-05	   1.5756950e-03	  -1.0137003e-05	  -7.6365181e-13	   2.2397535e+02	
  -2.7062370e-03	  -5.6265057e-05	   3.1076338e-04	   1.9025923e-05	  -2.1655798e-13	   2.2377008e+02	
  -1.4561829e-03	   1.9101175e-05	   2.2995909e-04	   1.2552756e-05	  -8.6623191e-13	   2.2398316e+02	
   1.3942546e-03	  -1.9743619e-05	  -1.0362935e-03	  -5.7142545e-06	  -7.3325771e-13	   2.2397368e+02	
   9.3784444e-05	  -5.6135312e-06	  -1.7936861e-03	  -3.7931419e-05	  -4.2551743e-13	   2.2372235e+02	
   2.3622787e-03	  -1.1712845e-04	   5.1352631e-05	  -2.1510656e-05	  -7.6365181e-13	   2.2401414e+02	
   3.1811206e-03	  -1.9873636e-05	  -1.8272540e-03	  -2.4828545e-05	  -1.9680181e-12	   2.2409711e+02	
   1.5989407e-03	   7.7995399e-05	   7.7353507e-04	   2.4383747e-05	   7.7504960e-13	   2.2372812e+02	
   2.0719557e-03	   2.8499966e-05	  -1.3607126e-03	  -3.2014578e-05	  -2.1655798e-13	   2.2370797e+02	
  -6.8000352e-04	   2.1434198e-05	   1.4232706e-03	  -7.1567231e-06	  -8.4343633e-13	   2.2398224e+02	
   3.8188912e-03	  -1.4317366e-04	  -2.4119065e-03	   7.0209218e-05	   1.2917493e-12	   2.2363403e+02	
   9.4977771e-05	   1.3828518e-05	   1.5702273e-03	  -6.4710296e-06	  -7.0666287e-13	   2.2396969e+02	
  -6.6332584e-04	  -2.5475782e-05	   2.8277405e-05	   5.2764425e-06	  -3.9512333e-13	   2.2370045e+02	
  -1.0936840e-03	  -7.0885130e-05	  -1.3098262e-03	  -5.0236697e-05	  -1.6298837e-12	   2.2401564e+02	
  -2.0075466e-04	  -1.1390927e-05	  -2.3210525e-03	  -3.7773305e-05	  -1.6336830e-13	   2.2367174e+02	
   2.2766082e-04	   5.1236649e-06	   4.0088199e-04	   1.0563019e-05	  -1.0220016e-12	   2.2399895e+02	
  -4.3069837e-04	  -1.2662020e-05	  -3.0484338e-04	  -7.2445239e-06	  -4.9770342e-13	   2.2371204e+02	
  -6.0947624e-04	  -3.3657241e-05	  -2.3111048e-03	  -5.4277764e-05	  -1.1663737e-12	   2.2398836e+02	
   9.2801499e-04	  -4.8572362e-05	  -4.3147973e-03	   1.4752609e-04	   1.3145449e-12	   2.2363116e+02	
  -1.5244318e-03	   1.5457455e-05	   1.7473489e-04	   1.2670653e-05	  -8.0924297e-13	   2.2397817e+02	
  -2.3070347e-03	  -3.4190937e-05	   7.9044558e-04	   2.4548468e-05	  -1.1777715e-13	   2.2366096e+02	
  -1.0745318e-03	   2.1970269e-05	   1.1039374e-03	   1.2866096e-06	  -8.3583781e-13	   2.2398028e+02	
   1.2397045e-03	   3.7309029e-05	  -3.8676863e-05	  -1.0732918e-05	  -5.7368868e-13	   2.2374703e+02	
   7.1681509e-04	  -2.9641362e-05	  -1.4548605e-03	   1.4249402e-05	  -9.3841790e-13	   2.2398776e+02	
  -1.8276493e-03	  -3.2813740e-05	   6.2052063e-04	   2.4319535e-05	  -3.8752480e-13	   2.2372110e+02	
  -3.7476269e-04	   1.9715286e-05	   1.5418236e-03	  -1.3475296e-05	  -8.7003117e-13	   2.2398458e+02	
  -1.7649339e-03	  -4.1220512e-05	  -1.3636943e-03	  -1.7184484e-05	  -2.9254323e-13	   2.2372153e+02	
   1.5398318e-03	   3.2326770e-06	   2.0253230e-04	  -1.3575789e-05	  -5.8888573e-13	   2.2395781e+02	
  -1.3626551e-03	  -1.3674356e-05	   2.0847783e-03	   3.8915150e-05	  -4.1791890e-14	   2.2363337e+02	
   5.9482331e-04	   7.5050959e-06	   1.1691790e-03	  -2.6410973e-05	  -9.7641048e-13	   2.2399226e+02	
   2.3206818e-03	  -1.1937235e-04	   3.5378872e-03	  -2.1676916e-04	   1.3981287e-12	   2.2364100e+02	
   3.2624213e-04	   1.3407275e-05	   1.4922074e-03	  -2.3429198e-07	  -5.9268499e-13	   2.2395848e+02	
  -2.7386605e-04	  -1.4946748e-05	  -3.2212253e-03	  -4.5030982e-05	  -6.8386730e-14	   2.2374106e+02	
  -1.1969701e-03	  -8.9319859e-06	  -9.9523477e-04	   8.7978390e-06	  -5.8508647e-13	   2.2395948e+02	
  -4.8279205e-04	  -2.6663707e-05	  -1.1818239e-04	   8.5255144e-06	  -6.5727246e-13	   2.2376722e+02	
   7.1740488e-04	  -1.6376153e-06	  -1.5883030e-03	  -2.2849825e-05	  -4.0652112e-13	   2.2393411e+02	
  -1.8969306e-03	  -2.4819534e-05	   1.6955443e-03	   3.7865808e-05	  -1.6336830e-13	   2.2369235e+02	
  -1.6410294e-03	   4.4238564e-05	   1.3966044e-03	  -2.8413390e-05	  -1.0068046e-12	   2.2398294e+02	
  -1.3035734e-03	  -3.1301377e-05	  -1.9215171e-03	  -2.8259874e-05	  -2.1275871e-13	   2.2369439e+02	
   8.2152391e-04	   5.6961086e-06	   1.3031069e-03	  -1.4095351e-05	  -7.3705698e-13	   2.2397382e+02	
  -2.5321670e-03	  -4.8370301e-05	  -1.5152603e-03	  -1.4542904e-05	  -1.2537567e-13	   2.2373689e+02	
   5.9251922e-04	   1.8151946e-05	   2.4963762e-04	   3.1598330e-06	  -8.6243265e-13	   2.2398652e+02	
  -1.8813702e-03	  -1.5509528e-05	   2.9883598e-03	   4.4727265e-05	   3.0394102e-14	   2.2372270e+02	
  -6.3411450e-04	  -3.9739349e-05	  -7.9627209e-04	  -5.4387021e-06	  -6.4587467e-14	   2.2390335e+02	
   2.3232147e-03	   3.2095024e-05	  -9.4108328e-04	  -2.2987035e-05	  -8.3583781e-14	   2.2364965e+02	
   1.4088176e-03	  -5.1337368e-06	   1.0964260e-03	  -1.5639458e-05	  -7.3325771e-13	   2.2397457e+02	
   3.6953236e-03	   4.0419156e-05	  -5.2636408e-04	  -1.6718930e-05	   6.8386730e-14	   2.2372454e+02	
   1.4352319e-03	  -1.7151268e-05	  -3.7287571e-04	  -1.5192065e-05	  -8.0924297e-13	   2.2397997e+02	
  -1.2628768e-04	  -2.5511339e-06	   4.7769874e-04	   1.3141273e-05	  -4.2171817e-13	   2.2369507e+02	
  -3.1588757e-04	  -1.9360816e-05	  -1.5131905e-03	  -9.3575757e-06	  -4.2171817e-13	   2.2394038e+02	
   2.1438539e-04	   5.7885879e-06	  -4.5811858e-04	  -1.9401965e-05	  -4.0652112e-13	   2.2370362e+02	
  -6.5999948e-05	   1.6292193e-05	   1.5586558e-03	  -1.7092993e-05	  -8.8142896e-13	   2.2398599e+02	
   7.1075844e-04	   1.9271328e-05	   2.5588735e-03	   3.8752332e-05	  -1.1397788e-14	   2.2363163e+02	
  -1.3505219e-03	   2.4973627e-05	   4.4635702e-04	   9.1712652e-06	  -9.4981569e-13	   2.2398967e+02	
   2.1551518e-03	   8.2666549e-05	   1.4193754e-03	   4.0070030e-05	  -1.3297420e-13	   2.2380560e+02	
   1.7564343e-03	  -7.5654003e-05	  -1.2858921e-03	   3.9985028e-05	  -1.2157641e-12	   2.2399609e+02	
  -1.4058169e-03	  -3.5057507e-05	  -1.1958336e-03	  -1.7112661e-05	  -3.8752480e-13	   2.2371356e+02	
   1.5156742e-03	  -1.0560022e-05	  -2.7199390e-04	  -1.5591834e-05	  -7.1806066e-13	   2.2397134e+02	
   1.5746464e-04	   1.0689076e-05	   2.6746302e-03	   4.2967647e-05	   2.6594839e-14	   2.2362088e+02	
  -2.6169271e-03	   1.1121999e-04	   1.7175320e-04	   5.3177318e-06	  -6.0788204e-13	   2.2399779e+02	
   2.0347497e-03	   2.5612638e-05	  -1.6623483e-03	  -3.4786998e-05	  -1.7856535e-13	   2.2370660e+02	
  -7.8208347e-04	  -1.0920287e-04	  -1.0701882e-03	  -4.7131973e-05	  -8.5103486e-13	   2.2400423e+02	
  -1.6249363e-03	  -1.3837197e-05	   3.0560522e-03	   4.8223959e-05	   3.7992628e-15	   2.2373307e+02	
   1.2641570e-03	  -2.0895523e-05	  -1.1322670e-03	  -4.6061980e-06	  -7.4845476e-13	   2.2397562e+02	
   1.1900131e-03	   1.7683822e-05	  -1.4245355e-03	  -3.6853224e-05	  -4.2551743e-13	   2.2373000e+02	
   8.3902615e-04	   3.4694454e-05	   2.4100469e-03	   4.0723302e-05	  -1.2385597e-12	   2.2398394e+02	
   1.1256766e-03	   2.8110968e-05	   2.4902811e-03	   3.7759102e-05	  -1.4817125e-13	   2.2370752e+02	
   5.2377569e-04	   4.6153702e-05	   5.5680405e-04	   8.2812344e-06	   6.0788204e-13	   2.2377214e+02	
   1.7884909e-03	   3.3071544e-05	   2.7116238e-03	   3.2267426e-05	  -1.8996314e-14	   2.2370585e+02	
  -1.1347795e-03	   2.0771438e-05	   9.9787523e-04	   3.2062104e-06	  -8.2823928e-13	   2.2398167e+02	
  -2.3689474e-03	  -1.6156974e-04	  -5.7191003e-04	  -6.7068209e-07	  -2.8038559e-12	   2.2407527e+02	
  -1.5054200e-03	   1.3762801e-05	   2.7876962e-04	   1.1370146e-05	  -7.7504960e-13	   2.2397734e+02	
  -3.1571759e-03	  -3.7987899e-05	   1.3506927e-03	   2.9465909e-05	   1.8996314e-14	   2.2371814e+02	
  -2.6230032e-03	   1.0416507e-04	   3.3170469e-04	  -5.4368934e-07	  -5.6229089e-13	   2.2399353e+02	
  -1.8640756e-03	  -4.1012129e-05	  -2.6168058e-04	   6.2983422e-06	  -3.7992628e-13	   2.2371703e+02	
  -1.2146289e-03	   6.2761566e-05	   1.7653078e-03	  -7.1893843e-05	  -1.3031472e-12	   2.2399795e+02	
   2.4858708e-04	   5.3529176e-06	  -4.4518337e-04	  -1.3132394e-05	  -4.4071448e-13	   2.2370073e+02	
   8.6023452e-04	   6.1404695e-06	   1.6337431e-03	  -1.4944296e-06	  -5.8508647e-13	   2.2395932e+02	
  -4.2693169e-04	   1.0116524e-06	   2.6424404e-03	   4.5872133e-05	   6.0788204e-14	   2.2360916e+02	
  -7.5566438e-05	  -1.9204745e-05	  -1.5040432e-03	   2.3572756e-05	  -9.4981569e-13	   2.2399053e+02	
  -1.2757452e-03	  -1.3694581e-05	   2.4276692e-03	   4.6093129e-05	   1.1777715e-13	   2.2359499e+02	
   7.3243196e-04	  -6.9938759e-06	  -2.6152269e-03	  -4.5284196e-05	  -1.0865891e-12	   2.2397783e+02	
   1.4713566e-03	   2.6857340e-05	   3.3206778e-03	   3.7293011e-05	   6.0788204e-14	   2.2371446e+02	
  -1.4414730e-03	   2.0538698e-05	  -9.5909983e-04	   2.7767799e-05	  -9.2702011e-13	   2.2398836e+02	
   1.6242565e-03	   4.3926062e-05	  -1.9261318e-04	  -1.9994288e-05	  -5.3949531e-13	   2.2377116e+02	
   3.7617216e-04	   6.0080507e-06	   1.4489133e-03	   1.5739138e-05	  -8.5863338e-13	   2.2397190e+02	
  -5.5455347e-04	  -2.3474466e-05	  -1.1246228e-03	  -3.1796237e-05	  -5.9648425e-13	   2.2375848e+02	
  -1.2976671e-03	   1.9976323e-05	   8.0388255e-04	   5.5577171e-06	  -8.2823928e-13	   2.2398171e+02	
   2.0088059e-03	   4.2019943e-05	  -3.2277532e-05	  -1.3561008e-05	  -3.8752480e-13	   2.2373292e+02	
  -4.1130660e-04	   2.7726615e-05	   1.2033828e-03	  -1.3389085e-05	  -1.0485965e-12	   2.2399805e+02	
   8.0311904e-04	   3.2920754e-05	   1.5863699e-03	   4.3630552e-05	  -4.3691522e-13	   2.2375873e+02	
  -1.4194290e-03	   1.6949843e-05	   4.0699479e-05	   1.4956134e-05	  -8.8142896e-13	   2.2398592e+02	
   5.3169920e-04	   1.3403300e-05	  -5.0181940e-04	  -1.9474539e-05	  -4.6351006e-13	   2.2371192e+02	
  -8.5291979e-04	  -4.3080574e-05	   5.3716179e-04	   4.7760983e-05	   1.1055855e-12	   2.2366613e+02	
  -5.3699297e-04	   9.4729118e-06	  -4.2780368e-03	   2.1428720e-04	   1.4095265e-12	   2.2362374e+02	
  -5.5377667e-04	  -1.5733740e-05	  -1.4432180e-03	   2.9077091e-06	  -5.7368868e-13	   2.2395967e+02	
  -1.6792246e-03	  -4.2908567e-05	  -2.1081712e-04	   7.0043811e-06	  -4.7110858e-13	   2.2374000e+02	
   4.3195909e-04	   1.9841978e-05	   3.1545170e-03	   1.0073966e-05	  -8.0924297e-13	   2.2394971e+02	
  -4.8787696e-05	   1.3478337e-05	   2.5438564e-03	  -1.3857117e-04	  -2.9102353e-12	   2.2402815e+02	
  -1.5003861e-03	   9.2804154e-06	  -5.0492813e-05	   1.3484983e-05	  -7.4845476e-13	   2.2397627e+02	
   1.7696612e-03	   4.3992855e-05	  -9.7110264e-04	  -3.7814676e-05	  -3.9132406e-13	   2.2377366e+02	
  -1.8314149e-04	   2.7694597e-05	   1.7952618e-03	   1.2773150e-04	  -6.3447688e-13	   2.2397126e+02	
  -1.7481743e-03	  -3.6521637e-05	  -1.8356152e-03	  -2.3546847e-05	  -1.0258009e-13	   2.2366714e+02	
   7.6447653e-04	   1.0334853e-05	   1.2571092e-03	  -7.1547968e-06	  -6.2687836e-13	   2.2396406e+02	
  -2.4470302e-03	  -4.5218865e-05	  -8.7131292e-04	  -4.9273224e-06	   6.4587467e-14	   2.2360828e+02	
   3.4981898e-04	  -1.7202854e-05	  -3.0753676e-03	  -7.4212123e-06	  -1.0485965e-12	   2.2396355e+02	
   1.6854720e-04	  -5.6871475e-06	  -7.9225749e-06	  -5.2816033e-06	  -8.6243265e-13	   2.2408335e+02	
  -1.3230180e-03	   6.4905500e-05	  -1.1164891e-03	   8.4637508e-05	  -1.0144032e-12	   2.2403222e+02	
  -2.3487636e-03	  -2.9569981e-05	   1.7182669e-03	   3.6185702e-05	  -5.3189679e-14	   2.2368480e+02	
   3.1573786e-03	   9.1790345e-05	  -8.6656861e-04	  -5.8731097e-05	  -3.4193365e-13	   2.2393194e+02	
  -1.6913558e-03	  -4.7125279e-05	   7.7308357e-04	   3.3489665e-05	  -4.1411964e-13	   2.2376826e+02	
   1.4362122e-03	  -5.1006740e-06	   8.1871994e-04	  -1.5549162e-05	  -7.4085624e-13	   2.2397595e+02	
  -2.6353834e-03	  -4.4841225e-05	  -1.7546193e-05	   1.1005774e-05	   6.4587467e-14	   2.2360986e+02	
   5.2006810e-04	  -1.8892368e-05	  -1.4489390e-03	  -8.2377840e-06	  -6.0788204e-13	   2.2396376e+02	
   8.4856036e-04	   7.2912805e-06	  -2.2084602e-03	  -3.7363101e-05	  -7.2185992e-14	   2.2363891e+02	
   2.2619443e-03	  -6.1214603e-05	  -3.1851627e-03	   5.3706288e-05	  -6.2687836e-13	   2.2391967e+02	
  -3.4854375e-03	  -9.9021258e-05	  -1.5743279e-03	  -2.9014387e-05	   6.0408278e-13	   2.2369971e+02	
  -1.8494175e-04	  -1.1149994e-05	  -1.8107855e-03	   3.7299553e-05	  -9.3461864e-13	   2.2398893e+02	
   2.8693881e-04	  -5.0085784e-07	  -2.2608260e-04	  -2.8255796e-05	  -7.5985255e-13	   2.2381542e+02	
   2.5390616e-04	  -1.8844132e-05	  -1.5182849e-03	  -8.0067305e-06	  -5.5849163e-13	   2.2395858e+02	
  -1.7556283e-03	  -3.6694943e-05	  -1.8170330e-03	  -2.3173967e-05	  -1.1397788e-13	   2.2367092e+02	
  -3.8877712e-05	  -4.3543631e-06	   2.5989212e-04	   5.2407559e-06	  -5.7368868e-13	   2.2395515e+02	
  -2.1256132e-03	   1.7733666e-04	  -3.3621285e-03	   3.1699272e-04	   1.5235043e-12	   2.2364732e+02	
   1.4441903e-03	  -4.8907999e-06	   5.5898096e-04	  -1.5771677e-05	  -7.4085624e-13	   2.2397570e+02	
  -1.1739826e-03	  -2.5735603e-05	  -2.0139408e-03	  -2.8952014e-05	  -6.0788204e-14	   2.2363511e+02	
   2.9408332e-04	   8.3167375e-05	   1.0382113e-03	   7.6501372e-05	  -8.3203854e-13	   2.2401040e+02	
   2.2692141e-03	   3.8966041e-05	  -1.2495764e-04	  -1.3629484e-05	  -2.4695208e-13	   2.2369814e+02	
   2.0160377e-03	   8.2248836e-05	  -6.1422172e-05	  -1.4482490e-05	   6.9906435e-13	   2.2374945e+02	
   3.1615760e-03	   4.5051853e-05	   2.8642951e-03	   2.4052890e-05	   8.6623191e-13	   2.2366789e+02	
  -1.3781424e-03	   1.6815365e-05	  -2.3569824e-04	   1.8325434e-05	  -9.3081938e-13	   2.2399018e+02	
  -2.8176491e-03	  -4.4454588e-05	   3.6263205e-04	   1.8375207e-05	  -8.3583781e-14	   2.2369552e+02	
   5.0341426e-04	   1.5154082e-05	  -2.4805801e-04	  -8.0101047e-06	  -6.9906435e-13	   2.2397065e+02	
   1.2763043e-03	   2.0575898e-04	   3.1601604e-04	   3.2763226e-05	  -3.9360362e-12	   2.2412641e+02	
   1.4370385e-03	  -7.5091606e-06	  -3.1251732e-04	  -1.6213224e-05	  -6.6487098e-13	   2.2396973e+02	
   3.0461870e-03	   3.9531405e-05	  -6.2181738e-04	  -1.9264975e-05	  -2.6594839e-14	   2.2368990e+02	
   1.7440243e-04	  -1.9455018e-05	  -1.5021447e-03	  -8.1185747e-06	  -5.3949531e-13	   2.2395701e+02	
  -1.0208108e-03	   8.1264385e-06	  -1.7841862e-03	   2.7304018e-05	  -2.5037142e-12	   2.2410392e+02	
  -1.1735913e-03	   3.5018744e-05	   1.1815530e-03	  -1.4717234e-05	  -1.0258009e-12	   2.2399490e+02	
  -1.3481265e-03	  -2.6187116e-05	   1.1673168e-03	   3.8208887e-05	  -4.4451374e-13	   2.2373908e+02	
  -1.8874641e-04	  -1.9650985e-05	  -1.4920653e-03	  -5.6998272e-06	  -4.9390416e-13	   2.2395171e+02	
   1.4993158e-03	   4.4612130e-05	   6.9761827e-04	   1.3502771e-05	  -2.6974766e-13	   2.2368378e+02	
   1.0543932e-03	  -1.9252499e-05	  -1.0158227e-03	  -1.1467544e-05	  -7.2185992e-13	   2.2397496e+02	
   1.4611450e-04	   6.4021296e-05	  -1.3540421e-04	  -6.5546538e-05	  -3.8790472e-12	   2.2420971e+02	
  -1.7140330e-03	  -2.3745770e-05	  -6.6167288e-04	  -3.6620443e-06	  -3.5333144e-13	   2.2392593e+02	
  -1.0648693e-03	  -2.5943824e-05	   8.8287130e-04	   3.3953572e-05	  -5.5089310e-13	   2.2375174e+02	
  -1.0816072e-03	   6.2514555e-05	   2.1999129e-03	  -9.0790836e-05	  -6.3447688e-13	   2.2400566e+02	
   1.0540259e-03	   3.1249510e-05	   1.7405902e-03	   3.2820799e-05	  -3.5713070e-13	   2.2372225e+02	
   1.2832400e-03	  -1.5981879e-05	  -7.9548612e-04	  -1.2599390e-05	  -7.1426140e-13	   2.2397503e+02	
   1.6559851e-03	  -3.0995551e-05	   6.3444569e-04	  -2.0887916e-05	  -2.4847178e-12	   2.2411257e+02	
   1.3260982e-03	   8.8597878e-06	   1.1840468e-03	   3.6744426e-06	  -7.3325771e-13	   2.2396345e+02	
  -1.4564718e-03	  -8.6415406e-06	   3.5495215e-03	   4.7021836e-05	   1.3297420e-13	   2.2370624e+02	
  -1.6580189e-03	   7.1056805e-05	   1.3588351e-03	  -4.6028265e-05	  -1.1891692e-12	   2.2399570e+02	
   1.3772513e-03	   2.6051779e-05	   3.2086926e-03	   3.7320987e-05	   8.3583781e-14	   2.2367961e+02	
  -1.0191660e-03	   8.2128281e-05	   1.6364006e-03	  -8.6509627e-05	  -9.5361495e-13	   2.2403190e+02	
  -1.5906714e-03	  -1.9424022e-05	   2.4930601e-03	   4.8016325e-05	   2.1655798e-13	   2.2357386e+02	
  -6.9438254e-04	  -7.4852668e-06	   1.4472081e-03	   2.8107459e-05	  -3.2673660e-13	   2.2392269e+02	
  -1.2170000e-03	  -1.0290956e-05	   2.6436325e-03	   4.5637334e-05	   5.3189679e-14	   2.2363082e+02	
   5.5728460e-04	   1.2234944e-05	   1.3489317e-03	  -6.4464386e-06	  -6.4207541e-13	   2.2396539e+02	
   9.0675036e-04	   2.7514230e-05	  -2.4135359e-04	  -1.3423786e-05	  -4.4071448e-13	   2.2371339e+02	
   1.1426632e-03	  -9.3784550e-06	   6.2611677e-04	  -2.5442960e-05	  -9.6881200e-13	   2.2399427e+02	
  -2.7228690e-03	  -4.5976827e-05	   1.8894575e-04	   1.4532966e-05	   1.0637936e-13	   2.2360135e+02	
   1.3189322e-03	  -1.2015455e-05	  -6.6999071e-04	  -1.5597878e-05	  -6.7246951e-13	   2.2397010e+02	
   4.2817359e-03	  -8.1915617e-06	  -1.0155617e-03	  -1.3379870e-05	   1.0371987e-12	   2.2364624e+02	
  -1.3697228e-03	   6.8069566e-05	   1.3947231e-03	  -5.0318530e-05	  -1.4551177e-12	   2.2400464e+02	
   1.3281741e-03	   3.8115271e-05	   1.4371848e-03	   2.5694829e-05	  -3.9132406e-13	   2.2373084e+02	
  -2.2551112e-03	   5.4213273e-05	   3.1540876e-03	  -4.1975480e-05	  -5.6229089e-13	   2.2391971e+02	
  -2.1722571e-04	  -2.7166378e-05	  -3.9814718e-04	  -1.1955466e-05	  -7.5605329e-13	   2.2380585e+02	
   4.8351044e-04	  -2.2317796e-05	  -1.4227829e-03	  -2.2580711e-08	  -7.3325771e-13	   2.2397817e+02	
   1.4552915e-03	   3.3324431e-05	   1.8049762e-03	   2.6106627e-05	  -2.2035724e-13	   2.2368863e+02	
  -8.9023759e-04	  -5.2044489e-05	  -1.0844483e-06	   8.0580186e-05	  -9.3461864e-13	   2.2402568e+02	
  -1.4944368e-03	   3.2784453e-05	   1.0678898e-03	  -1.6590210e-05	  -2.5037142e-12	   2.2411355e+02	
   1.5347916e-03	  -2.3953508e-05	  -6.2360070e-05	  -1.5914972e-05	  -9.3081938e-13	   2.2399024e+02	
  -2.3681755e-03	   1.8572908e-04	   3.3231397e-03	  -2.2677190e-04	   1.4589169e-12	   2.2363963e+02	
   1.9627750e-03	  -7.8249796e-05	  -4.1601494e-04	   2.9280326e-06	  -1.3221434e-12	   2.2400611e+02	
  -1.8456107e-03	  -1.2525200e-04	  -1.8973867e-04	   3.6206012e-05	  -6.5347319e-13	   2.2397484e+02	
  -2.3673147e-03	  -3.4811892e-05	   1.7263668e-03	   3.8465772e-05	   2.3175503e-13	   2.2356873e+02	
   9.0087610e-04	  -2.5825660e-06	   8.4603168e-04	  -2.7986593e-05	  -9.9920615e-13	   2.2399777e+02	
   4.3410706e-04	   1.1959585e-05	  -5.4580093e-04	  -5.2756048e-05	   1.1511767e-12	   2.2365014e+02	
  -2.8132562e-03	  -4.5043635e-05	   5.2235372e-04	   2.0109575e-05	   1.2157641e-13	   2.2360386e+02	
  -1.1644765e-03	  -7.4689341e-06	  -8.6780869e-04	   1.1144724e-05	  -6.1168130e-13	   2.2396592e+02	
   2.9445823e-03	   3.7318252e-05	  -9.0623163e-04	  -2.1779111e-05	   4.5591153e-14	   2.2365106e+02	
  -1.8969102e-03	   8.2302715e-05	   8.8677272e-04	  -2.8011786e-05	  -1.2499574e-12	   2.2400081e+02	
   1.0640602e-03	   3.1004045e-05	   1.7851743e-03	   3.3310496e-05	  -3.3433512e-13	   2.2371887e+02	
  -3.5280709e-03	  -9.4434247e-05	  -1.4445032e-03	  -5.5543435e-06	  -1.6336830e-13	   2.2391218e+02	
   5.8544478e-04	   3.1557960e-05	   3.3989358e-04	   5.8500402e-06	  -5.5089310e-13	   2.2374188e+02	
   6.3553760e-04	   7.0090693e-06	   9.6602903e-04	  -2.7209914e-05	  -9.9160753e-13	   2.2399869e+02	
  -1.1830698e-03	  -3.7027683e-05	  -6.5298025e-04	  -1.1982420e-05	  -4.9390416e-13	   2.2373034e+02	
  -1.1927570e-03	   1.9626592e-05	   6.6277347e-04	   8.8224340e-06	  -8.5103486e-13	   2.2398595e+02	
   1.5689926e-03	   3.4629898e-05	   1.8063215e-03	   2.5576009e-05	  -1.8236461e-13	   2.2368055e+02	
  -2.1364633e-04	  -1.2134187e-05	  -1.4036831e-03	  -3.7548671e-05	  -1.3297420e-13	   2.2389695e+02	
   2.0411090e-04	   5.7302429e-06	  -7.1947843e-04	  -2.4145700e-05	  -4.7870711e-13	   2.2371646e+02	
  -2.5657866e-04	   1.8543553e-05	   1.4056190e-03	  -5.0413248e-06	  -7.7504960e-13	   2.2397909e+02	
   4.1200491e-03	   3.5791385e-05	   2.8102457e-04	  -7.5007094e-06	   2.2415650e-13	   2.2367849e+02	
   1.0878296e-05	   1.7577915e-05	   1.3992228e-03	  -1.0273025e-05	  -8.0924297e-13	   2.2398175e+02	
  -2.8539602e-03	  -2.8254832e-05	   2.3153010e-03	   3.7567428e-05	   1.3677346e-13	   2.2367740e+02	
  -9.3078022e-04	   8.0936166e-05	   1.4497795e-03	  -7.2103238e-05	  -1.0675928e-12	   2.2403537e+02	
  -9.0905088e-05	  -7.2520650e-06	  -1.2496999e-03	  -3.6848975e-05	  -5.0910121e-13	   2.2373401e+02	
   1.4194289e-03	  -1.0456267e-05	  -3.4398591e-04	  -1.5622553e-05	  -7.0666287e-13	   2.2397470e+02	
  -6.9935468e-04	  -3.8816782e-06	   2.1784683e-03	   4.2394658e-05	  -2.0136093e-13	   2.2368061e+02	
   3.0728844e-05	   1.5850397e-05	   1.4350352e-03	  -1.6607774e-05	  -8.8522822e-13	   2.2399020e+02	
  -2.8504453e-03	   7.3450901e-05	  -3.4515614e-03	   1.1492334e-04	   1.2575560e-12	   2.2363491e+02	
  -1.1259062e-03	   1.1820991e-05	   1.4384938e-03	   9.9746779e-08	  -6.4587467e-13	   2.2397010e+02	
  -1.1801813e-04	  -1.9401685e-06	   4.5747459e-04	   1.2172516e-05	  -4.1032038e-13	   2.2369713e+02	
  -1.3692547e-03	   3.6699086e-06	  -5.9613344e-04	   1.4498376e-05	  -7.2945845e-13	   2.2397752e+02	
  -8.0161122e-04	  -2.7524459e-05	  -1.4830684e-03	  -3.3348213e-05	  -4.2551743e-13	   2.2372783e+02	
   5.0524976e-05	   2.4065355e-05	   1.1041946e-03	  -1.8444855e-05	  -1.0144032e-12	   2.2400153e+02	
   2.5532879e-03	   4.3048785e-05	   3.6426291e-04	  -4.1846063e-06	  -9.4981569e-14	   2.2366417e+02	
   1.5813425e-04	  -2.0460510e-05	  -1.4493811e-03	  -7.0770059e-06	  -5.5089310e-13	   2.2396059e+02	
  -1.2779508e-03	  -1.9777297e-05	   1.5846151e-03	   4.1608426e-05	  -3.3053586e-13	   2.2371769e+02	
   2.0610240e-05	   1.8277742e-05	   1.3603212e-03	  -2.6635102e-05	  -1.0789906e-12	   2.2400095e+02	
   3.1268595e-03	   4.5356231e-05	   7.1572110e-04	   4.7401249e-07	   9.1182306e-14	   2.2364076e+02	
  -8.7012868e-05	  -8.0833409e-06	  -9.4471559e-04	  -3.4077879e-05	  -1.8616388e-13	   2.2391229e+02	
   9.6063917e-05	   3.7879217e-06	  -2.5039911e-04	  -3.1980947e-06	  -4.0652112e-13	   2.2369358e+02	
  -1.4771953e-03	  -2.4331959e-05	   4.4479705e-04	   1.0377594e-05	  -6.3067762e-13	   2.2395439e+02	
   1.8842213e-03	   2.0126135e-05	  -2.4404490e-03	  -3.9612551e-05	   9.8780832e-14	   2.2362981e+02	
  -2.3577740e-04	  -7.7811310e-05	  -9.3122185e-04	   1.3610416e-05	  -1.0182024e-12	   2.2403120e+02	
  -5.2380725e-05	   6.8671003e-06	   1.6386447e-03	   4.6102614e-05	  -4.8250637e-13	   2.2374304e+02	
  -2.2051589e-04	  -1.2417055e-05	  -1.4787569e-03	  -3.7291724e-05	  -1.1017862e-13	   2.2389644e+02	
   1.2313456e-03	   2.7396856e-05	   2.7510421e-03	   4.3075648e-05	   1.7476609e-13	   2.2359020e+02	
   5.3761712e-04	  -2.6764678e-05	  -1.6123329e-03	   2.3072034e-05	  -9.5361495e-13	   2.2399206e+02	
   1.4089071e-03	   4.0088314e-05	   2.1093197e-04	  -1.1891341e-06	  -3.9892259e-13	   2.2370615e+02	
  -9.4714647e-04	   2.2513843e-05	   9.1215923e-04	   4.6419902e-06	  -8.7383043e-13	   2.2398867e+02	
  -1.2055124e-03	  -3.8685172e-05	  -9.2379563e-04	  -1.8404992e-05	  -4.7870711e-13	   2.2373953e+02	
   1.0050416e-03	   5.5192606e-05	  -7.8921856e-05	  -2.4765030e-05	   1.2347603e-12	   2.2363628e+02	
   6.0445922e-04	   5.0728756e-06	  -2.7382318e-03	  -4.8806458e-05	   2.5834987e-13	   2.2355654e+02	
  -3.9946718e-04	  -1.9664471e-05	  -5.5248097e-04	  -1.9008862e-05	  -4.0652112e-13	   2.2393805e+02	
  -2.9045732e-03	  -4.7997670e-05	   4.1151636e-05	   1.2211942e-05	   1.3297420e-13	   2.2360325e+02	
  -9.9765710e-04	  -1.2351421e-05	  -1.0221270e-03	   7.6762292e-06	  -5.5089310e-13	   2.2396085e+02	
  -2.6226075e-03	  -3.9307583e-05	  -2.7375014e-03	  -2.4289171e-05	   1.5197051e-13	   2.2368936e+02	
  -5.6923812e-04	  -1.9729780e-05	  -1.3182591e-03	  -3.1637267e-06	  -4.2931669e-13	   2.2394566e+02	
  -1.0248687e-03	  -2.0299547e-05	   1.7421268e-03	   5.2162409e-05	  -3.2673660e-13	   2.2374425e+02	
   8.3810622e-04	   2.6333127e-06	   1.2397510e-03	  -1.7689298e-05	  -7.9404592e-13	   2.2398320e+02	
   4.1324350e-04	   1.4335355e-05	   3.0750324e-03	   5.0559309e-05	   2.4695208e-13	   2.2357229e+02	
  -1.0955497e-03	   2.0719622e-05	   8.4458895e-04	   4.8147708e-06	  -8.4723560e-13	   2.2398793e+02	
  -2.3621988e-03	  -4.6886206e-05	  -1.5943126e-03	  -2.0238076e-05	   2.3175503e-13	   2.2356687e+02	
  -7.1022307e-04	   1.3588772e-06	  -1.6721157e-03	   3.5696161e-05	  -9.0422454e-13	   2.2398940e+02	
   1.2823305e-03	   1.4943005e-05	  -2.1246177e-03	  -3.8865037e-05	  -4.9390416e-14	   2.2364080e+02	
   1.1677394e-03	   3.5218958e-06	   6.7715503e-04	  -1.4453934e-05	  -6.5727246e-13	   2.2397145e+02	
  -3.4551734e-04	  -1.8050301e-05	  -2.0694969e-03	  -5.1355524e-05	  -3.0774028e-13	   2.2374734e+02	
   3.6999455e-04	   9.1191302e-06	   1.7597264e-03	   2.4625371e-05	  -3.3813439e-13	   2.2392415e+02	
   3.2822039e-03	   3.8715137e-05	   2.1512723e-03	   1.4351323e-05	   2.3935355e-13	   2.2364507e+02	
  -5.5200634e-04	   2.8005332e-05	   1.0140334e-03	  -2.6211089e-06	  -9.6881200e-13	   2.2399817e+02	
  -1.5527586e-03	  -3.3742527e-05	  -2.0717930e-03	  -3.1634827e-05	   7.9784518e-14	   2.2360493e+02	
   2.3015496e-04	  -1.0878936e-05	  -1.3928945e-03	  -9.2259925e-05	  -1.2385597e-12	   2.2401801e+02	
   3.9299315e-04	   1.2629924e-05	   4.0228947e-03	   3.6895886e-05	   2.7354692e-13	   2.2364656e+02	
  -5.1463095e-04	  -1.8832429e-05	  -1.3179753e-03	   1.5945470e-06	  -5.2049900e-13	   2.2395766e+02	
  -1.4483750e-03	  -3.7467169e-05	  -1.3089560e-03	  -2.1184758e-05	  -3.0774028e-13	   2.2370274e+02	
   6.6846172e-04	  -2.1641665e-05	  -1.2202150e-03	  -9.1407348e-06	  -6.7626877e-13	   2.2397419e+02	
   1.5546833e-03	   3.4640623e-05	  -8.7339245e-04	  -3.3652778e-05	  -4.4831301e-13	   2.2375006e+02	
  -1.0863711e-03	  -3.6828820e-05	  -3.4204487e-04	  -9.0975293e-06	  -3.1153955e-13	   2.2392163e+02	
  -8.2271700e-04	  -2.8072291e-05	  -1.2160403e-03	  -2.9686915e-05	  -4.5211227e-13	   2.2372779e+02	
   1.6767542e-03	  -1.1742968e-06	   2.9058706e-04	  -1.1076005e-05	  -6.0788204e-13	   2.2396537e+02	
  -1.0092278e-03	  -2.1720462e-05	   1.1573461e-03	   3.8319111e-05	  -4.7110858e-13	   2.2373446e+02	
  -6.7466465e-04	  -1.2617305e-05	  -1.2243757e-03	   1.1330254e-05	  -6.6867025e-13	   2.2397476e+02	
  -1.2946422e-03	   5.4687281e-06	   4.1884198e-03	   2.6008078e-05	   8.9662601e-13	   2.2366339e+02	
   1.0578016e-03	  -5.0628955e-05	  -1.3536146e-03	   3.3798886e-05	  -1.4931102e-12	   2.2401457e+02	
   2.9420509e-04	   1.9402270e-05	   5.5895552e-04	   2.4866227e-05	  -5.7368868e-13	   2.2374599e+02	
   5.9152494e-04	  -2.2309045e-05	   2.6975896e-05	  -4.3534823e-05	  -1.8540402e-12	   2.2404523e+02	
   1.4373714e-03	   3.6814766e-05	  -4.6976220e-04	  -2.2206172e-05	  -4.6730932e-13	   2.2373531e+02	
  -4.0474517e-04	   1.4498502e-06	  -1.7970694e-03	   6.8551086e-05	  -1.4285228e-12	   2.2401136e+02	
  -2.9081087e-03	  -4.2969645e-05	   1.0598600e-03	   2.8011613e-05	   1.5197051e-13	   2.2360967e+02	
  -1.9691308e-04	  -1.6220880e-05	  -1.5196769e-03	   1.1100458e-05	  -7.4085624e-13	   2.2397981e+02	
  -2.2209580e-03	  -3.1880151e-05	   1.9498746e-03	   4.1584273e-05	   2.5075134e-13	   2.2356448e+02	
   6.0163757e-04	   1.1757936e-05	   1.2280889e-03	  -7.9542863e-06	  -6.4207541e-13	   2.2396911e+02	
   1.2315531e-04	   5.3524747e-06	  -3.7927274e-04	  -9.5435664e-06	  -4.4071448e-13	   2.2370329e+02	
   1.2900640e-03	  -2.7338236e-06	   2.6811376e-04	  -1.7240951e-05	  -6.8766656e-13	   2.2397586e+02	
  -1.1992448e-03	  -3.6509471e-05	  -6.6819132e-04	  -1.2718614e-05	  -4.3311595e-13	   2.2371562e+02	
  -4.0003264e-04	  -1.7686411e-05	  -1.2990987e-03	   8.7487886e-06	  -6.6487098e-13	   2.2397572e+02	
  -1.4300397e-03	  -1.2015111e-05	   3.0726736e-03	   4.8474263e-05	   2.3555429e-13	   2.2359744e+02	
  -2.0799482e-03	   2.8445394e-05	   5.0991067e-07	   5.0303572e-06	  -8.5103486e-13	   2.2398038e+02	
  -3.0771230e-03	  -9.7084849e-05	  -2.0288454e-03	  -4.7505193e-05	   5.8128720e-13	   2.2370133e+02	
   2.2209606e-03	  -4.9218488e-05	  -1.7373770e-03	   2.1453941e-05	  -3.2293733e-13	   2.2396310e+02	
   4.4819315e-03	   1.2563495e-05	  -5.5304174e-04	  -1.1413404e-05	   3.6472923e-13	   2.2366282e+02	
  -1.6230920e-04	   1.2675538e-05	   1.7070575e-03	  -1.4127993e-05	  -7.6745108e-13	   2.2398251e+02	
   5.9269378e-04	  -9.7515383e-08	  -3.2999555e-03	  -4.6012447e-05	   1.6716756e-13	   2.2362401e+02	
   1.8702302e-03	  -7.1779730e-05	  -5.4979731e-04	   6.3977076e-06	  -1.3335413e-12	   2.2400979e+02	
   3.4086155e-03	   5.1368897e-05	   1.2270357e-04	  -7.7733796e-06	   3.7992628e-14	   2.2371439e+02	
   6.5616672e-05	  -2.7004077e-05	  -1.2397753e-03	   6.0342236e-06	  -7.9784518e-13	   2.2398601e+02	
   3.0926873e-04	  -1.3277016e-06	  -3.0171166e-03	  -4.6448382e-05	   3.8372554e-13	   2.2352924e+02	
  -8.3236945e-04	   2.4240918e-05	   8.6864747e-04	   4.7893646e-06	  -9.0042527e-13	   2.2399329e+02	
  -1.2163153e-04	  -1.6604070e-05	  -3.1969900e-03	  -1.1053046e-04	   2.3935355e-13	   2.2375433e+02	
  -1.1325958e-03	   1.7361161e-06	  -5.3549193e-04	   1.9071792e-05	  -7.7884887e-13	   2.2398412e+02	
  -3.2369894e-04	  -1.5841172e-05	  -1.5326517e-03	  -4.0614792e-05	  -4.5591153e-13	   2.2373656e+02	
   6.3778842e-04	   1.0116489e-05	  -1.1331905e-05	  -2.8506555e-05	   2.4315282e-13	   2.2384558e+02	
   3.7524952e-04	   1.6701633e-05	   2.0798530e-03	   4.9213547e-05	  -2.6974766e-13	   2.2372102e+02	
   1.2686424e-03	  -1.6386548e-05	   1.4460263e-03	  -3.3408353e-05	  -8.8902749e-13	   2.2398670e+02	
  -3.5823549e-03	  -8.7994428e-05	   4.0915254e-04	   2.5835010e-05	   2.3175503e-13	   2.2374992e+02	
  -1.6722844e-04	  -4.7548709e-06	   7.7147081e-04	   3.0526527e-05	  -1.1397788e-13	   2.2389875e+02	
  -6.8484714e-04	  -1.8444569e-05	  -2.3659478e-03	  -3.8572162e-05	  -1.5197051e-14	   2.2363002e+02	
  -1.1424688e-03	   2.5187415e-05	   5.1385529e-04	   8.6520292e-06	  -9.8400910e-13	   2.2399791e+02	
  -2.5707353e-03	  -4.9473536e-05	  -1.2742387e-03	  -1.3389065e-05	   2.2035724e-13	   2.2357288e+02	
   3.8051783e-04	   1.2993208e-05	   1.1502074e-03	   3.5289591e-05	  -2.3555429e-13	   2.2390503e+02	
   1.0232595e-03	   1.8005885e-05	   3.8938432e-03	   3.4034112e-05	   2.9254323e-13	   2.2363466e+02	
  -1.6221761e-03	   2.5904461e-05	  -3.7099753e-04	   1.7488794e-05	  -9.3081938e-13	   2.2399183e+02	
   1.4744975e-03	   1.8185967e-05	  -2.0479175e-03	  -3.8361104e-05	  -4.9390416e-14	   2.2364448e+02	
  -6.5297691e-04	  -3.5668589e-05	  -7.3259468e-05	   4.9647762e-05	  -9.0042527e-13	   2.2400821e+02	
   3.2149078e-03	   4.8551708e-05	   1.3738053e-04	  -6.6917630e-06	   1.7476609e-13	   2.2360763e+02	
  -1.5894310e-03	   8.6910731e-05	  -6.9226266e-05	   3.0333642e-05	  -1.0599944e-12	   2.2403498e+02	
   1.8665596e-03	   3.9168215e-05	   1.6570421e-03	   2.2219554e-05	  -1.4817125e-13	   2.2367947e+02	
   7.0459197e-04	   3.5572361e-06	  -1.5256831e-03	  -3.3259694e-05	  -1.4057272e-13	   2.2390239e+02	
   7.0629256e-04	  -2.1271681e-06	  -4.1192911e-03	  -6.4398421e-05	   8.7762970e-13	   2.2365875e+02	
  -9.7061773e-04	   2.4480557e-06	  -6.4079888e-04	   2.4302426e-05	  -9.0042527e-13	   2.2399511e+02	
   2.0986042e-03	   3.8362133e-05	   2.4855911e-03	   3.3662159e-05	   2.5834987e-13	   2.2357863e+02	
  -7.2421332e-04	  -1.3487929e-05	  -1.4659841e-03	  -1.9798581e-05	  -6.6107172e-13	   2.2395838e+02	
  -2.6795108e-03	  -4.4582143e-05	   4.9071409e-04	   1.9598741e-05	   7.2185992e-14	   2.2361507e+02	
  -4.8507416e-04	  -1.2442811e-05	  -1.4258512e-03	   1.1874542e-05	  -7.0286361e-13	   2.2397813e+02	
   4.6548362e-03	  -2.6873903e-05	  -3.0443387e-04	  -1.2438210e-05	   9.0422454e-13	   2.2366930e+02	
   1.2282387e-03	  -1.1121706e-05	  -4.0339243e-04	  -1.7857847e-05	  -6.8006803e-13	   2.2397639e+02	
  -1.0931514e-03	  -1.1163408e-05	   2.7498870e-03	   5.1222632e-05	   1.8616388e-13	   2.2358478e+02	
  -8.2545576e-04	  -3.5076617e-05	  -1.2343752e-04	  -3.4719053e-06	   7.5985255e-15	   2.2388030e+02	
   1.2541883e-03	   2.3215418e-05	  -1.3845221e-03	  -4.1243741e-05	  -3.9892259e-13	   2.2373801e+02	
   2.2212841e-03	   1.1084828e-04	  -4.3463532e-04	  -6.2810086e-05	  -6.6107172e-13	   2.2397441e+02	
   9.8389106e-04	  -5.6382171e-05	  -4.2365698e-03	   1.7004169e-04	   1.3943295e-12	   2.2361141e+02	
   5.4175990e-04	   9.9248861e-06	   8.3863750e-04	  -2.9731793e-05	  -1.0296003e-12	   2.2400691e+02	
   2.9170694e-04	   4.6385670e-05	   3.4287839e-03	   2.7183062e-04	  -2.3593421e-12	   2.2435316e+02	
  -8.8066173e-04	   9.6930868e-06	   1.7917018e-03	  -8.5823942e-06	  -8.0544371e-13	   2.2397545e+02	
  -3.0671866e-03	  -2.8439268e-05	   2.2497273e-03	   3.4913517e-05	   2.6974766e-13	   2.2362611e+02	
   1.0824541e-03	  -1.0962448e-05	   2.6954014e-04	  -2.4605876e-05	  -9.1562233e-13	   2.2399684e+02	
  -9.5210528e-04	  -3.1160846e-05	   6.2573001e-04	   2.6459329e-05	  -2.7354692e-13	   2.2368260e+02	
  -8.6611365e-04	  -2.1517404e-06	  -7.0308045e-04	   2.5006215e-05	  -8.8142896e-13	   2.2399421e+02	
  -1.5561433e-03	  -3.1576303e-05	  -2.5515927e-03	  -3.6719157e-05	   3.4193365e-13	   2.2354020e+02	
  -5.7475714e-04	   2.3680408e-05	   1.0783346e-03	  -8.2566210e-09	  -8.5863338e-13	   2.2399085e+02	
   2.2562492e-03	   4.1273608e-05	   2.2763586e-03	   3.0649011e-05	   2.1655798e-13	   2.2359063e+02	
  -5.0355525e-04	  -3.7334972e-05	  -1.2752509e-03	  -5.8288319e-05	   1.2689538e-12	   2.2362168e+02	
  -2.1895452e-03	  -3.8448922e-05	  -2.4980007e-03	  -2.8337436e-05	   1.6336830e-13	   2.2362503e+02	
  -9.5338752e-04	  -1.1758008e-05	  -9.2976392e-04	   1.0082805e-05	  -5.6609015e-13	   2.2396478e+02	
   1.4071434e-03	   3.0052293e-05	   2.4267377e-03	   3.5945435e-05	   2.2795577e-14	   2.2363548e+02	
   1.5419148e-03	  -2.3929064e-05	  -1.3953969e-03	   8.5696686e-06	  -8.2823928e-13	   2.2398055e+02	
  -1.7270013e-04	  -7.4117882e-06	  -1.3208523e-04	  -3.9747631e-06	  -4.8630563e-13	   2.2372990e+02	
  -3.4388927e-04	   2.2660439e-05	   1.1919183e-03	  -4.0816569e-06	  -8.3583781e-13	   2.2398901e+02	
   3.9919558e-04	   1.0190009e-06	  -2.8683091e-03	  -4.8976868e-05	   2.9634250e-13	   2.2355031e+02	
   7.8674334e-04	   1.0750709e-05	   1.0348180e-03	  -9.6250835e-06	  -6.0788204e-13	   2.2396744e+02	
  -1.4291301e-03	  -1.6829761e-05	   2.5357213e-03	   4.8378791e-05	   1.5576977e-13	   2.2359366e+02	
   1.2411782e-03	  -4.1208772e-07	   8.8478423e-04	  -1.4063901e-05	  -6.9906435e-13	   2.2397670e+02	
   8.7790879e-04	  -1.9915890e-05	   1.2954347e-04	  -2.5782516e-05	  -4.0462148e-12	   2.2407484e+02	
  -1.0189165e-04	  -2.0906490e-05	  -1.3560538e-03	   7.7281420e-06	  -7.1806066e-13	   2.2398245e+02	
  -6.4689761e-04	  -1.1048161e-05	   1.4843929e-03	   4.1919382e-05	  -3.7992628e-13	   2.2370703e+02	
   7.9470488e-04	   3.7625235e-05	  -4.1895360e-04	  -4.3876382e-05	   1.3107456e-12	   2.2361650e+02	
  -2.3795943e-04	  -1.5473978e-05	  -4.1156009e-04	  -1.8854458e-05	  -5.8508647e-13	   2.2375047e+02	
   1.9340368e-03	  -3.0697968e-05	   2.0506548e-03	  -4.8681705e-05	  -3.5333144e-13	   2.2396838e+02	
  -3.1193072e-04	  -2.0909911e-05	  -3.7017108e-03	  -1.0128172e-04	   5.0910121e-13	   2.2371018e+02	
  -1.5332931e-03	  -3.9571009e-05	   2.5929939e-04	   1.1309424e-05	   0.0000000e+00	   2.2387885e+02	
   3.7153168e-03	  -8.1842096e-05	   2.4151923e-03	  -7.0301500e-05	   1.3183442e-12	   2.2360667e+02	
  -9.1000778e-04	  -6.1338695e-05	  -2.1701364e-04	   1.0422428e-05	   1.1739721e-12	   2.2365382e+02	
  -1.2998402e-03	  -1.0985446e-05	   3.3927422e-03	   5.3663701e-05	   1.2917493e-13	   2.2369503e+02	
   1.1089887e-03	  -1.4018501e-05	  -5.6377851e-04	  -1.8172561e-05	  -6.7626877e-13	   2.2397609e+02	
  -4.4975949e-04	  -1.8348676e-05	  -1.6193892e-03	  -3.9896117e-05	  -3.9892259e-13	   2.2372362e+02	
   9.6539291e-04	  -1.7750346e-05	  -8.0855310e-04	  -1.6240738e-05	  -6.6867025e-13	   2.2397560e+02	
   3.7589915e-03	  -1.4600282e-05	  -2.7440427e-03	  -1.6426782e-06	   4.6730932e-13	   2.2363133e+02	
   1.6838078e-03	   7.2880415e-05	   7.8516751e-04	   2.1361938e-05	   8.9282675e-13	   2.2371071e+02	
  -2.0678220e-04	   4.1152240e-06	   3.0078371e-03	   5.2147901e-05	   1.7476609e-13	   2.2359251e+02	
   8.6603748e-04	   9.1062708e-06	  -1.3984209e-03	  -3.4353718e-05	  -1.0258009e-13	   2.2389748e+02	
   4.1568237e-04	   1.6030442e-05	   1.5887012e-03	   3.9878130e-05	  -3.4953217e-13	   2.2369738e+02	
   3.5493413e-04	   1.5375684e-05	   1.2065689e-03	  -8.4281785e-06	  -6.7246951e-13	   2.2397457e+02	
  -1.6469398e-03	  -5.5613095e-05	   2.1509613e-03	   9.1014622e-05	   4.9390416e-14	   2.2378067e+02	
   1.3946995e-03	  -1.7000363e-05	   1.1868327e-03	  -2.8213548e-05	  -8.8522822e-13	   2.2398866e+02	
   4.4121127e-03	  -4.0977320e-05	   4.4266868e-05	  -1.4243735e-05	   1.2043662e-12	   2.2361151e+02	
  -5.4480079e-08	   2.1017253e-05	   1.1862586e-03	  -1.2288207e-05	  -8.6623191e-13	   2.2399347e+02	
   1.1357990e-03	   3.3345157e-05	   1.6475431e-03	   3.3508933e-05	  -3.3053586e-13	   2.2371724e+02	
   9.3382681e-04	   1.2338818e-05	  -1.3197180e-03	  -3.4834793e-05	  -7.9784518e-14	   2.2389396e+02	
   3.2957022e-03	   4.6982961e-05	  -2.3238274e-04	  -1.1732818e-05	   2.3935355e-13	   2.2358969e+02	
   2.1529705e-04	  -4.2594286e-05	  -5.8726259e-04	  -3.0665131e-05	  -6.6487098e-13	   2.2398660e+02	
   2.9931535e-03	  -1.4429670e-04	  -3.2035859e-03	   1.2947126e-04	   1.3829316e-12	   2.2362012e+02	
  -8.2205971e-04	   2.8859816e-05	   1.2461499e-03	  -1.4708390e-05	  -1.0409980e-12	   2.2399963e+02	
   1.5682724e-03	   1.6187366e-05	  -2.8288538e-03	  -4.2298627e-05	   3.9892259e-13	   2.2353611e+02	
  -5.1784547e-04	   2.4308372e-05	   1.0595180e-03	  -3.7690211e-07	  -8.5483412e-13	   2.2399188e+02	
  -3.8354845e-03	  -3.7202284e-05	  -1.6475941e-03	  -2.7597464e-06	   3.0014176e-13	   2.2366527e+02	
  -1.0917607e-03	   6.9617178e-06	  -5.8114063e-04	   2.2541542e-05	  -9.0042527e-13	   2.2399558e+02	
  -2.3470817e-03	   2.6223749e-06	   3.7802504e-03	   1.5897746e-05	   4.2171817e-13	   2.2363151e+02	
   5.5277350e-04	   2.0360628e-05	   1.0457082e-03	   3.7979433e-05	   4.1791890e-14	   2.2386813e+02	
   1.6682098e-03	   2.1821417e-05	  -2.4522720e-03	  -4.3839988e-05	   2.0136093e-13	   2.2358335e+02	
   7.5560326e-04	  -2.1536558e-05	  -9.5914960e-04	  -1.4341138e-05	  -6.5347319e-13	   2.2397464e+02	
   2.2647384e-03	   2.4401994e-05	   3.3805056e-03	   2.1020245e-05	   3.8752480e-13	   2.2359926e+02	
  -1.1468226e-03	  -8.2767853e-05	  -1.4266390e-05	   3.7079578e-05	  -1.0258009e-12	   2.2401525e+02	
   7.9687680e-04	   1.8728222e-05	   3.2174506e-03	   4.5385819e-05	   3.6092996e-13	   2.2354795e+02	
   8.5740355e-05	   1.8328533e-05	   3.3416056e-03	   1.5581411e-06	  -7.4465550e-13	   2.2394938e+02	
  -1.6557643e-03	  -3.5240595e-05	   9.6116394e-04	   3.2772672e-05	  -3.5333144e-13	   2.2372460e+02	
  -1.3516364e-04	  -2.3798101e-05	  -1.2691120e-03	   2.4685710e-07	  -5.7748794e-13	   2.2396601e+02	
   2.9523973e-03	   3.8284368e-05	  -1.4660404e-03	  -2.7391329e-05	   3.2673660e-13	   2.2356178e+02	
  -1.0515915e-03	   4.5761491e-06	  -3.3901006e-04	   2.0891373e-05	  -7.8644739e-13	   2.2398742e+02	
  -1.1955910e-03	  -1.6926601e-05	   9.3659214e-04	   2.0775767e-05	  -2.4125319e-12	   2.2409059e+02	
   9.0922142e-04	  -1.9393383e-05	  -8.1347913e-04	  -1.5844682e-05	  -6.7626877e-13	   2.2397740e+02	
  -8.0196630e-05	  -5.9759980e-06	  -5.1025335e-04	  -2.0115961e-06	  -2.8038559e-12	   2.2422306e+02	
  -9.4525938e-04	   2.1267267e-05	   5.3609807e-04	   1.2090142e-05	  -8.6243265e-13	   2.2399361e+02	
  -2.0363629e-03	  -3.4046436e-05	   1.1482665e-03	   3.1938982e-05	  -1.8996314e-13	   2.2369147e+02	
   2.1168100e-04	   4.6507195e-06	  -6.3128170e-04	  -2.5246211e-05	  -2.7734618e-13	   2.2391987e+02	
   2.9557447e-03	   4.7467503e-05	   9.5329575e-04	   6.0586979e-06	   1.1777715e-13	   2.2362333e+02	
  -9.4368426e-04	  -9.4420569e-06	  -7.7842668e-04	   1.4578642e-05	  -6.1927983e-13	   2.2397071e+02	
   4.1037630e-03	   3.7096512e-06	   2.1024667e-03	  -8.7649971e-06	   4.5211227e-13	   2.2363799e+02	
   3.3094551e-03	  -4.0075735e-05	  -9.8528780e-04	  -9.8067705e-06	  -9.4221716e-13	   2.2395167e+02	
   3.3400186e-03	   3.9061065e-05	  -1.0336545e-03	  -2.0704260e-05	   3.0774028e-13	   2.2357986e+02	
   2.6453413e-03	  -7.1192357e-05	   7.4624456e-04	  -3.3756427e-05	  -4.5591153e-13	   2.2398400e+02	
  -1.1711720e-03	  -9.9429666e-06	   2.6516055e-03	   5.5285592e-05	  -1.8996314e-13	   2.2378583e+02	
   1.2227854e-03	  -2.6586550e-06	   5.3760428e-04	  -1.7023335e-05	  -7.2565919e-13	   2.2398169e+02	
  -8.0168096e-04	  -2.0778782e-05	  -2.4675233e-03	  -4.0236941e-05	   1.5197051e-14	   2.2362992e+02	
   1.4265968e-04	  -2.1299771e-05	  -5.3540770e-04	  -4.5935180e-05	   9.8780832e-13	   2.2369116e+02	
  -1.4946450e-03	   5.0483559e-05	  -9.8394163e-04	   5.1188959e-05	  -3.3851432e-12	   2.2400877e+02	
  -1.0475031e-04	  -6.0889114e-05	  -1.1175615e-03	   3.1557134e-05	  -1.1207826e-12	   2.2403594e+02	
   3.5507767e-03	  -2.9090032e-05	  -3.2249961e-03	   1.2713181e-05	   5.4329457e-13	   2.2362620e+02	
   1.2837664e-03	   3.1745614e-05	   8.4059812e-04	   1.6247756e-05	  -5.6988941e-14	   2.2388957e+02	
  -7.3846211e-04	  -2.3946936e-05	  -1.1754291e-04	   1.5552655e-07	  -4.2171817e-13	   2.2370765e+02	
  -1.0214461e-03	   1.6797650e-05	  -6.4648684e-04	   6.0575486e-05	  -1.1511767e-12	   2.2403680e+02	
   3.2197018e-03	   4.8272417e-05	  -8.9107647e-05	  -9.9263864e-06	   1.8236461e-13	   2.2360630e+02	
   5.9013205e-04	  -3.1145614e-05	  -9.6933954e-04	  -4.0446178e-06	  -8.9662601e-13	   2.2399725e+02	
   2.9835339e-03	   4.1770367e-05	  -1.2371472e-03	  -2.5883599e-05	   2.3555429e-13	   2.2358869e+02	
   8.7899978e-04	  -3.7850360e-06	   6.3678793e-04	  -2.8105176e-05	  -9.6501274e-13	   2.2400265e+02	
  -1.8292337e-03	   7.8587720e-05	   7.6682657e-04	  -1.8736091e-05	  -3.2597674e-12	   2.2403087e+02	
  -2.0768737e-04	  -1.3643111e-05	  -9.0782121e-04	  -3.4838329e-05	  -1.3297420e-13	   2.2390507e+02	
   2.6040317e-03	  -1.1497137e-04	   3.4984352e-03	  -1.8202049e-04	   1.3677346e-12	   2.2363278e+02	
  -1.7253920e-04	  -2.4628735e-05	  -1.1719660e-03	   7.5576611e-06	  -6.8766656e-13	   2.2398036e+02	
  -2.9196946e-03	  -1.5595044e-05	  -3.3292181e-03	  -2.3082316e-07	   4.4451374e-13	   2.2362319e+02	
   5.6332602e-04	  -2.8437222e-05	  -1.2151102e-03	   4.6045456e-06	  -9.0802380e-13	   2.2399607e+02	
   1.2332066e-03	   2.8163816e-05	   2.4378987e-03	   3.7832051e-05	  -4.9390416e-14	   2.2366251e+02	
   1.5199037e-03	  -9.3421206e-07	   3.4150131e-03	  -4.7452177e-05	  -6.3067762e-13	   2.2393496e+02	
  -3.3501585e-04	   2.3798588e-06	   2.6990764e-03	   4.7625006e-05	  -3.4193365e-14	   2.2365685e+02	
  -1.7453965e-03	   8.5751438e-05	   1.8395949e-03	  -6.9621831e-05	  -6.3067762e-13	   2.2400905e+02	
   4.6443741e-03	  -2.1611301e-05	  -6.4801585e-04	  -7.1549050e-06	   5.2809752e-13	   2.2361004e+02	
  -4.6631408e-04	  -2.0051004e-05	  -1.3909478e-03	  -4.3047509e-05	  -7.5985255e-15	   2.2387687e+02	
   1.2685178e-03	  -9.2660840e-07	  -3.9092703e-03	  -2.5532916e-05	   4.2171817e-13	   2.2359298e+02	
   7.0501509e-04	  -2.2509974e-06	   1.7812626e-03	  -2.9975942e-05	  -8.2064076e-13	   2.2398458e+02	
  -7.0407955e-04	  -3.5514596e-06	   2.7837305e-03	   4.8399539e-05	   5.6988941e-14	   2.2363039e+02	
  -1.8536424e-04	   1.3622174e-05	   1.6293148e-03	  -1.4264177e-05	  -7.9784518e-13	   2.2398703e+02	
   1.0278125e-03	  -6.8495914e-06	  -4.4395168e-03	  -2.5298765e-05	   6.0788204e-13	   2.2369190e+02	
  -1.3480286e-03	   5.1727945e-06	  -3.9525844e-04	   1.3809861e-05	  -7.2185992e-13	   2.2398177e+02	
  -9.4410454e-04	  -8.8744449e-06	   2.3854353e-03	   4.6740530e-05	  -1.0637936e-13	   2.2367572e+02	
  -7.6462043e-04	   2.3742230e-05	   7.4586466e-04	   8.2087370e-06	  -8.3963707e-13	   2.2399290e+02	
   1.6177427e-03	  -2.1664553e-05	  -4.5211295e-03	   3.0277035e-05	   5.5089310e-13	   2.2361787e+02	
   3.0466760e-04	   9.4567382e-06	   5.0410282e-04	   1.7918447e-05	  -9.4981569e-14	   2.2389384e+02	
   3.8823562e-04	  -1.1613079e-06	   1.7349325e-03	  -1.9586298e-05	  -2.3365466e-12	   2.2412523e+02	
   8.7870921e-04	   2.8707347e-05	  -1.1213847e-04	  -5.9131273e-06	  -5.5469236e-13	   2.2396073e+02	
   2.6438646e-03	   3.6544454e-05	  -1.6884859e-03	  -3.2523524e-05	   1.9756166e-13	   2.2359558e+02	
  -3.7639676e-03	   6.7585097e-05	  -5.2095838e-04	   2.9400507e-05	  -6.6867025e-13	   2.2392942e+02	
  -3.0241908e-04	  -8.6254189e-06	  -4.3324501e-04	  -1.2409874e-05	  -4.5591153e-13	   2.2371370e+02	
  -1.0350524e-03	  -3.1521682e-06	  -1.1474646e-03	   1.3200984e-05	  -6.8766656e-13	   2.2397799e+02	
   1.4665064e-03	   3.7722398e-05	   1.5921244e-03	   2.8341177e-05	  -2.6974766e-13	   2.2370963e+02	
   9.8565859e-05	   2.3953900e-05	   1.0034389e-03	  -1.3716292e-05	  -8.3583781e-13	   2.2399525e+02	
  -3.0317424e-03	  -3.8936152e-05	   1.2614346e-03	   2.8078841e-05	   4.0652112e-13	   2.2353597e+02	
  -2.5407789e-03	   7.5967436e-05	  -8.7836400e-04	   3.7142352e-05	  -4.9010490e-13	   2.2398963e+02	
  -1.2044804e-03	  -8.4595307e-06	  -1.5493445e-03	   1.1889888e-06	  -4.5211227e-13	   2.2395089e+02	
   2.5143235e-03	  -2.4433857e-05	  -4.0649135e-03	   2.0606441e-05	   5.4709384e-13	   2.2362074e+02	
   1.3888665e-04	   2.6457624e-05	   9.2003017e-04	  -1.6162674e-05	  -8.8142896e-13	   2.2399999e+02	
  -2.8348727e-03	   2.1340391e-04	   2.9424675e-03	  -1.9525665e-04	   1.4893110e-12	   2.2362301e+02	
  -9.1631872e-04	   2.1764499e-05	   3.6346342e-04	   1.5316950e-05	  -8.8522822e-13	   2.2399875e+02	
  -2.2767047e-03	  -2.2367898e-05	   2.4386292e-03	   3.8502487e-05	   4.7490785e-13	   2.2351607e+02	
  -8.6167553e-05	   1.1485393e-05	   1.6846818e-03	  -1.3878755e-05	  -7.7125034e-13	   2.2398531e+02	
   7.0898364e-04	   2.2450775e-05	   1.4994675e-03	   3.6365010e-05	  -2.7734618e-13	   2.2367936e+02	
  -7.8883772e-04	   4.3961051e-06	   1.7790966e-03	   5.7263531e-06	  -4.9010490e-13	   2.2395388e+02	
   3.8817743e-04	  -7.0607055e-07	  -2.5584279e-03	  -4.4579789e-05	  -5.6988941e-14	   2.2365930e+02	
  -9.8758500e-04	  -5.8512535e-05	  -2.6492883e-05	   1.9416226e-05	   1.2385597e-12	   2.2363986e+02	
  -2.4981574e-03	  -2.1707045e-05	   2.4496302e-03	   3.5722118e-05	   4.7110858e-13	   2.2352693e+02	
  -1.0684867e-03	   9.6715427e-06	   1.5294345e-05	   1.8132904e-05	  -7.4085624e-13	   2.2398545e+02	
   5.4675134e-04	   1.8459770e-05	   1.6211445e-03	   3.9151437e-05	  -2.8494471e-13	   2.2368382e+02	
  -1.3179685e-03	   9.6537866e-06	  -4.4953203e-05	   1.3533708e-05	  -7.5605329e-13	   2.2398607e+02	
  -7.9340165e-04	  -6.2728366e-05	   1.0401471e-03	   1.6063391e-04	  -3.6624893e-12	   2.2405065e+02	
  -1.0458650e-03	   9.6451664e-06	   4.3207756e-06	   1.9012901e-05	  -7.4465550e-13	   2.2398609e+02	
  -1.5746192e-03	  -2.2529759e-05	   2.4152536e-03	   5.0057260e-05	   7.5985255e-15	   2.2367347e+02	
   7.2384866e-04	   7.7181782e-06	   7.6729350e-04	  -1.9612542e-05	  -7.0666287e-13	   2.2398243e+02	
   3.8217853e-03	   3.4146513e-05	  -2.6722804e-04	  -1.1059681e-05	   3.7992628e-13	   2.2357881e+02	
   9.0351407e-05	  -1.8764666e-05	  -1.5207855e-03	   7.9256540e-06	  -7.4085624e-13	   2.2398372e+02	
  -2.5847278e-04	   7.2637638e-05	   6.0252018e-04	  -6.9025575e-06	  -3.5371137e-12	   2.2402686e+02	
   5.5745146e-04	  -2.5748707e-05	  -9.8691292e-04	  -1.2466599e-05	  -6.5347319e-13	   2.2397701e+02	
  -1.9842034e-03	  -3.8131796e-06	  -4.3369026e-03	   2.5225170e-05	   7.5225403e-13	   2.2368149e+02	
   1.1695530e-03	  -4.7414604e-06	   3.5307724e-04	  -1.8884344e-05	  -7.3705698e-13	   2.2398464e+02	
   4.6573021e-03	  -2.1320999e-05	   3.3824179e-04	  -1.1614453e-05	   5.5469236e-13	   2.2359687e+02	
  -6.3450967e-04	  -1.8029057e-05	  -9.7425848e-04	   1.1736571e-05	  -5.7368868e-13	   2.2396652e+02	
   4.4430448e-04	   1.0581436e-05	   4.1850166e-03	   1.4998753e-05	   4.9390416e-13	   2.2357525e+02	
   1.1237987e-03	  -1.4790662e-05	   7.1315362e-05	  -2.2322329e-05	  -8.7383043e-13	   2.2399666e+02	
   1.8977369e-04	   5.6185083e-06	   4.1862320e-03	  -2.5304125e-04	   1.4437198e-12	   2.2362174e+02	
   1.4403828e-03	   2.1674603e-05	   1.0002278e-04	  -1.8533272e-06	  -7.9404592e-13	   2.2397527e+02	
   1.4105271e-03	   2.1347712e-05	  -1.7826186e-03	  -4.1959306e-05	  -2.4315282e-13	   2.2371677e+02	
  -3.8976686e-04	  -2.4165093e-05	  -1.0814443e-03	   4.9133494e-06	  -4.9390416e-13	   2.2395856e+02	
   2.7431615e-03	   3.2811429e-05	   3.0143999e-03	   2.4222550e-05	   3.4573291e-13	   2.2363231e+02	
   8.0811302e-04	  -2.6617531e-05	  -1.3081422e-03	   5.6455020e-06	  -8.6243265e-13	   2.2399108e+02	
  -1.6013266e-03	   5.4165601e-05	   3.5554026e-03	  -7.1654879e-05	  -6.2687836e-13	   2.2392746e+02	
   3.7261115e-03	   4.4650947e-05	   1.1672054e-03	   8.1084772e-07	   1.1777715e-13	   2.2373568e+02	
   1.1451537e-03	  -7.3758814e-06	   1.4044640e-03	  -2.4220204e-05	  -8.0164444e-13	   2.2398558e+02	
   1.8782439e-03	  -8.6254298e-06	   4.4134422e-03	  -4.5476631e-05	   6.1548057e-13	   2.2359354e+02	
  -3.5034679e-03	   1.9716975e-05	   5.5519938e-04	   1.7645044e-05	  -6.7246951e-13	   2.2394429e+02	
  -1.3477611e-03	  -1.7908027e-05	  -3.7327171e-03	  -2.1552938e-05	   4.4451374e-13	   2.2357069e+02	
   1.8260023e-03	   1.0686637e-05	   5.1978506e-04	  -4.6235148e-06	  -4.1411964e-13	   2.2394509e+02	
  -3.4508396e-03	   1.4693096e-05	  -1.8410363e-03	   4.4755103e-05	  -2.1313864e-12	   2.2412054e+02	
   8.8249969e-04	  -1.9405385e-05	  -1.3187472e-03	  -3.2155278e-06	  -7.1046214e-13	   2.2398069e+02	
   2.7717816e-05	   6.2007167e-06	   1.8392006e-03	   4.4122283e-05	  -2.8874397e-13	   2.2369161e+02	
   1.7351018e-03	  -1.9438871e-05	   1.0965461e-04	  -1.3829631e-05	  -7.8264813e-13	   2.2398455e+02	
   1.5666829e-03	   2.3164886e-05	   3.3100410e-03	   3.1194511e-05	   4.4831301e-13	   2.2354323e+02	
   4.0805774e-04	   1.4329047e-05	   9.4955809e-04	  -2.1743656e-05	  -8.7003117e-13	   2.2399877e+02	
  -1.3485590e-04	   7.0809373e-07	   1.5562874e-03	   4.2050222e-05	  -2.9254323e-13	   2.2368341e+02	
   2.3791436e-03	   5.1587838e-05	   7.0055246e-04	  -7.4486063e-06	  -1.4893110e-12	   2.2399439e+02	
   2.4916563e-03	   4.1387677e-05	   2.2434245e-03	   2.6694018e-05	   1.9756166e-13	   2.2360984e+02	
  -1.6959764e-04	   2.9386941e-05	   9.3157373e-04	  -5.5006060e-06	  -8.4723560e-13	   2.2399770e+02	
  -5.4257983e-04	  -2.7772434e-05	  -4.1002926e-04	  -1.0904827e-05	  -5.6988941e-13	   2.2375615e+02	
   5.6942011e-04	   1.2505425e-05	   7.8166708e-04	  -2.1985871e-05	  -7.4845476e-13	   2.2398832e+02	
   1.0335928e-03	   2.4753202e-05	   2.5946208e-03	   4.0872855e-05	  -4.1791890e-14	   2.2366873e+02	
  -3.2189412e-04	   2.0688367e-05	   1.4591110e-03	  -2.2981671e-05	  -1.0068046e-12	   2.2400020e+02	
  -7.2806184e-05	  -1.5926087e-05	  -1.5658208e-03	   1.1131410e-05	  -7.4845476e-13	   2.2398451e+02	
   4.2496909e-03	   2.5878476e-05	   1.6833608e-03	  -2.7483645e-06	   4.5591153e-13	   2.2370024e+02	
  -4.3731844e-04	  -6.3914739e-06	   1.4795210e-03	   3.5885437e-05	  -1.5956904e-13	   2.2390366e+02	
  -2.2513047e-03	  -4.1647163e-05	  -2.7411972e-03	  -3.4710094e-05	   1.8996314e-13	   2.2365632e+02	
   1.4222452e-03	  -1.6831982e-06	   8.1756681e-04	  -1.1999584e-05	  -6.8006803e-13	   2.2397709e+02	
   2.4289318e-04	  -4.0975118e-06	  -3.4171582e-03	  -3.7699491e-05	   4.9770342e-13	   2.2351618e+02	
   5.6154704e-04	   9.0651726e-06	   4.8677169e-04	  -3.4889636e-05	  -8.7003117e-13	   2.2400676e+02	
   1.2192714e-03	   3.4392716e-05	   2.2637676e-03	   5.2363073e-05	   1.5197051e-13	   2.2359789e+02	
   6.5745326e-04	   9.4012991e-06	   6.5947391e-04	  -2.3064808e-05	  -6.9146582e-13	   2.2398486e+02	
  -2.5519247e-03	  -3.5064393e-05	   1.5910726e-03	   3.4539051e-05	   8.7383043e-14	   2.2363358e+02	
   1.3004528e-03	  -2.4694742e-05	  -1.0844126e-03	  -6.2082495e-07	  -7.7884887e-13	   2.2398464e+02	
  -4.7992335e-04	  -8.4266597e-06	   1.4679651e-03	   4.0972241e-05	  -2.8494471e-13	   2.2368315e+02	
   1.5791135e-03	  -1.7509541e-05	  -9.6991889e-04	  -4.5192039e-06	  -6.5347319e-13	   2.2397439e+02	
  -3.4013863e-03	  -3.5934620e-05	   7.9376504e-04	   2.0053210e-05	   4.7870711e-13	   2.2352595e+02	
   1.4760734e-03	  -1.0388818e-04	  -9.2590720e-04	   2.6642865e-05	  -1.1169833e-12	   2.2404396e+02	
   1.1862291e-03	  -1.1362009e-06	   3.3389196e-04	  -5.8098042e-06	  -1.8274453e-12	   2.2413588e+02	
   1.2842348e-03	   5.9755002e-05	  -7.4434296e-04	  -6.8320111e-05	  -1.9376240e-12	   2.2402165e+02	
  -1.0163966e-03	  -8.1932679e-06	   2.7688422e-03	   4.7520803e-05	   3.4193365e-14	   2.2365022e+02	
  -4.9572983e-04	  -1.3403544e-05	  -1.1239599e-03	   2.3109354e-05	  -8.8902749e-13	   2.2399770e+02	
  -9.8747350e-04	  -1.8940518e-05	  -3.8869728e-03	  -3.5604568e-05	   3.4953217e-13	   2.2362847e+02	
   2.9901023e-04	   2.2528671e-05	   8.5556410e-04	  -1.8768606e-05	  -7.8264813e-13	   2.2399376e+02	
  -9.1162962e-04	  -1.0418219e-05	   2.8459512e-03	   5.7213157e-05	   1.1777715e-13	   2.2363341e+02	
  -3.8430161e-03	   7.2734656e-05	   6.8553716e-04	   7.9594797e-06	  -5.6988941e-13	   2.2393059e+02	
  -2.3073777e-03	  -4.2519514e-05	  -2.1463331e-03	  -2.7035040e-05	   2.6974766e-13	   2.2357577e+02	
  -3.8161376e-04	  -2.4796144e-05	  -1.0545148e-03	   4.7519644e-06	  -4.7870711e-13	   2.2395789e+02	
  -2.6044579e-04	  -7.5868364e-06	  -5.0140182e-03	   1.2462031e-04	   8.5483412e-13	   2.2369161e+02	
  -1.2571640e-03	  -2.4675030e-05	  -1.1304430e-03	  -1.5494690e-05	  -2.2795577e-13	   2.2391670e+02	
  -2.0244155e-04	  -1.4142867e-06	   4.5535303e-04	   1.4681737e-05	  -4.4831301e-13	   2.2371934e+02	
  -3.2651538e-04	  -3.3586930e-05	  -7.7069581e-04	   2.0326772e-05	  -8.1304223e-13	   2.2400425e+02	
   2.7117913e-03	   1.6075208e-05	   3.1081282e-03	   5.3298282e-06	   5.2429826e-13	   2.2355229e+02	
   7.8913706e-04	  -1.3735927e-07	   3.9118826e-04	  -2.7765644e-05	  -7.4085624e-13	   2.2399202e+02	
   3.4013377e-03	   1.6022601e-04	  -1.0739831e-03	  -7.5418775e-05	  -2.7316700e-12	   2.2416846e+02	
   1.4470065e-03	  -2.1245178e-05	  -3.8773708e-04	  -1.2132674e-05	  -8.3583781e-13	   2.2398956e+02	
   1.3211490e-03	   3.2602067e-05	   1.9787006e-03	   3.4712087e-05	  -1.8616388e-13	   2.2369628e+02	
  -1.1798751e-03	   8.4836699e-06	  -2.2084121e-04	   1.6376418e-05	  -7.9024665e-13	   2.2399093e+02	
  -1.5051353e-03	  -2.7742219e-05	  -2.8785337e-03	  -3.6225756e-05	   4.0652112e-13	   2.2353714e+02	
   1.5031141e-03	   4.6362067e-05	   5.7045497e-04	   1.3699736e-05	   1.8996314e-13	   2.2384527e+02	
  -1.9915895e-04	  -2.0691510e-06	   4.8351001e-04	   1.5189088e-05	  -4.5591153e-13	   2.2372120e+02	
  -1.9153550e-03	   2.3484172e-05	  -5.0980620e-04	   9.8472371e-06	  -1.0599944e-12	   2.2399006e+02	
   9.2215138e-04	  -1.6909359e-05	  -3.0940905e-04	  -2.2386799e-05	  -7.1046214e-13	   2.2398954e+02	
  -3.4186218e-03	  -4.6250694e-05	  -1.7684880e-03	  -1.1575645e-05	   3.3053586e-13	   2.2362358e+02	
   4.6139734e-04	   3.1865569e-05	   4.2128745e-04	  -2.2031045e-05	  -2.4315282e-13	   2.2393257e+02	
  -1.4086772e-03	   3.1561478e-06	   3.6748042e-03	   1.8587874e-05	   6.1168130e-13	   2.2351010e+02	
   9.7714346e-05	  -3.4711215e-05	  -9.6088432e-04	  -2.6464270e-06	  -6.4967393e-13	   2.2398691e+02	
  -3.0705906e-03	  -4.5876390e-05	  -1.3099321e-03	  -8.2109284e-06	   3.8372554e-13	   2.2354800e+02	
  -8.5845856e-04	  -7.4253395e-07	  -4.1731898e-04	   2.2613054e-05	  -7.0286361e-13	   2.2398956e+02	
  -3.2434211e-03	  -3.7187547e-05	  -2.3717680e-03	  -1.3548628e-05	   3.8372554e-13	   2.2361652e+02	
  -2.6784442e-04	   3.6833178e-05	   7.3732048e-04	  -2.5345669e-06	  -9.7261127e-13	   2.2401388e+02	
   4.4890158e-03	  -2.6945560e-05	  -5.2665241e-04	  -6.8520333e-06	   6.5727246e-13	   2.2354558e+02	
   1.3768727e-04	   3.6972400e-05	   6.9394752e-04	  -1.9026899e-05	  -9.3081938e-13	   2.2401292e+02	
   4.2311783e-03	   2.9790535e-06	  -1.3783391e-04	  -9.3573465e-06	   5.6609015e-13	   2.2354611e+02	
   5.1892350e-04	   1.0024026e-05	   7.5972959e-04	  -3.0960379e-05	  -9.9920615e-13	   2.2401098e+02	
  -4.8717426e-04	   1.2443763e-06	   3.4180142e-03	   4.7142668e-05	   3.5333144e-13	   2.2356151e+02	
   1.5327700e-03	   1.0479966e-05	   4.6251107e-04	  -5.5211172e-07	  -9.3461864e-13	   2.2398249e+02	
  -8.3385584e-04	  -1.3780374e-05	  -4.5480932e-03	  -6.5826782e-06	   4.5971079e-13	   2.2369259e+02	
  -8.0864092e-04	   2.2101339e-05	   4.3817550e-04	   1.4629482e-05	  -8.1684149e-13	   2.2399793e+02	
  -2.7658163e-03	  -3.6933776e-05	   1.7564038e-03	   3.6069028e-05	   2.3175503e-13	   2.2359556e+02	
   1.8354016e-04	   1.5275502e-05	   3.9607098e-03	  -8.3193041e-05	  -5.6229089e-13	   2.2393004e+02	
   2.4225433e-03	   4.0824416e-05	  -9.5970787e-04	  -2.6944843e-05	  -1.3677346e-13	   2.2370384e+02	
  -3.5231867e-04	  -3.4473742e-05	  -7.1547821e-04	   2.2121105e-05	  -7.9404592e-13	   2.2400267e+02	
  -3.8447819e-03	   5.7149664e-05	   2.8862344e-03	  -2.7661590e-05	   6.7626877e-13	   2.2357953e+02	
   1.5810086e-03	  -8.5626758e-05	   6.9814242e-04	  -6.8791229e-05	  -1.1853700e-12	   2.2404652e+02	
   1.7639596e-03	   8.4885611e-06	   3.1082615e-04	  -8.1403780e-06	  -2.3403459e-12	   2.2410549e+02	
  -5.5070774e-04	  -1.2082681e-05	  -1.0550440e-03	   2.3940360e-05	  -8.8902749e-13	   2.2399856e+02	
  -3.8695917e-05	   1.0499776e-05	   4.5930498e-03	  -4.2859421e-05	   7.0666287e-13	   2.2353808e+02	
  -6.3413610e-04	  -1.4087748e-05	  -5.9356313e-04	   2.6527806e-05	  -7.0286361e-13	   2.2399329e+02	
   2.2661180e-03	  -2.4599878e-05	  -3.9409150e-03	   2.3718301e-05	   6.7626877e-13	   2.2354188e+02	
   4.7673634e-04	   1.3619757e-05	   4.3895609e-04	  -4.1044616e-05	  -9.7641048e-13	   2.2401738e+02	
   1.7234989e-03	   1.5562319e-06	  -3.4991066e-03	  -2.0775624e-05	   5.6229089e-13	   2.2352413e+02	
  -4.0476447e-04	  -2.3138157e-05	  -8.8358820e-04	   1.8726281e-05	  -7.5605329e-13	   2.2399742e+02	
   1.8208163e-03	  -1.0451631e-05	  -3.7950088e-03	   1.9728436e-06	   6.5727246e-13	   2.2351620e+02	
  -7.4679298e-04	   5.5822533e-05	   2.2404622e-03	  -1.1638585e-04	  -8.5863338e-13	   2.2403050e+02	
   6.3643883e-04	   1.2424539e-05	   3.6717935e-03	   2.6048714e-05	   5.8508647e-13	   2.2350452e+02	
   1.5674946e-03	   6.2901451e-06	  -6.5606740e-06	  -4.6293710e-06	  -1.0979869e-12	   2.2399275e+02	
   2.3832062e-03	   3.9078553e-05	  -1.1764370e-03	  -3.0143398e-05	  -1.1397788e-13	   2.2370137e+02	
  -1.3105906e-03	   9.4986096e-06	  -7.6141492e-04	   1.9283287e-05	  -8.1684149e-13	   2.2398958e+02	
   1.9737079e-03	   7.3562543e-05	   1.1045500e-03	   2.8235918e-05	  -2.5834987e-13	   2.2381086e+02	
   8.1791597e-04	  -6.5245025e-06	   3.8341168e-04	  -3.0653908e-05	  -9.2322085e-13	   2.2400719e+02	
  -2.1367428e-04	  -8.7560378e-06	  -1.3899518e-03	  -3.7577440e-05	  -3.1533881e-13	   2.2369309e+02	
   1.0723364e-03	  -2.7144999e-05	  -1.7814423e-03	   2.8576618e-05	  -1.1207826e-12	   2.2399466e+02	
  -4.5219703e-03	   6.9149238e-05	   1.5186242e-03	  -9.5593489e-06	   7.1806066e-13	   2.2355945e+02	
  -3.2135406e-04	  -2.1004006e-05	  -1.0498027e-03	   2.1418698e-05	  -8.8902749e-13	   2.2400042e+02	
   3.4400662e-03	   4.4236290e-05	  -3.8028632e-04	  -1.3776677e-05	   1.7096682e-13	   2.2363464e+02	
  -9.7853837e-04	  -3.8543329e-06	  -1.5980363e-03	   1.1729174e-05	  -5.8128720e-13	   2.2396903e+02	
  -8.2541393e-05	   2.4365224e-06	  -1.0477902e-04	  -1.2315261e-06	  -5.0910121e-13	   2.2373337e+02	
  -5.6598262e-04	  -1.9062827e-05	   1.2580899e-04	   5.6426404e-05	  -6.3827614e-13	   2.2398554e+02	
  -4.2846897e-04	  -1.5680013e-05	   2.9195979e-04	   1.8917181e-05	  -5.6229089e-13	   2.2375239e+02	
   7.0874522e-04	   2.6097945e-06	   1.7109348e-03	  -1.4959695e-05	  -6.6107172e-13	   2.2397592e+02	
   2.5192860e-03	   4.1903706e-05	  -9.3487449e-04	  -2.6008311e-05	  -1.0637936e-13	   2.2370059e+02	
   5.2592910e-05	  -1.8622597e-05	  -2.3324902e-03	   1.2761004e-04	  -8.7383043e-13	   2.2403239e+02	
  -2.2647786e-04	  -1.5729746e-05	  -3.2535913e-04	  -1.0888587e-05	  -5.6609015e-13	   2.2375198e+02	
  -1.2979834e-03	   2.2681855e-05	   4.3849613e-04	   7.1988516e-06	  -9.0042527e-13	   2.2399625e+02	
  -7.1987300e-05	  -3.6840356e-05	  -6.0916942e-04	  -3.9818380e-05	   9.4981569e-13	   2.2370335e+02	
   5.3382727e-04	   1.8759799e-06	   4.6945273e-03	  -7.6984292e-05	   7.7125034e-13	   2.2353029e+02	
  -7.1398107e-04	   2.4856672e-05	   3.2177072e-04	   1.9170784e-05	  -8.4343633e-13	   2.2400588e+02	
  -4.6218071e-06	   7.6245807e-06	   2.8485559e-03	   4.8062902e-05	  -4.5591153e-14	   2.2368000e+02	
  -2.2892942e-04	   2.4774155e-05	   1.1215907e-03	  -1.4381924e-05	  -1.0296003e-12	   2.2400997e+02	
  -6.6689407e-05	  -9.6611196e-06	  -4.9245531e-03	   9.4245672e-05	   7.4465550e-13	   2.2356219e+02	
  -4.0719220e-04	   3.0778192e-05	   8.4807254e-04	  -3.0490803e-06	  -9.8400910e-13	   2.2401130e+02	
  -1.3525763e-03	  -3.8654857e-05	  -3.8066794e-03	  -7.1594081e-05	   6.6867025e-13	   2.2368423e+02	
   2.6025985e-04	   3.6504883e-05	   5.8036513e-04	  -2.7402926e-05	  -9.1182306e-13	   2.2401322e+02	
  -9.2935560e-04	  -4.9949206e-05	  -1.3088590e-03	  -4.8817889e-05	  -4.7870711e-13	   2.2383726e+02	
   7.4529121e-04	  -2.6106947e-05	  -1.1317731e-03	  -1.1241853e-06	  -8.7762970e-13	   2.2399952e+02	
  -9.0800745e-04	  -2.1122140e-05	  -3.0912174e-03	  -4.4664536e-05	   2.0895945e-13	   2.2360391e+02	
   2.2391852e-03	   3.9441078e-05	  -1.5059091e-03	  -3.9283256e-05	   9.1182306e-14	   2.2388482e+02	
  -2.0347287e-04	   7.0248767e-06	   3.7222927e-03	   2.2814254e-05	   6.5347319e-13	   2.2348376e+02	
   7.4871788e-04	   1.9836718e-05	  -4.1765113e-04	  -1.3216073e-05	  -8.2823928e-13	   2.2399073e+02	
   5.2197049e-04	   5.5016405e-06	   4.3764367e-03	  -3.5965841e-05	   7.7125034e-13	   2.2349740e+02	
  -3.8091658e-03	   1.0117302e-05	  -2.1787890e-03	   3.9459002e-05	  -2.8114544e-13	   2.2393286e+02	
  -1.5514898e-03	  -5.1900428e-05	   1.3953022e-03	   6.2314266e-05	  -2.6974766e-13	   2.2381227e+02	
  -6.9559676e-04	  -6.5336329e-06	  -4.1500200e-04	   2.8514132e-05	  -6.6867025e-13	   2.2399185e+02	
  -1.0117293e-03	   2.5316789e-05	  -2.0612147e-03	   6.9033838e-05	  -3.1039976e-12	   2.2408300e+02	
   4.0637037e-04	   5.7618002e-05	   7.8356199e-04	  -4.8895727e-05	  -1.4133257e-12	   2.2405607e+02	
  -1.7508858e-03	   2.4136921e-05	   4.0447145e-03	  -2.8714502e-05	   7.7504960e-13	   2.2349865e+02	
   6.3725212e-05	  -3.3723802e-05	  -9.8585032e-04	   4.9129403e-06	  -8.2064076e-13	   2.2400337e+02	
   1.4876215e-03	  -2.3626068e-05	  -4.2580144e-03	   3.8936297e-05	   7.6365181e-13	   2.2350937e+02	
  -5.6988830e-05	  -4.4336215e-05	  -7.7333153e-04	   4.4759628e-06	  -7.5985255e-13	   2.2399979e+02	
   3.6693849e-03	   9.4294780e-06	  -1.5279135e-03	  -1.3037225e-05	   6.0408278e-13	   2.2351556e+02	
  -2.0014134e-03	   9.0017885e-05	   5.5630614e-05	   7.1504498e-06	  -1.5956904e-12	   2.2400529e+02	
  -3.5153122e-04	   1.1416869e-05	   4.6082290e-03	  -2.4249013e-05	   6.3447688e-13	   2.2357656e+02	
   1.4125823e-03	   3.0773586e-05	   4.7256976e-04	   5.6172847e-06	  -2.6594839e-13	   2.2392171e+02	
  -2.4692172e-03	  -4.3384858e-05	  -2.1367192e-03	  -2.4878160e-05	   2.3175503e-13	   2.2359845e+02	
  -1.2848953e-04	  -1.0615053e-05	  -1.5716605e-03	  -5.3258664e-05	   2.3935355e-13	   2.2383922e+02	
   4.8421534e-04	  -2.4045672e-06	  -3.4452460e-03	  -2.9848831e-05	   6.1548057e-13	   2.2348384e+02	
   9.2046792e-04	  -3.7240214e-06	   8.6372986e-04	  -2.4060674e-05	  -9.5741422e-13	   2.2400431e+02	
   1.5371131e-03	   2.9926279e-05	   2.7622919e-03	   3.8239752e-05	   6.0788204e-14	   2.2366053e+02	
   2.1017097e-03	   3.1120875e-05	   2.3856834e-03	   7.6149561e-06	  -7.7125034e-13	   2.2396206e+02	
   1.7984517e-03	  -2.3957915e-05	   2.2431634e-04	  -9.6488950e-06	  -2.2795577e-12	   2.2412901e+02	
  -1.0766034e-04	   2.3831873e-05	   1.1065151e-03	  -1.9023910e-05	  -1.0296003e-12	   2.2400893e+02	
   6.6634240e-05	  -3.2750453e-05	  -1.2406829e-04	  -1.0845039e-05	  -3.0128153e-12	   2.2425801e+02	
   1.3421624e-03	   4.3411695e-05	   8.4623433e-04	   2.4100538e-05	   2.2795577e-13	   2.2384012e+02	
   4.2822453e-04	   8.9377592e-08	  -2.5060077e-03	  -4.6600566e-05	  -1.4057272e-13	   2.2369988e+02	
  -8.9453486e-04	   1.9462455e-05	   8.0476065e-05	   2.0510238e-05	  -9.1182306e-13	   2.2400764e+02	
   5.5493186e-04	   4.9822003e-06	   4.3306606e-03	  -3.7033944e-05	   7.9024665e-13	   2.2348571e+02	
  -4.9602296e-05	   9.9295997e-05	   1.5333557e-04	   2.3866390e-05	  -4.1677912e-12	   2.2405369e+02	
   4.4685083e-04	   1.7550635e-05	   5.9515781e-04	  -3.0185176e-05	  -8.0544371e-13	   2.2400376e+02	
  -1.7601461e-03	  -3.9361509e-05	  -1.6450852e-03	  -2.4890613e-05	  -1.4817125e-13	   2.2369153e+02	
   2.7868317e-03	  -8.2974111e-05	  -2.9036136e-03	   5.8057940e-05	  -5.9268499e-13	   2.2393382e+02	
   6.5493124e-04	  -1.7533799e-05	  -3.0297576e-05	  -3.5726749e-05	  -7.8264813e-13	   2.2400204e+02	
  -7.6302921e-04	   5.4542903e-06	   3.6840876e-03	   1.6898711e-05	   7.1426140e-13	   2.2346796e+02	
   4.6465723e-04	   1.7014994e-05	   5.0657291e-04	  -3.4133929e-05	  -7.9784518e-13	   2.2400310e+02	
   4.7492560e-03	  -1.1562732e-04	   1.4334904e-03	  -4.6771424e-05	   7.9024665e-13	   2.2355051e+02	
  -4.5493720e-04	  -3.7661499e-06	   1.5026139e-03	   2.5974379e-05	  -4.5971079e-13	   2.2394404e+02	
  -5.3766319e-04	  -1.8829749e-05	   4.9291480e-04	   2.6028956e-05	  -5.8508647e-13	   2.2376591e+02	
   4.2897730e-04	  -3.2442018e-05	  -9.5518127e-04	  -3.0027288e-06	  -8.8902749e-13	   2.2400545e+02	
   1.0584264e-03	   4.2549345e-05	   5.6617442e-04	   1.3987676e-05	  -5.6229089e-13	   2.2377231e+02	
   1.4918793e-03	  -4.5605528e-05	   3.3366471e-04	  -2.6430728e-05	  -1.8350440e-12	   2.2401010e+02	
   1.4611230e-03	   9.2013558e-06	  -3.2131837e-03	  -3.6568952e-05	   4.5971079e-13	   2.2353548e+02	
   1.2935564e-03	   9.6883937e-05	   3.7221994e-04	  -2.6450673e-06	  -9.8020979e-13	   2.2400738e+02	
  -3.1425588e-03	   7.4755611e-05	   3.6102261e-03	  -6.7011064e-05	   8.2823928e-13	   2.2351990e+02	
   5.9666733e-04	  -7.0597233e-06	   1.5271989e-04	  -4.0948984e-05	  -8.1684149e-13	   2.2400488e+02	
  -2.7831028e-03	  -5.4095814e-05	   1.0538948e-03	   2.9925961e-05	   2.3555429e-13	   2.2359266e+02	
  -7.9584708e-04	  -7.3698124e-05	  -1.2288479e-03	  -6.8870028e-05	  -9.4221716e-13	   2.2400343e+02	
   4.6183335e-04	   2.9592442e-05	  -2.1064993e-03	  -2.4868318e-04	  -3.6510915e-12	   2.2415054e+02	
  -1.4661146e-03	   1.6894171e-06	  -2.3645743e-03	   2.0279883e-05	  -3.1153955e-13	   2.2395443e+02	
   1.2465722e-03	  -2.3782350e-06	  -3.5215233e-03	  -1.4630214e-05	   7.2185992e-13	   2.2346593e+02	
   1.0259917e-04	   3.2730659e-05	   7.6862223e-04	  -1.8771613e-05	  -9.8780832e-13	   2.2401817e+02	
  -1.0334308e-03	  -1.2865480e-05	   2.3020798e-03	   4.8320667e-05	  -1.4437198e-13	   2.2369869e+02	
  -8.3501242e-05	   1.7555887e-05	   1.3950119e-03	  -2.4879446e-05	  -1.0941877e-12	   2.2401130e+02	
  -2.8920443e-03	  -1.1756015e-05	   2.3085758e-03	   2.3203423e-05	   6.4587467e-13	   2.2348781e+02	
  -9.6138907e-05	  -4.0472642e-05	  -8.1787572e-04	   7.2673993e-06	  -7.5605329e-13	   2.2400220e+02	
   1.9122184e-03	  -9.9497687e-06	  -3.5913153e-03	   1.4276045e-06	   7.2565919e-13	   2.2348458e+02	
  -1.4640207e-03	   1.4422916e-05	  -1.1298688e-03	   1.4303277e-05	  -1.3677346e-12	   2.2400145e+02	
  -1.1735240e-04	   2.3196853e-06	   1.9757586e-03	   4.5379664e-05	  -2.2415650e-13	   2.2368687e+02	
   5.0160910e-04	   1.2362979e-05	   4.1928127e-04	  -3.7384471e-05	  -7.8644739e-13	   2.2400265e+02	
   3.1257616e-03	   4.9271792e-05	   1.3714235e-03	   1.2746762e-05	   1.5197051e-13	   2.2364634e+02	
  -6.3403030e-04	  -7.2848460e-06	  -4.4799447e-04	   3.0603756e-05	  -7.5985255e-13	   2.2400300e+02	
   1.4843065e-03	   5.2512702e-06	  -3.2913534e-03	  -2.8241662e-05	   5.8128720e-13	   2.2350337e+02	
   8.3579043e-04	  -2.6288921e-05	  -5.1436704e-04	  -1.7339533e-05	  -8.9662601e-13	   2.2400821e+02	
   1.6335066e-04	   9.5391030e-06	   1.9465016e-04	   6.9522571e-07	  -5.3949531e-13	   2.2374875e+02	
  -3.2945479e-03	  -9.2241747e-06	  -1.1078941e-03	   1.7088152e-05	  -6.5347319e-13	   2.2395098e+02	
  -2.0965284e-03	  -2.5532845e-05	   2.4723618e-03	   4.4839060e-05	   1.1017862e-13	   2.2365321e+02	
  -1.4522877e-03	   9.6986361e-05	   3.7684910e-04	   5.5511837e-06	  -1.3981287e-12	   2.2405161e+02	
  -2.1772368e-03	  -4.5510177e-05	  -1.1599281e-03	  -1.3738140e-05	  -1.2157641e-13	   2.2368652e+02	
   7.5538571e-04	  -2.2154344e-06	   1.1329434e-03	  -2.8465915e-05	  -1.0751914e-12	   2.2401124e+02	
   4.7080717e-04	   1.2421352e-05	   2.0227924e-04	  -5.0835566e-05	  -9.6501274e-13	   2.2401699e+02	
  -8.5814377e-04	  -1.4155314e-05	  -3.4524946e-03	  -2.5577923e-05	   6.0788204e-13	   2.2349245e+02	
  -1.8081432e-03	   8.6939566e-05	   1.1964706e-03	  -4.6296387e-05	  -1.5083073e-12	   2.2400004e+02	
   2.4267715e-03	  -4.0668656e-05	   3.9908563e-03	  -8.7587720e-05	   8.6243265e-13	   2.2349515e+02	
   4.8948190e-04	   1.0068864e-05	   4.1079193e-04	  -4.2938697e-05	  -1.0371987e-12	   2.2402320e+02	
  -3.6570735e-03	  -2.6404141e-05	  -6.9070690e-04	   6.6385862e-06	   6.1168130e-13	   2.2350113e+02	
  -1.6292520e-03	   1.2183244e-05	   6.0085602e-04	  -5.6382464e-07	  -1.3335413e-12	   2.2400143e+02	
   1.0123716e-03	  -3.8814669e-05	  -1.1115550e-04	  -3.5624278e-05	  -3.7878649e-12	   2.2402212e+02	
   1.1250927e-04	  -3.6127618e-05	  -5.4355387e-04	  -5.9618560e-05	  -6.2687836e-13	   2.2398376e+02	
  -3.3821521e-03	  -3.9507384e-05	   1.1536088e-03	   2.5310579e-05	   3.1153955e-13	   2.2359190e+02	
  -8.4134402e-06	   4.6369066e-05	   6.0113720e-04	  -1.0079573e-05	  -9.8780832e-13	   2.2401999e+02	
   3.4662722e-03	   3.6547859e-05	   1.7499455e-03	   9.3354899e-06	   3.5713070e-13	   2.2359460e+02	
   5.7337000e-04	   5.3374171e-06	   5.6023601e-04	  -3.3525874e-05	  -1.0068046e-12	   2.2401963e+02	
   2.5767853e-03	   3.9582220e-05	   2.5143658e-03	   2.8013617e-05	   2.2795577e-13	   2.2362644e+02	
  -5.5176904e-04	  -7.8959177e-06	  -2.3793604e-04	   4.3611860e-05	  -8.2444002e-13	   2.2400564e+02	
  -2.2523761e-03	  -2.6526814e-05	  -2.8015644e-03	  -1.8311219e-05	   5.5849163e-13	   2.2351072e+02	
   7.1388605e-04	   1.7917100e-05	  -1.3895450e-03	  -4.8907740e-05	   1.5956904e-13	   2.2385359e+02	
   2.7504577e-03	   4.0455248e-05	   2.4109340e-03	   2.5259296e-05	   2.5075134e-13	   2.2362182e+02	
   5.6628498e-04	  -2.4134077e-05	  -1.0058215e-04	  -3.9524079e-05	  -9.0422454e-13	   2.2401325e+02	
  -1.1465920e-03	  -1.8386629e-05	  -3.4077017e-03	  -2.9572119e-05	   5.0530195e-13	   2.2352685e+02	
  -8.5800318e-04	   4.0104098e-06	   1.3159991e-03	  -5.3574490e-07	  -1.5311029e-12	   2.2400531e+02	
   4.3170052e-03	  -1.1865653e-04	   2.4220199e-03	  -7.9820519e-05	   8.2064076e-13	   2.2354299e+02	
   3.2754735e-04	   2.7439993e-05	   5.4695222e-04	  -3.6994872e-05	  -1.0941877e-12	   2.2402748e+02	
   3.7768296e-04	   2.0423254e-05	   3.0996047e-04	   1.2973004e-05	  -6.0408278e-13	   2.2376728e+02	
   6.2463703e-04	  -1.5301437e-05	   8.7613368e-05	  -4.0496500e-05	  -9.6881200e-13	   2.2401918e+02	
  -3.1385918e-03	   7.5763375e-05	   3.3775761e-03	  -6.3270698e-05	   8.8522822e-13	   2.2348679e+02	
   6.2740660e-04	  -2.1804441e-06	   3.7223995e-04	  -3.6414909e-05	  -9.9160753e-13	   2.2402116e+02	
  -1.1899027e-03	   1.7022186e-05	   1.1503633e-03	  -1.5857597e-05	  -1.7970512e-12	   2.2413134e+02	
   2.6754836e-04	   7.8232803e-06	   1.0482066e-03	   1.9057031e-05	  -9.0042527e-13	   2.2398963e+02	
  -1.3988621e-04	  -1.1761528e-05	  -3.4890767e-04	  -6.0731129e-06	  -1.0144032e-12	   2.2409856e+02	
  -8.6233453e-05	   4.2302861e-05	   6.5379388e-04	  -7.4520651e-06	  -9.8020979e-13	   2.2402044e+02	
  -2.7229900e-03	  -4.5194782e-05	   6.8639643e-04	   2.2128390e-05	  -2.6594839e-14	   2.2367714e+02	
   7.6311091e-04	  -2.5830196e-05	  -3.1753352e-04	  -2.3771978e-05	  -8.9662601e-13	   2.2401396e+02	
  -3.7668706e-03	  -2.1778653e-05	   2.6821079e-04	   1.3233325e-05	   6.1548057e-13	   2.2350258e+02	
   4.7714634e-04	   5.1704170e-06	   1.3915563e-04	  -5.2904485e-05	  -1.0030054e-12	   2.2402040e+02	
   4.3701966e-03	  -1.1591243e-04	   2.1063768e-03	  -6.8839949e-05	   8.7762970e-13	   2.2350847e+02	
  -7.7547506e-06	  -6.2885427e-06	  -1.6008031e-03	  -2.0820062e-05	  -6.2687836e-13	   2.2396419e+02	
   7.3946888e-04	  -4.7882647e-07	  -3.5601554e-03	  -3.2218483e-05	   5.1669974e-13	   2.2352562e+02	
  -9.3609368e-04	   2.4038185e-05	  -1.0689898e-03	   7.9893532e-05	  -1.4551177e-12	   2.2405298e+02	
  -2.9001982e-03	  -3.9628209e-05	   1.5178275e-03	   3.2640635e-05	   1.2537567e-13	   2.2364928e+02	
  -1.2761891e-04	   4.5138156e-05	   6.0849033e-04	  -5.9330553e-06	  -1.0485965e-12	   2.2402490e+02	
   1.3533862e-03	   1.7627788e-05	  -2.2302836e-03	  -4.4314246e-05	  -1.1017862e-13	   2.2369517e+02	
   6.7951493e-05	  -2.8912318e-05	  -5.4883048e-04	  -4.2596417e-05	   7.6745108e-13	   2.2374433e+02	
   9.3478868e-04	  -3.8132923e-05	   2.2798379e-03	  -1.2072627e-04	   3.1229940e-12	   2.2271987e+02	
   1.8517765e-04	  -1.4279919e-05	  -4.9442694e-04	  -4.8051832e-05	   8.5863338e-13	   2.2372255e+02	
  -1.3832608e-03	  -2.8644640e-05	   1.1891485e-03	   3.3614975e-05	  -2.4315282e-13	   2.2368609e+02	
  -9.6424205e-04	   2.5160187e-05	  -1.3639617e-03	   5.8950289e-05	  -1.8236461e-12	   2.2400065e+02	
   3.0986961e-04	   3.5891143e-06	   4.7320564e-03	  -1.1661962e-04	   9.0422454e-13	   2.2349082e+02	
   2.9605980e-04	   5.8308207e-06	   1.4757575e-03	   1.5408939e-05	  -7.5225403e-13	   2.2397380e+02	
  -2.5408219e-03	  -1.1866239e-05	  -2.9309396e-03	   1.5323285e-06	   7.2565919e-13	   2.2347434e+02	
  -4.5638522e-04	  -3.8426224e-05	  -4.4988994e-04	   3.3476577e-05	  -7.4845476e-13	   2.2399873e+02	
  -7.8935263e-04	  -2.3410679e-05	   5.8523156e-04	   2.3615612e-05	  -4.1791890e-13	   2.2372906e+02	
  -8.7880468e-04	   2.5267343e-05	   2.2771084e-04	   1.5615023e-05	  -1.0789906e-12	   2.2402132e+02	
  -2.3469619e-03	  -7.8472743e-06	   3.0564951e-03	   2.6654879e-05	   5.4709384e-13	   2.2352783e+02	
  -4.7863883e-04	  -1.6510230e-05	   9.9713443e-04	   6.1484919e-05	   9.6501274e-13	   2.2370225e+02	
  -1.8411967e-04	  -1.4008472e-05	  -3.3821997e-04	  -1.1145692e-05	  -6.0408278e-13	   2.2376957e+02	
   5.5574986e-04	   1.1439399e-05	   3.5795674e-05	  -2.5191832e-06	  -1.0371987e-12	   2.2400805e+02	
  -3.1679846e-03	  -1.5903225e-05	   2.1720635e-03	   2.4179380e-05	   5.3949531e-13	   2.2353131e+02	
  -5.9383014e-04	  -7.1755602e-06	  -4.5531936e-04	   3.6760015e-05	  -9.6121348e-13	   2.2402024e+02	
   2.6510673e-03	   1.0019131e-05	  -2.8734775e-03	  -2.2458784e-05	   5.1669974e-13	   2.2354237e+02	
  -3.0709855e-03	   3.2609136e-05	   2.1121708e-03	   1.7517682e-06	  -5.6988941e-13	   2.2394374e+02	
  -6.0530645e-04	  -1.1980303e-05	   1.4515601e-03	   4.0383867e-05	  -2.6594839e-13	   2.2368615e+02	
  -4.0495257e-03	   1.2982563e-04	  -2.2770281e-03	   1.0713150e-04	  -3.1153955e-13	   2.2393758e+02	
   2.9358296e-03	  -7.1794210e-06	   3.0553593e-03	  -2.0354375e-05	   7.5605329e-13	   2.2348659e+02	
  -1.3584532e-04	  -2.0014881e-05	  -1.2810116e-03	   2.0436269e-05	  -9.4221716e-13	   2.2400460e+02	
  -2.9894902e-03	  -4.9279512e-05	  -1.7448966e-03	  -1.7563396e-05	   3.7232775e-13	   2.2357650e+02	
   1.0360043e-03	  -2.7547540e-05	  -4.5035139e-04	  -1.4107942e-05	  -1.0713921e-12	   2.2401678e+02	
   8.3837333e-04	   1.8646431e-05	  -1.2531420e-03	  -3.5515576e-05	  -2.8874397e-13	   2.2369564e+02	
  -6.2017751e-04	   2.0556430e-05	   5.2144683e-05	   3.1066498e-05	  -8.5103486e-13	   2.2401067e+02	
  -4.8063875e-03	   1.1128433e-04	  -8.6800590e-04	   3.3670381e-05	   8.2064076e-13	   2.2354051e+02	
   5.1369964e-04	   8.7655041e-06	   6.5868482e-04	  -3.5200457e-05	  -1.0903885e-12	   2.2402257e+02	
  -2.6569874e-03	  -3.7340135e-05	  -2.4579800e-03	  -2.1101496e-05	   3.6472923e-13	   2.2357816e+02	
   8.4102707e-04	  -8.4617862e-06	   5.6143231e-04	  -3.0415617e-05	  -1.1587751e-12	   2.2402402e+02	
   8.2022639e-04	  -3.0942600e-05	  -4.6910677e-03	   1.1552819e-04	   9.0422454e-13	   2.2349121e+02	
  -5.9325916e-04	  -2.5915637e-05	  -1.3359381e-04	   3.5844510e-05	  -9.8780832e-14	   2.2391175e+02	
   3.1828492e-03	  -7.2894502e-05	   3.5349538e-03	  -9.7773026e-05	   9.1562233e-13	   2.2348724e+02	
  -4.2871957e-04	  -2.7190001e-05	  -5.7344690e-04	   3.4309669e-05	  -9.6881200e-13	   2.2402026e+02	
  -4.0717111e-04	  -1.7324406e-05	  -5.6259223e-04	  -1.0381116e-05	  -1.5652963e-12	   2.2412142e+02	
  -3.7512132e-04	  -9.7250143e-06	  -3.0309692e-04	  -8.1007840e-06	  -8.5863338e-13	   2.2412069e+02	
   2.6383944e-04	   1.0579888e-05	   1.3880130e-03	   3.9267521e-05	  -3.0774028e-13	   2.2369591e+02	
  -5.0662362e-04	  -3.8899100e-05	  -1.2687201e-03	  -6.3279837e-05	   8.5863338e-13	   2.2372137e+02	
   3.0392410e-03	   1.4731357e-05	  -2.5496141e-03	  -2.3080196e-05	   4.5591153e-13	   2.2356785e+02	
  -6.0501134e-04	  -4.8183414e-05	  -2.3023801e-04	   3.4648479e-05	  -3.8752480e-13	   2.2395644e+02	
   5.4433665e-04	  -1.2096183e-05	   7.1897141e-05	  -4.3997465e-05	  -9.1182306e-13	   2.2401550e+02	
  -1.6935286e-03	   1.9364499e-05	  -4.5829840e-04	   9.3160008e-06	  -2.1997732e-12	   2.2413523e+02	
   4.7361674e-04	  -8.8512637e-06	  -1.1915166e-05	  -5.1467760e-05	  -8.5863338e-13	   2.2400883e+02	
  -2.4673222e-05	   6.1146458e-06	   2.6524860e-04	   9.0259289e-06	  -5.6609015e-13	   2.2375861e+02	
  -4.0719961e-04	  -2.4376858e-05	  -6.9758430e-04	   3.0889079e-05	  -9.9920615e-13	   2.2402322e+02	
   1.6758932e-03	   1.9954561e-05	  -2.5549905e-03	  -4.4753230e-05	   6.0788204e-14	   2.2366407e+02	
  -1.7252352e-04	  -4.5783487e-05	  -6.9868587e-04	   1.3094331e-05	  -8.9662601e-13	   2.2401496e+02	
  -8.8552353e-04	   6.8181591e-06	  -5.4202382e-04	   2.7406653e-05	  -9.9160753e-13	   2.2401175e+02	
   6.8691882e-04	  -5.3612851e-06	   1.4155972e-03	  -1.5373033e-05	  -1.6792741e-12	   2.2412255e+02	
   3.5728915e-04	   4.5197721e-05	   5.2686896e-04	   7.3201984e-06	   3.9512333e-13	   2.2382165e+02	
  -2.0549805e-03	   3.1199943e-05	  -4.0857268e-03	   8.7001663e-05	   9.0802380e-13	   2.2347466e+02	
   4.3847962e-04	   4.6449024e-06	  -8.9143038e-04	  -8.6967888e-05	  -2.2339665e-12	   2.2402140e+02	
   3.7677692e-03	   2.5552550e-05	   1.5881242e-03	   1.7686898e-06	   4.8630563e-13	   2.2357114e+02	
   1.2760346e-03	   6.9170324e-05	   5.0669227e-04	   1.2235481e-05	   7.7125034e-13	   2.2373756e+02	
   2.1922300e-04	   5.7363942e-06	  -4.9132604e-04	  -1.4655552e-05	  -5.4709384e-13	   2.2375628e+02	
  -3.1456278e-04	  -5.1151194e-05	  -6.2887922e-04	  -2.4440338e-05	   6.4967393e-13	   2.2377216e+02	
   4.8674899e-04	   1.0258700e-05	   5.3970743e-04	  -3.9381681e-05	  -1.1283810e-12	   2.2402899e+02	
   5.4208492e-05	  -7.9862969e-06	  -3.9031987e-03	   9.0847845e-06	   8.3583781e-13	   2.2344180e+02	
  -4.1970027e-04	  -4.5310070e-05	  -4.8412845e-04	   2.8726548e-05	  -7.6365181e-13	   2.2400020e+02	
  -9.6951415e-04	   7.6714274e-06	   3.8469603e-03	   6.5966255e-06	   7.0666287e-13	   2.2348470e+02	
  -1.1394047e-03	   3.8542432e-05	  -6.5419127e-04	   6.3701762e-05	  -1.5576977e-12	   2.2405394e+02	
   6.7257369e-04	  -1.7305956e-05	   2.0773372e-03	  -9.7874936e-05	  -3.2027786e-12	   2.2400594e+02	
  -1.1033992e-03	   1.5766039e-05	  -1.0107029e-03	   2.9244671e-05	  -1.1739721e-12	   2.2401633e+02	
  -1.8924911e-03	   1.0537287e-04	  -1.7018264e-03	   1.0781205e-04	  -9.7641048e-13	   2.2403304e+02	
  -1.5963043e-03	   8.4582105e-05	   1.2201772e-03	  -4.3538796e-05	  -3.2597674e-12	   2.2398697e+02	
   3.0447074e-04	   1.2482140e-04	   5.3800435e-05	   4.4136150e-06	  -4.0424156e-12	   2.2414823e+02	
  -6.4985474e-04	   3.0472429e-05	   2.1845288e-04	   2.0940802e-05	  -1.1207826e-12	   2.2403222e+02	
  -3.8136919e-03	   6.8902019e-06	  -1.3152568e-03	   1.4764086e-05	   7.9404592e-13	   2.2346413e+02	
   3.0897126e-04	   2.9671329e-05	   5.5734753e-04	  -3.6305886e-05	  -1.2765523e-12	   2.2404161e+02	
   6.4932565e-04	   1.8059560e-05	  -7.8659378e-04	  -2.8407223e-05	  -3.8372554e-13	   2.2372642e+02	
  -5.6507704e-04	   3.5052449e-05	   3.7007241e-03	  -9.2388797e-05	  -8.7383043e-13	   2.2394069e+02	
  -1.5173600e-03	  -4.0855248e-05	  -9.3740784e-06	   5.7896362e-06	  -2.2795577e-13	   2.2367869e+02	
   4.0164197e-04	  -3.0679534e-05	  -2.3411526e-04	  -4.5630783e-05	  -9.1182306e-13	   2.2401363e+02	
  -1.3765367e-05	   8.4392565e-06	   4.1022726e-03	   7.4411109e-06	   6.2307909e-13	   2.2352254e+02	
  -4.4218489e-04	  -3.5320103e-05	  -4.8372064e-04	   3.2108642e-05	  -7.6745108e-13	   2.2400230e+02	
   2.8277220e-03	   6.2264782e-06	  -2.9587267e-03	  -1.8501387e-05	   5.0530195e-13	   2.2356180e+02	
  -5.3964333e-04	   4.7850896e-06	  -1.2255340e-04	   4.2775074e-05	  -8.5863338e-13	   2.2401110e+02	
  -1.0567514e-03	  -1.7410392e-06	   1.5513023e-03	   1.3582959e-05	  -2.5265097e-12	   2.2407093e+02	
  -5.2809922e-04	   1.9005125e-05	   2.9673634e-05	   3.8821719e-05	  -8.9662601e-13	   2.2401414e+02	
  -2.0657268e-03	  -1.8390819e-04	  -4.9141556e-04	  -3.0914237e-06	  -3.1267933e-12	   2.2407527e+02	
   4.7478544e-04	   2.3937273e-05	   6.1769772e-05	  -5.8181879e-05	  -1.0979869e-12	   2.2402774e+02	
   1.6231014e-05	  -7.4707844e-06	  -3.7344436e-03	  -3.7627306e-05	   5.0150268e-13	   2.2355153e+02	
   4.5321348e-04	   1.2497368e-05	   2.8659783e-04	  -4.8597696e-05	  -1.1245818e-12	   2.2403259e+02	
   2.8364702e-03	  -3.3205848e-05	   3.4060960e-03	  -5.5383131e-05	   8.8142896e-13	   2.2346474e+02	
   4.9340820e-04	   2.6173007e-05	   2.0686970e-03	   8.0895657e-05	   3.1533881e-13	   2.2383378e+02	
   1.9371249e-03	   8.0052967e-05	   2.1696028e-03	   4.4133841e-05	  -2.6822795e-12	   2.2400877e+02	
   4.6065825e-04	  -2.3812096e-05	  -1.4436277e-04	  -4.5570960e-05	  -8.6243265e-13	   2.2400997e+02	
  -4.0785791e-05	  -7.0599529e-06	  -2.4150295e-05	  -3.3549879e-06	  -6.1168130e-13	   2.2376969e+02	
   8.0077770e-04	  -1.9135543e-05	   9.9492778e-05	  -3.1057924e-05	  -1.1891692e-12	   2.2403404e+02	
  -3.5092811e-03	  -2.6158597e-04	  -1.3728937e-03	  -6.8898615e-05	  -2.8684434e-12	   2.2429265e+02	
   1.4611877e-04	   5.3854481e-05	   4.9367197e-04	  -1.4059644e-05	  -1.0409980e-12	   2.2402468e+02	
  -3.4577845e-03	  -5.0670420e-05	  -2.8536640e-04	   6.6776161e-06	   2.3935355e-13	   2.2361797e+02	
  -1.0601559e-03	   1.5268497e-05	   1.2940418e-03	  -1.4273730e-05	  -2.1807768e-12	   2.2413719e+02	
   4.4101654e-03	  -9.6692064e-05	   1.3501588e-03	  -4.1296237e-05	   9.1562233e-13	   2.2347293e+02	
   4.8298276e-04	   3.5135730e-05	   1.2696884e-04	  -5.3222495e-05	  -1.0865891e-12	   2.2402672e+02	
   2.7466645e-03	   2.6706754e-04	   1.1008157e-03	   8.8700330e-05	  -3.2559681e-12	   2.2421185e+02	
  -1.1972506e-03	   2.1381389e-05	  -1.7989979e-04	   1.8217140e-05	  -1.0561950e-12	   2.2401331e+02	
  -3.6500378e-03	   2.2554919e-05	  -2.1257980e-03	   2.6712470e-05	   8.3203854e-13	   2.2346618e+02	
  -3.6809818e-03	   9.4307215e-05	   4.1903734e-04	   1.0819966e-05	  -9.2322085e-13	   2.2394241e+02	
  -4.4366567e-03	   1.5619079e-04	  -1.8377766e-03	   7.9418587e-05	   9.5361495e-13	   2.2349137e+02	
  -1.5071124e-03	  -4.1324660e-05	  -2.4102751e-04	  -3.7285001e-06	  -1.8616388e-13	   2.2390922e+02	
   1.6843476e-03	  -8.9995513e-06	  -3.6032070e-03	   1.1430538e-06	   7.6365181e-13	   2.2346904e+02	
  -8.9649533e-04	   5.4617841e-06	  -1.6590106e-03	   2.1107009e-05	  -9.9540684e-13	   2.2399846e+02	
  -1.8678865e-03	   4.8956924e-05	  -1.1101868e-04	   1.2731213e-05	  -3.4193365e-12	   2.2405944e+02	
   6.3415747e-05	  -5.3607917e-05	  -5.9999150e-04	  -9.1416161e-06	  -9.0042527e-13	   2.2401412e+02	
  -1.7167523e-03	  -4.3977754e-05	  -2.2819784e-04	   6.0883917e-07	  -1.5197051e-13	   2.2366002e+02	
   3.8481122e-04	  -4.2734308e-05	  -4.2254962e-04	  -2.6293463e-05	  -9.7641048e-13	   2.2402106e+02	
   2.0941460e-03	  -1.1068096e-04	  -5.9672903e-04	   1.8921348e-05	  -1.6602778e-12	   2.2397926e+02	
   4.3465434e-03	  -9.2768335e-06	  -8.1624489e-05	  -8.9972575e-06	   6.4587467e-13	   2.2353712e+02	
   1.7698899e-03	   2.1498563e-05	   1.7732641e-04	  -4.8108143e-06	  -2.9634250e-13	   2.2392918e+02	
  -1.5183812e-03	  -2.8070554e-05	  -3.0582319e-03	  -3.8760605e-05	   5.0150268e-13	   2.2353364e+02	
  -1.0195385e-03	   2.8091001e-05	   2.8659884e-04	   1.1333002e-05	  -1.1131839e-12	   2.2401905e+02	
   4.3482770e-03	  -2.2499386e-05	   6.6619366e-04	  -1.2988209e-05	   7.1806066e-13	   2.2351685e+02	
  -2.9740212e-04	   7.0982661e-06	  -2.2588218e-03	   1.6526847e-04	  -1.2157641e-12	   2.2404781e+02	
  -3.0092345e-04	  -1.0618398e-05	   3.1510874e-04	   1.8895653e-05	  -5.9268499e-13	   2.2376895e+02	
   8.5021506e-04	   5.5185146e-07	   1.4852280e-03	  -7.4003103e-06	  -1.0106039e-12	   2.2399419e+02	
  -1.3864776e-03	  -2.6440677e-05	   3.4647788e-03	   8.9758450e-05	   3.6092996e-13	   2.2371709e+02	
   1.4704280e-04	  -1.9743730e-06	  -1.2456315e-03	  -1.2009576e-05	  -1.3525375e-12	   2.2401425e+02	
   4.7155312e-04	  -1.1811494e-05	  -9.9396639e-04	  -7.3536069e-06	  -3.7422738e-12	   2.2412306e+02	
   2.1561124e-04	   3.5967576e-05	   5.8266908e-04	  -3.2406617e-05	  -1.2309611e-12	   2.2403795e+02	
  -1.5418749e-04	   9.9270234e-06	   4.1706185e-03	   1.5256591e-05	   4.3691522e-13	   2.2358650e+02	
  -2.8274294e-04	  -6.0991530e-05	  -5.2620083e-04	   1.1770003e-05	  -9.5741422e-13	   2.2401766e+02	
  -3.7745457e-06	   2.6311949e-06	   3.0731518e-04	   6.4410477e-06	  -5.6988941e-13	   2.2376415e+02	
  -8.5813326e-04	   3.0094243e-05	   3.6946583e-04	   1.1096553e-05	  -1.1359796e-12	   2.2402345e+02	
   1.4747154e-03	   3.9579052e-05	   2.2249182e-03	   5.1720253e-05	   4.3311595e-13	   2.2352288e+02	
   8.1883440e-04	   2.9207032e-05	   6.0142226e-04	   1.9719920e-05	  -2.8494471e-13	   2.2392948e+02	
   7.0361588e-05	  -1.0295625e-06	   4.2567227e-04	  -1.0081430e-05	  -2.7012759e-12	   2.2422216e+02	
   8.2887205e-04	   7.0332666e-05	   1.3976938e-03	   7.7619381e-05	  -7.7884887e-13	   2.2398834e+02	
  -2.4414703e-03	   2.1279989e-05	  -4.2997355e-03	   6.3326490e-05	   5.8508647e-13	   2.2362542e+02	
   3.9591840e-04	   4.2258292e-05	   3.1685781e-04	  -4.1716656e-05	  -1.1815708e-12	   2.2403588e+02	
   1.9127472e-03	  -6.9354813e-06	  -3.6811737e-03	  -4.3282228e-06	   6.3447688e-13	   2.2352329e+02	
   2.5969224e-03	  -2.8153966e-06	   1.6545009e-03	  -2.6733164e-05	  -1.3715338e-12	   2.2396582e+02	
   1.6752403e-04	   1.2810809e-05	   1.7931368e-04	   6.9625100e-06	  -5.5469236e-13	   2.2375805e+02	
   4.4893111e-04	   2.8025872e-05	   1.8527280e-04	  -5.1833253e-05	  -1.1169833e-12	   2.2403142e+02	
   4.7202389e-03	  -1.6535325e-04	   2.9715489e-04	  -2.5056996e-05	   1.1511767e-12	   2.2364669e+02	
  -4.2671041e-03	   8.8532884e-05	  -3.6587015e-04	   3.9021655e-05	  -4.6730932e-13	   2.2394415e+02	
   8.7126406e-04	   5.3394498e-05	   4.8225911e-05	  -1.7301482e-05	   7.5605329e-13	   2.2374902e+02	
   1.2078792e-04	   6.5077431e-06	  -3.3413200e-04	  -9.1119675e-06	  -5.5089310e-13	   2.2375769e+02	
   1.5305488e-04	   5.9225131e-05	   4.5169431e-04	  -1.0623260e-05	  -1.1777715e-12	   2.2403415e+02	
  -3.9838715e-03	   9.2410693e-05	  -2.6609094e-03	   7.6906221e-05	   8.9662601e-13	   2.2350808e+02	
  -5.8954158e-04	  -3.2786837e-05	  -1.6855834e-04	   3.0670595e-05	   7.5985255e-14	   2.2388243e+02	
  -3.2494677e-03	   2.4072713e-05	  -2.6655970e-03	   3.4276276e-05	   8.8142896e-13	   2.2344973e+02	
  -4.4912247e-04	   6.5528244e-06	   6.3991833e-05	   5.2659383e-05	  -8.6243265e-13	   2.2401020e+02	
   9.6906769e-04	   1.1106315e-06	   4.1914718e-03	  -3.5494330e-05	   8.1304223e-13	   2.2347702e+02	
   4.4896143e-04	  -5.9113871e-06	   1.0632805e-05	  -5.4612330e-05	  -1.0751914e-12	   2.2402877e+02	
  -1.8087354e-03	   2.5734760e-05	   3.7171089e-03	  -2.9091993e-05	   9.0422454e-13	   2.2343691e+02	
  -4.9056207e-04	  -1.5937854e-05	  -2.8507671e-04	   4.6327841e-05	  -1.0903885e-12	   2.2403067e+02	
  -1.1715008e-03	   7.6246203e-06	   3.4216737e-03	   1.0877619e-05	   7.4085624e-13	   2.2344837e+02	
  -4.1464688e-04	   9.4979711e-06	   2.5916012e-04	   4.1551797e-05	  -1.0258009e-13	   2.2391229e+02	
   6.6398198e-04	  -2.4649904e-05	  -1.9157001e-03	   4.6976372e-05	  -2.3593421e-12	   2.2412147e+02	
  -1.5523751e-03	  -1.0219419e-04	   3.4506435e-05	   3.0169929e-05	  -7.2565919e-13	   2.2398590e+02	
   2.0464675e-03	  -7.1167290e-06	  -3.6355231e-03	  -4.1130936e-06	   6.3067762e-13	   2.2352759e+02	
   6.7282142e-05	   1.6895441e-05	   1.9786072e-03	  -1.5562539e-04	  -1.4437198e-12	   2.2405412e+02	
   3.8264011e-03	  -1.2542054e-05	  -2.0688100e-03	  -3.5086162e-06	   6.4207541e-13	   2.2354033e+02	
   2.4849840e-04	   4.9124097e-05	   4.6136904e-04	  -2.7984912e-05	  -1.2537567e-12	   2.2404048e+02	
  -1.1262724e-03	  -9.7353999e-06	  -3.8594167e-03	  -2.2530646e-06	   6.6487098e-13	   2.2350519e+02	
   3.0700992e-03	   4.6144876e-05	  -2.4877249e-04	  -3.7877293e-05	  -9.6501274e-13	   2.2398965e+02	
  -1.1522693e-03	   8.0964739e-05	   3.7890499e-03	  -1.4304076e-04	  -1.6792741e-12	   2.2410578e+02	
   5.1134961e-04	   2.6751117e-05	  -9.7699722e-05	  -3.6598740e-05	   5.3189679e-13	   2.2379313e+02	
  -3.4750370e-03	  -2.2654495e-05	  -1.5913830e-03	   3.3489791e-06	   5.0530195e-13	   2.2353123e+02	
   1.4307055e-03	  -6.5492088e-05	   1.1390473e-04	  -4.6233527e-05	  -1.7400623e-12	   2.2405488e+02	
   4.5798475e-04	   1.4190801e-05	   3.1063168e-03	   5.5389740e-05	   1.7476609e-13	   2.2361996e+02	
  -1.5041293e-03	   1.1938025e-05	  -3.7201978e-04	   5.7477142e-06	  -1.8844343e-12	   2.2397339e+02	
   4.1684060e-04	   2.1338305e-06	  -1.4383984e-04	  -5.8150692e-06	  -7.5225403e-13	   2.2407594e+02	
  -4.9828907e-04	  -1.6746521e-05	  -7.5599437e-05	   5.2763018e-05	  -8.1684149e-13	   2.2400664e+02	
   4.2418291e-03	  -1.2134986e-04	   1.9428200e-03	  -6.8468991e-05	   9.9920615e-13	   2.2345493e+02	
  -3.3334439e-04	  -2.3961675e-05	  -8.1044637e-04	   3.1073268e-05	  -1.4399206e-12	   2.2404734e+02	
   8.0546620e-06	   5.6624439e-07	  -5.5704757e-05	   4.0590726e-07	  -2.1921746e-12	   2.2439441e+02	
  -8.3173221e-04	   1.9811634e-05	  -1.4536323e-04	   2.7405662e-05	  -1.1853700e-12	   2.2403185e+02	
  -3.2392285e-03	  -4.9503429e-05	   8.5386395e-04	   2.3568343e-05	   2.2035724e-13	   2.2361912e+02	
   2.1696540e-03	  -7.8962090e-05	  -3.2324495e-04	   3.7556568e-06	  -1.6184859e-12	   2.2396453e+02	
   5.0259462e-04	   5.9217465e-07	  -9.2500121e-04	  -1.4111589e-05	  -1.3753331e-12	   2.2412813e+02	
   7.1556243e-04	  -1.3872561e-05	   2.7686801e-04	  -3.7207025e-05	  -1.4665154e-12	   2.2404789e+02	
   5.1884348e-05	  -1.6912003e-06	   2.2914815e-04	   5.4364543e-06	  -5.3569605e-13	   2.2375488e+02	
  -6.0055373e-04	   2.4708308e-05	  -1.7347494e-05	   3.4142469e-05	  -1.3145449e-12	   2.2404541e+02	
   2.9048176e-03	   7.9516837e-06	   2.0512867e-03	  -3.1328236e-05	  -2.0288063e-12	   2.2406862e+02	
  -5.1167825e-04	   3.9569826e-05	   2.9825739e-04	   1.9473913e-05	  -1.2271619e-12	   2.2403922e+02	
  -4.0484038e-05	  -3.6003454e-05	  -1.2293689e-04	  -1.2894445e-05	  -3.4649276e-12	   2.2426046e+02	
   2.6032724e-04	  -5.0034680e-05	  -4.9331505e-04	  -1.9559033e-05	  -1.1435780e-12	   2.2403404e+02	
   5.9686939e-04	   2.0092811e-05	  -7.1725287e-04	  -3.1768548e-05	  -4.7870711e-13	   2.2375456e+02	
  -2.9050293e-05	  -3.2170956e-05	  -3.1342287e-03	  -3.7463488e-05	  -1.0144032e-12	   2.2399108e+02	
  -3.1797270e-03	   1.3871193e-05	   2.7948688e-03	   2.6277341e-06	   6.8386730e-13	   2.2351658e+02	
   9.9990162e-04	  -2.5296591e-05	  -4.9738857e-05	  -2.3671386e-05	  -1.1587751e-12	   2.2402541e+02	
   2.3378727e-03	   1.4872706e-05	  -2.8030507e-03	  -2.7433464e-05	   6.6867025e-13	   2.2349446e+02	
  -5.7397669e-04	   2.4122751e-05	  -1.9843857e-05	   3.6136603e-05	  -1.2955486e-12	   2.2404427e+02	
  -2.3762490e-03	  -6.7457528e-05	  -9.5837184e-04	  -1.5104985e-05	  -1.7096682e-13	   2.2377396e+02	
  -1.2941797e-03	  -1.4559278e-05	  -1.3329212e-03	  -7.0557519e-06	  -4.4071448e-13	   2.2394954e+02	
   5.2482118e-05	   3.3368348e-06	   1.0199070e-03	   3.5583260e-05	  -3.4193365e-13	   2.2371182e+02	
  -4.5117775e-04	   4.8508893e-06	  -1.6811919e-03	   2.7127817e-05	  -1.8464417e-12	   2.2396214e+02	
  -1.0290731e-03	  -2.1446720e-05	   1.6294387e-03	   4.4301017e-05	  -8.3583781e-14	   2.2364793e+02	
  -5.1484374e-04	  -9.4198488e-06	  -4.3438431e-04	   4.2104820e-05	  -1.4551177e-12	   2.2405187e+02	
  -1.7940411e-03	   3.3784479e-05	  -5.1097755e-04	   1.3074786e-05	  -2.1883754e-12	   2.2413355e+02	
   3.2365991e-04	  -2.9813131e-05	  -2.6371859e-04	  -5.2726595e-05	  -1.0675928e-12	   2.2402785e+02	
   3.2521291e-03	  -8.2647217e-05	  -3.0602003e-03	   6.3921317e-05	   1.0030054e-12	   2.2343203e+02	
   2.7708568e-04	  -2.7128332e-05	  -3.3780700e-04	  -6.0139985e-05	  -1.0296003e-12	   2.2402408e+02	
  -3.9161471e-04	   6.8561969e-06	   2.0928910e-04	   6.1026530e-05	  -9.3461864e-13	   2.2401646e+02	
  -1.1386691e-04	  -6.9179344e-06	  -1.1045488e-03	  -8.7244182e-06	  -1.5463000e-12	   2.2413821e+02	
   1.4669336e-04	  -2.3709367e-05	  -3.8808052e-03	   1.2818501e-04	  -9.0802380e-13	   2.2393627e+02	
   4.1329421e-03	  -1.1940794e-05	   1.5257158e-03	  -1.3997151e-05	   6.8006803e-13	   2.2353452e+02	
  -1.4640850e-03	  -1.1233288e-05	  -1.1421708e-03	  -2.3547621e-06	  -5.3189679e-13	   2.2395997e+02	
   1.8221159e-04	   1.0793769e-04	   4.3266471e-04	   4.4471944e-05	  -3.6548908e-12	   2.2404414e+02	
  -2.0364140e-03	   3.4223860e-05	  -3.5718400e-03	   9.5354404e-05	  -5.2049900e-13	   2.2394092e+02	
   3.3964391e-03	   4.2728140e-06	  -3.0765612e-03	  -1.8275252e-05	   6.7626877e-13	   2.2366742e+02	
   3.6598562e-03	  -1.0964981e-04	   1.2247973e-03	  -5.9780414e-05	  -9.0422454e-13	   2.2393764e+02	
   1.7753409e-03	   3.9801547e-05	  -9.9278219e-04	  -2.8070754e-05	  -4.1791890e-14	   2.2364194e+02	
   6.6928076e-04	  -1.0580601e-05	   1.8302463e-03	  -5.1279651e-05	  -1.3335413e-12	   2.2401220e+02	
  -9.8256650e-04	   4.1008867e-06	  -4.0788261e-03	   5.6556273e-05	   9.6501274e-13	   2.2342411e+02	
   2.1854045e-04	  -5.2370539e-05	  -5.0536603e-04	  -1.7221508e-05	  -1.2423590e-12	   2.2404044e+02	
   2.4350442e-03	   3.2696702e-05	  -2.2983914e-03	  -4.0742067e-05	   2.0136093e-13	   2.2362740e+02	
   5.8168637e-04	   1.7517432e-05	  -1.3752691e-03	  -1.0324254e-04	  -8.3583781e-13	   2.2399889e+02	
   2.2112098e-04	   4.6123830e-05	   5.1335793e-04	  -2.8220580e-05	  -1.5159059e-12	   2.2405316e+02	
   1.0893792e-04	   6.7453285e-06	   2.0757276e-03	   5.0607759e-05	  -3.0394102e-14	   2.2363955e+02	
   4.2043811e-04	   4.5586231e-06	  -3.1409884e-04	  -7.2563588e-05	  -1.2119649e-12	   2.2403621e+02	
   4.6680545e-03	  -4.1470143e-05	   3.8687683e-04	  -1.4729463e-05	   6.1168130e-13	   2.2357264e+02	
   3.1827095e-04	   6.4560263e-05	   3.8772397e-04	  -1.4199279e-05	  -1.2005670e-12	   2.2403594e+02	
  -2.3206043e-03	   5.4511994e-05	  -3.8347597e-03	   1.1196738e-04	   1.0485965e-12	   2.2342477e+02	
   6.2240543e-04	  -3.6892903e-05	   1.0838144e-04	  -4.9861625e-05	  -3.8980436e-12	   2.2408854e+02	
  -7.8096656e-04	  -1.9813233e-05	  -5.1540245e-04	  -1.1004068e-05	  -1.3221434e-12	   2.2414392e+02	
   3.8923179e-03	  -1.3159874e-04	   1.2290535e-04	  -2.6481295e-05	  -8.8902749e-13	   2.2393529e+02	
   1.4195852e-03	   4.6197645e-05	   5.0627988e-04	   9.7927407e-06	  -3.6092996e-13	   2.2372673e+02	
  -1.0853880e-04	   4.7027570e-05	   5.9520595e-04	  -1.1021497e-05	  -1.3639354e-12	   2.2404568e+02	
   4.4188680e-03	   2.1848722e-04	  -8.5823603e-04	  -7.0838880e-05	  -2.2795577e-13	   2.2425635e+02	
   4.2733519e-04	  -2.8748277e-05	   3.1491910e-03	  -3.2901552e-04	   3.6092996e-12	   2.2251825e+02	
   2.1698341e-03	  -8.2895822e-05	  -2.8662394e-03	   5.3166532e-05	  -2.0288063e-12	   2.2401601e+02	
  -2.2094196e-03	   1.4154135e-04	  -3.0583129e-04	   2.7459227e-05	  -1.6640771e-12	   2.2395112e+02	
   2.3748692e-03	   3.6247907e-05	  -2.0001748e-03	  -3.9256946e-05	   1.6716756e-13	   2.2362425e+02	
  -5.8654101e-04	  -4.1876116e-05	  -2.2925226e-05	   5.4685606e-05	  -8.9282675e-13	   2.2401300e+02	
  -2.6781400e-04	   2.1412242e-06	   3.3686833e-03	   5.5279877e-05	   2.6214913e-13	   2.2360429e+02	
   3.9348985e-04	  -1.7959705e-05	  -1.6306026e-04	  -5.9687675e-05	  -1.3297420e-12	   2.2404406e+02	
   2.3492101e-03	   4.5059842e-05	   2.2086579e-03	   3.4452247e-05	   2.4315282e-13	   2.2360084e+02	
   8.9160395e-05	  -2.2330329e-05	  -2.3155595e-03	   1.8198675e-04	  -1.3677346e-12	   2.2404744e+02	
  -2.2705829e-03	  -1.3696254e-06	   3.4555616e-03	   1.9558697e-05	   5.5089310e-13	   2.2356078e+02	
   4.6941198e-05	  -4.3605895e-05	  -5.0997790e-04	  -4.6065994e-05	  -3.0774028e-13	   2.2394464e+02	
   3.8424586e-03	  -7.3435948e-06	  -2.0524358e-03	  -6.1313688e-06	   6.1168130e-13	   2.2355658e+02	
  -4.9386447e-04	   1.5221671e-05	  -5.8213503e-05	   4.7030484e-05	  -1.4323220e-12	   2.2405065e+02	
   1.4087451e-03	  -4.9017439e-05	  -1.2894125e-03	   2.7069043e-05	  -1.3829316e-12	   2.2401641e+02	
  -4.7937734e-04	  -4.9383605e-06	   6.6892437e-04	   4.0483876e-06	  -1.3867309e-12	   2.2417134e+02	
  -4.0139528e-04	   4.1417697e-05	   6.1170555e-04	  -1.6840775e-06	  -1.4019279e-12	   2.2404445e+02	
   3.4512423e-03	  -1.4913102e-05	  -1.8972568e-03	  -1.4600325e-06	   7.6745108e-13	   2.2345642e+02	
  -9.2177448e-04	   3.5939134e-05	   3.4272920e-04	   9.5287003e-06	  -1.6602778e-12	   2.2404394e+02	
  -4.2423813e-03	   1.3822053e-04	  -1.5770369e-03	   6.5478940e-05	   1.0789906e-12	   2.2342442e+02	
  -8.0653889e-04	   3.1065119e-05	   1.0816440e-04	   2.0757976e-05	  -1.6146866e-12	   2.2405067e+02	
  -1.9469510e-03	   2.9744998e-05	  -4.1435980e-04	   1.2178713e-05	  -2.5037142e-12	   2.2410791e+02	
  -4.8179486e-04	  -1.5102349e-05	  -2.1780428e-04	   5.1779985e-05	  -1.4171250e-12	   2.2404985e+02	
   2.4754454e-05	  -8.6652393e-06	  -4.2478235e-03	   3.7935068e-06	   6.4967393e-13	   2.2353256e+02	
  -5.2671613e-04	  -2.2667766e-05	   1.8487559e-04	   6.5837430e-05	  -9.3841790e-13	   2.2401654e+02	
   1.0987154e-03	   4.7718549e-05	   4.9975902e-04	   1.9021598e-05	   1.3677346e-13	   2.2358996e+02	
   6.0735124e-04	   5.9659651e-05	   8.4652535e-05	  -4.5546847e-05	  -1.2461582e-12	   2.2403838e+02	
   4.0338348e-03	  -4.7239446e-05	   1.5356115e-03	  -2.7504215e-05	   9.3841790e-13	   2.2344730e+02	
   4.4204874e-04	   1.0692029e-05	  -2.2059933e-04	  -6.8470279e-05	  -1.0561950e-12	   2.2402639e+02	
  -1.6171294e-05	   2.9123895e-06	   6.5708779e-04	   3.6637807e-06	  -1.3943295e-12	   2.2413607e+02	
  -3.6207033e-04	  -1.4724298e-06	   5.6755990e-04	   7.6133325e-05	  -5.5469236e-13	   2.2397854e+02	
  -1.6935859e-03	   4.5812150e-05	  -8.9451060e-04	   2.9525601e-05	  -2.4011341e-12	   2.2411958e+02	
  -1.6386868e-04	   4.7779238e-05	   3.4569703e-04	   3.6810546e-05	  -1.2727531e-12	   2.2404187e+02	
   1.6197814e-03	  -5.5346089e-05	  -4.0821932e-03	   1.1313502e-04	   1.1131839e-12	   2.2339481e+02	
  -6.3780484e-04	  -5.9485505e-05	  -1.3201347e-04	   4.4773398e-05	  -1.1967678e-12	   2.2403566e+02	
  -4.2462884e-03	   1.7919596e-04	   9.2679017e-05	   1.6751890e-05	  -5.2429826e-13	   2.2393566e+02	
   1.2456926e-03	   2.8548866e-05	   2.7687882e-03	   5.0915150e-05	   2.2415650e-13	   2.2359636e+02	
   6.1783078e-04	   7.1203685e-05	   2.6615822e-04	  -1.6954453e-05	  -5.4329457e-13	   2.2397709e+02	
  -5.3114974e-04	  -1.4135602e-05	   1.1487775e-03	   3.8975588e-05	  -2.2795577e-13	   2.2367699e+02	
   4.3329234e-04	   6.9802241e-05	   3.3669408e-04	  -1.5438940e-05	  -1.2803515e-12	   2.2404104e+02	
   1.2139121e-04	  -5.3425149e-05	  -4.4345409e-04	  -3.5336598e-05	  -1.2347603e-12	   2.2403983e+02	
   3.4474975e-04	   9.1716899e-06	   2.0449456e-04	   4.7635866e-06	  -5.2049900e-13	   2.2375840e+02	
  -1.6586476e-04	   4.3005002e-05	   3.5441719e-04	   4.4754015e-05	  -1.1739721e-12	   2.2403554e+02	
  -3.2841791e-03	  -3.0567244e-05	   1.9280547e-03	   2.9745428e-05	   4.0272185e-13	   2.2358785e+02	
  -2.4044604e-03	   6.3558203e-05	   2.5263523e-03	  -3.4956840e-05	  -1.1321803e-12	   2.2394944e+02	
  -1.5922367e-03	  -1.9350089e-04	  -1.9889198e-03	  -1.9665354e-04	  -3.4459314e-12	   2.2419547e+02	
  -4.1067336e-03	   1.8875541e-04	   2.6090365e-04	   9.3988694e-06	  -6.6107172e-13	   2.2392764e+02	
  -4.1297708e-03	   7.3766467e-05	   1.4900375e-03	  -1.3106114e-05	   9.3081938e-13	   2.2345411e+02	
  -2.7763734e-03	  -4.3582262e-05	   1.5180576e-03	   4.5921002e-05	  -5.5849163e-13	   2.2395850e+02	
  -8.5695749e-04	  -1.0550941e-05	  -7.2028838e-04	  -4.5590134e-06	  -3.3661468e-12	   2.2416249e+02	
   1.4068248e-04	   6.5155705e-05	   4.2700130e-04	   5.9413785e-06	  -1.3563368e-12	   2.2404511e+02	
   4.8048115e-04	   1.2688943e-04	   3.7704766e-04	   1.3411762e-05	  -3.6282960e-12	   2.2404738e+02	
   1.7169437e-03	  -3.9551215e-05	   4.0192055e-03	  -1.7046605e-04	  -5.2049900e-13	   2.2394114e+02	
   3.1540918e-04	  -7.6917561e-07	  -3.0867423e-03	  -5.3498669e-05	   1.8616388e-13	   2.2361740e+02	
   3.7698189e-04	   5.3778795e-07	  -4.6943933e-04	  -7.7779263e-05	  -1.1739721e-12	   2.2403433e+02	
  -1.1947050e-03	  -2.0211943e-04	   8.7241910e-04	   1.7944220e-04	  -3.2103770e-12	   2.2432518e+02	
  -1.8826301e-03	   6.1895894e-05	   1.5922894e-05	   7.2390460e-06	  -1.5121066e-12	   2.2401948e+02	
   5.4555854e-04	  -1.1997888e-05	  -1.6976511e-03	   1.2771854e-05	  -2.2529628e-12	   2.2412686e+02	
   5.7473453e-04	   6.8401801e-05	   2.0793764e-04	  -3.1248787e-05	  -1.3031472e-12	   2.2404198e+02	
   1.6863431e-03	   4.4805805e-05	   1.9854440e-03	   4.1589890e-05	  -1.4437198e-13	   2.2373877e+02	
  -2.7856286e-03	   8.7905129e-05	  -2.7666111e-03	   1.1403287e-04	  -8.5483412e-13	   2.2393496e+02	
   2.7502893e-04	  -4.7694683e-06	  -6.9903314e-04	  -8.4130090e-05	  -5.9648425e-13	   2.2398396e+02	
  -1.2816934e-04	  -4.0884847e-05	  -6.3607525e-04	  -3.2239019e-05	   3.6092996e-13	   2.2382981e+02	
   2.9483958e-03	   1.1251318e-05	   1.3827669e-03	  -3.8097280e-06	   8.3583781e-13	   2.2341597e+02	
  -2.4000992e-03	  -3.9810202e-05	  -1.3143518e-04	   2.1052752e-05	  -1.7818542e-12	   2.2398263e+02	
   1.7517510e-03	   1.7593083e-04	   3.3136390e-04	  -1.7343841e-08	  -3.1077969e-12	   2.2407793e+02	
  -2.0062132e-03	   7.2449053e-05	   3.9914649e-04	  -8.8492709e-06	  -1.7362630e-12	   2.2394077e+02	
  -1.8352940e-03	   6.8094894e-05	   3.9521726e-03	  -1.1847136e-04	   1.1207826e-12	   2.2339313e+02	
  -2.2271299e-03	   1.0647384e-04	   1.2191714e-04	   2.1987057e-07	  -1.6450807e-12	   2.2393691e+02	
  -1.0903128e-05	  -1.1085446e-05	  -1.2787551e-04	   1.8008536e-06	  -2.6518854e-12	   2.2427152e+02	
   2.8252809e-04	  -2.9690899e-05	  -3.0750849e-04	  -5.8593356e-05	  -1.4893110e-12	   2.2405308e+02	
  -1.6494505e-03	   2.8238537e-05	  -1.0107942e-03	   2.6082092e-05	  -2.6898780e-12	   2.2407691e+02	
   7.3765519e-04	  -1.5589976e-05	   4.1402792e-03	  -2.1016497e-04	  -5.8888573e-13	   2.2392995e+02	
   5.4138041e-04	   2.0968779e-06	   1.1750410e-03	  -2.2721261e-05	  -2.6518854e-12	   2.2409077e+02	
   6.1646985e-04	   3.5098674e-05	  -3.9312035e-04	  -7.5252134e-05	  -1.2575560e-12	   2.2403944e+02	
   2.8537034e-04	  -6.8618524e-07	   4.4286017e-03	  -2.0616950e-04	   1.1929685e-12	   2.2338640e+02	
  -9.2007545e-04	   3.1641182e-05	  -1.2801042e-03	   9.5010025e-05	  -1.9186276e-12	   2.2405071e+02	
  -2.7454410e-03	  -1.4940848e-04	  -1.0590978e-03	  -2.2064507e-05	  -2.6974766e-12	   2.2409398e+02	
   4.3796836e-04	  -2.0814356e-06	   1.6778833e-03	  -5.7584894e-05	  -1.7058689e-12	   2.2402226e+02	
   1.3214232e-03	  -3.7562234e-06	   4.2928751e-03	  -4.2894681e-05	   7.8264813e-13	   2.2350965e+02	
  -5.7918360e-04	  -4.4909262e-05	  -9.0332495e-05	   5.3175496e-05	  -1.3221434e-12	   2.2404347e+02	
  -2.5060799e-04	  -1.4240376e-05	  -2.1587093e-04	  -1.0080016e-05	  -5.0910121e-13	   2.2375266e+02	
   6.0456077e-04	   2.4988920e-05	  -8.9407340e-04	  -6.1980445e-05	   4.0272185e-13	   2.2382184e+02	
   2.2557727e-04	   9.1106391e-06	   9.0023108e-04	   3.1859323e-05	  -3.4193365e-13	   2.2371789e+02	
  -7.6507886e-04	   1.7549735e-05	  -5.2413486e-04	   4.8902449e-05	  -3.8866459e-12	   2.2402098e+02	
   1.1958441e-04	  -4.7580947e-05	  -2.1187674e-04	  -9.7954546e-05	  -3.9854266e-12	   2.2412932e+02	
   8.0052311e-04	  -1.7988898e-05	   1.7748467e-03	  -6.2869989e-05	  -1.5918911e-12	   2.2401764e+02	
   3.6455910e-03	  -4.1154712e-05	   2.7286850e-03	  -4.2810829e-05	   8.1304223e-13	   2.2350577e+02	
   4.0615140e-04	   6.8896661e-05	   3.4737043e-04	  -1.5160515e-05	  -1.3905302e-12	   2.2404764e+02	
  -3.8649384e-03	   8.7071690e-05	   2.1712777e-03	  -3.4388530e-05	   9.7641048e-13	   2.2344503e+02	
  -1.1579136e-03	  -1.3906590e-05	  -4.6993118e-04	  -4.4875462e-06	  -1.1815708e-12	   2.2409447e+02	
   8.7772700e-04	   1.3735924e-04	  -1.6444015e-03	  -2.8592421e-04	   3.8828465e-12	   2.2295246e+02	
   4.0293804e-04	   4.1293512e-06	  -3.8518541e-04	  -7.4904940e-05	  -1.3867309e-12	   2.2404844e+02	
  -1.0757735e-04	   5.5809792e-05	   4.6247180e-04	   3.2200787e-06	  -1.5576977e-12	   2.2405414e+02	
  -4.7198487e-04	  -1.2946234e-05	   2.6288507e-04	   1.1534259e-05	  -4.4831301e-13	   2.2374012e+02	
  -6.6466657e-04	   2.7907383e-05	   3.3820404e-05	   3.0739271e-05	  -1.5007088e-12	   2.2405212e+02	
   2.8630106e-03	   5.8833524e-05	  -1.7774564e-03	  -7.0783372e-05	  -2.3935355e-12	   2.2410067e+02	
   3.6859496e-03	  -8.1249833e-05	  -1.2848068e-03	  -6.2613610e-06	  -8.0924297e-13	   2.2396040e+02	
   1.5105722e-03	  -4.7913869e-05	  -4.1210042e-03	   1.0314796e-04	   1.0789906e-12	   2.2340503e+02	
  -3.6558223e-04	   4.5712782e-05	   3.0024413e-04	   2.5051766e-05	  -1.5197051e-12	   2.2405318e+02	
  -1.3747565e-03	  -1.8392101e-04	  -1.0811741e-03	  -9.7296426e-05	  -3.6472923e-12	   2.2409406e+02	
   2.2477141e-04	  -2.5540083e-05	  -4.4127185e-04	  -6.7822726e-05	  -1.3943295e-12	   2.2404891e+02	
  -1.5199463e-03	   2.9928986e-05	   1.4932263e-03	  -2.2518631e-05	  -2.6328890e-12	   2.2413668e+02	
   5.1886524e-04	   1.9382480e-05	  -5.2746732e-04	  -8.1620336e-05	  -1.4209243e-12	   2.2404795e+02	
  -3.7432165e-03	   1.0419811e-04	  -2.3566414e-03	   8.0149391e-05	   1.0903885e-12	   2.2340736e+02	
   9.7201379e-04	   9.9554688e-06	  -1.9366012e-03	  -4.2881850e-05	  -4.1032038e-13	   2.2395077e+02	
  -1.2836289e-04	  -4.0459101e-05	  -2.5118239e-03	  -1.6697940e-04	  -2.9064360e-12	   2.2408318e+02	
  -2.2416068e-03	   1.1893848e-04	   3.0378017e-04	  -9.4899062e-06	  -1.6336830e-12	   2.2393255e+02	
  -4.6034378e-04	  -1.8623523e-05	   1.8216695e-04	   1.3909703e-05	  -4.7110858e-13	   2.2374630e+02	
   6.3626035e-04	   7.5882002e-05	   2.3172026e-04	  -2.2965116e-05	  -1.3981287e-12	   2.2404697e+02	
  -6.7179320e-04	  -9.0157280e-07	  -4.4048671e-03	   5.7670811e-05	   8.5863338e-13	   2.2348258e+02	
  -6.5317038e-05	   4.4038890e-05	   4.5970686e-04	   5.3427415e-05	  -1.2309611e-12	   2.2403920e+02	
   4.4389414e-03	  -1.7911303e-04	  -1.4827507e-03	   4.6956495e-05	   1.0523957e-12	   2.2344591e+02	
   3.9259213e-04	  -4.7695951e-05	  -4.5668159e-04	  -1.9671228e-05	  -1.4665154e-12	   2.2405130e+02	
   1.6906026e-03	   2.7784046e-05	   3.1783156e-03	   3.9282935e-05	   3.9512333e-13	   2.2357247e+02	
   1.8551518e-04	   1.6952612e-05	   1.7356383e-03	  -1.2266675e-04	  -1.9338247e-12	   2.2404556e+02	
   4.4427390e-04	   3.7320605e-06	   4.6820670e-04	  -9.1847346e-07	  -1.4969095e-12	   2.2412772e+02	
  -3.0272327e-03	   4.8219892e-05	  -2.6050396e-03	   8.1437207e-05	  -7.3705698e-13	   2.2395505e+02	
  -3.1586678e-03	  -4.5174602e-05	  -1.6861905e-03	  -1.3053650e-05	   3.8372554e-13	   2.2357912e+02	
  -3.8328533e-03	   1.6767430e-04	  -1.8867933e-03	   1.0426523e-04	  -5.2809752e-13	   2.2393705e+02	
  -2.3723274e-03	   7.1763359e-05	   3.7853025e-03	  -9.2145372e-05	   1.0182024e-12	   2.2343515e+02	
   9.6866811e-04	  -1.8693407e-05	  -8.9351565e-04	  -3.9839893e-07	   3.3167563e-12	   2.2263862e+02	
   4.4019418e-04	   1.3148478e-05	   3.2631587e-03	   5.5056658e-05	   3.0774028e-13	   2.2358403e+02	
  -1.6215320e-03	  -3.3342509e-05	  -1.9565032e-03	  -1.0531747e-05	  -1.7476609e-12	   2.2398051e+02	
  -4.5824727e-04	  -2.0075168e-06	  -4.8548162e-04	  -1.1671984e-06	  -1.9376240e-12	   2.2421523e+02	
  -7.3669327e-04	  -4.8304650e-05	   3.4290071e-04	   7.0364516e-05	  -1.0789906e-12	   2.2402824e+02	
  -2.2475277e-03	  -5.7097259e-05	  -9.1703296e-04	  -1.2870214e-05	  -1.4057272e-13	   2.2372345e+02	
   1.7092200e-04	   6.4935855e-05	   4.8358455e-04	   3.2755348e-05	  -1.4589169e-12	   2.2405046e+02	
   2.5864942e-04	   3.6714634e-06	  -1.8288792e-03	  -4.7957121e-05	  -7.5985255e-15	   2.2362910e+02	
  -1.9061699e-04	   1.9940033e-05	   6.6322930e-04	   7.7987471e-05	  -1.2537567e-12	   2.2403956e+02	
  -3.7403778e-03	   1.4162196e-04	   2.3554081e-03	  -7.3528918e-05	   1.1359796e-12	   2.2340062e+02	
  -6.3134310e-04	   1.8215140e-05	   1.4655103e-03	  -3.0711894e-05	  -1.9908137e-12	   2.2392623e+02	
  -3.0307178e-03	   8.3422925e-06	   1.2484251e-03	   1.0884857e-05	   9.9160753e-13	   2.2336675e+02	
  -2.1025514e-04	   2.5656596e-05	   4.8861384e-04	   6.8147663e-05	  -1.4171250e-12	   2.2404858e+02	
  -2.9185267e-03	  -3.6005950e-05	  -2.3293964e-03	  -1.6475844e-05	   4.5971079e-13	   2.2356413e+02	
   3.1875886e-05	  -4.7798731e-05	  -5.5418186e-04	  -5.3977841e-05	  -2.4277290e-12	   2.2400772e+02	
  -3.0683104e-03	  -2.5158208e-04	   1.2892905e-03	   1.3799779e-04	  -2.3441451e-12	   2.2435876e+02	
   2.6624451e-06	  -4.6283625e-05	  -5.8887962e-04	  -6.2560048e-05	  -1.2537567e-12	   2.2404085e+02	
  -9.7235133e-04	   1.7003934e-05	  -4.2926137e-03	   1.2064395e-04	   1.0941877e-12	   2.2340305e+02	
  -8.9944858e-05	   5.7608609e-05	   4.3052301e-04	   1.0242546e-05	  -1.8122483e-12	   2.2406097e+02	
  -2.9487993e-03	  -1.1544323e-04	   2.9017638e-03	   1.5586613e-04	  -2.7316700e-12	   2.2428584e+02	
   2.5570794e-03	  -1.8434450e-04	   2.8179329e-04	  -3.6997735e-05	  -1.3373405e-12	   2.2403214e+02	
   3.0361929e-04	  -1.6346747e-05	  -4.4871108e-03	   9.8142034e-05	   9.8020979e-13	   2.2344810e+02	
   2.8842418e-03	  -4.2354990e-05	   1.9290176e-03	  -5.3642212e-05	  -1.1891692e-12	   2.2395241e+02	
  -4.3355162e-03	   1.6366755e-04	  -9.6090429e-04	   4.9921458e-05	   1.1587751e-12	   2.2339438e+02	
   1.3757219e-03	   2.8951615e-05	   1.6776000e-03	   1.9950010e-05	  -5.1290047e-13	   2.2396261e+02	
   1.9078653e-03	   4.9753682e-05	   5.7372148e-06	  -6.2048868e-06	  -2.0136093e-13	   2.2369347e+02	
   5.0464908e-04	   1.8988446e-05	  -4.2895723e-04	  -4.2660199e-05	   3.1533881e-13	   2.2383374e+02	
  -1.1714476e-03	  -1.4142035e-06	  -1.6141545e-03	   9.6298788e-06	  -2.5683016e-12	   2.2407128e+02	
   1.1084602e-04	   6.3318039e-05	   4.4214017e-04	   2.7771439e-05	  -1.5425007e-12	   2.2405474e+02	
  -2.3409368e-04	  -6.5559696e-05	  -1.0363338e-03	  -2.1631667e-04	   9.9540684e-13	   2.2400218e+02	
  -3.8231512e-04	  -2.6595823e-05	  -3.1917474e-04	   8.3934344e-05	  -4.0994046e-12	   2.2401026e+02	
   2.1056627e-03	  -5.6644764e-05	  -7.1724154e-04	   9.3620190e-06	  -2.6518854e-12	   2.2402460e+02	
  -1.9608568e-04	   5.3772899e-05	   4.0480915e-04	   1.5043145e-05	  -1.8274453e-12	   2.2406079e+02	
   3.8792233e-04	   7.4836498e-05	   4.3296680e-04	   1.1690240e-05	  -1.5804933e-12	   2.2405582e+02	
  -4.0870343e-03	   8.0238344e-05	  -1.8077823e-03	   4.8974379e-05	   9.7261127e-13	   2.2345194e+02	
  -4.5429179e-04	  -1.0662561e-06	   1.9160576e-04	   3.8494483e-05	  -4.5591153e-14	   2.2390411e+02	
   3.6059474e-03	  -8.2177736e-05	  -2.9329146e-03	   5.3678224e-05	   8.8522822e-13	   2.2349290e+02	
  -8.2719212e-04	   1.7191491e-06	   1.4852846e-03	   1.2153696e-06	  -2.8076552e-12	   2.2416484e+02	
   3.8197108e-03	   1.0174399e-05	  -1.5189455e-03	  -1.2577308e-05	   5.9648425e-13	   2.2354444e+02	
   8.9827637e-04	   6.7929388e-05	  -2.5582915e-04	  -5.9059381e-05	  -1.3943295e-12	   2.2404707e+02	
  -4.7503052e-04	  -6.6902343e-05	   1.5042639e-03	   2.7480372e-04	  -3.0090161e-12	   2.2434870e+02	
  -5.1435986e-04	  -1.6173790e-05	   3.5726197e-04	   7.3996521e-05	  -1.4855118e-12	   2.2405122e+02	
   4.9251067e-04	   4.1208615e-05	   1.1378508e-04	  -5.4768192e-05	  -1.7476609e-12	   2.2405987e+02	
  -1.3544690e-03	   1.3812539e-05	   2.9911183e-03	  -2.6506830e-06	   1.0333995e-12	   2.2335546e+02	
  -1.1984797e-04	   2.9771459e-05	   5.0267778e-04	   2.8723778e-05	  -3.7992628e-14	   2.2390186e+02	
  -2.8191207e-03	  -1.3472520e-06	   1.3838001e-03	   1.5390857e-05	   9.1562233e-13	   2.2338941e+02	
  -2.3934036e-06	  -3.7484486e-05	  -5.9297223e-04	  -3.1428703e-05	   9.4981569e-14	   2.2387903e+02	
   3.0343022e-03	   5.0186019e-05	  -1.0442305e-03	  -2.3379777e-05	   3.3053586e-13	   2.2357595e+02	
   1.2298540e-03	  -2.5573900e-05	   1.4622729e-03	  -3.8816499e-05	  -2.3935355e-12	   2.2412007e+02	
   3.8351669e-04	  -6.4567078e-06	   2.4588646e-03	  -1.0155349e-04	  -2.8988375e-12	   2.2407228e+02	
   5.7509037e-04	   7.0010632e-05	   2.1008467e-04	  -3.1031297e-05	  -1.6830735e-12	   2.2405856e+02	
  -6.6282754e-04	  -8.7154891e-05	  -2.9006762e-03	  -2.6552609e-04	  -3.2749645e-12	   2.2420692e+02	
   8.9410114e-04	   7.6183263e-05	  -6.8850394e-05	  -4.5174733e-05	  -1.4171250e-12	   2.2404817e+02	
   2.6698284e-03	   3.0347357e-05	  -2.3370222e-03	  -3.5343947e-05	   3.8752480e-13	   2.2357626e+02	
  -4.8661472e-04	  -1.2544044e-05	   6.2033444e-04	   8.2941067e-05	  -1.3829316e-12	   2.2404623e+02	
  -6.1176938e-04	  -1.9231018e-05	   2.2140793e-04	   1.0957611e-05	  -3.7232775e-13	   2.2372354e+02	
  -3.1669436e-04	  -4.9550607e-05	  -1.2054706e-03	  -9.2877843e-05	  -6.4967393e-13	   2.2398965e+02	
  -3.3456325e-05	   3.6651599e-06	   3.9985433e-04	   1.2629908e-05	  -4.6730932e-13	   2.2374822e+02	
  -2.9289277e-04	   2.6318122e-05	   2.7347371e-04	   5.8045378e-05	  -1.7970512e-12	   2.2406214e+02	
   1.4657663e-03	  -1.8552755e-05	   8.7082773e-04	  -2.8950574e-05	  -3.6055003e-12	   2.2404468e+02	
   1.3209041e-03	  -8.0217324e-05	   1.6773433e-03	  -1.1983156e-04	  -1.7704564e-12	   2.2394157e+02	
  -2.5133164e-03	   8.5487336e-05	   3.5728340e-03	  -1.0202015e-04	   1.1321803e-12	   2.2339933e+02	
   7.3433155e-05	  -3.0737236e-05	  -7.4127652e-04	  -7.9697853e-05	  -1.2575560e-12	   2.2404071e+02	
   3.0697902e-03	   5.3400614e-05	  -6.7960032e-04	  -1.7559938e-05	   3.2293733e-13	   2.2357433e+02	
  -3.7749132e-04	  -3.0266857e-06	   6.0796663e-04	   8.1672562e-05	  -1.1169833e-12	   2.2403222e+02	
   2.5787662e-03	   2.3744946e-05	  -2.6000492e-03	  -3.3428976e-05	   4.5591153e-13	   2.2356031e+02	
  -2.2184886e-04	   1.2506500e-05	   7.9194024e-04	   8.5910247e-05	  -1.1815708e-12	   2.2403582e+02	
  -1.2255332e-03	  -1.0747478e-04	  -2.2764726e-03	  -1.3098762e-04	  -2.8456478e-12	   2.2408633e+02	
   3.7596019e-04	   2.3490135e-06	   1.5140775e-03	  -5.0082978e-05	  -1.6184859e-12	   2.2402971e+02	
   3.7824144e-03	  -1.3253466e-04	   1.3486837e-03	  -8.3686002e-05	  -1.7020697e-12	   2.2410785e+02	
   1.2360278e-03	  -3.8077160e-05	  -1.8732721e-04	  -1.5445645e-05	  -1.6184859e-12	   2.2403684e+02	
   1.8279037e-04	  -2.8883176e-06	  -1.4920455e-03	  -2.5762631e-05	  -2.3061525e-12	   2.2410517e+02	
  -2.3543456e-04	   2.2770442e-05	   3.7300300e-04	   4.8870184e-05	  -3.9512333e-13	   2.2395914e+02	
  -1.6935655e-04	  -1.3174504e-05	  -6.8824664e-04	  -2.0235151e-05	  -2.0098100e-12	   2.2412300e+02	
   2.5031342e-06	  -6.2417305e-05	  -4.8855514e-04	  -2.5231821e-05	  -1.6640771e-12	   2.2405891e+02	
  -7.7601132e-04	  -5.1166604e-05	   3.9419636e-04	   7.1761267e-05	  -1.0865891e-12	   2.2402975e+02	
  -1.0502527e-03	   1.5056815e-05	  -1.7914968e-03	   3.9087579e-05	  -2.6024949e-12	   2.2409613e+02	
  -7.9246474e-04	  -7.1122857e-05	  -1.0595534e-03	  -5.0962870e-05	  -2.2833569e-12	   2.2400537e+02	
  -4.4975133e-03	   1.2416704e-04	  -1.5627674e-04	   1.7372870e-05	   1.0258009e-12	   2.2343929e+02	
   5.0356778e-04	   1.7667484e-05	  -4.7274675e-04	  -8.0176240e-05	  -1.7248653e-12	   2.2405969e+02	
   1.9370975e-03	  -3.4149100e-05	   2.0302634e-04	  -1.1633440e-05	  -2.5493054e-12	   2.2410643e+02	
  -5.1135497e-04	  -1.8647887e-05	   4.8309244e-04	   7.7870809e-05	  -1.2157641e-12	   2.2403926e+02	
   1.9726374e-03	  -3.0474316e-05	   3.3860331e-03	  -7.3755702e-05	   1.1663737e-12	   2.2333751e+02	
  -7.4402606e-04	   3.8503258e-05	   1.9316855e-03	  -7.1448707e-05	  -1.6754748e-12	   2.2400417e+02	
  -4.0606637e-03	   1.6310756e-04	   2.0095772e-03	  -6.5668694e-05	   1.1131839e-12	   2.2341879e+02	
   8.7418447e-04	   5.7517823e-05	  -4.7330205e-04	  -7.2009538e-05	  -1.3677346e-12	   2.2404635e+02	
  -2.4522055e-03	  -8.0370890e-05	  -1.6415123e-03	  -3.2314016e-05	  -5.3189679e-13	   2.2396110e+02	
  -2.5607029e-04	  -7.7340368e-06	  -9.4903022e-04	   2.0090761e-07	   3.9094413e-12	   2.2238096e+02	
   2.5642695e-03	  -1.2035683e-04	   5.5524610e-04	  -4.0827836e-05	  -1.1777715e-12	   2.2401701e+02	
   3.1891708e-03	   5.5995871e-05	  -8.0815733e-04	  -2.2420027e-05	   9.4981569e-14	   2.2369554e+02	
  -7.7587766e-04	  -8.8832552e-05	  -4.2314131e-04	  -2.1856797e-06	  -1.2727531e-12	   2.2404130e+02	
   1.4154615e-03	  -1.0932548e-05	   1.5078204e-03	  -2.3565408e-05	  -2.4011341e-12	   2.2412830e+02	
   5.2128489e-04	   2.5427498e-05	  -1.6949224e-04	  -6.8263329e-05	  -1.9870145e-12	   2.2406057e+02	
   3.8710991e-04	   1.5082432e-05	  -2.4050156e-04	  -1.5398641e-05	  -4.2931669e-13	   2.2374006e+02	
  -5.0063157e-04	   2.4280487e-05	   3.4112723e-05	   4.5485805e-05	  -1.7590587e-12	   2.2406024e+02	
  -9.1964056e-04	  -1.9332500e-06	  -2.2015108e-04	   7.3702154e-07	  -2.2757584e-12	   2.2394848e+02	
  -8.2558324e-05	  -8.1250822e-06	  -4.4490514e-03	   5.9137273e-05	   8.7762970e-13	   2.2347904e+02	
   2.9600274e-04	   5.9264657e-05	   4.4167615e-04	   6.7267294e-06	  -4.6351006e-13	   2.2396887e+02	
   2.6027270e-04	   1.0494927e-05	   2.6603926e-04	  -8.0737355e-05	  -4.1791890e-12	   2.2404868e+02	
   3.1102609e-04	   7.2634437e-05	   4.1519739e-04	   5.0618721e-06	  -1.7818542e-12	   2.2406079e+02	
  -1.4100820e-03	  -4.1332549e-06	  -3.9762367e-03	   1.5356186e-05	   7.4085624e-13	   2.2350292e+02	
  -2.6540921e-03	   3.4251581e-05	  -3.1792973e-03	   6.8467652e-05	  -4.5591153e-13	   2.2395059e+02	
  -2.3590454e-04	   3.0982491e-06	   7.3896746e-05	  -8.7669916e-06	  -2.6328890e-12	   2.2423026e+02	
  -3.6542205e-04	  -1.1436492e-05	  -3.4429685e-03	   6.5913274e-05	  -1.2233626e-12	   2.2395588e+02	
  -2.0064232e-04	  -1.1541061e-05	  -1.5902367e-04	  -8.8192576e-06	  -4.3691522e-13	   2.2373758e+02	
  -1.7834311e-03	   1.3754465e-04	  -6.9491118e-04	   7.3885090e-05	  -1.9718174e-12	   2.2403187e+02	
   1.9219045e-04	   2.5714613e-07	   1.1394731e-03	  -3.0622734e-06	  -1.7856535e-12	   2.2414089e+02	
   7.3834295e-04	  -5.4298129e-05	  -4.2746119e-03	   2.0253603e-04	  -5.1669974e-13	   2.2394768e+02	
   9.5128576e-04	   1.4325629e-05	  -7.6432467e-04	  -2.1168589e-05	  -2.5113126e-12	   2.2409010e+02	
  -8.7169347e-04	   5.3001458e-05	  -2.0100322e-03	   1.4263036e-04	  -1.7514601e-12	   2.2394004e+02	
   2.9997407e-03	   2.0474128e-05	   2.4974253e-03	   8.2743170e-06	   6.4967393e-13	   2.2350832e+02	
  -1.3464534e-03	   6.5710284e-06	  -3.3371393e-04	   3.7582775e-06	  -2.0250070e-12	   2.2397744e+02	
   3.3527895e-03	  -6.4491891e-05	   1.9639923e-03	  -5.0207055e-05	   1.1967678e-12	   2.2332712e+02	
  -1.5894033e-03	   1.0195402e-05	   1.1169556e-03	   1.2792068e-06	  -2.5113126e-12	   2.2408326e+02	
   9.1580304e-04	   6.3169951e-05	  -3.9016474e-04	  -6.6330849e-05	  -1.5083073e-12	   2.2405314e+02	
  -1.4542646e-03	   6.4282409e-05	   2.0364978e-03	  -7.5879845e-05	  -2.7544655e-12	   2.2407459e+02	
   1.8471048e-03	  -4.8840586e-05	   9.3710519e-04	  -3.2870052e-05	  -1.6640771e-12	   2.2399787e+02	
  -1.2720243e-03	   1.7253591e-05	   3.0654823e-03	  -1.1968012e-05	   1.1017862e-12	   2.2333681e+02	
  -9.2272875e-04	  -7.6661854e-05	   2.5575536e-05	   4.3863139e-05	  -1.3563368e-12	   2.2404701e+02	
   1.3119598e-03	  -7.0282033e-05	  -4.3209956e-03	   1.9370964e-04	   1.1853700e-12	   2.2339413e+02	
  -1.0990543e-03	  -5.7466441e-05	  -4.5770806e-04	  -6.2021475e-06	  -2.5455060e-13	   2.2393092e+02	
  -2.3985477e-04	  -3.2953383e-05	   2.5544354e-04	   1.2643424e-04	  -4.0272185e-12	   2.2414715e+02	
  -5.0778282e-04	  -1.7942119e-05	   1.5356619e-04	   6.6888253e-05	  -1.9338247e-12	   2.2406200e+02	
  -1.9880330e-03	   3.8973507e-05	  -1.0311275e-03	   3.3096512e-05	   3.7840657e-12	   2.2242999e+02	
  -9.0213438e-04	   1.8326560e-05	   2.1592875e-03	  -2.0281703e-05	  -9.8780832e-13	   2.2400014e+02	
  -1.2441387e-04	   9.5838774e-06	   1.9858931e-03	  -5.1732415e-05	  -1.7552594e-12	   2.2397576e+02	
   1.1077873e-03	   4.0502702e-05	   5.3267397e-04	   1.6234632e-05	  -9.8780832e-14	   2.2365094e+02	
   5.5415245e-04	   3.8912807e-05	   8.9216441e-04	   3.1556965e-05	  -2.9634250e-13	   2.2394077e+02	
  -4.0540391e-04	  -1.4376023e-06	  -1.9201444e-03	   3.9523085e-05	  -2.7088743e-12	   2.2407574e+02	
   1.1387611e-03	   7.8547833e-05	  -3.0364055e-04	  -5.4219323e-05	  -1.6070882e-12	   2.2405372e+02	
  -2.3183645e-03	   6.5156367e-05	   2.4706738e-05	   5.1208102e-06	  -2.8380493e-12	   2.2411136e+02	
  -1.9561107e-03	   1.2431520e-04	  -4.1121163e-04	   3.6192410e-05	  -1.8654381e-12	   2.2394721e+02	
   1.2936467e-03	   4.6586308e-05	   4.9033165e-04	   1.2455703e-05	  -1.8996314e-13	   2.2368004e+02	
  -6.1642771e-04	  -4.5492219e-05	  -7.7043638e-04	  -2.4444679e-05	  -2.6974766e-13	   2.2393938e+02	
  -1.0450845e-03	  -7.3578893e-05	   2.5698550e-04	   5.6295466e-05	  -1.4969095e-12	   2.2405055e+02	
  -1.0008238e-03	  -1.4498899e-04	  -1.3668285e-03	  -1.3513261e-04	  -3.7384746e-12	   2.2406668e+02	
  -5.0720756e-04	  -1.3627871e-05	  -4.7668878e-04	   4.3696418e-05	  -1.7856535e-12	   2.2406014e+02	
   5.9804144e-04	   7.2818722e-05	   2.1357963e-04	  -2.8785617e-05	  -1.8578394e-12	   2.2406073e+02	
   2.7635746e-03	  -2.7490014e-05	  -3.8992522e-03	   2.1438118e-05	   6.5727246e-13	   2.2363419e+02	
  -1.6792589e-04	   1.7721388e-05	   8.4531031e-04	   8.5626325e-05	  -1.6488800e-12	   2.2405875e+02	
   4.0948017e-04	   8.1946015e-06	  -1.5439270e-03	  -4.7500435e-05	  -1.7476609e-13	   2.2368329e+02	
   9.0435664e-04	  -9.5981908e-05	  -2.0629686e-03	   1.6969089e-04	  -1.8236461e-12	   2.2403124e+02	
   6.3432957e-04	   8.2535742e-05	   2.3527410e-03	   2.1423955e-04	  -3.3509498e-12	   2.2412427e+02	
   5.9978078e-04	   5.2365751e-06	   5.1051464e-04	   2.9809325e-06	  -1.1663737e-12	   2.2412230e+02	
  -2.1927254e-03	  -1.7963588e-04	   1.4376454e-03	   1.5443178e-04	  -3.3547491e-12	   2.2412850e+02	
  -6.2421014e-04	  -7.8145444e-05	  -3.5616286e-04	   1.5039573e-05	  -1.8730365e-12	   2.2406181e+02	
  -8.4938829e-04	   2.4758737e-06	   1.6456907e-03	   7.0585866e-06	  -2.3555429e-12	   2.2410234e+02	
  -5.0343351e-04	  -1.2569852e-05	   6.2550358e-04	   4.1600455e-05	  -2.2795577e-13	   2.2392999e+02	
   8.8651048e-04	   1.3352832e-05	   4.3066319e-03	   2.5735638e-05	   4.7490785e-13	   2.2364705e+02	
  -1.1766208e-04	   2.9335020e-05	   1.0244202e-03	  -2.7217531e-05	  -1.8616388e-12	   2.2404142e+02	
   1.7832838e-03	   5.3438107e-05	   1.3832124e-03	   3.7289428e-05	   5.4709384e-13	   2.2349270e+02	
  -2.0500715e-03	   9.5503688e-05	  -3.5324041e-04	   2.1237216e-05	  -1.7590587e-12	   2.2391002e+02	
  -1.6674521e-03	  -1.1796457e-05	   3.1132375e-03	   3.7777103e-05	   6.2307909e-13	   2.2350131e+02	
   2.3544033e-04	   4.3968208e-05	   1.1422976e-03	   8.4644995e-05	  -1.3487383e-12	   2.2404190e+02	
  -9.6088830e-05	  -9.7319201e-06	  -4.1046493e-04	  -1.3496281e-05	  -3.1913807e-13	   2.2371225e+02	
  -1.5731947e-03	   1.7579244e-05	  -1.3237849e-03	   2.2916241e-05	  -2.5227105e-12	   2.2410030e+02	
   1.3105929e-03	  -2.4964957e-05	   3.8024323e-03	  -1.0794981e-04	   1.2233626e-12	   2.2332966e+02	
   5.2442832e-06	   2.9314002e-06	  -4.3875775e-05	   7.2070500e-06	  -2.9330309e-12	   2.2434206e+02	
   1.5260344e-03	   1.9182993e-05	   8.9792199e-04	   1.0257572e-06	  -2.5189113e-12	   2.2407760e+02	
  -4.4888062e-04	  -6.1322806e-06	   1.8838823e-04	   6.7448523e-05	  -2.0060107e-12	   2.2406112e+02	
   2.9483818e-03	  -5.5169876e-05	  -3.3555464e-03	   4.8732858e-05	   9.1942159e-13	   2.2346890e+02	
   2.2558302e-03	  -1.5760690e-04	  -1.8579190e-05	  -9.5272364e-06	  -1.7210660e-12	   2.2393535e+02	
   8.6622360e-04	   4.2417105e-05	  -9.2698753e-04	  -8.8049728e-05	  -1.3677346e-12	   2.2404259e+02	
   1.2418414e-04	  -2.0518552e-05	   1.8716154e-05	  -3.2213779e-05	  -3.0242132e-12	   2.2424715e+02	
  -5.4515475e-04	  -6.6435962e-05	  -1.0719899e-03	  -7.1060702e-05	  -1.4209243e-12	   2.2404635e+02	
  -6.6847880e-05	  -3.5567833e-06	   4.9147498e-04	   1.6592506e-05	  -3.3053586e-13	   2.2371415e+02	
  -1.1168468e-03	  -9.5040982e-05	  -2.5773607e-04	   1.2547639e-05	  -1.3259427e-12	   2.2404324e+02	
   2.4552554e-03	   5.6699871e-05	   5.0711322e-04	   5.7112339e-06	   3.4193365e-14	   2.2364660e+02	
  -5.7769166e-05	   2.2736036e-05	   1.0978656e-03	   9.2441256e-05	  -1.2423590e-12	   2.2403926e+02	
   3.8645165e-03	  -1.0040734e-04	  -2.0117047e-03	   4.0141061e-05	   1.0561950e-12	   2.2340225e+02	
  -1.2142463e-03	   3.7570207e-05	  -1.4677892e-03	   5.8487880e-05	  -1.7818542e-12	   2.2401257e+02	
   2.1975818e-04	   5.2445745e-06	   8.1129648e-04	   5.8824989e-06	  -2.3327473e-12	   2.2396435e+02	
  -1.6313493e-04	  -8.0550602e-06	  -4.2124724e-05	   4.0429658e-06	  -4.0272185e-13	   2.2372961e+02	
  -1.4895923e-04	   2.3840437e-07	  -1.3484831e-03	   8.3258819e-06	  -2.1199886e-12	   2.2396085e+02	
  -8.7462907e-04	   2.5331670e-05	   4.3240311e-03	  -7.5523032e-05	   9.6501274e-13	   2.2345135e+02	
   7.7601599e-04	   8.8120337e-05	   5.6256417e-04	   2.4188788e-05	  -1.6982705e-12	   2.2405885e+02	
  -1.8531391e-04	  -4.1516342e-05	  -1.1577154e-03	  -8.8338751e-05	  -1.3563368e-12	   2.2404529e+02	
  -1.4406268e-03	   1.0553362e-05	   4.2839885e-04	  -2.5848726e-07	  -1.9832152e-12	   2.2413926e+02	
  -1.3993151e-04	  -1.2630774e-05	  -1.5454250e-03	   4.6138433e-05	  -1.9110292e-12	   2.2402314e+02	
  -8.5704771e-04	   4.1115858e-05	   4.2864152e-03	  -1.3912631e-04	   1.1055855e-12	   2.2339503e+02	
   9.4384501e-04	   5.0573122e-05	  -7.8471601e-04	  -8.2552648e-05	  -1.8806351e-12	   2.2405703e+02	
  -2.8152368e-05	  -5.7350174e-06	   2.2845184e-04	  -2.7820572e-06	  -5.9268499e-13	   2.2406905e+02	
   2.3324849e-03	  -1.6973051e-04	  -1.2919208e-03	   7.6335625e-05	  -1.5083073e-12	   2.2401607e+02	
   1.2196348e-03	   9.0004832e-05	  -4.3351734e-05	  -3.3906476e-05	  -1.7210660e-12	   2.2405445e+02	
  -1.3472270e-04	  -1.0756296e-04	  -3.2042239e-04	  -5.8575865e-05	  -3.9322370e-12	   2.2414956e+02	
  -4.2647014e-03	   1.1723546e-04	  -6.8005936e-05	   2.1793725e-05	  -4.4071448e-13	   2.2395337e+02	
  -3.1799043e-03	   1.8519738e-05	  -2.2187215e-03	   5.2204494e-05	  -2.0364048e-12	   2.2411371e+02	
   1.8247457e-03	  -4.7930240e-05	   9.0615906e-04	  -3.1148266e-05	  -1.7552594e-12	   2.2398046e+02	
  -2.4693368e-04	  -1.1991640e-05	  -5.1218289e-05	  -5.8822845e-06	  -4.7110858e-13	   2.2405875e+02	
  -4.4770540e-04	  -3.2103552e-05	  -3.7162062e-04	   4.6343331e-05	  -1.8578394e-12	   2.2406095e+02	
  -1.0947605e-03	  -6.9530859e-06	  -1.2964627e-04	   4.8405059e-07	  -1.4855118e-12	   2.2413459e+02	
   1.3360121e-03	   8.5642044e-05	  -2.2831692e-04	  -4.3722576e-05	  -1.5349022e-12	   2.2404363e+02	
   1.2662509e-03	  -1.4644804e-05	   1.3210734e-03	  -2.1519618e-05	  -2.3403459e-12	   2.2412627e+02	
   4.1482831e-04	  -4.4392844e-05	  -3.5792675e-04	  -2.8328705e-05	  -2.0440034e-12	   2.2405813e+02	
   5.8187447e-05	  -2.2050954e-05	  -1.2194211e-03	  -9.4781983e-05	  -1.4589169e-12	   2.2404930e+02	
   2.9412034e-05	  -2.2272878e-05	  -2.6306872e-04	   1.7729353e-05	  -3.0963992e-12	   2.2424649e+02	
   1.0917908e-03	   9.2806229e-05	   6.2579326e-04	   2.2838814e-05	  -1.5235043e-12	   2.2404625e+02	
   3.5427885e-03	  -3.6450325e-05	   2.3457882e-03	  -3.4423673e-05	   9.3841790e-13	   2.2344182e+02	
   5.6292741e-04	  -2.9200175e-05	  -9.7014832e-05	  -4.0726314e-05	  -1.9148284e-12	   2.2406053e+02	
  -7.8765666e-04	   2.1422333e-05	   1.3691871e-03	  -2.2220107e-05	  -2.5113126e-12	   2.2411208e+02	
   7.8561204e-04	  -5.7247457e-05	  -5.6975436e-04	  -2.6483991e-05	  -3.5143180e-12	   2.2401400e+02	
  -3.5285397e-03	   1.4830452e-04	   2.8272330e-03	  -1.0221457e-04	   1.1283810e-12	   2.2341697e+02	
   7.0620003e-04	  -1.5678114e-05	   1.9797403e-03	  -6.6475626e-05	  -1.5311029e-12	   2.2401006e+02	
  -4.6832030e-04	   3.3458189e-05	   1.8329084e-03	  -6.4188888e-05	  -3.3395520e-12	   2.2401734e+02	
  -6.4865035e-04	  -2.4097830e-05	   9.2547342e-04	   9.0439676e-05	  -1.7666571e-12	   2.2405781e+02	
  -2.5686036e-03	  -4.5680794e-05	  -2.6784686e-03	  -3.3566598e-05	   2.8114544e-13	   2.2364957e+02	
   3.6378628e-04	   2.2415055e-06	  -2.8559607e-04	  -6.1397517e-05	  -7.2565919e-13	   2.2400169e+02	
  -1.0944691e-03	  -7.7580474e-06	  -1.0885636e-03	  -2.2590905e-06	  -1.9300255e-12	   2.2413089e+02	
  -1.0757807e-03	  -9.3807707e-05	  -2.7933659e-04	   1.1814156e-05	  -1.7020697e-12	   2.2405750e+02	
   1.1243275e-04	   1.8472150e-06	  -3.4811512e-04	  -9.6458373e-06	  -3.1153955e-13	   2.2370871e+02	
   6.0093897e-04	  -2.2982755e-05	  -3.9392562e-03	   3.6889232e-05	  -4.9010490e-13	   2.2395648e+02	
   9.7762974e-04	   3.5470308e-06	  -6.6968277e-04	  -1.4526461e-05	  -1.6944712e-12	   2.2414938e+02	
  -3.0676664e-04	   4.9720911e-05	   4.4736016e-04	   9.4198601e-06	  -2.0781968e-12	   2.2405549e+02	
   2.8260760e-04	   1.1867613e-05	   2.7322515e-03	   6.2152521e-05	   1.3297420e-13	   2.2362505e+02	
   4.4867328e-04	   7.8618948e-05	   4.4526376e-04	   1.3549284e-05	  -1.9148284e-12	   2.2406187e+02	
  -4.4292375e-05	   7.2352592e-06	   1.8865061e-03	  -5.0808725e-05	  -1.8844343e-12	   2.2395642e+02	
  -2.7611951e-03	  -5.3750020e-05	  -2.0329333e-03	  -2.7732677e-05	   2.4695208e-13	   2.2363624e+02	
  -6.9013109e-04	   4.0046845e-05	   1.8405621e-03	  -7.1544044e-05	  -1.8160476e-12	   2.2400147e+02	
   1.8342231e-03	  -5.9465623e-05	  -3.4732063e-03	   4.4621949e-05	  -1.9946129e-12	   2.2410772e+02	
   1.3768690e-03	   7.2476090e-05	  -6.4672064e-04	  -6.3755866e-05	  -1.5045081e-12	   2.2403928e+02	
  -1.1970839e-03	  -3.5338870e-06	  -3.4321103e-04	   3.9676729e-07	  -1.5387014e-12	   2.2413071e+02	
   9.2428493e-04	  -2.5073697e-06	  -1.0573819e-03	  -2.4861017e-06	  -1.9262263e-12	   2.2399443e+02	
   8.3938005e-04	  -1.4979318e-05	   4.3396800e-03	  -1.3196029e-04	   1.0979869e-12	   2.2341213e+02	
   1.9294001e-03	  -1.2146053e-04	   8.2383305e-04	  -6.4062446e-05	  -1.8464417e-12	   2.2394629e+02	
   3.7079843e-03	   1.8508335e-05	   2.3617457e-04	  -5.2706976e-06	   7.7884887e-13	   2.2346155e+02	
   5.6476059e-04	   4.0350747e-05	  -1.1610085e-04	  -5.4539742e-05	  -7.7504960e-13	   2.2400719e+02	
   5.6993666e-04	   1.2819257e-04	   3.0010894e-04	   7.2213432e-05	  -1.6488800e-12	   2.2440248e+02	
   2.3190493e-03	  -1.5446057e-04	  -2.2073955e-04	   5.3623862e-06	  -1.6602778e-12	   2.2391390e+02	
   6.2276310e-04	   1.2990923e-05	  -1.5308199e-03	  -9.4598440e-05	  -1.4513184e-12	   2.2403447e+02	
  -2.7569957e-03	  -1.7563662e-04	   1.1112515e-03	   1.0481210e-04	  -3.1115962e-12	   2.2411308e+02	
   4.7808616e-04	   1.3268865e-04	   4.2841755e-04	   7.2557752e-05	  -4.2665721e-12	   2.2404357e+02	
   2.2627098e-03	  -6.5483961e-05	   3.4637539e-03	  -1.2262129e-04	   1.2499574e-12	   2.2333178e+02	
  -5.8738818e-04	  -5.9034254e-05	  -1.3551597e-03	  -7.7672983e-05	  -1.4019279e-12	   2.2403623e+02	
   3.7345710e-04	   1.8993743e-05	   1.1678172e-03	  -4.3875531e-05	  -3.4953217e-12	   2.2402277e+02	
  -2.0895894e-05	  -5.7361738e-06	  -3.6747374e-04	   6.9520479e-07	  -1.5956904e-12	   2.2420776e+02	
   2.9313009e-03	   9.5264101e-06	  -7.6327600e-04	  -1.0320972e-05	   8.4343633e-13	   2.2342276e+02	
  -6.3854133e-04	  -1.8138275e-05	   3.2974246e-05	   2.4284400e-05	  -6.5347319e-13	   2.2398950e+02	
  -3.6364285e-03	   2.5831545e-05	   7.8061498e-04	   2.9345849e-05	  -1.9680181e-12	   2.2410787e+02	
   2.6120797e-04	  -7.8606111e-06	  -1.6885298e-03	  -9.4689593e-05	  -1.3525375e-12	   2.2402961e+02	
  -2.1846451e-03	   1.6351796e-04	  -6.8261415e-04	   5.7882731e-05	  -1.6906719e-12	   2.2392458e+02	
   1.3151805e-03	   9.2148773e-05	   7.6983653e-04	   2.7265523e-05	  -1.4817125e-12	   2.2403774e+02	
  -1.2923763e-03	  -1.1230760e-04	   3.2127463e-03	   3.4855821e-04	   2.4695208e-13	   2.2416016e+02	
  -1.1378048e-03	  -9.4369178e-05	  -6.4569753e-04	  -2.0623449e-05	  -1.7856535e-12	   2.2405167e+02	
   1.5288882e-03	   5.5737870e-05	   9.0545572e-04	   2.9912387e-05	   5.5469236e-13	   2.2348399e+02	
  -4.6858495e-04	  -7.6227101e-06	   1.3961356e-03	   9.8863904e-05	  -1.1701729e-12	   2.2402404e+02	
   4.7518870e-04	  -1.6105849e-05	   2.6431744e-03	  -1.6513125e-04	  -1.5007088e-12	   2.2400488e+02	
  -1.1440325e-03	  -6.3722703e-06	   3.3021096e-04	   2.3128512e-06	  -1.6374823e-12	   2.2415429e+02	
  -1.6433960e-03	   1.3380456e-04	   1.4398124e-03	  -1.0109827e-04	  -1.7590587e-12	   2.2393012e+02	
  -4.2927603e-03	   7.7087585e-05	   1.3959612e-04	   9.3634132e-06	   1.0220016e-12	   2.2342470e+02	
  -2.4349229e-04	  -9.4109795e-06	  -1.5247608e-03	   4.6798868e-05	  -1.8008505e-12	   2.2402983e+02	
   4.3966367e-03	  -2.0941178e-04	   9.0579219e-04	  -5.6136673e-05	   1.1891692e-12	   2.2339759e+02	
  -7.1062890e-04	   1.8668555e-05	  -1.9167654e-03	   7.4914653e-05	  -1.6336830e-12	   2.2401596e+02	
  -7.6530015e-04	   1.7320042e-05	  -4.4010119e-03	   1.5983314e-04	   1.1359796e-12	   2.2340693e+02	
   1.2935099e-03	   9.1348745e-05	  -5.7222478e-05	  -3.3754583e-05	  -1.9186276e-12	   2.2405235e+02	
   7.4131253e-04	   3.0940993e-06	  -1.2831164e-03	  -1.0786747e-04	  -2.3859370e-12	   2.2401707e+02	
  -1.1147567e-03	   2.0834015e-05	  -1.0189972e-03	   4.2295589e-05	  -3.6055003e-12	   2.2403032e+02	
  -1.7196532e-04	  -2.4170497e-05	  -9.1832973e-04	  -3.5169709e-05	  -7.8264813e-13	   2.2400114e+02	
   3.4602279e-04	   4.4542899e-05	   1.3957182e-03	   8.4343675e-05	  -1.6526793e-12	   2.2404506e+02	
  -3.7746493e-03	   1.6091037e-04	   2.4038925e-03	  -8.7120480e-05	   1.1625744e-12	   2.2340425e+02	
  -8.1582976e-04	  -5.2808272e-07	   4.4154044e-04	   2.0411228e-06	  -2.3289480e-12	   2.2394288e+02	
  -1.7711140e-03	  -1.9077103e-05	   3.2238855e-03	   5.1434788e-05	   3.8752480e-13	   2.2359939e+02	
  -1.4113025e-03	  -8.1626742e-05	   3.3665266e-04	   5.0075115e-05	  -1.6412815e-12	   2.2404300e+02	
   2.0452237e-03	   8.4663559e-05	   6.5131120e-05	  -4.0811214e-05	  -2.1959739e-12	   2.2400539e+02	
   8.0655979e-04	   1.6372023e-05	   1.6572529e-03	   9.1631011e-06	   2.0971930e-12	   2.2310825e+02	
  -1.3455252e-03	   3.9685044e-05	  -1.1322176e-03	   4.6408215e-05	  -1.7628579e-12	   2.2402220e+02	
   1.6760040e-03	   8.9069573e-05	  -1.3935661e-04	  -3.2299242e-05	  -1.6336830e-12	   2.2403885e+02	
  -1.6048708e-03	  -7.8468649e-05	   5.8767542e-04	   5.6331009e-05	  -1.2043662e-12	   2.2402057e+02	
   4.0321906e-03	  -1.5018318e-04	   6.8324648e-04	  -3.8037633e-05	   1.3145449e-12	   2.2331037e+02	
   1.5966608e-04	   2.9342596e-05	   6.9331154e-04	   1.6187949e-05	  -7.4845476e-13	   2.2399983e+02	
   2.3329797e-04	   6.2981991e-05	   1.1995013e-03	   2.0741564e-04	  -4.0652112e-12	   2.2414934e+02	
   1.8726683e-03	   2.8946129e-05	   1.9983091e-03	   1.3196711e-06	  -1.6488800e-12	   2.2399010e+02	
  -2.1166838e-04	   1.3344459e-05	   3.3859243e-03	  -4.1466738e-05	   1.2499574e-12	   2.2329712e+02	
  -5.6237785e-04	  -1.3769831e-05	  -1.1562554e-04	   2.8039703e-05	  -7.0666287e-13	   2.2399926e+02	
   1.4397298e-04	   3.4300478e-06	   1.9532346e-03	  -1.6251681e-05	  -2.5265097e-12	   2.2409506e+02	
  -2.2952926e-03	   1.7538229e-04	  -3.8163022e-05	   1.0622062e-05	  -1.6868727e-12	   2.2392181e+02	
   4.3941470e-03	  -2.1247239e-04	  -1.0323177e-03	   3.7208898e-05	   1.1815708e-12	   2.2340258e+02	
   2.2164481e-03	  -2.1387600e-04	   5.5986210e-04	  -7.5710206e-05	  -1.8768358e-12	   2.2399429e+02	
  -6.9163588e-04	   1.0802840e-05	  -1.5488356e-03	   5.5431337e-05	  -1.7818542e-12	   2.2402515e+02	
   1.8836853e-04	  -5.7399633e-06	  -1.1714217e-04	  -6.3624095e-06	  -9.3081938e-13	   2.2408903e+02	
  -8.1463417e-04	   1.0072790e-04	   2.3735740e-03	  -2.3700183e-04	  -1.7096682e-12	   2.2398830e+02	
   3.8402809e-04	   4.0047285e-05	   3.3860914e-04	  -2.3515881e-05	  -7.9784518e-13	   2.2400981e+02	
  -1.8076135e-03	   3.1499097e-05	   2.8898435e-03	  -2.7607461e-05	   1.2309611e-12	   2.2330464e+02	
   4.4285549e-04	   6.3210006e-06	   9.0401317e-06	  -3.4409019e-05	  -7.0666287e-13	   2.2399709e+02	
   5.2694435e-04	   1.6350486e-05	   2.5917207e-03	   6.1278857e-05	   4.9010490e-13	   2.2350939e+02	
   6.8942683e-04	   5.2985790e-05	   1.6633341e-03	   7.5922104e-05	  -1.2727531e-12	   2.2402098e+02	
  -6.7454120e-04	   7.3599078e-06	   3.7076272e-03	   1.7358411e-07	   9.1942159e-13	   2.2342295e+02	
  -3.1042659e-04	  -6.9209833e-05	  -4.8238948e-04	   5.5194168e-06	  -2.0857952e-12	   2.2405967e+02	
  -1.3283720e-03	   3.3471678e-05	  -1.0814398e-03	   4.5391076e-05	  -3.4763255e-12	   2.2403435e+02	
  -3.9998726e-04	   3.0366336e-06	   1.0153698e-03	  -8.6557861e-07	  -2.2871562e-12	   2.2394173e+02	
  -2.3467278e-04	  -4.0977260e-06	  -1.9485482e-03	   2.3830556e-05	  -2.6138928e-12	   2.2416099e+02	
   1.0235194e-04	  -2.0644297e-05	  -7.4885868e-04	   1.5952773e-05	  -3.7802665e-12	   2.2414766e+02	
   2.5048472e-03	   1.0479324e-05	  -2.5617785e-03	  -1.9175617e-05	   8.0544371e-13	   2.2345119e+02	
   1.6835546e-04	  -9.1579298e-06	  -7.9132617e-04	  -3.6130503e-05	  -1.0068046e-12	   2.2402005e+02	
   4.4069325e-03	  -3.8909057e-05	  -1.5325705e-03	   3.8729268e-06	   6.9526509e-13	   2.2357284e+02	
  -1.7765085e-03	  -8.9033391e-05	  -6.8211027e-04	  -9.9653337e-06	  -1.3601361e-12	   2.2402183e+02	
  -2.0611319e-04	  -6.3831183e-06	   5.5038601e-04	   1.9947487e-05	  -1.8996314e-13	   2.2368026e+02	
  -2.1672068e-03	   9.2169233e-05	  -5.4035744e-05	   7.8842393e-06	  -1.7286646e-12	   2.2397539e+02	
   1.8634989e-03	  -3.5227229e-05	  -3.7315518e-04	  -7.9332381e-07	  -2.3023532e-12	   2.2412705e+02	
  -1.3187192e-03	  -1.5627665e-04	   1.2682207e-03	   1.9207482e-04	  -3.7346753e-12	   2.2416134e+02	
   1.9038491e-03	  -6.0280851e-05	  -5.9550390e-04	   1.1827007e-05	  -1.8692373e-12	   2.2395948e+02	
  -1.4055958e-05	  -1.4544642e-05	  -1.3965983e-04	   7.7078462e-06	  -3.0432094e-12	   2.2426062e+02	
   1.1665189e-03	   1.1831293e-05	  -9.8714426e-04	  -2.6390150e-05	  -1.2233626e-12	   2.2401885e+02	
  -1.0266908e-03	  -3.9908867e-06	   5.7143241e-05	   6.3899574e-07	  -3.1989792e-12	   2.2418087e+02	
  -1.8512441e-03	  -8.5937616e-05	   1.0523518e-04	   2.9511566e-05	  -1.3335413e-12	   2.2402265e+02	
   2.2606115e-03	  -1.2468641e-04	  -2.4122324e-04	  -2.1939866e-06	  -3.1191947e-12	   2.2398590e+02	
   6.9685383e-05	  -1.7052775e-05	  -8.0160126e-04	  -3.1199437e-05	  -9.7641048e-13	   2.2401873e+02	
  -2.3868570e-04	   3.3042387e-06	   1.1386026e-05	   1.0563817e-04	  -4.3235610e-12	   2.2404416e+02	
   1.7549728e-03	   6.1055754e-05	  -9.6758560e-04	  -6.0116505e-05	  -1.4779132e-12	   2.2402400e+02	
  -9.2283404e-06	   2.5386773e-05	   1.3433415e-03	   9.2119804e-05	  -1.7172668e-12	   2.2404713e+02	
   1.4575176e-03	   4.1439107e-05	  -1.3469092e-03	  -4.3057764e-05	   2.7354692e-13	   2.2355808e+02	
  -1.5731195e-04	  -2.8669736e-05	  -1.7891693e-03	  -8.7728488e-05	  -1.3829316e-12	   2.2402899e+02	
  -9.1121174e-05	  -8.1475804e-06	  -6.1915942e-04	  -9.3248966e-06	  -1.1625744e-12	   2.2411836e+02	
   7.4198755e-04	  -3.4756904e-05	  -2.4154329e-03	   7.9607616e-05	  -1.5387014e-12	   2.2400365e+02	
  -3.8400484e-04	  -1.6753093e-05	  -1.0596311e-03	  -3.9954928e-05	   4.5591153e-14	   2.2362329e+02	
  -4.8661382e-04	   3.2302294e-05	   2.1614781e-03	  -1.0248906e-04	  -1.7400623e-12	   2.2396891e+02	
   2.3594736e-03	  -1.0659520e-04	  -2.8020121e-03	   1.1330682e-04	   1.6336830e-12	   2.2320557e+02	
  -1.1689817e-03	   1.0423525e-04	  -1.6277268e-03	   1.7606236e-04	  -2.0402041e-12	   2.2397736e+02	
   2.8491021e-04	  -9.1560472e-06	  -2.0565238e-03	  -8.1868591e-05	  -1.5728948e-12	   2.2402791e+02	
  -2.0601853e-03	   3.2868960e-05	  -6.5300800e-04	   1.7904571e-05	  -2.6062943e-12	   2.2405995e+02	
  -1.9754950e-03	  -8.5661486e-05	  -2.1983806e-04	   1.3820237e-05	  -1.3981287e-12	   2.2402120e+02	
   2.7005893e-04	   1.0835447e-05	  -4.8258204e-04	  -2.1999004e-05	   3.6852849e-13	   2.2354605e+02	
  -2.0854874e-03	  -8.5562417e-05	  -3.4806673e-05	   2.1259755e-05	  -1.2195633e-12	   2.2401400e+02	
   2.0423029e-04	  -1.2172927e-05	  -2.0290826e-03	  -8.2615643e-05	  -1.6412815e-12	   2.2402928e+02	
  -3.1328542e-03	  -8.9830930e-05	  -1.4764532e-03	  -7.3829808e-06	  -2.4163311e-12	   2.2411042e+02	
   1.4831886e-03	   9.6463300e-05	   2.6751300e-04	  -8.4131100e-06	  -1.7628579e-12	   2.2404525e+02	
   2.1847252e-04	   1.8677763e-05	  -6.5344699e-04	  -1.5962083e-04	  -3.9626311e-12	   2.2414803e+02	
   1.7829678e-03	   8.1960868e-05	  -3.5356131e-04	  -4.1071773e-05	  -1.7932520e-12	   2.2403554e+02	
   1.1351496e-03	  -2.0579663e-05	  -8.2629018e-04	  -9.0704682e-06	  -3.7764672e-12	   2.2407582e+02	
   2.0335977e-04	   3.4337870e-05	   1.5916619e-03	   8.8327451e-05	  -1.6374823e-12	   2.2404028e+02	
   3.2169865e-03	  -8.5065062e-05	  -1.7074614e-03	   3.4851629e-05	   1.3525375e-12	   2.2327370e+02	
   1.4466301e-03	   3.9139991e-05	  -1.5304012e-03	  -7.3564374e-05	  -1.3905302e-12	   2.2402175e+02	
  -4.1616045e-03	   1.1541540e-04	   1.0803038e-03	  -1.7531913e-05	   1.1397788e-12	   2.2339070e+02	
  -4.0553996e-04	  -7.6907642e-07	   4.3655798e-04	   7.6605221e-05	  -1.9376240e-12	   2.2406363e+02	
  -3.6513672e-03	   2.8642985e-04	   6.0296789e-04	  -3.4587054e-05	   1.7362630e-12	   2.2318452e+02	
   1.4212790e-03	  -1.1743113e-04	   1.3279024e-03	  -1.4537571e-04	  -2.0857952e-12	   2.2397509e+02	
   1.1917457e-04	   5.5660823e-07	   1.0627526e-03	  -3.0447768e-07	  -1.7248653e-12	   2.2414011e+02	
   3.7482804e-04	  -8.5727446e-06	  -1.5477131e-03	   2.9580826e-05	  -2.1009923e-12	   2.2393098e+02	
  -9.8848870e-05	  -3.5757770e-06	   5.5694218e-04	   2.7374466e-05	   3.4953217e-13	   2.2354793e+02	
   2.1266450e-04	  -2.2898678e-05	  -5.7690345e-04	  -2.5371887e-05	  -8.9662601e-13	   2.2401527e+02	
  -3.5422758e-03	   7.8007157e-05	  -5.5065438e-04	   2.5071096e-05	   1.3297420e-12	   2.2327884e+02	
  -8.8296217e-04	  -1.3273244e-05	   2.1059165e-03	   8.3157039e-05	  -1.0979869e-12	   2.2400754e+02	
   1.1981864e-05	  -1.0383971e-05	  -2.1219451e-03	   5.4366974e-05	  -2.7202721e-12	   2.2403472e+02	
  -1.8665996e-03	   2.7237969e-05	  -1.1383501e-03	   2.2443371e-05	  -2.4391267e-12	   2.2412173e+02	
   3.5609077e-03	  -3.4562918e-04	   4.5213561e-04	  -6.0028786e-05	   1.8464417e-12	   2.2314739e+02	
  -8.4610162e-04	   2.3694167e-05	  -1.8953590e-04	   2.9535964e-05	  -1.9908137e-12	   2.2404975e+02	
  -1.4971222e-03	  -2.6328697e-05	  -7.1515754e-04	  -4.9869198e-06	  -2.6936772e-12	   2.2403803e+02	
  -1.3630973e-03	   2.1217820e-05	   1.3092342e-03	  -1.0211902e-05	  -3.4535298e-12	   2.2408554e+02	
   1.6358903e-03	  -5.3243301e-05	  -3.7820612e-03	   7.6955180e-05	  -5.3569605e-13	   2.2396186e+02	
   1.5708319e-03	   5.4959106e-05	   4.9853761e-04	   1.4368012e-05	   2.0516019e-13	   2.2357515e+02	
   9.6520776e-04	  -1.0710573e-04	  -1.5463757e-03	   1.1048861e-04	  -2.1731783e-12	   2.2397529e+02	
   2.6763631e-04	   1.2439724e-05	   2.9401692e-03	   1.2106554e-05	   8.8902749e-13	   2.2341882e+02	
  -3.4997740e-04	   1.6166126e-05	  -2.0997223e-03	   1.1566424e-04	  -1.7248653e-12	   2.2387758e+02	
   2.0886079e-03	   8.0709612e-06	  -1.9298538e-03	  -1.7175764e-05	   8.0544371e-13	   2.2343630e+02	
   1.1735036e-03	   2.2521626e-05	  -1.9496114e-03	  -7.7340035e-05	  -1.2499574e-12	   2.2401594e+02	
   1.7586290e-04	  -3.4741480e-06	  -4.2869892e-04	  -9.0227261e-06	  -8.5103486e-13	   2.2408885e+02	
   2.2075649e-03	   6.3727173e-05	  -6.5069165e-04	  -4.1306845e-05	  -1.3297420e-12	   2.2401785e+02	
  -1.0626235e-03	  -4.3457356e-05	  -7.1504139e-04	  -2.2483009e-05	  -3.7992628e-14	   2.2364221e+02	
   2.0522017e-03	   3.0932387e-06	   3.3023443e-03	  -2.7198036e-05	  -4.9770342e-13	   2.2395946e+02	
  -1.1212643e-03	  -4.5114386e-05	   1.1321480e-03	   8.3774164e-05	  -1.6450807e-12	   2.2404097e+02	
   5.4016961e-04	  -3.1696098e-05	  -1.9680431e-03	   7.1995233e-05	  -1.7248653e-12	   2.2401368e+02	
  -1.7329979e-03	   5.2197716e-05	   1.4079407e-03	  -3.2880788e-05	  -3.0660051e-12	   2.2409989e+02	
   1.3680829e-03	   1.4455571e-05	   1.0492562e-03	  -6.3656400e-06	  -1.4893110e-12	   2.2402302e+02	
   3.5448859e-04	   1.2649332e-05	   5.1080268e-04	   1.8319761e-05	  -1.6336830e-13	   2.2367652e+02	
   6.4459727e-05	   6.2743954e-06	   2.1508919e-03	  -8.9384663e-05	  -1.6868727e-12	   2.2399961e+02	
  -3.1922308e-04	   9.0395394e-06	   8.8830665e-04	   1.4775425e-04	  -3.4345335e-12	   2.2406525e+02	
  -2.3265914e-03	   2.1978108e-05	   1.7719071e-03	   3.0283159e-05	  -1.7324638e-12	   2.2398204e+02	
  -1.6657509e-03	  -3.1169777e-05	   1.8775538e-03	   6.5937387e-05	  -1.0789906e-12	   2.2400036e+02	
  -7.6741365e-04	   1.7122227e-05	  -3.6965768e-03	   1.2652231e-04	   1.4133257e-12	   2.2326049e+02	
   9.3159887e-04	   7.6008920e-06	  -2.2817118e-03	  -7.0468774e-05	  -1.2005670e-12	   2.2400928e+02	
   8.2418764e-04	   3.3475378e-05	  -8.4822610e-04	  -3.7580052e-05	   5.9648425e-13	   2.2348928e+02	
  -1.2446765e-03	   5.7381727e-06	  -1.7065990e-03	   2.2229322e-05	  -1.6260845e-12	   2.2401439e+02	
   7.4500891e-04	  -3.7633199e-05	  -1.3253060e-03	   2.7462418e-05	  -1.8920329e-12	   2.2402975e+02	
  -9.7860304e-04	   4.1583847e-05	   7.4187405e-04	  -6.9379223e-06	  -2.0971930e-12	   2.2402106e+02	
   2.6501359e-03	  -4.2496988e-05	  -2.7115474e-03	  -1.8802405e-06	  -1.9528211e-12	   2.2410373e+02	
   1.8565011e-03	   6.9214038e-05	   1.3650474e-03	   2.7151491e-05	  -1.3297420e-12	   2.2401785e+02	
  -2.1945070e-04	  -6.2451103e-06	   1.3574450e-03	   5.7217465e-05	   6.6487098e-13	   2.2346051e+02	
   5.3255445e-04	   3.9385057e-05	  -3.5662743e-05	  -6.1816925e-05	  -2.0857952e-12	   2.2406063e+02	
   1.4015398e-04	   5.1327041e-07	   2.0354911e-04	  -6.2888596e-06	  -9.7261127e-13	   2.2409991e+02	
  -1.3604438e-03	   4.1266736e-05	  -1.1601551e-03	   4.7897301e-05	  -1.8274453e-12	   2.2401936e+02	
   1.8682125e-03	  -1.3849604e-04	   1.9022283e-03	  -1.5953419e-04	  -2.5986957e-12	   2.2398298e+02	
  -1.3768866e-03	  -3.0590673e-05	   1.8955645e-03	   7.6949512e-05	  -1.0675928e-12	   2.2400502e+02	
  -5.5225850e-05	  -2.5328025e-05	  -5.1150993e-04	   4.5558306e-05	  -3.8942443e-12	   2.2414273e+02	
   1.8357587e-04	   3.5685883e-05	   1.4199572e-03	   8.9932004e-05	  -1.9262263e-12	   2.2404705e+02	
  -3.6972211e-03	   3.3465021e-05	  -1.1411949e-03	   2.1028911e-05	   1.0751914e-12	   2.2338342e+02	
   3.5543165e-04	   2.9285565e-05	   2.2756675e-03	   6.5323038e-05	  -1.3791324e-12	   2.2401885e+02	
  -3.2939811e-03	   1.3640256e-04	  -2.7216591e-03	   1.2764508e-04	   1.2803515e-12	   2.2335119e+02	
   8.4690677e-04	   5.8343565e-05	  -4.5241095e-04	  -7.3199012e-05	  -2.0022115e-12	   2.2406136e+02	
   9.3207570e-04	   3.5641391e-05	  -6.4675559e-04	  -2.9196632e-05	  -7.9784518e-14	   2.2366501e+02	
   5.7784839e-04	  -7.0031805e-06	   1.5108900e-03	  -5.8296555e-05	  -2.0326056e-12	   2.2400621e+02	
   6.1284482e-06	   2.6093845e-05	   9.7505603e-04	   1.9897564e-04	  -4.1297987e-12	   2.2415504e+02	
  -5.6429175e-04	  -9.3182092e-06	   1.4808736e-03	   9.4765437e-05	  -1.8768358e-12	   2.2404327e+02	
   4.3083810e-03	   1.0978498e-04	   1.0684719e-03	  -2.1999424e-06	  -2.4999149e-12	   2.2432833e+02	
   6.9107960e-04	  -3.0181569e-06	   1.7695354e-03	  -2.3434383e-05	  -2.3935355e-12	   2.2415371e+02	
   8.2592788e-04	   2.2142109e-06	   1.6310849e-03	  -4.5296677e-06	  -2.4733201e-12	   2.2409828e+02	
  -8.2562280e-04	  -3.9583542e-05	  -2.3242989e-03	  -5.7048874e-05	  -1.2195633e-12	   2.2400993e+02	
   2.9512351e-03	   9.3547175e-06	  -3.2606380e-04	  -8.8457584e-06	   9.0422454e-13	   2.2340914e+02	
  -2.2422039e-03	  -6.7381116e-05	  -1.0932906e-03	  -1.0966898e-05	  -1.2005670e-12	   2.2400672e+02	
  -5.7395940e-04	  -1.5903987e-05	  -2.8892926e-05	   4.0941819e-06	  -1.1815708e-12	   2.2411345e+02	
   3.9814646e-04	   3.0194089e-05	   2.3482953e-03	   6.9920486e-05	  -1.1587751e-12	   2.2400889e+02	
   1.6008375e-06	   5.4948468e-05	   5.0412565e-04	  -1.1580958e-05	  -2.0895945e-12	   2.2405877e+02	
  -7.5390620e-04	   4.7771016e-05	   4.1604604e-03	  -1.9885531e-04	   1.3259427e-12	   2.2333616e+02	
   1.2668442e-03	   7.7913631e-05	  -4.8705343e-04	  -6.0932926e-05	  -1.8958322e-12	   2.2405190e+02	
   2.1765816e-04	   5.5008386e-05	   3.7635352e-04	   1.0082693e-04	  -3.3053586e-13	   2.2427050e+02	
   4.6280051e-04	   2.9080516e-05	   2.5325869e-03	   5.7970061e-05	  -1.1549759e-12	   2.2400343e+02	
  -3.7134571e-03	   1.7233953e-04	   1.5352552e-03	  -4.7123988e-05	  -7.7504960e-13	   2.2394783e+02	
   2.3159428e-03	  -1.5106993e-04	  -1.3735528e-03	   7.3648069e-05	  -1.5956904e-12	   2.2397226e+02	
   3.6471598e-03	  -1.3744575e-04	  -1.3976112e-04	  -5.9602828e-06	   1.5121066e-12	   2.2322763e+02	
  -6.0114549e-04	   9.0878436e-07	  -4.4445817e-04	   4.1882875e-05	  -2.0250070e-12	   2.2405830e+02	
   2.6392614e-03	  -1.1930600e-04	  -2.6497547e-03	   1.0595842e-04	   1.5159059e-12	   2.2322962e+02	
  -6.4942201e-04	  -1.8484563e-06	  -3.7277147e-04	  -2.6347902e-07	  -2.4239296e-12	   2.2391871e+02	
  -1.5264445e-04	   1.0211085e-06	  -1.2680465e-04	  -4.2101922e-06	  -2.4239296e-12	   2.2423535e+02	
  -8.4842292e-04	  -3.4049266e-05	   1.3071573e-03	   9.5474981e-05	  -9.5741422e-13	   2.2401494e+02	
   1.7605521e-03	   2.5746039e-04	  -4.9174246e-04	  -8.6220000e-05	  -3.6966826e-12	   2.2422840e+02	
   5.4179674e-05	   5.4603321e-06	   1.5949056e-03	   5.5528719e-05	   2.6594839e-14	   2.2362844e+02	
   2.0644953e-03	  -2.1916160e-04	   2.6898402e-04	  -5.3679305e-05	  -2.0288063e-12	   2.2395732e+02	
  -1.3445358e-03	   2.7760332e-05	  -1.0468243e-03	   3.7419548e-05	  -3.5523107e-12	   2.2404416e+02	
   4.3198764e-05	   1.9923658e-05	   9.1768585e-04	   1.9272504e-05	  -1.4057272e-12	   2.2404887e+02	
   6.3380061e-04	  -2.4002018e-05	   3.6373541e-04	  -4.0524821e-05	  -2.2719591e-12	   2.2413568e+02	
  -1.3774007e-03	  -4.8457496e-05	  -2.1579353e-03	  -4.1925749e-05	  -1.2043662e-12	   2.2400539e+02	
   1.6740680e-03	  -2.1735570e-05	   7.5240806e-04	  -2.4190353e-05	  -3.5181173e-12	   2.2406300e+02	
   1.3889043e-03	   4.5802022e-05	   2.1162421e-03	   3.6030495e-05	  -1.3867309e-12	   2.2401243e+02	
   1.8933499e-03	  -5.4583121e-05	   3.0072467e-03	  -1.0804890e-04	   1.5083073e-12	   2.2322550e+02	
   1.7951790e-03	  -2.0818425e-04	  -2.0141931e-03	   2.0979976e-04	  -1.5842925e-12	   2.2393985e+02	
   6.5228837e-04	  -4.2652670e-08	   1.1936085e-03	  -2.2326516e-05	  -2.6594839e-12	   2.2408934e+02	
   1.0211046e-03	  -3.3941888e-05	   1.4250735e-04	  -2.8045022e-05	  -2.3327473e-12	   2.2399930e+02	
   7.8394378e-04	   1.8266228e-05	  -2.0957213e-03	  -5.7541136e-05	   4.7490785e-13	   2.2351352e+02	
   6.2385317e-06	   4.8795013e-05	   5.7375412e-04	  -1.8522633e-05	  -2.1085909e-12	   2.2405695e+02	
  -1.2396656e-03	   5.4645254e-05	  -4.0321476e-03	   2.1331587e-04	   1.3715338e-12	   2.2332160e+02	
   1.1239724e-03	  -2.3296689e-05	   9.4634190e-04	  -3.9453837e-05	  -1.9718174e-12	   2.2402558e+02	
  -5.0922049e-04	  -1.0333457e-05	   2.8188802e-04	   2.9298765e-06	  -9.4981569e-13	   2.2412555e+02	
  -1.8423357e-03	  -1.0000334e-04	   2.1253473e-05	   2.4524959e-05	  -9.1182306e-13	   2.2400519e+02	
   1.1181431e-03	   8.0902755e-05	  -2.4862446e-04	  -4.8306633e-05	  -1.1169833e-12	   2.2403965e+02	
  -5.4830307e-04	  -1.8850575e-05	   5.1808912e-04	   2.3093384e-05	  -4.1791890e-14	   2.2364534e+02	
   1.3629170e-05	   2.3391359e-05	   1.6431752e-03	   9.2105711e-05	  -1.8806351e-12	   2.2404224e+02	
  -3.7667243e-03	  -3.8100170e-05	  -2.9024061e-04	   7.3542596e-06	   5.5849163e-13	   2.2354712e+02	
   5.2080533e-04	   4.7713260e-05	   8.6030528e-04	  -5.4493310e-05	  -2.6062943e-12	   2.2397337e+02	
   3.1550251e-03	   1.1045192e-04	  -9.5342525e-04	  -6.1517229e-05	  -2.6176920e-12	   2.2410253e+02	
   3.1019468e-04	   2.9695983e-06	  -4.4289973e-04	  -4.9272987e-06	  -2.4961156e-12	   2.2393357e+02	
  -2.3507283e-03	  -6.0116389e-05	  -1.0224591e-04	   2.0139534e-05	  -1.8236461e-12	   2.2401147e+02	
  -1.9819097e-03	   4.8177469e-05	   9.3488306e-04	  -1.6139366e-05	  -2.9634250e-12	   2.2411967e+02	
   5.2152122e-04	   2.8147989e-05	   2.5689353e-03	   4.6687233e-05	  -1.2993479e-12	   2.2400903e+02	
   1.3768371e-03	   5.0506387e-05	  -3.3161901e-04	  -1.5401451e-05	   1.7856535e-13	   2.2358415e+02	
   1.2153792e-03	   7.9052544e-05	  -4.3120507e-04	  -5.9721006e-05	  -1.9376240e-12	   2.2405547e+02	
  -3.7833370e-03	   2.0382596e-04	   3.2160837e-04	  -2.7973940e-06	   1.5538984e-12	   2.2322761e+02	
   5.4633147e-04	   1.3725963e-05	   3.7991412e-03	  -2.4827090e-05	  -5.3569605e-13	   2.2396406e+02	
  -2.3502731e-04	  -1.1273070e-04	  -6.2960338e-04	  -4.9845680e-05	  -3.5599092e-12	   2.2405353e+02	
   2.9661493e-03	   2.9993638e-04	   5.0837777e-04	   3.3450304e-05	  -1.9224270e-12	   2.2437590e+02	
   2.6276233e-04	   3.7292490e-06	   6.0822330e-04	  -4.9883049e-05	  -2.2035724e-12	   2.2413893e+02	
  -2.1181336e-03	   1.5982890e-04	   4.0092356e-04	  -2.0320457e-05	  -1.8464417e-12	   2.2394132e+02	
  -1.1300114e-03	  -1.4926857e-04	  -1.1788322e-03	  -9.2651204e-05	  -3.3205557e-12	   2.2406740e+02	
   3.9844739e-05	  -5.0661478e-05	  -1.4005982e-03	   6.2974075e-05	  -2.4619223e-12	   2.2396361e+02	
  -4.8397547e-05	  -2.0200826e-06	   1.9865628e-04	  -1.9095380e-06	  -5.1669974e-13	   2.2407235e+02	
  -1.5064582e-03	   5.3349507e-05	  -8.4950023e-04	   3.3160648e-05	  -1.9870145e-12	   2.2388967e+02	
   2.3605668e-05	   3.1447955e-05	   5.8619313e-04	  -5.2441759e-05	  -3.9474341e-12	   2.2407684e+02	
   2.2723803e-03	  -1.7066553e-04	  -2.9313127e-04	   1.0949853e-05	  -1.7780550e-12	   2.2393010e+02	
  -2.6510395e-03	  -1.9034773e-04	   8.6501911e-04	   9.5834486e-05	  -3.2065778e-12	   2.2411042e+02	
  -4.5803597e-04	  -5.8880578e-05	  -1.0832746e-03	  -7.6671928e-05	  -1.1359796e-12	   2.2404042e+02	
  -1.1822237e-03	   6.2978222e-05	  -1.9552089e-03	   1.1227302e-04	  -1.7666571e-12	   2.2394826e+02	
  -9.5731331e-04	   4.4870597e-05	   1.1410173e-03	  -2.6935981e-05	  -2.0857952e-12	   2.2401051e+02	
  -1.0048295e-03	  -3.5098252e-05	   1.0756301e-03	   4.4305812e-05	   2.5834987e-13	   2.2356315e+02	
  -2.5713935e-04	  -1.4029549e-05	  -5.0129157e-04	  -1.9356356e-05	   1.4057272e-13	   2.2392940e+02	
  -6.6222315e-04	  -1.7123323e-05	   1.8129893e-03	   5.8702786e-05	   8.7003117e-13	   2.2340548e+02	
  -2.7310039e-03	   8.5669322e-05	   3.1103765e-03	  -6.7047830e-05	  -5.0530195e-13	   2.2396429e+02	
  -2.0286472e-04	  -5.8326253e-06	  -2.3563730e-04	  -6.9374857e-06	  -1.5197051e-13	   2.2367039e+02	
   2.0887879e-03	   4.5112650e-05	   1.7818261e-03	   1.4125177e-05	  -1.2499574e-12	   2.2400521e+02	
  -2.6188795e-03	  -5.0054129e-05	  -8.5416176e-04	   4.4648018e-06	  -1.1739721e-12	   2.2400134e+02	
  -9.6289513e-04	  -7.1672569e-06	  -2.7761431e-03	   1.4057541e-06	   1.0865891e-12	   2.2334878e+02	
   8.4031450e-04	  -1.1438852e-05	  -9.1339499e-04	   9.7827458e-06	  -2.2605614e-12	   2.2389938e+02	
  -6.7387482e-04	   2.0320340e-05	   3.7580343e-03	  -6.5816417e-05	   1.2613552e-12	   2.2332538e+02	
   1.9044578e-03	  -1.3449057e-04	  -9.9542916e-04	   5.5578894e-05	  -1.8882335e-12	   2.2394924e+02	
   4.5404980e-04	   1.8055048e-05	  -4.2669807e-04	  -2.1888473e-05	  -1.4437198e-13	   2.2367945e+02	
  -2.4655322e-03	  -5.4219232e-05	  -8.0417983e-04	   3.6348310e-06	  -1.3867309e-12	   2.2401141e+02	
  -1.2457922e-03	   6.9426525e-05	  -3.7365441e-03	   2.4362157e-04	   1.5425007e-12	   2.2324373e+02	
  -5.2072672e-04	  -6.3291280e-06	  -5.5485595e-04	   4.1991869e-05	  -2.2073716e-12	   2.2404662e+02	
  -2.4967122e-04	  -7.2811084e-06	   1.9971661e-04	   3.5584338e-06	  -5.4329457e-13	   2.2407106e+02	
  -1.0667837e-03	   1.8582175e-05	  -8.1218228e-04	   1.6154209e-05	  -2.2149702e-12	   2.2389756e+02	
   2.0566050e-04	   7.8558375e-06	  -8.0352478e-04	  -3.1452106e-05	   3.0394102e-14	   2.2362981e+02	
   3.1963252e-04	   2.6976779e-05	   2.4432324e-03	   5.9473594e-05	  -1.3183442e-12	   2.2401183e+02	
   2.0788782e-04	  -2.0905638e-05	  -1.2400256e-03	  -1.6105233e-04	  -3.5105188e-12	   2.2405488e+02	
   7.8132364e-04	   5.8418656e-05	   1.5954458e-03	   7.1433478e-05	  -1.6868727e-12	   2.2403768e+02	
   1.9085350e-04	   7.6948606e-06	   9.7997453e-04	   1.2529221e-05	  -1.5652963e-12	   2.2414130e+02	
   1.1251965e-03	   9.1933798e-05	  -2.6158455e-05	  -3.4011089e-05	  -2.0060107e-12	   2.2406210e+02	
  -3.3533658e-03	   3.9360162e-04	   2.1086171e-04	  -1.1848848e-05	   2.0136093e-12	   2.2308812e+02	
   1.3698909e-03	   9.4772607e-05	  -3.1155728e-05	  -2.9838582e-05	  -1.9338247e-12	   2.2405200e+02	
   2.7699395e-04	   9.8423704e-06	  -4.9880807e-04	  -1.7662753e-05	  -4.5591153e-14	   2.2364619e+02	
   2.9253848e-03	  -4.9145321e-05	   1.6427538e-03	  -6.7382873e-05	  -1.5197051e-12	   2.2394893e+02	
  -1.5465642e-03	   5.0443781e-05	  -6.6448711e-04	   3.8085720e-05	  -3.3927416e-12	   2.2402869e+02	
   7.7009643e-04	   2.8123493e-05	   2.7611138e-03	   3.5283541e-05	  -1.0447973e-12	   2.2399549e+02	
  -1.4611815e-03	   9.7111603e-06	   1.4815710e-05	   2.3717478e-06	  -1.8958322e-12	   2.2414063e+02	
   1.3415107e-03	   3.1009633e-05	  -1.6896425e-03	  -7.4183725e-05	  -1.6336830e-12	   2.2402873e+02	
   1.3892234e-03	  -8.4075109e-05	  -1.7981316e-03	   9.3886246e-05	  -1.8008505e-12	   2.2395693e+02	
   4.8352615e-05	   5.1005024e-06	   2.6631682e-03	   5.7109675e-05	   7.5225403e-13	   2.2344096e+02	
   1.2782535e-03	  -6.2238231e-06	  -2.7291233e-03	  -3.1310523e-05	  -1.0675928e-12	   2.2399329e+02	
   3.8321136e-04	   2.6539025e-07	   1.9056998e-04	  -1.2170783e-06	  -8.5483412e-13	   2.2409024e+02	
   3.5194265e-03	  -1.7007875e-04	  -2.4693945e-03	   9.3346130e-05	  -5.4709384e-13	   2.2396693e+02	
   3.3747731e-04	   1.2758222e-05	   2.1369476e-03	   5.7204939e-05	   9.5361495e-13	   2.2338761e+02	
  -2.5407235e-03	  -6.4145301e-05	  -1.4570041e-03	  -1.6028107e-05	  -7.6365181e-13	   2.2398701e+02	
  -1.7402322e-03	  -3.6957088e-05	   1.8360770e-03	   4.7917907e-05	   6.9906435e-13	   2.2345317e+02	
   4.4334980e-04	   2.2942717e-05	   5.4038916e-04	  -9.5497846e-06	  -1.5842925e-12	   2.2405760e+02	
  -3.6157919e-04	   2.8226179e-06	   1.1098015e-03	   3.9251377e-06	  -1.8464417e-12	   2.2413284e+02	
   1.0187915e-03	   2.7218653e-05	   2.8238614e-03	   2.3173221e-05	  -1.0144032e-12	   2.2399065e+02	
   7.4148128e-04	  -7.8874176e-06	  -1.2031994e-03	  -9.3454757e-06	  -3.1229940e-12	   2.2417081e+02	
  -3.4181768e-04	  -2.8749508e-05	   2.4142398e-03	   3.3743074e-04	  -1.3487383e-12	   2.2437324e+02	
   1.7334934e-04	   1.6655101e-05	   5.5233925e-04	  -5.7784539e-05	  -3.9702295e-12	   2.2407995e+02	
  -2.2344265e-04	  -4.0276682e-05	  -1.3657833e-03	  -9.1341641e-05	  -1.9224270e-12	   2.2405325e+02	
  -3.0428157e-03	  -2.2029019e-04	  -2.3783579e-03	  -1.3194296e-04	  -2.6328890e-12	   2.2432588e+02	
   4.6943026e-04	   1.3113334e-04	   2.8326969e-04	   9.7748391e-06	  -4.0348171e-12	   2.2402333e+02	
   6.9721262e-04	   2.9078728e-05	   1.2303928e-03	   4.8099547e-05	   3.2293733e-13	   2.2354630e+02	
  -2.4903170e-03	   2.5455494e-06	   2.0161263e-03	   2.3715631e-05	  -9.1942159e-13	   2.2398255e+02	
   3.7910766e-04	   1.2402849e-05	   1.4093471e-03	  -3.9370309e-05	  -3.5979019e-12	   2.2402145e+02	
   1.7985559e-04	  -2.2580549e-05	  -2.2318332e-03	   1.6261502e-04	  -1.8426424e-12	   2.2394202e+02	
   2.3953125e-03	   7.1395072e-05	  -1.2759101e-03	  -7.5591848e-05	  -2.8570456e-12	   2.2397684e+02	
  -5.3213760e-05	   9.4690025e-05	   7.4071714e-05	   1.6924515e-05	  -4.1184008e-12	   2.2410171e+02	
   7.4791270e-04	   1.6280747e-04	   9.5896914e-05	   2.4272083e-05	  -1.9110292e-12	   2.2440858e+02	
  -7.6951926e-04	   1.0754353e-05	   2.8922104e-03	   3.2197920e-05	  -1.0371987e-12	   2.2399347e+02	
  -3.6194643e-04	  -3.9627938e-06	   3.2676562e-04	   2.2152335e-06	  -9.4601643e-13	   2.2410995e+02	
   1.7372731e-03	  -1.1199143e-05	  -2.6014883e-03	  -1.8269473e-05	  -1.1093847e-12	   2.2399413e+02	
   2.8410418e-04	   1.1382817e-05	  -4.1045059e-04	  -1.4125819e-05	  -2.6594839e-14	   2.2364112e+02	
   1.6255102e-03	   1.6643911e-05	  -1.9653006e-03	  -5.2988799e-05	  -1.5614970e-12	   2.2401799e+02	
  -2.8987132e-03	   5.1923914e-05	  -2.2103811e-03	   5.1118935e-05	   1.3525375e-12	   2.2328964e+02	
   1.9840303e-03	   2.6987205e-05	   2.3084732e-03	   3.4987009e-06	  -1.0903885e-12	   2.2399433e+02	
  -2.0301254e-03	   8.5699947e-05	  -3.3536471e-03	   1.6045125e-04	   1.5121066e-12	   2.2325704e+02	
   1.1030668e-03	   8.5243533e-05	  -1.9946965e-04	  -4.8509537e-05	  -2.0250070e-12	   2.2406206e+02	
   3.5104360e-03	  -2.2395442e-04	  -1.1424020e-03	   5.9313315e-05	   1.6792741e-12	   2.2318303e+02	
   5.4715010e-04	   2.1634411e-06	  -1.8843191e-04	  -9.6578308e-06	  -1.5425007e-12	   2.2412245e+02	
  -3.8013109e-04	  -1.5567381e-05	   9.5726698e-04	   4.3766635e-05	   1.7096682e-13	   2.2359374e+02	
  -1.1135597e-03	   2.7030941e-05	  -4.7646560e-04	   2.8678801e-05	  -2.0478027e-12	   2.2403218e+02	
  -1.9811591e-03	   3.9291357e-05	  -8.6073868e-04	   2.2939957e-05	  -3.0280124e-12	   2.2412175e+02	
  -4.6006029e-04	   1.2705442e-05	   3.0035185e-03	   3.6154189e-05	  -9.3841790e-13	   2.2398850e+02	
  -1.9587020e-03	   1.5149522e-04	  -1.2317419e-03	   1.0160946e-04	  -1.7552594e-12	   2.2392556e+02	
  -1.5138812e-03	  -8.3036750e-05	   4.6800684e-04	   5.2735540e-05	  -1.0903885e-12	   2.2402582e+02	
   1.8690366e-03	   4.2739888e-05	   8.0390915e-04	   3.4225063e-06	   5.3189679e-13	   2.2351824e+02	
  -1.5195937e-04	  -2.4718220e-05	  -8.8864088e-04	  -5.5995399e-06	  -1.7286646e-12	   2.2406320e+02	
  -3.9858208e-03	  -9.1025992e-05	  -1.3810424e-03	   8.2528504e-06	  -2.1655798e-12	   2.2437363e+02	
  -4.9665218e-04	   6.2030225e-07	  -8.4002416e-05	   3.9368660e-05	  -1.4665154e-12	   2.2406144e+02	
   1.9169401e-03	  -1.9098254e-05	  -2.6256923e-03	  -7.1229272e-06	  -1.0827898e-12	   2.2398883e+02	
  -1.2354722e-03	  -5.5348877e-06	  -3.0010797e-03	   3.1214644e-06	   1.1663737e-12	   2.2333321e+02	
  -2.2702820e-04	   7.6406492e-06	   1.5429478e-03	   9.5813277e-05	  -1.1625744e-12	   2.2403083e+02	
  -1.1149119e-03	   1.4223269e-04	  -2.1177101e-03	   2.9701224e-04	  -1.7248653e-12	   2.2390468e+02	
   3.8574065e-04	   9.3907089e-06	  -1.9011174e-03	  -5.9118833e-05	   5.6988941e-13	   2.2348231e+02	
   1.9941882e-04	  -1.9805521e-05	  -2.2072740e-03	   1.2295475e-04	  -1.8502410e-12	   2.2397357e+02	
   1.7804072e-04	  -1.5828661e-05	  -2.3712904e-03	  -1.9383332e-04	  -3.2787638e-12	   2.2407286e+02	
  -1.4784892e-03	  -9.8238605e-05	  -4.7581911e-04	  -5.8859025e-06	  -1.1397788e-12	   2.2403059e+02	
  -2.8358645e-03	   5.4174590e-05	  -2.1789458e-03	   5.2980969e-05	   1.4057272e-12	   2.2327056e+02	
   3.7404044e-04	   2.8655290e-06	  -8.2409539e-04	  -9.2872139e-05	  -2.3821378e-12	   2.2404171e+02	
   3.2966818e-03	  -1.0247220e-04	  -3.3688967e-03	   9.0540899e-05	   9.9160753e-13	   2.2348299e+02	
   8.1028695e-04	   2.1039186e-05	   1.2486543e-03	   1.7592037e-05	  -2.7088743e-12	   2.2405116e+02	
  -6.6026737e-04	  -3.9059018e-05	   3.3958845e-04	   7.4532607e-05	  -2.1731783e-12	   2.2406087e+02	
   1.2948804e-03	  -2.9892885e-07	  -3.7619133e-04	  -1.0843051e-05	  -1.8730365e-12	   2.2415513e+02	
   1.0484226e-03	  -5.5458535e-05	   2.0110497e-03	  -1.2505522e-04	  -1.8046499e-12	   2.2395190e+02	
   1.6560978e-03	  -3.2450455e-05	  -2.9437667e-04	  -1.2827925e-05	  -3.6130989e-12	   2.2405093e+02	
  -9.6043428e-04	  -5.5047396e-07	  -1.1942906e-03	   5.4749813e-06	  -2.3973349e-12	   2.2418333e+02	
   6.8008984e-04	  -1.1778431e-05	  -1.0822419e-03	  -3.3199106e-06	   3.7802665e-12	   2.2242944e+02	
   1.1847715e-03	  -2.6514376e-05	   7.5187027e-04	  -3.5867925e-05	  -2.0478027e-12	   2.2402406e+02	
   9.3340355e-04	   3.9562033e-05	  -5.7959112e-05	  -4.4351548e-06	   1.8616388e-13	   2.2359438e+02	
  -7.8514313e-04	   2.7680920e-05	  -9.5262344e-05	   2.8713128e-05	  -2.2187695e-12	   2.2404320e+02	
  -1.8804082e-04	  -6.7347672e-06	   4.8541777e-04	   1.9164066e-05	   2.6594839e-14	   2.2362799e+02	
  -6.6896250e-04	  -1.7762921e-05	  -3.1194551e-03	   2.3050361e-06	  -1.0903885e-12	   2.2399140e+02	
  -1.4379118e-03	   4.5390872e-05	   1.2557932e-03	  -2.4673609e-05	  -3.3889424e-12	   2.2405813e+02	
   3.1354009e-03	  -1.4805406e-04	   2.3889183e-03	  -1.5740006e-04	  -1.0751914e-12	   2.2390983e+02	
  -5.2189827e-05	  -5.4024962e-06	   2.7673689e-04	   7.3198794e-07	  -5.0530195e-13	   2.2405529e+02	
   1.7037784e-03	  -3.4934336e-05	   5.7457722e-04	  -2.0601323e-05	  -2.4505244e-12	   2.2411535e+02	
  -1.7085322e-03	   1.0323335e-05	   2.7716856e-03	   1.9820062e-05	  -8.7762970e-13	   2.2398220e+02	
   7.9768280e-04	   1.2453270e-05	  -2.4166874e-03	  -4.9018396e-05	   8.5863338e-13	   2.2341125e+02	
  -1.9234307e-03	   2.5702270e-04	   6.7320272e-04	  -6.5316857e-05	  -1.9680181e-12	   2.2391157e+02	
  -9.8967473e-05	  -9.7902703e-05	  -2.8094275e-04	  -5.7630834e-05	  -3.9512333e-12	   2.2416285e+02	
  -2.1072598e-03	  -2.1931214e-05	   1.7468618e-03	   4.5350902e-05	  -1.2043662e-12	   2.2400484e+02	
   2.2856635e-03	  -1.0420935e-04	  -1.0866359e-03	   3.7205376e-05	  -2.8988375e-12	   2.2406224e+02	
   1.2106598e-03	  -3.9140541e-05	   1.1587900e-03	  -4.5866924e-05	  -1.7362630e-12	   2.2413678e+02	
   2.9632299e-03	   2.0537436e-05	   2.1987729e-03	   8.1371620e-06	   8.1304223e-13	   2.2346019e+02	
   9.0682114e-04	   1.4001507e-04	   8.4980286e-05	  -4.1150965e-05	  -3.4991210e-12	   2.2405848e+02	
   5.3994800e-04	  -4.1789154e-05	  -6.3189693e-04	  -7.1801213e-05	  -2.7582648e-12	   2.2397034e+02	
  -1.9438781e-03	   3.0791743e-05	   2.9345974e-04	  -9.5630162e-07	  -2.5569038e-12	   2.2415549e+02	
   1.0065896e-03	  -3.7273269e-05	  -4.3212198e-04	  -1.1088800e-05	  -2.0933938e-12	   2.2403932e+02	
   2.4995591e-03	  -2.3555091e-05	  -2.1796053e-03	  -6.1839767e-06	  -1.0675928e-12	   2.2398656e+02	
   1.7443860e-03	  -2.6636961e-05	  -2.9482026e-03	   7.3650492e-06	  -9.5741422e-13	   2.2398055e+02	
  -6.7105354e-05	  -7.3191094e-06	  -4.0228991e-03	   9.6719502e-06	   8.5483412e-13	   2.2346663e+02	
  -2.8239555e-03	  -5.9710783e-05	   3.0385855e-04	   2.6337437e-05	  -8.3963707e-13	   2.2399417e+02	
   4.2263495e-03	   1.0109468e-04	  -8.2897894e-04	  -4.6450881e-05	  -2.6214913e-12	   2.2423942e+02	
   8.8798987e-04	  -4.6541354e-05	   2.0817966e-03	  -1.3196385e-04	  -1.8160476e-12	   2.2395492e+02	
  -1.8038814e-04	  -3.5065303e-06	   2.7413506e-04	   3.4544330e-06	  -6.2687836e-13	   2.2408144e+02	
   1.8627879e-03	  -2.4819355e-04	   1.5100260e-03	  -2.2874479e-04	  -1.6944712e-12	   2.2389670e+02	
  -6.0069831e-04	   5.8043359e-05	  -2.6770116e-03	   3.0433998e-04	  -1.4969095e-12	   2.2389372e+02	
  -2.9277692e-03	  -9.6727134e-07	   2.6429306e-03	   4.4048025e-05	  -2.3745392e-12	   2.2414746e+02	
  -1.0120487e-03	  -5.9977229e-05	  -1.7627389e-03	  -6.4456257e-05	  -1.9224270e-12	   2.2403212e+02	
   1.7067091e-03	  -1.7656625e-05	   1.1598463e-03	  -2.2438555e-05	  -3.1343917e-12	   2.2412104e+02	
   2.0805132e-04	  -1.7860237e-05	  -2.2071482e-03	   7.2498445e-05	  -3.1837822e-12	   2.2406842e+02	
   1.3481054e-03	   2.2037361e-04	  -4.3920130e-04	  -8.6019482e-05	  -3.9322370e-12	   2.2418960e+02	
  -1.0026204e-03	  -4.7690319e-05	   9.4200469e-04	   8.6615455e-05	  -1.9794158e-12	   2.2405355e+02	
   1.1597395e-04	  -1.9135179e-05	  -3.5378472e-03	   2.9138555e-05	  -8.8902749e-13	   2.2397754e+02	
  -1.7890337e-03	   5.1035327e-05	   1.1897878e-03	  -2.4741783e-05	  -3.1495888e-12	   2.2409431e+02	
   2.7926685e-03	  -1.9406911e-05	  -1.7541514e-03	  -1.1837963e-05	  -1.0675928e-12	   2.2398799e+02	
   3.0244132e-03	  -4.1341337e-04	   1.2119937e-03	  -1.8477714e-04	   3.7954635e-12	   2.2242734e+02	
   4.4872484e-04	  -5.5913309e-06	  -8.1094422e-04	  -2.3807123e-05	  -2.1047916e-12	   2.2404785e+02	
   4.7366953e-04	   1.9607680e-05	  -4.9412359e-04	  -2.4873294e-05	   4.1791890e-14	   2.2363274e+02	
  -1.7036929e-03	  -7.1167451e-05	   8.1847623e-04	   6.0101018e-05	  -1.1473774e-12	   2.2402220e+02	
  -1.5272617e-03	  -8.9280360e-06	  -2.9804657e-03	   2.2154638e-05	  -1.0258009e-12	   2.2398492e+02	
   3.3931123e-03	  -1.2219998e-04	  -1.2843472e-03	   3.6691806e-05	   1.5766941e-12	   2.2322139e+02	
  -9.0129287e-05	   1.8889908e-05	   3.5352426e-03	  -1.9526879e-05	  -8.0924297e-13	   2.2397425e+02	
   4.4443680e-04	  -1.2251549e-05	  -1.1284829e-03	  -4.5069894e-06	  -3.2635668e-12	   2.2417046e+02	
   3.7822450e-04	  -1.4927299e-05	   2.2414634e-03	  -1.4333357e-04	  -1.8160476e-12	   2.2395065e+02	
   4.0694883e-05	  -7.7875860e-06	  -2.5388095e-05	  -3.7524606e-05	  -3.5333144e-12	   2.2422255e+02	
  -2.4771371e-04	   4.0993032e-05	   2.8104149e-04	   4.8355377e-05	  -2.1579812e-12	   2.2406214e+02	
  -1.3872297e-04	   2.4359337e-06	   2.7239629e-03	   4.2139028e-05	   1.0258009e-12	   2.2336518e+02	
   2.2920172e-03	   2.1560309e-04	   1.4718813e-03	   1.1602206e-04	  -3.5181173e-12	   2.2411899e+02	
  -9.0028947e-04	  -1.2855204e-04	  -1.9505013e-03	  -2.0883742e-04	  -3.7004819e-12	   2.2413267e+02	
   5.0218093e-04	   2.4694125e-05	   2.6480561e-04	   1.3290588e-05	   5.6988941e-14	   2.2362415e+02	
   3.8907774e-03	  -1.0703763e-04	  -5.4013728e-05	  -2.0137603e-05	  -8.2823928e-13	   2.2396664e+02	
   3.9531441e-03	   8.3581923e-05	  -1.1907037e-03	  -5.2340216e-05	  -2.5910972e-12	   2.2418776e+02	
  -2.6530443e-03	   1.5926234e-06	  -2.0991931e-03	   2.5063422e-05	  -9.6881200e-13	   2.2398216e+02	
  -4.3099956e-04	   1.4870909e-05	   9.5740884e-04	  -1.0795688e-05	  -3.6776864e-12	   2.2411294e+02	
  -1.3342587e-03	  -5.1636756e-06	  -3.2706330e-03	   3.4981482e-05	  -8.9662601e-13	   2.2397924e+02	
  -3.0088545e-03	   1.5261947e-04	   2.0576799e-03	  -9.0863494e-05	   1.6526793e-12	   2.2320015e+02	
   7.3765161e-04	  -1.5561658e-05	   1.5853936e-03	  -6.3992007e-05	  -1.9984122e-12	   2.2401028e+02	
  -4.5369396e-04	   7.2410213e-05	   2.8511341e-04	   1.5732060e-05	  -3.8904451e-12	   2.2402609e+02	
   1.5278080e-03	   4.3736674e-06	   3.0687763e-03	  -3.4556084e-05	  -1.0371987e-12	   2.2398717e+02	
   1.0945484e-04	  -4.4834931e-06	  -3.3345566e-03	  -3.5102083e-05	   7.9024665e-13	   2.2345540e+02	
   7.5084242e-04	   6.3669465e-06	  -8.8985765e-05	  -1.7970017e-05	  -2.1047916e-12	   2.2405290e+02	
   2.5324427e-03	  -2.9406375e-04	   6.1399124e-04	  -8.8020792e-05	  -2.3365466e-12	   2.2392545e+02	
   2.2257582e-03	  -1.5154783e-06	   2.7327346e-03	  -3.1111100e-05	  -8.7383043e-13	   2.2397789e+02	
  -3.3238926e-04	  -3.9044590e-05	  -4.0226553e-03	  -1.3260551e-04	  -2.7468670e-12	   2.2417819e+02	
   6.2852229e-04	  -5.3808494e-05	  -2.6217668e-04	  -2.3448969e-05	  -3.9778282e-12	   2.2408286e+02	
  -9.8534800e-05	  -4.0432345e-06	   1.5957244e-04	  -2.0745949e-06	  -4.1411964e-13	   2.2406022e+02	
  -3.0992822e-03	   3.4908531e-05	   1.8034101e-03	   3.2511594e-06	  -7.9024665e-13	   2.2397312e+02	
   2.2157375e-04	  -3.6290894e-05	  -2.7933242e-04	   3.2764220e-06	  -3.2901616e-12	   2.2422474e+02	
  -1.7436859e-03	   1.9268069e-04	   3.7231277e-04	  -1.2451528e-05	  -2.1655798e-12	   2.2391173e+02	
   2.0971310e-04	  -1.1131968e-05	  -9.4608010e-05	  -8.4052638e-06	  -2.1541820e-12	   2.2423097e+02	
   1.2411777e-03	  -3.2261978e-05	  -3.4037514e-03	   3.3371081e-05	  -8.7003117e-13	   2.2397472e+02	
  -4.2753061e-04	  -5.7318710e-06	   2.1484706e-04	   2.9972613e-06	  -9.3081938e-13	   2.2410621e+02	
  -3.1495088e-04	   1.9685680e-06	   2.1149069e-04	  -8.0094380e-06	  -2.6100936e-12	   2.2422643e+02	
   1.3845687e-03	   3.6199802e-05	   1.8833273e-03	   4.3662436e-05	   8.8902749e-13	   2.2340049e+02	
  -2.0859168e-04	   6.1964112e-06	   1.9900573e-05	   1.0430692e-04	  -4.2209810e-12	   2.2407920e+02	
  -3.4865842e-03	  -1.2285096e-05	   8.6895503e-04	   1.2933826e-05	   9.0422454e-13	   2.2343172e+02	
   1.7333326e-03	   1.0653592e-06	  -2.3171084e-04	  -1.0027110e-05	  -3.1001984e-12	   2.2414819e+02	
   1.7849109e-03	   2.5738916e-05	  -2.4961628e-03	  -4.3558299e-05	   6.9146582e-13	   2.2347740e+02	
   1.8955036e-04	  -4.1427131e-05	  -4.1447632e-04	  -3.0643900e-05	  -1.6412815e-12	   2.2406893e+02	
   2.8686066e-04	  -5.2916181e-05	  -9.6120097e-04	   1.9427400e-05	  -3.8372554e-12	   2.2402439e+02	
   9.3166220e-04	  -3.1631138e-05	  -3.6868177e-03	   5.1668332e-05	  -7.1426140e-13	   2.2397701e+02	
   9.6504504e-04	  -9.4863611e-06	  -7.9256974e-04	  -5.9203915e-06	  -2.0250070e-12	   2.2418596e+02	
   1.1278801e-03	  -6.0751827e-05	   1.9715724e-03	  -1.2198872e-04	  -1.8122483e-12	   2.2393182e+02	
   1.0795909e-03	  -1.7407273e-04	  -2.2393177e-03	   3.2110966e-04	  -1.5614970e-12	   2.2386736e+02	
   2.1189109e-04	   1.3204606e-05	   3.4677148e-04	   1.5169995e-05	   1.0258009e-13	   2.2361319e+02	
   1.6517842e-03	  -3.7628605e-05	  -1.0691992e-03	   1.4167444e-05	  -2.3935355e-12	   2.2412151e+02	
   3.3825046e-04	  -4.8092752e-05	  -6.0804062e-04	  -5.9392662e-06	  -2.2225687e-12	   2.2405776e+02	
  -4.1083375e-04	  -9.2648994e-07	   8.4537275e-04	   1.1561782e-05	  -1.6032889e-12	   2.2413903e+02	
   9.3903529e-04	   8.5501335e-05	  -6.3640685e-05	  -4.2469070e-05	  -2.0971930e-12	   2.2406553e+02	
  -1.4301437e-03	  -2.0699421e-04	  -1.0061779e-03	  -1.0450839e-04	  -3.7992628e-12	   2.2413333e+02	
  -2.1131955e-03	   3.2941359e-04	   9.1199115e-04	  -1.2094772e-04	  -1.6602778e-12	   2.2387488e+02	
  -1.1312376e-03	   3.1178941e-05	  -4.0514318e-03	   1.8189609e-04	  -6.1927983e-13	   2.2397308e+02	
  -3.5642875e-03	   1.8966271e-04	  -2.6157560e-05	   1.2397289e-05	   1.7400623e-12	   2.2316998e+02	
  -1.3459301e-03	   5.6895100e-05	   9.3390271e-04	  -2.2689819e-05	  -2.0895945e-12	   2.2401046e+02	
   9.6461544e-04	   4.5703873e-05	   6.6895611e-04	   2.9751529e-05	   2.1275871e-13	   2.2358662e+02	
  -1.0587132e-03	  -7.5832825e-05	  -1.3817751e-03	  -6.3466865e-05	  -2.0022115e-12	   2.2404447e+02	
  -7.8759951e-04	   2.7657644e-05	   3.6252694e-03	  -3.7758688e-05	  -7.3325771e-13	   2.2396987e+02	
  -3.6725437e-04	  -1.3794279e-05	  -1.3392081e-04	  -4.8689101e-06	  -5.3569605e-13	   2.2403318e+02	
   7.4576067e-04	  -1.3593867e-05	  -1.0876378e-03	   1.5986848e-07	   3.6890842e-12	   2.2247190e+02	
  -2.1683802e-04	  -1.0993913e-05	   5.6839210e-05	  -1.4077143e-06	  -3.4953217e-13	   2.2404267e+02	
  -1.0124416e-03	   1.7093169e-05	   3.0273976e-03	   9.9940596e-06	  -1.0485965e-12	   2.2399202e+02	
  -1.6788560e-03	  -2.7094733e-05	  -1.7131678e-03	  -1.2812754e-05	   8.0924297e-13	   2.2344029e+02	
   2.4388727e-04	   1.6729625e-05	   3.5424562e-03	  -1.1920902e-05	  -7.3705698e-13	   2.2398163e+02	
   5.7268670e-04	   7.7057484e-05	   2.1565035e-04	  -2.4953612e-05	  -2.1655798e-12	   2.2406394e+02	
  -1.1785293e-03	  -1.7649283e-06	   2.4229187e-03	   5.0096165e-05	  -1.3183442e-12	   2.2401349e+02	
   2.0352850e-03	   2.4127803e-05	   1.7033060e-03	   7.4120919e-06	   9.1182306e-13	   2.2341495e+02	
  -8.5084248e-05	   5.9931961e-05	   4.0133558e-04	   8.8174004e-06	  -2.1883754e-12	   2.2406098e+02	
   1.5449380e-03	  -2.9470075e-05	  -1.2410456e-03	   1.2663239e-05	  -2.4505244e-12	   2.2411492e+02	
  -4.1501166e-04	   5.4799668e-05	   2.0701206e-03	  -1.6811969e-04	  -2.9026367e-12	   2.2390867e+02	
  -1.6007130e-04	  -5.2154422e-06	   1.2745965e-03	   5.3737014e-05	   5.2049900e-13	   2.2349591e+02	
   3.2433446e-03	  -3.8236031e-05	  -1.2981365e-03	  -7.3170825e-06	  -1.0144032e-12	   2.2398862e+02	
   1.4294125e-03	   9.9336517e-05	   9.3966685e-04	   9.2232724e-06	  -2.6404877e-12	   2.2395478e+02	
   1.6069532e-03	  -2.2636356e-04	   1.7186024e-03	  -2.7448702e-04	  -1.6108874e-12	   2.2386437e+02	
   6.0616231e-04	  -3.4358607e-05	  -1.3278240e-03	   1.5327590e-05	  -3.7726679e-12	   2.2403320e+02	
  -3.8644975e-04	  -6.4850581e-05	  -9.2528507e-04	  -7.3327585e-05	  -2.0478027e-12	   2.2406785e+02	
  -4.7869844e-04	  -1.6467950e-05	  -2.0725378e-03	  -2.9807514e-05	   7.0286361e-13	   2.2347078e+02	
  -6.2348132e-04	   9.3583818e-06	  -6.5978805e-05	   2.8154989e-05	  -1.8692373e-12	   2.2407173e+02	
  -6.5756401e-04	  -6.1539708e-05	   1.9689238e-03	   2.6184510e-04	  -3.7080805e-12	   2.2417921e+02	
   3.0598289e-04	   1.5308725e-05	   3.6687480e-03	  -4.0738105e-05	  -7.6365181e-13	   2.2397208e+02	
  -4.3954810e-04	  -9.3752518e-06	  -2.1318910e-05	  -2.3308761e-08	  -7.8644739e-13	   2.2408836e+02	
   3.7357456e-04	  -3.1752661e-05	  -2.1997808e-03	   1.3155556e-04	  -1.8844343e-12	   2.2397030e+02	
  -1.6317095e-03	   1.7035670e-04	  -3.0938138e-03	   3.4697211e-04	   1.9072299e-12	   2.2312780e+02	
  -3.0176933e-05	  -8.9853205e-06	  -2.0176525e-03	   9.8228625e-05	  -1.9908137e-12	   2.2399351e+02	
   2.6626297e-03	  -3.6816722e-04	  -4.6394967e-04	   4.4957847e-05	  -1.4133257e-12	   2.2385544e+02	
   1.0118554e-03	  -6.6644273e-06	   1.6406392e-03	  -2.2556053e-05	  -2.5531046e-12	   2.2415723e+02	
  -6.7102206e-04	   8.6824686e-05	  -2.6246272e-03	   3.8412862e-04	  -1.3563368e-12	   2.2384202e+02	
   8.0506975e-04	   1.2054840e-06	   1.9896051e-05	  -1.1136508e-05	  -3.3661468e-12	   2.2418312e+02	
   3.6964452e-04	   1.8793907e-05	   7.5119957e-04	  -5.5340117e-06	  -2.0857952e-12	   2.2405723e+02	
   1.7786117e-03	  -1.7766443e-05	   9.1512233e-04	  -1.8951505e-05	  -2.4695208e-12	   2.2414603e+02	
   2.5544432e-04	  -5.5690246e-06	   2.0569030e-03	  -9.8315746e-05	  -1.9338247e-12	   2.2391666e+02	
  -3.8097215e-04	   6.7582419e-05	   1.4881133e-03	  -8.9931422e-05	  -2.3859370e-12	   2.2391750e+02	
  -2.7132053e-03	  -8.0098883e-06	  -4.8785269e-04	   1.0939265e-05	   1.1473774e-12	   2.2333751e+02	
   2.1727516e-04	  -5.5251087e-05	  -1.5532143e-03	   9.6826097e-05	  -2.3973349e-12	   2.2392267e+02	
   1.0484597e-03	  -1.5287687e-06	  -3.3693681e-03	  -1.4224485e-05	   9.4601643e-13	   2.2341726e+02	
   2.2227317e-03	   1.7866970e-05	   2.2786945e-03	  -9.0212591e-06	  -1.1169833e-12	   2.2399991e+02	
  -1.1609907e-03	  -1.5679756e-05	   2.3065552e-03	   4.3002048e-05	   1.0485965e-12	   2.2335888e+02	
   1.5449305e-03	   9.0258133e-06	   3.1431310e-03	  -2.2954630e-05	  -8.5483412e-13	   2.2398087e+02	
   3.3251377e-03	  -2.4734820e-04	   1.1872917e-03	  -1.0256426e-04	   1.8882335e-12	   2.2312381e+02	
  -2.9510803e-03	  -2.4426090e-05	  -8.4337443e-04	   1.3613945e-05	  -1.0903885e-12	   2.2399866e+02	
   6.1940110e-04	   6.3542271e-07	   8.0113396e-04	  -2.5379439e-05	  -3.7118797e-12	   2.2410954e+02	
  -1.4998203e-04	   2.9086099e-06	  -2.1987006e-03	   1.0236635e-04	  -1.8464417e-12	   2.2393989e+02	
  -2.2560639e-04	  -3.3122129e-06	  -2.1456559e-03	   3.9631013e-05	  -2.8152537e-12	   2.2413964e+02	
  -1.6093597e-03	   9.8011769e-05	  -1.3474285e-03	   9.1092992e-05	  -1.9794158e-12	   2.2397100e+02	
  -8.2498332e-04	   1.1986721e-05	   2.7113660e-03	   2.5634765e-06	   1.1967678e-12	   2.2332675e+02	
  -1.5967285e-03	   1.1059780e-04	   1.6225104e-03	  -1.0068373e-04	  -1.8160476e-12	   2.2393820e+02	
  -1.3386638e-03	   1.3735427e-05	  -1.4361079e-03	   2.4874703e-05	  -3.3243550e-12	   2.2410672e+02	
  -1.5547532e-03	   2.7679250e-05	  -1.2228016e-03	   3.0775179e-05	  -2.6708818e-12	   2.2408304e+02	
   1.0811576e-03	   1.5768459e-04	  -1.5855465e-06	  -4.0196716e-05	  -3.7422738e-12	   2.2405077e+02	
   1.2654933e-05	   3.7373876e-05	   7.5624756e-04	  -2.6947986e-05	  -2.3669407e-12	   2.2403936e+02	
  -8.4204545e-04	   1.4100930e-05	  -7.4060098e-04	   3.5609133e-05	  -2.2111709e-12	   2.2403451e+02	
   2.8965803e-03	   2.4043524e-05	  -1.5636880e-03	  -1.8573308e-05	   8.9282675e-13	   2.2342493e+02	
  -3.6365890e-04	   4.2072177e-05	  -2.6503174e-03	   3.9393679e-04	  -1.3525375e-12	   2.2383470e+02	
   2.1089118e-03	  -3.2080320e-05	  -4.9038071e-04	  -6.5454310e-07	  -2.6556847e-12	   2.2404594e+02	
  -2.9803253e-03	   1.5141013e-05	  -1.9519874e-03	   3.2637301e-05	  -8.6243265e-13	   2.2397920e+02	
   2.3955758e-03	  -1.0448564e-04	   6.5858572e-04	  -4.0868407e-05	  -2.4771193e-12	   2.2395116e+02	
   2.4464077e-03	   2.9487291e-05	  -1.9599487e-03	  -2.9373467e-05	   8.2064076e-13	   2.2344311e+02	
  -2.8796972e-03	   6.9869131e-06	  -1.9752343e-03	   2.7734708e-05	  -8.8902749e-13	   2.2398177e+02	
  -6.1273626e-05	  -3.1003416e-05	  -2.7136139e-03	  -3.0508384e-04	  -3.4307343e-12	   2.2424155e+02	
  -6.7515110e-04	  -6.7169487e-05	  -1.2873666e-03	  -7.5657470e-05	  -1.9034306e-12	   2.2405664e+02	
  -2.1372708e-03	   4.5291614e-05	   2.5742002e-04	  -2.2134032e-07	  -2.9064360e-12	   2.2412901e+02	
  -7.8119820e-04	  -9.1520757e-05	  -6.9943339e-04	  -3.8126466e-05	  -1.9756166e-12	   2.2407089e+02	
   1.4743679e-03	  -7.4771997e-05	   3.0886387e-03	  -1.8134594e-04	   1.8844343e-12	   2.2312704e+02	
  -1.7431020e-03	   5.0367111e-05	   8.7836139e-04	  -1.4168571e-05	  -3.3585483e-12	   2.2406492e+02	
   5.0110656e-05	  -7.8460710e-06	  -1.9518712e-03	   2.7211847e-05	  -2.3783385e-12	   2.2412183e+02	
  -7.0857947e-04	  -1.2238053e-04	   1.0363537e-04	   8.8923498e-05	  -3.9436347e-12	   2.2408165e+02	
  -2.1086088e-05	   1.9813924e-05	   1.7162888e-03	   7.1847407e-05	   2.1655798e-13	   2.2360213e+02	
   8.6186291e-05	   9.1615690e-06	   1.8512997e-03	  -8.9580488e-05	  -2.1199886e-12	   2.2399049e+02	
   1.2043330e-03	   3.0935538e-05	   1.9038825e-03	   2.3949047e-05	   7.9784518e-13	   2.2344626e+02	
   9.4379517e-04	  -1.9825748e-05	  -1.9242508e-03	   2.1007863e-05	  -2.5113126e-12	   2.2413173e+02	
   3.1974556e-04	   6.7612396e-05	   6.6493422e-04	   5.7880119e-05	  -2.0629997e-12	   2.2407106e+02	
   9.2583986e-04	  -3.3244163e-05	  -1.6812196e-03	   2.9255206e-05	  -3.4573291e-12	   2.2406558e+02	
  -2.4551685e-03	   6.1140999e-05	   3.0073823e-03	  -4.2725075e-05	  -6.7246951e-13	   2.2396805e+02	
  -8.1538176e-04	   7.1549449e-06	  -1.4489391e-03	   4.2321669e-05	  -3.6358944e-12	   2.2403889e+02	
  -2.6826933e-05	   1.9623070e-05	   3.8956650e-03	  -7.1473351e-05	  -6.7246951e-13	   2.2396764e+02	
   6.8182568e-04	  -6.0841514e-05	  -4.8353449e-04	  -3.2728218e-05	  -3.5029203e-12	   2.2403840e+02	
   1.2451767e-03	  -5.3627773e-05	   3.6146570e-04	  -6.3692747e-05	  -2.5493054e-12	   2.2392335e+02	
  -6.6527133e-04	  -1.6000222e-05	  -6.1792173e-04	   6.4183605e-05	  -3.5637085e-12	   2.2397036e+02	
  -9.0268550e-04	   1.5824980e-05	  -1.0777938e-03	   4.1255123e-05	  -2.0895945e-12	   2.2402995e+02	
  -8.8209947e-04	   7.1081944e-05	   3.3679708e-03	  -2.2701133e-04	   1.8654381e-12	   2.2312929e+02	
   5.4168197e-04	   2.4670620e-05	  -5.7880961e-04	  -7.7598892e-05	  -1.7818542e-12	   2.2407361e+02	
  -6.6161600e-04	   9.4344047e-06	   2.7874689e-03	   4.3411095e-05	  -1.1131839e-12	   2.2400341e+02	
  -7.3893344e-04	   8.4656742e-07	  -1.7773573e-03	   1.8365342e-05	  -2.8228523e-12	   2.2416081e+02	
   1.0789674e-03	   6.2800885e-05	  -6.2079221e-04	  -6.8350000e-05	  -1.6374823e-12	   2.2406513e+02	
  -7.8224180e-04	  -4.3270478e-06	   1.3698733e-03	   5.4291064e-05	   4.7110858e-13	   2.2353168e+02	
  -1.2140514e-03	  -4.3539488e-06	   2.4578119e-03	   5.3858366e-05	  -1.1777715e-12	   2.2400891e+02	
   1.8040103e-03	   3.5295415e-05	   1.3503589e-03	   1.1663328e-05	   8.0544371e-13	   2.2344364e+02	
   3.1107827e-03	   3.2019841e-05	   9.8632073e-04	   4.9358663e-06	   9.0802380e-13	   2.2342023e+02	
  -2.7283402e-03	  -1.6472992e-04	   3.6676202e-04	   5.7090059e-05	  -2.8912389e-12	   2.2409206e+02	
  -9.1483673e-04	   5.9859114e-06	   7.4412688e-04	   1.4643352e-05	  -2.2643606e-12	   2.2400781e+02	
   1.5972972e-03	   6.8115812e-05	   1.6704333e-03	   4.2228654e-05	   3.5713070e-13	   2.2357566e+02	
   9.6207867e-04	  -3.4155514e-05	   1.6797649e-03	  -7.2983745e-05	  -2.0212078e-12	   2.2390787e+02	
   2.2160562e-03	  -1.6856024e-04	  -6.0392026e-04	   3.4395998e-05	  -1.8844343e-12	   2.2394768e+02	
  -1.4346768e-03	   2.5361759e-06	   7.4932784e-04	   1.9187269e-07	  -2.6556847e-12	   2.2417326e+02	
   1.7831099e-03	  -1.7115183e-05	   9.2267439e-04	  -1.5495604e-05	  -2.5455060e-12	   2.2409416e+02	
   9.2153403e-04	   1.4170364e-04	  -8.8354342e-05	  -5.9675538e-05	  -3.8752480e-12	   2.2403617e+02	
  -9.6299117e-04	  -1.0085733e-04	  -5.2071870e-04	  -1.6484135e-05	  -2.0971930e-12	   2.2407243e+02	
  -1.1784585e-04	  -1.6153708e-05	  -3.8814865e-03	   8.4252573e-05	  -7.5605329e-13	   2.2397155e+02	
   1.4490509e-03	  -6.2168809e-06	  -1.0919340e-03	  -7.8295709e-06	  -2.9672242e-12	   2.2415604e+02	
   2.1832630e-03	   4.4187283e-07	  -2.1500650e-03	  -2.8655792e-05	  -1.1283810e-12	   2.2400202e+02	
  -2.7523856e-04	   1.8456969e-06	  -2.0793965e-03	   6.8977246e-05	  -2.0516019e-12	   2.2393038e+02	
  -1.2057735e-03	  -2.8242274e-06	   3.3029824e-04	   1.2945618e-06	  -1.7172668e-12	   2.2415987e+02	
   3.2199963e-04	   6.3661944e-05	   5.6057375e-04	   3.7128302e-05	  -1.7742558e-12	   2.2407416e+02	
   7.8384217e-06	   9.5713556e-05	   1.7271613e-04	  -2.5421534e-05	  -4.2893676e-12	   2.2403388e+02	
   1.3642425e-03	  -8.0815029e-05	  -1.7516619e-03	   8.6809119e-05	  -1.8616388e-12	   2.2398711e+02	
   5.6935678e-04	  -5.8492893e-05	  -1.8852725e-04	  -4.8393948e-05	  -4.0690105e-12	   2.2402138e+02	
   4.5899125e-04	   2.4318435e-05	   3.9473504e-04	   1.6971692e-05	   2.0516019e-13	   2.2359270e+02	
  -2.6124797e-03	   3.6926382e-06	   1.8030996e-03	   2.2738108e-05	  -1.0258009e-12	   2.2399562e+02	
   1.4272693e-03	   1.9442188e-05	  -1.2393848e-03	  -3.3251672e-05	   6.9906435e-13	   2.2346826e+02	
   4.6774358e-05	  -7.7903954e-06	  -2.2948171e-03	   1.3930247e-04	  -1.8540402e-12	   2.2391617e+02	
  -2.9442416e-04	  -1.3014578e-05	  -7.2266013e-04	  -2.1002654e-05	  -1.2423590e-12	   2.2412592e+02	
   7.8967104e-04	   4.4381748e-05	  -8.6183585e-04	  -9.5034386e-05	  -2.1237879e-12	   2.2407253e+02	
  -2.0192538e-03	   6.5962362e-05	   3.3819001e-03	  -7.1579332e-05	  -6.6867025e-13	   2.2397944e+02	
  -6.6513508e-05	  -3.2864639e-05	  -1.8169064e-03	  -2.7799606e-04	  -3.4725262e-12	   2.2427263e+02	
   1.4932372e-03	  -2.4431243e-04	  -1.7323695e-03	   2.5005860e-04	  -1.6298837e-12	   2.2385116e+02	
  -5.5155815e-04	   2.6412264e-05	   4.5239053e-04	  -1.3609284e-05	  -3.9778282e-12	   2.2410298e+02	
  -8.0927243e-04	   1.2947438e-04	   1.6433816e-03	  -1.8968525e-04	  -2.0478027e-12	   2.2388269e+02	
   6.2014590e-04	   2.4922052e-05	  -4.5284853e-04	  -2.1304996e-05	   3.8752480e-13	   2.2354800e+02	
   3.0549915e-03	   2.7490077e-05	   3.6396038e-04	  -1.7159306e-05	  -1.1055855e-12	   2.2400721e+02	
   1.3294611e-03	  -4.0540494e-05	  -1.7864820e-03	   3.6376994e-05	  -3.0850014e-12	   2.2410556e+02	
  -1.1336750e-03	   7.5014524e-06	   1.5005884e-03	  -2.4489289e-06	  -3.2939609e-12	   2.2411811e+02	
  -1.1117546e-03	   3.7498310e-05	  -2.2799496e-03	   9.0257588e-05	  -2.5455060e-12	   2.2399412e+02	
   3.8435267e-03	  -8.9193243e-05	  -8.1029415e-04	  -1.9246511e-06	  -7.1046214e-13	   2.2397914e+02	
   9.0907971e-04	   4.5939275e-06	   2.3685023e-04	  -9.6920360e-06	  -3.4801247e-12	   2.2415999e+02	
  -8.1949954e-04	  -1.0767749e-05	  -9.8196268e-04	  -3.4956831e-06	  -2.0060107e-12	   2.2412742e+02	
  -2.5903310e-03	  -2.2649878e-04	   6.5853990e-04	   8.9751633e-05	  -3.5219166e-12	   2.2411619e+02	
  -1.6204285e-03	   4.8032612e-05	   3.4576689e-03	  -5.4943874e-05	  -7.3705698e-13	   2.2397316e+02	
   2.3291524e-03	   2.6519250e-06	   1.3851932e-03	  -9.4866320e-06	   1.2499574e-12	   2.2331415e+02	
   4.4100026e-04	  -9.5271511e-07	   6.1282727e-05	  -4.4534543e-05	  -2.0364048e-12	   2.2407509e+02	
   1.2425641e-04	   3.4863373e-06	   2.0573281e-03	  -3.2120727e-05	  -2.6898780e-12	   2.2414588e+02	
  -2.8969725e-04	   5.1068079e-06	   1.3930454e-03	   1.0082627e-04	  -1.9300255e-12	   2.2405883e+02	
   1.3960828e-04	  -1.2199190e-06	   1.4594027e-05	  -7.1045754e-06	  -6.4207541e-13	   2.2409091e+02	
  -2.0539196e-03	   1.3890113e-04	  -1.0065256e-03	   7.3457307e-05	  -1.8578394e-12	   2.2395190e+02	
  -8.7094148e-04	  -3.9328861e-05	   1.8472949e-04	   1.2487733e-05	   4.9390416e-13	   2.2352022e+02	
  -2.2757089e-03	   4.2283278e-05	   2.8478681e-03	  -2.0244665e-05	  -8.0924297e-13	   2.2397914e+02	
  -6.3471173e-04	   2.7340469e-05	   1.2814695e-03	  -1.6120947e-05	  -3.7460731e-12	   2.2402873e+02	
  -7.2225837e-04	  -1.6005357e-04	   1.8969131e-04	   6.5042091e-05	  -2.4809185e-12	   2.2439588e+02	
  -1.7965170e-03	   4.2724881e-05	   3.3302971e-03	  -3.7145255e-05	  -7.0666287e-13	   2.2397419e+02	
   1.0305468e-04	  -1.3058507e-05	  -2.4829238e-03	   1.0633543e-05	   2.1807768e-12	   2.2308455e+02	
  -1.4127437e-03	  -1.0087609e-04	  -3.1371614e-04	   6.5883628e-06	  -1.7742558e-12	   2.2405748e+02	
  -1.1457830e-03	   2.6309810e-06	   1.9000079e-04	  -1.2073267e-06	  -1.8616388e-12	   2.2418380e+02	
   6.7476737e-04	  -4.2202285e-06	   6.6572286e-04	  -3.8452236e-05	  -2.1959739e-12	   2.2404901e+02	
   9.0879033e-04	   1.8040817e-06	   5.7079952e-04	  -2.6954183e-06	  -1.6108874e-12	   2.2413684e+02	
  -4.1178996e-05	   7.0770525e-05	   9.9447303e-04	  -2.5232861e-05	  -2.7164729e-12	   2.2393247e+02	
   3.6428727e-03	   4.8088706e-05	  -4.3364723e-04	  -3.3945700e-05	  -2.3365466e-12	   2.2411439e+02	
   2.2143755e-05	   2.1167772e-05	   9.3130126e-04	  -3.2645805e-06	  -2.1617805e-12	   2.2404985e+02	
  -1.3748325e-04	   5.8868005e-05	   3.4464739e-04	   1.7259566e-05	  -2.1807768e-12	   2.2406962e+02	
   1.2981864e-03	  -3.4794008e-05	   3.8517941e-04	  -2.7229606e-05	  -2.2567621e-12	   2.2402666e+02	
  -3.3598710e-03	   3.7598935e-04	   2.4402827e-04	  -1.4639936e-05	   2.0250070e-12	   2.2308520e+02	
  -8.5156662e-04	   3.7324804e-05	   2.6677843e-04	   1.3093534e-05	  -2.2833569e-12	   2.2404915e+02	
   8.1365841e-04	   1.7573890e-04	   6.6004671e-04	   1.3800916e-04	  -2.8684434e-12	   2.2437312e+02	
  -1.0447947e-04	   6.2438327e-06	   1.2356049e-03	  -3.4240231e-06	  -3.4269350e-12	   2.2413842e+02	
  -1.1770470e-04	  -1.6557096e-06	   1.7854275e-03	   6.2404615e-05	   7.6365181e-13	   2.2343530e+02	
  -1.8066300e-03	   8.3636376e-05	   3.6772122e-03	  -1.2337022e-04	  -6.2687836e-13	   2.2398008e+02	
   2.3322606e-03	  -1.7797050e-04	  -1.6267340e-04	   2.6866853e-06	  -1.8654381e-12	   2.2394149e+02	
  -4.7068370e-04	  -5.3708225e-06	   4.9879040e-04	   1.0930270e-05	  -1.3221434e-12	   2.2412877e+02	
  -7.1504437e-05	  -1.2943456e-06	  -2.3465271e-03	   1.4325758e-04	  -1.8084491e-12	   2.2394957e+02	
   3.0185871e-03	  -1.4413588e-06	  -1.2495865e-04	  -5.4243121e-06	   1.3297420e-12	   2.2328732e+02	
   3.2737144e-04	  -1.3943134e-05	   2.2949995e-03	  -1.5665566e-04	  -1.8426424e-12	   2.2392897e+02	
   2.7954350e-04	  -8.1857629e-07	  -7.5829148e-05	  -8.7485216e-06	  -8.7003117e-13	   2.2411948e+02	
   6.9969820e-04	  -5.8957016e-05	   2.5907721e-03	  -2.8116899e-04	  -1.4095265e-12	   2.2383777e+02	
   1.0363260e-03	  -1.1905914e-04	   2.3303765e-03	  -3.0905887e-04	  -2.3137510e-12	   2.2391916e+02	
   8.7195436e-04	   2.2249248e-06	   3.6577813e-04	  -1.6592281e-05	  -2.2225687e-12	   2.2404572e+02	
  -6.5316013e-05	   5.2396400e-06	   8.4521982e-05	  -2.2078848e-05	  -2.8114544e-12	   2.2424588e+02	
  -1.4662334e-03	  -2.9466586e-05	  -2.6051177e-03	  -1.4741994e-05	  -1.1473774e-12	   2.2400611e+02	
  -1.4533236e-03	  -1.5213280e-04	   1.8473283e-03	   2.3643409e-04	  -3.6130989e-12	   2.2419177e+02	
   7.1521895e-04	   9.3628252e-05	   1.1395245e-03	   4.9254249e-05	  -2.8076552e-12	   2.2395196e+02	
  -1.1533343e-04	   7.1000179e-07	   9.7788353e-04	  -1.9795409e-06	  -1.6982705e-12	   2.2418112e+02	
  -2.1273271e-03	   6.0043196e-05	   3.2557165e-03	  -5.4245673e-05	  -6.9526509e-13	   2.2397345e+02	
  -2.2720262e-03	   1.3499873e-05	  -1.3515761e-03	   1.9968873e-05	   1.5007088e-12	   2.2322712e+02	
   1.5677674e-03	   9.2598187e-05	   1.2242300e-04	  -4.5416513e-05	  -2.7506662e-12	   2.2394875e+02	
   2.6266952e-03	   4.7630961e-05	   1.3649874e-03	   2.0234092e-05	   8.1304223e-13	   2.2344372e+02	
  -2.2905455e-03	   1.7740689e-04	  -1.5824140e-04	   1.8826677e-05	  -1.8844343e-12	   2.2395091e+02	
  -3.6542977e-03	  -2.8485951e-04	   7.8919649e-04	   9.5993975e-05	  -5.8888573e-13	   2.2429940e+02	
   3.3791490e-03	  -2.7936238e-06	   1.2910556e-03	  -2.1427588e-05	  -7.7884887e-13	   2.2398858e+02	
  -1.9352410e-03	  -5.7771984e-05	  -1.2906900e-03	  -3.0775755e-05	   5.8508647e-13	   2.2349875e+02	
  -2.0559728e-03	   1.3675490e-04	   8.0132968e-04	  -4.4549787e-05	  -1.9110292e-12	   2.2396924e+02	
   4.1132423e-05	  -5.0010684e-05	  -3.0320706e-04	   3.2857420e-05	  -3.6206974e-12	   2.2419946e+02	
  -2.5412259e-04	   4.7560075e-05	   2.4502530e-04	   3.8445741e-05	  -2.1693791e-12	   2.2407151e+02	
   6.4988839e-04	  -1.8136337e-07	  -2.0295097e-03	  -2.7699771e-05	   9.7641048e-13	   2.2339366e+02	
   3.7371945e-05	  -1.3339440e-05	  -1.9387965e-03	   8.0915484e-05	  -1.9984122e-12	   2.2401280e+02	
  -2.2257442e-03	   5.0246719e-05	  -2.8386099e-04	   1.1662716e-05	  -2.8000566e-12	   2.2412396e+02	
  -1.7756435e-03	   2.6640524e-05	  -7.8439512e-04	   1.9018622e-05	  -3.3471504e-12	   2.2409811e+02	
   5.7178924e-04	   8.7376393e-05	   4.4676769e-04	   2.0765690e-05	  -2.1313864e-12	   2.2407339e+02	
  -2.5039462e-03	  -2.9214132e-05	   3.5292004e-03	   9.5574130e-05	  -2.6062943e-12	   2.2426592e+02	
  -1.8029497e-03	   5.0979204e-05	   3.4229695e-03	  -5.3131520e-05	  -6.9906435e-13	   2.2397486e+02	
   1.7165804e-03	  -2.4657349e-05	   9.0497441e-04	  -2.6304573e-05	  -3.4307343e-12	   2.2407132e+02	
   1.2967211e-03	   2.5360015e-06	  -2.4989266e-03	  -4.8250309e-05	  -1.2613552e-12	   2.2401699e+02	
  -7.1178538e-04	   8.4721002e-06	   1.5040313e-03	  -1.2676874e-05	  -2.2757584e-12	   2.2416832e+02	
  -3.0796165e-03	  -1.9898400e-05	  -9.4903343e-04	   1.3472700e-05	  -9.1182306e-13	   2.2400012e+02	
   2.9215763e-06	   2.7547141e-05	   7.8819714e-04	  -6.7348722e-06	  -2.1617805e-12	   2.2406414e+02	
   3.4954301e-04	   1.4884036e-05	   5.0053011e-04	   2.2510476e-05	   3.5713070e-13	   2.2355372e+02	
  -2.3799181e-03	   2.1819849e-05	   2.4870022e-03	   6.7559442e-06	  -8.7762970e-13	   2.2398932e+02	
  -7.1725277e-04	  -3.1542546e-05	   3.0117567e-04	   1.7263663e-05	   4.5211227e-13	   2.2353143e+02	
  -3.9461860e-04	   2.9891947e-05	   1.8385898e-03	  -7.9393391e-05	  -2.1237879e-12	   2.2401079e+02	
  -5.1792824e-04	   4.0789164e-05	   1.2485444e-04	   2.8978344e-05	  -2.2187695e-12	   2.2407527e+02	
  -1.2203776e-03	  -1.6748211e-05	  -6.1901618e-04	  -4.1642973e-06	  -1.8920329e-12	   2.2412578e+02	
   3.3661029e-04	   2.7289978e-05	   4.5009244e-04	  -2.9656385e-05	  -2.1351857e-12	   2.2407257e+02	
   1.3857447e-03	  -6.9290857e-06	   7.4888959e-04	  -2.1984857e-05	  -3.8334561e-12	   2.2403282e+02	
  -1.3418001e-03	   8.5212596e-05	  -1.8973986e-03	   1.2621200e-04	  -1.8464417e-12	   2.2390995e+02	
   1.5263455e-03	  -2.3320007e-05	   2.2751974e-03	  -5.7663423e-05	   2.3555429e-12	   2.2302285e+02	
  -3.2295577e-03	   9.1931782e-05	  -2.4736645e-03	   9.4235864e-05	  -6.5347319e-13	   2.2398269e+02	
   1.6221310e-03	   3.6894805e-06	  -1.8043958e-04	  -1.0585996e-05	  -2.1275871e-12	   2.2412316e+02	
   2.7947346e-04	   9.3514961e-06	   1.2945696e-03	  -4.1602100e-05	  -2.2377657e-12	   2.2402862e+02	
  -2.1213908e-03	   5.5427906e-05	   1.8727124e-03	  -3.1784417e-05	   1.7248653e-12	   2.2315495e+02	
  -8.4607822e-04	   3.9517064e-05	  -2.0008574e-03	   1.1223321e-04	  -1.9262263e-12	   2.2399265e+02	
   1.1062922e-03	   5.0852424e-05	   5.5219374e-04	   2.2781993e-05	   2.5455060e-13	   2.2358125e+02	
   1.6391664e-03	   8.6328218e-05	  -2.1287263e-04	  -3.5211859e-05	  -1.5804933e-12	   2.2405355e+02	
   3.9645033e-03	   1.7477785e-04	  -9.3759090e-04	  -6.8296318e-05	  -2.3365466e-12	   2.2434931e+02	
   3.5744923e-04	   2.0843696e-06	   1.9432579e-03	  -6.1110881e-05	  -2.1351857e-12	   2.2392372e+02	
   1.1842282e-03	   4.7209107e-06	   9.6716713e-04	  -9.7785671e-06	  -3.6017011e-12	   2.2409723e+02	
  -1.6810155e-03	   3.0878771e-05	  -9.5296733e-04	   2.5158288e-05	  -2.6366884e-12	   2.2409191e+02	
   2.3011741e-03	  -1.4072909e-04	   7.8106129e-05	  -1.2847944e-05	  -1.8958322e-12	   2.2392161e+02	
   1.2683881e-03	  -1.7324366e-05	   2.3014692e-04	  -1.8005976e-05	  -2.6252906e-12	   2.2409412e+02	
   6.1540431e-04	   8.7530158e-06	   8.0703698e-04	  -1.3679796e-05	  -2.2719591e-12	   2.2403390e+02	
  -4.5673007e-04	   1.3657902e-05	   2.5372710e-03	  -3.2640530e-06	   1.3791324e-12	   2.2327385e+02	
  -1.8732817e-04	   1.4934020e-05	   2.6518755e-03	   5.9330323e-05	  -1.2423590e-12	   2.2401997e+02	
  -1.3868175e-03	  -3.1971497e-05	   1.9429389e-03	   8.1757123e-05	  -1.1739721e-12	   2.2402772e+02	
   4.3838347e-04	   1.7565829e-05	  -8.6987391e-04	  -3.8709972e-05	   4.8630563e-13	   2.2352822e+02	
  -1.1222143e-03	  -4.5697827e-05	  -2.2519731e-03	  -4.9060233e-05	  -1.3639354e-12	   2.2402515e+02	
   3.5773982e-03	  -3.1002386e-05	   8.7818369e-04	  -2.7101949e-05	  -7.7504960e-13	   2.2398881e+02	
  -1.2065409e-03	   4.6260935e-05	   1.8578394e-03	  -5.3883076e-05	  -3.1381910e-12	   2.2407554e+02	
   6.7935715e-04	  -3.9981402e-05	  -5.9356202e-04	  -8.1096462e-06	  -2.2339665e-12	   2.2405828e+02	
   1.0755711e-03	  -2.2293072e-05	   3.5149354e-04	  -4.6774891e-05	  -3.5219166e-12	   2.2401973e+02	
   4.3239190e-04	  -1.9414709e-06	   1.3744994e-03	  -9.2726252e-06	  -1.6146866e-12	   2.2412367e+02	
  -2.6386632e-03	   2.0083380e-04	  -1.7373573e-03	   1.4579343e-04	   2.1313864e-12	   2.2302267e+02	
  -2.4321249e-03	   2.4856563e-05	   2.5285174e-03	   3.6233400e-06	  -8.3963707e-13	   2.2398785e+02	
  -2.4864280e-04	   4.9929064e-06	   1.6991520e-03	  -1.3840487e-05	  -2.5607031e-12	   2.2417316e+02	
   7.6573911e-04	  -3.9296516e-05	  -1.4038059e-03	   3.3804835e-05	  -2.1655798e-12	   2.2402744e+02	
  -8.5227793e-04	   2.3377271e-05	  -4.6567329e-04	   3.9089136e-05	  -4.0500141e-12	   2.2401067e+02	
   2.3507171e-03	  -3.7110697e-04	   7.6100208e-04	  -1.4306180e-04	  -1.3943295e-12	   2.2381221e+02	
  -2.4281797e-03	  -4.7128231e-06	  -3.1674145e-03	   4.6764740e-05	  -2.1807768e-12	   2.2413279e+02	
   1.0176406e-04	  -2.6909966e-05	  -6.2803112e-04	  -7.0574333e-05	  -2.0060107e-12	   2.2407942e+02	
  -6.7227115e-04	   1.6057734e-05	  -2.8547440e-03	   1.0037956e-04	   1.8730365e-12	   2.2310455e+02	
  -1.1626101e-03	   6.9049485e-05	  -1.9848540e-03	   1.2885795e-04	  -1.8616388e-12	   2.2397114e+02	
  -8.4477817e-04	  -5.6978632e-05	   4.9727056e-04	   7.8906345e-05	  -1.8654381e-12	   2.2407599e+02	
  -2.3665076e-03	  -1.5182865e-04	   1.4556501e-03	   1.3190861e-04	  -3.2103770e-12	   2.2408977e+02	
   2.1325256e-03	  -1.3218284e-04	  -9.1766812e-04	   4.9158687e-05	  -1.9034306e-12	   2.2393269e+02	
  -1.0778207e-03	  -2.6865501e-05	   4.4532423e-06	  -1.0017607e-07	  -5.2049900e-13	   2.2403791e+02	
  -5.1920970e-04	  -5.7008009e-05	  -1.8452954e-04	   4.7723064e-05	  -2.0629997e-12	   2.2407797e+02	
   3.0399599e-04	  -1.4495944e-05	  -3.2482317e-04	  -7.3732507e-05	  -2.2149702e-12	   2.2407601e+02	
   5.7530145e-04	   1.0080995e-05	   1.0096942e-03	  -8.3535926e-06	  -2.3783385e-12	   2.2400020e+02	
   1.6064790e-04	   1.9409451e-06	   1.6590248e-03	  -1.5989596e-05	  -2.4049333e-12	   2.2417384e+02	
  -3.1894837e-03	  -3.5265959e-05	   1.0045048e-03	   3.2334577e-05	  -7.1046214e-13	   2.2399290e+02	
  -1.5003183e-03	  -1.7622165e-04	  -2.7309240e-03	  -2.6321449e-04	  -2.7164729e-12	   2.2433561e+02	
  -1.9472532e-03	   8.9692963e-05	  -1.8922468e-04	   1.6637423e-05	  -2.0098100e-12	   2.2400971e+02	
  -1.9213035e-03	   2.0723233e-05	   4.3606663e-05	   5.4792480e-06	  -3.4307343e-12	   2.2409339e+02	
  -3.0014057e-03	   1.1046227e-04	   2.7608665e-03	  -7.3386862e-05	  -6.2687836e-13	   2.2398586e+02	
  -1.3103255e-03	   1.0325724e-05	   8.7142907e-04	   2.4594983e-06	  -3.7688687e-12	   2.2406190e+02	
  -9.1300180e-04	   1.6819400e-05	  -7.5114414e-04	   3.4766737e-05	  -2.1807768e-12	   2.2405646e+02	
  -2.6842116e-03	  -2.1130045e-04	   9.6866765e-05	   4.0302100e-05	  -3.2597674e-12	   2.2410570e+02	
   1.8127181e-03	  -9.0231806e-05	  -1.2099342e-03	   5.2624698e-05	  -1.9870145e-12	   2.2393134e+02	
   4.2486461e-04	   9.8323115e-05	   3.4671381e-04	   8.5433643e-05	  -1.8692373e-12	   2.2440725e+02	
  -9.7688591e-04	  -8.7534733e-05	   2.8422449e-05	   4.2816031e-05	  -1.8844343e-12	   2.2407574e+02	
  -6.1633227e-04	  -5.6785355e-06	   4.1686352e-04	   1.7158896e-05	   2.9482279e-12	   2.2280355e+02	
  -1.3484996e-03	  -8.7351233e-05	  -1.1819898e-03	  -4.6647474e-05	  -1.6488800e-12	   2.2404944e+02	
  -2.5519331e-03	   2.0418323e-05	  -3.5425995e-04	   1.5033747e-05	   1.5614970e-12	   2.2321080e+02	
  -5.7106981e-04	   3.8069211e-05	   7.1190737e-04	  -7.0285835e-06	  -2.2111709e-12	   2.2405459e+02	
  -9.8934200e-04	  -3.0266791e-05	   1.5664520e-03	   5.5414304e-05	   7.6745108e-13	   2.2343949e+02	
  -1.6297534e-03	   7.8310549e-05	   1.0223243e-03	  -3.6772323e-05	  -2.0819960e-12	   2.2402629e+02	
   1.3634375e-03	   1.6671428e-04	   2.4267456e-03	   2.6152504e-04	  -3.3927416e-12	   2.2424228e+02	
   5.4613675e-04	  -3.4647565e-05	  -1.2205807e-04	  -3.7991930e-05	  -2.1845761e-12	   2.2407337e+02	
   4.7963864e-04	   9.6165747e-06	   2.1781482e-04	  -5.2742855e-06	  -1.0865891e-12	   2.2412038e+02	
  -2.7283113e-04	  -5.6424670e-05	  -5.1177353e-04	   6.2024633e-06	  -2.0895945e-12	   2.2407799e+02	
   1.6337332e-04	  -3.4164041e-05	  -1.2336927e-03	   2.6254536e-05	  -3.9056421e-12	   2.2401443e+02	
   4.7822444e-04	  -4.9407430e-05	  -4.6931081e-04	  -1.2463050e-05	  -2.0364048e-12	   2.2408461e+02	
  -7.8319748e-04	  -9.6219708e-05	  -4.4068258e-04	  -8.3093648e-06	  -1.9224270e-12	   2.2407750e+02	
   2.6075887e-04	   2.2104115e-05	   2.9189770e-03	   4.1056337e-05	  -1.0561950e-12	   2.2400807e+02	
   9.9444787e-04	  -1.1219520e-04	  -1.2830115e-03	   8.0670372e-05	  -2.3669407e-12	   2.2390047e+02	
   1.3064871e-03	  -1.3709170e-04	  -1.0035156e-03	   5.7477926e-05	  -2.3365466e-12	   2.2389768e+02	
  -1.3072145e-03	   1.5233827e-04	  -3.0797095e-03	   3.8649322e-04	   2.0629997e-12	   2.2307808e+02	
   4.8802937e-04	   4.8633668e-05	   1.6186768e-03	   8.7542121e-05	  -1.6298837e-12	   2.2405300e+02	
   2.3389241e-03	   5.8019308e-05	   3.5660442e-03	   3.9193819e-05	  -2.5834987e-12	   2.2419891e+02	
  -6.8443281e-04	  -8.1025283e-05	  -4.3692131e-04	  -4.3916309e-06	  -1.9148284e-12	   2.2407850e+02	
  -1.7668797e-03	   3.3706765e-05	   6.0585558e-04	  -1.1827199e-06	  -2.7126736e-12	   2.2405157e+02	
   5.7779270e-04	  -3.6258433e-05	   1.4704361e-05	  -6.9090198e-05	  -4.0234193e-12	   2.2401216e+02	
  -6.7896036e-04	  -8.8323657e-05	  -3.1261686e-04	   1.3787725e-05	  -2.0174086e-12	   2.2407983e+02	
  -1.5433845e-03	   2.8748067e-05	   1.4909406e-03	  -1.6612579e-05	  -2.6290898e-12	   2.2405028e+02	
  -1.0600952e-03	   2.6685093e-05	  -1.7191633e-03	   6.3506264e-05	  -3.3091579e-12	   2.2405380e+02	
   9.8196226e-04	   1.4624237e-06	   1.6469534e-03	  -1.3727650e-05	  -3.5219166e-12	   2.2408190e+02	
   7.5118216e-05	   7.0015809e-06	   2.0710801e-03	  -1.0716901e-04	  -2.0478027e-12	   2.2400071e+02	
  -1.3951036e-03	   1.8014646e-04	   2.7308195e-03	  -3.1590034e-04	   2.3061525e-12	   2.2296455e+02	
  -1.4123663e-04	  -6.8370246e-05	  -5.1086333e-04	  -5.3889839e-05	  -1.7552594e-12	   2.2408621e+02	
  -4.9573620e-04	  -1.7435769e-05	   2.4129030e-03	   2.2129920e-04	  -3.3699461e-12	   2.2410709e+02	
  -3.3135892e-04	   1.4232768e-05	   3.0555915e-03	   3.9523085e-05	  -9.6121348e-13	   2.2400423e+02	
   1.3154987e-03	   5.2054300e-05	  -3.7113529e-04	  -1.7467612e-05	   5.5469236e-13	   2.2350299e+02	
  -1.7668228e-03	   6.3770472e-05	  -3.8517044e-03	   1.8448693e-04	  -6.0788204e-13	   2.2398959e+02	
  -7.1143200e-04	   3.5457567e-05	   9.3089022e-04	  -1.4747862e-05	  -2.1807768e-12	   2.2404725e+02	
  -3.1478862e-03	  -3.4805056e-04	  -5.0689236e-04	  -2.3388122e-05	  -4.2171817e-13	   2.2427410e+02	
   4.4592577e-04	  -3.4604829e-05	  -1.1995857e-03	   2.4223571e-05	  -2.0971930e-12	   2.2406361e+02	
   1.4114620e-03	  -1.1689464e-05	  -1.0871267e-03	  -7.6005874e-06	  -3.5827048e-12	   2.2409222e+02	
  -4.9607125e-05	  -1.8236076e-06	  -2.2692726e-03	   1.1468573e-04	  -1.9604196e-12	   2.2394509e+02	
  -1.0240226e-03	  -1.0196268e-04	  -3.9192651e-04	  -1.8160033e-06	  -1.8160476e-12	   2.2407721e+02	
  -2.8798355e-03	  -1.3930849e-04	   3.7544027e-04	   5.3114127e-05	  -2.6480861e-12	   2.2409617e+02	
   2.5611453e-03	  -3.9762854e-05	   1.7669540e-03	  -7.1394043e-05	  -1.8160476e-12	   2.2394302e+02	
   3.8645829e-04	   6.8010016e-07	   1.7469085e-05	  -8.3331827e-06	  -9.8020979e-13	   2.2413149e+02	
   2.0012862e-03	  -1.1522408e-04	  -1.1713235e-03	   5.9653572e-05	  -1.9338247e-12	   2.2394875e+02	
   4.4607366e-04	   1.5935902e-05	  -3.4978975e-04	  -1.1916368e-04	  -3.7840657e-12	   2.2403230e+02	
  -1.5063636e-03	   8.2906946e-05	  -1.5855437e-03	   9.5665473e-05	  -2.0212078e-12	   2.2400799e+02	
  -9.5938002e-05	  -6.7214981e-06	  -5.8026292e-04	  -2.7404509e-05	   1.6716756e-13	   2.2361315e+02	
   1.4316716e-03	  -7.6817865e-05	  -1.4765443e-03	   6.0738468e-05	  -2.0592004e-12	   2.2401038e+02	
  -1.7992692e-04	  -3.0959014e-05	  -6.8746187e-04	   5.4164618e-05	  -4.0120215e-12	   2.2406132e+02	
   1.5764832e-04	  -5.9155689e-05	  -4.8904639e-04	  -1.0564519e-05	  -2.1275871e-12	   2.2407805e+02	
   3.4275390e-05	   4.5372173e-05	  -2.3987066e-05	  -5.6198762e-05	  -3.9208392e-12	   2.2418424e+02	
  -6.6452017e-04	   4.1828971e-05	  -2.3118446e-03	   1.6444965e-04	  -1.8844343e-12	   2.2396486e+02	
  -2.3339118e-04	   4.8222375e-06	   5.1230329e-05	  -9.4055415e-06	  -1.6526793e-12	   2.2421564e+02	
   2.2825302e-03	  -1.4632674e-04	  -3.7576158e-04	   1.3870156e-05	  -1.9604196e-12	   2.2398652e+02	
  -1.8333894e-03	   9.5794006e-05	   1.2675740e-03	  -5.1077990e-05	  -3.1457896e-12	   2.2401689e+02	
  -2.7628973e-04	  -3.9547999e-05	   8.3212301e-04	   1.9726106e-04	  -3.8068613e-12	   2.2424093e+02	
  -1.6217120e-03	   1.8206572e-05	  -1.3601087e-03	   2.3907163e-05	  -2.5683016e-12	   2.2408046e+02	
   5.1727565e-04	   2.0666563e-06	   1.0994465e-03	  -3.8235903e-05	  -2.1997732e-12	   2.2405065e+02	
  -2.3180014e-06	  -2.4804809e-06	   1.0376384e-04	   4.8571524e-06	   1.4057272e-13	   2.2361442e+02	
   4.3237051e-04	  -1.5455231e-05	   2.2206512e-03	  -1.1649925e-04	  -1.9528211e-12	   2.2395423e+02	
   1.0477100e-04	   4.9734132e-06	   1.9608444e-03	  -1.5323091e-05	  -3.2141763e-12	   2.2412030e+02	
  -9.7542380e-04	  -4.6050129e-05	   1.0513212e-03	   9.2047481e-05	  -1.6070882e-12	   2.2406010e+02	
   1.0674840e-03	   1.0622923e-04	  -1.3357707e-03	  -1.7910847e-04	  -3.6662885e-12	   2.2409895e+02	
   2.7505802e-03	  -1.4885718e-04	  -1.2537480e-03	   5.6021021e-05	   2.0554011e-12	   2.2304980e+02	
  -2.1824555e-03	   3.5820365e-05	  -3.8622261e-03	   1.0168858e-04	  -3.9132406e-13	   2.2398590e+02	
  -6.7258624e-04	   1.1064052e-04	   2.7290778e-03	  -3.7425247e-04	  -1.1131839e-12	   2.2376912e+02	
   2.2283943e-03	  -1.3486240e-04	  -5.3060025e-04	   2.1453053e-05	  -1.9832152e-12	   2.2399883e+02	
  -3.6628415e-04	  -1.5169598e-05	   7.1833223e-04	   3.5270252e-05	   3.9132406e-13	   2.2355288e+02	
  -2.2010268e-04	  -6.0018476e-05	  -7.7969566e-04	  -7.4755324e-05	  -1.9262263e-12	   2.2408126e+02	
   7.8315427e-05	   2.1007212e-06	   1.5892105e-04	  -5.7545414e-05	  -3.5029203e-12	   2.2420482e+02	
  -5.4307239e-04	   3.3108179e-05	   1.0087943e-03	  -1.9123180e-05	  -2.1769775e-12	   2.2405116e+02	
   4.2288563e-04	  -4.4141678e-05	   4.5191643e-05	  -4.9562441e-05	  -1.9680181e-12	   2.2414337e+02	
   4.8631257e-04	  -4.5713456e-05	  -3.3943951e-04	  -2.4236033e-05	  -2.1427842e-12	   2.2407801e+02	
  -3.7851421e-04	  -1.9428054e-06	   4.4515397e-04	  -3.4086536e-06	  -1.5614970e-12	   2.2418625e+02	
  -9.9809864e-05	  -2.2693707e-05	  -1.1230237e-03	   3.1327343e-05	  -2.1693791e-12	   2.2406085e+02	
  -1.4241656e-03	  -2.8649462e-04	  -1.2479946e-04	   1.1679554e-06	   2.6594839e-14	   2.2420938e+02	
  -9.3365810e-05	   2.2625900e-05	   9.2956610e-04	   9.5741216e-05	  -1.8198469e-12	   2.2408042e+02	
   7.3226693e-04	   2.5403203e-06	  -1.5664717e-03	  -3.3252273e-05	   9.7641048e-13	   2.2339348e+02	
   2.6104574e-04	   1.1962915e-04	   2.9503830e-04	   4.2975982e-05	  -4.0158207e-12	   2.2405887e+02	
  -2.8531968e-04	  -1.2801097e-05	   4.5596327e-04	   2.1334321e-05	   3.0014176e-13	   2.2357331e+02	
  -2.9675757e-04	  -5.1726154e-05	  -4.5476202e-04	   3.6384954e-05	  -1.9984122e-12	   2.2408472e+02	
  -2.1433261e-03	  -5.5913457e-05	   5.5393003e-04	   2.0859483e-05	   8.8142896e-13	   2.2341857e+02	
  -6.6157726e-04	   1.0260592e-05	  -1.5375179e-03	   5.2823601e-05	  -2.1237879e-12	   2.2404259e+02	
  -4.6498971e-04	  -3.7136764e-05	  -8.6149976e-04	   5.4063322e-05	  -3.5523107e-12	   2.2396952e+02	
  -6.6438911e-04	   3.8185811e-05	   1.3320896e-03	  -2.8510105e-05	  -3.4839239e-12	   2.2403050e+02	
  -1.1112606e-03	  -7.1460083e-05	   1.8754824e-03	   1.8707407e-04	  -3.3775445e-12	   2.2407320e+02	
   2.3646199e-04	   3.3906981e-05	   4.8699438e-04	  -4.3253087e-05	  -2.1199886e-12	   2.2408296e+02	
   3.5360499e-03	  -2.5369948e-05	   9.2463411e-04	  -2.5922902e-05	  -7.9784518e-13	   2.2399517e+02	
  -1.0999854e-03	   2.4511320e-05	  -3.6417552e-04	   2.5574272e-05	  -4.0082223e-12	   2.2401273e+02	
  -1.1641994e-03	   2.8957962e-05	  -1.1164423e-03	   4.1621530e-05	  -2.1275871e-12	   2.2404347e+02	
   4.8626801e-04	  -3.5478279e-05	  -2.9942132e-03	   1.7025026e-04	   2.1009923e-12	   2.2303375e+02	
  -2.8721983e-03	   1.1138805e-04	   2.9805379e-03	  -8.5629687e-05	  -5.9648425e-13	   2.2398963e+02	
  -7.0787047e-04	   1.9390588e-06	  -5.5318106e-04	   6.8313184e-06	  -3.7460731e-12	   2.2413938e+02	
   1.3555680e-03	  -1.9689178e-05	   1.5121393e-03	  -3.2351451e-05	  -2.7012759e-12	   2.2405969e+02	
   4.8072519e-04	   2.0789735e-05	  -8.6213716e-04	  -3.8838775e-05	   4.3311595e-13	   2.2354763e+02	
  -1.4036713e-04	  -7.2615534e-05	  -4.6091717e-04	  -7.6775016e-06	  -1.9718174e-12	   2.2408322e+02	
  -3.3362356e-04	  -1.6469312e-05	   7.6288858e-05	   3.6791674e-06	   1.8616388e-13	   2.2360476e+02	
   1.1592073e-03	  -9.9227285e-06	   1.0614719e-03	  -1.3842521e-05	  -1.9832152e-12	   2.2413733e+02	
   7.8960909e-05	  -3.0518275e-05	  -7.5972874e-05	  -3.2125081e-05	  -3.6320952e-12	   2.2421549e+02	
  -1.0511540e-04	  -7.2608180e-06	  -1.8993999e-03	   7.2841092e-05	  -2.0971930e-12	   2.2403177e+02	
   2.9872425e-03	  -2.5060366e-04	  -1.8958105e-03	   1.4500933e-04	   1.9300255e-12	   2.2312307e+02	
  -1.0128014e-03	   6.3128338e-06	   1.5920450e-03	   2.9080310e-06	  -2.5265097e-12	   2.2407962e+02	
   1.7665579e-03	  -6.9968337e-05	   7.8924648e-04	  -5.2497704e-05	  -3.3053586e-12	   2.2396809e+02	
  -1.1361409e-03	   2.4632205e-05	   1.3970322e-03	  -2.8215414e-05	  -1.9414233e-12	   2.2413243e+02	
   2.0408421e-03	  -7.6378722e-06	  -1.2859968e-03	  -4.8947243e-06	   1.4437198e-12	   2.2325604e+02	
   2.9932471e-03	  -4.1615858e-05	  -2.0866675e-03	   5.5528715e-06	  -8.3583781e-13	   2.2399719e+02	
   9.9145109e-04	  -3.1528929e-05	  -1.9324679e-03	   4.0086604e-05	  -2.6936772e-12	   2.2405752e+02	
  -3.0580325e-04	   4.0472220e-06	   1.7001574e-03	   1.0276334e-04	  -1.3715338e-12	   2.2404801e+02	
   1.3909596e-03	  -1.6143279e-04	  -3.1603558e-03	   3.3761663e-04	   2.0098100e-12	   2.2310070e+02	
   3.5699537e-04	  -7.5081938e-05	  -1.9249545e-03	   2.7147459e-04	  -1.9300255e-12	   2.2385280e+02	
   8.6119289e-04	   3.9754424e-05	  -3.5096478e-04	  -1.9195890e-05	   1.5956904e-13	   2.2362515e+02	
  -1.8569476e-04	   4.3733427e-05	   3.7250764e-04	   2.5936084e-05	  -2.2529628e-12	   2.2407347e+02	
  -1.5747511e-03	   1.8809224e-04	  -8.2752258e-04	   1.2448194e-04	  -2.1275871e-12	   2.2387065e+02	
   1.5414278e-03	   3.1677086e-06	  -2.4480292e-03	  -3.9895728e-05	  -1.1853700e-12	   2.2402200e+02	
  -7.6885750e-04	   1.7938953e-05	  -4.1636192e-04	   3.4073977e-05	  -2.1047916e-12	   2.2407314e+02	
  -1.5690820e-04	   4.9812772e-07	   9.6160985e-04	  -2.9782648e-06	  -1.8046499e-12	   2.2418789e+02	
  -2.5913034e-03	   4.1842821e-05	   3.4840201e-03	  -2.3407072e-05	  -3.0394102e-13	   2.2397709e+02	
   1.5079916e-03	  -4.7793005e-05	  -1.4051832e-03	   3.8266862e-05	  -2.0971930e-12	   2.2397112e+02	
   2.2407131e-03	   6.4965257e-05	  -5.2089099e-04	  -3.3698300e-05	   7.3705698e-13	   2.2347243e+02	
   2.9225575e-03	  -8.9434703e-05	   1.7859781e-03	  -6.4350145e-05	   1.6602778e-12	   2.2320268e+02	
   1.1671146e-04	  -1.4099939e-05	  -1.9500595e-03	  -1.1579682e-04	  -1.0258009e-12	   2.2403177e+02	
  -1.0850614e-04	  -7.0556446e-05	  -4.6415266e-04	  -1.5061180e-06	  -1.9338247e-12	   2.2408484e+02	
   6.7840549e-04	   2.4742872e-05	  -1.1078018e-03	  -4.6617468e-05	   4.9010490e-13	   2.2352560e+02	
  -2.7847351e-03	   3.9518810e-04	  -4.0804949e-04	   7.0310499e-05	  -1.0979869e-12	   2.2376174e+02	
  -5.8427324e-04	  -5.0326933e-06	  -8.4005960e-04	   4.1219317e-06	  -3.7688687e-12	   2.2412629e+02	
   3.9930685e-04	  -2.7321840e-05	  -3.9070843e-03	   8.8984063e-05	  -7.4845476e-13	   2.2399353e+02	
  -7.9727364e-04	  -3.0245610e-05	   1.2597253e-03	   5.4911859e-05	   2.6594839e-13	   2.2358797e+02	
  -1.8804200e-04	  -7.4227697e-05	  -4.4777125e-04	  -2.0847358e-06	  -1.9110292e-12	   2.2408535e+02	
   3.0041747e-03	   5.6431278e-06	   1.8875489e-03	  -2.7941881e-06	   1.0599944e-12	   2.2339695e+02	
  -1.3208343e-03	   3.0438611e-06	   7.5665244e-05	   1.2370138e-05	  -2.5227105e-12	   2.2393302e+02	
  -5.5981872e-04	  -1.1487974e-05	   1.9035736e-04	   7.9691256e-06	  -1.1929685e-12	   2.2411748e+02	
  -4.5602472e-04	  -8.6137782e-06	  -7.9550319e-04	   3.9879018e-05	  -2.0326056e-12	   2.2407449e+02	
  -1.2348625e-03	  -1.5386274e-04	  -4.8886743e-05	   5.2191844e-05	  -3.4763255e-12	   2.2406169e+02	
   5.1923773e-04	  -4.7164624e-05	  -3.8736202e-04	  -1.8499801e-05	  -1.9870145e-12	   2.2408556e+02	
   2.6699225e-05	   2.2064093e-06	   1.4643801e-03	   4.6017056e-06	  -2.7810603e-12	   2.2417449e+02	
  -3.8138033e-03	  -3.7186765e-05	  -2.1660621e-03	   2.8895465e-05	  -1.2575560e-12	   2.2438749e+02	
   1.2294767e-03	  -2.2662338e-05	  -1.3239926e-03	   1.3256866e-05	  -2.1351857e-12	   2.2413375e+02	
   1.3052522e-03	  -7.9178623e-05	  -1.8235930e-03	   9.3262100e-05	  -1.9718174e-12	   2.2400582e+02	
  -7.5245438e-04	  -7.1796836e-05	  -3.4173657e-03	  -2.0136742e-04	  -3.0963992e-12	   2.2415136e+02	
  -4.8937836e-04	   9.8198586e-06	  -2.2584589e-04	   5.1169132e-05	  -1.9794158e-12	   2.2408525e+02	
   7.7989968e-04	  -6.6341880e-06	   1.9450826e-04	  -2.5723746e-05	  -2.3783385e-12	   2.2405235e+02	
   2.7719733e-04	   9.0321034e-06	  -8.9442052e-04	  -4.0785777e-05	   3.5333144e-13	   2.2357168e+02	
   6.3604245e-04	   9.2560250e-05	   1.5714206e-04	  -1.9259746e-05	  -1.4171250e-12	   2.2407785e+02	
  -2.8331667e-04	   1.8404356e-05	   2.6879330e-03	  -6.4344840e-05	   1.8540402e-12	   2.2312066e+02	
   2.6761426e-03	   1.1413664e-04	   6.1839930e-04	   8.9558218e-06	  -5.9648425e-13	   2.2398862e+02	
   3.5855867e-03	   5.5903707e-05	  -1.0389717e-03	  -3.4421795e-05	  -3.6092996e-13	   2.2396783e+02	
  -8.6879542e-04	  -2.5507307e-07	  -9.4852396e-04	   3.9361616e-06	  -1.9718174e-12	   2.2418535e+02	
   7.9715500e-04	  -4.5835768e-05	  -2.2154791e-03	   1.1101964e-04	  -1.9376240e-12	   2.2398130e+02	
  -9.2298215e-04	  -3.2300053e-05	  -7.7668436e-04	  -6.3942309e-06	   8.5863338e-13	   2.2343237e+02	
   3.7120590e-04	  -3.2091196e-06	  -1.8455516e-04	  -5.7931135e-05	  -2.3175503e-12	   2.2407147e+02	
   1.6940113e-03	   3.8971928e-05	  -1.6524207e-03	  -4.3010034e-05	   8.5483412e-13	   2.2343164e+02	
  -2.1602168e-03	  -2.0568977e-04	   2.1676189e-03	   2.4371268e-04	  -2.8646441e-12	   2.2431817e+02	
   3.2804300e-04	  -3.2470296e-05	  -1.8064894e-04	  -9.3042265e-06	  -3.2673660e-12	   2.2422058e+02	
   1.4053165e-03	  -3.7933664e-05	   1.0417743e-03	  -4.2531330e-05	  -2.0933938e-12	   2.2404776e+02	
   4.2693748e-04	  -2.4447349e-05	   1.9639233e-04	  -6.8847974e-05	  -4.2361780e-12	   2.2404179e+02	
   8.6820903e-04	  -1.7674387e-05	   1.4841618e-03	  -5.3479617e-05	  -2.0781968e-12	   2.2404525e+02	
   2.4114152e-03	  -1.8370022e-04	  -2.5260239e-03	   1.7914131e-04	   4.2209810e-12	   2.2222362e+02	
   1.3753948e-03	  -5.9287013e-05	  -1.3275742e-03	   3.7570771e-05	  -2.0705982e-12	   2.2404370e+02	
   8.0086718e-04	   3.1534018e-06	   1.3242655e-03	  -2.4897494e-05	  -3.8106606e-12	   2.2402868e+02	
  -1.0751304e-03	   6.8139634e-05	   1.4004931e-03	  -4.8040384e-05	  -3.3319534e-12	   2.2394410e+02	
   3.8147362e-04	  -4.7162277e-05	  -1.0835962e-03	   1.8428763e-05	  -3.7992628e-12	   2.2401975e+02	
   1.6453148e-04	  -1.6836426e-05	  -3.1678889e-03	  -1.0278063e-05	  -1.0865891e-12	   2.2401623e+02	
  -9.6098629e-04	  -3.5827885e-06	   1.3953391e-04	  -1.3167821e-06	  -1.9452225e-12	   2.2419850e+02	
   3.7309697e-04	   1.3311682e-04	   6.8078979e-05	   4.0541526e-06	  -4.0044229e-12	   2.2414367e+02	
  -2.3712584e-04	   1.4450734e-05	   2.1826929e-03	  -5.5962304e-05	  -2.6328890e-12	   2.2401539e+02	
  -7.1764996e-04	   3.3016062e-05	  -2.2494432e-03	   1.1684585e-04	  -1.9338247e-12	   2.2398672e+02	
   1.6137104e-05	  -1.4711945e-05	  -1.1803680e-03	  -5.2073422e-06	   2.9140346e-12	   2.2280803e+02	
   1.2649121e-03	  -4.2590871e-06	  -1.8696837e-03	  -6.7832145e-06	   1.4285228e-12	   2.2326227e+02	
   8.0381239e-04	  -5.0400043e-06	  -6.5639891e-04	  -9.1871363e-06	  -1.8312447e-12	   2.2419181e+02	
   7.4120427e-04	  -3.2270287e-05	  -9.8623626e-04	   1.1683689e-06	  -3.8980436e-12	   2.2405693e+02	
   2.4087947e-05	   7.9328162e-06	  -1.1597363e-04	  -1.8121246e-05	  -3.0850014e-12	   2.2431721e+02	
  -9.8496620e-04	  -1.0746398e-04	  -2.6896263e-03	  -2.1390463e-04	  -3.4573291e-12	   2.2411836e+02	
  -1.2571846e-03	  -5.8940252e-05	   8.9996397e-04	   7.4181185e-05	  -1.8084491e-12	   2.2406382e+02	
   4.8582023e-04	  -1.1770506e-05	   2.4987607e-03	  -1.1439656e-04	  -2.5265097e-12	   2.2399020e+02	
   3.6862742e-03	   2.6017488e-04	  -6.8768025e-04	  -7.0743267e-05	  -2.7126736e-12	   2.2431518e+02	
  -3.2690169e-03	  -3.0730218e-04	   4.8842411e-04	   7.7659013e-05	  -1.1435780e-12	   2.2435463e+02	
   1.3437693e-03	  -3.6040332e-05	   1.1181179e-03	  -4.5308432e-05	  -2.0781968e-12	   2.2404355e+02	
  -2.0752975e-04	   1.1644094e-05	   1.1500079e-03	   7.8876833e-06	   2.9862205e-12	   2.2277706e+02	
   6.5275589e-04	  -2.8183053e-05	   7.6311368e-05	  -3.9256345e-05	  -1.9946129e-12	   2.2408539e+02	
   2.4070839e-04	   1.6513680e-06	   1.7647103e-03	  -1.9317888e-05	  -2.3783385e-12	   2.2416402e+02	
  -9.5919008e-06	  -5.8699330e-05	  -5.5232305e-04	   1.5714078e-05	  -1.8274453e-12	   2.2408942e+02	
  -1.6592780e-04	   6.7733706e-07	  -2.4116332e-04	   1.0311958e-06	  -1.6830735e-12	   2.2421968e+02	
  -1.0768278e-03	   5.7132753e-06	  -1.3953262e-03	   1.4991135e-05	  -2.5189113e-12	   2.2417609e+02	
  -4.4290939e-04	   2.7673210e-07	  -2.9506605e-04	   5.4120159e-05	  -1.8616388e-12	   2.2408956e+02	
   1.2647281e-03	  -3.4893056e-05	  -7.2791562e-04	  -8.5511422e-06	  -3.7574708e-12	   2.2403539e+02	
  -4.0371449e-04	  -1.1199122e-05	  -5.9341010e-04	   4.4945536e-05	  -1.9376240e-12	   2.2408993e+02	
  -3.1906148e-04	  -1.0177866e-04	  -3.1976845e-04	  -6.3424759e-05	  -3.2559681e-12	   2.2432040e+02	
   1.3964108e-04	  -1.9536192e-05	  -2.4699947e-03	  -1.8846785e-04	  -3.1951799e-12	   2.2407419e+02	
  -1.7683267e-04	  -1.0964405e-05	  -3.1493701e-04	   7.0727681e-05	  -4.0044229e-12	   2.2412721e+02	
  -2.1507664e-03	  -1.2524669e-04	   1.6336412e-03	   1.3701011e-04	  -3.0432094e-12	   2.2408695e+02	
   8.0220816e-05	  -1.7898292e-05	  -1.6156374e-03	   4.7048230e-05	  -2.0743975e-12	   2.2405936e+02	
  -2.1360266e-03	   6.3648556e-05	  -1.2532409e-03	   4.4046959e-05	  -2.6480861e-12	   2.2407944e+02	
   7.2767939e-05	   2.8962838e-05	   4.9568128e-04	  -4.7154110e-05	  -2.2985539e-12	   2.2413414e+02	
   1.5960667e-03	  -7.1440489e-05	  -1.1066516e-03	   3.3043052e-05	  -1.9908137e-12	   2.2405719e+02	
  -8.2303045e-04	  -6.2209445e-05	   5.9766158e-04	   9.0397308e-05	  -1.1967678e-12	   2.2406664e+02	
   1.1328832e-03	   1.1421839e-04	   2.3859010e-03	   1.8731713e-04	  -3.2787638e-12	   2.2411022e+02	
  -7.6744906e-05	   4.4128115e-05	   4.1317012e-04	   4.3613610e-05	  -2.3137510e-12	   2.2407326e+02	
   2.0687688e-03	  -1.1009860e-04	  -1.0020446e-03	   4.2423333e-05	  -1.9870145e-12	   2.2402488e+02	
  -1.1015826e-03	   3.9282855e-05	  -5.5884431e-06	   2.6727239e-05	  -3.6510915e-12	   2.2402206e+02	
   2.0350199e-03	   2.2570274e-04	   2.2236203e-03	   2.1598181e-04	   3.3395520e-12	   2.2319710e+02	
   2.9368435e-03	   5.5472032e-05	   1.2781147e-04	  -1.4191430e-05	   9.5741422e-13	   2.2341618e+02	
  -4.9310619e-04	  -1.5897364e-05	  -1.2753491e-04	   4.7666126e-05	  -2.3555429e-12	   2.2406735e+02	
   1.4992030e-03	  -1.6499299e-04	   2.1135134e-03	  -2.6091724e-04	  -2.2263680e-12	   2.2391654e+02	
  -8.6251525e-04	   1.0848116e-05	   1.5733278e-03	  -1.3879632e-05	  -2.6252906e-12	   2.2416823e+02	
   1.4033014e-03	  -1.8493535e-05	   1.3530910e-03	  -2.6233844e-05	  -2.6062943e-12	   2.2409572e+02	
  -1.4114889e-03	   2.6127288e-04	   1.5735865e-03	  -2.5393226e-04	  -1.6488800e-12	   2.2382045e+02	
  -6.1969114e-04	  -1.9272248e-05	   1.7920125e-03	   6.4249754e-05	   6.6487098e-13	   2.2347853e+02	
  -5.1870631e-04	   2.8550219e-05	   1.3528389e-03	  -3.5964062e-05	  -1.9908137e-12	   2.2406326e+02	
  -2.1390860e-04	   5.0691924e-05	   1.6687652e-04	   9.3333812e-05	  -4.0994046e-12	   2.2403233e+02	
   1.5496929e-03	  -1.6274834e-04	   8.1950910e-04	  -1.2101028e-04	  -2.2225687e-12	   2.2387439e+02	
  -2.3964095e-03	  -2.7126587e-05	  -1.3396020e-03	  -7.3223048e-06	   1.2765523e-12	   2.2332716e+02	
  -1.8714664e-04	   1.6966003e-05	   1.4231140e-03	  -1.7070124e-05	  -2.4315282e-12	   2.2398245e+02	
   9.8392847e-04	  -4.0884214e-05	   2.1024824e-03	  -1.0398077e-04	  -1.9224270e-12	   2.2399809e+02	
  -1.9325229e-03	   1.0206270e-04	   5.3030585e-05	   1.5080070e-05	  -3.2521689e-12	   2.2394676e+02	
  -2.5840369e-05	   3.4806005e-05	   1.8258948e-03	  -2.4015081e-04	  -2.0857952e-12	   2.2386032e+02	
   1.4230152e-03	   2.5472786e-04	   3.4864880e-04	   5.3924679e-05	  -3.3851432e-12	   2.2430048e+02	
  -1.8158009e-03	   5.6205197e-05	  -1.2394707e-03	   4.2795542e-05	  -1.9908137e-12	   2.2400087e+02	
  -1.0066905e-03	   1.0123040e-06	  -1.0538550e-03	   1.7264419e-05	  -2.4885172e-12	   2.2392509e+02	
  -1.9004848e-03	   1.8265147e-04	   2.8638946e-03	  -2.5345010e-04	   1.9680181e-12	   2.2311399e+02	
   3.9089052e-04	  -2.4690850e-05	  -1.1244078e-03	   3.6500255e-06	  -2.4163311e-12	   2.2402251e+02	
   1.8623576e-03	  -9.1639777e-05	  -2.9355098e-04	  -9.0712776e-06	  -3.2939609e-12	   2.2394717e+02	
  -1.3042305e-03	  -9.6228454e-05	  -5.1886134e-04	  -1.0326175e-05	  -1.9414233e-12	   2.2406870e+02	
  -6.9013675e-04	  -5.8416543e-06	   6.6718139e-04	   3.9370968e-06	  -1.5197051e-12	   2.2417163e+02	
   5.1542404e-04	  -6.8094268e-07	   1.0642906e-03	  -4.1435953e-05	  -1.9984122e-12	   2.2406872e+02	
   8.1100174e-06	  -3.9377854e-05	  -7.8722678e-04	   2.6810579e-05	  -1.8464417e-12	   2.2408813e+02	
   1.3534102e-03	   1.2415070e-06	   3.2465961e-04	  -8.1968885e-06	  -2.4809185e-12	   2.2418416e+02	
   9.1727691e-04	  -5.4753717e-05	  -2.0255288e-03	   9.6574349e-05	  -2.0250070e-12	   2.2402711e+02	
  -2.3049209e-04	  -3.1680750e-06	  -1.9752572e-04	  -4.7914011e-06	  -1.2765523e-12	   2.2417085e+02	
   7.1201155e-04	   4.9173051e-07	   7.8300491e-04	  -1.8418798e-05	  -3.5409129e-12	   2.2413515e+02	
   2.3116038e-03	  -1.0474590e-04	   9.2661238e-05	  -1.1933242e-05	  -1.9680181e-12	   2.2402627e+02	
  -1.0686747e-03	  -9.0011912e-05	  -1.1784973e-04	   2.4540873e-05	  -2.1389850e-12	   2.2408012e+02	
   3.6017238e-04	  -2.5397276e-05	  -2.3028387e-03	   1.1781248e-04	  -1.9832152e-12	   2.2401772e+02	
   3.6764674e-03	  -8.3889281e-05	   1.4970556e-03	  -5.3400745e-05	   1.3791324e-12	   2.2331863e+02	
   1.7635198e-04	   3.9349757e-05	   5.5234574e-04	  -1.8866480e-05	  -2.4353274e-12	   2.2405850e+02	
  -6.5171329e-04	   7.4046313e-06	  -1.0596826e-03	   4.1790910e-05	  -1.9376240e-12	   2.2407181e+02	
   1.0017083e-03	  -4.5200628e-05	  -1.4060640e-03	   3.5842302e-05	  -2.0136093e-12	   2.2405991e+02	
   1.9261147e-03	  -5.3939344e-05	  -1.8638360e-03	   4.1460651e-05	   1.9034306e-12	   2.2310561e+02	
   2.0306011e-03	  -3.1979444e-04	  -2.6643582e-04	   1.5141989e-05	  -1.8350440e-12	   2.2384194e+02	
   6.0660875e-04	   1.4952186e-04	   3.1170778e-04	   4.2825620e-05	  -4.2513751e-12	   2.2405363e+02	
  -1.9336861e-03	   9.1717462e-05	  -9.7448014e-04	   5.1954062e-05	  -1.9794158e-12	   2.2403310e+02	
   3.3401452e-03	   3.6325669e-05	  -1.6640392e-04	  -6.3822438e-06	   8.5863338e-13	   2.2345920e+02	
  -1.4470197e-03	   6.9897200e-05	  -1.8401521e-03	   9.5324871e-05	  -1.9528211e-12	   2.2401059e+02	
  -2.5845736e-04	  -1.1085286e-05	   6.2963433e-04	   3.2011166e-05	   6.8386730e-14	   2.2364920e+02	
   3.3235519e-03	  -1.0662920e-04	   2.5616347e-03	  -1.0791753e-04	  -6.1168130e-13	   2.2399621e+02	
  -1.2637987e-03	   2.0359286e-05	  -1.4436522e-03	   3.4467190e-05	  -2.6480861e-12	   2.2409189e+02	
   1.6962245e-03	  -5.9938801e-05	   9.9269413e-04	  -4.7035246e-05	  -2.0174086e-12	   2.2404742e+02	
   7.3663319e-04	  -3.8454524e-07	   1.1030320e-03	  -1.0034496e-05	  -2.0516019e-12	   2.2417907e+02	
   9.6157091e-04	  -2.0884134e-05	   6.9937572e-04	  -3.6720285e-05	  -1.9604196e-12	   2.2407079e+02	
   3.2947435e-03	   2.2914645e-04	  -1.7444624e-03	  -1.4555188e-04	  -2.9862205e-12	   2.2426811e+02	
  -2.1828894e-03	   8.6968706e-05	  -7.0594512e-04	   3.2232692e-05	  -1.9262263e-12	   2.2402793e+02	
  -1.1545959e-03	  -1.9508983e-04	   2.1155447e-04	   7.5340034e-05	  -3.9360362e-12	   2.2415811e+02	
  -3.1729424e-04	  -1.5528682e-05	  -7.9853572e-04	   4.1426596e-05	  -1.8312447e-12	   2.2408817e+02	
  -1.6926917e-03	  -6.0715978e-05	   2.1939105e-03	   1.0957020e-04	  -4.6730932e-13	   2.2398010e+02	
   4.8205194e-05	   1.1770545e-06	   2.9626511e-04	  -3.3736597e-05	  -3.2901616e-12	   2.2421508e+02	
   1.0366637e-03	  -8.1686915e-06	   1.3537138e-03	  -2.3756591e-05	  -2.6860788e-12	   2.2408337e+02	
  -2.1398723e-03	   7.8400298e-05	  -7.7562735e-04	   3.2706517e-05	  -1.9376240e-12	   2.2402122e+02	
   1.0770725e-03	   1.7382554e-04	  -5.2483745e-04	  -1.0609236e-04	  -3.9094413e-12	   2.2414631e+02	
  -3.8189178e-04	  -7.9174445e-06	  -2.5405895e-05	   6.8867037e-05	  -1.6982705e-12	   2.2409097e+02	
  -4.9706986e-04	   1.9534771e-05	   4.3821799e-03	   1.0843045e-04	  -2.5037142e-12	   2.2433277e+02	
  -3.5226875e-04	  -4.1777403e-05	  -3.2001330e-04	   5.2250943e-05	  -1.7286646e-12	   2.2409198e+02	
  -5.5148905e-04	  -1.1541729e-04	  -1.1191208e-03	  -1.3330144e-04	  -3.8942443e-12	   2.2405210e+02	
  -4.1279682e-04	  -5.9112402e-06	  -3.9356500e-04	   5.2791220e-05	  -1.8160476e-12	   2.2409418e+02	
   2.9937633e-03	  -6.0096849e-05	   2.3694535e-03	  -8.9219368e-05	  -1.7818542e-12	   2.2405995e+02	
   5.1705620e-04	   6.7641100e-05	   3.1815698e-03	   2.7449630e-04	  -2.0402041e-12	   2.2437003e+02	
  -1.9952584e-04	  -9.3813306e-07	  -3.4662978e-03	   9.7426145e-05	   1.5994896e-12	   2.2323133e+02	
   9.9712806e-04	   1.6303812e-04	   2.0144999e-04	  -4.6642620e-06	  -3.9398354e-12	   2.2403879e+02	
  -6.9756349e-04	  -1.9038292e-06	  -1.0502741e-03	   3.5955938e-06	  -2.0022115e-12	   2.2418786e+02	
   1.6298293e-03	  -3.8630527e-06	  -3.6941301e-04	  -4.0368889e-06	  -2.1579812e-12	   2.2402005e+02	
   1.9201754e-03	   8.8134329e-05	  -3.5136203e-03	  -2.1783587e-04	  -2.5986957e-12	   2.2432482e+02	
  -2.2855484e-03	  -6.0235343e-05	   1.3547268e-04	   9.8662165e-06	   8.7383043e-13	   2.2343076e+02	
   1.6385477e-03	  -6.6577392e-05	   1.3539896e-03	  -6.6579469e-05	  -2.0326056e-12	   2.2403991e+02	
   3.4499352e-03	  -2.2520331e-05	  -1.5148906e-03	   3.4348982e-06	   1.1169833e-12	   2.2339544e+02	
  -4.5628113e-04	  -4.8559905e-05	  -1.2996424e-04	   5.8675610e-05	  -1.6450807e-12	   2.2408889e+02	
  -1.1196024e-03	  -7.7214034e-05	   3.2768268e-04	   5.6556095e-05	  -2.1503827e-12	   2.2407693e+02	
  -1.6338555e-03	   3.5567096e-05	   1.9389797e-03	  -2.1905013e-05	   1.7970512e-12	   2.2314385e+02	
  -3.9068421e-04	  -5.2172080e-06	  -8.4193036e-04	  -1.6238323e-07	  -2.4809185e-12	   2.2422778e+02	
   3.4747715e-04	  -7.7330854e-06	  -1.2043339e-03	  -4.4120025e-05	   8.7762970e-13	   2.2343338e+02	
   1.3335398e-03	  -2.4514745e-04	  -1.9114214e-03	   3.1627077e-04	  -1.5007088e-12	   2.2380362e+02	
  -7.9105479e-04	  -6.3520966e-05	   1.0847081e-03	   1.6512068e-04	  -3.8182590e-12	   2.2404018e+02	
  -4.1017511e-04	  -5.1367091e-06	  -9.9721596e-04	   4.2394258e-05	  -1.8540402e-12	   2.2408136e+02	
   1.0546749e-03	  -1.2108765e-05	  -1.5211349e-03	   3.8214127e-06	   2.4353274e-12	   2.2298680e+02	
   1.7452739e-03	  -1.8834223e-04	  -6.3741386e-05	  -2.5599111e-05	  -2.2947547e-12	   2.2388325e+02	
   1.3278176e-03	  -5.0406510e-06	  -3.3552520e-03	  -2.0785894e-06	   1.0485965e-12	   2.2341229e+02	
   1.4624212e-04	  -3.9155970e-05	  -4.1056827e-04	  -4.8141323e-05	  -2.4391267e-12	   2.2406652e+02	
  -2.3492977e-03	  -2.7496389e-04	   1.8466658e-03	   2.5151897e-04	   2.2035724e-13	   2.2416512e+02	
   5.5046583e-04	  -3.1468670e-06	   1.9232920e-03	  -3.0201580e-05	  -2.6176920e-12	   2.2408762e+02	
   1.5681033e-03	  -3.4911195e-05	  -7.6916158e-04	  -2.4111730e-06	  -3.5789055e-12	   2.2405936e+02	
   1.7541375e-03	  -5.6833029e-05	   4.3008670e-04	  -2.6230730e-05	  -1.9908137e-12	   2.2406008e+02	
   3.2511308e-03	  -4.5370067e-05	   1.9577957e-03	  -4.9308910e-05	  -7.9404592e-13	   2.2400085e+02	
  -8.2806063e-04	  -2.8712460e-06	  -2.2519540e-04	   9.2898574e-06	   3.0432094e-12	   2.2276547e+02	
   1.8450635e-04	   6.2298029e-05	   4.2359233e-04	   1.1065203e-05	  -2.4125319e-12	   2.2406811e+02	
  -1.8854159e-03	  -2.1176907e-04	  -2.6290820e-03	  -2.3690428e-04	   2.5607031e-12	   2.2351358e+02	
  -2.8368149e-03	  -1.2375961e-04	  -5.7383273e-04	  -5.3828101e-06	  -4.2931669e-13	   2.2397664e+02	
   1.4026533e-03	  -8.4352738e-05	   2.3716145e-03	  -1.6576138e-04	   3.0280124e-12	   2.2276015e+02	
   3.1016915e-04	  -1.3622287e-05	  -1.4953763e-03	   1.4011393e-05	  -2.4961156e-12	   2.2392607e+02	
  -5.6086497e-04	   5.1248978e-07	  -1.6065482e-03	   7.6402775e-05	  -3.3851432e-12	   2.2394386e+02	
  -1.3718180e-03	   2.1299942e-05	  -7.0911899e-04	   2.3615202e-05	  -2.4087326e-12	   2.2398276e+02	
   1.1337190e-03	  -8.7369011e-06	   5.8524050e-04	  -2.0277190e-05	  -2.4733201e-12	   2.2400398e+02	
  -4.3653989e-04	  -5.9684538e-06	  -1.1748063e-03	  -2.3190589e-06	  -2.3023532e-12	   2.2419310e+02	
   3.5557727e-04	   5.6109060e-05	   3.3522803e-04	  -2.2204320e-05	  -2.4543237e-12	   2.2406417e+02	
  -1.2358720e-03	   1.3664215e-05	   2.2176588e-03	   5.5678261e-05	  -2.4049333e-12	   2.2395895e+02	
  -1.9879450e-03	   7.5714604e-05	   9.7235123e-04	  -2.6352118e-05	   3.5637085e-12	   2.2252756e+02	
  -8.0541363e-04	   4.4162186e-06	  -1.0259975e-03	   4.5018019e-05	  -3.6776864e-12	   2.2402179e+02	
  -3.6779703e-04	  -1.1682433e-04	  -4.7467639e-05	   5.4866519e-05	  -4.1525941e-12	   2.2414472e+02	
  -1.8608714e-03	   8.0707024e-05	  -2.6775439e-04	   1.7171728e-05	  -1.8768358e-12	   2.2407171e+02	
  -1.0070180e-03	   3.2408239e-05	  -1.6591310e-03	   6.7998404e-05	  -2.1807768e-12	   2.2387963e+02	
   1.2015897e-03	   2.2205587e-04	  -5.6617644e-04	  -1.1048494e-04	  -2.3213496e-12	   2.2440062e+02	
   5.7999349e-04	  -1.8770074e-05	   2.1163857e-03	  -9.8070566e-05	  -2.0060107e-12	   2.2404192e+02	
   2.8912969e-03	  -8.5435539e-05	  -3.0828802e-03	   4.3941054e-05	  -2.2301673e-12	   2.2417212e+02	
   8.0158221e-04	  -2.7294748e-05	   2.1159441e-03	  -8.9529207e-05	  -1.9186276e-12	   2.2404752e+02	
  -1.2047107e-04	   4.2807925e-05	   4.6149712e-04	  -4.4338209e-05	  -1.8502410e-12	   2.2414153e+02	
   4.1105828e-04	  -9.8705471e-06	   2.2319529e-03	  -8.7351571e-05	  -1.9566204e-12	   2.2402721e+02	
  -1.6015479e-03	   7.5083124e-05	   1.3084208e-03	  -5.1862029e-05	  -1.9794158e-12	   2.2405069e+02	
  -2.6855770e-04	   1.3568261e-05	   6.6272460e-04	   1.3904369e-04	  -3.8410547e-12	   2.2403875e+02	
   3.0915682e-03	   4.0905768e-05	   2.6725115e-03	   1.4440531e-05	  -2.5455060e-13	   2.2396912e+02	
  -1.5402946e-03	  -2.1800222e-04	   1.4081374e-03	   2.3034360e-04	  -1.8730365e-12	   2.2439353e+02	
   1.1985578e-03	   7.2267900e-06	   1.7472261e-04	  -1.0505916e-05	  -2.6214913e-12	   2.2391873e+02	
   3.5349967e-04	  -1.5193615e-06	  -1.4725698e-03	  -2.4042078e-05	   1.9908137e-12	   2.2314477e+02	
  -1.7284609e-03	   7.4950170e-05	  -1.1647387e-03	   5.6580418e-05	  -2.0022115e-12	   2.2405059e+02	
  -2.9581983e-03	  -2.8379012e-04	  -1.5218953e-03	  -1.1199304e-04	  -2.6214913e-12	   2.2433936e+02	
  -3.5896583e-03	   1.0610625e-04	  -1.9538867e-03	   7.9959809e-05	  -6.6867025e-13	   2.2400038e+02	
   2.0172578e-03	  -6.4019398e-05	  -1.8234515e-03	   4.7206591e-05	   1.9718174e-12	   2.2308545e+02	
  -1.5368323e-03	   2.1605081e-04	  -2.3638296e-03	   3.4929090e-04	  -1.1131839e-12	   2.2375540e+02	
  -7.7114557e-04	   2.6091220e-05	   1.2344970e-03	  -1.1809503e-05	  -2.4467252e-12	   2.2398879e+02	
   1.4223483e-03	  -5.7518130e-05	  -9.2617132e-04	   1.9118942e-05	  -1.8616388e-12	   2.2407005e+02	
  -5.1595872e-04	   4.3135016e-06	   1.7454446e-03	  -3.1270131e-06	  -2.9178338e-12	   2.2415451e+02	
   1.3970040e-03	  -5.3780456e-05	   1.7854017e-03	  -8.0072027e-05	  -1.9680181e-12	   2.2403721e+02	
  -2.0343066e-03	   1.4538541e-04	   8.3083942e-04	  -4.1822499e-05	  -3.0584065e-12	   2.2394051e+02	
  -9.2175131e-04	   1.1595445e-04	  -2.6195673e-03	   3.5685839e-04	  -1.1967678e-12	   2.2376861e+02	
   1.8420255e-03	  -7.7350131e-05	  -4.2839661e-04	   5.5748086e-06	  -1.8540402e-12	   2.2407402e+02	
   1.3476795e-04	  -2.4660029e-05	  -1.1457262e-03	   1.7291282e-05	  -2.6062943e-12	   2.2410110e+02	
  -1.6840373e-03	   7.2605595e-05	  -1.1927665e-03	   5.7568602e-05	  -1.9186276e-12	   2.2405615e+02	
   2.6223244e-03	  -1.4525327e-05	   3.5334267e-03	  -4.9423787e-05	  -3.0394102e-13	   2.2398838e+02	
  -7.4358901e-04	  -2.3181541e-05	   2.9760139e-03	   2.0233952e-04	  -3.0242132e-12	   2.2412729e+02	
  -1.9408095e-03	   8.6693289e-05	  -1.0731066e-03	   5.2712614e-05	  -1.9566204e-12	   2.2404474e+02	
   2.3880492e-03	  -2.3823739e-04	   2.4199427e-03	  -2.6255811e-04	   2.0516019e-12	   2.2309309e+02	
   5.1554641e-04	   5.5846673e-06	   1.6965776e-03	  -1.7924564e-05	  -3.6852849e-12	   2.2405189e+02	
  -1.1082696e-03	   2.2860429e-05	   1.0106696e-03	  -7.6810131e-06	  -2.6100936e-12	   2.2409705e+02	
   2.3526776e-03	   7.0709313e-05	  -9.2866432e-05	  -4.2017160e-05	  -2.5796995e-12	   2.2395793e+02	
  -1.0529029e-03	   5.1763047e-05	   2.5844761e-03	  -9.5077510e-05	   2.0743975e-12	   2.2305269e+02	
   6.1120982e-04	  -8.6675668e-05	  -1.5362797e-03	   1.1781650e-04	  -2.4619223e-12	   2.2389586e+02	
   1.8316457e-03	  -7.6577431e-05	  -7.2272212e-04	   1.7065668e-05	  -1.9528211e-12	   2.2406024e+02	
   9.0623925e-04	   5.1312328e-06	   9.2101320e-04	  -5.1359759e-06	  -1.8350440e-12	   2.2415523e+02	
  -2.0422230e-03	   9.2588569e-05	   4.7475561e-04	  -1.5759008e-05	  -1.9300255e-12	   2.2405116e+02	
   1.6391292e-03	  -8.4312890e-07	   7.0977196e-04	  -1.2462919e-05	  -3.6320952e-12	   2.2407623e+02	
   1.0002997e-03	   2.2087085e-06	  -1.1843691e-03	  -8.9802891e-06	  -2.0554011e-12	   2.2404580e+02	
  -2.1259477e-03	   2.9585202e-06	   6.0520358e-04	   1.3373720e-05	   1.5918911e-12	   2.2321596e+02	
   1.5535423e-03	  -3.0181618e-05	  -3.2329928e-04	  -7.1629922e-06	  -2.4657215e-12	   2.2397703e+02	
  -1.6868670e-03	  -7.9455808e-05	   3.5346122e-03	   2.2875804e-04	  -2.8608448e-12	   2.2427343e+02	
   6.7671905e-04	  -3.7335100e-05	  -2.1244035e-03	   9.1620477e-05	  -1.8578394e-12	   2.2405891e+02	
  -1.0830704e-03	  -3.8830265e-06	  -8.1305042e-04	   3.0457792e-06	  -1.9186276e-12	   2.2413574e+02	
  -3.8025757e-04	   6.6350532e-06	  -1.8851924e-03	   7.8924739e-05	  -1.8882335e-12	   2.2406674e+02	
  -2.2988830e-03	   1.8652092e-04	   1.8547707e-03	  -1.3283419e-04	   2.3365466e-12	   2.2296297e+02	
  -4.3562972e-04	   1.8354048e-06	  -1.4632551e-03	   5.1319017e-05	  -1.9262263e-12	   2.2407472e+02	
   1.9419529e-03	  -7.8263118e-05	   1.4837046e-03	  -7.3693071e-05	   2.8912389e-12	   2.2281430e+02	
   2.0429570e-03	  -8.6834080e-05	  -3.5538111e-04	   4.2457593e-06	  -1.9452225e-12	   2.2405758e+02	
  -7.7529908e-05	  -9.9863285e-06	  -1.2242820e-03	  -5.6147076e-06	  -3.5105188e-12	   2.2414416e+02	
  -5.6655352e-04	   1.2854754e-05	   2.9040073e-03	   2.8102862e-05	  -1.2119649e-12	   2.2402791e+02	
  -2.1170270e-03	   4.3373598e-05	   7.4561462e-04	  -5.7648669e-06	   4.0538134e-12	   2.2229983e+02	
   1.1197601e-03	  -4.2989996e-05	  -1.9654087e-03	   6.1737650e-05	  -1.9376240e-12	   2.2403733e+02	
   1.2592719e-03	   2.1320787e-04	  -9.5315248e-04	  -1.7423296e-04	  -2.8114544e-12	   2.2436741e+02	
  -1.0795504e-03	   3.9532569e-05	  -1.9763025e-03	   8.1040631e-05	  -1.8274453e-12	   2.2405312e+02	
   1.5674562e-03	  -2.7367192e-05	  -5.6613243e-07	  -1.2651061e-05	  -2.4733201e-12	   2.2397754e+02	
  -1.5687600e-03	  -5.9087972e-05	  -1.1359209e-03	  -3.5275891e-05	   4.6351006e-13	   2.2354795e+02	
   2.1606233e-03	  -5.6856661e-05	  -2.6359048e-04	  -1.0927811e-08	  -1.9490217e-12	   2.2403693e+02	
   7.9414663e-05	  -7.0007084e-06	   1.1129046e-05	  -6.1905514e-06	  -8.0544371e-13	   2.2407572e+02	
   2.3318759e-03	   1.2231099e-04	   1.3278069e-03	   5.1839753e-05	  -4.1791890e-13	   2.2397521e+02	
  -1.4517207e-05	   5.4764006e-06	   2.8422033e-03	  -1.5011239e-05	   1.6602778e-12	   2.2321461e+02	
  -7.3910202e-05	  -1.4643695e-06	   7.5229071e-04	   1.8632975e-05	  -2.1161893e-12	   2.2407001e+02	
  -2.6836167e-03	  -5.8103927e-06	   1.6673421e-04	   7.3149697e-06	   1.5614970e-12	   2.2324420e+02	
   4.6564507e-04	   7.8291959e-05	   7.6014958e-04	   7.7191773e-05	  -1.0106039e-12	   2.2405609e+02	
  -5.0968288e-03	  -1.6475089e-04	   1.1319854e-03	   7.6948254e-05	   4.7870711e-13	   2.2414333e+02	
   1.2287735e-04	  -1.9667583e-05	  -1.5354438e-03	   4.9376969e-05	  -1.8616388e-12	   2.2407711e+02	
  -1.1124129e-03	   1.4918065e-05	  -1.8525020e-03	   3.5654011e-05	  -2.6442869e-12	   2.2414030e+02	
  -2.0992960e-03	   9.2657821e-05	  -3.5481658e-04	   1.9592579e-05	  -1.8046499e-12	   2.2406433e+02	
  -3.8743926e-04	  -1.2614628e-04	  -1.5325884e-04	   3.6832447e-05	  -4.0386164e-12	   2.2412445e+02	
  -2.0291054e-03	   2.6004052e-05	  -3.2610063e-03	   7.6045082e-05	  -8.0924297e-13	   2.2400725e+02	
   1.6524691e-03	  -7.4759934e-05	  -9.3979351e-04	   2.7805587e-05	  -1.8122483e-12	   2.2407852e+02	
   2.1647865e-04	   8.7994501e-06	   2.2560530e-03	   6.4124480e-05	   8.7762970e-13	   2.2343597e+02	
   3.8008677e-03	  -1.5049758e-04	  -2.3453271e-03	   6.7685450e-05	  -4.5211227e-13	   2.2401443e+02	
   8.2410181e-04	  -2.8826717e-05	  -1.2895847e-03	   1.5968694e-05	  -2.5151119e-12	   2.2411116e+02	
   1.9806518e-04	  -9.8651747e-06	  -2.1812747e-03	   5.4107793e-05	  -1.9186276e-12	   2.2404279e+02	
   2.9386860e-04	  -1.5689074e-06	   3.7389453e-04	  -7.7374645e-06	  -1.5500992e-12	   2.2418519e+02	
   4.7394752e-05	  -1.1960149e-05	  -1.9578141e-03	   7.9312663e-05	  -1.9794158e-12	   2.2406490e+02	
  -2.2092156e-04	   6.4726249e-05	   2.9084146e-04	  -3.2447624e-05	  -4.2437765e-12	   2.2405429e+02	
   1.9309750e-06	  -1.7063130e-05	  -1.4264305e-03	   4.5384487e-05	  -1.8768358e-12	   2.2407825e+02	
   7.7424208e-04	  -2.9036217e-05	  -1.4885960e-03	   2.4855939e-05	  -2.4429260e-12	   2.2397590e+02	
  -3.7315329e-04	   6.3820116e-07	  -1.5333990e-04	  -3.4895777e-06	  -1.5804933e-12	   2.2419962e+02	
   5.3949988e-04	  -5.5671586e-05	  -6.3819338e-04	  -5.4467150e-05	  -3.0090161e-12	   2.2394294e+02	
  -4.6401852e-04	   7.2479699e-06	  -1.7330096e-03	   4.8057634e-05	  -1.5083073e-12	   2.2413026e+02	
  -2.7830950e-04	  -9.6036104e-06	  -1.1276618e-03	   4.3952030e-05	  -1.7818542e-12	   2.2408404e+02	
  -1.0058823e-04	   5.4412146e-05	   2.5380712e-05	  -2.4342910e-05	  -3.6017011e-12	   2.2420686e+02	
  -1.8773393e-03	   2.7808411e-05	  -9.4687336e-05	   8.1810456e-06	  -3.4231357e-12	   2.2408958e+02	
   1.6468205e-03	  -2.1759013e-05	   8.5707240e-04	  -2.1834702e-05	  -2.7430677e-12	   2.2404480e+02	
  -8.3493633e-04	  -6.7080975e-05	   6.4149111e-04	   9.5817977e-05	  -9.3841790e-13	   2.2405091e+02	
   7.4643651e-05	   3.6817748e-06	   1.5524951e-03	  -6.4423013e-06	  -2.0402041e-12	   2.2415265e+02	
  -4.0126465e-03	   1.6432943e-04	   1.8034654e-03	  -4.9309743e-05	  -4.5591153e-13	   2.2401954e+02	
  -4.7720072e-04	  -6.7066506e-06	   1.3615704e-03	   6.8766920e-05	   8.1304223e-13	   2.2345252e+02	
   1.0163684e-03	  -5.4477725e-05	  -1.7635989e-03	   7.3140083e-05	  -1.8122483e-12	   2.2407686e+02	
   7.4927407e-04	  -3.1374028e-05	  -1.4287068e-03	   2.9872190e-05	  -2.3631414e-12	   2.2412384e+02	
  -1.4974273e-04	   4.7782101e-05	   4.5074466e-04	   1.0962556e-05	  -2.5379075e-12	   2.2405627e+02	
  -9.5104860e-05	   6.1280225e-05	  -3.7025499e-05	   4.1643216e-05	  -4.0006236e-12	   2.2416118e+02	
  -2.4943058e-03	  -2.0960233e-04	   2.7620353e-03	   2.7881353e-04	   1.4133257e-12	   2.2388752e+02	
  -1.0198315e-03	  -9.5683187e-05	  -2.9753823e-04	   7.0665062e-06	  -2.2947547e-12	   2.2407850e+02	
  -1.3702966e-03	  -1.2527364e-04	  -8.2844101e-04	  -4.8237202e-05	  -6.9526509e-13	   2.2401625e+02	
   2.6572764e-04	  -1.2093931e-05	  -4.1200668e-04	  -1.2611816e-04	  -4.0424156e-12	   2.2404633e+02	
   1.8480471e-03	  -2.2393326e-04	  -2.3419576e-04	  -1.6525817e-06	  -2.2377657e-12	   2.2387932e+02	
   7.5598987e-04	   3.9466901e-06	   3.6965872e-05	  -9.5431008e-06	  -3.1533881e-12	   2.2419889e+02	
   2.5681840e-03	  -8.3274921e-05	  -3.6052547e-03	   8.2276023e-05	  -4.3311595e-13	   2.2400914e+02	
  -4.7909444e-04	  -2.5142372e-05	  -5.5305939e-04	  -2.5192116e-05	   2.5075134e-13	   2.2361104e+02	
   9.6891622e-04	  -1.5899139e-05	  -1.6665320e-03	   1.7986433e-05	  -1.8160476e-12	   2.2405204e+02	
  -1.4881561e-03	  -1.7122142e-05	   5.4165225e-04	   1.4841289e-05	  -2.7202721e-12	   2.2403378e+02	
   2.5218122e-03	   1.3678112e-04	   2.9059719e-04	  -1.2259818e-06	  -4.2551743e-13	   2.2397785e+02	
   9.8737205e-04	   3.0484359e-05	   2.6004465e-03	   3.1776520e-05	  -1.3411397e-12	   2.2403668e+02	
  -3.6983272e-04	  -7.6711891e-05	  -1.6954994e-03	  -1.9737506e-04	  -3.6776864e-12	   2.2410320e+02	
  -1.0618368e-03	   3.9979262e-05	   1.2438597e-03	  -4.0980878e-05	  -2.0174086e-12	   2.2413656e+02	
   1.8712761e-03	  -7.2055024e-05	  -1.3773424e-04	  -6.6920140e-06	  -1.8654381e-12	   2.2407038e+02	
  -1.3148172e-03	  -1.4860341e-04	   1.5025169e-03	   2.1270093e-04	  -3.6700878e-12	   2.2417308e+02	
   3.5890135e-04	  -7.6619966e-06	   1.9840235e-03	  -8.4626660e-05	  -1.8312447e-12	   2.2406789e+02	
   1.2335179e-03	  -7.6883847e-06	  -9.1576666e-04	  -6.8610564e-06	  -2.5075134e-12	   2.2418009e+02	
  -5.4804904e-04	   1.5969095e-05	  -1.8911194e-03	   8.2674629e-05	  -1.8920329e-12	   2.2407065e+02	
   3.2211431e-04	  -3.9134757e-05	  -2.2731812e-03	   1.6975646e-04	  -2.9786220e-12	   2.2393226e+02	
  -2.0203456e-03	   8.7739994e-05	  -5.6427717e-04	   2.8510801e-05	  -1.8350440e-12	   2.2406237e+02	
  -4.5853881e-05	   3.8151849e-06	   9.3593292e-04	   1.6180517e-05	  -1.5083073e-12	   2.2413960e+02	
   1.0860124e-03	   1.9670734e-04	   6.2454737e-04	   9.6858090e-05	  -4.0576126e-12	   2.2415574e+02	
   3.8617029e-03	  -3.0422036e-05	   1.0421969e-03	  -3.9707924e-05	  -2.1465834e-12	   2.2413625e+02	
   1.8925464e-03	  -7.6896926e-05	   7.5072035e-04	  -3.9371611e-05	  -1.7780550e-12	   2.2407631e+02	
   7.3486770e-04	  -2.3926532e-05	  -1.9838354e-03	   3.7505640e-05	  -2.6670825e-12	   2.2407827e+02	
  -1.5350324e-03	   2.9406690e-04	   1.8965795e-03	  -3.3070630e-04	  -1.3639354e-12	   2.2378848e+02	
  -1.6379136e-04	  -4.9822086e-06	  -1.2366918e-03	  -1.6335449e-05	  -1.7628579e-12	   2.2406079e+02	
   3.2310449e-04	  -2.6689330e-05	  -1.6098792e-03	   5.8563262e-05	  -1.7286646e-12	   2.2408854e+02	
  -1.9689703e-03	   7.6932192e-05	   8.3777487e-04	  -2.1666922e-05	  -3.1533881e-12	   2.2406216e+02	
   1.3955184e-03	  -6.1912586e-05	  -1.1835402e-03	   3.4663229e-05	  -1.8274453e-12	   2.2407451e+02	
  -1.6762046e-04	   7.8515783e-06	   1.5806429e-03	   1.3150132e-04	  -6.8766656e-13	   2.2401562e+02	
  -4.7677886e-05	  -4.7124551e-05	  -6.9761671e-04	  -1.5660552e-04	  -4.1108023e-12	   2.2414281e+02	
  -2.2179211e-03	  -5.9645194e-05	  -1.4497171e-03	  -1.9249217e-05	   1.0182024e-12	   2.2340113e+02	
   1.0418479e-03	  -1.2431472e-05	   1.3191217e-04	  -2.0883525e-05	  -2.5759002e-12	   2.2401854e+02	
   5.6617355e-04	   2.9694090e-05	   1.7326759e-04	  -8.3265808e-05	  -3.5751062e-12	   2.2400096e+02	
  -1.6893366e-03	   6.1211976e-05	   1.2464361e-03	  -4.0251485e-05	  -1.6792741e-12	   2.2406539e+02	
   9.9068413e-04	  -2.8035762e-05	  -1.1606448e-03	   8.0738569e-06	  -2.5834987e-12	   2.2410237e+02	
  -1.7991144e-04	   1.7467948e-05	   1.7901737e-03	  -4.5775145e-05	  -2.4239296e-12	   2.2393543e+02	
   7.4162739e-04	   3.5426979e-05	  -1.7861897e-04	  -7.7616735e-06	   3.9512333e-13	   2.2357286e+02	
   5.9412050e-04	   6.1689663e-06	   1.1654406e-03	   6.4814908e-06	  -1.6298837e-12	   2.2406114e+02	
   9.0133349e-04	   1.8295906e-05	  -2.1974533e-03	  -5.4198270e-05	   9.7261127e-13	   2.2341419e+02	
   1.3920187e-03	   8.2560269e-05	  -3.1378062e-03	  -2.4410550e-04	  -3.0622058e-12	   2.2421175e+02	
   1.8189265e-04	   2.8844535e-05	   4.1198121e-03	  -7.8022091e-05	  -2.2149702e-12	   2.2416398e+02	
  -2.1958172e-03	   4.1342504e-05	   2.1762121e-04	   1.2329485e-06	  -2.4733201e-12	   2.2412054e+02	
   7.6517204e-04	  -1.4129338e-05	  -1.7417737e-03	   2.0082898e-05	  -1.7324638e-12	   2.2405727e+02	
  -2.8159599e-03	  -5.1025414e-05	   5.5659644e-04	   1.7600244e-05	   9.1182306e-13	   2.2343933e+02	
  -2.0663926e-04	  -5.4331784e-06	  -1.1287209e-03	  -1.8995039e-05	  -1.6450807e-12	   2.2406735e+02	
  -2.5252168e-03	  -1.5335800e-05	  -1.4330816e-03	  -6.1896003e-07	   1.3297420e-12	   2.2331485e+02	
  -1.5979337e-03	   3.0147754e-06	   1.5792586e-04	   1.1202433e-06	  -1.6830735e-12	   2.2405427e+02	
   1.0215863e-03	  -1.5915556e-04	   1.9748362e-03	  -3.5919124e-04	  -1.6526793e-12	   2.2382272e+02	
   1.9911094e-03	   5.3203348e-05	  -9.2594534e-04	  -4.2640437e-05	   9.8020979e-13	   2.2341309e+02	
  -2.4431549e-04	  -5.3521570e-05	  -1.0815195e-03	  -1.1053250e-04	  -8.8522822e-13	   2.2404713e+02	
   6.3590011e-04	  -4.9856495e-05	  -2.6264051e-04	  -1.8157205e-05	  -1.4399206e-12	   2.2409645e+02	
   7.5515414e-04	  -9.5904937e-06	   1.5796581e-03	  -3.4311117e-05	  -2.4923164e-12	   2.2411294e+02	
  -1.3791340e-03	   2.4196271e-05	  -2.2356884e-05	   1.4605902e-05	  -2.5189113e-12	   2.2399595e+02	
   1.3855817e-03	  -5.1084320e-06	   2.0326154e-04	  -1.0075915e-05	  -2.2947547e-12	   2.2418482e+02	
   1.9787915e-03	  -3.9418094e-05	  -2.5454579e-04	  -1.8750313e-06	  -1.5994896e-12	   2.2406087e+02	
  -1.5368662e-03	   1.4739937e-04	   2.9989146e-03	  -2.6255936e-04	   2.0743975e-12	   2.2308594e+02	
  -8.3572840e-04	   4.0430295e-05	   9.1290697e-04	  -2.7108290e-05	  -1.5956904e-12	   2.2408940e+02	
   1.0045842e-04	   5.9087021e-06	   1.9869945e-03	  -3.4959383e-05	  -2.7354692e-12	   2.2405232e+02	
   2.3418522e-04	  -1.2177684e-05	  -2.1288363e-03	   5.8466656e-05	  -1.7210660e-12	   2.2406014e+02	
  -9.3662282e-04	  -2.1166383e-05	   9.3954156e-05	   1.9640709e-06	  -1.4779132e-12	   2.2407142e+02	
  -1.2955369e-03	   2.4019122e-05	   7.8554719e-04	  -3.1617503e-06	  -2.6176920e-12	   2.2409431e+02	
   1.9703906e-03	   1.2680791e-04	   1.1696559e-03	   5.6484426e-05	  -4.7490785e-13	   2.2398629e+02	
  -9.3657678e-04	   2.4366749e-05	   6.4572632e-04	  -2.6016548e-06	  -3.8866459e-12	   2.2406001e+02	
  -1.6464756e-03	   2.0414320e-05	  -8.8882722e-04	   1.3844234e-05	  -1.5235043e-12	   2.2406010e+02	
  -3.5937489e-03	  -1.6138474e-04	  -5.4029215e-04	   7.3477011e-06	  -2.6708818e-12	   2.2417251e+02	
   2.8422357e-03	  -4.2888418e-04	  -7.5882688e-04	   9.5306492e-05	   2.6632831e-12	   2.2285099e+02	
  -4.1005747e-03	   1.1799250e-04	   1.4378609e-03	  -1.8454062e-05	  -4.5211227e-13	   2.2401451e+02	
   5.4731044e-04	  -9.0932384e-06	   4.1342314e-04	  -2.6622093e-05	  -3.7612701e-12	   2.2414003e+02	
  -9.9244960e-04	   3.8681268e-05	  -1.7570746e-03	   8.0127018e-05	  -1.8426424e-12	   2.2407343e+02	
   2.7862744e-03	  -3.6797150e-04	   9.9397833e-04	  -1.5160839e-04	   2.6214913e-12	   2.2286563e+02	
   1.5986841e-03	   1.3859520e-04	  -1.8002607e-03	  -1.9088015e-04	  -3.6776864e-12	   2.2409971e+02	
  -4.3486112e-04	   5.3543666e-05	   2.4897566e-04	   2.4182611e-06	  -2.2453643e-12	   2.2413611e+02	
  -1.5758173e-03	   6.7751753e-05	  -1.0771402e-03	   5.1367584e-05	  -1.7058689e-12	   2.2408674e+02	
   1.5585575e-04	  -1.2337382e-05	  -1.9843042e-03	   7.7219938e-05	  -2.2111709e-12	   2.2387914e+02	
  -2.5526938e-04	  -1.1253235e-04	  -1.6442363e-04	   2.9534621e-05	  -3.9246384e-12	   2.2416028e+02	
  -2.5773208e-03	   3.5156405e-05	   3.3335583e-03	  -1.3180765e-05	  -3.7612701e-13	   2.2399738e+02	
   8.8149572e-04	   1.5613461e-05	   6.9527924e-04	   5.6160593e-07	  -1.7514601e-12	   2.2412727e+02	
   2.4932447e-05	   6.7287983e-05	   5.0892401e-04	   1.1673453e-04	  -4.0386164e-12	   2.2404977e+02	
   6.7333790e-04	  -3.8157123e-05	  -1.5827247e-03	   5.3387215e-05	  -1.7932520e-12	   2.2408067e+02	
  -1.4950011e-03	   2.6922005e-05	  -6.4793311e-04	   2.3973078e-05	  -3.6472923e-12	   2.2404633e+02	
   5.6530716e-04	  -1.1321492e-05	  -1.7935037e-04	  -8.5934373e-06	  -2.0288063e-12	   2.2422134e+02	
   7.2158019e-04	  -1.9225696e-05	   1.9752817e-03	  -6.8147220e-05	  -1.7020697e-12	   2.2406613e+02	
  -3.6553202e-04	  -2.1214812e-05	  -2.6386085e-05	   1.0386029e-04	  -4.1032038e-12	   2.2402928e+02	
  -1.8813747e-04	  -2.3087760e-07	  -1.9614279e-03	   8.4656913e-05	  -1.8274453e-12	   2.2407793e+02	
  -2.0523658e-03	   1.9983064e-05	  -4.5060031e-04	   1.2195569e-05	  -2.6518854e-12	   2.2397920e+02	
   7.4391755e-04	  -1.1191242e-04	   2.1953525e-03	  -4.0129968e-04	  -1.5614970e-12	   2.2381499e+02	
  -1.8976153e-03	  -2.2061848e-04	   1.2452734e-03	   1.7884263e-04	  -3.6928834e-12	   2.2419243e+02	
  -1.0056179e-03	   2.5871535e-05	   4.8223469e-04	   5.0065478e-07	  -3.8942443e-12	   2.2405963e+02	
  -1.2389685e-03	   1.0835276e-05	  -2.0631550e-03	   3.2265097e-05	   1.8768358e-12	   2.2312545e+02	
  -1.6571244e-03	   2.9019014e-05	  -1.0325936e-03	   2.7422413e-05	  -2.7012759e-12	   2.2406378e+02	
   4.4159538e-04	  -2.1537062e-05	  -3.6634884e-03	   5.1897503e-05	   1.3981287e-12	   2.2331027e+02	
  -1.1436247e-03	  -1.4994598e-05	  -4.7017917e-04	  -5.3890574e-06	  -1.4095265e-12	   2.2405543e+02	
  -1.3270404e-04	  -4.9759345e-06	   5.8207091e-04	   2.9362530e-05	   4.8630563e-13	   2.2354773e+02	
  -1.2952572e-04	  -1.2749925e-05	  -1.1702947e-04	  -6.7091153e-06	  -6.4207541e-13	   2.2406026e+02	
   2.7869042e-03	   2.6006817e-05	  -7.3614717e-04	  -2.7141767e-05	  -1.3677346e-12	   2.2403856e+02	
   1.1309100e-03	  -4.6521818e-05	  -2.5173354e-03	   8.6571392e-05	   2.0933938e-12	   2.2305221e+02	
  -9.9995950e-04	   4.3474298e-05	  -1.5442883e-05	   1.1974641e-05	  -1.5083073e-12	   2.2409457e+02	
  -3.9672167e-03	   1.0569552e-04	   6.5471187e-04	   3.8265086e-06	  -6.8006803e-13	   2.2401055e+02	
   1.3202419e-03	  -1.0533642e-05	   8.7851904e-04	  -1.2193385e-05	  -2.0629997e-12	   2.2413557e+02	
   3.1036468e-03	  -6.4687331e-05	   9.4241746e-04	  -2.6891896e-05	   1.6830735e-12	   2.2321176e+02	
   7.0894337e-05	  -1.1441192e-05	  -2.0359833e-03	   8.8020391e-05	  -1.8654381e-12	   2.2407464e+02	
   1.1623632e-03	   5.1100927e-05	   7.2421922e-05	   1.8873122e-06	   6.7626877e-13	   2.2350039e+02	
  -7.6242363e-04	   3.3478722e-05	  -2.5697137e-04	   4.5313572e-05	  -4.0006236e-12	   2.2401079e+02	
   8.4194119e-04	   1.4988536e-05	  -2.2325067e-03	  -4.9523064e-05	   1.1131839e-12	   2.2337685e+02	
   1.6778392e-03	   9.0942514e-05	  -3.1575967e-03	  -2.2851180e-04	  -2.0174086e-12	   2.2436923e+02	
  -2.0130302e-03	  -2.9788930e-04	   1.3298723e-03	   2.2686055e-04	   2.1351857e-12	   2.2366057e+02	
  -4.7039588e-04	  -8.0784906e-06	  -1.0891971e-03	   2.5949875e-05	  -2.6366884e-12	   2.2409445e+02	
   6.4338727e-04	  -3.3824821e-05	  -1.9837042e-03	   7.7557986e-05	  -1.6716756e-12	   2.2407666e+02	
   3.3911152e-04	   2.0299807e-05	   3.6189230e-03	  -1.5910689e-04	  -1.5083073e-12	   2.2396226e+02	
  -5.3816681e-04	   9.1472827e-06	  -2.6010222e-03	   7.6526496e-05	   2.0478027e-12	   2.2306796e+02	
  -4.9407525e-04	   1.1183648e-04	   2.2270351e-03	  -3.9871316e-04	  -1.6070882e-12	   2.2382061e+02	
  -4.8954752e-05	   3.4003602e-05	   1.5334069e-03	  -5.1058316e-05	  -3.4155373e-12	   2.2392840e+02	
   6.3387087e-04	   1.0036358e-05	  -8.7750778e-04	  -2.0539306e-05	  -1.2233626e-12	   2.2406102e+02	
   3.8469723e-04	   1.3251934e-05	   1.4254527e-03	  -4.6812031e-05	  -3.4725262e-12	   2.2401147e+02	
   1.7478825e-03	  -3.6845159e-05	   2.7966238e-04	  -1.5764306e-05	  -2.4809185e-12	   2.2393607e+02	
   4.8294725e-04	   1.0385059e-07	   1.6096795e-03	  -3.9978091e-05	  -2.5151119e-12	   2.2396670e+02	
   3.8420706e-04	   7.5686563e-05	  -7.2352797e-04	  -1.6485855e-04	  -3.2749645e-12	   2.2432306e+02	
   2.2134194e-03	  -5.4519049e-05	  -3.0580063e-03	   4.2056024e-05	  -8.7762970e-13	   2.2401594e+02	
  -6.2375968e-04	   3.5751120e-05	   8.2075633e-04	  -3.2996646e-05	  -1.7970512e-12	   2.2413707e+02	
   1.3912191e-03	  -2.3796534e-05	  -3.0704014e-03	   7.4999914e-06	  -1.1131839e-12	   2.2402509e+02	
   8.2341360e-04	   4.1914914e-05	   4.2621657e-04	   2.0737619e-05	   4.5971079e-13	   2.2356256e+02	
   4.9899461e-04	   1.2831411e-05	   8.5531685e-05	  -4.6954688e-07	  -1.0599944e-12	   2.2404425e+02	
  -9.9093350e-04	   4.9909511e-05	  -2.5567881e-03	   1.4908524e-04	   3.6890842e-12	   2.2247296e+02	
  -7.7751016e-04	   1.4837378e-05	  -2.1202997e-03	   6.3501109e-05	  -2.6860788e-12	   2.2403138e+02	
  -1.5796660e-03	   2.2064758e-05	   9.8257343e-04	  -1.1733000e-05	  -1.4019279e-12	   2.2406079e+02	
   1.4956145e-03	  -5.6833065e-05	  -9.7524457e-04	   2.4360908e-05	  -2.0098100e-12	   2.2413596e+02	
  -2.8397871e-03	  -3.1284519e-05	   2.4382520e-03	   5.1928291e-05	  -3.9132406e-13	   2.2398956e+02	
   9.0544278e-04	  -4.7365633e-05	  -2.9166609e-04	  -1.1920071e-05	  -1.4779132e-12	   2.2409690e+02	
   3.3613046e-03	   3.6597324e-04	   9.3989514e-04	   8.2866052e-05	   1.1967678e-12	   2.2394284e+02	
   3.9215558e-03	   1.3996634e-05	  -7.7240125e-04	  -2.1142385e-05	  -4.1411964e-13	   2.2399310e+02	
  -1.6650738e-03	   2.9770913e-04	   1.3033927e-03	  -2.0474740e-04	  -1.8616388e-12	   2.2385057e+02	
  -4.3743057e-05	  -4.9569020e-06	  -3.3711435e-03	   2.0469102e-04	   2.0288063e-12	   2.2310297e+02	
  -1.5384236e-04	  -3.4736423e-06	  -1.6373829e-03	   1.8638207e-07	  -1.3487383e-12	   2.2405556e+02	
   3.6780377e-03	   1.4718483e-05	  -1.7604074e-04	  -3.0277956e-05	  -2.1275871e-12	   2.2410699e+02	
   2.1881733e-03	  -1.5590926e-05	  -2.4022841e-03	  -1.1420332e-05	  -1.1853700e-12	   2.2403008e+02	
  -1.0218887e-03	   9.6022629e-06	  -1.6235794e-03	   2.1162466e-05	  -1.3335413e-12	   2.2406335e+02	
  -3.3260266e-03	  -3.2655204e-05	   2.6581379e-03	   7.3064551e-05	  -2.2263680e-12	   2.2436891e+02	
  -1.2417340e-03	  -1.9804953e-05	   8.6118154e-04	   2.2402579e-05	  -2.6366884e-12	   2.2405866e+02	
  -2.1798570e-03	   3.3901191e-04	  -1.9134619e-03	   3.1262683e-04	   2.7354692e-12	   2.2282559e+02	
  -1.8138832e-03	   5.5939101e-05	   4.2574845e-04	  -1.2364742e-06	  -2.4087326e-12	   2.2393085e+02	
   1.4418844e-03	   1.2537475e-04	   2.6865174e-03	   1.8809797e-04	  -3.1077969e-12	   2.2414619e+02	
  -3.1321911e-04	  -1.2703581e-05	  -2.2539660e-03	  -6.1985902e-05	   8.6623191e-13	   2.2345104e+02	
   1.8552932e-03	  -4.8238475e-05	   9.3429486e-05	  -1.4135709e-05	  -2.3555429e-12	   2.2389695e+02	
  -8.5938742e-04	  -1.3198188e-04	   4.5397818e-04	   1.2411675e-04	  -4.1070030e-12	   2.2409335e+02	
  -2.1760903e-04	  -4.3292443e-05	  -5.8818816e-05	   9.5173392e-05	  -4.0500141e-12	   2.2412504e+02	
  -5.1647538e-04	  -3.0528678e-06	  -1.3807977e-03	   2.8500371e-05	  -2.5721008e-12	   2.2410478e+02	
   3.9915871e-05	   1.4337766e-05	   9.4542540e-04	  -2.5662254e-05	  -3.7916642e-12	   2.2409611e+02	
  -3.0237622e-03	   7.4788215e-05	  -2.8360070e-03	   9.7262276e-05	  -6.4207541e-13	   2.2401672e+02	
  -3.1096948e-03	  -2.8230816e-05	  -3.2815928e-03	   1.9395916e-05	  -2.6100936e-12	   2.2423472e+02	
   1.9912565e-03	   7.3917028e-05	   1.1795522e-03	   2.2663331e-05	  -1.7400623e-12	   2.2405799e+02	
   1.4303568e-03	  -9.5357048e-06	   6.3552789e-04	  -2.2879331e-05	  -3.8296569e-12	   2.2403057e+02	
  -1.8226455e-04	   6.0774757e-05	   7.6278090e-04	   7.6350505e-05	  -3.1609866e-12	   2.2395865e+02	
   1.3555339e-03	   1.6276889e-06	  -1.5010199e-03	  -1.3669742e-05	   1.5311029e-12	   2.2324671e+02	
  -5.5955448e-05	   5.2199140e-06	   2.0118492e-03	  -5.4925695e-05	  -1.4475191e-12	   2.2407085e+02	
  -1.1400334e-03	   2.2921194e-06	  -6.8809152e-04	   3.4217791e-06	  -1.9718174e-12	   2.2418185e+02	
   4.6731698e-04	  -2.2088112e-05	  -2.0500473e-03	   6.6419354e-05	  -1.5956904e-12	   2.2407390e+02	
  -8.8653942e-04	  -4.0901958e-06	   2.4848815e-03	   1.1612957e-04	  -2.8874397e-12	   2.2398965e+02	
  -2.4518980e-03	   2.6111083e-04	  -5.7381157e-04	   7.1352511e-05	  -1.6374823e-12	   2.2383816e+02	
  -1.1149857e-03	   4.6827683e-06	  -1.0837432e-03	   1.9932960e-05	  -3.8638502e-12	   2.2404097e+02	
  -7.4419384e-04	   2.0078170e-05	  -1.3567477e-03	   5.7393983e-05	  -1.6526793e-12	   2.2409711e+02	
   3.2489242e-03	  -1.2479418e-04	  -5.9770891e-05	  -5.9684037e-06	   1.9300255e-12	   2.2313428e+02	
   9.0077045e-04	  -4.3367232e-05	  -1.8679851e-03	   6.9773286e-05	  -1.6754748e-12	   2.2407926e+02	
   5.0753339e-04	  -1.5336788e-05	  -1.9467817e-03	   2.7624146e-05	  -2.4543237e-12	   2.2411439e+02	
   9.7327920e-04	   7.1545306e-05	  -5.0247081e-04	  -6.9901897e-05	  -2.4695208e-12	   2.2407050e+02	
   9.4972523e-04	   4.6214048e-05	   4.2295812e-05	   2.2418364e-06	   6.3827614e-13	   2.2351810e+02	
   1.5542989e-03	  -6.2261027e-06	  -6.5920297e-04	  -3.3918234e-06	  -1.3373405e-12	   2.2405789e+02	
  -1.8211880e-03	  -3.3100858e-04	  -7.6265723e-04	  -1.1007761e-04	   1.5994896e-12	   2.2383069e+02	
   1.5709286e-03	  -4.2355543e-05	   1.2896915e-03	  -4.2576871e-05	  -1.4893110e-12	   2.2407263e+02	
   2.9588078e-03	  -2.0604723e-04	   2.4050475e-03	  -1.9480489e-04	   1.7324638e-12	   2.2321912e+02	
  -3.9628403e-04	   3.0905154e-05	  -1.1853474e-04	   5.3928783e-05	  -1.3829316e-12	   2.2410018e+02	
   7.7955397e-04	   1.6608404e-05	  -2.0033942e-03	  -5.2863656e-05	   1.1131839e-12	   2.2337904e+02	
  -1.3967408e-03	   1.9450122e-05	  -1.3550597e-03	   2.2610187e-05	  -1.3525375e-12	   2.2406433e+02	
   2.7895304e-05	  -5.5869535e-06	   2.2518841e-04	  -3.4133075e-06	  -7.0666287e-13	   2.2407846e+02	
  -6.8735123e-06	  -2.5778359e-06	   1.4631368e-04	   3.5597496e-06	  -5.2809752e-13	   2.2398511e+02	
   3.7710227e-03	  -6.0079063e-06	  -1.2952502e-04	  -2.9584702e-05	  -2.0933938e-12	   2.2411083e+02	
   2.7023818e-03	   6.5141641e-05	   2.3219723e-03	   3.5230721e-05	  -4.5211227e-13	   2.2399190e+02	
  -4.5672731e-04	  -2.5580062e-06	  -2.2642929e-03	   1.7694791e-05	   1.8046499e-12	   2.2315489e+02	
  -3.9257247e-03	  -1.8155985e-04	  -4.8796222e-04	   1.4446191e-05	  -1.5083073e-12	   2.2437524e+02	
  -1.8982832e-03	   3.4996468e-05	  -3.7100871e-03	   1.1087237e-04	  -6.2307909e-13	   2.2401824e+02	
  -6.5995952e-04	  -7.3185307e-07	  -9.3157783e-04	   4.4784556e-05	  -3.8562518e-12	   2.2401938e+02	
  -8.1980353e-04	   3.9064227e-05	   1.3487927e-03	  -4.9120896e-05	  -1.6032889e-12	   2.2409519e+02	
   7.0212240e-04	  -1.8262023e-05	   2.3862863e-03	  -9.8740266e-05	  -2.5227105e-12	   2.2398020e+02	
   3.4986867e-03	  -5.1969382e-05	   1.8618833e-03	  -4.9601317e-05	  -7.0666287e-13	   2.2401136e+02	
  -1.4626148e-03	   5.3164101e-05	   1.3361901e-03	  -4.3837852e-05	  -1.4703147e-12	   2.2408241e+02	
  -2.5544764e-03	   4.3387294e-04	  -5.8562898e-05	   2.2540300e-05	  -1.4095265e-12	   2.2380924e+02	
   1.3573215e-03	  -1.8755140e-06	   1.8828042e-04	  -1.0220231e-05	  -1.9566204e-12	   2.2416480e+02	
   5.6181232e-04	   4.3774162e-05	   7.2883419e-04	  -5.7847432e-05	  -3.0698043e-12	   2.2393433e+02	
  -5.9898013e-04	   2.0960531e-05	   1.1264905e-03	  -1.4955318e-05	  -2.5531046e-12	   2.2410607e+02	
  -1.8437309e-03	   6.4908745e-05	   7.4923694e-04	  -2.2989223e-05	  -1.4741140e-12	   2.2408155e+02	
  -2.1705372e-04	   5.3093824e-06	   1.7422909e-03	  -3.2023214e-05	  -1.9262263e-12	   2.2413351e+02	
   4.2431096e-04	   8.1547220e-06	   1.0356824e-03	   1.7693459e-05	  -1.0827898e-12	   2.2404347e+02	
  -1.9826056e-03	  -7.0902141e-05	  -6.3834027e-04	  -5.4113373e-06	   9.7641048e-13	   2.2341454e+02	
  -9.1395188e-05	  -6.6049921e-05	  -1.1747194e-03	  -9.3351340e-05	  -3.1381910e-12	   2.2396441e+02	
   1.4101747e-03	  -4.4129753e-05	  -1.0290684e-03	   2.0718886e-05	  -1.4361213e-12	   2.2412807e+02	
  -1.9099581e-03	   1.2974629e-04	  -1.3238552e-03	   1.0011904e-04	  -1.9680181e-12	   2.2387507e+02	
  -1.4721144e-03	  -2.2468221e-05	   2.1250767e-03	   4.1367850e-05	   1.1929685e-12	   2.2335900e+02	
   3.5455732e-04	  -6.4007975e-05	  -1.8929623e-03	   2.0787617e-04	  -2.3859370e-12	   2.2389327e+02	
   1.8847508e-03	  -7.5568125e-05	  -3.5809309e-04	   3.9446704e-06	  -1.5500992e-12	   2.2409159e+02	
   3.5516264e-03	   8.7348628e-05	  -3.5464846e-04	  -3.5702451e-05	  -2.4771193e-12	   2.2411823e+02	
   1.5850358e-03	  -2.5519660e-04	   1.6296415e-03	  -2.9487320e-04	  -1.7628579e-12	   2.2384546e+02	
  -5.0528457e-04	   4.8272159e-05	   1.6294518e-03	  -6.1702518e-05	  -3.3395520e-12	   2.2392752e+02	
   9.7123126e-04	   1.2005273e-05	  -8.2684487e-04	  -1.6359716e-05	  -1.0789906e-12	   2.2404453e+02	
  -2.8918291e-03	   2.4695461e-04	  -1.7420363e-03	   1.6048712e-04	   2.1237879e-12	   2.2307559e+02	
   1.5993620e-04	  -6.4648096e-06	  -1.8430698e-03	   1.5705121e-05	  -1.3259427e-12	   2.2406280e+02	
  -8.0038143e-04	   6.7486673e-06	   2.9505457e-03	  -3.0398926e-06	   1.4437198e-12	   2.2328843e+02	
  -1.4100942e-03	   1.6332597e-04	  -1.3308951e-03	   1.7829238e-04	  -2.3213496e-12	   2.2388959e+02	
  -4.9544578e-04	  -9.0469005e-06	   1.4536371e-04	   1.3796368e-06	  -8.4723560e-13	   2.2409643e+02	
  -3.3635841e-03	   9.3167473e-05	   2.3739230e-03	  -3.9713112e-05	  -5.9648425e-13	   2.2401725e+02	
   2.7073900e-04	  -1.5925293e-05	  -2.9822890e-03	  -2.2215101e-05	  -1.3639354e-12	   2.2404030e+02	
  -1.2196721e-03	   2.5899875e-05	  -3.3105968e-04	   1.6813060e-05	  -2.4505244e-12	   2.2411607e+02	
  -1.4467935e-03	   1.8646036e-05	   1.2187231e-03	  -1.3671816e-05	  -1.2385597e-12	   2.2406124e+02	
  -5.9941742e-05	  -4.3273347e-06	  -1.6249758e-03	  -2.8992256e-06	  -1.2765523e-12	   2.2405611e+02	
   2.5784682e-03	  -2.8889767e-04	  -1.9133110e-03	   1.9023173e-04	   2.9748228e-12	   2.2279698e+02	
  -1.5711982e-03	   3.6372741e-05	   2.0756768e-04	   8.5712584e-06	  -2.5455060e-12	   2.2398089e+02	
   5.2644780e-04	  -2.3220159e-05	   3.3076904e-04	  -4.6830796e-05	  -2.2035724e-12	   2.2413921e+02	
   3.9352267e-04	   3.1800449e-05	   2.2165043e-03	   7.5015861e-05	  -1.8008505e-12	   2.2406159e+02	
  -3.0565305e-03	   3.6083955e-04	   5.1013946e-05	   4.3997711e-06	   3.1419904e-12	   2.2268576e+02	
   1.7434593e-03	  -1.4623797e-04	   1.7310319e-03	  -1.6799363e-04	  -1.8388432e-12	   2.2386738e+02	
  -1.9092861e-03	   1.4563198e-04	  -1.4556992e-03	   1.2126891e-04	  -1.9072299e-12	   2.2387224e+02	
  -7.5240438e-04	   6.8281180e-05	  -2.3618449e-03	   2.4649042e-04	  -2.6442869e-12	   2.2392456e+02	
   1.4313177e-03	   3.8857386e-05	  -1.7019602e-03	  -7.7106244e-05	  -1.9034306e-12	   2.2406063e+02	
  -4.2311003e-04	  -1.9857549e-05	   5.0939083e-04	   2.5513507e-05	   8.7762970e-13	   2.2345155e+02	
   1.6764953e-03	  -7.6243340e-06	   6.4168602e-04	  -8.2478566e-06	  -1.1967678e-12	   2.2405746e+02	
   2.0625131e-03	   5.8110148e-05	   6.5725192e-04	   1.5539738e-05	   1.1131839e-12	   2.2338266e+02	
   1.1070091e-04	  -8.0296653e-06	  -4.4830699e-04	  -3.0717922e-06	  -2.6746810e-12	   2.2422654e+02	
  -4.6110099e-04	  -2.1512360e-05	  -5.9800528e-04	  -4.7488913e-06	   2.4049333e-12	   2.2301412e+02	
  -8.8324597e-04	   8.9000074e-06	  -1.7403209e-03	   2.5280507e-05	  -1.2841508e-12	   2.2406543e+02	
  -1.8208988e-03	  -5.2586518e-06	   4.2470809e-04	   9.0907308e-06	  -2.7240714e-12	   2.2400255e+02	
   1.4062427e-03	  -2.3939947e-05	  -7.3699877e-04	  -9.4039244e-06	  -3.8334561e-12	   2.2403781e+02	
   1.4894152e-03	  -1.5175159e-05	   4.0279604e-04	  -2.3426501e-05	  -3.7916642e-12	   2.2403282e+02	
  -4.0004246e-03	   3.7249712e-05	  -4.4497058e-04	   2.4477285e-05	  -5.6229089e-13	   2.2401208e+02	
  -3.7581791e-03	  -1.2605989e-04	   1.0017846e-03	   6.5592838e-05	  -2.6860788e-12	   2.2417768e+02	
   3.3947937e-03	   1.4566986e-04	  -2.1096946e-03	  -1.1871965e-04	  -2.7582648e-12	   2.2423085e+02	
   2.5796749e-03	  -5.3335505e-05	   3.2416392e-04	  -1.6587081e-05	   1.9642188e-12	   2.2310549e+02	
  -1.1238433e-03	   8.6463184e-06	   1.4518701e-03	  -9.2129906e-06	  -1.1511767e-12	   2.2405721e+02	
  -1.0754692e-03	  -1.0487390e-04	  -1.3336175e-03	  -5.6187801e-05	  -2.9672242e-12	   2.2396693e+02	
  -3.7603879e-04	  -2.0038035e-05	  -1.1160355e-03	  -4.5779463e-05	   9.4221716e-13	   2.2343518e+02	
  -1.8180094e-04	   2.8091091e-06	   1.8395630e-03	  -1.2501911e-05	  -1.1245818e-12	   2.2405639e+02	
   1.1205708e-03	  -2.9223437e-05	   2.7708689e-04	  -2.3042016e-05	  -2.3479444e-12	   2.2412515e+02	
   2.7240521e-04	  -1.5272332e-05	  -2.0403991e-03	   6.4559175e-05	  -1.4931102e-12	   2.2408083e+02	
  -3.3870896e-04	  -4.7526863e-06	  -1.6428743e-03	   4.1389561e-05	  -2.5569038e-12	   2.2397965e+02	
   1.3871013e-03	   1.5460193e-05	   1.1405313e-03	   9.7653924e-07	  -2.7582648e-12	   2.2400795e+02	
   6.6399174e-04	   4.6885983e-05	   1.9318921e-03	   8.0065681e-05	  -1.9452225e-12	   2.2406310e+02	
   3.8098358e-03	   6.2332154e-05	  -2.1607458e-03	  -7.1665101e-05	  -2.3251488e-12	   2.2435768e+02	
   7.2208943e-04	  -4.2944830e-05	  -4.1103441e-04	  -5.9319890e-05	  -3.1495888e-12	   2.2394873e+02	
  -1.1106337e-03	   2.4034429e-05	  -1.4451520e-03	   4.7937545e-05	  -2.5151119e-12	   2.2396797e+02	
  -1.8154926e-03	   4.7868754e-05	  -1.1502664e-03	   3.8965183e-05	  -3.2103770e-12	   2.2408241e+02	
   2.2086582e-03	   5.5396372e-05	  -1.0215111e-03	  -4.7785801e-05	  -1.7248653e-12	   2.2405819e+02	
   4.2713459e-05	   5.3369036e-05	   5.4085045e-06	  -6.1489085e-05	  -3.8182590e-12	   2.2418095e+02	
  -1.0454705e-03	   9.9958248e-05	   1.2391425e-03	  -6.4300923e-05	  -2.7354692e-12	   2.2391498e+02	
  -1.5761803e-03	   2.1462178e-06	  -3.3533679e-03	   4.7962723e-05	  -8.8902749e-13	   2.2402406e+02	
  -2.2020809e-03	   8.3460691e-05	   6.2495596e-04	  -1.5044159e-05	  -3.0470087e-12	   2.2407703e+02	
   1.0256084e-03	  -1.6191291e-04	   2.2713365e-03	  -4.1065295e-04	  -1.5159059e-12	   2.2382566e+02	
   1.0272111e-03	  -2.0087437e-05	  -1.7180584e-03	   1.2187357e-05	  -3.2787638e-12	   2.2411553e+02	
  -2.1099507e-04	  -2.9137027e-05	   1.5740741e-03	   2.9933409e-04	   2.8570456e-12	   2.2339898e+02	
  -2.4295209e-04	   3.1190826e-05	   1.5216522e-04	  -2.3860292e-05	  -3.4231357e-12	   2.2420856e+02	
  -2.6257629e-03	  -2.0854706e-04	   5.4037887e-04	   7.6053529e-05	  -3.2141763e-12	   2.2412232e+02	
  -6.5135746e-05	  -4.2534219e-06	  -2.0326726e-03	   8.0078924e-05	  -1.5918911e-12	   2.2408699e+02	
  -8.0147525e-04	   3.5204465e-06	  -9.9783778e-04	   3.6875382e-05	  -3.9550325e-12	   2.2400879e+02	
   2.0050677e-04	  -5.3928209e-06	  -1.8395248e-03	   6.7081350e-07	  -9.8400910e-13	   2.2404658e+02	
  -1.7849123e-03	   1.0353118e-06	   1.8457702e-03	   7.1538986e-06	   1.6906719e-12	   2.2320620e+02	
   1.6749226e-03	  -1.0049446e-05	  -8.5985191e-04	  -2.4338749e-06	  -1.0106039e-12	   2.2405345e+02	
   4.7914623e-04	   3.6135299e-06	   9.0837367e-04	  -1.6579234e-05	  -3.5485114e-12	   2.2413645e+02	
  -9.8412100e-04	  -4.3294160e-05	  -2.2690835e-03	  -5.5312161e-05	  -1.7058689e-12	   2.2405742e+02	
  -4.9622507e-04	  -9.0474001e-05	   5.6167792e-05	   9.7122345e-05	  -4.1981853e-12	   2.2404877e+02	
  -3.1055356e-03	   1.8115597e-05	  -2.0148980e-03	   3.4547916e-05	  -8.3963707e-13	   2.2402100e+02	
  -1.1273956e-04	  -9.1773676e-06	  -3.4860261e-04	  -1.5573320e-05	  -7.5985255e-13	   2.2408210e+02	
   4.8412649e-04	  -8.8839336e-06	   7.9581685e-04	  -4.9420127e-05	  -1.5576977e-12	   2.2410378e+02	
  -1.2371242e-03	   1.6300186e-05	   3.0187135e-03	   1.0693832e-05	  -1.1017862e-12	   2.2403329e+02	
  -4.9502374e-04	  -1.2209461e-06	  -2.3201905e-04	  -3.0850590e-06	  -1.7096682e-12	   2.2420224e+02	
   1.2364119e-03	   1.1343951e-04	   2.2785503e-04	  -3.7717746e-05	  -3.1419904e-12	   2.2396607e+02	
  -7.4369935e-04	  -3.0123871e-05	   2.5320407e-03	   2.0520731e-04	  -3.3167563e-12	   2.2408378e+02	
   3.1881384e-05	  -4.9177063e-05	  -6.1658945e-04	  -1.7082607e-07	  -2.7126736e-12	   2.2404545e+02	
   1.4529026e-03	   8.9116227e-05	  -9.1247663e-04	  -1.0676232e-04	  -3.3965409e-12	   2.2394494e+02	
   1.0391361e-03	  -1.1713008e-05	  -5.7152130e-04	  -1.1505328e-05	  -3.3433512e-12	   2.2415985e+02	
  -1.9712093e-03	   4.7213394e-05	  -3.1424990e-04	   9.9913539e-06	  -1.2575560e-12	   2.2407502e+02	
   2.6856952e-03	  -6.5082488e-05	   9.9606593e-04	  -3.1584343e-05	   2.0629997e-12	   2.2308921e+02	
  -1.2934319e-03	  -2.7000333e-05	  -6.7531497e-04	  -1.1935081e-05	  -6.8766656e-13	   2.2401547e+02	
  -5.3749894e-04	  -1.0059486e-04	  -1.4806258e-03	  -1.7001083e-04	  -3.7384746e-12	   2.2407983e+02	
   1.8496776e-03	  -7.3154377e-05	  -3.4609957e-04	   3.0664155e-06	  -1.5121066e-12	   2.2409447e+02	
  -5.3161261e-04	   4.2642920e-06	   1.6361887e-03	   4.2609033e-05	   1.2803515e-12	   2.2332796e+02	
  -9.0772045e-04	  -2.5361116e-05	  -8.3114952e-04	  -1.9973590e-05	  -6.8766656e-13	   2.2401051e+02	
   2.9057132e-03	  -1.2595749e-04	   7.2337530e-04	  -4.0229341e-05	   2.2339665e-12	   2.2303154e+02	
   1.8757929e-03	  -7.1539806e-05	  -5.9799464e-05	  -7.5363516e-06	  -1.4969095e-12	   2.2409500e+02	
  -1.7040875e-03	   3.1489537e-05	  -3.2696398e-04	   1.2836282e-05	  -2.5607031e-12	   2.2410496e+02	
   2.9105574e-04	  -5.5907054e-05	  -1.4987363e-04	  -4.8673916e-05	  -1.3867309e-12	   2.2410130e+02	
  -8.1333292e-04	  -1.7735433e-04	   2.9024382e-05	   2.7812930e-05	  -2.0212078e-12	   2.2440754e+02	
  -9.5711870e-04	  -1.9034538e-05	  -1.1571092e-03	  -1.8811308e-05	  -7.2945845e-13	   2.2402030e+02	
   3.0335503e-03	  -1.3884533e-04	   8.7810062e-04	  -4.9551189e-05	   2.1199886e-12	   2.2307446e+02	
   7.1921932e-04	   8.2802214e-06	  -1.2565828e-03	  -2.4409805e-05	  -7.6365181e-13	   2.2402378e+02	
   3.3491379e-04	   7.8658122e-05	   2.6504991e-04	   7.0164296e-05	  -9.3081938e-13	   2.2434772e+02	
   1.1853893e-03	  -4.1358697e-05	   1.4129663e-03	  -6.0308110e-05	  -1.5538984e-12	   2.2409686e+02	
   2.1010545e-03	   4.2195930e-05	   6.0943112e-04	   8.6058078e-06	   1.4551177e-12	   2.2328209e+02	
  -5.6145599e-04	  -2.2096018e-05	   8.8874690e-04	   3.2088186e-05	  -2.5455060e-13	   2.2396208e+02	
  -3.3829762e-05	  -3.9216883e-06	  -6.7085028e-04	  -2.8582250e-05	   1.1055855e-12	   2.2339250e+02	
   1.2937886e-03	  -9.8038138e-05	  -9.5510483e-04	   2.6085448e-05	  -2.8228523e-12	   2.2392421e+02	
   3.1871702e-03	  -1.0177747e-04	  -1.8609531e-03	   1.9347320e-05	  -1.9224270e-12	   2.2403386e+02	
  -1.7328827e-03	   3.4226301e-05	  -8.3725170e-04	   2.6915935e-05	  -2.4353274e-12	   2.2392010e+02	
  -6.8466505e-04	   9.3091584e-07	  -5.4516024e-05	  -2.9841956e-06	  -2.0781968e-12	   2.2422089e+02	
   1.1548303e-03	   8.9482804e-05	   1.6012353e-03	   9.5111380e-05	  -8.0544371e-13	   2.2402723e+02	
  -1.3315624e-04	  -4.4387906e-06	   1.6079524e-04	  -2.7860695e-06	  -5.3189679e-13	   2.2408200e+02	
  -2.5259774e-04	   1.4915873e-06	  -2.0225837e-03	   5.4586879e-05	  -1.3753331e-12	   2.2407901e+02	
  -5.3561549e-06	  -4.0370781e-06	  -8.2263809e-05	  -1.8307998e-05	  -2.7164729e-12	   2.2427443e+02	
   7.3310392e-04	  -3.4095039e-05	   2.8138671e-04	  -3.9488456e-05	  -1.5311029e-12	   2.2410607e+02	
   1.2705168e-03	   5.0872779e-05	   5.0020873e-04	   1.8312927e-05	   1.1891692e-12	   2.2335828e+02	
  -1.5151190e-03	   4.9645288e-05	   1.2146608e-03	  -3.5978261e-05	  -1.3449390e-12	   2.2408392e+02	
   1.9224188e-03	   1.7998047e-05	  -4.7824361e-04	  -1.4825131e-05	   1.4589169e-12	   2.2327722e+02	
   6.7165508e-05	   4.1100633e-05	   7.3310651e-04	   7.9862377e-05	  -2.5948965e-12	   2.2407003e+02	
  -6.2243884e-04	  -3.7282474e-06	  -1.0031508e-03	   1.3678881e-05	  -3.7232775e-12	   2.2411345e+02	
   9.2176015e-04	   3.1179112e-05	  -7.6049392e-05	  -5.3436854e-06	  -3.1913807e-13	   2.2397368e+02	
   4.6360555e-04	   1.6534499e-05	   4.2889688e-04	   1.5611176e-05	  -1.0258009e-13	   2.2393458e+02	
  -1.6891105e-03	   4.2586816e-05	   2.1113821e-03	  -4.2977918e-05	   2.1161893e-12	   2.2306941e+02	
   7.7194671e-04	   6.2807300e-06	   1.6758649e-03	   1.7101572e-06	  -2.6518854e-12	   2.2405443e+02	
  -4.5906001e-04	  -1.3227904e-04	  -3.8475946e-04	   1.1132436e-06	  -4.0234193e-12	   2.2404357e+02	
  -1.2761450e-03	   2.3267356e-04	   1.8898788e-03	  -3.0836536e-04	  -1.8844343e-12	   2.2386807e+02	
   1.6785015e-03	  -6.8895053e-05	  -6.3806385e-04	   1.3400119e-05	  -1.4893110e-12	   2.2409650e+02	
   2.2966692e-03	  -3.8581219e-06	   1.7732881e-04	  -9.6440710e-06	   1.7210660e-12	   2.2319272e+02	
  -3.0021362e-03	   2.7650844e-04	   1.3207066e-03	  -1.0846015e-04	   3.9854266e-12	   2.2233584e+02	
   1.8386238e-03	  -6.6016655e-05	   5.1090657e-04	  -2.6940558e-05	  -1.4855118e-12	   2.2409443e+02	
   2.5314989e-04	  -6.9461897e-06	  -1.5054158e-03	  -8.8563531e-06	  -2.8798412e-12	   2.2417723e+02	
  -2.1035409e-03	   8.5775716e-06	  -2.4777510e-03	   6.0803238e-05	  -1.9642188e-12	   2.2398623e+02	
  -9.6812924e-04	  -3.9471668e-06	   1.5584782e-03	   3.6240279e-05	   1.3867309e-12	   2.2329826e+02	
   4.8853009e-04	   9.9777823e-06	   1.1597164e-04	  -7.8843088e-06	  -1.1739721e-12	   2.2411717e+02	
   1.0093963e-03	   1.3584481e-06	  -9.3527340e-04	  -1.0339162e-05	  -1.0523957e-12	   2.2409093e+02	
  -3.6762647e-03	   2.0499672e-05	   1.0318803e-04	   1.9604833e-05	  -8.0164444e-13	   2.2402183e+02	
   2.1732381e-03	  -2.1927288e-05	   3.8549427e-04	  -1.3702195e-05	  -2.4809185e-12	   2.2410408e+02	
  -6.1263082e-04	   1.1871977e-07	   2.3068881e-03	   7.5136089e-05	  -1.6906719e-12	   2.2406087e+02	
   7.3157119e-04	   9.4538387e-05	   2.8849484e-03	   2.9136668e-04	  -1.8540402e-12	   2.2437690e+02	
   1.6162795e-03	  -6.8245434e-05	  -7.2157525e-04	   1.6760740e-05	  -1.5235043e-12	   2.2409840e+02	
  -6.3795222e-04	   4.6088254e-05	   2.5210757e-04	   1.4476009e-06	  -2.2073716e-12	   2.2413784e+02	
   2.9958381e-04	   3.1986398e-07	  -1.5290458e-03	  -2.8617786e-05	  -5.8888573e-13	   2.2401051e+02	
   3.8610762e-04	  -2.5979898e-05	  -1.4414999e-03	   1.5607315e-05	  -3.9018429e-12	   2.2402672e+02	
  -1.0408603e-03	  -1.2847491e-05	  -1.3815434e-03	  -1.1521921e-05	  -7.2185992e-13	   2.2402472e+02	
  -9.1043932e-04	  -3.3985835e-05	  -7.4425057e-04	  -2.4777959e-05	  -2.6594839e-13	   2.2396592e+02	
   2.4371896e-04	   9.9826572e-06	   6.5149188e-04	   2.7808340e-05	   1.4057272e-12	   2.2330644e+02	
   2.0554656e-03	  -2.6294034e-04	   4.9286179e-04	  -8.6539378e-05	  -2.2871562e-12	   2.2389711e+02	
  -1.8223168e-03	   1.2750888e-05	  -6.6225715e-04	   7.1330912e-06	  -9.7641048e-13	   2.2405799e+02	
   8.9122104e-04	   1.0043173e-04	   1.3789086e-03	   7.7432920e-05	  -3.0204139e-12	   2.2397284e+02	
  -1.8630302e-03	   2.0663185e-05	  -6.1189063e-04	   9.2549633e-06	  -1.0333995e-12	   2.2406304e+02	
  -6.3563598e-04	   6.5232681e-07	   1.4979720e-03	   3.0046647e-06	  -2.7924582e-12	   2.2416715e+02	
   3.0670805e-04	  -4.6087968e-05	  -7.9746694e-04	   2.4395200e-05	  -1.5235043e-12	   2.2410891e+02	
  -9.2565497e-04	  -1.6276598e-04	  -7.0367358e-05	   4.4115520e-05	  -4.1525941e-12	   2.2405535e+02	
  -7.4642417e-04	  -4.1734897e-05	  -2.8321553e-03	  -8.7693330e-05	  -7.8264813e-13	   2.2402611e+02	
  -1.2811810e-03	  -5.3452019e-05	  -1.6656471e-03	  -4.3413406e-05	   1.0106039e-12	   2.2341250e+02	
   3.2477074e-04	   9.5624988e-06	   1.0530664e-03	   3.3405676e-05	  -3.5713070e-13	   2.2397431e+02	
  -1.8817226e-03	   1.2881282e-04	  -1.9973917e-03	   1.4940432e-04	   3.2711652e-12	   2.2265686e+02	
  -3.1775234e-04	   3.3842068e-07	   1.7952353e-05	   7.7379078e-05	  -1.4171250e-12	   2.2410365e+02	
   9.8105761e-04	   1.4649790e-04	  -1.7642876e-03	  -2.9176535e-04	   2.9710235e-12	   2.2335190e+02	
   4.8713765e-04	   1.5164522e-05	   9.5459766e-04	   3.0475674e-05	  -3.5713070e-13	   2.2397615e+02	
  -8.2865877e-04	   5.4309609e-06	   6.3146256e-04	   3.8207304e-07	  -3.8106606e-12	   2.2410535e+02	
   8.0160117e-05	  -4.9309438e-05	  -4.2346232e-04	  -4.4629149e-05	  -2.7126736e-12	   2.2405776e+02	
   8.2792985e-04	   2.9069942e-05	   2.7789440e-03	   3.6133140e-05	  -1.2651545e-12	   2.2404778e+02	
   1.8825548e-03	  -1.8744316e-04	   2.3239746e-03	  -2.5672841e-04	   2.5759002e-12	   2.2289731e+02	
   1.0714808e-03	   1.0403062e-04	   1.5743550e-04	  -1.2530007e-05	  -2.4619223e-12	   2.2408228e+02	
   1.0011020e-03	  -5.0142742e-05	  -1.5282932e-03	   5.5001925e-05	  -1.5197051e-12	   2.2410010e+02	
   1.9439277e-04	  -1.0053970e-05	  -2.9215323e-04	  -3.2812643e-06	  -1.5842925e-12	   2.2420461e+02	
   3.3373779e-04	  -4.7322632e-05	  -1.6879257e-03	   8.5756419e-05	  -3.1875815e-12	   2.2390605e+02	
  -2.0276078e-03	  -9.6842681e-06	   3.3241555e-04	   1.4093491e-05	   1.6488800e-12	   2.2321655e+02	
  -2.3570692e-03	  -7.7825215e-05	  -5.7767294e-05	   1.9413973e-05	  -1.6526793e-12	   2.2406464e+02	
  -8.6223324e-04	  -2.6846458e-05	  -1.0990408e-03	  -1.7716548e-05	   1.2423590e-12	   2.2334804e+02	
   1.6100316e-04	  -3.3441506e-05	  -2.5885506e-03	   3.6772975e-04	  -1.7248653e-12	   2.2386687e+02	
  -5.6097628e-04	  -1.2881361e-06	   7.0164561e-04	   8.2028873e-07	  -3.0356110e-12	   2.2419983e+02	
  -1.5222312e-03	   3.2200627e-06	   4.4466436e-04	   1.0044090e-05	  -2.6556847e-12	   2.2393959e+02	
   9.6084821e-04	   7.1100097e-05	  -1.5339388e-03	  -1.7597880e-04	  -3.5371137e-12	   2.2406093e+02	
  -3.0044704e-05	  -3.5811980e-05	  -7.9462402e-04	  -8.6419281e-05	  -2.6100936e-12	   2.2407095e+02	
   3.0140141e-04	  -6.9500018e-06	  -1.1724560e-03	  -7.4238862e-06	  -2.5948965e-12	   2.2419817e+02	
   8.7815190e-04	   2.6435651e-05	  -7.6259971e-04	  -2.9127325e-05	  -2.0136093e-13	   2.2395979e+02	
  -4.1131334e-04	  -2.9311312e-06	   5.8082003e-04	  -5.4058433e-07	  -1.6298837e-12	   2.2419038e+02	
   5.5740046e-04	   5.9737343e-05	   2.2034547e-03	   8.9843193e-05	  -2.7354692e-12	   2.2398183e+02	
  -3.5871486e-03	   6.3203733e-05	  -1.9436982e-03	   7.2772589e-05	  -2.1389850e-12	   2.2414167e+02	
   3.6781876e-03	   1.4584394e-04	  -1.7531210e-03	  -9.9817506e-05	  -2.2833569e-12	   2.2435416e+02	
  -1.1187991e-03	  -1.1102858e-04	  -1.0207637e-03	  -6.9757862e-05	  -9.8780832e-13	   2.2405494e+02	
  -1.5590420e-03	   6.5191016e-05	   7.1026392e-04	  -2.5162543e-05	  -1.4931102e-12	   2.2409979e+02	
   2.9321374e-03	  -2.0638333e-04	   2.6898291e-04	  -2.9555566e-05	   2.6974766e-12	   2.2286543e+02	
  -2.7989886e-03	   5.8218117e-06	   9.6335836e-04	   3.8581289e-05	  -2.2263680e-12	   2.2399183e+02	
   5.5075991e-04	  -1.9705988e-06	   2.0910132e-04	  -8.7243081e-06	  -1.7172668e-12	   2.2419502e+02	
  -9.9698780e-04	   1.5259987e-04	  -2.2053906e-03	   3.6166212e-04	  -1.8730365e-12	   2.2387529e+02	
  -2.8691815e-03	  -1.1417196e-04	  -2.5030540e-03	  -5.9078801e-05	  -2.5721008e-12	   2.2417089e+02	
  -1.7533242e-03	   1.9331457e-05	   5.7219702e-05	   9.6282372e-06	  -2.5948965e-12	   2.2394959e+02	
  -3.0623724e-04	  -2.0541931e-05	  -9.2153959e-04	   2.2190255e-05	  -2.7354692e-12	   2.2402969e+02	
  -6.0090335e-04	  -1.0644753e-05	   5.7156972e-04	   9.6293072e-06	  -1.2727531e-12	   2.2414872e+02	
  -2.4797013e-03	   2.9812857e-04	   5.8627561e-04	  -5.8556074e-05	  -1.8312447e-12	   2.2388464e+02	
  -2.9426967e-04	   1.3946077e-05	  -1.5427280e-04	   8.8265198e-05	  -4.2969662e-12	   2.2403288e+02	
   1.5886076e-03	  -6.5212924e-05	  -8.9260862e-04	   2.3324992e-05	  -1.4437198e-12	   2.2409803e+02	
  -9.3747651e-04	   1.4973150e-05	  -2.4367188e-03	   5.7789257e-05	   2.0326056e-12	   2.2308743e+02	
   6.0058086e-04	   7.7795955e-06	  -1.3038537e-03	  -2.9818959e-05	  -5.6609015e-13	   2.2400594e+02	
  -4.2994982e-05	  -3.6633148e-05	  -1.1472851e-04	  -5.3483359e-07	  -3.5143180e-12	   2.2425392e+02	
   1.5629937e-03	  -1.7393160e-04	  -1.6121514e-03	   1.5256404e-04	  -2.6936772e-12	   2.2390507e+02	
   3.2051872e-03	   1.3210059e-05	  -1.1931320e-03	  -2.5264173e-05	  -8.8902749e-13	   2.2402889e+02	
   1.0605288e-03	  -2.5028858e-05	  -2.2729174e-03	   4.0792318e-05	   2.2605614e-12	   2.2302230e+02	
   1.3077446e-03	  -4.4241977e-05	   7.0501268e-04	  -6.5081822e-05	  -2.9558264e-12	   2.2392525e+02	
   2.3626718e-03	  -4.2251766e-05	   1.0983061e-03	  -2.6377937e-05	   2.1921746e-12	   2.2304551e+02	
   4.5287105e-04	  -2.5037931e-05	  -2.0577715e-03	   6.8112287e-05	  -2.4353274e-12	   2.2395049e+02	
   1.9943889e-03	  -3.2681972e-05	  -4.1291323e-04	  -5.0882347e-06	  -3.2407711e-12	   2.2410815e+02	
  -1.1829771e-03	   4.2384486e-05	  -7.4018531e-04	   3.4919294e-05	  -1.6260845e-12	   2.2410566e+02	
  -9.0302666e-04	   4.2977073e-05	  -2.2004135e-03	   1.3071186e-04	  -3.0698043e-12	   2.2399486e+02	
  -1.6482253e-03	   6.6199871e-05	   6.2399693e-04	  -2.1323629e-05	  -1.4513184e-12	   2.2409920e+02	
  -1.6825016e-03	   2.0894147e-04	   1.9086734e-03	  -2.1600074e-04	  -1.8502410e-12	   2.2388732e+02	
   1.4244531e-03	   4.0763640e-06	   4.5274663e-04	  -6.8421871e-06	  -2.6860788e-12	   2.2417682e+02	
  -1.2030296e-03	  -1.0472004e-04	   4.4455778e-04	   7.1292317e-05	  -1.0333995e-12	   2.2406462e+02	
   2.1657767e-04	  -2.4883269e-07	   7.1976192e-04	  -1.0017555e-05	  -2.6100936e-12	   2.2422701e+02	
  -1.2822143e-03	  -5.8996919e-06	   2.5542438e-04	   1.7150842e-06	  -2.8456478e-12	   2.2418651e+02	
  -3.7870587e-04	   7.3113380e-06	   2.4123401e-03	   7.4955886e-05	  -1.5349022e-12	   2.2406269e+02	
  -7.6627677e-04	  -3.2354016e-05	  -4.1512024e-04	  -1.3011504e-05	   1.6602778e-12	   2.2323350e+02	
  -6.8793034e-04	  -9.5836855e-05	  -8.9202903e-04	  -7.9632391e-05	  -1.0941877e-12	   2.2407445e+02	
   1.7179036e-03	  -3.6901515e-05	  -9.2695097e-05	  -1.0797290e-05	  -2.5948965e-12	   2.2398836e+02	
   2.2501834e-03	   2.1809272e-05	  -1.8227416e-03	  -3.5097786e-05	   1.2233626e-12	   2.2336076e+02	
  -2.1090077e-03	   2.9527287e-04	   3.6152527e-04	  -3.3145869e-05	  -2.2681598e-12	   2.2389995e+02	
  -2.0406660e-03	   1.1580031e-05	  -1.1825920e-03	   1.7377871e-05	   1.8768358e-12	   2.2314240e+02	
  -2.0828597e-03	   2.9826862e-04	  -7.1127340e-04	   1.1554219e-04	  -2.1921746e-12	   2.2389691e+02	
   2.2303258e-04	   1.8494056e-06	   1.1111365e-05	  -1.0119056e-05	  -9.7261127e-13	   2.2409373e+02	
   1.1033450e-03	  -1.6997536e-04	  -1.9189731e-03	   2.5676895e-04	  -2.2225687e-12	   2.2389691e+02	
  -1.4194934e-03	   1.9465654e-04	   1.4828000e-03	  -1.6996775e-04	  -2.3821378e-12	   2.2390218e+02	
   3.2533913e-03	  -1.0136544e-04	   1.7635370e-03	  -7.3803731e-05	   1.6488800e-12	   2.2324362e+02	
  -4.0626316e-05	   1.9491521e-05	   1.3279364e-03	   1.2339553e-04	  -1.0713921e-12	   2.2406513e+02	
   2.3436208e-05	   2.3888800e-05	   1.4877668e-03	   1.0663993e-04	  -2.2111709e-12	   2.2408165e+02	
  -5.5848719e-04	   1.1719050e-05	   1.8772558e-03	  -1.6488302e-05	  -3.3509498e-12	   2.2410130e+02	
   2.4889687e-03	   3.0894035e-04	  -4.5713436e-04	  -7.1518964e-05	  -2.3137510e-12	   2.2437629e+02	
   5.8629426e-04	  -1.1617245e-05	  -2.3565064e-03	   2.3058639e-05	   1.8806351e-12	   2.2314088e+02	
  -1.1567234e-04	   3.0987306e-05	   6.5966263e-04	  -3.3715624e-05	  -2.3403459e-12	   2.2413148e+02	
   1.0878339e-04	   4.7523532e-05	  -1.1526463e-04	  -3.1583543e-05	  -3.4269350e-12	   2.2428298e+02	
   1.0911773e-04	   1.0567827e-06	  -3.4173083e-04	  -1.6497663e-05	   4.0272185e-13	   2.2384685e+02	
  -2.2397674e-03	   9.2697672e-05	  -1.4063449e-03	   6.6660050e-05	   2.6290898e-12	   2.2288948e+02	
  -7.8332772e-04	   5.0102760e-05	  -1.6964523e-03	   1.5944206e-04	  -2.6746810e-12	   2.2391251e+02	
   5.0799249e-04	   1.0115194e-04	   1.1874635e-03	   1.5987502e-04	  -3.8220583e-12	   2.2408136e+02	
   1.7308927e-03	   2.2268799e-05	  -2.6237760e-03	  -6.7215555e-05	  -8.5483412e-13	   2.2403228e+02	
  -2.3789316e-04	   3.7014217e-06	  -9.2603772e-05	  -4.5700738e-06	  -2.1313864e-12	   2.2423287e+02	
  -8.5950588e-04	   3.5280780e-05	   1.7110201e-03	  -4.2566972e-05	  -2.5265097e-12	   2.2397143e+02	
   4.6794700e-04	  -5.7520476e-05	  -9.9534376e-05	  -5.0907202e-05	  -4.0386164e-12	   2.2407335e+02	
   3.6815877e-04	   5.6420805e-06	   1.7874381e-03	  -2.5947855e-05	  -2.5872979e-12	   2.2395241e+02	
   2.3690409e-03	  -4.3108252e-05	   2.6955919e-03	  -7.1152939e-05	   1.5842925e-12	   2.2326115e+02	
  -5.2681183e-05	  -6.1636736e-06	  -1.1614812e-03	  -4.1774252e-05	  -1.5956904e-13	   2.2395758e+02	
  -1.7061230e-03	  -1.6700701e-08	   4.7187347e-04	   3.2569853e-06	  -3.1647858e-12	   2.2414071e+02	
   2.0293010e-03	  -1.2453152e-04	   1.3554323e-03	  -1.0054851e-04	  -2.1465834e-12	   2.2391803e+02	
  -1.7959334e-03	  -6.5518274e-05	   1.8425237e-03	   9.5396764e-05	  -8.3583781e-13	   2.2403212e+02	
   6.9643589e-04	  -5.7578778e-05	  -4.1533463e-04	  -2.5308991e-05	  -4.0234193e-12	   2.2401513e+02	
   7.4454623e-04	  -3.4496785e-05	  -1.8668282e-03	   5.4203512e-05	  -2.5075134e-12	   2.2397188e+02	
   8.2649800e-04	   1.9623878e-05	   1.8565853e-03	   1.4983345e-05	   1.5425007e-12	   2.2325822e+02	
  -9.0701153e-04	  -5.4278622e-05	  -2.4825509e-03	  -9.5916406e-05	  -8.8142896e-13	   2.2403601e+02	
  -2.9179329e-04	  -1.3528040e-05	  -6.0927637e-04	  -2.1080178e-05	   1.7552594e-12	   2.2320373e+02	
  -1.7710057e-03	   6.9966459e-05	  -2.1761423e-04	   1.1527465e-05	  -1.4475191e-12	   2.2410071e+02	
  -9.4509040e-04	   4.4182804e-08	   5.4261617e-04	   5.6254953e-07	  -3.0546073e-12	   2.2418637e+02	
  -3.3008737e-04	   3.6951132e-06	  -2.1261452e-03	   8.4866453e-05	  -2.4353274e-12	   2.2395856e+02	
  -7.1662729e-04	  -2.3499877e-06	  -7.6899305e-04	   2.6232983e-05	  -2.7392684e-12	   2.2402774e+02	
   1.2907227e-03	   2.3547138e-05	   9.1266982e-04	   1.3633082e-05	   2.0933938e-12	   2.2307770e+02	
  -1.6063823e-03	   5.7549499e-05	  -9.5742814e-04	   3.7866484e-05	  -1.3829316e-12	   2.2409954e+02	
   1.4432621e-03	  -1.3894743e-04	   2.6767214e-03	  -2.8447382e-04	   3.0812021e-12	   2.2271379e+02	
   1.9047060e-04	   1.8898097e-07	  -1.3465599e-03	  -3.5709545e-05	  -3.9892259e-13	   2.2398603e+02	
   8.5826831e-04	  -4.0765125e-06	  -3.4407163e-04	  -9.8917292e-06	  -2.3517437e-12	   2.2421797e+02	
  -2.1439041e-03	   3.2431759e-04	   6.0295850e-04	  -7.4268468e-05	  -2.1655798e-12	   2.2389599e+02	
  -1.9585466e-03	  -6.8253183e-05	  -1.6019888e-03	  -3.1846878e-05	  -1.4399206e-12	   2.2406161e+02	
   7.7811586e-04	  -3.0245982e-06	  -3.0807952e-03	  -6.1656440e-05	  -8.9662601e-13	   2.2403549e+02	
  -1.5170495e-03	  -4.5910609e-06	   5.8801271e-04	   3.6357034e-06	  -2.8912389e-12	   2.2416463e+02	
   2.7634119e-03	   6.6936678e-05	  -2.8858877e-05	  -1.9265852e-05	  -1.2423590e-12	   2.2405437e+02	
  -1.4896934e-04	  -8.2021619e-06	  -2.5693316e-04	  -5.1364007e-06	  -5.6609015e-13	   2.2405652e+02	
  -7.5576199e-04	  -1.3097023e-04	  -2.0098148e-03	  -2.8226062e-04	  -2.1123901e-12	   2.2439124e+02	
  -1.4034587e-03	  -1.2888183e-04	  -8.8404233e-05	   1.9439937e-05	  -9.9160753e-13	   2.2405948e+02	
   7.5625288e-04	   3.8609349e-05	  -3.1757347e-03	  -2.6573433e-04	  -3.1381910e-12	   2.2421195e+02	
  -1.5170282e-03	   6.1809078e-05	   7.8932024e-04	  -2.7900056e-05	  -1.4551177e-12	   2.2410187e+02	
   1.7004144e-03	  -7.4730160e-05	   6.1843849e-04	  -5.2575917e-05	  -3.2787638e-12	   2.2392492e+02	
   9.4680163e-04	   3.2017542e-05	  -5.0306209e-04	  -2.1336895e-05	  -1.1777715e-13	   2.2395503e+02	
  -4.8174878e-04	   1.2622040e-05	  -5.5133410e-04	   4.7245878e-05	  -4.2323787e-12	   2.2404363e+02	
  -2.7190582e-03	  -1.0426661e-04	  -5.9661668e-04	  -3.0588747e-06	  -8.3583781e-13	   2.2403394e+02	
   2.0011291e-03	   1.0426843e-06	  -9.5466264e-04	  -9.8454022e-06	   1.6868727e-12	   2.2321047e+02	
  -2.4504618e-03	  -1.0292763e-04	  -1.1956621e-03	  -2.9192274e-05	  -8.5483412e-13	   2.2403509e+02	
  -1.2643233e-03	   4.5974458e-05	   1.0472892e-03	  -3.5986548e-05	  -1.6070882e-12	   2.2413650e+02	
   8.0310846e-04	   2.6761952e-05	  -7.1025633e-04	  -2.9300602e-05	  -8.7383043e-14	   2.2395040e+02	
   6.6197892e-05	  -4.9003327e-05	  -1.2757316e-04	  -5.7442809e-05	  -3.8942443e-12	   2.2418733e+02	
   5.9074564e-04	  -3.5796446e-05	  -1.5602888e-03	   5.7564335e-05	  -1.5425007e-12	   2.2410774e+02	
  -8.1064051e-04	   7.7824103e-06	   1.3370376e-03	  -9.9558922e-06	  -2.2149702e-12	   2.2417320e+02	
  -9.1096883e-04	   1.7766826e-05	  -1.6825804e-03	   5.3832162e-05	  -2.5455060e-12	   2.2398276e+02	
   2.6143736e-04	   5.2290763e-06	  -1.0725011e-03	  -4.0640884e-05	  -1.3297420e-13	   2.2395719e+02	
  -2.6333879e-04	   1.3882159e-05	   1.5698605e-03	  -1.7332535e-05	  -2.7316700e-12	   2.2406069e+02	
  -1.6563586e-05	   3.7393176e-05	   6.1028823e-04	   7.8176501e-05	  -2.5872979e-12	   2.2408230e+02	
   1.2624935e-03	  -3.7719892e-05	   1.3659443e-03	  -4.9475257e-05	  -1.3639354e-12	   2.2409750e+02	
  -2.8155042e-03	   2.1646916e-04	  -6.9583550e-04	   6.2610012e-05	   3.0963992e-12	   2.2270782e+02	
  -3.5354098e-04	   4.0878669e-05	   6.2429361e-04	  -3.1516593e-05	  -1.4817125e-12	   2.2410999e+02	
  -2.3295009e-03	   1.7288894e-04	  -1.7189724e-03	   1.3742103e-04	   3.1343917e-12	   2.2269265e+02	
  -1.5236713e-04	  -1.0865732e-05	  -6.4543203e-04	  -2.9411571e-05	   2.7734618e-13	   2.2387887e+02	
  -2.0482479e-03	   4.9835733e-05	   5.8218576e-04	  -9.1702807e-06	   3.7802665e-12	   2.2240639e+02	
  -1.5708419e-03	   8.7946253e-05	  -1.8726755e-03	   1.1588727e-04	  -2.1959739e-12	   2.2392511e+02	
  -6.4016519e-04	  -1.6568320e-05	   7.7827424e-04	   2.1823760e-05	   2.1693791e-12	   2.2306469e+02	
  -2.0486995e-03	  -8.6068140e-05	  -1.0966672e-03	  -2.4036214e-05	  -1.5045081e-12	   2.2407075e+02	
  -2.0577803e-04	  -2.8436053e-06	   4.5163531e-04	   2.5888471e-07	  -9.8400910e-13	   2.2411408e+02	
   2.0191413e-04	   4.3838747e-06	  -8.3141454e-04	  -3.7091817e-05	   1.9756166e-13	   2.2389971e+02	
   5.2377286e-04	   2.9686272e-06	   7.9054594e-04	  -4.0106869e-05	  -3.9778282e-12	   2.2404609e+02	
   4.6246583e-04	   1.5654546e-05	  -6.0476933e-04	  -2.7527898e-05	   3.7232775e-13	   2.2386781e+02	
  -9.7804373e-05	  -5.6486141e-06	  -8.7781720e-04	  -2.3955945e-05	   2.1997732e-12	   2.2306005e+02	
   1.5743122e-03	  -5.8565951e-05	  -1.6068087e-04	  -6.9018890e-06	  -1.4665154e-12	   2.2410510e+02	
  -2.5814092e-05	  -1.3425875e-05	  -2.1987571e-04	   2.0528163e-05	  -3.0508080e-12	   2.2425375e+02	
   3.8082270e-04	   1.2865025e-05	  -2.8669711e-04	  -1.4102731e-05	   4.8630563e-13	   2.2383746e+02	
  -7.1971161e-04	  -1.4301945e-05	   4.0966615e-04	   7.6824117e-06	  -1.2423590e-12	   2.2414531e+02	
  -1.5032318e-03	  -5.1428454e-06	   2.3537919e-04	   1.1338642e-05	  -2.7202721e-12	   2.2395795e+02	
  -1.7187328e-03	   2.6932284e-05	  -1.1651261e-03	   2.5195531e-05	   2.7012759e-12	   2.2286324e+02	
   3.1341294e-04	  -1.4445154e-05	  -1.9281882e-03	   3.3243184e-05	  -2.5493054e-12	   2.2395820e+02	
  -4.3085550e-04	  -8.9400886e-06	   8.7235808e-04	   2.1654796e-05	   2.2947547e-12	   2.2302373e+02	
  -7.9227222e-04	   2.2772161e-05	  -1.1268203e-03	   4.9609156e-05	  -1.5956904e-12	   2.2410962e+02	
   2.6677385e-04	   1.3061830e-05	   2.1484957e-03	   1.1731103e-05	   1.6564786e-12	   2.2322323e+02	
   1.6599884e-05	   3.6948149e-06	   1.8085765e-03	  -6.2226373e-05	  -1.3639354e-12	   2.2410003e+02	
   6.9954182e-04	  -8.7792990e-06	  -1.7794349e-03	   1.1415382e-05	   2.5721008e-12	   2.2291351e+02	
   1.6435635e-03	  -6.1055704e-05	  -1.6876715e-04	  -5.7657965e-06	  -1.4513184e-12	   2.2410414e+02	
   9.4062845e-04	   7.2534537e-06	   1.4109037e-03	  -4.2592433e-07	  -3.3091579e-12	   2.2412887e+02	
  -3.4412173e-04	   6.1006487e-06	  -1.8611666e-03	   7.0741804e-05	  -1.4057272e-12	   2.2410382e+02	
   1.1694334e-03	  -1.4231302e-05	   1.0928200e-03	  -3.8531344e-05	  -3.5713070e-12	   2.2403410e+02	
   1.7047723e-03	   9.4176670e-05	  -5.5647612e-04	  -5.3284323e-05	  -1.8540402e-12	   2.2408523e+02	
   8.3015213e-04	  -1.4904904e-05	   2.5976117e-03	  -8.0248432e-05	   2.1047916e-12	   2.2307236e+02	
  -9.6570445e-06	   1.8631102e-05	   1.9747410e-03	   9.9534289e-05	  -1.7020697e-12	   2.2407819e+02	
   2.7035730e-03	   3.0837972e-04	   2.6846209e-04	   1.5281593e-05	  -3.3737453e-12	   2.2425126e+02	
  -1.8462978e-04	  -5.9427188e-05	  -1.5931035e-03	  -1.6602216e-04	  -3.4231357e-12	   2.2405936e+02	
   1.0969691e-03	  -1.3317207e-05	  -1.3961278e-03	   9.0945807e-06	   2.7392684e-12	   2.2284841e+02	
  -7.2668811e-04	   2.8110767e-05	  -1.5456867e-03	   1.2155496e-04	  -2.8494471e-12	   2.2391339e+02	
  -3.0462683e-03	   1.8927154e-04	  -2.2819918e-03	   1.6366676e-04	   1.7590587e-12	   2.2322409e+02	
   4.3391688e-04	   1.4836814e-05	  -4.1492157e-04	  -1.9605003e-05	   4.4451374e-13	   2.2385028e+02	
   3.6590385e-04	  -3.2286746e-05	  -1.2469792e-03	   4.2032770e-05	  -1.5614970e-12	   2.2410954e+02	
  -2.2123958e-03	   6.8465859e-05	  -3.4883432e-04	   1.7149942e-05	   2.8988375e-12	   2.2278617e+02	
   6.1853899e-04	   1.0387644e-05	  -2.3841515e-03	  -1.1423090e-04	  -9.8020979e-13	   2.2404852e+02	
  -7.2322288e-05	  -3.0636530e-06	   1.7583484e-04	  -2.1715057e-06	  -4.6730932e-13	   2.2406776e+02	
   1.7961525e-03	  -2.4725317e-04	  -1.2900687e-03	   1.5178134e-04	  -2.3175503e-12	   2.2390167e+02	
  -1.8886561e-03	   1.5922962e-04	  -2.3610231e-03	   2.1172780e-04	   3.4573291e-12	   2.2255435e+02	
   2.0102601e-03	  -1.0750487e-04	   1.3620171e-03	  -8.9446560e-05	  -2.2339665e-12	   2.2392854e+02	
  -1.9879447e-03	   8.0955884e-05	  -1.3443833e-03	   6.2308576e-05	   3.0850014e-12	   2.2271128e+02	
  -1.7950925e-03	   2.2604800e-04	   1.8121474e-03	  -2.0878768e-04	  -1.9186276e-12	   2.2389732e+02	
   2.2530018e-03	  -1.0787329e-04	   1.2241498e-03	  -6.7760160e-05	   3.0698043e-12	   2.2271776e+02	
   1.4159751e-03	  -2.1154518e-05	  -1.2939757e-03	   5.4912347e-06	  -2.6784802e-12	   2.2416290e+02	
   4.6494535e-04	  -1.5721060e-05	   2.8816589e-03	  -1.7124586e-04	   2.3441451e-12	   2.2299037e+02	
   3.4639037e-04	   1.0770532e-05	  -4.7308039e-04	  -2.1652266e-05	   4.9010490e-13	   2.2384155e+02	
   2.7200722e-04	   7.6939911e-06	  -6.4118736e-04	  -2.8972809e-05	   3.0014176e-13	   2.2387906e+02	
  -1.0213273e-03	  -1.2272338e-04	  -1.3057084e-03	  -8.1724884e-05	  -3.3547491e-12	   2.2398725e+02	
   2.1695727e-03	   1.2120231e-04	  -1.9818777e-04	  -2.9343919e-05	  -9.4981569e-13	   2.2404605e+02	
  -5.4911872e-04	  -9.0099566e-05	   1.6736602e-04	   1.0804703e-04	  -4.0424156e-12	   2.2407259e+02	
  -1.2857654e-03	  -1.1838698e-04	   2.1898890e-04	   5.0156159e-05	  -1.0561950e-12	   2.2406993e+02	
  -1.0143029e-04	   3.2701569e-05	   5.5976703e-05	   9.4137762e-05	  -3.9816274e-12	   2.2414948e+02	
  -1.1232544e-04	  -9.1023461e-06	  -5.3073943e-04	  -2.3682358e-05	   4.9390416e-13	   2.2384067e+02	
   2.7595081e-04	  -4.2612818e-06	   4.0458932e-04	  -1.2697885e-05	  -1.8996314e-12	   2.2421394e+02	
   1.0292653e-03	   6.1208613e-06	   2.8045017e-04	  -7.6318149e-06	  -1.6754748e-12	   2.2416504e+02	
  -1.8764123e-03	   2.9664632e-05	  -9.1508866e-04	   2.0283505e-05	  -3.0888006e-12	   2.2412484e+02	
  -1.1695052e-03	  -2.4702631e-05	   9.7172528e-05	   1.3576020e-05	   2.0667989e-12	   2.2311861e+02	
  -1.4377068e-03	  -1.2962006e-04	  -8.2074094e-05	   1.9479531e-05	  -1.0220016e-12	   2.2406406e+02	
   1.4531775e-03	  -4.4847737e-05	   1.0397458e-03	  -4.0682641e-05	  -1.3639354e-12	   2.2410198e+02	
  -2.2085325e-03	  -2.2949384e-04	  -6.5421048e-05	   2.7162486e-05	  -3.5865040e-12	   2.2410922e+02	
  -2.0131276e-03	  -2.0745532e-04	  -7.3854362e-05	   2.9799412e-05	  -3.5903033e-12	   2.2407735e+02	
   1.4673424e-03	  -6.9294673e-06	  -8.2935862e-04	  -7.5574446e-06	  -2.1275871e-12	   2.2413795e+02	
  -2.1514976e-03	  -6.9445247e-05	   1.0691516e-03	   5.7902118e-05	  -1.3525375e-12	   2.2406658e+02	
  -4.5750824e-04	  -6.3886431e-06	   2.5395591e-04	   5.8393408e-06	  -1.0485965e-12	   2.2411351e+02	
  -1.5289771e-03	   4.8093476e-05	  -1.3985341e-03	   5.5860349e-05	  -2.4885172e-12	   2.2397460e+02	
   2.9236593e-04	   5.2089505e-07	   2.2241408e-03	  -5.6249581e-05	  -3.0660051e-12	   2.2410102e+02	
  -1.4552557e-03	  -8.9195332e-05	   6.0025975e-04	   6.5587941e-05	  -1.9794158e-12	   2.2409120e+02	
   1.4510359e-04	  -1.4027882e-07	   8.1761040e-04	   4.6872028e-06	  -1.4323220e-12	   2.2414404e+02	
  -5.4812001e-04	  -1.2336738e-04	   1.3864262e-04	   5.0244740e-05	  -1.7400623e-12	   2.2440367e+02	
  -1.4358668e-03	   1.9199631e-05	  -4.3871057e-04	   1.5720956e-05	  -2.6290898e-12	   2.2409116e+02	
   3.4802529e-04	   5.9083348e-05	  -4.1849565e-05	  -6.9624115e-05	  -1.3031472e-12	   2.2409954e+02	
   6.5501998e-04	  -1.8377419e-06	  -2.0302035e-03	  -1.1919208e-04	  -3.0014176e-12	   2.2395476e+02	
   2.2981265e-03	  -4.4130623e-06	   5.1521953e-04	  -1.0338217e-05	   1.8084491e-12	   2.2317769e+02	
  -1.5956689e-03	  -1.6668864e-05	  -6.2919066e-04	  -4.3148632e-06	  -5.8508647e-13	   2.2402361e+02	
  -8.2710726e-04	   1.4817332e-05	   2.2545138e-03	  -8.4058313e-06	   1.8502410e-12	   2.2316097e+02	
   3.7477537e-06	  -4.4232732e-06	  -9.9233017e-04	  -4.2616521e-05	   1.4057272e-13	   2.2391723e+02	
  -3.0819259e-03	   1.6551250e-04	  -2.2326995e-03	   1.4076824e-04	   1.7438617e-12	   2.2322941e+02	
  -2.7631260e-04	  -7.6502693e-05	  -2.7457714e-04	   3.7553811e-05	  -1.3373405e-12	   2.2410435e+02	
  -1.1101266e-03	  -1.9739991e-04	  -6.0564988e-04	  -6.3543357e-05	  -3.8980436e-12	   2.2413864e+02	
  -3.9233543e-03	  -1.3131432e-04	  -1.6566108e-03	  -2.0465259e-05	  -2.6594839e-12	   2.2425424e+02	
   1.3221193e-03	   2.0906142e-05	  -7.7753708e-04	  -1.8764846e-05	  -3.9132406e-13	   2.2399838e+02	
  -5.6680208e-04	  -6.5194312e-05	  -1.2976598e-03	  -9.3695988e-05	  -2.1085909e-12	   2.2409586e+02	
   6.6921430e-04	   7.5401282e-06	  -7.3240519e-04	  -1.2587251e-05	   2.6442869e-12	   2.2290189e+02	
  -1.9359919e-03	   2.9846565e-04	  -1.4415928e-03	   2.3352877e-04	  -2.0060107e-12	   2.2389002e+02	
   6.0536506e-04	   1.1601612e-04	   1.6199725e-03	   2.8888078e-04	   3.1495888e-12	   2.2327902e+02	
  -1.6757802e-03	   5.7056051e-05	  -7.2133869e-04	   2.7486077e-05	  -1.3297420e-12	   2.2410339e+02	
  -1.2443261e-03	   1.8439101e-05	  -1.2949402e-03	   2.4992354e-05	   3.0394102e-12	   2.2272921e+02	
   3.6679956e-04	  -7.9033374e-06	  -5.6273176e-05	  -5.8556503e-05	  -2.7392684e-12	   2.2407055e+02	
  -8.0622127e-04	  -1.0992774e-05	  -5.5072159e-04	  -5.1065692e-06	   2.7430677e-12	   2.2286162e+02	
   2.9941043e-04	  -5.7125817e-05	  -2.2573951e-03	   3.1647383e-04	  -2.2339665e-12	   2.2389599e+02	
  -1.6625358e-03	  -2.2360772e-05	  -9.7413577e-04	  -2.3002333e-06	   1.6222852e-12	   2.2323688e+02	
  -2.2349745e-03	  -7.9966878e-05	   1.2494722e-03	   6.7842742e-05	  -1.0106039e-12	   2.2404940e+02	
   3.8025247e-04	  -6.6505230e-06	  -1.4444455e-03	   9.0767037e-06	   2.9824212e-12	   2.2275396e+02	
   1.5406589e-03	   9.6995718e-05	   1.4891388e-03	   7.1089740e-05	  -1.0409980e-12	   2.2405396e+02	
   3.2748402e-04	   8.2329185e-06	   5.6978605e-04	   1.1865211e-06	  -1.4627161e-12	   2.2412856e+02	
  -1.1404831e-03	   4.8542431e-05	   3.9198737e-04	  -9.6519127e-06	  -1.4969095e-12	   2.2410917e+02	
  -1.6535867e-03	  -2.8084807e-04	  -3.6219724e-04	  -3.1862790e-05	  -3.2635668e-12	   2.2431124e+02	
   8.6535911e-04	  -2.6202361e-05	   1.3872064e-03	  -5.4864573e-05	  -1.4589169e-12	   2.2410836e+02	
  -9.3150084e-04	   3.6893605e-05	  -5.3587649e-04	   3.2351909e-05	  -1.5576977e-12	   2.2411418e+02	
  -6.2023310e-04	   2.8307924e-05	   2.1664648e-03	  -8.0453367e-05	   3.2977601e-12	   2.2262183e+02	
   1.4975287e-03	  -5.1656309e-05	   3.9346937e-04	  -2.4940233e-05	  -1.4627161e-12	   2.2410909e+02	
   2.0374200e-03	  -1.0225256e-04	   1.6544727e-03	  -9.2913641e-05	   3.4915225e-12	   2.2254026e+02	
  -1.1973598e-03	   4.7091012e-05	  -2.8412290e-04	   1.7749363e-05	  -1.5311029e-12	   2.2411085e+02	
  -4.2588578e-04	   8.0819852e-06	   1.6883196e-04	  -9.4643058e-06	  -2.1997732e-12	   2.2423496e+02	
   1.5602887e-03	  -5.7360223e-05	  -1.3952848e-04	  -7.5628297e-06	  -1.4513184e-12	   2.2410919e+02	
   1.6645010e-03	  -4.2274745e-06	  -7.1380519e-04	  -5.4046316e-06	  -7.7125034e-13	   2.2404973e+02	
  -1.4527499e-03	   5.4774538e-06	   9.2419408e-04	  -1.0924593e-06	  -2.7240714e-12	   2.2416856e+02	
   1.8747813e-03	   9.3465787e-05	  -5.9046213e-04	  -5.0669413e-05	  -1.6032889e-12	   2.2408075e+02	
   2.0799482e-03	  -9.8028628e-05	   1.6478536e-03	  -8.7190467e-05	   3.6510915e-12	   2.2246997e+02	
  -1.1310886e-03	   4.1431882e-05	  -6.5040205e-04	   3.1867504e-05	  -1.5614970e-12	   2.2411216e+02	
  -4.3292267e-04	   2.2176771e-05	  -2.8669045e-03	   1.8980802e-04	   3.6814856e-12	   2.2245570e+02	
   3.5585953e-04	   4.8772071e-05	   1.3389302e-03	   1.0148135e-04	  -1.9718174e-12	   2.2409920e+02	
  -6.7080086e-04	   3.7756090e-05	  -2.9361806e-03	   1.9539261e-04	   3.8182590e-12	   2.2239186e+02	
   1.7506328e-04	   2.7670930e-06	  -9.3004063e-04	  -4.0359057e-05	   1.7856535e-13	   2.2391173e+02	
  -8.7633399e-04	  -1.3868566e-05	  -3.4212928e-04	  -2.8234570e-06	   4.1146016e-12	   2.2226425e+02	
  -6.4908696e-04	   2.9252531e-05	   1.9764944e-03	  -5.3797481e-05	  -2.5037142e-12	   2.2396519e+02	
   3.1647554e-04	   3.2055351e-05	  -3.0110367e-04	  -1.2491552e-04	  -4.2893676e-12	   2.2403439e+02	
  -2.0350270e-03	  -8.3542204e-05	   8.8986248e-04	   5.9977661e-05	  -1.3525375e-12	   2.2407265e+02	
   3.6982580e-04	   3.8795941e-07	   1.8762513e-03	  -5.1252104e-05	  -2.5872979e-12	   2.2398672e+02	
  -9.8679602e-05	  -3.5737292e-06	   1.9753393e-04	  -2.4971316e-06	  -4.8630563e-13	   2.2406269e+02	
  -2.9893012e-04	   2.7375297e-05	   9.1057688e-04	  -4.1644868e-05	  -1.5121066e-12	   2.2411353e+02	
   1.4182765e-03	  -3.0986034e-05	   1.6433704e-04	  -3.0246014e-05	  -3.5979019e-12	   2.2402674e+02	
  -4.3046182e-04	  -9.0844507e-05	  -1.2627039e-04	   7.9172332e-05	  -4.0158207e-12	   2.2406189e+02	
  -1.9222760e-04	   1.4611672e-05	   1.3847037e-03	  -5.2865806e-05	  -1.5121066e-12	   2.2411153e+02	
  -1.6584888e-03	  -9.7815240e-06	   3.9260916e-04	   1.0889124e-05	  -2.7316700e-12	   2.2401656e+02	
   1.7180454e-03	   1.2731154e-04	  -5.1145994e-05	  -2.3032399e-05	  -1.0523957e-12	   2.2406337e+02	
  -2.4070282e-03	  -2.2927268e-04	  -9.0958931e-04	  -5.2898711e-05	  -3.3547491e-12	   2.2412909e+02	
   2.9410821e-04	  -7.8564256e-06	   3.6169737e-04	  -2.9357642e-05	  -3.4687269e-12	   2.2418981e+02	
   1.4525621e-03	  -5.8961543e-07	  -4.8549224e-04	  -1.2111437e-05	  -3.2255740e-12	   2.2415009e+02	
   1.0224756e-03	  -4.9751882e-05	  -8.9061365e-04	   1.9220952e-05	  -1.5083073e-12	   2.2411124e+02	
   2.1565622e-03	  -3.7077051e-05	   2.4239186e-05	  -8.1730388e-06	  -2.6404877e-12	   2.2402098e+02	
   8.6313011e-05	  -1.4938592e-05	  -1.5532907e-03	  -1.1398557e-04	  -1.8882335e-12	   2.2409883e+02	
   5.8264135e-04	   1.3610573e-05	   6.0999801e-05	  -7.6160934e-06	  -2.1275871e-12	   2.2412093e+02	
  -1.2700782e-03	  -3.8440780e-05	  -3.7838269e-04	   1.6877370e-06	   1.2765523e-12	   2.2335058e+02	
  -9.2659009e-04	   5.6654447e-05	  -2.3454553e-03	   1.6171845e-04	  -2.1921746e-12	   2.2392558e+02	
   1.6350918e-03	  -2.8264716e-05	   1.3972417e-03	  -3.3278775e-05	  -2.6252906e-12	   2.2400455e+02	
   2.2191179e-03	   9.7925454e-05	  -7.1180053e-04	  -5.1088126e-05	  -1.1321803e-12	   2.2406118e+02	
   4.0799233e-04	  -3.0400683e-05	  -1.1526914e-03	   2.5565576e-05	  -2.3213496e-12	   2.2412754e+02	
  -1.2319554e-04	  -7.7525468e-06	  -2.9513642e-04	  -1.1940534e-05	  -6.0408278e-13	   2.2408071e+02	
   5.6643336e-04	  -1.7466178e-05	   3.7492942e-04	  -4.2055439e-05	  -2.3935355e-12	   2.2412889e+02	
  -1.2951415e-03	   5.2081683e-05	   6.1132557e-04	  -1.9361807e-05	  -1.4855118e-12	   2.2411241e+02	
  -1.5138124e-03	   1.9582053e-04	  -1.5979173e-03	   2.2409987e-04	  -2.3327473e-12	   2.2389713e+02	
  -7.7592736e-04	   1.7527416e-05	   6.2550559e-04	  -5.0660767e-06	  -3.7498724e-12	   2.2411042e+02	
  -1.3864573e-04	   4.8710622e-05	   2.7173834e-04	   4.4100088e-05	  -2.6328890e-12	   2.2408834e+02	
  -2.1171890e-03	   3.3046790e-04	  -1.2605959e-03	   2.0714027e-04	  -1.9718174e-12	   2.2388950e+02	
   8.0340850e-04	   8.2047824e-06	  -1.4770747e-03	  -3.2509194e-05	   1.3943295e-12	   2.2331113e+02	
   1.1309672e-03	  -1.7211424e-05	   1.0542673e-04	  -2.3168024e-05	  -3.7802665e-12	   2.2408529e+02	
   5.0490635e-04	   8.2229839e-05	  -1.3894018e-03	  -2.6686309e-04	  -3.8372554e-13	   2.2427674e+02	
   4.8143333e-04	   8.3515799e-05	   6.9435976e-04	   7.6093198e-05	  -1.2499574e-12	   2.2409367e+02	
  -2.4775797e-04	  -5.1043309e-05	  -1.0269906e-03	  -9.9333776e-05	  -2.2035724e-12	   2.2410960e+02	
  -1.5435049e-04	   4.9270836e-06	  -3.7757291e-03	   3.2814164e-04	   4.3121633e-12	   2.2215511e+02	
  -4.7288653e-05	  -1.6341064e-05	  -1.2050753e-03	   4.9783611e-05	  -1.5994896e-12	   2.2411727e+02	
   5.0127050e-04	  -4.7694924e-06	   1.5936606e-03	  -2.2560715e-05	  -2.1199886e-12	   2.2413852e+02	
   2.4976389e-03	  -1.5709501e-04	   1.0611120e-03	  -8.0270100e-05	   3.0622058e-12	   2.2274627e+02	
  -6.4416242e-04	  -3.0503354e-05	  -2.2788719e-03	  -5.7070680e-05	   1.1359796e-12	   2.2339475e+02	
   2.4059183e-05	   2.5013554e-05	   5.2137416e-04	   1.5174659e-04	  -3.6890842e-12	   2.2426518e+02	
  -2.1274618e-04	   2.1154761e-05	   1.1538074e-03	  -1.1796898e-05	  -2.7620641e-12	   2.2403218e+02	
   3.0443798e-03	  -3.3205888e-04	  -1.8809776e-04	   4.9222882e-06	   2.6974766e-12	   2.2287005e+02	
   1.8944277e-03	  -4.5633475e-05	   3.5986319e-04	  -1.9752919e-05	  -2.6062943e-12	   2.2399398e+02	
  -2.3375597e-03	   1.2116348e-04	  -1.9719565e-03	   1.1173313e-04	   4.0462148e-12	   2.2228828e+02	
  -1.1197186e-03	  -7.2291179e-05	  -1.9329218e-03	  -8.7837649e-05	  -1.1701729e-12	   2.2406502e+02	
  -4.1124443e-03	  -1.6873457e-05	   1.7391731e-03	   4.9786547e-05	  -2.4201303e-12	   2.2435819e+02	
  -1.1190475e-03	  -3.8633600e-05	   5.0826929e-04	   1.6914240e-05	  -1.2537567e-13	   2.2395496e+02	
  -2.8371130e-03	   1.6748453e-04	  -5.6159351e-04	   4.4390581e-05	   2.4429260e-12	   2.2296217e+02	
  -9.2279730e-05	   2.2829842e-06	   9.2941798e-04	  -4.5005211e-08	  -3.1723845e-12	   2.2418465e+02	
  -1.1439028e-03	   7.5491936e-06	  -1.3290083e-03	   2.4216342e-05	  -3.7118797e-12	   2.2405177e+02	
   5.7466140e-04	  -4.9809038e-05	  -4.9736926e-05	  -4.2459477e-05	  -4.1905869e-12	   2.2405097e+02	
  -1.4553201e-03	   2.9370485e-05	   1.2778327e-03	  -1.1313216e-05	  -2.5796995e-12	   2.2396586e+02	
  -2.2057620e-04	   5.3298794e-05	   2.8093856e-04	   9.4067527e-05	  -3.8866459e-12	   2.2403044e+02	
  -1.2029784e-04	  -8.7274020e-05	  -3.2718363e-04	  -3.2462024e-06	  -1.3449390e-12	   2.2410772e+02	
   1.7500864e-03	  -5.4710836e-05	   7.2682917e-04	  -4.0906231e-05	  -3.3205557e-12	   2.2402989e+02	
   1.6980079e-03	   2.4644428e-05	  -7.5801827e-04	  -2.1742821e-05	   1.4779132e-12	   2.2328845e+02	
  -2.0403959e-03	   7.5480020e-05	   5.8648668e-04	  -1.0616082e-05	  -2.4847178e-12	   2.2397547e+02	
  -1.3192355e-03	   4.3189455e-05	   1.1743152e-03	  -3.5445621e-05	  -1.2917493e-12	   2.2410486e+02	
  -2.5268822e-04	  -1.7370685e-05	  -5.8620401e-04	   5.4625707e-05	  -1.5614970e-12	   2.2412558e+02	
  -1.6709518e-03	   3.9821578e-05	   7.5197615e-04	  -1.6282773e-05	  -1.1625744e-12	   2.2409513e+02	
   4.6169354e-04	  -2.3611027e-05	  -3.2698740e-04	  -6.0453033e-06	  -3.4041394e-12	   2.2419819e+02	
   2.1632153e-03	  -3.6239199e-05	  -2.6924832e-03	   2.3392180e-05	   1.5197051e-12	   2.2329250e+02	
   2.0403438e-04	  -5.3332067e-07	   4.6735540e-04	  -9.1904224e-06	  -3.0356110e-12	   2.2420907e+02	
   1.1212941e-03	  -2.0744041e-05	   1.6719859e-04	  -2.7838222e-05	  -3.9436347e-12	   2.2404427e+02	
   1.4336945e-03	  -4.6652575e-05	  -1.3458505e-03	   2.5867739e-05	  -2.6024949e-12	   2.2399611e+02	
  -1.1834892e-03	   2.1787515e-05	  -2.4499307e-04	   1.7161932e-05	  -3.9702295e-12	   2.2403376e+02	
   6.4712139e-04	  -1.7531136e-05	   1.1070007e-03	  -4.9360159e-05	  -1.5500992e-12	   2.2411404e+02	
   7.5531658e-05	  -1.4955511e-05	  -2.0089587e-03	  -1.1413908e-04	  -1.3297420e-12	   2.2407772e+02	
  -5.2974896e-04	   8.0123106e-06	   1.5803558e-03	  -1.6998214e-05	   3.6472923e-12	   2.2246797e+02	
  -5.6201735e-04	   2.8315955e-05	   1.1969035e-03	  -4.4102955e-05	  -1.5121066e-12	   2.2411490e+02	
  -2.9944016e-03	   3.6703008e-04	   3.8246311e-04	  -3.3438683e-05	   2.8418485e-12	   2.2281666e+02	
  -1.3385150e-03	  -7.9669153e-05	   8.9322276e-04	   8.3367220e-05	  -1.6374823e-12	   2.2409576e+02	
  -1.3902253e-03	   5.1446837e-05	  -2.6143287e-03	   1.1016639e-04	   4.1297987e-12	   2.2224632e+02	
   7.5287851e-04	  -3.9882358e-05	  -2.6238339e-04	  -1.6972325e-05	  -2.3973349e-12	   2.2412772e+02	
  -3.7028442e-03	  -2.1266590e-04	   4.1458539e-04	   5.4323067e-05	  -2.9558264e-12	   2.2419817e+02	
  -8.5534935e-04	   2.4848863e-05	   2.0253845e-03	  -3.5520891e-05	  -2.6100936e-12	   2.2396502e+02	
   3.9783635e-03	   1.7269720e-04	   7.7959813e-04	   1.0347557e-05	  -2.7126736e-12	   2.2423363e+02	
   1.0284721e-03	  -5.1050706e-05	  -7.1815230e-04	   1.1937477e-05	  -1.5273036e-12	   2.2411555e+02	
  -2.0377956e-03	  -1.1430736e-04	   3.5979112e-05	   2.3857692e-05	  -1.2347603e-12	   2.2407003e+02	
   2.3824761e-03	  -1.3387041e-04	  -2.4965523e-03	   1.3009913e-04	   4.2969662e-12	   2.2216807e+02	
   1.1625986e-03	  -2.6618429e-05	  -9.2902586e-04	  -1.3476545e-06	  -2.7278707e-12	   2.2402535e+02	
   3.0492075e-03	  -1.4137587e-04	   1.0328098e-03	  -5.5586952e-05	   4.2247802e-12	   2.2220020e+02	
  -7.0046385e-04	  -2.3933988e-06	  -1.2557476e-03	   2.5471263e-05	  -2.7430677e-12	   2.2402596e+02	
  -6.0748090e-05	  -2.8045734e-05	  -1.1314948e-03	   3.2914347e-05	  -4.0234193e-12	   2.2401410e+02	
   1.1533018e-03	   3.5198038e-05	  -1.3253406e-04	  -7.3733693e-06	  -1.3677346e-13	   2.2396366e+02	
   6.4040428e-04	   1.3422690e-04	  -9.5749588e-05	  -1.4652327e-05	   3.8182590e-12	   2.2298641e+02	
   9.0798447e-04	  -4.7946946e-05	  -9.6617714e-04	   2.3887853e-05	  -1.5463000e-12	   2.2411754e+02	
  -1.2885305e-03	   1.5292166e-06	   3.4873664e-04	   2.9928755e-06	  -3.4041394e-12	   2.2413977e+02	
  -7.3679363e-04	  -7.6443277e-05	   1.4258921e-04	   6.1446586e-05	  -2.2681598e-12	   2.2411269e+02	
  -1.0541210e-05	  -5.9591269e-06	  -3.4518040e-03	   1.6826061e-04	   4.3539551e-12	   2.2213957e+02	
  -1.8756188e-03	   4.4553631e-05	  -7.0006559e-05	   1.2238269e-05	  -2.6214913e-12	   2.2400519e+02	
  -2.2299701e-03	   1.6295484e-05	   7.3118478e-04	   6.3827390e-06	   1.9528211e-12	   2.2313502e+02	
   8.9784133e-04	  -1.6890876e-05	   1.2419704e-03	  -8.2937037e-05	  -3.0432094e-12	   2.2390488e+02	
  -3.2758826e-04	  -5.1564860e-06	   4.3842535e-04	   8.8001867e-05	  -2.3859370e-12	   2.2410979e+02	
  -7.7285906e-04	  -8.2231266e-06	  -5.2023690e-04	  -1.9703423e-06	   3.5105188e-12	   2.2254652e+02	
   7.7072831e-04	   1.0970195e-04	   4.4615235e-04	   3.6065419e-05	  -1.2461582e-12	   2.2409453e+02	
   2.4439762e-04	  -6.8101647e-05	  -2.9031227e-04	  -2.0596614e-05	  -2.0516019e-12	   2.2414040e+02	
  -1.8254421e-03	   4.0188446e-05	  -1.4654788e-04	   1.3917850e-05	  -2.6404877e-12	   2.2400795e+02	
   2.2262880e-03	  -4.5138888e-05	  -2.9959728e-05	  -4.8798559e-06	   3.9208392e-12	   2.2234435e+02	
   3.9922016e-04	   3.4272427e-05	  -1.1805807e-04	  -7.0462851e-05	  -2.5151119e-12	   2.2410257e+02	
   1.9233953e-03	   2.6534895e-04	  -1.4481054e-03	  -2.1913555e-04	  -6.8766656e-13	   2.2431118e+02	
  -7.5391380e-04	  -1.7353003e-04	  -7.3774889e-04	  -1.2725695e-04	  -3.6624893e-12	   2.2426114e+02	
  -7.1130325e-05	  -6.3343876e-06	  -4.4645999e-04	  -1.0851349e-05	  -8.7003117e-13	   2.2412208e+02	
  -9.7202254e-04	   2.3255746e-05	   4.2344376e-05	   7.1878171e-06	  -3.7992628e-12	   2.2410243e+02	
   4.3819717e-04	   7.5188851e-05	  -7.4191357e-05	  -6.1711751e-05	  -1.3107456e-12	   2.2410324e+02	
   3.8606299e-05	  -2.6407786e-05	  -9.9185921e-04	   4.4611122e-05	  -1.5994896e-12	   2.2412363e+02	
   3.9435419e-04	   2.9845388e-06	   7.5656138e-04	  -2.9063387e-05	  -4.0462148e-12	   2.2407441e+02	
   8.0277818e-04	  -5.1898849e-05	  -5.6538340e-04	   5.4231003e-06	  -1.5159059e-12	   2.2412128e+02	
  -1.3031977e-03	   2.6519501e-05	   1.2074760e-03	  -1.1070221e-05	  -2.6974766e-12	   2.2406554e+02	
  -2.1375976e-04	  -4.7198846e-05	  -2.4502609e-03	  -2.0562405e-04	  -3.4421321e-12	   2.2408112e+02	
   2.0062796e-03	  -2.4422277e-04	   8.8729143e-04	  -1.3048494e-04	  -2.4163311e-12	   2.2389723e+02	
  -1.0005643e-04	   2.9534847e-05	   4.8536133e-04	   8.1923648e-05	  -2.3517437e-12	   2.2411263e+02	
  -3.2151704e-04	   1.0826870e-05	   9.5460272e-05	   6.5312357e-05	  -2.5455060e-12	   2.2410208e+02	
   1.5014476e-03	  -2.7947561e-05	  -6.2817674e-04	  -4.5897070e-06	  -2.7088743e-12	   2.2402351e+02	
   4.7355963e-04	   5.1419847e-05	   1.6084008e-03	   1.0906235e-04	  -1.3601361e-12	   2.2408617e+02	
  -1.5516305e-04	  -1.0546256e-06	  -2.9196341e-04	   1.1364739e-06	  -1.6260845e-12	   2.2421290e+02	
   6.3096622e-04	  -4.2286713e-05	   1.5130190e-04	  -3.9838651e-05	  -1.5083073e-12	   2.2412212e+02	
  -1.4354761e-03	   6.5114705e-05	   3.3414661e-03	  -1.1758538e-04	   1.7286646e-12	   2.2323371e+02	
   5.9339544e-04	  -1.0315853e-04	  -2.4132578e-03	   3.6592808e-04	  -2.0288063e-12	   2.2388967e+02	
  -7.9735172e-04	  -9.8021126e-05	  -1.4776681e-03	  -8.5526674e-05	  -3.2559681e-12	   2.2394548e+02	
  -1.2356993e-03	   4.7169913e-05	  -4.8513588e-04	   2.4637011e-05	  -1.5766941e-12	   2.2411950e+02	
   6.2214741e-05	   1.3520145e-05	   1.9181879e-03	   3.3630653e-05	   1.5387014e-12	   2.2327499e+02	
   3.0183752e-04	   2.7838127e-06	   1.5523240e-03	   1.5553481e-05	  -6.1927983e-13	   2.2403140e+02	
   1.9340365e-04	  -1.2329030e-05	  -4.9991321e-04	  -8.9717007e-05	  -2.3479444e-12	   2.2411333e+02	
  -5.3069964e-05	   4.3373936e-06	   1.9298987e-04	  -2.5002192e-05	  -2.9862205e-12	   2.2423443e+02	
   4.8163401e-04	   3.4490534e-05	  -5.7296284e-04	  -9.5736006e-05	  -2.1883754e-12	   2.2411680e+02	
  -1.1962267e-04	  -3.5523263e-05	  -2.9704909e-03	  -1.5821328e-04	  -2.8418485e-12	   2.2409108e+02	
  -9.2539800e-04	  -2.5690859e-05	   9.1273345e-04	   2.3400072e-05	  -2.8874397e-13	   2.2398674e+02	
   9.0720298e-04	  -6.1616800e-06	  -1.8712447e-04	  -1.0828359e-05	  -2.6974766e-12	   2.2422016e+02	
   5.9419020e-04	  -7.4394958e-07	  -1.2766667e-03	  -1.7963316e-05	  -2.7886589e-12	   2.2398476e+02	
  -1.3489239e-03	   3.0148303e-05	  -1.8209169e-03	   5.3119107e-05	  -2.5910972e-12	   2.2400370e+02	
  -3.8763361e-04	  -3.3467586e-05	   1.3251276e-04	   8.5016847e-05	  -1.4361213e-12	   2.2411476e+02	
   1.5450438e-03	   1.9802871e-04	   8.4171057e-04	   8.4308423e-05	  -3.8980436e-12	   2.2407776e+02	
  -1.3996185e-03	  -8.6861306e-05	   9.0496339e-04	   8.5320138e-05	  -1.3829316e-12	   2.2408872e+02	
   1.0263307e-04	  -1.0164062e-05	  -9.6707100e-05	  -7.2152718e-06	  -1.5576977e-12	   2.2421183e+02	
  -5.6713650e-04	  -9.1024522e-05	  -6.7691706e-04	  -5.8756861e-05	  -2.0781968e-12	   2.2411737e+02	
  -1.2696792e-03	   7.6137659e-07	   1.0622305e-03	   1.2125429e-05	  -2.7278707e-12	   2.2396869e+02	
  -1.5665690e-03	   2.1927380e-05	   7.9531424e-04	  -6.9329183e-06	  -2.2719591e-12	   2.2413273e+02	
   1.5531022e-03	  -6.1948115e-05	  -7.0000433e-04	   1.5055904e-05	  -1.4741140e-12	   2.2411809e+02	
  -7.0855054e-05	  -3.9793020e-05	  -8.1889652e-04	  -9.8164726e-05	  -2.1541820e-12	   2.2411688e+02	
   1.1587570e-03	   9.8968397e-07	   1.2379033e-03	  -1.0280926e-05	  -2.1503827e-12	   2.2413946e+02	
  -1.3997693e-03	  -2.5758751e-04	   1.8786031e-05	   3.2624464e-05	  -3.2939609e-12	   2.2431520e+02	
   1.9255476e-03	   9.3712339e-06	  -9.1556661e-04	  -1.3573867e-05	   1.7134676e-12	   2.2321798e+02	
  -2.4237891e-04	   1.4398862e-05	   1.4690650e-03	  -5.4696528e-05	  -1.4893110e-12	   2.2412001e+02	
  -5.6531315e-04	  -2.7149871e-05	  -1.4665083e-04	  -6.1409357e-06	   3.9132406e-13	   2.2387051e+02	
  -6.5395755e-04	   1.0965192e-04	   2.9131292e-03	  -4.1219129e-04	   2.9292316e-12	   2.2278711e+02	
   2.7622208e-04	   6.2956984e-05	   6.9947421e-04	   8.0115980e-05	  -2.0440034e-12	   2.2412007e+02	
  -1.0774959e-03	   4.6428071e-05	   5.8638494e-04	  -1.8625251e-05	  -1.5083073e-12	   2.2411858e+02	
  -1.6907121e-03	   3.7120521e-06	   4.9498562e-04	   9.7660538e-06	   2.3973349e-12	   2.2299952e+02	
  -9.8937019e-05	  -6.0055733e-05	  -1.1032676e-04	   1.0515710e-05	  -3.6168981e-12	   2.2425206e+02	
   2.7332882e-04	  -4.3906352e-05	  -2.2069112e-04	  -4.5324309e-05	  -2.5417067e-12	   2.2410398e+02	
  -1.4357455e-03	  -2.8926636e-05	   2.4931782e-05	   1.0875706e-06	  -4.4451374e-13	   2.2401361e+02	
  -7.5155874e-04	  -1.1559958e-04	   2.1024987e-04	   1.0168941e-04	  -3.9512333e-12	   2.2406911e+02	
  -9.0071244e-04	   1.6194361e-04	   2.2450580e-03	  -3.5513178e-04	  -2.0250070e-12	   2.2388803e+02	
   6.2307789e-04	   9.8110074e-05	   2.4950789e-04	   4.3024461e-06	  -2.0895945e-12	   2.2411930e+02	
   9.9038617e-05	   1.6670301e-05	   1.4856975e-03	  -3.1072101e-05	  -3.6966826e-12	   2.2402316e+02	
   1.2583745e-03	   9.5158742e-05	  -7.5863004e-04	  -8.3474570e-05	  -1.2613552e-12	   2.2408688e+02	
  -1.8751701e-03	   3.1751069e-06	   6.9711454e-04	   3.2023917e-06	   4.3007654e-12	   2.2216120e+02	
  -9.3048816e-04	   4.2473166e-05	   7.6090142e-04	  -2.6272668e-05	  -1.5083073e-12	   2.2411832e+02	
   1.9832953e-03	   4.3114731e-05	  -2.4717769e-03	  -1.0158469e-04	  -2.4163311e-12	   2.2409744e+02	
   1.9425758e-04	  -3.7731217e-07	  -1.2760805e-03	  -3.3188575e-05	  -3.3433512e-13	   2.2399570e+02	
   9.0013581e-04	  -4.4183569e-05	  -1.3061590e-03	   4.0994939e-05	  -1.8502410e-12	   2.2413966e+02	
  -2.9437031e-03	  -4.4577282e-05	   2.0748401e-03	   7.0758888e-05	  -2.4429260e-12	   2.2412069e+02	
   9.7974258e-04	   1.3999077e-05	   8.1891492e-04	   1.0249090e-05	   4.3273603e-12	   2.2214673e+02	
   1.7466983e-03	  -3.0392738e-05	  -5.3588476e-04	   1.2488967e-06	  -1.1093847e-12	   2.2409482e+02	
   2.0914184e-04	  -4.1822932e-05	  -1.9458125e-03	   1.7817887e-04	  -2.7354692e-12	   2.2389658e+02	
  -2.0999368e-04	   4.4495733e-05	   4.9534678e-04	  -9.5218413e-06	  -2.5796995e-12	   2.2409979e+02	
  -1.2610814e-04	  -7.4347954e-05	  -4.0023960e-04	  -6.9033424e-06	  -2.3973349e-12	   2.2411355e+02	
  -4.5790599e-04	  -4.0124963e-06	  -2.4486850e-03	   4.7310972e-05	   2.5075134e-12	   2.2296635e+02	
   1.7146880e-03	  -2.2256154e-04	  -1.3616044e-03	   1.5027662e-04	  -2.4657215e-12	   2.2389631e+02	
   1.2420141e-03	  -5.2328869e-05	  -3.2147583e-04	  -3.8478386e-06	  -1.5311029e-12	   2.2412030e+02	
   7.7765855e-04	   6.3930644e-06	  -1.6348378e-03	  -2.9669980e-05	   1.5576977e-12	   2.2326710e+02	
  -2.1435682e-03	   2.2061513e-04	   1.3868988e-03	  -1.2895450e-04	  -2.1275871e-12	   2.2391727e+02	
  -1.2666788e-04	   6.6422588e-05	   2.3894677e-04	   8.9004974e-05	  -4.0880067e-12	   2.2403686e+02	
   1.3380768e-03	   1.1376451e-04	  -2.3610151e-04	  -4.2452739e-05	  -1.4665154e-12	   2.2410048e+02	
   8.4431926e-04	  -1.3236554e-06	   9.7006883e-04	  -4.7057131e-06	  -1.5880918e-12	   2.2412942e+02	
  -1.6890144e-04	   1.9915664e-05	   2.5336416e-03	   1.6640971e-04	  -2.7772611e-12	   2.2408973e+02	
  -1.9476879e-04	  -3.4265537e-05	  -6.5028519e-04	   2.8833934e-05	  -2.6290898e-12	   2.2409646e+02	
  -1.7680007e-04	  -3.9528743e-05	  -1.2707042e-03	  -1.1516557e-04	  -1.5804933e-12	   2.2411012e+02	
  -1.6402234e-03	   3.6486388e-05	   7.6460786e-04	  -4.3812099e-06	  -2.6556847e-12	   2.2402239e+02	
  -3.9057744e-04	  -5.6928851e-06	   9.9220833e-04	   1.5791632e-05	   4.2589735e-12	   2.2218450e+02	
  -3.8614625e-04	  -8.9449284e-05	  -4.4924669e-04	  -3.1824711e-05	  -2.1351857e-12	   2.2412159e+02	
   3.2201130e-04	   9.3436952e-05	   1.6918657e-04	  -3.6828071e-06	  -1.3373405e-12	   2.2410885e+02	
   7.2664040e-04	   1.4941495e-04	  -3.9279212e-04	  -9.9590916e-05	  -4.1297987e-12	   2.2414754e+02	
   3.7400852e-03	   5.4660824e-05	  -1.9220367e-03	  -5.8436923e-05	  -2.5721008e-12	   2.2418911e+02	
  -3.2947956e-03	  -1.6727471e-04	  -2.6468490e-03	  -9.1349710e-05	  -2.6062943e-12	   2.2432210e+02	
  -9.9699010e-04	  -3.0594120e-06	  -3.5059050e-04	  -2.1063056e-07	  -2.7848596e-12	   2.2420686e+02	
  -8.5290750e-05	   2.8652137e-05	   5.3308319e-04	   8.7711862e-05	  -2.1351857e-12	   2.2412281e+02	
  -9.3777647e-04	   6.4376224e-06	   1.4514684e-03	   8.4389355e-06	  -2.7126736e-12	   2.2397320e+02	
   3.7727340e-04	  -4.0155148e-05	   2.3676013e-03	  -3.7367243e-04	  -2.0857952e-12	   2.2388828e+02	
   1.9660047e-03	  -3.3455013e-05	   6.2947042e-04	  -1.8880401e-05	  -2.6746810e-12	   2.2406860e+02	
   1.0214797e-03	  -3.1893888e-05	   1.3039828e-03	  -5.0662053e-05	  -1.4589169e-12	   2.2411948e+02	
   3.6072729e-05	   1.3470762e-05	  -2.6688200e-05	  -5.8206362e-05	  -3.7878649e-12	   2.2420281e+02	
  -3.1418280e-04	   1.7090067e-05	   3.2882241e-05	   6.2666258e-05	  -2.4125319e-12	   2.2411680e+02	
  -7.9956373e-04	   1.9247823e-05	  -2.0176261e-03	   7.2983162e-05	  -2.5759002e-12	   2.2399772e+02	
  -1.5759657e-03	   1.1559550e-04	   5.3060926e-04	  -8.4196192e-06	  -2.9786220e-12	   2.2390032e+02	
  -1.2663187e-03	   1.8164823e-04	  -2.0235301e-03	   3.0761276e-04	  -2.1693791e-12	   2.2389049e+02	
  -5.5060414e-04	  -1.9476709e-05	  -2.9310405e-04	  -9.4273303e-06	  -5.8888573e-13	   2.2403754e+02	
  -4.5094816e-05	   1.2634167e-05	   1.5423935e-03	  -1.8704128e-05	  -2.7278707e-12	   2.2403674e+02	
   1.4462549e-03	  -4.6525162e-05	   8.6975969e-04	  -3.6578407e-05	  -1.4361213e-12	   2.2411956e+02	
   1.2449749e-03	  -3.6611699e-05	   6.2749639e-04	  -6.1337600e-05	  -3.1723845e-12	   2.2390278e+02	
   1.0943175e-04	   9.0081027e-06	   1.4760001e-03	   2.1057876e-05	  -2.4543237e-12	   2.2409091e+02	
  -3.5033067e-04	   7.4704987e-06	  -2.9429959e-04	   7.8164154e-05	  -4.0120215e-12	   2.2407279e+02	
   6.9566237e-04	  -5.2010931e-06	  -1.1719974e-03	  -1.1306957e-05	   2.4657215e-12	   2.2298091e+02	
   9.3204299e-04	  -1.8309942e-05	   1.5412237e-03	  -3.6828249e-05	  -1.2195633e-12	   2.2410549e+02	
   1.3394264e-03	  -4.8940209e-05	   1.0938235e-04	  -1.7208986e-05	  -1.8046499e-12	   2.2413602e+02	
   4.0993637e-05	   1.0530705e-05	   1.8645043e-03	  -9.0708538e-06	  -2.6556847e-12	   2.2397417e+02	
   1.6621839e-03	  -1.9786754e-05	   4.9437668e-04	  -1.6833661e-05	  -2.7392684e-12	   2.2405871e+02	
  -1.3145011e-04	  -4.9086081e-05	  -8.1040606e-04	  -1.0510357e-04	  -1.3297420e-12	   2.2410470e+02	
  -2.3220646e-03	   3.5733793e-04	  -6.9616109e-04	   1.1729859e-04	  -2.0971930e-12	   2.2389210e+02	
   7.3970566e-04	  -8.6838166e-06	   3.8460835e-05	  -1.1774788e-05	  -2.5265097e-12	   2.2423063e+02	
  -4.4145917e-04	  -9.3337716e-05	  -1.9913854e-04	   2.8810325e-05	  -1.3563368e-12	   2.2411263e+02	
   4.5951764e-04	   7.7340722e-05	   2.6252496e-05	  -4.4499393e-05	  -2.0895945e-12	   2.2412496e+02	
  -1.8918127e-03	   3.6422254e-05	   1.3658419e-04	   6.9807895e-06	  -2.7088743e-12	   2.2404200e+02	
   4.3024412e-04	   7.3271294e-05	   8.3490036e-04	   8.9142409e-05	  -1.3981287e-12	   2.2410823e+02	
   4.7099555e-04	   1.5168859e-05	   4.4005902e-05	   2.5347049e-07	   3.9892259e-13	   2.2386997e+02	
   5.2531602e-04	   9.2733789e-05	  -1.2948450e-05	  -4.1274805e-05	  -1.3031472e-12	   2.2410621e+02	
  -3.9938652e-04	  -9.4618714e-05	  -5.0747518e-04	  -5.2783315e-05	  -1.3297420e-12	   2.2410729e+02	
  -9.0327112e-04	   3.1869760e-05	   1.4113151e-03	  -4.5631296e-05	  -1.3601361e-12	   2.2411821e+02	
  -1.3496005e-03	   2.1677124e-05	   7.8382462e-04	   1.2877103e-07	  -3.8372554e-12	   2.2403151e+02	
  -1.5194332e-03	   2.9100865e-05	   1.4090719e-03	  -1.8870747e-05	  -3.1381910e-12	   2.2411729e+02	
   3.0900458e-04	   7.6082040e-05	   5.4403465e-04	   7.0584970e-05	  -1.3981287e-12	   2.2411067e+02	
   1.2316896e-03	  -3.9149007e-05	   1.0954853e-03	  -4.3916429e-05	  -1.4551177e-12	   2.2412163e+02	
   1.1870568e-04	   7.5915297e-05	   2.3127459e-04	  -6.0152084e-05	  -4.0272185e-12	   2.2405758e+02	
  -5.0518764e-04	   1.1696708e-05	  -1.7516484e-03	   6.2346262e-05	  -1.4285228e-12	   2.2412193e+02	
  -4.4043058e-04	  -9.2413189e-05	  -5.0223332e-04	  -4.3018583e-05	  -1.9224270e-12	   2.2412566e+02	
  -6.4365139e-04	   1.7112845e-05	  -1.6855870e-03	   6.0756567e-05	  -1.4323220e-12	   2.2412367e+02	
  -9.9723100e-04	  -6.9526794e-06	   2.6207596e-04	   3.0523753e-06	  -1.5235043e-12	   2.2414077e+02	
  -1.7212009e-04	   3.6192159e-05	   6.1725415e-04	  -1.6910552e-05	  -2.5455060e-12	   2.2410560e+02	
  -3.3834533e-04	  -1.1512501e-05	  -1.3322135e-03	   2.0924222e-05	  -2.7278707e-12	   2.2405676e+02	
  -1.7914285e-04	   4.3848176e-05	   5.9717245e-04	  -3.9391715e-05	  -3.9778282e-12	   2.2406529e+02	
   8.4256199e-05	  -3.4166955e-05	  -4.2010214e-04	  -9.2866725e-05	  -1.3791324e-12	   2.2411324e+02	
   4.4159310e-04	  -4.1168107e-05	   2.9887237e-03	  -3.9071063e-04	   2.9482279e-12	   2.2278561e+02	
  -2.5312934e-04	  -5.9138165e-05	  -8.6075269e-04	  -9.6969286e-05	  -1.7476609e-12	   2.2412212e+02	
   1.8027476e-04	  -9.8960221e-06	  -1.1705704e-03	  -1.8208378e-04	  -4.0804082e-12	   2.2406102e+02	
  -1.4831276e-04	  -1.7140112e-05	  -8.8201508e-04	   4.8934609e-05	  -1.5956904e-12	   2.2413253e+02	
  -1.3326361e-03	   5.2301122e-05	   2.3364894e-04	  -5.2429080e-06	  -1.5083073e-12	   2.2412533e+02	
   8.0082098e-04	  -5.9014897e-07	   5.4270562e-04	  -1.6502465e-05	  -3.8524524e-12	   2.2410570e+02	
   1.0603637e-03	  -1.3728151e-04	   2.8155138e-03	  -4.1593393e-04	   3.0052169e-12	   2.2276312e+02	
   4.1112887e-04	   4.4704258e-05	  -2.1074128e-03	  -3.3000516e-04	  -6.9526509e-13	   2.2431336e+02	
  -5.2321804e-04	   2.8929555e-05	   1.0130223e-03	  -4.0018164e-05	  -1.4817125e-12	   2.2412267e+02	
  -4.7645336e-05	   1.0331499e-05	   2.0947771e-03	   2.1251620e-05	   1.7514601e-12	   2.2321332e+02	
  -1.1783054e-03	   3.4726425e-05	   1.2521202e-03	  -3.4810910e-05	  -1.2879501e-12	   2.2411484e+02	
  -3.5170205e-03	   1.6461300e-04	  -6.0680133e-04	   6.4558491e-05	  -1.7856535e-12	   2.2397685e+02	
  -3.5247506e-04	  -7.9532351e-05	  -1.5194478e-03	  -1.8751089e-04	  -3.7270767e-12	   2.2409891e+02	
  -7.8149756e-04	   1.7585058e-05	  -2.3612481e-04	   2.5385456e-05	  -2.5834987e-12	   2.2410007e+02	
  -1.7095361e-03	  -5.8420531e-06	   9.7378508e-05	   4.9270978e-06	  -2.1921746e-12	   2.2411275e+02	
  -3.2949462e-05	  -5.2559229e-06	   1.1546420e-04	   5.0619117e-05	  -2.8114544e-12	   2.2436514e+02	
   1.3803816e-03	  -1.2503962e-05	   4.4325676e-04	  -1.7434461e-05	  -2.7316700e-12	   2.2405069e+02	
  -2.8506458e-06	  -3.8620381e-06	   3.1311640e-05	  -8.5993481e-06	  -1.1587751e-12	   2.2416670e+02	
  -1.4795609e-03	   4.7160116e-05	   8.0020301e-04	  -2.3828610e-05	  -1.3373405e-12	   2.2411962e+02	
  -4.6817040e-04	   4.2590247e-05	   2.6704626e-03	  -1.7808293e-04	   3.1001984e-12	   2.2273005e+02	
   1.2858136e-03	   8.3851031e-05	   2.0935832e-03	   7.4003623e-05	  -2.9406294e-12	   2.2395756e+02	
  -2.2218871e-03	  -2.3223964e-04	  -2.1404315e-03	  -1.8430673e-04	  -3.3357527e-12	   2.2422326e+02	
  -1.9130373e-03	   5.3052033e-05	  -2.9400204e-03	   1.4113104e-04	  -1.8958322e-12	   2.2397175e+02	
  -4.6837708e-04	  -2.5267910e-06	  -4.5812283e-04	   4.1522504e-05	  -2.5493054e-12	   2.2411087e+02	
   1.2561574e-03	  -1.7516574e-04	   2.7112703e-03	  -4.2315066e-04	   3.0508080e-12	   2.2274551e+02	
  -7.9807525e-04	  -1.4283417e-04	   2.6743553e-04	   1.0075307e-04	  -4.0386164e-12	   2.2411782e+02	
  -3.0197037e-03	   3.1218895e-04	   1.0503411e-04	   1.6425747e-06	   2.8988375e-12	   2.2280490e+02	
  -7.7452024e-04	  -1.1004382e-04	  -5.3478867e-04	  -3.6546812e-05	  -1.6032889e-12	   2.2411866e+02	
  -2.1816641e-04	   2.4449624e-05	   8.9762859e-04	  -1.3407034e-05	  -2.6366884e-12	   2.2408623e+02	
   1.1986809e-04	  -5.4572868e-06	  -1.3146007e-03	  -1.3354433e-05	  -1.7932520e-12	   2.2414175e+02	
   1.5101232e-04	  -1.9378013e-05	  -1.4341949e-03	   5.3275507e-05	  -1.6070882e-12	   2.2413181e+02	
   1.3038349e-03	  -2.3698629e-05	  -9.4156962e-05	  -1.4100108e-05	  -2.5645024e-12	   2.2410431e+02	
   3.9352825e-04	   2.6615997e-05	  -6.6062495e-04	  -1.0943880e-04	  -1.3905302e-12	   2.2411081e+02	
  -2.1957548e-03	  -7.5022872e-05	  -2.5451137e-03	  -3.9154184e-05	  -2.3023532e-12	   2.2410359e+02	
  -6.9865187e-04	  -6.5061220e-05	   4.5219350e-04	   8.9635297e-05	  -1.5652963e-12	   2.2411905e+02	
   9.1786551e-04	  -2.4963431e-05	  -1.0448332e-03	  -2.3851976e-07	  -2.7126736e-12	   2.2406128e+02	
   4.3765290e-04	  -1.9146519e-05	  -1.8562683e-03	   3.3277485e-05	  -2.6594839e-12	   2.2409059e+02	
   1.8112351e-03	  -2.0333002e-05	   7.9961091e-04	  -1.6950399e-05	  -2.6328890e-12	   2.2398912e+02	
  -9.7104629e-04	   3.0363897e-05	   1.2011378e-04	   8.1964497e-06	  -3.8942443e-12	   2.2407245e+02	
  -6.0430476e-04	  -1.4329917e-04	  -8.9964494e-04	  -1.6773322e-04	  -3.3129571e-12	   2.2431711e+02	
  -3.3756830e-05	  -7.5807279e-05	  -3.6735531e-04	   2.1617126e-05	  -1.4589169e-12	   2.2412613e+02	
   5.7008969e-04	   8.9790689e-06	  -3.6304213e-03	  -2.2362724e-04	  -3.0052169e-12	   2.2419087e+02	
  -3.9142539e-04	  -1.2764258e-05	  -5.6030710e-04	   3.9986382e-05	  -2.5455060e-12	   2.2411234e+02	
  -2.2228555e-04	  -5.9730572e-06	  -1.2019477e-03	   5.1818813e-05	  -1.6260845e-12	   2.2413102e+02	
  -2.0987397e-03	  -7.1338218e-05	   1.8660826e-03	   1.1020378e-04	  -2.6100936e-12	   2.2407030e+02	
   1.2474627e-03	  -3.7075366e-05	   1.0878746e-03	  -4.0385738e-05	  -1.4133257e-12	   2.2412461e+02	
  -1.4549531e-04	   6.4380139e-05	   2.4619084e-04	   4.8784827e-06	  -2.2681598e-12	   2.2412666e+02	
   1.2835364e-03	  -2.5741187e-05	  -1.5336750e-03	   1.7482507e-05	  -2.4619223e-12	   2.2411283e+02	
   1.1368805e-03	  -1.7939158e-05	  -3.3634882e-05	  -1.7879135e-05	  -2.6632831e-12	   2.2407873e+02	
  -2.1417101e-04	  -5.8158533e-06	  -2.0056666e-03	   4.2144886e-05	  -2.7430677e-12	   2.2405179e+02	
   1.1151163e-03	   2.7481673e-06	   1.5753743e-03	  -1.4317399e-05	  -2.6860788e-12	   2.2397138e+02	
  -1.1523529e-03	   4.5234137e-05	  -1.4381539e-04	   1.2129429e-05	  -1.9148284e-12	   2.2413641e+02	
   5.8669644e-04	  -2.8219730e-07	   1.8910365e-03	  -2.7174083e-05	  -2.6366884e-12	   2.2398584e+02	
  -2.2859241e-03	   2.5896555e-04	   1.1551854e-03	  -1.1797868e-04	  -2.1351857e-12	   2.2391208e+02	
   6.5225775e-04	  -4.8986174e-05	   2.6356049e-05	  -3.1416676e-05	  -1.5045081e-12	   2.2413101e+02	
  -7.3394676e-04	   1.8363662e-05	  -2.5266655e-04	   2.7698224e-05	  -2.5531046e-12	   2.2410752e+02	
   1.3801641e-03	  -1.5720540e-05	  -2.8009437e-03	   3.7954135e-06	   1.6032889e-12	   2.2327325e+02	
   1.7747516e-03	  -3.3577955e-05	  -1.0539376e-03	   1.0021610e-05	  -2.6100936e-12	   2.2398909e+02	
   1.1868175e-03	  -5.2372802e-05	  -7.9485536e-04	   1.6672844e-05	  -1.5463000e-12	   2.2412964e+02	
  -3.0176629e-03	  -6.1692794e-05	   1.4980100e-03	   6.7628174e-05	  -2.3935355e-12	   2.2410539e+02	
   4.7257754e-04	  -6.2816792e-06	   3.8257207e-04	  -4.2631848e-05	  -2.5265097e-12	   2.2411324e+02	
   2.0321431e-03	  -2.9370185e-05	  -4.7333207e-04	  -1.2420517e-06	  -2.6480861e-12	   2.2400629e+02	
  -2.1435182e-04	   3.4843703e-06	   1.8324202e-04	  -1.1168033e-05	  -2.8114544e-12	   2.2422682e+02	
  -1.3058589e-03	   2.3738424e-05	   9.4168536e-04	  -2.3296686e-06	  -2.7050751e-12	   2.2404950e+02	
  -5.7101057e-04	   4.6266061e-06	   2.0933301e-03	   1.2937524e-04	  -3.1457896e-12	   2.2394750e+02	
  -2.1211293e-03	   5.4512955e-05	  -4.9714275e-04	   2.1503365e-05	  -2.5493054e-12	   2.2398799e+02	
  -7.4764547e-04	  -5.6513767e-05	   1.6746019e-03	   2.0688101e-04	  -3.6282960e-12	   2.2409731e+02	
   1.9426512e-04	   3.0356199e-05	   3.1476114e-04	  -5.3208507e-05	  -2.3631414e-12	   2.2412402e+02	
   1.6872908e-04	  -2.7515034e-05	  -9.0680607e-04	  -1.5002240e-04	  -3.9664303e-12	   2.2402781e+02	
   9.7949105e-04	   1.0497897e-05	   1.4563612e-03	  -2.3874247e-06	  -2.7430677e-12	   2.2397754e+02	
  -1.7677876e-03	   5.6592473e-06	   3.1465385e-04	   8.3526042e-06	  -2.6974766e-12	   2.2398529e+02	
  -6.3277160e-04	   1.8203060e-06	   7.7676825e-04	  -1.8006401e-08	  -3.2825630e-12	   2.2417087e+02	
  -6.5951434e-04	   2.8849734e-05	  -5.1181264e-04	   4.0884544e-05	  -1.6184859e-12	   2.2413617e+02	
  -3.8944093e-04	  -5.9810311e-05	  -6.9222944e-05	   6.6816978e-05	  -1.5538984e-12	   2.2412697e+02	
   9.9075901e-04	   6.3962034e-05	   3.2645058e-03	   1.2039037e-04	  -2.7050751e-12	   2.2411631e+02	
   5.5977533e-04	  -1.8960453e-05	   7.5661562e-04	  -4.7814392e-05	  -1.5463000e-12	   2.2413171e+02	
  -8.8673239e-05	   1.8142305e-06	   1.0501504e-03	  -1.3251449e-06	  -2.8684434e-12	   2.2419625e+02	
   1.6365169e-03	  -1.9483883e-05	   5.4123170e-04	  -1.7789704e-05	  -2.7316700e-12	   2.2404253e+02	
   1.9163232e-03	   2.4628598e-05	   3.8585078e-04	  -4.9067896e-06	   1.7856535e-12	   2.2320790e+02	
  -9.1608194e-04	   3.0254985e-05	  -1.0943714e-03	   4.7343965e-05	  -1.6374823e-12	   2.2413506e+02	
  -1.7908261e-03	  -1.8165864e-04	  -8.6673267e-04	  -4.4332756e-05	  -3.2635668e-12	   2.2407157e+02	
   1.4198920e-03	  -3.5973397e-05	  -1.2805590e-03	   1.4625073e-05	  -2.7050751e-12	   2.2403273e+02	
   8.2895709e-05	  -2.7837749e-05	  -5.3608038e-04	  -9.8777276e-05	  -1.5766941e-12	   2.2412300e+02	
  -1.5858355e-03	  -3.6773960e-05	   2.4623460e-03	   1.1802412e-04	  -2.5113126e-12	   2.2408290e+02	
  -1.1182987e-03	   7.5979066e-06	  -1.4334181e-03	   1.6922166e-05	  -2.2909555e-12	   2.2416155e+02	
  -1.2566715e-03	  -6.9596216e-06	   2.4177812e-03	   3.4161512e-05	   1.5311029e-12	   2.2329127e+02	
   5.3935865e-04	   2.8419715e-06	   1.8420111e-03	  -1.8170138e-05	  -2.6708818e-12	   2.2398640e+02	
  -8.9264880e-05	  -3.1155887e-05	  -7.0675276e-04	  -1.5124028e-04	  -5.6988941e-13	   2.2430484e+02	
  -1.9404942e-03	   4.2651663e-05	  -1.1571422e-04	   1.2125379e-05	  -2.6708818e-12	   2.2402856e+02	
  -1.5150211e-03	   8.8456836e-05	   3.1168971e-04	   1.2821488e-05	  -3.1305925e-12	   2.2389995e+02	
  -1.0778401e-03	   1.7983739e-05	  -1.6780634e-03	   4.5359425e-05	  -2.6898780e-12	   2.2402494e+02	
  -1.1577669e-03	   3.6364184e-05	  -1.9548303e-03	   7.7016677e-05	  -2.5569038e-12	   2.2399425e+02	
  -1.1544534e-03	  -4.1680904e-06	   3.1629327e-04	   5.3220903e-06	  -1.8274453e-12	   2.2413116e+02	
   8.9254025e-05	  -1.2872359e-05	  -2.1775016e-03	   6.7784076e-05	  -2.6404877e-12	   2.2401079e+02	
  -9.1570226e-04	  -1.7056815e-04	  -1.0063099e-03	  -1.3710774e-04	  -3.8562518e-12	   2.2415962e+02	
   1.2498042e-03	   1.2774316e-04	   1.5856009e-04	  -3.7145954e-05	  -3.4991210e-12	   2.2395259e+02	
   3.0322741e-03	   1.8379596e-04	   2.1185975e-03	   1.0208929e-04	  -2.9634250e-12	   2.2418069e+02	
   2.2831896e-03	  -1.2467086e-05	  -6.4906241e-05	  -1.4166543e-05	   2.3783385e-12	   2.2301428e+02	
   4.0139786e-04	   5.0507898e-06	   6.3788347e-04	  -3.4601417e-05	  -2.5683016e-12	   2.2410748e+02	
  -1.3513411e-03	   2.1031694e-05	   3.3868100e-04	   7.2053131e-06	  -2.6670825e-12	   2.2406772e+02	
  -2.0397328e-03	   8.4836174e-05	   1.7219871e-04	   4.7409396e-06	  -3.2597674e-12	   2.2402609e+02	
  -1.5017676e-03	  -1.7852326e-05	  -3.8281277e-04	   4.5420416e-06	  -2.8076552e-12	   2.2397975e+02	
  -1.3265323e-03	   2.6415620e-06	  -3.5075074e-05	   4.1516394e-06	  -3.4953217e-12	   2.2413075e+02	
   4.5880093e-04	   6.0231203e-05	  -2.2424512e-04	  -7.9081172e-05	  -1.6222852e-12	   2.2412502e+02	
   1.1515387e-03	  -4.4814912e-05	  -2.5300767e-04	  -3.7152342e-05	  -3.4991210e-12	   2.2392746e+02	
   8.2886354e-05	  -4.3815773e-05	  -6.7328193e-04	   3.7950543e-05	  -1.6488800e-12	   2.2413997e+02	
  -3.4143490e-04	  -9.4611766e-05	  -2.8912369e-04	   6.6900832e-06	  -1.6032889e-12	   2.2412709e+02	
   2.1086814e-03	  -1.1280349e-04	  -1.8483322e-03	   8.6314296e-05	   2.5872979e-12	   2.2292860e+02	
   8.1948976e-04	  -1.1573419e-04	  -2.0463684e-03	   2.4125904e-04	  -2.5189113e-12	   2.2388993e+02	
   3.9764161e-04	  -3.2599637e-05	   2.5730987e-05	  -5.1360174e-05	  -2.3593421e-12	   2.2412750e+02	
  -1.1569048e-03	   1.5307167e-05	   1.7248651e-04	   4.9224317e-06	  -3.7308760e-12	   2.2409770e+02	
  -1.5292263e-03	   3.4969056e-05	   7.2781577e-04	  -1.5912671e-05	  -1.2461582e-12	   2.2411827e+02	
  -8.4660207e-04	   1.7017812e-05	  -7.4280031e-04	   3.1625675e-05	  -2.3631414e-12	   2.2412555e+02	
   6.9558014e-06	   1.7270393e-05	   2.4173282e-03	  -3.7414880e-04	  -2.1427842e-12	   2.2388955e+02	
  -5.9276508e-04	   2.5541518e-05	  -4.9783405e-04	   4.3933476e-05	  -1.7134676e-12	   2.2414009e+02	
   8.5300746e-04	   2.2826538e-07	  -5.6326960e-04	  -1.4272824e-05	  -3.1951799e-12	   2.2418731e+02	
   6.8628030e-04	   4.8111457e-06	   1.6167459e-03	  -3.4008440e-07	  -2.9938191e-12	   2.2415273e+02	
   5.1790489e-04	  -2.6088154e-05	  -2.1098336e-03	   6.1599319e-05	  -2.6518854e-12	   2.2401306e+02	
   1.9599254e-04	  -8.5631204e-05	  -3.7889153e-04	  -2.8386960e-06	  -4.2551743e-12	   2.2405046e+02	
  -1.9703828e-03	   2.2701255e-04	   1.3605410e-03	  -1.3856872e-04	  -2.6024949e-12	   2.2391940e+02	
   1.8666069e-04	  -4.0368072e-05	  -1.3181959e-03	   3.3253820e-05	  -3.4915225e-12	   2.2402889e+02	
   1.3319843e-03	   6.8050164e-06	  -1.2556819e-03	  -2.5360369e-05	   2.2491636e-12	   2.2305704e+02	
   1.0878340e-03	   2.3313661e-05	  -1.2833936e-04	  -9.5770049e-06	  -2.9026367e-12	   2.2400576e+02	
   2.4223392e-03	   1.1766075e-04	   2.0883817e-04	  -2.3678971e-05	  -3.0014176e-12	   2.2396368e+02	
  -3.0959347e-04	  -5.9211903e-05	  -1.9878019e-04	   5.8167523e-05	  -1.7894528e-12	   2.2413645e+02	
  -1.6303165e-03	  -1.9610443e-05	  -3.9860483e-04	   3.2195734e-06	  -2.7734618e-12	   2.2400083e+02	
   1.2393479e-03	   9.9480763e-05	  -3.0470053e-04	  -8.0781200e-05	  -3.4915225e-12	   2.2393566e+02	
  -3.0176015e-04	  -6.6655792e-06	  -1.7991756e-03	   3.2261699e-05	  -2.7430677e-12	   2.2404298e+02	
   1.5276163e-03	   4.0571587e-05	   1.6905341e-04	  -8.3859543e-06	   1.6222852e-12	   2.2326626e+02	
  -3.3187927e-04	  -1.4623782e-05	  -3.1474054e-04	   5.9451649e-05	  -2.3099518e-12	   2.2413196e+02	
  -2.2615928e-04	  -1.8245399e-05	  -7.2137319e-04	   4.5116529e-05	  -2.2073716e-12	   2.2414114e+02	
   1.5859431e-03	  -1.7202221e-05	   5.9144616e-04	  -1.7834369e-05	  -2.7430677e-12	   2.2404887e+02	
  -1.2558653e-04	  -2.7702993e-06	  -1.9529591e-03	   6.2775529e-05	  -2.1731783e-12	   2.2413140e+02	
  -3.3962281e-04	  -5.3723937e-06	  -2.0060813e-04	   6.4907111e-05	  -2.2529628e-12	   2.2413400e+02	
  -9.3318043e-04	   9.7973570e-05	  -1.9750888e-03	   2.3770919e-04	  -2.5759002e-12	   2.2389151e+02	
  -1.3403016e-04	   1.0204865e-05	   4.8125457e-04	  -2.3650457e-05	  -3.5105188e-12	   2.2418290e+02	
   5.1641537e-04	   3.5082930e-06	   7.9487420e-04	  -2.6582013e-06	  -1.6336830e-12	   2.2417926e+02	
   7.5211363e-04	   1.0695798e-04	   1.6418414e-03	   1.6383297e-04	  -3.6434930e-12	   2.2405468e+02	
   3.9216029e-04	   8.7362711e-06	   9.5760181e-04	   2.5261852e-05	  -2.7354692e-13	   2.2400265e+02	
   3.0509256e-03	  -2.0411537e-04	  -1.6581741e-03	   9.1278929e-05	   2.1237879e-12	   2.2311211e+02	
   1.5271125e-03	   7.2897935e-05	  -2.8621433e-03	  -1.9091083e-04	  -2.9368301e-12	   2.2414821e+02	
  -2.2330125e-04	  -1.2218660e-05	  -6.5761760e-04	  -1.0175843e-05	  -1.4057272e-12	   2.2412418e+02	
  -2.5619153e-03	  -1.1983377e-04	  -6.9757000e-04	   6.3497983e-06	  -2.8532464e-12	   2.2400502e+02	
  -1.7874183e-04	  -2.3354051e-06	  -1.5914264e-03	   6.3711515e-05	  -1.7058689e-12	   2.2413962e+02	
  -5.0730409e-04	  -1.0492536e-05	   3.3365056e-04	   3.7640466e-06	  -8.2064076e-13	   2.2409140e+02	
   1.4975664e-03	  -5.8537560e-05	  -6.0411595e-04	   1.1071287e-05	  -1.5880918e-12	   2.2413543e+02	
   1.7694959e-03	   3.1096284e-04	   4.7560479e-04	   7.9294394e-05	   2.6670825e-12	   2.2347080e+02	
  -1.0951511e-03	   3.9212329e-05	   3.1685013e-04	   1.0877584e-05	  -3.8068613e-12	   2.2402042e+02	
  -2.8720626e-04	  -4.2070813e-05	  -2.2756553e-04	   6.4377134e-05	  -1.9148284e-12	   2.2414083e+02	
  -2.0528173e-03	   3.0682273e-05	  -1.7418217e-04	   1.1093405e-05	  -2.6176920e-12	   2.2399269e+02	
   5.9916446e-04	   8.4843729e-06	   7.7785715e-04	   1.7879674e-06	  -1.5425007e-12	   2.2416132e+02	
   1.3919482e-03	  -2.5558013e-05	  -8.1619218e-04	  -2.6180198e-06	  -2.7278707e-12	   2.2405866e+02	
  -6.4679792e-04	  -3.5813510e-06	  -1.2076926e-03	   2.3895954e-05	  -2.6974766e-12	   2.2407474e+02	
  -1.6807960e-04	   5.2263798e-07	   1.2842923e-04	  -9.7386030e-06	  -1.4361213e-12	   2.2419308e+02	
   1.4874804e-03	  -6.1941188e-05	   1.5840964e-03	  -8.7497702e-05	  -3.1951799e-12	   2.2398605e+02	
   3.1537397e-03	  -1.0411682e-04	   2.3021216e-03	  -1.5958057e-04	   3.8030620e-12	   2.2303772e+02	
  -3.1999564e-05	  -1.0254287e-05	  -6.4188039e-05	  -4.6195657e-06	  -5.9268499e-13	   2.2405570e+02	
   5.1148748e-04	  -2.5391430e-05	  -2.1002829e-03	   5.9237536e-05	  -2.6670825e-12	   2.2401729e+02	
   1.2427466e-03	   7.5272070e-06	   1.0023839e-03	  -1.8500789e-06	  -2.8874397e-12	   2.2416496e+02	
   4.0959408e-05	  -2.5548141e-06	   2.7105385e-04	  -9.7768991e-06	  -1.4817125e-12	   2.2418778e+02	
   1.3627938e-03	  -3.3419620e-05	   1.0207900e-03	  -3.1525684e-05	  -1.3829316e-12	   2.2412529e+02	
  -3.2930761e-05	  -8.8843920e-06	  -4.4440378e-04	  -7.4980865e-06	  -1.0637936e-12	   2.2410588e+02	
  -4.8872238e-04	   1.4234629e-05	  -5.5275079e-04	   4.9173308e-05	  -1.8654381e-12	   2.2414324e+02	
  -1.4748841e-03	   2.1451076e-05	  -1.6286869e-03	   3.2933194e-05	  -2.6252906e-12	   2.2396155e+02	
  -2.4645293e-04	   2.3961051e-05	  -3.6884329e-05	   9.4598010e-05	  -4.3349588e-12	   2.2403459e+02	
   7.1517187e-04	  -1.6962281e-06	  -1.7288001e-03	  -1.0624770e-05	  -2.7582648e-12	   2.2399165e+02	
   1.7536274e-03	  -1.1336420e-04	   6.9143325e-04	  -7.0279453e-05	  -2.9938191e-12	   2.2389998e+02	
  -4.1085979e-04	   5.2119147e-05	   1.3576596e-03	  -3.9171224e-05	  -3.3319534e-12	   2.2390883e+02	
   9.8905402e-04	  -4.0964948e-05	  -2.5854426e-04	  -2.7699633e-05	  -3.9816274e-12	   2.2401341e+02	
  -1.3202782e-03	   4.9314494e-05	  -1.0215101e-03	   4.2684241e-05	  -1.6298837e-12	   2.2413815e+02	
  -4.2312273e-04	  -9.4894679e-06	  -1.2217873e-03	   2.3646722e-05	  -2.6822795e-12	   2.2408202e+02	
   2.9104315e-03	  -2.2159502e-04	   1.1828266e-03	  -1.1026908e-04	   2.7810603e-12	   2.2287083e+02	
   5.4887617e-04	  -1.0418314e-06	   1.6603771e-03	  -1.7731711e-05	  -2.4809185e-12	   2.2417014e+02	
   1.3631383e-03	  -8.1814528e-05	  -8.7297842e-04	   1.1851217e-05	  -3.2217748e-12	   2.2390815e+02	
   8.4571319e-04	  -4.1060528e-05	  -4.5079650e-03	   1.7696407e-04	   6.2117947e-12	   2.2113895e+02	
   1.3479488e-04	  -3.9525247e-06	  -4.6306338e-04	   4.2966426e-06	   8.1494186e-12	   2.1976442e+02	
  -3.0367641e-03	   3.2381174e-04	  -1.0589582e-03	   1.2230224e-04	   8.3621773e-12	   2.1962694e+02	
  -2.9374869e-03	   1.5137157e-04	  -1.3362938e-04	   1.3800492e-05	   8.8180888e-12	   2.1924594e+02	
   5.1133130e-05	   6.6449049e-06	   4.4305598e-03	  -2.3008266e-05	   5.3759569e-12	   2.2161892e+02	
   3.1054221e-03	  -2.9761092e-04	  -1.4451353e-04	   4.1154906e-06	   8.2216046e-12	   2.1973254e+02	
   1.1977767e-03	   1.3695633e-05	  -2.6508490e-03	  -4.1721353e-05	   5.7596823e-12	   2.2138649e+02	
   2.6956497e-03	  -5.8530004e-05	  -3.7892178e-04	   4.7169630e-06	   9.2588033e-12	   2.1886065e+02	
   2.2925008e-03	  -4.6088739e-05	   7.1018661e-05	  -4.7098076e-06	   9.0498439e-12	   2.1903621e+02	
   1.0034222e-03	  -2.5533004e-05	  -2.5898169e-03	   5.3888529e-05	   9.3043945e-12	   2.1882278e+02	
  -3.4314088e-03	   7.0363836e-05	  -3.5437716e-03	   8.6346135e-05	   5.3607598e-12	   2.2162732e+02	
   3.9011715e-04	   7.6809665e-05	   1.9338255e-03	   3.1669295e-04	   8.8750778e-12	   2.1972999e+02	
   1.3389796e-03	  -9.0658367e-05	  -2.7807213e-03	   1.7391422e-04	   8.7155088e-12	   2.1933243e+02	
   5.5165655e-04	  -1.8699195e-06	  -1.2489694e-03	  -3.0761050e-06	   9.3157923e-12	   2.1879975e+02	
   2.7021964e-03	   5.6815825e-05	  -8.0649406e-04	  -2.4906915e-05	   5.7330875e-12	   2.2140410e+02	
   1.7464583e-03	   4.0596460e-05	  -8.8684985e-05	  -9.4764530e-06	   6.2573858e-12	   2.2107684e+02	
  -7.1953791e-05	   1.2474312e-05	   2.7314024e-03	  -1.6987448e-04	   7.8302805e-12	   2.2003788e+02	
   4.3695911e-03	  -1.0418149e-04	  -4.4321142e-04	   7.1003715e-06	   9.8324920e-12	   2.1837845e+02	
  -2.6900477e-04	   1.4437347e-04	   4.3598892e-03	  -3.0202587e-04	   6.2991777e-12	   2.2172669e+02	
   3.0175822e-03	  -6.8352063e-05	  -9.6235156e-04	   1.4433951e-05	   4.5553161e-12	   2.2205497e+02	
  -5.3760582e-04	   2.0353842e-05	  -2.5611566e-03	   1.2417119e-04	   8.5787353e-12	   2.1943298e+02	
  -5.2513381e-04	   1.0296530e-05	  -2.1479255e-03	   6.2431088e-05	   8.7724977e-12	   2.1926946e+02	
   1.4792775e-03	  -2.6123813e-05	   1.5537683e-03	  -3.7840793e-05	   7.3059823e-12	   2.2039822e+02	
  -9.5470642e-04	   3.0550982e-05	  -4.2192112e-03	   1.6756431e-04	   1.0827898e-11	   2.1746401e+02	
   1.4213364e-03	   3.1983309e-05	   2.4259183e-03	   4.5629000e-05	   5.5621207e-12	   2.2150035e+02	
  -1.4143692e-04	  -7.4964981e-06	  -2.1527218e-03	  -3.5271504e-05	   4.9656365e-12	   2.2183084e+02	
  -6.8172922e-04	  -1.7301818e-05	   1.4611951e-03	   5.5665670e-05	   5.3303657e-12	   2.2162640e+02	
   1.6554661e-03	  -1.2723972e-04	  -1.3709634e-03	   9.2687758e-05	   1.3814119e-11	   2.1429270e+02	
   5.9249660e-04	  -2.6841531e-06	  -5.9269645e-04	  -6.4237270e-07	   8.9396652e-12	   2.1913090e+02	
  -1.3639879e-03	   1.7146745e-05	   9.4661000e-06	   2.5308627e-06	   8.6281258e-12	   2.1937664e+02	
   3.3195429e-03	  -3.2921928e-04	   1.3297597e-03	  -1.4289223e-04	   8.8408845e-12	   2.1924419e+02	
  -1.0950040e-03	   2.5805036e-05	   3.1889697e-03	  -5.1745843e-05	   6.5917209e-12	   2.2088830e+02	
  -1.8305562e-03	  -1.2297606e-05	  -5.1141689e-05	   3.8610020e-06	   1.0873491e-11	   2.1738347e+02	
  -2.2707446e-03	   3.0226908e-04	   2.2315732e-03	  -2.8253041e-04	   8.2368017e-12	   2.1973224e+02	
   2.8033181e-03	   4.1435725e-06	   5.1091816e-04	  -4.9804271e-07	   9.8134960e-12	   2.1837328e+02	
  -1.2062411e-03	   4.0372320e-05	  -1.8317905e-03	   7.0801205e-05	   7.6859086e-12	   2.2011405e+02	
   2.3639374e-04	  -1.5970672e-06	  -9.3480416e-04	  -5.2803864e-06	   9.2815990e-12	   2.1883908e+02	
   3.5376883e-04	  -5.2224530e-06	  -1.2725965e-04	   4.9767319e-08	   7.8796710e-12	   2.1996774e+02	
   1.3691707e-03	   1.1297130e-04	   2.8338831e-03	   1.5802325e-04	   1.1941083e-11	   2.1683982e+02	
  -1.6146126e-03	   5.5626140e-05	  -3.9898713e-03	   1.5675845e-04	   9.6501274e-12	   2.1854675e+02	
  -1.4866601e-03	   4.0064769e-05	  -5.8436129e-04	   2.2278574e-05	   7.8340798e-12	   2.2001319e+02	
   2.8378259e-03	  -1.6215059e-05	   2.7449625e-03	  -2.1743505e-05	   9.9426704e-12	   2.1827665e+02	
   2.0283914e-03	  -5.7306427e-04	  -1.2378873e-03	   3.2730959e-04	   1.3031472e-11	   2.1522939e+02	
  -2.8977631e-03	   1.4922792e-04	   3.6686053e-06	   9.0801207e-06	   7.3477742e-12	   2.2038297e+02	
   3.4185840e-04	  -2.4535221e-05	  -2.7443038e-03	   1.4613321e-04	   7.4693506e-12	   2.2029460e+02	
  -5.3281985e-03	   1.7394181e-04	   1.1604555e-04	   5.9541281e-06	   1.0125035e-11	   2.1812741e+02	
   2.9530846e-03	   1.7751124e-05	   2.0927792e-04	   3.3213769e-07	   1.0227615e-11	   2.1799649e+02	
   2.4268309e-03	  -3.5139928e-04	   7.5405210e-04	  -1.2131511e-04	   1.2526169e-11	   2.1575184e+02	
   1.1223639e-03	  -5.3461693e-06	   3.5277076e-05	  -1.7945151e-06	   8.9130704e-12	   2.1913916e+02	
   4.1715358e-03	  -2.3871607e-04	  -2.0245733e-03	   2.2298070e-05	   4.6047065e-12	   2.2266195e+02	
  -2.2899818e-03	  -4.3703025e-05	   4.0836959e-03	   1.5919789e-04	   5.4443435e-12	   2.2216057e+02	
   2.2243133e-03	  -1.4260418e-04	   3.7002822e-03	  -2.6144070e-04	   4.6806917e-12	   2.2199771e+02	
   5.3510303e-04	   2.4451830e-05	   1.8214062e-03	   5.8686753e-05	   5.8052735e-12	   2.2135138e+02	
   1.2200870e-03	   2.4869685e-04	  -2.3041075e-04	  -4.8580863e-05	   5.7102920e-12	   2.2198284e+02	
  -1.4060147e-03	   1.7980177e-04	   1.7035088e-03	  -2.0969752e-04	   1.2940289e-11	   2.1529205e+02	
  -3.2290885e-04	  -3.9669993e-06	   1.2925005e-03	   2.5867701e-05	   9.7565068e-12	   2.1842242e+02	
   5.0473666e-04	   4.3714022e-07	  -2.6504428e-03	  -5.2486252e-05	   6.0446271e-12	   2.2122007e+02	
   2.0710345e-03	  -1.1422241e-04	  -1.1565871e-03	   5.4866552e-05	   8.1950097e-12	   2.1974768e+02	
   1.5328324e-03	  -4.0818519e-05	  -4.4741605e-03	   1.0343710e-04	   9.9160753e-12	   2.1830671e+02	
  -2.6793761e-03	   2.0121818e-04	   3.2352181e-03	  -2.2682388e-04	   1.1116643e-11	   2.1720438e+02	
  -5.6844996e-05	  -5.2024310e-06	  -2.3403170e-03	   1.4001054e-05	   6.8614685e-12	   2.2069934e+02	
  -1.1905625e-03	   3.1855204e-04	  -2.0340512e-03	   5.6169971e-04	   1.2811114e-11	   2.1546833e+02	
   3.6932113e-03	  -7.0829760e-05	  -1.9140671e-03	   2.6229323e-05	   6.2687836e-12	   2.2110003e+02	
   1.0492544e-04	   5.2994289e-06	   1.3787599e-03	  -2.4300547e-05	   8.3963707e-12	   2.1957876e+02	
  -2.0836970e-03	   4.1323291e-04	   1.6175011e-03	  -3.0781410e-04	   1.2340005e-11	   2.1596685e+02	
  -6.5450681e-04	  -1.1585234e-05	  -8.1623934e-04	  -8.6599195e-06	   7.1084207e-12	   2.2051981e+02	
   1.6242202e-03	  -4.9935276e-05	  -4.2092098e-03	   1.1069776e-04	   6.0636234e-12	   2.2122330e+02	
   3.1076263e-03	  -2.5554873e-04	  -2.3185587e-03	   6.4454496e-05	   7.0704279e-12	   2.2118390e+02	
   3.1509634e-03	  -2.6939481e-04	  -6.9086194e-04	   4.8370850e-05	   7.4845476e-12	   2.2029648e+02	
  -5.0462139e-04	   3.0168123e-05	   3.5455831e-03	  -1.6141727e-04	   9.3271901e-12	   2.1883078e+02	
   1.5560125e-03	  -1.5134869e-05	   1.2190740e-03	  -2.1296512e-05	   9.0802380e-12	   2.1901971e+02	
  -1.7147185e-03	   2.8444963e-05	  -3.2377878e-04	   1.1750568e-05	   8.9320668e-12	   2.1914100e+02	
   2.6535707e-03	  -1.4305010e-04	  -4.6250284e-04	   1.3513694e-05	   8.4077684e-12	   2.1958987e+02	
  -3.4898449e-03	   2.0418651e-04	  -8.5234389e-04	   5.9991198e-05	   7.0628295e-12	   2.2057098e+02	
  -4.8728099e-04	  -1.6707661e-07	   9.3226691e-05	   6.5264242e-06	   8.8446837e-12	   2.1922186e+02	
  -2.2110793e-03	   5.8397374e-05	   1.2238393e-06	   4.7710073e-06	   8.8218881e-12	   2.1922928e+02	
   2.0730600e-03	  -1.0721900e-04	  -3.3877672e-03	   1.5789145e-04	   9.4183724e-12	   2.1875804e+02	
   6.6988105e-04	   1.6757671e-06	   3.4882246e-03	  -1.4867267e-06	   1.0288404e-11	   2.1794848e+02	
   2.3403667e-03	  -1.4727411e-04	  -1.3388781e-03	   7.0469137e-05	   7.8720724e-12	   2.2000489e+02	
   1.0682427e-03	  -3.0244475e-05	  -1.1093972e-03	   1.8967813e-05	   7.6631129e-12	   2.2013947e+02	
   7.5132700e-04	  -6.9073082e-05	   3.7287186e-03	  -4.0043501e-04	   9.0840373e-12	   2.1905583e+02	
  -8.9763036e-04	  -3.6057744e-05	   2.3418899e-04	   1.9073009e-05	   5.2733767e-12	   2.2167096e+02	
   3.3382960e-03	  -8.4009706e-05	   1.1767013e-03	  -3.3274584e-05	   9.5399488e-12	   2.1862968e+02	
  -1.0711343e-03	   1.2865493e-04	  -3.4598280e-03	   4.4642712e-04	   8.9054719e-12	   2.1920740e+02	
   2.1654102e-03	  -1.5376121e-04	   1.1714914e-03	  -9.4384730e-05	   1.2036064e-11	   2.1625513e+02	
   1.2057916e-04	  -2.4456441e-06	   9.9036433e-04	  -6.5588323e-05	   1.2719932e-11	   2.1551730e+02	
   2.1617590e-03	  -1.3565888e-05	   2.8409253e-03	  -2.0907337e-05	   9.8362910e-12	   2.1836068e+02	
  -2.0647841e-03	   2.5172679e-04	  -9.4100535e-04	   1.2126543e-04	   1.2575560e-11	   2.1569438e+02	
  -1.5892385e-03	  -4.9549556e-06	  -7.0084937e-04	   6.9523726e-06	   9.3499856e-12	   2.1878317e+02	
   3.8254859e-03	  -2.5397188e-04	   3.2513425e-04	  -2.8699637e-05	   9.2170115e-12	   2.1892104e+02	
  -2.8445913e-03	  -1.1386732e-05	   1.1468504e-03	   5.9035756e-05	   1.2503374e-11	   2.1625257e+02	
  -1.2434095e-03	   4.0340823e-05	   1.0125665e-03	  -2.7924980e-05	   1.1819507e-11	   2.1645915e+02	
  -1.1475866e-05	  -7.3099225e-06	  -8.4207766e-04	   3.4994582e-05	   1.4106662e-11	   2.1393988e+02	
   2.4723016e-03	   2.0028810e-04	  -1.2666717e-03	  -1.3011466e-04	   1.3096059e-11	   2.1558959e+02	
  -4.8840293e-04	   2.6461563e-05	  -9.1292940e-04	   5.4832082e-05	   1.3559569e-11	   2.1457139e+02	
  -3.4824212e-03	   3.9643906e-05	   1.3414476e-03	   4.4199387e-05	   7.3477742e-12	   2.2095549e+02	
   2.2592123e-03	  -8.9112800e-05	  -5.2803334e-04	   1.4520416e-05	   1.1599149e-11	   2.1669015e+02	
  -2.9110532e-04	  -5.1558694e-07	   2.6229097e-03	   2.8142780e-05	   1.0311199e-11	   2.1792437e+02	
   3.5959716e-03	  -6.1497806e-05	  -2.1759693e-03	   3.3319918e-05	   1.0459370e-11	   2.1779905e+02	
   1.8236669e-03	  -5.6361158e-05	   8.3529971e-04	  -3.0045063e-05	   8.3963707e-12	   2.1956770e+02	
   1.4983414e-03	  -5.6419111e-05	  -3.7506766e-03	   1.1873577e-04	   1.0884888e-11	   2.1741147e+02	
   7.0920522e-04	  -5.3370121e-06	   3.0285328e-04	  -3.3760882e-06	   7.7998864e-12	   2.2003035e+02	
   2.3574786e-03	  -8.8357898e-05	   4.3355795e-03	  -1.7393207e-04	   9.8286930e-12	   2.1839195e+02	
  -2.4098551e-03	   1.4398249e-04	  -9.9745751e-04	   6.6547039e-05	   8.0696341e-12	   2.1983870e+02	
   2.3868859e-03	  -5.2059158e-04	   8.3970092e-04	  -2.0288247e-04	   1.3236631e-11	   2.1499048e+02	
  -2.2823810e-03	   2.0238836e-04	  -7.8909971e-04	   7.5856518e-05	   1.2157641e-11	   2.1612709e+02	
   1.3763428e-03	  -9.7234232e-05	   9.7066353e-04	  -7.9866313e-05	   1.3544371e-11	   2.1459824e+02	
  -2.2192003e-03	   2.9237500e-04	  -1.8737894e-03	   2.5581225e-04	   1.3779926e-11	   2.1435362e+02	
  -9.6240473e-04	   1.3768030e-05	  -1.7578800e-03	   3.4885028e-05	   1.1405386e-11	   2.1686870e+02	
   1.0677994e-03	  -6.4117972e-05	   2.4685674e-03	  -1.6346807e-04	   7.9898496e-12	   2.1989945e+02	
   1.3323608e-03	  -9.3137147e-05	   1.0066425e-03	  -8.1740193e-05	   1.3555770e-11	   2.1458591e+02	
   1.1845705e-03	   1.5830761e-04	   2.5516947e-03	   2.9226378e-04	   9.8666851e-12	   2.1885333e+02	
   2.6080145e-03	  -2.4398719e-04	   2.0057370e-03	  -2.0571983e-04	   7.5795293e-12	   2.2023520e+02	
  -1.8064657e-03	   5.7511952e-05	  -5.1200852e-04	   2.0754089e-05	   8.0544371e-12	   2.1983641e+02	
   3.7954416e-03	  -4.9545826e-05	   1.7557307e-03	  -2.9097326e-05	   6.0104337e-12	   2.2125171e+02	
  -2.0959124e-04	   5.2569318e-06	  -2.4081152e-03	   1.2302295e-04	   7.9860503e-12	   2.1989493e+02	
  -1.4743963e-04	  -4.7056368e-06	   6.7382127e-04	   1.6511208e-05	   1.0064247e-11	   2.1814156e+02	
   7.2762402e-04	  -4.1340114e-05	  -2.3014645e-03	   1.1261518e-04	   7.9214628e-12	   2.1994516e+02	
  -7.0664009e-04	   7.2780514e-06	   1.2773143e-03	  -1.1241521e-06	   9.1942159e-12	   2.1891468e+02	
   8.4633017e-04	  -2.0603380e-05	  -1.1129789e-03	   2.0705847e-05	   8.2140061e-12	   2.1970537e+02	
   1.4951334e-03	  -1.4435836e-04	   2.6718353e-03	  -2.8130863e-04	   7.8720724e-12	   2.2001434e+02	
  -2.7448715e-03	   3.3384427e-04	   1.9975612e-03	  -2.2904584e-04	   7.5453358e-12	   2.2024875e+02	
  -1.2110233e-03	   4.5066350e-05	   1.6215364e-03	  -5.5373763e-05	   7.8948680e-12	   2.1996062e+02	
   1.9442983e-03	  -1.1546722e-05	   3.7989320e-03	  -3.4166860e-05	   5.1404025e-12	   2.2174495e+02	
   3.0968495e-03	  -3.0346219e-04	  -8.8701882e-04	   7.6470136e-05	   7.6897078e-12	   2.2013348e+02	
  -8.4367780e-04	   2.8765958e-05	  -3.7508292e-03	   1.6481339e-04	   6.7892826e-12	   2.2075331e+02	
  -1.4838823e-03	   2.6020347e-05	   1.1545146e-03	  -1.6473392e-05	   7.4085624e-12	   2.2030738e+02	
   6.5025827e-05	   3.6641253e-06	   3.4126334e-03	  -1.5537452e-04	   7.0324354e-12	   2.2058814e+02	
   1.0152523e-03	  -1.0099086e-04	  -3.1195058e-03	   2.8547872e-04	   8.5597390e-12	   2.1946627e+02	
   1.2193404e-03	  -1.5038801e-04	   2.9977774e-03	  -4.0249550e-04	   8.3393818e-12	   2.1965062e+02	
   2.4076321e-03	   3.3135001e-04	   3.2639693e-04	   3.1989975e-05	   9.0840373e-12	   2.1954940e+02	
  -4.6864671e-04	  -8.6544184e-05	  -2.5147286e-03	  -3.1731633e-04	   9.0992344e-12	   2.1953702e+02	
  -1.6818636e-03	  -2.9899318e-04	   6.5736785e-04	   1.4439801e-04	   5.5621207e-12	   2.2206482e+02	
  -1.3820599e-03	  -1.5431791e-04	   2.2929207e-03	   3.0866638e-04	   1.1185030e-11	   2.1759971e+02	
  -2.5474493e-03	   1.9349102e-04	   2.4616340e-03	  -8.0104055e-05	   8.4761553e-12	   2.2010849e+02	
   6.3958804e-04	  -8.9211943e-05	   3.3329665e-03	  -5.3046129e-04	   1.4129458e-11	   2.1396994e+02	
  -3.1860430e-03	   9.6973897e-05	  -1.6341999e-03	   1.2540622e-04	   7.6935070e-12	   2.2071218e+02	
  -1.5886511e-03	  -1.5899659e-05	   1.8232403e-03	   2.2268950e-05	   1.0311199e-11	   2.1791300e+02	
  -2.4151794e-03	  -3.0981660e-04	  -1.0299772e-03	  -9.7079816e-05	   7.9518569e-12	   2.2047826e+02	
  -1.6400780e-03	   7.8301011e-05	  -2.0260368e-03	   1.0625984e-04	   8.4875530e-12	   2.1950909e+02	
   1.6516865e-03	  -1.1575019e-05	  -3.2107396e-03	   1.4585636e-05	   9.9084773e-12	   2.1829455e+02	
  -2.9259361e-03	   7.1427457e-05	  -2.6939453e-03	   7.9655659e-05	   9.6577259e-12	   2.1854000e+02	
  -2.4816887e-03	   9.4886607e-05	  -2.0548075e-03	   8.7855351e-05	   1.1302807e-11	   2.1699168e+02	
   1.7551734e-03	  -6.1275423e-05	   4.9469792e-03	  -1.9184909e-04	   9.9198753e-12	   2.1831976e+02	
  -2.3920819e-03	   2.2249864e-05	  -7.9226829e-04	   1.3379874e-05	   9.4525657e-12	   2.1869164e+02	
   1.1539396e-04	   3.6465139e-06	   1.4492305e-03	  -8.6448974e-06	   8.9282675e-12	   2.1914112e+02	
  -2.4008989e-03	   5.0533475e-04	   8.1844553e-04	  -1.6186568e-04	   1.3251829e-11	   2.1497467e+02	
  -3.4359474e-03	   2.4080623e-04	  -2.3699015e-03	   1.7777696e-04	   1.1158434e-11	   2.1715880e+02	
   1.6008339e-03	  -8.8147637e-05	   4.1711124e-03	  -2.5332617e-04	   4.7908703e-12	   2.2191403e+02	
   1.9264089e-03	   3.5886383e-05	  -5.7664577e-04	  -2.0186091e-05	   6.4093563e-12	   2.2098850e+02	
  -3.5647116e-03	  -3.3152410e-04	  -4.1971337e-04	  -1.8396829e-06	   5.3607598e-12	   2.2218460e+02	
  -1.4791145e-04	   5.8330949e-06	  -4.5811974e-04	   3.1706635e-05	   1.3639354e-11	   2.1449443e+02	
  -3.3736364e-03	   7.7071694e-05	   7.7619970e-04	  -9.9915844e-06	   4.6616955e-12	   2.2198147e+02	
   4.5691578e-03	  -4.3443550e-05	   2.4463089e-04	  -5.7337904e-05	   4.6161043e-12	   2.2263067e+02	
  -2.6149471e-03	   2.6977713e-04	  -1.1867585e-03	   1.3362395e-04	   1.1986674e-11	   2.1632193e+02	
   1.2428516e-03	   3.2708278e-05	  -1.1822514e-03	  -4.2655764e-05	   5.4139494e-12	   2.2157841e+02	
   1.3087550e-03	  -5.1101430e-05	  -3.5190771e-03	   1.1781071e-04	   6.6601076e-12	   2.2084958e+02	
  -1.5356032e-03	   1.5951577e-04	  -1.3339997e-03	   1.4402828e-04	   1.3050468e-11	   2.1516412e+02	
  -2.0145739e-03	   1.2882895e-04	  -3.2613293e-03	   2.2438294e-04	   4.4413381e-12	   2.2209527e+02	
   3.6531882e-03	  -3.2268151e-04	   1.0048681e-03	  -1.0206951e-04	   9.0270483e-12	   2.1910372e+02	
  -5.3845820e-04	   1.6523745e-05	   3.9527025e-03	  -7.9825081e-05	   4.8630563e-12	   2.2187746e+02	
  -1.9046209e-03	   4.0134044e-05	  -1.0266442e-03	   2.7843844e-05	   7.3857668e-12	   2.2032926e+02	
  -8.9006004e-04	   4.0995870e-05	   3.7900611e-03	  -1.4472862e-04	   4.6730932e-12	   2.2197616e+02	
   3.1304361e-03	  -9.3370924e-05	  -1.2285757e-03	   3.0722547e-05	   4.5173234e-12	   2.2205685e+02	
   6.0632950e-04	  -2.1809982e-05	  -2.6879294e-03	   7.1839804e-05	   7.1502125e-12	   2.2049799e+02	
  -2.4864112e-03	   1.2203832e-04	  -2.5534002e-06	   6.1450970e-06	   7.7125034e-12	   2.2010115e+02	
   3.9805658e-03	   1.5350343e-04	  -1.2649160e-03	  -8.3229261e-05	   1.0261808e-11	   2.1850499e+02	
  -5.5674510e-04	   9.4695467e-06	  -3.1979973e-03	   8.8539211e-05	   4.5021263e-12	   2.2206480e+02	
   1.7054683e-03	   1.8897866e-05	  -2.2501798e-03	  -3.0136162e-05	   5.0112276e-12	   2.2179178e+02	
  -3.1065605e-03	   4.3466119e-05	   2.0116917e-03	  -1.9851985e-05	   4.8630563e-12	   2.2187689e+02	
   1.2633074e-03	  -4.0335279e-05	  -4.6188412e-03	   1.2457861e-04	   5.0454209e-12	   2.2178254e+02	
   8.7296026e-04	   9.6144910e-06	   1.6562558e-04	   9.0600088e-07	   7.1958037e-12	   2.2046581e+02	
   3.7019585e-03	  -6.2895386e-05	  -2.3505632e-03	   3.4734608e-05	   5.0340231e-12	   2.2178728e+02	
   3.5772284e-03	   9.1064937e-06	  -1.1801994e-03	  -6.1288649e-06	   5.1631981e-12	   2.2171413e+02	
  -3.0430747e-03	  -3.3302904e-07	   6.9007136e-04	   6.7421035e-06	   4.8668555e-12	   2.2187237e+02	
  -2.4093477e-03	   3.8358196e-04	   7.4779875e-04	  -1.0917321e-04	   1.3210036e-11	   2.1500864e+02	
  -3.9110510e-05	   1.8246334e-06	   3.1425171e-03	   4.5451434e-05	   5.1593988e-12	   2.2171289e+02	
   2.1585298e-03	  -3.3071705e-05	  -2.8126151e-03	   3.5604615e-05	   4.8022681e-12	   2.2191006e+02	
   5.8976764e-04	   8.7091054e-06	   3.2253103e-03	   3.4630868e-05	   5.1100084e-12	   2.2173904e+02	
  -1.2536986e-03	  -2.3058818e-05	  -8.6756933e-05	   1.5207449e-06	   4.4451374e-12	   2.2208799e+02	
   2.7889744e-04	   5.1666317e-06	   1.3210324e-03	   2.2891045e-05	   4.4717322e-12	   2.2207579e+02	
   2.4973899e-03	  -8.2694096e-05	   4.2937552e-03	  -1.5468044e-04	   5.0378224e-12	   2.2178526e+02	
  -2.1097499e-03	   1.6047848e-05	   1.5716732e-03	  -5.6497895e-06	   4.5287212e-12	   2.2204665e+02	
   2.2936915e-03	   3.0166788e-05	   5.3318333e-04	   5.0156111e-06	   4.8440601e-12	   2.2188070e+02	
  -2.8573785e-04	  -2.9384656e-06	   1.4904350e-03	   2.0103238e-05	   4.4337397e-12	   2.2209118e+02	
  -2.9146140e-04	  -3.1031198e-06	   2.1883522e-03	   3.5248216e-05	   4.8402608e-12	   2.2188106e+02	
  -6.1950666e-04	  -1.4926877e-05	   2.6519771e-04	   7.8354053e-06	   4.4641338e-12	   2.2208992e+02	
  -4.8487426e-03	   1.6307418e-04	  -1.9746498e-03	   7.7374821e-05	   5.2657782e-12	   2.2166099e+02	
  -1.8813473e-03	   2.4624171e-04	  -1.6626687e-03	   2.2646593e-04	   1.2370400e-11	   2.1591668e+02	
  -1.9125275e-04	  -4.9076717e-07	   1.0192932e-03	   1.6513729e-06	   7.3971646e-12	   2.2031389e+02	
  -1.7391528e-03	  -3.2077496e-05	   2.2434797e-03	   4.7440469e-05	   5.2961723e-12	   2.2163610e+02	
   9.1498057e-04	  -7.0243594e-05	   3.7931617e-03	  -3.2899735e-04	   9.1524239e-12	   2.1898409e+02	
  -2.4246163e-03	  -1.6840168e-05	   7.5390361e-04	   1.0956519e-05	   4.7642755e-12	   2.2192348e+02	
   2.1163917e-03	   2.8494698e-05	   5.3366653e-04	   5.1504879e-06	   4.7718740e-12	   2.2191965e+02	
  -2.6325112e-04	  -6.5955199e-06	   1.3369079e-03	   3.5131956e-05	   4.7642755e-12	   2.2192270e+02	
  -2.4807550e-03	  -1.2606207e-05	  -2.6021300e-03	  -2.9753803e-06	   5.0834136e-12	   2.2175736e+02	
  -5.4107466e-04	  -1.1299401e-05	   2.0332811e-03	   4.8032201e-05	   4.9884320e-12	   2.2180244e+02	
  -6.8739061e-05	  -1.3477587e-06	  -1.7484520e-04	   1.5772082e-06	   8.3583781e-12	   2.1959983e+02	
   1.3507650e-03	  -5.0276875e-05	   2.9999160e-03	  -1.2602877e-04	   7.0780266e-12	   2.2055468e+02	
   8.7517420e-04	   1.6560358e-05	  -1.5839615e-03	  -3.5570469e-05	   4.9048483e-12	   2.2184524e+02	
  -1.9837638e-03	   5.5910626e-05	  -4.8409097e-03	   1.5859453e-04	   5.4291464e-12	   2.2157238e+02	
   9.3009035e-04	   2.6780506e-05	   2.0506484e-03	   5.8425474e-05	   5.5013325e-12	   2.2151731e+02	
   3.1887727e-04	   1.1582633e-05	   1.0100170e-03	   4.0406921e-05	   5.0416217e-12	   2.2178031e+02	
   8.1284794e-04	   2.9699265e-05	   9.7012373e-04	   3.6962235e-05	   5.9648425e-12	   2.2124099e+02	
   2.1327657e-03	   5.3257070e-05	   5.2370142e-04	   1.2184048e-05	   5.1062092e-12	   2.2173867e+02	
  -1.3271678e-04	  -3.7324888e-06	   1.9577971e-03	   6.3091949e-05	   5.7292882e-12	   2.2138273e+02	
   1.4623587e-03	   5.0549944e-05	   2.0536572e-04	   6.9411858e-06	   5.1897929e-12	   2.2169236e+02	
   4.7947547e-04	   1.6400354e-05	  -1.0174542e-04	  -3.2700893e-06	   5.0758150e-12	   2.2176323e+02	
   9.2144700e-04	   3.7038608e-05	   1.9576285e-04	   8.8574418e-06	   5.2163877e-12	   2.2168982e+02	
   1.9913029e-04	   6.2423611e-06	   1.7027054e-03	   5.3656258e-05	   5.0872129e-12	   2.2174325e+02	
  -4.4002691e-05	  -4.9614140e-06	  -8.5830026e-04	  -3.3068693e-05	   5.4329457e-12	   2.2156667e+02	
  -7.7675556e-04	  -3.4657256e-05	  -8.4727362e-04	  -3.1110758e-05	   5.4443435e-12	   2.2155663e+02	
  -5.4596139e-04	  -2.2478009e-05	  -1.3908688e-03	  -4.6125020e-05	   5.9116529e-12	   2.2127933e+02	
  -3.6381627e-05	  -3.1875100e-06	   2.0402325e-04	   9.5903058e-06	   5.7064927e-12	   2.2140680e+02	
  -1.8504253e-05	  -2.0203168e-06	   5.8068581e-04	   2.4745737e-05	   5.7482845e-12	   2.2138389e+02	
   8.3406302e-05	   1.2142120e-06	  -3.6931776e-04	  -1.3722622e-05	   5.5621207e-12	   2.2149125e+02	
   1.1659622e-03	   2.6808018e-05	  -1.7091997e-03	  -4.4145251e-05	   6.0788204e-12	   2.2117709e+02	
  -6.0671797e-04	   3.0304551e-06	  -1.8367101e-03	   2.4192639e-05	   7.2793874e-12	   2.2039935e+02	
   1.8082993e-03	   5.0992799e-05	  -1.0092282e-03	  -3.0522952e-05	   5.7634816e-12	   2.2136430e+02	
   2.3537217e-03	  -1.6283401e-04	   2.8164639e-03	  -2.0915474e-04	   7.1540118e-12	   2.2051460e+02	
   3.9389028e-03	  -4.4781871e-05	   1.3311299e-03	  -1.9521878e-05	   6.0142330e-12	   2.2123334e+02	
  -5.1841324e-04	  -2.4021380e-05	  -6.1310854e-04	  -2.2024435e-05	   5.8090727e-12	   2.2134837e+02	
   8.5747244e-04	   1.5786145e-05	  -9.3771070e-04	  -2.0678990e-05	   6.7246951e-12	   2.2076711e+02	
   3.0306673e-04	   1.0189365e-05	   3.5451364e-04	   1.4135132e-05	   6.1130137e-12	   2.2116383e+02	
   5.5345649e-04	   1.8913839e-05	  -5.2326735e-04	  -1.8841418e-05	   6.0142330e-12	   2.2122680e+02	
   5.2033251e-05	   7.9573900e-07	   8.8633537e-04	   2.9801118e-05	   6.6449105e-12	   2.2083169e+02	
  -2.3899980e-03	  -2.2470533e-05	  -1.2380771e-04	   7.3543933e-06	   4.8136660e-12	   2.2191325e+02	
  -2.1192683e-05	  -2.7985071e-06	  -4.7757182e-04	  -1.2856565e-05	   6.5119364e-12	   2.2091506e+02	
   9.9121616e-05	  -3.0234335e-06	  -1.6777741e-04	   1.1205714e-06	   8.3925714e-12	   2.1957064e+02	
  -1.0135165e-03	   8.8346271e-05	   1.4583798e-03	  -1.2281134e-04	   1.2545166e-11	   2.1570697e+02	
  -6.8490153e-04	   5.0565002e-05	  -3.0850429e-03	   2.6116156e-04	   8.5901331e-12	   2.1944964e+02	
  -1.2931433e-03	  -4.7730151e-05	   2.2383341e-04	   1.1941174e-05	   6.0826196e-12	   2.2117236e+02	
   7.4446388e-05	  -1.0533080e-06	  -6.4799894e-04	  -1.1684148e-05	   6.9070597e-12	   2.2065652e+02	
  -2.0264390e-03	   6.5388551e-05	   2.7274389e-04	  -4.3318362e-06	   7.6821093e-12	   2.2011548e+02	
   1.0030617e-04	   1.1933354e-07	  -5.2486949e-04	  -1.1477265e-05	   6.7778848e-12	   2.2074192e+02	
   9.8102028e-04	  -5.0335679e-05	  -4.1791002e-03	   1.8053742e-04	   6.5005386e-12	   2.2094202e+02	
  -1.2266797e-03	  -1.4773783e-05	   2.1518721e-03	   3.2050540e-05	   6.4055570e-12	   2.2097725e+02	
   3.6287750e-04	  -3.9459114e-08	   4.9785536e-04	   8.7358148e-07	   7.3743690e-12	   2.2033659e+02	
  -1.9588129e-03	   5.6964152e-05	   6.7603618e-04	  -1.5527627e-05	   8.6547206e-12	   2.1936273e+02	
   1.5178796e-04	   2.4355780e-07	   5.1518136e-05	   3.6913411e-07	   7.0894243e-12	   2.2053157e+02	
  -1.7861742e-04	  -5.9303073e-06	  -2.0670887e-03	  -1.4977259e-05	   6.7284944e-12	   2.2077028e+02	
  -2.4637027e-03	   8.2589795e-05	   3.0117153e-03	  -8.8137855e-05	   6.6145164e-12	   2.2086470e+02	
  -1.6170443e-04	   1.5614479e-05	   4.6256014e-03	  -2.6408176e-04	   1.4858917e-11	   2.1307043e+02	
  -1.8350926e-03	   4.5827473e-04	   1.5568155e-03	  -3.7396391e-04	   1.7632378e-11	   2.0947716e+02	
   2.4708309e-03	  -4.4593519e-04	   1.3698453e-04	  -3.7021044e-05	   1.7381627e-11	   2.0980076e+02	
   4.1844337e-04	  -3.7772294e-05	  -7.5012073e-04	   5.1713323e-05	   1.7035894e-11	   2.1022682e+02	
   3.5727118e-03	  -1.9920346e-04	   2.4838369e-03	  -1.4435333e-04	   1.5626367e-11	   2.1211574e+02	
  -2.6397048e-03	   9.9036733e-05	  -8.7577626e-04	   3.9015533e-05	   1.5918911e-11	   2.1170333e+02	
  -2.9009662e-03	   1.4729286e-04	   2.2132536e-03	  -1.0415898e-04	   1.5782137e-11	   2.1190050e+02	
   2.5652392e-03	  -7.0520291e-05	  -7.6007992e-04	   1.8602912e-05	   1.5702353e-11	   2.1197388e+02	
  -1.4835608e-03	   3.3572898e-05	  -2.6591594e-03	   7.1107704e-05	   1.5428806e-11	   2.1232541e+02	
   2.0602246e-03	  -2.4029839e-04	   3.4946107e-03	  -4.2834008e-04	   1.4463794e-11	   2.1357394e+02	
   1.1695940e-04	  -7.5887886e-06	   1.5053048e-03	  -1.7540999e-04	   1.7495605e-11	   2.0959690e+02	
  -2.0096397e-03	   3.0258341e-04	   2.7731744e-04	  -3.7806269e-05	   1.7803346e-11	   2.0917805e+02	
  -1.2807899e-03	   1.5071330e-04	   3.9515331e-04	  -4.5501525e-05	   1.7757754e-11	   2.0922257e+02	
   1.7375157e-03	  -2.1363486e-04	  -3.5294356e-05	  -4.6068128e-06	   1.7476609e-11	   2.0962996e+02	
   3.0798979e-03	  -2.9243376e-04	  -1.4552624e-03	   1.3064490e-04	   1.6367224e-11	   2.1116164e+02	
   9.3858513e-04	  -8.7417815e-05	   2.0494797e-03	  -2.0670357e-04	   1.6883924e-11	   2.1045015e+02	
   2.6177515e-03	  -3.7966827e-04	  -5.3608433e-04	  -2.3211933e-05	   1.7567791e-11	   2.0995681e+02	
   4.5585425e-03	  -3.5931122e-04	  -4.2068726e-05	  -5.7096279e-06	   1.5732747e-11	   2.1200815e+02	
  -2.3778088e-03	   7.4918374e-05	  -8.1346505e-04	   3.1973979e-05	   1.5842925e-11	   2.1179854e+02	
  -1.6754649e-03	   2.3512909e-04	   1.2193206e-03	  -1.6522531e-04	   1.8422625e-11	   2.0827319e+02	
  -2.1427975e-03	   2.0241953e-04	   5.7451796e-04	  -5.0266688e-05	   1.9125488e-11	   2.0720129e+02	
   1.6451973e-03	  -5.2917123e-05	   6.4610161e-04	  -2.2311244e-05	   1.4482790e-11	   2.1347631e+02	
  -2.1569459e-05	   7.0282842e-06	   1.7346546e-03	  -2.0385781e-04	   1.8308647e-11	   2.0843059e+02	
   1.2352262e-03	  -7.7635559e-05	   3.9323290e-03	  -2.6811386e-04	   1.5865721e-11	   2.1181515e+02	
   1.3685863e-03	  -6.4942018e-05	  -1.3397678e-03	   5.7921039e-05	   1.6253247e-11	   2.1126483e+02	
   3.9638525e-04	  -4.7386897e-05	   2.0525961e-03	  -2.8330891e-04	   1.8453019e-11	   2.0823043e+02	
   3.7538322e-03	  -2.2767383e-04	  -1.8659112e-04	   6.3261421e-06	   1.5896115e-11	   2.1176560e+02	
   6.4061145e-04	  -1.0501211e-04	   2.2507872e-03	  -4.0741731e-04	   1.7529799e-11	   2.0958978e+02	
  -1.1024735e-03	   1.3072807e-04	   1.6376062e-03	  -1.8569217e-04	   1.7267649e-11	   2.0992722e+02	
  -1.7728431e-03	   7.3864110e-05	  -5.4301154e-04	   2.9554763e-05	   1.6317834e-11	   2.1118227e+02	
  -2.5219194e-03	   4.7943199e-04	   5.5823792e-04	  -9.7527846e-05	   1.8464417e-11	   2.0825127e+02	
   2.2351824e-03	  -2.9524757e-04	   1.1670117e-03	  -1.6375133e-04	   1.8851941e-11	   2.0764134e+02	
  -3.7553967e-03	   9.0591435e-05	  -4.8094787e-04	   7.4584644e-05	   1.5975900e-11	   2.1209852e+02	
   1.9781772e-03	  -6.2543826e-05	  -2.8643699e-03	   8.4997813e-05	   1.4980493e-11	   2.1289206e+02	
  -3.8687815e-04	   7.9944772e-06	  -3.2196121e-03	   1.0657650e-04	   1.5546583e-11	   2.1218152e+02	
   8.2090842e-04	  -8.4398533e-05	   1.3373219e-03	  -1.4942265e-04	   1.8415027e-11	   2.0827076e+02	
  -3.3735059e-03	   1.5294785e-04	  -3.0663733e-03	   1.4925937e-04	   1.5193252e-11	   2.1265407e+02	
   1.3251940e-03	  -1.9413583e-05	   1.4397070e-03	  -2.5307043e-05	   1.5516189e-11	   2.1220291e+02	
  -1.7580999e-04	   1.3307937e-05	   1.5091479e-03	  -9.4412241e-05	   1.6743351e-11	   2.1061680e+02	
   3.8300837e-04	  -3.1093565e-05	  -2.9612319e-03	   2.0157306e-04	   1.4308024e-11	   2.1371316e+02	
  -2.1900169e-04	   8.9048141e-06	  -2.5215961e-03	   1.5548758e-04	   1.6378622e-11	   2.1111283e+02	
   3.6173007e-04	  -4.0942494e-05	  -7.2106898e-04	   6.2938983e-05	   1.8529004e-11	   2.0809616e+02	
   2.9966770e-03	  -3.4836355e-04	   2.3392642e-04	  -3.5636771e-05	   1.6690161e-11	   2.1073406e+02	
  -1.9264070e-03	   1.2772883e-04	   3.3586435e-03	  -2.0890484e-04	   1.5907513e-11	   2.1175208e+02	
   1.5673662e-03	  -7.3384327e-05	  -9.8063611e-04	   4.2120111e-05	   1.6333031e-11	   2.1115532e+02	
   4.8136847e-03	  -2.7793644e-04	   1.7493488e-03	  -1.0640489e-04	   1.5071676e-11	   2.1281828e+02	
   1.0057864e-03	  -1.0948407e-04	   9.6309379e-04	  -1.1149328e-04	   1.7552594e-11	   2.0951332e+02	
