SDDS1
&description text="Twiss parameters--input: BYBL0.ele  lattice: BYBL.lte", contents="Twiss parameters", &end
&column name=x, units=m, type=double,  &end
&column name=xp, symbol=x', type=double,  &end
&column name=y, units=m, type=double,  &end
&column name=yp, symbol=y', type=double,  &end
&column name=t, units=s, type=double,  &end
&column name=p, units="m$be$nc", type=double,  &end
&data mode=ascii, &end
7166
   8.9849465e-06	   8.2534408e-05	  -3.4429746e-05	   1.2497934e-05	  -3.2885659e-10	   2.0403882e+02	
   5.5140180e-04	   2.3113828e-04	  -1.2546866e-03	  -5.2898119e-04	  -3.1282750e-10	   1.6999412e+02	
   1.6277994e-03	   5.7504953e-04	   3.5466727e-03	   1.2612453e-03	  -3.1286549e-10	   1.7017130e+02	
   4.1710311e-03	   1.1824776e-03	   3.5503831e-03	   1.0162981e-03	  -3.0062806e-10	   1.3571666e+02	
   5.4286298e-03	   1.1257486e-03	  -2.2639585e-03	  -4.6080750e-04	  -2.8496370e-10	   8.5890679e+01	
   3.2568021e-05	  -2.5018817e-07	  -2.3076143e-05	  -2.2669147e-06	   0.0000000e+00	   2.2384255e+02	
  -1.0704839e-03	  -2.4080838e-05	  -7.8038738e-04	  -1.1798201e-05	  -4.4831301e-13	   2.2389725e+02	
  -2.2188431e-03	   2.9045704e-05	   1.0194492e-03	   1.9867953e-07	  -3.7232775e-13	   2.2389182e+02	
   3.5029025e-04	  -2.9633084e-06	  -5.9199934e-04	  -3.4048402e-05	  -7.1426140e-13	   2.2394316e+02	
  -8.9090011e-04	   2.3821654e-05	   2.2657766e-03	  -2.1025141e-05	  -4.0272185e-13	   2.2389316e+02	
   8.2054243e-04	   1.3199342e-05	   1.7602923e-03	   1.6275675e-05	  -3.8752480e-13	   2.2389092e+02	
   1.7463678e-03	  -1.3098670e-05	   1.8268431e-03	  -2.4793751e-05	  -4.0652112e-13	   2.2389077e+02	
  -2.1988355e-03	   1.1680907e-05	   5.8634325e-04	   9.0734038e-06	  -4.6351006e-13	   2.2389699e+02	
   4.0583941e-03	  -5.4628467e-05	  -3.0730963e-03	   1.9731264e-05	   7.3705698e-13	   2.2376241e+02	
   7.6821008e-04	   2.4445596e-05	   4.3634751e-03	   5.5530424e-05	   7.6365181e-13	   2.2372863e+02	
   1.3002205e-03	  -9.8400022e-06	  -2.0146514e-03	  -2.9609219e-06	  -3.6852849e-13	   2.2388744e+02	
  -1.2397330e-03	  -2.3496032e-06	  -1.9545322e-03	   1.8713583e-05	  -4.7870711e-13	   2.2389558e+02	
  -2.1310963e-03	   1.0555490e-06	   3.5870386e-05	   1.0893989e-05	  -4.9770342e-13	   2.2389920e+02	
  -3.2908753e-03	  -1.2022010e-04	   7.2720720e-04	   4.5656494e-05	   1.0599944e-12	   2.2364990e+02	
  -7.7687985e-04	  -2.2925195e-05	   6.0987710e-04	   3.7504424e-05	  -7.1806066e-13	   2.2394265e+02	
   1.3444531e-03	  -7.7032181e-06	   2.1502467e-03	  -2.6420973e-05	  -3.9892259e-13	   2.2389108e+02	
  -4.9057259e-04	   1.9078917e-05	   2.3201817e-03	  -1.9895343e-05	  -5.0530195e-13	   2.2389593e+02	
   1.7143468e-04	   4.3614296e-05	   9.8522908e-04	   2.8224468e-05	   1.0637936e-13	   2.2383599e+02	
   8.7696710e-04	  -6.0383464e-07	  -1.6987247e-03	  -1.5550387e-05	  -5.0910121e-13	   2.2389591e+02	
   6.1712646e-04	   1.7110205e-05	  -4.5700786e-04	  -3.5787439e-05	  -6.8766656e-13	   2.2394065e+02	
   1.3177910e-03	   7.2048839e-06	   1.7070360e-03	  -1.3691898e-05	  -3.9132406e-13	   2.2388965e+02	
   1.9838160e-03	  -4.7923343e-06	  -5.6382594e-04	  -1.2711334e-05	  -5.7368868e-13	   2.2390466e+02	
  -7.9247876e-04	   1.4325211e-05	   2.0319008e-03	   1.3531148e-06	  -5.2809752e-13	   2.2390063e+02	
   7.3700049e-04	   2.2422922e-05	   1.6027685e-03	   4.6447173e-06	  -2.7734618e-13	   2.2387922e+02	
  -3.7932298e-03	   2.5453576e-05	   2.9956400e-03	   2.0766290e-06	   7.9024665e-13	   2.2374284e+02	
   1.9596387e-03	   1.2757274e-04	  -3.0031587e-04	  -4.3549689e-05	   1.0371987e-12	   2.2363650e+02	
  -6.7791089e-04	   2.1445206e-05	   2.3387603e-03	  -2.2515263e-05	  -3.9892259e-13	   2.2389294e+02	
  -1.1183826e-03	  -1.3099239e-05	  -1.8148062e-03	   7.3775347e-06	  -3.2673660e-13	   2.2388451e+02	
  -8.6234241e-04	   2.1795076e-05	   2.4226684e-03	  -2.8730670e-05	  -3.7612701e-13	   2.2389202e+02	
  -1.0911820e-03	  -8.9014755e-06	  -1.9624681e-03	   1.3267960e-05	  -3.6092996e-13	   2.2388709e+02	
   8.6696588e-04	   2.8673166e-05	  -3.3656941e-04	  -3.1216191e-05	  -7.4845476e-13	   2.2394578e+02	
   8.4008344e-04	   2.9704398e-05	   3.7995904e-04	  -7.8060262e-06	  -6.7626877e-13	   2.2394136e+02	
   2.1026814e-03	  -1.2596907e-05	  -6.4987884e-04	  -1.0346675e-05	  -5.5089310e-13	   2.2390071e+02	
   1.3015623e-03	  -2.7816365e-05	  -2.0085842e-03	   1.2738846e-05	  -4.4831301e-13	   2.2389503e+02	
  -3.9139896e-04	  -1.1816851e-05	  -2.2113568e-03	   1.1808414e-05	  -5.3189679e-13	   2.2389834e+02	
   1.3087703e-03	  -5.9440825e-06	  -1.3712040e-03	  -2.3679713e-05	  -2.6214913e-13	   2.2387820e+02	
  -1.2552633e-03	   1.4498865e-05	   1.8126036e-03	   3.2858425e-06	  -5.1669974e-13	   2.2389934e+02	
   8.5823194e-04	   8.7758385e-05	   1.1990856e-03	   8.3248595e-05	   1.0713921e-12	   2.2363141e+02	
  -1.2806176e-03	  -1.8062420e-05	  -9.9720799e-04	   1.2146033e-06	  -6.3827614e-13	   2.2391149e+02	
  -3.2299115e-04	   1.6833733e-05	   2.4283306e-03	  -2.6714997e-05	  -3.8372554e-13	   2.2389451e+02	
   1.3953718e-03	   1.7494595e-05	   2.3604351e-04	  -9.5983438e-06	  -6.5727246e-13	   2.2392081e+02	
   2.4958698e-03	  -1.7429002e-05	   4.4300162e-03	  -6.3537301e-05	   7.7125034e-13	   2.2376002e+02	
  -8.1603280e-04	  -5.4637629e-06	  -2.1895145e-03	   2.4857517e-05	  -4.6730932e-13	   2.2389411e+02	
  -2.1231516e-03	   1.1560540e-07	   1.6948311e-04	   1.1258224e-05	  -4.8250637e-13	   2.2389905e+02	
  -1.0016720e-03	  -3.7105484e-05	  -5.3747771e-04	  -1.7127011e-05	  -5.6988941e-14	   2.2385752e+02	
   2.0462235e-03	   9.3280734e-06	   1.1742897e-03	  -2.0498150e-07	  -3.3053586e-13	   2.2388476e+02	
  -6.6606618e-04	   2.0775063e-05	   2.4166151e-03	  -2.8781321e-05	  -3.7612701e-13	   2.2389235e+02	
   8.7432855e-04	  -5.2758654e-06	  -1.0182689e-03	  -3.6723022e-05	  -4.1791890e-14	   2.2385079e+02	
  -1.7315755e-03	  -1.0753259e-04	   1.0031961e-03	   8.7683946e-05	   9.9920615e-13	   2.2364431e+02	
  -4.8218234e-04	  -5.3776849e-05	  -8.1911289e-04	  -9.3683935e-06	   2.0516019e-13	   2.2382335e+02	
  -2.3660285e-04	  -5.6344327e-05	  -9.9366897e-04	  -8.1646876e-05	   4.8630563e-13	   2.2376554e+02	
   8.8032582e-04	   6.4238253e-06	   2.1229657e-03	  -2.0122222e-05	  -4.1032038e-13	   2.2389135e+02	
  -5.1945618e-04	  -1.9367727e-05	   1.6165883e-03	   1.2856439e-04	   1.0409980e-12	   2.2363509e+02	
   2.9222655e-03	   8.0787733e-06	   3.8458746e-03	  -1.4768975e-05	   7.9024665e-13	   2.2373990e+02	
  -8.1939845e-04	  -9.7921827e-05	  -5.4848218e-04	  -1.9150318e-05	   7.2185992e-13	   2.2371761e+02	
  -1.7255174e-03	   8.4746954e-06	  -1.7260415e-03	   2.1638982e-05	  -3.7232775e-13	   2.2389130e+02	
   3.2811047e-04	   6.4386263e-05	   8.0887332e-04	   5.5291649e-05	   4.6351006e-13	   2.2376934e+02	
   6.0673752e-04	  -1.4593183e-05	  -1.4139750e-03	  -3.1625806e-05	  -1.1397788e-13	   2.2386186e+02	
   4.3807191e-04	   1.7871234e-05	   1.9243475e-03	  -6.8371860e-07	  -3.6472923e-13	   2.2388771e+02	
   4.8524582e-03	  -7.3864862e-05	   1.8585477e-03	  -4.6572926e-05	   7.2945845e-13	   2.2377137e+02	
   2.0426377e-03	  -6.8280854e-06	   1.3219153e-03	  -1.2800394e-05	  -4.0272185e-13	   2.2388916e+02	
  -2.2686252e-03	   2.1488452e-05	   1.0324624e-03	  -2.0888778e-07	  -3.6852849e-13	   2.2388934e+02	
   2.1098460e-03	  -3.8585923e-05	  -1.4601288e-03	   1.2994471e-05	  -3.5333144e-13	   2.2388288e+02	
   2.3846332e-03	  -2.5875955e-05	   9.5762200e-05	  -1.4299317e-05	  -4.7110858e-13	   2.2389652e+02	
   1.3047686e-03	   1.3126757e-05	   1.2636251e-03	  -1.3992863e-06	  -5.9268499e-13	   2.2390869e+02	
   1.3803731e-03	  -3.6845334e-06	  -1.3957275e-03	  -1.6977292e-05	  -5.2429826e-13	   2.2390492e+02	
   5.9090917e-04	  -1.7855608e-05	  -1.9868559e-03	  -8.5462166e-06	  -3.3053586e-13	   2.2388486e+02	
   2.5358379e-03	   5.2631997e-05	   3.2884558e-03	   4.3961575e-05	   1.0789906e-12	   2.2366309e+02	
  -4.5236985e-04	   1.1735870e-05	   4.5627707e-03	   3.3295052e-05	   7.9784518e-13	   2.2372797e+02	
  -1.1219763e-03	  -6.3954986e-05	   1.3947121e-03	   1.1465430e-04	   1.1625744e-12	   2.2360783e+02	
  -7.4761338e-04	  -4.9148503e-05	  -4.2618984e-04	   2.0445740e-05	   1.4057272e-13	   2.2383120e+02	
  -1.5156618e-03	  -1.6545518e-05	  -1.7146013e-03	  -1.8696237e-06	  -7.2185992e-14	   2.2385863e+02	
  -1.9453726e-03	  -7.7233979e-06	  -5.9769930e-05	   1.0717914e-05	  -5.3189679e-13	   2.2390308e+02	
  -4.1177801e-03	   3.7205538e-05	  -3.0054486e-03	   4.8894008e-05	   7.3705698e-13	   2.2376370e+02	
  -4.9274496e-04	   1.9356564e-05	   2.3921064e-03	  -2.4754102e-05	  -4.3691522e-13	   2.2389433e+02	
   4.1306489e-03	   6.6014593e-05	  -9.2115217e-04	  -3.2411762e-05	   9.8400910e-13	   2.2368255e+02	
  -1.6722966e-03	   2.6887266e-05	   1.8873055e-03	  -1.7784177e-05	  -4.5971079e-13	   2.2388572e+02	
   1.0297064e-03	   9.8284101e-06	  -4.8008301e-04	  -3.3373324e-05	   4.2171817e-13	   2.2377605e+02	
   4.4298452e-03	  -3.3975269e-05	  -2.3334592e-04	  -1.7190210e-05	   1.2233626e-12	   2.2365509e+02	
   6.8047018e-04	   5.2252018e-05	   6.0122750e-04	  -7.6139928e-06	   1.6336830e-13	   2.2383092e+02	
   3.1045916e-04	   4.5065650e-06	  -6.5798813e-04	  -2.8647964e-05	   8.3583781e-14	   2.2383691e+02	
   5.9426260e-04	   1.6158955e-05	  -4.5153850e-04	  -3.6005965e-05	  -6.0028352e-13	   2.2393280e+02	
   2.2746403e-03	   1.4159123e-04	  -2.7670581e-06	  -2.0904501e-05	   8.9662601e-13	   2.2367006e+02	
   2.5108193e-04	   1.2018885e-05	   1.3097160e-03	   2.8115252e-05	  -3.5713070e-13	   2.2389182e+02	
  -4.1908293e-04	   1.8871667e-05	   1.4675737e-03	   2.4906305e-05	  -2.5455060e-13	   2.2387458e+02	
   1.8574847e-03	  -2.1249253e-05	  -4.6021024e-03	   8.8714959e-06	   7.0286361e-13	   2.2375730e+02	
   1.3318732e-03	  -1.2589775e-05	  -1.8591290e-03	  -8.4863692e-06	  -1.7096682e-13	   2.2387744e+02	
  -4.2402077e-04	  -6.2143689e-06	  -2.4007123e-03	   9.0315638e-06	  -3.6472923e-13	   2.2388914e+02	
  -1.9652777e-03	   3.0911627e-05	  -1.6690601e-03	   3.6252159e-05	  -4.6730932e-13	   2.2388621e+02	
   1.3687290e-03	  -2.8527976e-05	  -2.1261410e-03	   2.0069484e-05	  -3.8752480e-13	   2.2389427e+02	
   2.0690529e-03	  -7.9226637e-06	  -1.3139330e-04	  -1.2618404e-05	  -6.2687836e-13	   2.2390480e+02	
  -2.2335744e-03	   6.4295952e-06	  -7.2567687e-04	   1.2595844e-05	  -3.9512333e-13	   2.2389177e+02	
   1.4512230e-03	   7.8033282e-05	  -1.5640545e-03	  -1.1750552e-04	   7.4085624e-13	   2.2370180e+02	
   3.5471537e-04	   5.0327291e-05	   1.4144419e-03	   1.0937652e-04	   1.1625744e-12	   2.2361092e+02	
   4.5398024e-05	   1.2384409e-05	   2.4518276e-03	  -2.8112952e-05	  -4.1032038e-13	   2.2389134e+02	
  -8.8636397e-04	   2.0726059e-05	   2.1752236e-03	  -1.2754555e-05	  -5.0150268e-13	   2.2389836e+02	
  -2.4857700e-03	   3.8852956e-05	   6.2318510e-04	   1.8498209e-07	  -2.8874397e-13	   2.2389126e+02	
  -2.3247443e-03	   1.7895948e-05	  -2.7359453e-04	   1.4714256e-05	  -4.1032038e-13	   2.2389188e+02	
  -9.4671114e-04	   3.6720129e-06	  -4.9992645e-03	   1.1547598e-04	   8.8142896e-13	   2.2375808e+02	
   1.2608065e-03	   2.4760183e-06	  -9.3460568e-04	  -3.1014189e-05	  -1.4057272e-13	   2.2386474e+02	
  -1.6886451e-03	  -1.2967890e-04	  -4.7108337e-05	   2.2921191e-05	   6.9906435e-13	   2.2371325e+02	
   3.7394553e-03	   2.0457927e-05	  -2.8333969e-03	  -3.6250619e-05	   6.5347319e-13	   2.2375282e+02	
  -7.0019326e-04	  -2.9530392e-05	  -9.6515679e-04	  -8.5609259e-06	  -7.6745108e-13	   2.2393200e+02	
  -4.5904259e-04	  -2.1877654e-05	  -1.8457564e-03	  -9.0841918e-06	  -2.4695208e-13	   2.2387750e+02	
   1.0965652e-03	  -3.8261306e-06	   2.1943455e-03	  -2.9881319e-05	  -4.4831301e-13	   2.2389503e+02	
  -1.6018943e-04	  -1.8458798e-05	  -3.5910883e-04	  -1.0107888e-05	  -1.3677346e-13	   2.2387116e+02	
  -4.4812485e-04	  -2.6425882e-05	  -1.1648077e-03	  -1.6712781e-05	  -7.0286361e-13	   2.2392431e+02	
   5.6846750e-04	   1.5330753e-05	   1.9985033e-03	  -4.2072539e-06	  -3.5333144e-13	   2.2388867e+02	
   7.9731167e-04	   2.5106628e-05	   3.1562413e-04	  -1.0029954e-05	  -7.3325771e-13	   2.2394500e+02	
   9.9580837e-05	  -7.7989442e-06	  -2.2091497e-03	  -1.0568926e-05	  -3.7232775e-13	   2.2388936e+02	
  -2.1982600e-03	   2.5270902e-05	   9.7781638e-04	   2.4921625e-06	  -4.0652112e-13	   2.2389049e+02	
   3.2475312e-04	   4.1919074e-05	   1.0261943e-03	   1.7410921e-05	   4.5591153e-14	   2.2384041e+02	
   2.5769590e-04	  -6.5353364e-06	  -1.4050934e-03	  -1.1951844e-04	   5.2049900e-13	   2.2375174e+02	
   5.4549695e-04	  -9.4231280e-06	  -4.6193314e-04	  -5.1185810e-05	   3.0394102e-13	   2.2380270e+02	
   3.7544667e-03	   1.3685701e-05	   2.8732585e-03	  -9.2651858e-06	   8.2444002e-13	   2.2372873e+02	
  -4.1041896e-03	   4.5748570e-05	   2.7642664e-03	  -9.0355857e-06	   8.1304223e-13	   2.2374654e+02	
   1.5767829e-03	   3.3790578e-05	   1.0258702e-03	   1.7806230e-05	  -1.8616388e-13	   2.2386492e+02	
  -2.3444109e-03	   1.1199170e-05	  -7.4319833e-04	   1.0911369e-05	  -3.6092996e-13	   2.2388975e+02	
   2.1968910e-03	  -1.7585285e-05	   1.1523435e-03	  -1.8382821e-05	  -4.2931669e-13	   2.2389210e+02	
  -1.1470785e-03	   1.8844480e-05	   2.1000216e-03	  -5.9611917e-06	  -4.0652112e-13	   2.2389302e+02	
   3.8798989e-04	   2.0324705e-05	   1.4937860e-04	   1.0366122e-06	   1.1017862e-13	   2.2382826e+02	
  -2.1044700e-03	   2.7372332e-05	   1.2099504e-03	  -8.0445402e-07	  -3.6852849e-13	   2.2389380e+02	
  -1.1140851e-03	  -8.0374712e-05	   5.3043245e-04	   7.4083697e-05	   3.8752480e-13	   2.2377946e+02	
  -2.0312153e-03	   4.0989131e-06	  -1.2261823e-03	   1.3693190e-05	  -3.7612701e-13	   2.2389149e+02	
  -4.7958219e-03	   1.1430740e-04	   1.4926749e-03	  -1.5805655e-05	   8.8902749e-13	   2.2375685e+02	
   2.6634009e-04	  -5.2301960e-06	  -1.6244668e-03	  -1.2863684e-04	   1.0182024e-12	   2.2364726e+02	
   1.3516794e-03	  -7.5172105e-06	  -1.9413311e-03	  -6.3803187e-06	  -3.6092996e-13	   2.2388494e+02	
   3.5781932e-04	   9.5139314e-06	   2.3476415e-03	  -2.6126694e-05	  -4.9770342e-13	   2.2389863e+02	
   1.2034186e-03	  -3.4522494e-06	   1.9956698e-03	  -2.9753979e-05	  -5.8508647e-13	   2.2389660e+02	
  -2.0497026e-03	   1.8565417e-06	  -4.5832649e-03	   4.6504220e-05	   7.9024665e-13	   2.2374981e+02	
  -1.4932944e-03	  -1.4215630e-05	   2.0389123e-05	   1.2462005e-05	  -6.7626877e-13	   2.2391713e+02	
  -6.8539358e-04	   2.2526902e-05	   2.2786211e-03	  -2.1410469e-05	  -4.6351006e-13	   2.2389820e+02	
   1.3176776e-03	   1.2490042e-05	  -3.7139227e-04	  -1.8418641e-05	  -6.7246951e-13	   2.2392188e+02	
   2.1214989e-04	   1.4944001e-05	   1.8894380e-03	   6.9759714e-06	  -5.8128720e-13	   2.2390912e+02	
  -1.0203893e-04	  -1.8238780e-05	  -1.4966088e-03	  -1.9199518e-05	  -6.5727246e-13	   2.2391865e+02	
  -4.5768443e-03	  -4.6068074e-05	   2.7653242e-04	   2.0881107e-05	   6.8006803e-13	   2.2374660e+02	
   1.4610608e-03	   1.0898783e-05	   1.5625910e-03	   3.3074317e-06	  -4.0652112e-13	   2.2388959e+02	
  -3.0575273e-03	  -5.7602839e-05	   2.8838875e-03	   7.7437448e-05	   5.8888573e-13	   2.2375529e+02	
   7.3401407e-04	   1.7529156e-05	  -2.0556892e-04	  -2.6488498e-05	  -9.6121348e-13	   2.2395920e+02	
  -5.9359185e-04	  -3.9398280e-05	  -6.7780645e-04	   8.8804363e-06	   5.8888573e-13	   2.2375441e+02	
  -1.1427749e-03	  -6.3580202e-05	   1.5393522e-03	   1.2182182e-04	   1.1473774e-12	   2.2361345e+02	
   2.1927252e-03	  -7.0795635e-06	  -6.3092047e-04	  -1.0745834e-05	  -4.3691522e-13	   2.2389568e+02	
   8.6725601e-04	   8.8133603e-06	  -4.4445553e-04	  -2.4004466e-05	  -7.4085624e-13	   2.2394490e+02	
  -8.9545718e-04	  -3.1276194e-05	   3.1562111e-04	   2.9495417e-05	  -6.1548057e-13	   2.2393441e+02	
  -7.5830623e-04	  -6.2295719e-05	  -3.6994760e-04	   2.0923583e-05	   9.4981569e-14	   2.2383572e+02	
  -1.3096094e-03	  -1.1894107e-04	  -2.8598615e-04	   6.4711005e-06	   8.8902749e-13	   2.2367748e+02	
   1.3940270e-03	   5.9938963e-06	  -2.5370584e-04	  -8.4615190e-06	  -9.0042527e-13	   2.2392713e+02	
   2.4009534e-03	  -2.9185551e-05	  -6.8453022e-04	  -3.7787509e-06	  -4.0272185e-13	   2.2389443e+02	
  -1.7591860e-03	  -8.0345579e-06	  -9.9870447e-05	   1.1368545e-05	  -6.4587467e-13	   2.2390856e+02	
   7.7623756e-04	  -1.1005325e-05	  -1.8432749e-03	  -1.4034943e-05	  -5.2809752e-13	   2.2390511e+02	
   6.2579310e-06	   1.5198763e-05	   1.7967574e-03	   7.8572570e-06	  -6.6867025e-13	   2.2391118e+02	
   1.2233308e-03	  -2.0901026e-05	  -2.0091180e-03	   4.9228593e-06	  -4.8630563e-13	   2.2389910e+02	
   8.9713045e-04	   2.7630496e-05	   3.6472740e-04	  -1.1258658e-05	  -9.7261127e-13	   2.2395848e+02	
  -1.5535818e-03	   2.9153484e-06	  -1.8652340e-03	   1.8618610e-05	  -3.5333144e-13	   2.2389194e+02	
  -1.2282544e-03	   2.4660702e-05	   2.1184068e-03	  -1.5150943e-05	  -3.6472923e-13	   2.2388795e+02	
  -8.8578559e-04	  -2.6367218e-05	  -8.6942763e-05	   1.4789182e-05	  -5.9268499e-13	   2.2393263e+02	
  -1.2573356e-03	   1.6012905e-05	   1.7479930e-03	   1.9595472e-06	  -5.8508647e-13	   2.2390069e+02	
   2.0402416e-04	   7.2471307e-05	  -3.8395322e-05	   1.1908316e-06	  -3.2559681e-12	   2.2431827e+02	
  -4.8868067e-04	  -5.5873711e-05	  -1.8695976e-03	  -1.2468355e-04	   5.1290047e-13	   2.2374693e+02	
  -5.1609800e-03	   6.5249010e-05	  -9.2175650e-05	   1.9476635e-05	   6.9906435e-13	   2.2377057e+02	
   2.4535218e-03	   1.3954987e-04	  -4.5499575e-04	  -4.6349125e-05	   7.2945845e-13	   2.2370523e+02	
  -2.1623262e-03	   6.1332318e-05	   1.2124499e-03	  -2.1720663e-05	  -4.9010490e-13	   2.2390877e+02	
   9.7244688e-04	   1.5014088e-05	   1.3789105e-03	   1.5632854e-06	  -6.4967393e-13	   2.2391114e+02	
   7.5632201e-04	  -1.7552917e-05	  -2.1716689e-03	   4.2518091e-06	  -4.9770342e-13	   2.2389997e+02	
  -3.4223381e-05	   3.5259444e-05	   1.0696598e-03	   2.5531814e-05	  -2.1275871e-13	   2.2387359e+02	
   1.0955255e-03	   2.4880464e-06	   5.0261095e-03	  -6.2953995e-05	   6.9906435e-13	   2.2376963e+02	
  -9.8346966e-05	  -9.5065187e-06	  -1.4674344e-03	  -2.9237382e-05	  -3.6472923e-13	   2.2389067e+02	
  -2.1132329e-03	   1.0859004e-05	   9.6896898e-04	   8.4953958e-06	  -3.9512333e-13	   2.2389235e+02	
  -1.7543640e-03	  -1.3426885e-04	  -7.7284270e-04	  -3.3345148e-05	   6.0788204e-13	   2.2372763e+02	
   8.5643233e-04	   1.0244590e-05	  -5.7402943e-04	  -2.8096315e-05	  -5.5469236e-13	   2.2392889e+02	
   7.8217723e-04	  -4.8895889e-06	  -1.2588731e-03	  -2.3538719e-05	  -6.9526509e-13	   2.2392134e+02	
   1.7674262e-03	   1.1848990e-04	  -4.8008667e-04	  -5.8435167e-05	   1.0333995e-12	   2.2363932e+02	
   2.0317875e-03	  -7.1884854e-06	   1.7655335e-03	  -1.3418015e-05	  -2.4695208e-13	   2.2387797e+02	
  -2.0864424e-03	   3.0010778e-06	   7.0354408e-04	   1.1649023e-05	  -4.2931669e-13	   2.2389460e+02	
   1.4897901e-04	   9.3489408e-06	   4.6432464e-05	   5.5257783e-06	   2.0136093e-13	   2.2380994e+02	
   1.9881355e-03	  -6.2375558e-05	  -1.7445885e-03	   3.9428016e-05	  -4.9010490e-13	   2.2390605e+02	
  -1.8324820e-05	  -1.5171067e-05	  -1.8247443e-03	  -1.1094595e-05	  -6.0408278e-13	   2.2390631e+02	
   1.7234571e-03	  -3.4792631e-05	   1.7553274e-03	  -4.8980962e-05	  -5.0530195e-13	   2.2390930e+02	
   5.3177309e-04	  -3.1119515e-06	  -7.0943811e-04	  -2.8836888e-05	  -8.8142896e-13	   2.2395370e+02	
  -2.0291500e-03	  -8.8913092e-05	  -2.9317684e-03	  -9.8397231e-05	   4.1791890e-13	   2.2378014e+02	
   1.6865614e-03	   3.1191006e-06	   8.6765422e-04	  -1.6761183e-05	  -4.9390416e-13	   2.2389867e+02	
   1.4530592e-04	   9.8969087e-06	   1.3896590e-03	   2.9619665e-05	  -3.5333144e-13	   2.2389196e+02	
  -5.6294988e-04	  -7.3918134e-06	  -2.2621245e-03	   2.9425026e-05	  -5.4329457e-13	   2.2389488e+02	
  -3.0876345e-03	  -1.1345256e-04	   1.5161323e-03	   7.6676070e-05	   3.9512333e-13	   2.2378282e+02	
  -4.8332605e-04	  -5.6951622e-05	  -1.7837127e-03	  -1.2179485e-04	   5.0910121e-13	   2.2374920e+02	
  -9.6928432e-04	  -3.8880490e-05	  -3.3541463e-04	   6.8145188e-06	  -5.8888573e-13	   2.2393159e+02	
  -2.1071463e-03	   1.8129192e-08	  -1.5296091e-04	   1.0707821e-05	  -5.0910121e-13	   2.2389762e+02	
  -4.4509648e-04	  -7.1892488e-05	  -6.8239459e-04	  -2.0895635e-05	   4.4071448e-13	   2.2377681e+02	
   1.1311349e-03	  -2.1816781e-05	  -1.9358062e-03	   6.9046191e-06	  -6.1927983e-13	   2.2389963e+02	
   1.0950726e-04	   3.8000396e-05	   1.1259675e-03	   1.0173847e-04	   8.4343633e-13	   2.2369219e+02	
  -2.0178032e-03	  -1.4186087e-04	  -4.7677224e-04	  -1.0356212e-05	   5.9268499e-13	   2.2372959e+02	
   7.6675207e-04	   2.6925672e-05	   1.7025745e-04	  -1.2723281e-05	  -4.1791890e-13	   2.2391259e+02	
  -1.1949761e-03	  -1.0989323e-04	  -6.3866296e-04	  -2.3328624e-05	   2.3555429e-13	   2.2380308e+02	
   1.2233252e-03	   8.4698578e-06	  -1.0839010e-03	  -2.7740201e-05	  -4.3311595e-13	   2.2389691e+02	
  -8.9388452e-04	  -3.0178719e-05	  -3.2582780e-04	   8.9094924e-06	  -8.1304223e-13	   2.2394912e+02	
   2.1846881e-03	  -1.3738044e-05	   8.0551050e-04	  -1.9013883e-05	  -4.0652112e-13	   2.2389460e+02	
   6.3832709e-04	  -1.9600799e-05	  -2.0802878e-03	   1.1748653e-05	  -6.8766656e-13	   2.2390151e+02	
  -1.6578731e-04	  -7.6512241e-06	  -2.5249924e-03	   2.3131343e-05	  -3.6852849e-13	   2.2389300e+02	
   1.6033956e-03	  -2.6915605e-06	  -9.9714221e-04	  -1.4744680e-05	  -6.1927983e-13	   2.2390742e+02	
  -2.3051563e-03	   6.9919994e-06	  -7.9180510e-04	   9.5678728e-06	  -3.4953217e-13	   2.2389012e+02	
   1.8996098e-03	   1.3182725e-04	   1.4552330e-04	  -1.3889026e-05	   4.1791890e-13	   2.2376407e+02	
  -3.8588232e-04	  -2.3543655e-05	  -1.7283018e-04	  -5.3503486e-06	   3.9512333e-13	   2.2377916e+02	
  -7.6527334e-04	  -2.8808571e-06	  -2.3602644e-03	   2.2611961e-05	  -3.6092996e-13	   2.2388496e+02	
  -1.1271731e-03	   1.8938402e-05	   2.0388878e-03	  -5.1481325e-06	  -4.6730932e-13	   2.2389875e+02	
   2.0920197e-03	  -2.7910782e-05	  -1.4041107e-03	   4.4357744e-06	  -3.7992628e-13	   2.2388634e+02	
  -2.0016478e-03	  -1.6450721e-05	   6.5999946e-04	   1.1325452e-05	  -3.4953217e-13	   2.2388856e+02	
   3.3573919e-04	   7.9548367e-07	  -1.0787926e-03	  -4.4060138e-05	  -9.4981569e-13	   2.2395447e+02	
  -1.3627525e-04	  -8.8047517e-06	  -2.5340120e-03	   2.9846133e-05	  -3.7232775e-13	   2.2389490e+02	
   4.4058208e-04	   1.5948862e-05	   8.0633647e-05	   3.3502702e-06	   2.4315282e-13	   2.2380533e+02	
   4.7025594e-03	   3.6280832e-05	  -4.5113147e-04	  -2.0038631e-05	   6.1548057e-13	   2.2376020e+02	
   8.8170418e-04	   2.4960197e-05	  -1.3277344e-04	  -2.4411181e-05	  -1.0447973e-12	   2.2396200e+02	
  -8.6722932e-04	   4.8762111e-08	  -2.3550664e-03	   2.6818274e-05	  -3.6092996e-13	   2.2389392e+02	
  -1.4944284e-03	  -1.2120771e-05	  -1.5839386e-05	   1.2229394e-05	  -7.2945845e-13	   2.2391922e+02	
   2.4636787e-03	  -1.9475831e-05	   1.4799942e-04	  -1.1718975e-05	  -3.8372554e-13	   2.2389419e+02	
  -1.3110870e-03	  -1.3044266e-05	  -4.0205118e-04	   9.5262485e-06	  -8.5483412e-13	   2.2392954e+02	
  -2.0849862e-03	  -3.3410639e-06	  -4.1540117e-04	   1.0647059e-05	  -4.7490785e-13	   2.2389987e+02	
   2.0252108e-03	  -3.6546712e-05	  -1.1591544e-03	   2.2512448e-06	  -5.5849163e-13	   2.2389554e+02	
   8.3097034e-04	   3.3242611e-05	   2.8580806e-04	  -2.7156167e-05	   8.3583781e-14	   2.2384497e+02	
   4.7255447e-03	  -5.2436763e-05	  -1.3658310e-03	  -3.2454041e-06	   8.5103486e-13	   2.2373807e+02	
   1.3652844e-03	   1.5276520e-05	   1.4795942e-03	   2.8102831e-06	  -4.2551743e-13	   2.2389701e+02	
  -6.6467292e-04	  -3.7451908e-06	  -2.4226598e-03	   2.1118658e-05	  -3.3813439e-13	   2.2388337e+02	
  -1.7383100e-03	   2.8768754e-05	   1.7216950e-03	  -9.9863233e-06	  -3.6472923e-13	   2.2389623e+02	
   6.8897260e-05	   4.3129458e-05	   8.7011910e-04	   6.9410262e-05	   1.1777715e-13	   2.2382953e+02	
   2.3748900e-03	  -2.1550198e-05	  -2.9904955e-04	  -1.0710670e-05	  -4.3691522e-13	   2.2389548e+02	
  -2.2088696e-03	   8.9988390e-06	   2.4692242e-04	   1.0414954e-05	  -4.9770342e-13	   2.2389566e+02	
   6.0948268e-04	   1.7385012e-05	   1.8435309e-03	   1.5968857e-05	  -3.7612701e-13	   2.2389308e+02	
   4.2814985e-03	  -1.3685892e-04	   2.1492273e-03	  -9.0951945e-05	   1.1055855e-12	   2.2372951e+02	
  -8.6510732e-04	  -6.0636588e-06	  -2.2418900e-03	   3.2305902e-06	  -3.4193365e-13	   2.2388957e+02	
   8.9740039e-04	   2.6872348e-05	  -1.3332043e-04	  -2.4351309e-05	  -9.7261127e-13	   2.2395959e+02	
  -7.2477258e-04	  -4.0916197e-05	   1.0328046e-03	   1.0825734e-04	   8.2064076e-13	   2.2369425e+02	
   2.8364054e-04	   1.1888864e-05	  -1.5843225e-05	  -1.3447104e-05	  -2.3555429e-13	   2.2388272e+02	
  -7.2412855e-04	  -2.5865202e-05	  -1.4480840e-03	  -2.0628631e-05	  -3.4953217e-13	   2.2388975e+02	
   2.3255707e-04	   1.3679800e-05	   2.1921320e-03	  -2.8063959e-05	  -6.0028352e-13	   2.2389787e+02	
   4.9644801e-03	  -4.4991715e-06	   1.3290449e-04	  -1.6668474e-05	   6.4207541e-13	   2.2376462e+02	
   1.0198865e-03	  -1.6189887e-05	  -1.2421387e-03	  -1.8617289e-05	  -5.0530195e-13	   2.2389914e+02	
   7.8032904e-04	  -1.8360747e-05	  -1.2102502e-03	  -1.9147279e-05	  -3.1913807e-13	   2.2389597e+02	
   2.1291312e-03	  -2.1903631e-05	   3.3228923e-05	  -1.6300493e-05	  -5.8888573e-13	   2.2389944e+02	
  -2.1133946e-03	  -1.0041314e-06	   6.6197402e-04	   1.2687084e-05	  -3.8372554e-13	   2.2389169e+02	
   4.3491972e-04	   8.5435042e-06	   2.1623460e-03	   9.2823252e-06	  -3.6092996e-13	   2.2388314e+02	
   4.4492520e-05	   1.1131927e-05	   2.4846237e-03	  -2.9127144e-05	  -3.7232775e-13	   2.2389752e+02	
   4.1727454e-04	  -1.5101978e-06	  -8.1527733e-04	  -8.3145301e-05	  -4.5591153e-14	   2.2385550e+02	
   1.2386237e-03	  -2.5777493e-05	  -2.2412456e-03	   2.2066739e-05	  -3.7992628e-13	   2.2389629e+02	
   4.5262773e-04	  -3.0483764e-05	  -5.0070450e-03	   1.3458967e-04	   9.4221716e-13	   2.2375501e+02	
   5.1937076e-03	  -5.6203970e-05	   5.3062807e-04	  -2.2658148e-05	   6.1168130e-13	   2.2377977e+02	
  -1.0885876e-03	  -1.4821246e-05	  -1.2911243e-03	   1.1272612e-05	  -5.1290047e-13	   2.2389766e+02	
   3.5506354e-04	   6.0079321e-06	  -8.2803772e-04	  -5.1322817e-05	  -3.7232775e-13	   2.2390582e+02	
  -2.1369845e-03	  -1.2993864e-04	   7.6366595e-04	   6.8337095e-05	   6.9146582e-13	   2.2371079e+02	
  -4.5963804e-04	  -1.0643258e-05	  -2.3350394e-03	   1.7208398e-05	  -4.2171817e-13	   2.2389396e+02	
  -3.2219237e-03	   3.1275912e-05	   3.4424731e-03	  -8.2169304e-06	   9.0802380e-13	   2.2372147e+02	
   1.5512607e-05	   1.4193248e-05	   2.3900896e-03	  -2.3342852e-05	  -4.2931669e-13	   2.2389566e+02	
   1.3522383e-03	   4.8100534e-06	   1.5607276e-03	  -9.7408461e-06	  -5.9648425e-13	   2.2390314e+02	
  -1.9381535e-04	  -1.0105100e-05	  -3.2293177e-04	  -1.7929434e-05	   5.9268499e-13	   2.2374002e+02	
  -9.7789957e-04	  -3.1500606e-05	  -3.8040389e-04	   8.4504008e-06	  -9.8400910e-13	   2.2395404e+02	
  -4.5924113e-03	  -4.9138743e-05	  -6.8918155e-04	   1.0713020e-05	   6.1548057e-13	   2.2375779e+02	
  -2.5882389e-05	  -1.4953113e-05	  -1.9661205e-03	   9.4170300e-06	  -7.8644739e-13	   2.2390918e+02	
  -4.9303244e-04	   1.0669353e-05	   2.0921452e-03	   1.2560746e-05	  -4.0272185e-13	   2.2389323e+02	
  -1.5233745e-03	   2.1270588e-05	   1.6985194e-03	  -2.7759361e-06	  -5.4709384e-13	   2.2389623e+02	
   1.5982979e-03	   1.2328988e-05	   1.4393092e-03	  -1.0906934e-06	  -3.8752480e-13	   2.2389333e+02	
  -2.2895995e-03	   2.5952785e-05	   9.0100943e-04	   2.0413426e-06	  -3.5713070e-13	   2.2388470e+02	
   2.5265435e-05	  -1.8320421e-06	   1.3870279e-04	   1.0280599e-05	   4.9770342e-13	   2.2375593e+02	
   2.6020068e-03	  -6.7542688e-05	   4.0464579e-03	  -1.3962633e-04	   1.0827898e-12	   2.2373362e+02	
   8.4830553e-04	  -1.8790298e-06	   2.3963755e-03	  -3.1127170e-05	  -3.8372554e-13	   2.2389730e+02	
   1.1628333e-03	   3.4127860e-06	  -3.8035036e-04	  -1.8324115e-05	  -9.7641048e-13	   2.2393591e+02	
  -1.1540442e-03	  -3.0580667e-05	  -5.7399546e-04	   1.1067277e-05	  -1.8996314e-14	   2.2385012e+02	
   1.3598120e-03	  -1.0502435e-05	  -9.6727998e-04	  -1.1571333e-05	  -9.0802380e-13	   2.2391644e+02	
   1.8764804e-03	  -3.8687895e-05	   1.4746017e-03	  -4.3226695e-05	  -5.3949531e-13	   2.2391349e+02	
   2.4491529e-04	   1.8253749e-06	  -8.6308927e-04	  -3.4792015e-05	   3.4193365e-14	   2.2384515e+02	
   7.3912823e-04	   6.1549600e-05	   3.6244388e-04	  -2.1672278e-05	   2.7354692e-13	   2.2380981e+02	
  -8.4480546e-04	  -7.6991210e-05	  -4.0204075e-04	   1.1790593e-05	  -9.4981569e-14	   2.2386310e+02	
  -1.0070014e-03	   2.4917233e-05	   2.2865581e-03	  -2.5956356e-05	  -3.7232775e-13	   2.2389969e+02	
  -1.2705361e-03	   2.4002854e-05	   2.1587718e-03	  -1.6189689e-05	  -3.3813439e-13	   2.2388413e+02	
   3.3831132e-04	   6.7077058e-05	   7.5976594e-04	   5.2296701e-05	   5.7368868e-13	   2.2374965e+02	
  -8.2361995e-04	  -7.2550642e-05	  -1.9885213e-03	  -1.2032114e-04	   4.3691522e-13	   2.2375949e+02	
   7.7400939e-04	   1.7958136e-05	   1.6194614e-03	   8.5866590e-06	  -5.1290047e-13	   2.2390456e+02	
   1.1817132e-03	   4.0623455e-05	  -2.1897418e-03	  -1.2128249e-04	   1.4855118e-12	   2.2353904e+02	
  -7.1872859e-04	  -1.1566249e-05	  -2.1656232e-03	   1.2605768e-05	  -3.4573291e-13	   2.2389147e+02	
  -7.2130359e-04	  -7.9773573e-05	  -2.7414891e-04	   2.4528612e-05	   1.0258009e-12	   2.2365303e+02	
  -8.8343701e-04	  -1.3007813e-05	  -2.1228566e-03	  -2.1970864e-06	  -3.1533881e-13	   2.2388805e+02	
  -1.5183209e-03	   3.4583046e-05	   1.7761742e-03	  -1.6442893e-05	  -6.3447688e-13	   2.2389349e+02	
   1.0082307e-03	   7.4323351e-05	  -3.4959407e-04	  -6.6350652e-05	   5.2429826e-13	   2.2376192e+02	
  -1.3494030e-03	   2.6410829e-05	   1.9585621e-03	  -1.3008793e-05	  -5.1290047e-13	   2.2389343e+02	
  -4.2622868e-05	   5.2895740e-06	   1.3498141e-04	   8.4312819e-06	   2.0516019e-13	   2.2381304e+02	
   2.6355335e-04	  -9.5037347e-06	  -6.9360503e-04	  -2.9860630e-05	  -1.1283810e-12	   2.2396284e+02	
   4.6365332e-03	   5.3236557e-05	  -2.4904505e-04	  -1.9213017e-05	   5.3189679e-13	   2.2377153e+02	
   1.9407552e-03	   1.2192914e-04	  -3.7709960e-04	  -4.8234354e-05	   2.9634250e-13	   2.2378517e+02	
  -2.3287414e-03	  -1.2883607e-04	  -1.4061779e-03	  -5.3530244e-05	   1.9376240e-13	   2.2381310e+02	
   4.5306598e-04	  -3.9583150e-06	  -5.7231856e-04	  -2.7701886e-05	  -1.1473774e-12	   2.2396179e+02	
  -1.7759353e-03	   3.1273267e-05	   1.7479723e-03	  -1.3929291e-05	  -3.6472923e-13	   2.2389848e+02	
  -3.1455467e-04	  -1.8672238e-05	  -1.2628661e-04	  -6.6764674e-06	   2.5455060e-13	   2.2380151e+02	
  -1.9948182e-03	   1.3475537e-05	   1.3291473e-03	   6.2221083e-06	  -3.3053586e-13	   2.2389092e+02	
  -1.5531881e-03	   5.5676662e-05	   4.6195998e-03	  -1.0966561e-04	   1.0144032e-12	   2.2373795e+02	
   2.2125755e-03	  -2.5337335e-05	  -1.1776655e-03	  -4.4761559e-07	  -3.5333144e-13	   2.2389472e+02	
  -1.3922944e-03	  -1.0305833e-05	  -1.1848119e-03	   4.8518691e-06	  -6.4587467e-13	   2.2390734e+02	
  -2.2262037e-03	   2.2813901e-05	   9.9477488e-04	   3.1695641e-06	  -3.2673660e-13	   2.2389386e+02	
   6.9306486e-04	   1.6843845e-05	  -3.9155883e-04	  -3.1492729e-05	  -1.0106039e-12	   2.2396151e+02	
  -2.0119572e-03	  -1.5534680e-05	   1.7818418e-04	   1.2617158e-05	  -3.7232775e-13	   2.2389229e+02	
  -4.4957908e-05	  -1.8906848e-05	  -1.3023013e-03	  -1.4273067e-05	  -9.3081938e-13	   2.2393341e+02	
  -1.7621188e-03	   3.1123812e-05	   1.8058855e-03	  -1.5739142e-05	  -3.6472923e-13	   2.2389889e+02	
  -1.8647124e-03	   2.2481077e-05	   1.3215236e-03	   5.7191774e-07	  -5.5089310e-13	   2.2389562e+02	
   4.9744130e-04	   1.4605030e-05	  -5.4405448e-04	  -4.2422600e-05	  -2.0136093e-13	   2.2388325e+02	
  -3.2838527e-03	   1.3683471e-04	   3.1986242e-03	  -1.0582127e-04	   1.2119649e-12	   2.2370200e+02	
   1.2671993e-03	   2.2174486e-05	   1.1365044e-03	   4.6699202e-06	  -4.5971079e-13	   2.2389797e+02	
  -1.9088315e-03	   1.7850628e-05	  -1.0096908e-03	   2.2595616e-05	  -7.3325771e-13	   2.2389717e+02	
   9.3872995e-04	   2.1813709e-05	  -3.6445932e-04	  -2.5969366e-05	  -2.9634250e-13	   2.2390032e+02	
   1.1715261e-03	   8.5158773e-05	   2.1022817e-03	   1.2000529e-04	   6.1927983e-13	   2.2372488e+02	
  -6.1907849e-04	  -1.9079501e-05	  -1.4346308e-03	  -3.2774774e-05	  -2.5075134e-13	   2.2388112e+02	
   2.3983439e-03	  -3.1859071e-05	  -6.3835711e-04	  -3.0485349e-06	  -4.5591153e-13	   2.2389034e+02	
   1.6421783e-03	  -2.2415242e-05	  -1.6799190e-03	  -1.1633888e-06	  -3.5713070e-13	   2.2389404e+02	
  -4.2952991e-03	  -1.3236663e-05	   1.4767524e-03	   2.3517931e-05	   8.7762970e-13	   2.2371341e+02	
  -1.1739842e-03	   1.8800692e-05	   1.9466957e-03	   3.9185666e-07	  -3.4953217e-13	   2.2389325e+02	
   1.9136084e-03	  -3.3049279e-05	  -1.1137197e-03	   2.2364331e-06	  -7.4845476e-13	   2.2389591e+02	
  -3.7398225e-03	   4.8637457e-05	   3.5710161e-03	  -2.2482652e-05	   5.9268499e-13	   2.2378104e+02	
  -1.3061610e-03	  -6.1382041e-06	  -1.3042383e-04	   1.2884404e-05	  -9.8780832e-13	   2.2393092e+02	
   2.6918438e-04	   1.6512023e-05	   6.8644098e-04	   1.8343587e-05	  -1.1777715e-13	   2.2387263e+02	
  -9.1555907e-04	  -1.4331181e-07	  -2.3153075e-03	   2.2754052e-05	  -3.7232775e-13	   2.2388419e+02	
   5.6213395e-04	  -1.8120362e-05	  -2.1510170e-03	  -1.9013551e-06	  -3.1913807e-13	   2.2389016e+02	
   8.7749706e-04	   2.6908868e-05	   4.1532299e-04	  -1.0317062e-05	  -1.0409980e-12	   2.2395836e+02	
   1.0058160e-03	  -5.3547368e-06	  -1.1955203e-03	  -3.2019279e-05	  -1.2157641e-13	   2.2386591e+02	
  -1.7358564e-03	   2.1373789e-05	   1.2337611e-03	   1.7881825e-06	  -6.8766656e-13	   2.2390126e+02	
  -7.9636737e-04	  -3.2601739e-05	  -1.9754524e-04	   3.2330098e-05	   2.2415650e-13	   2.2382128e+02	
  -9.8098165e-04	  -2.9523418e-05	  -1.6294200e-04	   1.4341715e-05	  -1.0561950e-12	   2.2395852e+02	
   1.3421583e-03	   1.9986915e-05	   1.1518504e-03	   2.4133632e-06	  -4.8250637e-13	   2.2390102e+02	
  -4.2596555e-03	  -5.5771604e-05	  -9.7828233e-04	   5.7007029e-06	   8.3583781e-13	   2.2371292e+02	
   6.4965450e-04	  -3.0924319e-06	  -1.6212240e-03	  -3.4959515e-05	  -3.0774028e-13	   2.2388343e+02	
  -1.5772401e-03	   2.8506608e-05	   1.4195507e-03	  -1.5142555e-06	  -6.0788204e-13	   2.2389805e+02	
   1.1750188e-03	   1.2183817e-06	   2.0691162e-03	  -2.1462829e-05	  -4.2551743e-13	   2.2389578e+02	
  -1.4910661e-03	  -5.9055822e-06	  -3.9030952e-04	   1.8448201e-05	  -5.5849163e-13	   2.2390233e+02	
  -2.8781295e-03	  -2.9436486e-05	  -3.8569734e-03	  -1.1827418e-05	   6.0028352e-13	   2.2376515e+02	
  -6.7198320e-04	  -1.1543100e-05	   5.8709419e-04	   3.2511755e-05	  -1.1587751e-12	   2.2395920e+02	
  -7.5291506e-04	   1.6810379e-05	   2.4362730e-03	  -2.2609136e-05	  -3.8372554e-13	   2.2389640e+02	
  -2.1210926e-03	   8.9564111e-06	  -3.7345120e-04	   1.2408987e-05	  -5.8508647e-13	   2.2389875e+02	
   6.7086690e-04	  -2.1022192e-05	  -2.2969118e-03	   1.3474445e-05	  -3.7612701e-13	   2.2389466e+02	
  -4.9094829e-04	  -5.2420018e-05	  -2.0506964e-03	  -1.2789043e-04	   3.9892259e-13	   2.2376632e+02	
   3.0418788e-04	   7.4684178e-06	   2.4779140e-03	  -2.8064294e-05	  -3.6472923e-13	   2.2389773e+02	
   3.9866895e-04	   6.1970762e-05	   1.0171099e-03	   7.1548412e-05	   4.9390416e-14	   2.2383916e+02	
   7.8830996e-04	   3.6899282e-05	   8.2820474e-04	   1.3887351e-05	  -2.9254323e-13	   2.2388820e+02	
  -3.5595208e-04	  -1.5348402e-05	  -1.9569028e-03	   1.6828738e-05	  -6.0028352e-13	   2.2390022e+02	
  -2.0887529e-03	   1.1966385e-05	   1.1151067e-03	   8.3533150e-06	  -3.4573291e-13	   2.2389132e+02	
  -1.4879713e-03	   3.1227342e-05	   1.6635709e-03	  -1.2180014e-05	  -7.2945845e-13	   2.2389433e+02	
  -1.7100966e-03	   4.3149250e-06	   1.5678851e-03	   1.3516127e-05	  -3.1153955e-13	   2.2388801e+02	
  -9.6799369e-05	  -8.1550923e-06	  -2.2662749e-03	  -9.3768544e-07	  -4.1791890e-13	   2.2388795e+02	
  -5.7506002e-04	  -4.7543397e-06	  -2.4473763e-03	   1.6300846e-05	  -3.3053586e-13	   2.2389263e+02	
  -7.3777205e-04	   2.0273518e-05	   2.0495222e-03	  -1.2719670e-05	  -6.9146582e-13	   2.2390042e+02	
  -1.8892293e-03	   6.3414965e-06	  -1.6377989e-03	   1.5347035e-05	  -3.1153955e-13	   2.2389190e+02	
  -1.0063484e-03	  -1.4728736e-05	  -4.1566786e-04	   8.6666791e-06	  -9.6121348e-13	   2.2394310e+02	
   1.0320152e-03	   2.4445327e-05	   2.3484916e-04	  -2.3552629e-05	   2.6594839e-14	   2.2384842e+02	
  -1.7482548e-03	   6.2957265e-05	   4.4356149e-03	  -1.1058459e-04	   1.0865891e-12	   2.2372292e+02	
   4.1061427e-05	  -1.4850731e-05	  -1.9173784e-03	  -2.4069966e-05	  -3.6852849e-13	   2.2388987e+02	
   9.6153856e-04	   3.5954094e-06	   1.5710681e-03	  -1.9831899e-05	  -9.0042527e-13	   2.2390235e+02	
  -8.7542205e-04	  -3.7637222e-05	  -9.9311576e-04	  -1.9774515e-05	  -1.7476609e-13	   2.2387040e+02	
  -9.3582473e-04	  -2.3747366e-05	  -1.6974266e-04	   1.5522007e-05	  -1.1739721e-12	   2.2395120e+02	
  -8.1163033e-04	  -6.2309405e-05	   1.9275089e-05	   4.8365122e-05	   4.7490785e-13	   2.2377147e+02	
   1.3246046e-03	   6.7781736e-06	   1.0645061e-03	  -8.7795166e-06	  -8.0544371e-13	   2.2391599e+02	
  -1.9962828e-03	  -9.5654567e-06	  -6.3722544e-04	   1.1763971e-05	  -2.6594839e-13	   2.2388562e+02	
   6.9476777e-04	   2.6494364e-05	  -9.8402375e-04	  -9.4370809e-05	  -2.6594839e-14	   2.2385034e+02	
   1.2142440e-03	   1.8602356e-06	   2.0455779e-03	  -1.9301909e-05	  -4.0652112e-13	   2.2389523e+02	
   2.0795238e-03	   1.4077099e-04	   5.8400395e-04	   1.9250353e-05	   6.8766656e-13	   2.2370926e+02	
   9.7343140e-04	   1.8138017e-05	   1.8587604e-03	   1.3559826e-05	  -2.9254323e-13	   2.2388619e+02	
  -2.0088011e-03	  -8.7135393e-06	  -7.5540909e-04	   3.3897081e-06	  -4.2171817e-13	   2.2388848e+02	
  -2.9749020e-04	   9.5953030e-06	   2.0018622e-03	   2.5394859e-05	  -3.1533881e-13	   2.2388779e+02	
  -1.4479854e-03	   4.6521388e-06	  -1.7820836e-03	   2.1571047e-05	  -5.5469236e-13	   2.2389498e+02	
  -9.0567454e-04	   2.0150089e-05	   2.2664432e-03	  -1.3626613e-05	  -3.1913807e-13	   2.2389607e+02	
   1.4424137e-03	  -3.4288841e-05	  -1.7911219e-03	   1.7940012e-05	  -7.2185992e-13	   2.2389132e+02	
   1.3181436e-03	   1.2023068e-04	   5.1116879e-04	   1.7097616e-05	   8.3583781e-13	   2.2368951e+02	
  -1.8316205e-03	   2.6120592e-06	  -2.0246149e-04	   1.1674268e-05	  -7.5605329e-13	   2.2391085e+02	
  -2.2212419e-03	   9.7076228e-06	  -1.1122279e-03	   1.3961705e-05	  -3.0774028e-13	   2.2389198e+02	
   1.0238090e-03	  -4.1247279e-06	   2.2203977e-03	  -3.3921585e-05	  -4.9390416e-13	   2.2389163e+02	
   1.8254698e-03	   1.3481987e-05	   5.9768318e-04	  -1.2060527e-05	  -2.6974766e-13	   2.2388625e+02	
   2.5947660e-03	  -8.5625880e-05	   3.8480487e-03	  -1.6197193e-04	   1.1777715e-12	   2.2371499e+02	
   2.1875885e-03	   6.2532151e-06	   4.5416036e-03	  -2.2360156e-05	   6.5727246e-13	   2.2376364e+02	
  -8.1501274e-04	  -1.8929247e-05	  -1.4067237e-04	   1.4864509e-05	  -1.0409980e-12	   2.2395932e+02	
  -4.5830304e-03	   3.7173411e-05	   2.2684118e-03	   1.4189299e-06	   5.6609015e-13	   2.2378106e+02	
   3.7332791e-03	  -1.8063905e-04	  -2.4381114e-03	   9.0944397e-05	   1.3373405e-12	   2.2367636e+02	
   2.9539114e-03	   7.1703708e-05	  -2.6439223e-03	  -8.6811991e-05	   3.4953217e-13	   2.2379370e+02	
  -1.8079874e-03	   3.9865766e-05	   1.4019535e-03	  -1.0504379e-05	  -6.7626877e-13	   2.2389118e+02	
  -2.4371644e-04	  -1.2926884e-05	  -9.5476323e-05	  -9.1609186e-06	   6.6487098e-13	   2.2372509e+02	
   1.1582367e-03	   3.8241152e-06	   1.0611877e-03	  -1.5033323e-05	  -9.8780832e-13	   2.2390625e+02	
   1.2404871e-03	   7.6067195e-05	  -1.1612892e-03	  -1.0775105e-04	   9.0422454e-13	   2.2367446e+02	
  -1.9593545e-03	   1.8916368e-05	  -1.3301920e-03	   2.4519210e-05	  -5.1669974e-13	   2.2389190e+02	
  -6.3983022e-04	  -2.9561165e-05	  -1.5043322e-03	  -3.1324374e-05	  -1.5576977e-13	   2.2386844e+02	
  -9.5119364e-04	   2.5767403e-05	   2.2038255e-03	  -2.3533764e-05	  -4.5211227e-13	   2.2389096e+02	
  -2.2271163e-03	  -6.7055565e-06	  -8.9546495e-04	   7.9051615e-06	  -2.4315282e-13	   2.2388546e+02	
   1.7762731e-03	  -3.2842944e-05	  -1.4823013e-03	   1.0195353e-05	  -4.9010490e-13	   2.2388615e+02	
   4.7904373e-06	   1.4582037e-05	   4.3588518e-03	   8.6128092e-05	   5.2429826e-13	   2.2377051e+02	
   2.8499610e-05	   1.0760954e-05	   2.5160002e-03	  -3.6066636e-05	  -4.3311595e-13	   2.2388914e+02	
   2.4310930e-03	  -4.5439359e-06	  -1.5056442e-04	  -8.3219553e-06	  -3.3053586e-13	   2.2389163e+02	
  -2.1679101e-03	   3.5684004e-05	   9.4764746e-04	  -1.0768118e-06	  -5.3949531e-13	   2.2389253e+02	
  -1.5536054e-03	  -3.7817131e-05	  -4.3421221e-04	   1.0047610e-06	  -1.9756166e-13	   2.2387245e+02	
   1.9884264e-03	  -7.1063124e-05	  -4.4574670e-03	   1.1342706e-04	   1.0523957e-12	   2.2373266e+02	
  -1.6408649e-03	  -1.0700433e-04	  -2.1035375e-03	  -1.0677804e-04	   3.0014176e-13	   2.2379356e+02	
  -1.1825734e-03	  -6.2798802e-06	  -1.8442529e-03	   1.5681785e-06	  -4.5591153e-13	   2.2389032e+02	
   1.1494793e-04	   5.3889668e-05	   7.0969394e-04	   4.6610885e-05	   4.7490785e-13	   2.2377067e+02	
   1.3706450e-03	  -9.2276876e-06	  -9.8800481e-04	  -1.1602973e-05	  -8.6623191e-13	   2.2391611e+02	
  -1.2724100e-03	  -1.0333945e-04	   3.4194927e-04	   6.0399906e-05	   8.4723560e-13	   2.2368848e+02	
   2.7982318e-04	   4.9640436e-05	   8.9297457e-04	   1.4026118e-05	  -4.1411964e-13	   2.2390654e+02	
  -2.2836912e-03	   7.3178564e-06	  -5.8579886e-04	   1.4265622e-05	  -3.2673660e-13	   2.2389188e+02	
  -1.9118874e-03	   3.9208423e-05	   1.2560623e-03	  -7.4170226e-06	  -6.9146582e-13	   2.2389075e+02	
   1.4338302e-03	   3.2867888e-05	   8.4010950e-04	   1.5427839e-05	  -2.3935355e-13	   2.2387599e+02	
  -1.8934930e-03	   3.3857913e-05	   1.3850600e-03	  -7.4182104e-06	  -5.8888573e-13	   2.2389317e+02	
  -2.0746681e-03	   2.0359202e-05	   1.3343855e-03	  -3.3807650e-07	  -2.2415650e-13	   2.2388441e+02	
  -9.4957619e-04	  -2.6410343e-05	  -3.8069566e-04	   1.0449892e-05	  -1.1587751e-12	   2.2394672e+02	
  -1.4859199e-05	  -1.5332948e-05	  -1.9252226e-03	  -3.5162609e-05	  -2.0516019e-13	   2.2387368e+02	
   4.3991872e-03	  -3.3349882e-05	  -1.7218093e-03	  -5.9968139e-06	   9.4601643e-13	   2.2371262e+02	
   1.4873282e-03	   2.2229454e-05	   8.3016886e-04	  -7.1512291e-06	  -2.0136093e-13	   2.2387507e+02	
   3.7836492e-03	  -3.6419077e-05	  -2.8480718e-03	   5.3709644e-06	   9.4601643e-13	   2.2371378e+02	
  -1.0731054e-03	  -1.9433170e-05	  -1.7013677e-03	  -7.1651725e-07	  -2.3555429e-13	   2.2388355e+02	
  -3.2961077e-04	   1.7418685e-05	   1.9562159e-03	  -1.0971085e-05	  -8.0544371e-13	   2.2390503e+02	
   8.5861304e-04	  -2.6967394e-06	  -1.4562040e-03	  -3.5186096e-05	   1.1017862e-13	   2.2383073e+02	
  -2.2735270e-03	  -1.4163062e-04	   2.5368196e-04	   3.6609183e-05	   7.8264813e-13	   2.2369153e+02	
   1.9862546e-03	   1.3052881e-05	  -6.9554844e-04	  -1.8527302e-05	  -3.0774028e-13	   2.2388816e+02	
   5.5672341e-04	  -2.3102958e-05	  -2.1998606e-03	   2.8855473e-05	  -7.3705698e-13	   2.2389030e+02	
  -2.3097925e-03	   4.9485595e-06	   7.0124128e-05	   1.3117661e-05	  -2.8494471e-13	   2.2388967e+02	
   1.6697287e-03	   1.0813841e-04	  -3.4530505e-04	  -4.9983666e-05	   1.5197051e-13	   2.2381141e+02	
  -2.2262459e-03	  -2.0114256e-05	  -5.6505722e-04	   5.2688164e-06	  -1.9756166e-13	   2.2387834e+02	
   2.0651410e-04	  -4.0248526e-05	  -7.3238694e-04	  -3.0044791e-05	   8.2064076e-13	   2.2370257e+02	
   2.4351482e-03	  -1.4792744e-05	  -6.0609908e-04	  -6.5432747e-06	  -3.1913807e-13	   2.2389304e+02	
  -3.7065822e-04	  -1.4753436e-05	  -1.8980399e-05	   5.7148442e-06	  -4.8630563e-13	   2.2391474e+02	
   1.4423810e-03	   3.8130705e-05	   4.3678819e-04	   2.8734981e-07	  -1.4057272e-13	   2.2386789e+02	
  -1.6571980e-03	   8.2592898e-06	   7.8572453e-05	   1.2602250e-05	  -9.3461864e-13	   2.2390775e+02	
  -5.0627175e-03	   2.3086282e-05	  -6.2883296e-04	   2.0976135e-05	   5.7368868e-13	   2.2377840e+02	
  -1.5780421e-03	   3.0527696e-05	   1.5912574e-03	  -1.0061657e-05	  -7.1046214e-13	   2.2389517e+02	
  -3.4701774e-03	  -8.4327325e-05	  -2.5115148e-03	  -3.9601336e-05	   4.8250637e-13	   2.2377605e+02	
   2.6754620e-03	   2.7336578e-05	   3.5191813e-03	   1.0800992e-05	   9.8780832e-13	   2.2368863e+02	
  -2.9388672e-03	  -1.4100198e-04	  -1.4605220e-03	  -4.9749915e-05	   4.1032038e-13	   2.2377736e+02	
   8.3854080e-04	   2.0807417e-05	  -1.3206275e-04	  -2.3754162e-05	  -1.2119649e-12	   2.2395517e+02	
   2.0338027e-03	   7.8197674e-06	  -6.8137137e-05	  -1.6270920e-05	  -2.5075134e-13	   2.2388589e+02	
  -7.6053179e-04	   2.6716155e-05	   2.2729138e-03	  -3.1619363e-05	  -5.7748794e-13	   2.2389200e+02	
  -4.4747806e-03	  -3.3025203e-05	   1.4599597e-03	   2.9572504e-05	   5.8128720e-13	   2.2376750e+02	
   1.4965659e-03	  -2.4520762e-05	  -1.2853867e-03	   1.0860405e-06	  -8.5483412e-13	   2.2389633e+02	
  -1.2959686e-03	  -3.8417002e-06	   1.1299371e-03	   2.9841153e-05	  -1.3297420e-13	   2.2386693e+02	
  -2.1550355e-04	  -1.1985500e-05	  -2.0536610e-03	   2.4624288e-05	  -8.1304223e-13	   2.2389229e+02	
   8.1000158e-04	   5.5577978e-05	  -1.3007125e-04	  -5.5679132e-05	   4.1032038e-13	   2.2378398e+02	
   2.2589121e-03	  -2.8158866e-05	   6.0156151e-04	  -1.8805760e-05	  -6.4207541e-13	   2.2389453e+02	
  -1.1829501e-03	   6.4531879e-06	   1.5972646e-03	   2.1719291e-05	  -2.2415650e-13	   2.2388274e+02	
   4.1443810e-03	  -3.6041793e-05	  -2.2134063e-03	  -9.5321143e-07	   9.8020979e-13	   2.2370697e+02	
  -5.4935127e-04	  -2.5332935e-05	   8.4845125e-04	   1.0080002e-04	   8.3963707e-13	   2.2369623e+02	
   7.1419113e-04	   1.5311099e-05	  -9.8487033e-05	  -2.3061958e-05	  -1.2005670e-12	   2.2395883e+02	
  -3.1096767e-04	  -2.4850632e-05	  -1.5518767e-03	  -3.9204440e-05	  -1.2537567e-13	   2.2386582e+02	
  -1.4177221e-03	   3.6598996e-05	   1.8105368e-03	  -2.0310581e-05	  -6.9526509e-13	   2.2388828e+02	
  -6.8280264e-04	  -8.3179364e-06	   2.0417337e-04	   4.6171094e-05	   3.1533881e-13	   2.2380478e+02	
   2.3450735e-03	  -3.0252256e-05	   7.8465192e-04	  -1.9637091e-05	  -5.3189679e-13	   2.2389012e+02	
  -6.5998859e-04	   4.9260481e-06	   5.5521148e-04	   4.3122493e-05	   2.2035724e-13	   2.2382454e+02	
  -1.4800577e-04	  -1.7966648e-05	  -1.3894433e-03	  -1.8692654e-06	  -1.0523957e-12	   2.2391932e+02	
   7.4987196e-04	   3.4990831e-05	   1.9522468e-04	  -3.5197537e-05	   2.1275871e-13	   2.2382310e+02	
   4.0779924e-03	  -1.8699937e-04	   1.9694797e-03	  -1.1449570e-04	   1.2423590e-12	   2.2370742e+02	
  -1.2652889e-03	   8.4090481e-06	   1.6431215e-03	   1.7644397e-05	  -2.5075134e-13	   2.2388552e+02	
   7.8701467e-04	   4.1926102e-05	   3.2774097e-04	  -3.0595847e-05	  -4.1032038e-13	   2.2390683e+02	
  -4.6987692e-03	   2.5423192e-05	   1.8709489e-03	   9.1669480e-06	   5.8128720e-13	   2.2377773e+02	
   1.0031217e-03	   2.5908788e-06	   1.7127825e-03	  -1.8271248e-05	  -7.8644739e-13	   2.2390631e+02	
  -1.9129297e-03	   2.2092757e-05	   1.5890605e-03	  -3.2675671e-06	  -2.9254323e-13	   2.2389541e+02	
  -1.8078876e-04	  -1.9767468e-05	  -1.2162492e-03	  -4.9643527e-06	  -1.1283810e-12	   2.2392370e+02	
  -8.2501157e-04	  -4.7350203e-05	  -8.9019545e-04	  -2.3342207e-05	  -4.1791890e-14	   2.2385711e+02	
  -1.7981005e-04	   6.3588942e-06	   1.3378375e-03	   1.7167646e-05	  -7.1426140e-13	   2.2392057e+02	
  -2.2593367e-03	   1.0340143e-05	   7.2022959e-04	   1.0826398e-05	  -2.8114544e-13	   2.2389008e+02	
  -1.2099364e-03	   8.9242459e-06	  -2.0353579e-03	   3.5240488e-05	  -5.6988941e-13	   2.2389180e+02	
  -2.1304183e-03	  -1.1351728e-05	   8.9840150e-04	   1.7696100e-05	  -2.0895945e-13	   2.2387991e+02	
  -1.1033691e-03	  -4.9452509e-06	  -1.5851083e-03	   2.0851563e-05	  -6.4207541e-13	   2.2389926e+02	
  -2.1505574e-03	  -2.3167037e-05	  -6.1452071e-05	   1.0534022e-05	  -2.2795577e-13	   2.2388022e+02	
   6.9056273e-04	  -2.4786305e-05	  -2.3477691e-03	   3.5775602e-05	  -5.3569605e-13	   2.2389079e+02	
   1.1831748e-03	   3.5883962e-05	  -2.0031159e-04	  -2.0060679e-05	  -6.0788204e-14	   2.2385813e+02	
  -3.1199402e-03	   1.1831761e-04	   2.1160358e-03	  -5.5856859e-05	   1.8312447e-12	   2.2351139e+02	
  -9.2378615e-04	  -6.2396619e-06	  -2.2980624e-03	   4.4499970e-06	  -2.7734618e-13	   2.2388895e+02	
  -9.1344222e-04	  -2.4707630e-05	  -3.6759165e-04	   1.1094192e-05	  -1.1929685e-12	   2.2394977e+02	
   1.0083237e-03	   2.7356976e-05	   1.1587606e-03	   1.9452668e-06	  -1.0637936e-13	   2.2386417e+02	
  -6.1788536e-04	   2.4586868e-05	   2.2659379e-03	  -3.0681372e-05	  -5.5469236e-13	   2.2389286e+02	
   8.8691310e-04	   2.5805385e-05	   1.5072467e-03	   2.0828226e-05	  -2.7734618e-13	   2.2388061e+02	
  -1.6328113e-03	   9.7991787e-05	   4.0741518e-03	  -1.9051332e-04	   1.3259427e-12	   2.2368354e+02	
   1.3874362e-03	   3.4812059e-06	  -1.0570603e-03	  -2.9525997e-05	  -1.2157641e-13	   2.2386638e+02	
  -4.8239096e-04	  -1.4654761e-05	   1.6511112e-03	   1.2526564e-04	   3.2293733e-13	   2.2378012e+02	
  -4.1965813e-03	  -7.5530562e-05	  -1.5295113e-03	  -8.5394209e-06	   5.1290047e-13	   2.2377462e+02	
  -1.9793858e-03	   2.8800522e-05	   6.5264820e-04	   5.1019978e-06	  -7.8644739e-13	   2.2389263e+02	
  -4.8633778e-03	  -1.7074260e-05	   5.2903042e-05	   1.8184057e-05	   5.8888573e-13	   2.2376977e+02	
  -8.4771513e-04	  -8.7908991e-06	   1.0196691e-05	   1.7081533e-05	  -1.1663737e-12	   2.2395067e+02	
  -1.1705359e-03	  -3.9021487e-05	  -1.0705324e-03	  -1.9850329e-05	  -6.4587467e-14	   2.2385775e+02	
  -3.0246067e-04	  -3.3465890e-05	  -2.8414858e-03	  -1.4047982e-04	   8.8142896e-13	   2.2367452e+02	
  -1.5928158e-03	   4.7491527e-06	   1.7364796e-03	   1.4439686e-05	  -2.6974766e-13	   2.2388613e+02	
  -3.9013565e-03	   1.8912420e-04	   2.0816838e-03	  -7.7853621e-05	   1.3145449e-12	   2.2368415e+02	
  -8.4784553e-05	   1.7485224e-05	   1.9027760e-03	   1.7153767e-05	  -2.0516019e-13	   2.2388067e+02	
  -1.4394647e-04	   1.6051671e-05	   2.3949020e-03	  -3.7006377e-05	  -5.2429826e-13	   2.2389186e+02	
  -7.6216958e-04	  -3.3924402e-05	   2.8134107e-04	   3.1731643e-05	   2.2795577e-14	   2.2385077e+02	
  -6.2733523e-04	  -6.5540024e-06	   3.6828379e-04	   2.6249376e-05	  -1.2613552e-12	   2.2395372e+02	
   1.0988024e-03	  -1.2937741e-05	  -2.2100272e-03	  -6.0154194e-06	  -2.4695208e-13	   2.2388811e+02	
   2.4982612e-03	   8.8389989e-05	  -1.9750043e-03	  -9.3312266e-05	   1.0675928e-12	   2.2363646e+02	
   1.0429107e-03	   4.1258148e-05	   6.5069414e-04	   2.3882440e-05	   1.7856535e-13	   2.2381699e+02	
   1.5393180e-04	  -9.1707378e-06	  -7.8597964e-04	  -3.1604804e-05	  -1.3031472e-12	   2.2395245e+02	
  -1.3625193e-03	  -4.8897719e-05	   4.0458563e-04	   1.9088078e-05	   1.1017862e-13	   2.2382989e+02	
   4.9931900e-04	  -2.1518740e-05	  -2.2834097e-03	   3.1767208e-05	  -6.8766656e-13	   2.2389137e+02	
  -1.0158754e-03	  -9.0310760e-05	   6.3442047e-05	   4.5883897e-05	   6.5727246e-13	   2.2373679e+02	
  -2.2724980e-03	   4.3214798e-05	   7.2648085e-04	  -6.8262402e-07	  -5.6609015e-13	   2.2389045e+02	
  -4.8537499e-04	  -3.3833555e-05	  -1.3185034e-03	  -3.9812423e-05	  -3.0394102e-14	   2.2385106e+02	
  -1.7643544e-03	   1.2895632e-05	   4.2579816e-05	   1.2775116e-05	  -9.0042527e-13	   2.2389963e+02	
  -7.5999877e-04	  -3.6242122e-05	  -1.3276749e-03	  -3.3586233e-05	   3.7992628e-15	   2.2384887e+02	
   1.3335871e-03	  -2.8261183e-05	  -1.6028758e-03	   4.7952994e-06	  -6.4967393e-13	   2.2389541e+02	
   3.2403500e-04	   1.7554056e-05	   5.0923857e-04	   1.3148739e-05	   1.9756166e-13	   2.2382073e+02	
  -7.7051668e-04	  -3.9744197e-05	  -1.9455813e-04	   3.4683179e-05	  -2.8494471e-13	   2.2388770e+02	
   2.1526433e-03	   7.5666586e-06	   1.1640803e-03	  -5.6166032e-06	  -2.3555429e-13	   2.2388636e+02	
   9.7117842e-04	  -8.6511689e-06	  -8.8789382e-04	  -1.4383931e-05	  -1.0599944e-12	   2.2392251e+02	
   2.6212382e-03	   7.8553593e-05	  -2.7421049e-03	  -1.0695919e-04	   4.9010490e-13	   2.2376799e+02	
  -1.9801057e-03	   1.7812540e-05	  -5.8461410e-04	   2.0171407e-05	  -6.6487098e-13	   2.2389501e+02	
  -6.6289476e-04	  -4.6806802e-05	  -6.8019190e-04	   6.6669620e-06	   2.5455060e-13	   2.2382028e+02	
   1.5077787e-03	  -1.9856520e-05	   1.9150359e-03	  -4.1414603e-05	  -6.1168130e-13	   2.2388961e+02	
  -4.8314438e-03	  -2.2887722e-05	  -4.4229349e-05	   1.7955448e-05	   6.4207541e-13	   2.2375971e+02	
  -3.2668754e-04	  -7.7620196e-06	  -2.3060312e-03	   3.5762280e-05	  -6.7246951e-13	   2.2389257e+02	
  -9.2227555e-04	  -1.5077086e-05	  -2.2131710e-03	  -7.5073927e-06	  -1.8996314e-13	   2.2388075e+02	
   9.2690215e-04	  -2.4661986e-05	  -1.9853087e-03	   1.8307767e-05	  -7.5605329e-13	   2.2389503e+02	
   1.6984902e-03	   4.1006450e-05	  -5.1918847e-04	  -1.9759010e-05	  -6.4587467e-14	   2.2385366e+02	
   1.7707355e-03	  -3.4341111e-05	  -1.3115422e-03	   4.1433232e-06	  -6.6487098e-13	   2.2389276e+02	
  -3.1901601e-03	  -4.8582412e-05	  -3.3640278e-03	  -2.6672829e-05	   6.0408278e-13	   2.2376118e+02	
   3.9564409e-04	   7.4204324e-06	   2.2448132e-03	  -2.8906333e-05	  -4.8250637e-13	   2.2388331e+02	
   1.8512769e-03	  -1.6652792e-05	  -1.7158968e-03	  -1.0985528e-06	  -2.7734618e-13	   2.2389255e+02	
   1.6207112e-03	  -3.8512843e-05	  -1.9273328e-03	   2.7219018e-05	  -5.4709384e-13	   2.2388842e+02	
   1.1830242e-03	  -1.4495031e-05	  -2.1225919e-03	  -5.6928098e-06	  -2.8494471e-13	   2.2388920e+02	
  -1.0261883e-03	  -1.0066118e-04	  -1.1737869e-03	  -7.6426216e-05	   5.8888573e-13	   2.2373331e+02	
   1.9655518e-03	   2.8618207e-05	   4.3001496e-03	   2.7160441e-05	   6.5347319e-13	   2.2375771e+02	
   6.3166642e-04	  -2.3246469e-06	  -4.6797765e-04	  -2.3094939e-05	  -1.2613552e-12	   2.2394562e+02	
   8.8142150e-04	   5.8833099e-06	  -1.6492601e-03	  -4.3354210e-05	  -1.0258009e-13	   2.2386065e+02	
  -1.1298925e-03	  -6.9885488e-05	   8.8082529e-04	   8.9109372e-05	   1.9756166e-13	   2.2380413e+02	
  -3.9929074e-03	  -3.0729508e-05	   2.4165472e-03	   3.9119559e-05	   5.8128720e-13	   2.2376689e+02	
   1.8548342e-03	  -6.4798226e-05	  -4.3225381e-03	   1.0356940e-04	   1.1283810e-12	   2.2370307e+02	
   1.2979154e-03	  -6.1192094e-06	  -1.9352730e-03	  -1.7734668e-05	  -2.6974766e-13	   2.2388533e+02	
   7.1311609e-04	   1.0038024e-05	  -1.8239092e-04	  -2.4271923e-05	  -1.2993479e-12	   2.2394554e+02	
  -1.2755917e-03	  -1.9652029e-05	  -1.9028912e-03	  -7.8763983e-06	  -2.1275871e-13	   2.2387959e+02	
   4.7801093e-04	  -3.6740829e-06	  -5.1891615e-04	  -2.5921670e-05	  -1.3031472e-12	   2.2394750e+02	
   2.1330060e-03	   1.7958172e-05	   1.0138261e-03	   1.5565253e-06	  -2.2415650e-13	   2.2388237e+02	
   1.0065978e-03	  -2.8760854e-05	  -2.3034315e-03	   3.7683122e-05	  -5.7368868e-13	   2.2388711e+02	
  -5.1040739e-05	  -1.3788413e-05	  -2.3499229e-03	  -2.1248348e-05	  -1.4817125e-13	   2.2387468e+02	
   1.7636993e-04	  -6.1598847e-06	  -1.1355436e-03	  -3.2206191e-05	  -1.2765523e-12	   2.2393067e+02	
  -1.3457640e-03	  -5.2974526e-05	   2.2162658e-04	   1.2908103e-05	   2.6594839e-13	   2.2380265e+02	
   2.9154929e-04	   2.8694382e-06	  -3.2374594e-04	  -1.3976361e-05	  -9.0422454e-13	   2.2395421e+02	
   6.5671601e-04	   1.9772083e-05	  -3.2741980e-04	  -3.0982397e-05	   9.8780832e-14	   2.2383846e+02	
   2.8171333e-04	   8.7638129e-06	   2.3396171e-03	  -4.2702055e-05	  -6.8006803e-13	   2.2388844e+02	
   5.5407600e-04	   1.7500473e-05	   4.7734361e-03	   2.0089225e-05	   6.6107172e-13	   2.2375912e+02	
   7.6639474e-04	   2.1126031e-05	   8.4127962e-04	  -7.7615092e-06	  -1.1701729e-12	   2.2392325e+02	
   2.0034589e-03	   3.2790923e-05	  -4.3011439e-04	  -1.8770868e-05	  -1.0258009e-13	   2.2386615e+02	
  -1.0698921e-03	  -9.0021002e-06	  -2.1448471e-03	   5.8861913e-06	  -1.5197051e-13	   2.2386781e+02	
  -2.0267004e-03	  -1.4478372e-05	  -6.7742326e-04	   7.4419508e-06	  -9.8780832e-14	   2.2386965e+02	
  -2.2054980e-03	   3.3939859e-05	  -1.0302793e-03	   2.5127533e-05	  -5.7748794e-13	   2.2388783e+02	
   1.8960021e-03	   9.0672512e-06	   1.2117195e-03	  -9.0955251e-06	  -2.5455060e-13	   2.2388815e+02	
  -1.2230233e-03	   3.3998663e-05	   1.9875928e-03	  -2.5623629e-05	  -6.8386730e-13	   2.2388797e+02	
  -5.5703121e-04	  -7.9557280e-05	  -5.9180343e-04	  -1.2552003e-05	   5.1669974e-13	   2.2376507e+02	
   7.5109170e-04	   3.5900394e-05	   5.5460851e-04	  -2.1614441e-05	  -4.9010490e-13	   2.2391179e+02	
   2.4549722e-04	   1.5543453e-05	   2.0776088e-03	   3.4815117e-05	  -1.1017862e-13	   2.2386781e+02	
   4.7060647e-04	   7.9386329e-06	   1.2383497e-05	  -4.6775090e-06	  -7.9404592e-13	   2.2394566e+02	
  -1.0577905e-03	   1.5493527e-05	   2.1451207e-03	   2.0630536e-06	  -2.7354692e-13	   2.2389065e+02	
  -1.8004251e-04	  -7.9404570e-06	  -3.4198460e-05	   1.1275153e-05	  -1.0903885e-12	   2.2396654e+02	
  -1.7420291e-04	   1.2056609e-05	   1.7756049e-03	   1.1806239e-04	  -3.7992628e-14	   2.2385227e+02	
  -2.3369873e-03	   3.3726644e-05	   1.1441072e-03	  -7.4188152e-06	  -3.9892259e-13	   2.2388274e+02	
   9.3652160e-04	   3.9648513e-05	   4.0454334e-04	   8.1822346e-07	  -4.9390416e-14	   2.2386486e+02	
  -9.5198727e-04	  -2.0414881e-05	   6.3643194e-05	   2.0815402e-05	  -1.2499574e-12	   2.2394147e+02	
  -4.5943138e-03	  -4.5671491e-05	  -9.7098963e-04	   8.6991458e-06	   6.1927983e-13	   2.2376171e+02	
  -7.5156524e-04	  -1.0302669e-05	   6.3009857e-05	   2.0012837e-05	  -1.2423590e-12	   2.2394991e+02	
   1.2044806e-03	  -1.5363902e-05	  -2.2091646e-03	   6.4374827e-07	  -2.4695208e-13	   2.2389126e+02	
   8.0563881e-04	  -3.7417700e-06	  -5.4681585e-04	  -1.9881508e-05	  -1.1967678e-12	   2.2394024e+02	
  -2.1269748e-03	  -3.6423501e-06	  -1.2832164e-03	   6.6856425e-06	  -2.2795577e-13	   2.2388703e+02	
  -3.9713564e-04	  -9.9810448e-06	  -6.2108253e-05	   3.9502648e-07	  -9.0422454e-13	   2.2395392e+02	
   9.3375013e-04	   1.0733405e-05	  -1.3697304e-03	  -4.4110443e-05	  -9.4981569e-14	   2.2386045e+02	
   2.3496776e-03	  -3.1429371e-05	  -1.0969089e-04	  -7.7374512e-06	  -6.5347319e-13	   2.2389218e+02	
   6.4819225e-04	   1.9080147e-05	  -1.7512235e-04	  -5.6242532e-05	   3.9892259e-13	   2.2378879e+02	
  -1.7916268e-03	   1.1283286e-05	  -6.9779479e-04	   1.5979452e-05	  -8.3203854e-13	   2.2390134e+02	
  -2.2783111e-03	  -1.2524455e-05	   5.8113231e-04	   1.5599866e-05	  -1.7856535e-13	   2.2387867e+02	
   1.2456409e-03	  -2.2261985e-05	  -1.3961553e-03	   1.6279950e-06	  -8.7762970e-13	   2.2389210e+02	
   9.7708338e-04	   3.9062613e-05	   8.5426657e-04	   1.7251320e-05	  -3.4193365e-14	   2.2385057e+02	
   1.4576989e-03	  -3.4250769e-05	  -1.7200472e-03	   1.5681117e-05	  -7.1046214e-13	   2.2388525e+02	
   3.9045232e-03	   9.2101720e-06	  -2.8872419e-03	  -2.7462543e-05	   5.6609015e-13	   2.2377411e+02	
  -3.4714491e-05	  -1.5315772e-05	  -1.7902472e-03	   1.3210361e-05	  -9.1942159e-13	   2.2389507e+02	
   6.0235360e-04	   1.7940588e-05	  -3.5817959e-04	  -3.2798399e-05	   2.2415650e-13	   2.2381654e+02	
   9.3084031e-04	   7.1061360e-06	   1.1517589e-04	  -1.6951980e-05	  -1.2043662e-12	   2.2393625e+02	
  -7.0872909e-04	  -4.3116305e-05	   5.4334505e-04	   8.3573649e-05	   6.8006803e-13	   2.2373157e+02	
   9.3032093e-04	  -2.9724369e-05	   4.3093797e-03	  -2.3554199e-04	   1.3031472e-12	   2.2369683e+02	
   8.2377613e-04	   4.5059388e-05	   7.1933373e-04	   1.9176772e-05	   1.7096682e-13	   2.2382634e+02	
  -2.0806712e-03	   5.0384298e-05	  -4.1083593e-03	   1.4059913e-04	   1.1967678e-12	   2.2369317e+02	
   3.2392119e-04	  -1.5933204e-05	  -2.3604444e-03	  -2.6337403e-06	  -2.3175503e-13	   2.2388746e+02	
  -7.2923533e-04	   4.2403597e-07	  -2.2064043e-03	   3.8899076e-05	  -6.6107172e-13	   2.2389034e+02	
   2.0909398e-03	   1.4791010e-05	  -1.0338494e-03	  -2.1102576e-05	  -1.3677346e-13	   2.2387390e+02	
  -1.3905380e-03	   1.4396439e-05	   4.1684019e-03	   7.2012571e-06	   1.0865891e-12	   2.2367482e+02	
  -6.4103863e-04	  -3.5839056e-05	   3.3887624e-04	   7.1991401e-05	   6.7626877e-13	   2.2373171e+02	
  -1.9903340e-04	   1.7112733e-05	   2.4170064e-03	  -4.4963779e-05	  -5.6609015e-13	   2.2388932e+02	
  -1.3478886e-03	  -1.8078100e-05	  -1.7171877e-03	   1.2689539e-07	  -1.7096682e-13	   2.2387926e+02	
   1.7883463e-03	  -1.6620504e-05	   9.8074838e-04	  -2.3409347e-05	  -8.0164444e-13	   2.2388613e+02	
  -1.2133290e-03	  -2.7799686e-06	   1.9354586e-03	   2.8361869e-05	  -1.5197051e-13	   2.2387398e+02	
   2.3135425e-03	  -1.2536043e-04	  -3.4523863e-03	   1.4618839e-04	   1.5728948e-12	   2.2360472e+02	
   1.2430647e-03	   1.1033888e-05	  -1.7078348e-03	  -3.9261211e-05	  -6.8386730e-14	   2.2386331e+02	
  -4.4062707e-03	   1.1759593e-04	  -1.1342511e-03	   4.9957040e-05	   1.2081656e-12	   2.2368272e+02	
   2.6825075e-04	   1.1190544e-05	   2.4387296e-03	   2.2657805e-07	  -2.2035724e-13	   2.2388801e+02	
  -2.5518290e-03	  -4.6545115e-05	   1.8682865e-03	   5.6282150e-05	   1.7134676e-12	   2.2349409e+02	
   7.5665080e-04	   3.6416391e-05	  -2.4789388e-04	  -3.1577796e-05	   2.1275871e-13	   2.2381881e+02	
  -1.7393807e-03	   1.5454723e-05	  -1.2116121e-03	   2.5715747e-05	  -7.3325771e-13	   2.2388924e+02	
   2.4869706e-04	   1.6499877e-05	   2.0110492e-03	   4.0071870e-05	  -6.4587467e-14	   2.2386122e+02	
   1.0738120e-03	  -2.3980409e-05	  -4.4751925e-03	   2.6526630e-05	   1.0637936e-12	   2.2368896e+02	
  -6.9676681e-04	  -2.1260571e-05	   3.5741510e-05	   4.6063930e-05	   4.0652112e-13	   2.2378869e+02	
   2.3820270e-03	  -5.0881327e-05	  -5.7974775e-04	  -4.1510744e-08	  -6.3447688e-13	   2.2388732e+02	
   1.4858006e-03	   4.3694204e-05	  -1.4679298e-05	  -1.2013622e-05	   3.4193365e-14	   2.2384472e+02	
  -6.2151699e-04	   2.5457888e-06	   8.6332380e-04	   1.1909741e-05	  -1.0068046e-12	   2.2393858e+02	
  -2.0428716e-03	  -3.3830914e-05	  -7.9778866e-04	  -2.6961293e-06	  -7.9784518e-14	   2.2386570e+02	
   7.3476688e-04	  -1.2353537e-06	   2.2435553e-03	  -4.4460202e-05	  -6.6487098e-13	   2.2388848e+02	
   2.4469025e-03	   9.2184675e-06	  -4.2514158e-04	  -1.1071315e-05	  -1.6716756e-13	   2.2388063e+02	
  -2.0352973e-03	   3.8497031e-05	   2.3574897e-04	   2.0241864e-06	  -2.6328890e-12	   2.2407950e+02	
   1.4384173e-03	   2.7848825e-05	   9.7743538e-04	  -7.4259019e-07	  -6.8386730e-14	   2.2386122e+02	
   4.3770000e-03	  -1.4519451e-04	   1.7475199e-03	  -7.9287901e-05	   1.1473774e-12	   2.2371493e+02	
   1.1812675e-03	  -3.3047606e-05	  -2.2533192e-03	   3.6220996e-05	  -3.5713070e-13	   2.2391079e+02	
   9.3368017e-04	   7.7469359e-05	   1.8505763e-03	   1.1428023e-04	   5.1290047e-13	   2.2374139e+02	
  -2.3315501e-04	  -2.6277471e-05	  -1.6748252e-03	  -2.4584287e-05	   1.1397788e-14	   2.2384969e+02	
   3.1405571e-03	  -1.4096091e-04	  -3.6137239e-03	   1.3131378e-04	   1.1017862e-12	   2.2373613e+02	
  -3.7669378e-04	  -1.1331510e-05	  -2.1334962e-04	  -9.5491019e-06	   1.5463000e-12	   2.2352117e+02	
  -3.7665522e-03	   1.8605211e-04	   1.7110355e-03	  -6.1763183e-05	   1.5349022e-12	   2.2361693e+02	
  -3.7090129e-04	  -1.5393461e-05	  -2.3738520e-03	  -7.1795608e-06	  -1.9756166e-13	   2.2388204e+02	
  -1.6969882e-03	   1.3902160e-05	  -1.1881486e-03	   2.4545000e-05	  -7.5605329e-13	   2.2388787e+02	
   7.5282046e-04	   3.3246132e-05	   1.3055595e-03	   3.2295261e-05	  -1.1397788e-14	   2.2384969e+02	
  -7.7273159e-04	  -1.9210022e-05	   2.7989601e-03	   1.2508140e-04	   1.2347603e-12	   2.2359460e+02	
   2.7230130e-04	   4.5461717e-06	  -2.2477389e-05	  -6.1045152e-07	   1.7248653e-12	   2.2346892e+02	
   3.1445843e-03	  -1.5790400e-04	  -2.7925546e-03	   1.0935537e-04	   1.5273036e-12	   2.2361609e+02	
  -4.6249238e-03	  -3.9725589e-05	   4.0333367e-04	   2.1889417e-05	   7.5225403e-13	   2.2374043e+02	
  -2.3025598e-03	   3.9722360e-05	  -7.6340848e-04	   2.2381566e-05	  -6.1548057e-13	   2.2388582e+02	
  -1.9003076e-04	   1.5833000e-05	   1.8947119e-03	   2.3849331e-05	  -1.1397788e-13	   2.2387132e+02	
  -1.9118628e-03	   2.1143996e-05	   3.4359037e-04	   9.5229088e-06	  -8.2823928e-13	   2.2389388e+02	
  -1.0493734e-04	  -3.4193023e-05	  -1.2452225e-03	  -2.7719839e-05	   1.8236461e-13	   2.2382167e+02	
  -1.0192576e-03	   1.0818440e-05	  -2.2212832e-03	   4.4478189e-05	  -6.0028352e-13	   2.2388599e+02	
   2.6230812e-03	   5.3326542e-05	   3.6838155e-03	   4.9997713e-05	   4.6730932e-13	   2.2378243e+02	
   8.2831419e-05	  -2.3117039e-05	  -4.6834142e-03	   2.0195719e-04	   1.1625744e-12	   2.2372259e+02	
   1.2195349e-03	  -4.2151764e-07	  -1.9443744e-03	  -2.7292610e-05	  -1.6716756e-13	   2.2387556e+02	
   6.7829878e-04	  -4.9774488e-06	  -1.1071063e-03	  -9.7175185e-06	  -1.0030054e-12	   2.2392809e+02	
   8.8176266e-04	  -4.9235717e-06	  -1.2438401e-03	  -3.6964922e-05	   4.5591153e-14	   2.2384687e+02	
  -1.1524237e-03	   6.7032303e-06	   1.3079737e-03	   1.7369170e-05	  -3.3813439e-13	   2.2387535e+02	
   2.2528346e-03	   3.8167515e-06	   6.9129891e-04	  -1.1660062e-05	  -2.3935355e-13	   2.2388863e+02	
   3.1636019e-04	   1.3681428e-05	   2.0345385e-03	  -2.5162846e-05	  -6.8006803e-13	   2.2389345e+02	
  -6.7026264e-04	  -2.9700360e-05	  -4.2885200e-03	  -8.1375403e-05	   7.4085624e-13	   2.2373217e+02	
   1.3673131e-03	  -2.8201410e-06	   1.0996355e-03	  -1.7038009e-05	  -9.1562233e-13	   2.2390083e+02	
  -8.9263550e-04	  -5.2870359e-05	  -5.2611095e-04	  -9.6290801e-06	   2.8874397e-13	   2.2381065e+02	
   1.3820877e-03	  -2.0199567e-05	   2.0244213e-03	  -4.7223615e-05	  -6.2687836e-13	   2.2388640e+02	
   1.8633112e-03	  -5.3456477e-06	  -1.6757814e-03	  -1.1572943e-05	  -1.8616388e-13	   2.2388478e+02	
   1.5891750e-03	  -2.5446455e-05	  -1.5617601e-03	   1.1139351e-05	  -7.2565919e-13	   2.2389384e+02	
  -3.9051566e-03	  -8.5395958e-06	   2.7274107e-03	   2.7569581e-05	   7.1806066e-13	   2.2375122e+02	
  -9.1755739e-04	  -1.1250604e-05	  -3.9466904e-04	  -2.5654631e-06	  -9.5741422e-13	   2.2394869e+02	
  -2.1431774e-03	  -3.1206312e-05	   4.9997850e-04	   1.8889724e-05	  -5.6988941e-14	   2.2386259e+02	
   7.9154589e-04	   1.7243388e-05	   7.4748776e-04	  -1.0949113e-05	  -1.1739721e-12	   2.2391699e+02	
   1.4496548e-05	  -3.7740366e-06	   1.3620703e-05	  -1.1109078e-05	   1.3145449e-12	   2.2357458e+02	
   1.0966071e-03	   6.2791490e-05	  -6.6631005e-04	  -7.6060912e-05	   3.7992628e-15	   2.2384010e+02	
   7.9576925e-04	  -5.6037432e-06	  -1.0761231e-03	  -3.5734205e-05	   1.8616388e-13	   2.2382173e+02	
  -2.9080680e-03	  -1.3215093e-04	   7.7322963e-05	   2.2028173e-05	   1.1169833e-12	   2.2362108e+02	
   1.2713308e-03	   4.3357916e-05	  -2.4386083e-04	  -2.1617841e-05	   1.8996314e-13	   2.2381642e+02	
  -8.7870742e-05	  -2.1715446e-05	  -3.1464920e-03	  -1.0517655e-04	   1.4095265e-12	   2.2356311e+02	
   7.4970574e-04	   9.0692321e-05	   4.3162047e-04	   3.7361562e-06	   6.8766656e-13	   2.2372989e+02	
  -1.5467470e-04	  -2.1083068e-06	  -1.9986904e-03	   5.4234092e-05	  -2.1655798e-12	   2.2412768e+02	
   1.7056301e-03	   4.6882146e-05	  -2.0175797e-04	  -1.6975047e-05	   9.4981569e-14	   2.2383261e+02	
  -1.9343280e-03	   1.9350723e-05	  -7.8493417e-04	   2.1518934e-05	  -7.3325771e-13	   2.2388783e+02	
   3.7161906e-04	   2.0695626e-05	   1.8683853e-03	   1.8416816e-05	  -1.0258009e-13	   2.2387034e+02	
  -2.3034396e-03	  -1.4247315e-04	   3.1984708e-05	   2.3285475e-05	   6.3827614e-13	   2.2371897e+02	
   2.3410990e-04	   2.1887842e-05	   3.8185608e-03	   1.1870071e-04	   8.5483412e-13	   2.2370204e+02	
   1.7433019e-03	   1.1907954e-04	   1.0103954e-04	  -1.9099905e-05	   2.2795577e-13	   2.2379570e+02	
   5.5476990e-04	  -1.4794540e-05	  -2.2434675e-03	  -1.1125243e-05	  -1.7856535e-13	   2.2388249e+02	
   3.9533433e-03	  -7.7395396e-06	   2.2272816e-03	  -2.3667302e-05	   1.0713921e-12	   2.2368202e+02	
  -6.2944210e-04	  -3.9474048e-05	  -1.0854196e-03	  -1.0790504e-05	   2.0136093e-13	   2.2381889e+02	
  -3.7544814e-03	   2.6697989e-05	  -6.0376343e-04	   2.3754812e-05	   1.6412815e-12	   2.2353806e+02	
   2.3110550e-03	   1.0427998e-05	  -9.3337649e-04	  -1.4896229e-05	  -1.2157641e-13	   2.2387611e+02	
  -1.1080303e-03	  -1.1464345e-06	   3.0374926e-05	   1.5371195e-05	  -1.1245818e-12	   2.2392075e+02	
   2.1948833e-03	   1.8447739e-05	  -1.0597359e-03	  -1.9258703e-05	  -8.3583781e-14	   2.2386903e+02	
   3.7083925e-04	   5.9864969e-05	   8.1390812e-04	   2.7562658e-05	  -2.3555429e-13	   2.2388030e+02	
  -1.0612684e-03	   1.2615923e-05	   2.2771087e-03	  -4.3210234e-07	  -1.9756166e-13	   2.2388971e+02	
   5.9708045e-04	  -1.4975310e-06	  -3.5288551e-04	  -1.0693975e-05	  -1.1777715e-12	   2.2395261e+02	
  -2.0241550e-03	  -2.1973959e-05	   1.0117700e-03	   2.4152182e-05	  -7.9784518e-14	   2.2386619e+02	
  -6.1255748e-04	   9.5530460e-06	   4.8791009e-04	   4.2466016e-05	  -3.7992628e-13	   2.2390012e+02	
   3.2193121e-03	   5.2130233e-05	  -2.8839562e-03	  -6.9788287e-05	   7.6745108e-13	   2.2372779e+02	
   2.0273867e-03	  -3.1529597e-05	  -7.5866305e-04	  -5.3932495e-06	  -6.7246951e-13	   2.2388905e+02	
  -8.2158855e-04	  -1.4052070e-05	  -2.3352039e-03	  -1.0492135e-05	  -1.0637936e-13	   2.2387550e+02	
   1.5096858e-03	  -4.0267982e-05	  -1.9080732e-03	   2.8640945e-05	  -6.0028352e-13	   2.2388644e+02	
  -8.4122664e-04	  -4.2854571e-05	  -1.4638906e-05	   1.7676143e-05	   3.0394102e-13	   2.2380470e+02	
   2.5024622e-04	   5.1480835e-05	   1.0001547e-03	   7.2164307e-05	   1.5197051e-14	   2.2384239e+02	
   2.1606798e-04	  -3.7648111e-06	  -1.3377017e-04	  -1.2917506e-05	   9.2702011e-13	   2.2367063e+02	
  -1.6371012e-03	   3.9698715e-07	  -5.8093974e-04	   1.7660335e-05	  -6.3067762e-13	   2.2389740e+02	
  -6.8592674e-04	  -8.3517329e-05	  -4.2778147e-04	   6.4972452e-06	   6.0788204e-13	   2.2374797e+02	
   8.4350736e-04	  -1.3206752e-05	  -1.0629395e-03	  -1.0955479e-05	  -1.0675928e-12	   2.2391163e+02	
  -3.7306008e-05	   1.1000108e-05	   2.0234572e-03	   4.9781569e-05	   4.5591153e-14	   2.2384613e+02	
   1.4059356e-03	   9.0175348e-08	   4.1378490e-04	  -7.6651828e-06	  -9.9540684e-13	   2.2391378e+02	
   2.2508813e-03	   6.7725020e-06	  -3.0656566e-04	  -1.5480405e-05	  -1.7096682e-13	   2.2388161e+02	
  -5.3240455e-04	  -3.7465857e-07	  -2.2248552e-03	   2.4993804e-05	  -6.8766656e-13	   2.2389116e+02	
   1.0414814e-03	   2.7048071e-05	  -1.4515138e-03	  -5.2103549e-05	   6.7626877e-13	   2.2372738e+02	
   9.3130731e-04	  -3.7822986e-06	  -1.2150048e-03	  -7.7604050e-06	  -9.3841790e-13	   2.2391867e+02	
   8.3529361e-04	   4.6437531e-05	   2.1544623e-04	  -7.3298984e-06	   4.2551743e-13	   2.2378247e+02	
   2.6464140e-03	   7.5464731e-05	  -1.9069821e-03	  -7.7328428e-05	   1.2651545e-12	   2.2359215e+02	
  -2.3425176e-03	  -1.3073242e-05	  -3.3489249e-04	   1.0072778e-05	  -1.5197051e-13	   2.2387922e+02	
   1.1939635e-03	  -1.0252645e-05	  -7.7892640e-04	  -1.1821472e-05	  -1.0409980e-12	   2.2391179e+02	
  -2.2291917e-05	  -5.2129879e-06	  -9.2676921e-05	   4.8390305e-06	   1.5728948e-12	   2.2350959e+02	
   1.1209263e-04	  -1.7129002e-05	  -4.5873893e-03	   1.7543075e-05	   1.0220016e-12	   2.2369110e+02	
   1.0137339e-03	   1.5383769e-05	   2.0283919e-03	   3.1215133e-06	  -1.8616388e-13	   2.2388312e+02	
  -4.0140057e-03	   3.4121907e-05	  -2.3209601e-03	   4.0539346e-05	   1.0827898e-12	   2.2369020e+02	
   4.1592499e-03	   3.3322876e-05	   2.4130380e-03	   1.4960078e-06	   6.2687836e-13	   2.2376441e+02	
  -2.0520784e-03	   2.6569457e-05	  -9.8692359e-04	   2.4783469e-05	  -6.3447688e-13	   2.2388852e+02	
  -8.2525766e-04	  -4.9107558e-05	  -9.2426897e-04	  -2.7875519e-05	   2.3555429e-13	   2.2381339e+02	
   1.1464485e-04	  -1.8114230e-07	   2.4703416e-04	   3.7067529e-06	  -1.3183442e-12	   2.2396226e+02	
  -8.7925612e-04	   5.1326539e-06	   2.2131407e-03	   2.2414639e-05	  -1.5197051e-13	   2.2387732e+02	
  -1.9203091e-03	   3.2288776e-05	   9.5937370e-04	   1.3042633e-06	  -7.1046214e-13	   2.2388597e+02	
  -7.0372566e-04	  -5.2839993e-05	  -2.3067805e-04	   3.5655960e-05	   4.8630563e-13	   2.2377341e+02	
   7.1281337e-04	   4.8111121e-05	   5.6859965e-04	  -1.5948297e-05	  -4.2931669e-13	   2.2390609e+02	
  -1.5277066e-03	  -2.5429398e-05	   2.4311636e-04	   2.3829798e-05	   8.3583781e-14	   2.2383971e+02	
   1.7698840e-03	   4.1597069e-05	  -2.7582333e-03	  -9.9082681e-05	   1.2613552e-12	   2.2359413e+02	
  -1.2685800e-03	  -2.0159935e-05	  -2.0977051e-03	  -1.5592431e-05	  -3.0394102e-14	   2.2386511e+02	
  -1.7597814e-03	   2.4639551e-05	   9.5766767e-04	   6.5155281e-06	  -6.6487098e-13	   2.2389304e+02	
  -2.4066609e-03	  -1.6512847e-05	   6.8244628e-04	   1.3670935e-05	  -4.5591153e-14	   2.2386860e+02	
  -1.9676435e-03	   2.7068239e-05	  -1.2395752e-03	   2.8767351e-05	  -6.1927983e-13	   2.2388715e+02	
   2.2979302e-03	   2.4046481e-05	  -5.4622249e-04	  -1.7131869e-05	  -6.0788204e-14	   2.2386668e+02	
  -4.3157149e-03	   1.5905229e-04	  -1.8516520e-03	   8.9287553e-05	   1.1473774e-12	   2.2371920e+02	
  -1.9183438e-03	  -2.0383418e-05	   1.2262107e-03	   2.7226894e-05	  -6.0788204e-14	   2.2386437e+02	
  -9.8866603e-04	  -7.0132254e-06	  -3.0212185e-04	   1.3179252e-05	  -1.1397788e-12	   2.2393049e+02	
  -1.6736995e-03	  -1.3048933e-05	   1.5585608e-03	   2.9188538e-05	  -9.1182306e-14	   2.2386795e+02	
   3.9677781e-04	  -1.5183839e-05	  -1.0561981e-03	  -1.3199995e-05	  -1.1473774e-12	   2.2392255e+02	
   1.1431346e-03	   3.1656325e-05	   2.0663295e-03	   5.0970308e-05	   3.0774028e-13	   2.2380629e+02	
  -3.7433619e-03	   4.4417700e-05	   2.6384621e-03	  -9.4736075e-06	   1.0827898e-12	   2.2368879e+02	
  -8.8243156e-04	  -4.3763822e-05	  -1.2111440e-03	  -3.5599316e-05	   3.2673660e-13	   2.2379705e+02	
   1.0512602e-03	   8.8038663e-05	   1.5910352e-03	   9.8379960e-05	   4.3691522e-13	   2.2375546e+02	
  -6.0202456e-04	  -1.7040572e-05	  -2.3746552e-03	  -2.0614463e-05	  -7.5985255e-15	   2.2386288e+02	
   5.8551980e-06	   3.1911798e-05	   1.0210681e-03	   8.2097561e-05	  -7.5985255e-15	   2.2384535e+02	
  -1.6861742e-03	  -1.2981933e-05	   9.8886278e-04	   2.7102904e-05	  -4.5591153e-14	   2.2386492e+02	
   1.7167709e-04	   6.7814567e-07	  -3.1174584e-04	  -9.4948496e-06	  -1.3373405e-12	   2.2395781e+02	
   1.2409186e-03	   3.2220753e-05	  -9.8658637e-04	  -4.4343041e-05	   1.9756166e-13	   2.2381914e+02	
   7.6520861e-04	   1.4393598e-05	   2.5473510e-04	  -1.5911136e-05	  -1.2499574e-12	   2.2394137e+02	
   5.9087687e-04	   3.4731555e-05	   1.2999419e-03	   4.3463826e-05	   2.6974766e-13	   2.2380517e+02	
   1.5072114e-03	  -1.8594265e-05	   1.7967961e-03	  -3.9293123e-05	  -6.5727246e-13	   2.2388443e+02	
  -7.3424413e-04	  -3.9736332e-05	  -4.3010422e-04	   2.3210831e-05	   3.8372554e-13	   2.2379816e+02	
   3.1329117e-04	   4.5007497e-06	   2.1256460e-03	  -2.6964955e-05	  -7.7504960e-13	   2.2388850e+02	
   1.0312998e-03	   3.5693754e-05	  -4.0034824e-04	  -3.0265770e-05	   3.1153955e-13	   2.2380638e+02	
   8.2421073e-04	  -2.1924417e-05	  -2.2090591e-03	   3.0754577e-05	  -6.9526509e-13	   2.2388398e+02	
  -9.3342296e-04	   9.0633049e-06	   1.8499123e-03	   1.3658551e-05	  -1.2917493e-13	   2.2388231e+02	
   4.2649430e-04	   9.3855492e-07	   5.0438928e-04	  -6.0956732e-06	  -1.6906719e-12	   2.2419173e+02	
  -3.6889064e-04	  -3.5414249e-05	  -1.2943617e-03	  -2.1545707e-05	   1.9376240e-13	   2.2382190e+02	
  -1.9921773e-03	   1.8607224e-05	  -4.9166211e-04	   1.1686149e-05	  -7.8264813e-13	   2.2389282e+02	
   1.6500863e-03	   1.4911550e-05	   1.5856554e-03	  -1.7238422e-06	  -1.7476609e-13	   2.2388257e+02	
  -4.2126904e-04	  -1.6260240e-05	  -1.4931446e-05	  -1.9397058e-06	  -4.0652112e-13	   2.2400987e+02	
  -6.0806572e-04	  -1.8929219e-05	  -2.3502902e-03	  -4.0848897e-05	   1.3677346e-13	   2.2383769e+02	
  -3.8805283e-04	   1.3503938e-06	   2.1852796e-04	   6.5033009e-06	  -1.2993479e-12	   2.2395480e+02	
   9.0038986e-04	   7.6263929e-05	  -5.2112799e-05	  -4.8519074e-05	   5.8888573e-13	   2.2375206e+02	
  -6.1119373e-04	  -1.8640737e-05	  -1.5500370e-03	  -3.2115482e-06	  -3.1913807e-13	   2.2387163e+02	
  -1.0871257e-03	  -1.0944138e-05	   6.8676739e-04	   3.5917349e-05	   1.7856535e-13	   2.2382403e+02	
   2.4764572e-03	  -9.0422861e-05	   3.3597531e-03	  -1.5764916e-04	   1.5235043e-12	   2.2361309e+02	
  -1.0640261e-03	  -3.3898820e-05	  -1.7231653e-03	  -3.1047437e-05	  -3.7992628e-15	   2.2385200e+02	
  -1.4986292e-03	   2.3399846e-05	   1.2459586e-03	   4.9801968e-06	  -6.6107172e-13	   2.2389349e+02	
  -1.4958574e-03	   1.7120007e-06	   1.9999489e-03	   1.6519188e-05	  -7.2185992e-14	   2.2387515e+02	
  -1.6228564e-03	   8.2807048e-06	  -1.0254903e-04	   1.3223056e-05	  -9.3461864e-13	   2.2389844e+02	
  -4.4810023e-05	  -4.2406648e-05	  -9.6469739e-04	  -2.6761454e-05	   3.1533881e-13	   2.2381180e+02	
   2.2268112e-04	   1.0660976e-05	   2.2674973e-03	  -3.5879400e-05	  -6.0408278e-13	   2.2388912e+02	
  -2.4092765e-03	  -2.3845302e-05	   1.6150205e-04	   1.2002921e-05	  -1.8996314e-14	   2.2386425e+02	
  -1.0170811e-03	  -3.7575038e-05	   2.6130178e-03	   1.3879078e-04	   9.1562233e-13	   2.2366376e+02	
   1.7303440e-03	   6.4412276e-06	  -1.5906397e-03	  -2.5437997e-05	  -1.2917493e-13	   2.2387362e+02	
   9.4222826e-05	  -1.2151579e-05	  -8.0590070e-04	  -2.8923348e-05	  -1.3297420e-12	   2.2393584e+02	
  -4.3166623e-03	  -5.4356899e-05	  -1.7980658e-03	  -3.7484556e-06	   5.8128720e-13	   2.2376718e+02	
  -8.1473365e-04	  -1.3092391e-05	   4.9677311e-04	   2.8763569e-05	  -1.2727531e-12	   2.2393278e+02	
  -5.8957527e-04	  -3.4707561e-05	  -1.1362148e-03	  -1.0331685e-05	   2.2795577e-13	   2.2381558e+02	
  -4.0176048e-04	   2.5228267e-05	   7.9719028e-04	   3.5358257e-05	  -4.5971079e-13	   2.2390750e+02	
   1.5422459e-03	   1.1268179e-05	  -1.0340984e-03	  -3.1167759e-05	  -3.7992628e-15	   2.2385496e+02	
   2.0510065e-03	  -3.2411818e-05	  -6.8432273e-04	  -3.2023741e-06	  -7.5605329e-13	   2.2388441e+02	
  -7.9885720e-04	  -4.1364717e-05	   5.4273055e-05	   2.2145238e-05	   5.6609015e-13	   2.2375409e+02	
   1.7643965e-03	  -4.4055093e-05	  -1.7395419e-03	   2.6550852e-05	  -6.1168130e-13	   2.2388132e+02	
   5.1774290e-04	   4.2206176e-05	   6.9594561e-04	  -7.0837792e-06	   3.2673660e-13	   2.2380779e+02	
  -5.8679975e-04	   4.0652293e-05	   4.0648364e-03	  -1.4744365e-04	   1.5614970e-12	   2.2359346e+02	
  -1.8304782e-03	  -2.9585834e-05	  -7.0832812e-04	   4.5305378e-06	  -1.1397788e-14	   2.2385951e+02	
   1.7483567e-04	   1.4782986e-05	   1.7804802e-03	  -1.5409204e-05	  -9.1562233e-13	   2.2389316e+02	
  -2.2076087e-03	  -3.4652839e-05	   2.9469288e-04	   1.6117451e-05	  -1.1397788e-14	   2.2385803e+02	
   4.7237185e-04	   9.6292483e-07	  -1.0819701e-03	  -3.0651315e-05	  -1.2613552e-12	   2.2391543e+02	
   2.9790312e-03	   4.7448944e-05	   3.5859817e-03	   3.4476373e-05	   5.5089310e-13	   2.2377036e+02	
   2.4429993e-04	  -4.1868869e-06	  -1.1508827e-03	  -3.0451557e-05	  -1.2651545e-12	   2.2391607e+02	
   7.4499049e-04	   3.2895609e-05	  -8.0160248e-06	  -1.9011808e-05	   4.5591153e-13	   2.2377531e+02	
   6.1401104e-04	  -8.4637057e-06	  -7.2321774e-04	  -1.9266024e-05	  -1.1967678e-12	   2.2393625e+02	
  -4.2052740e-03	  -7.2650869e-05	  -1.5279495e-03	  -7.7000073e-06	   2.8874397e-13	   2.2380754e+02	
  -9.3362904e-04	  -1.7419886e-05	   3.3202681e-04	   2.5236561e-05	  -1.2575560e-12	   2.2393049e+02	
  -7.6774656e-04	   9.1316917e-06	   2.0513541e-03	   2.0430125e-05	  -1.2917493e-13	   2.2387723e+02	
  -1.6958832e-03	  -9.1771802e-05	  -2.4251754e-03	  -9.9293901e-05	   1.0523957e-12	   2.2363511e+02	
   6.9336683e-04	  -4.2813511e-06	  -2.3049650e-03	  -3.4724917e-05	   2.2795577e-14	   2.2385648e+02	
   7.3306420e-04	   5.2218567e-06	   1.7469911e-03	  -2.1698548e-05	  -8.5103486e-13	   2.2388895e+02	
  -8.4813497e-04	  -3.8352892e-05	  -9.2171439e-04	  -2.3560938e-06	   2.3175503e-13	   2.2381448e+02	
   4.8516515e-03	  -1.5632389e-04	   6.7329108e-04	  -4.1408149e-05	   1.0258009e-12	   2.2374257e+02	
   2.1068446e-03	  -5.6793700e-06	   1.3367694e-03	  -1.2980686e-05	  -1.3677346e-13	   2.2388967e+02	
  -2.6973921e-03	  -1.3806916e-04	  -2.4106204e-04	   6.6551112e-06	   1.0941877e-12	   2.2362245e+02	
   5.2245152e-04	   1.6868108e-05	   1.0732938e-03	   2.9406178e-05	   1.2081656e-12	   2.2360814e+02	
  -1.4369791e-03	   3.1913330e-05	   1.6935014e-03	  -1.2013601e-05	  -6.3447688e-13	   2.2388861e+02	
   3.9812097e-03	   8.9085105e-05	   1.3139916e-03	   1.2794886e-05	   8.8142896e-13	   2.2370544e+02	
   8.3441981e-04	   6.4211407e-05	   2.2685830e-03	   1.2979081e-04	   6.7246951e-13	   2.2371069e+02	
   9.5347301e-04	   3.2449346e-05	  -4.3903486e-04	  -3.2735986e-05	   3.6852849e-13	   2.2379779e+02	
   1.3992388e-03	  -1.6101404e-05	   1.8948320e-03	  -4.0110526e-05	  -6.3827614e-13	   2.2388419e+02	
   9.1039964e-04	  -4.3897906e-06	  -2.3142090e-03	  -2.5560273e-05	  -1.1397788e-14	   2.2386484e+02	
   1.4191384e-03	  -5.0041748e-06	   1.0982632e-03	  -1.8250526e-05	  -8.8522822e-13	   2.2389351e+02	
   2.5790909e-03	   7.5723908e-05	   2.7985533e-03	   5.9002070e-05	   8.7383043e-14	   2.2383124e+02	
  -2.3014772e-03	   3.9172564e-05	   3.2967790e-04	   6.3031307e-06	  -5.8508647e-13	   2.2388552e+02	
   4.4501301e-03	   2.8170584e-05	   1.7900884e-03	  -5.7446910e-06	   7.2185992e-13	   2.2375263e+02	
   2.1422198e-03	  -3.1801322e-05	  -3.5676376e-04	  -7.6890088e-06	  -7.4845476e-13	   2.2388501e+02	
  -4.2678530e-04	  -2.8372259e-05	  -1.7550585e-03	  -5.3160629e-05	   3.1913807e-13	   2.2379689e+02	
   4.3546322e-03	  -2.2171594e-04	   2.2575050e-04	  -3.4717139e-05	   1.3905302e-12	   2.2366341e+02	
   8.7591068e-04	  -4.9030662e-06	  -1.6314529e-03	  -3.6010149e-05	   3.4193365e-14	   2.2384916e+02	
   8.5745857e-04	   1.0719971e-05	   1.0670450e-03	  -1.3357108e-05	  -1.0485965e-12	   2.2389889e+02	
   1.3528849e-03	   2.3032578e-05	  -1.5023788e-03	  -4.7270228e-05	   9.1182306e-14	   2.2383758e+02	
   2.1238869e-03	  -2.7668461e-05	   4.8794783e-04	  -1.8278402e-05	  -7.4085624e-13	   2.2388312e+02	
   1.2326407e-03	   2.5665003e-05	   2.0407575e-03	   2.7490940e-05	   5.3189679e-14	   2.2385180e+02	
   9.5190209e-05	  -8.0952430e-06	  -1.1404469e-03	  -3.0390403e-05	  -1.2689538e-12	   2.2391584e+02	
   1.8203959e-03	  -1.4436309e-05	   1.8335808e-03	  -2.6434325e-05	  -2.7354692e-13	   2.2389730e+02	
   6.7182657e-05	  -9.6792463e-06	  -9.7235651e-04	  -3.2081565e-05	  -1.3107456e-12	   2.2392973e+02	
   8.7399126e-04	   2.0772618e-05	   4.1441596e-04	   6.0484351e-06	   1.4703147e-12	   2.2355417e+02	
   1.9593516e-03	   9.0735889e-05	  -1.7909419e-03	  -1.0927027e-04	   9.6121348e-13	   2.2365309e+02	
   8.9006492e-04	   3.1397843e-05	   1.2087889e-03	   9.9758081e-06	   9.1182306e-14	   2.2383953e+02	
  -1.3212884e-03	   1.0906021e-05	  -1.8728699e-03	   3.2888782e-05	  -6.0028352e-13	   2.2388589e+02	
  -3.8604165e-04	   1.1364256e-05	   2.3330245e-03	   1.4499828e-05	  -1.4817125e-13	   2.2388081e+02	
  -1.0192529e-03	  -5.7390469e-06	  -3.2002892e-04	   1.3336758e-05	  -1.1245818e-12	   2.2392171e+02	
   2.0704965e-04	  -1.0293010e-05	  -2.2334206e-04	  -1.3615210e-05	   1.4741140e-12	   2.2354063e+02	
   4.2324122e-03	   5.4394328e-06	  -1.7236452e-03	  -2.0841296e-05	   9.0422454e-13	   2.2370325e+02	
   4.5133267e-04	  -1.8722393e-06	  -1.9815876e-03	  -5.9264481e-05	   2.2795577e-13	   2.2381632e+02	
  -1.1568124e-03	   1.6208690e-05	  -4.0075577e-03	   1.2738431e-04	   1.5273036e-12	   2.2359290e+02	
  -2.2216927e-03	  -3.5529384e-05	   1.1249232e-03	   2.7184479e-05	   1.7476609e-13	   2.2383562e+02	
   4.0374202e-04	  -1.5591714e-06	  -2.7574060e-04	  -1.0885791e-05	  -1.3107456e-12	   2.2395143e+02	
  -4.5163765e-04	  -3.2107719e-05	  -1.5206433e-03	  -5.0145254e-05	   3.8752480e-13	   2.2378728e+02	
  -7.9822435e-04	  -1.5786386e-05	  -6.0896804e-04	   9.9008671e-06	  -1.1625744e-12	   2.2393136e+02	
   4.4906905e-03	   1.3824384e-05	  -1.7692195e-03	  -2.3637996e-05	   7.0286361e-13	   2.2375644e+02	
  -2.2658614e-03	   3.6255516e-05	  -7.0622825e-04	   2.1037932e-05	  -6.0408278e-13	   2.2388294e+02	
   1.6779804e-03	  -4.9764484e-06	  -1.6699860e-03	  -1.7606897e-05	  -1.4817125e-13	   2.2388143e+02	
  -7.3545403e-04	   2.1005385e-05	  -4.6461691e-04	   2.8963523e-05	  -4.0310177e-12	   2.2407132e+02	
   3.2851742e-04	  -5.0820066e-06	  -1.5312087e-03	  -5.9384752e-05	   3.1533881e-13	   2.2379967e+02	
  -1.6203200e-03	   2.8776097e-05	   1.2949441e-03	  -5.7736047e-07	  -6.8386730e-13	   2.2388664e+02	
   5.0549988e-05	  -9.0542142e-06	  -2.4992639e-03	  -4.1652618e-05	   1.5576977e-13	   2.2383797e+02	
  -3.2130766e-03	  -2.6240837e-05	  -3.1091640e-03	  -1.4655757e-06	   9.4601643e-13	   2.2369305e+02	
   2.3766920e-03	   5.0144755e-05	   8.6566715e-04	   1.3851638e-05	   4.4071448e-13	   2.2378906e+02	
   5.1775762e-04	  -1.7729099e-05	  -1.1886369e-03	  -2.7524793e-05	  -1.2917493e-13	   2.2385713e+02	
  -1.0678859e-03	  -2.8073832e-05	  -2.0993099e-03	  -3.1738172e-05	   1.2917493e-13	   2.2384118e+02	
   1.5014629e-03	  -1.9362297e-05	   1.8633171e-03	  -4.0292599e-05	  -6.1927983e-13	   2.2388270e+02	
   5.6209733e-04	   1.7222167e-05	   2.1390581e-03	   1.3887165e-05	  -1.0637936e-13	   2.2387484e+02	
   5.4667392e-04	   8.7395730e-06	   2.0027023e-03	  -2.8228440e-05	  -7.1806066e-13	   2.2388120e+02	
  -4.4763986e-03	  -5.1411010e-05	   1.2166544e-03	   3.2292690e-05	   3.7992628e-13	   2.2379728e+02	
   1.7421975e-03	   7.8235743e-05	  -2.0586405e-03	  -1.2173532e-04	   6.1927983e-13	   2.2372270e+02	
  -6.2950811e-04	  -3.9720747e-05	  -1.3360614e-03	  -4.3561753e-05	   3.5333144e-13	   2.2379153e+02	
   2.5125728e-04	  -1.3429424e-05	  -7.2580756e-04	  -2.2879716e-05	  -1.2803515e-12	   2.2393132e+02	
  -3.8785725e-04	   9.3518994e-06	   6.6337213e-06	  -1.3510635e-06	   2.5417067e-12	   2.2322037e+02	
  -2.1399905e-03	   3.0417566e-05	   3.5910669e-04	   8.5654219e-06	  -6.8766656e-13	   2.2388558e+02	
  -2.0108562e-03	  -2.3540236e-05	   1.5207123e-03	   2.9120142e-05	   1.3297420e-13	   2.2384458e+02	
  -7.2729140e-04	   2.3327367e-05	   1.8812368e-03	  -1.4797102e-05	  -7.9024665e-13	   2.2388036e+02	
  -7.9653888e-04	  -4.0210662e-05	   2.4751657e-07	   1.9533185e-05	   6.7246951e-13	   2.2373378e+02	
  -9.8512023e-04	  -3.8885590e-05	   2.5008842e-03	   1.4053749e-04	   8.0544371e-13	   2.2368435e+02	
  -4.8834628e-04	  -3.8643021e-05	  -1.2012111e-03	  -4.3024118e-05	   4.9010490e-13	   2.2376535e+02	
  -4.6981498e-04	  -6.6994006e-06	  -2.1744896e-03	   3.0813619e-05	  -6.3827614e-13	   2.2388728e+02	
   8.7957845e-04	   1.6392666e-05	   2.1802709e-03	   1.0384499e-05	  -1.2537567e-13	   2.2387787e+02	
   1.6221331e-03	  -1.8608699e-05	   1.6411396e-03	  -3.4540060e-05	  -6.4587467e-13	   2.2388321e+02	
   7.9593220e-05	   1.5596666e-05	   2.1217359e-03	   1.9378060e-05	  -9.1182306e-14	   2.2387276e+02	
   9.2746810e-04	   1.0415576e-05	   4.8210370e-04	  -1.4796609e-05	  -1.1511767e-12	   2.2391253e+02	
   8.4577248e-04	   2.7315585e-05	  -3.4203802e-04	  -2.9906017e-05	   5.6229089e-13	   2.2375908e+02	
   7.4304813e-04	   6.8206272e-05	   1.6843216e-03	   1.0785116e-04	   3.4953217e-13	   2.2377000e+02	
  -2.6014336e-04	   4.7030114e-06	  -1.0462184e-04	  -5.5701872e-06	   2.9292316e-12	   2.2307512e+02	
   2.9713782e-03	  -1.5655246e-04	  -3.0670038e-03	   1.2885378e-04	   1.4741140e-12	   2.2363129e+02	
  -1.0147849e-03	  -4.8570394e-06	   2.0667515e-03	   3.8759374e-05	   0.0000000e+00	   2.2385723e+02	
   2.0835337e-03	  -2.4941789e-05	   1.3843733e-04	  -1.6070527e-05	  -7.1806066e-13	   2.2388202e+02	
   6.7771761e-05	   1.5342167e-05	   4.7240257e-03	   4.3806462e-05	   6.0408278e-13	   2.2376718e+02	
   4.6218951e-04	  -1.2659217e-05	  -8.6428867e-04	  -1.8134505e-05	  -1.1891692e-12	   2.2392936e+02	
  -9.6054724e-04	  -3.1613122e-05	   1.1855024e-03	   8.6479790e-05	  -6.3067762e-13	   2.2393218e+02	
   1.7437325e-03	  -3.6194909e-05	  -1.5218619e-03	   1.2221124e-05	  -6.0408278e-13	   2.2388519e+02	
  -9.6108600e-04	  -4.4705549e-05	  -1.0944709e-03	  -3.0456127e-05	   4.4451374e-13	   2.2377564e+02	
   1.5325001e-03	  -7.9448099e-06	   1.0468889e-03	  -1.4153769e-05	  -8.3203854e-13	   2.2388239e+02	
   9.3919531e-04	   2.4050537e-05	   1.4862650e-03	   9.4250331e-06	  -3.0394102e-14	   2.2385924e+02	
   2.0568174e-03	   1.1903750e-04	  -6.7798154e-04	  -6.2413006e-05	   3.6472923e-13	   2.2376779e+02	
   1.3630114e-03	   4.2203185e-05	  -5.6213872e-04	  -3.2276215e-05	   4.0272185e-13	   2.2378341e+02	
  -1.4964433e-03	   3.2553843e-05	   1.6466928e-03	  -1.1683081e-05	  -6.5727246e-13	   2.2388482e+02	
   1.9508847e-03	   1.1150372e-06	   1.2624926e-03	  -1.1811924e-05	  -2.0516019e-13	   2.2388959e+02	
   2.6322901e-03	  -6.7280019e-05	   4.3168566e-04	  -1.9874902e-05	  -5.5469236e-13	   2.2387597e+02	
  -8.3198539e-04	  -3.9764581e-05	  -2.2831532e-04	   7.0248099e-06	   7.1426140e-13	   2.2372877e+02	
   1.7976342e-03	   1.1959478e-04	   1.5086755e-03	   7.8059826e-05	   5.7748794e-13	   2.2372994e+02	
   2.3088257e-03	   2.9822398e-05	   4.0793671e-04	  -5.7840103e-06	  -3.4193365e-14	   2.2386366e+02	
  -9.7171030e-04	   2.8736634e-05	   2.0084142e-03	  -2.1353495e-05	  -6.8006803e-13	   2.2388192e+02	
  -3.7031340e-04	  -1.7837375e-05	  -9.8922455e-04	  -2.7413554e-05	   1.1321803e-12	   2.2363939e+02	
  -6.0688351e-05	   1.3747254e-05	   3.4794106e-03	   6.3156875e-05	   1.5159059e-12	   2.2354452e+02	
   4.0585824e-04	  -4.1164352e-06	  -1.1827159e-03	  -8.7007998e-05	  -8.3203854e-13	   2.2396419e+02	
  -7.9802251e-04	  -1.1450568e-05	  -1.7286215e-04	   1.6415633e-05	  -1.2157641e-12	   2.2393509e+02	
  -2.1195647e-03	  -2.3483260e-05	   1.2338058e-03	   2.5692167e-05	   9.4981569e-14	   2.2385069e+02	
   1.1256679e-03	   1.1798286e-05	   1.0310013e-03	  -1.6293572e-05	  -6.7626877e-13	   2.2389983e+02	
   2.9752406e-03	   4.5299098e-05	   3.5006764e-03	   3.0558435e-05	   2.1275871e-13	   2.2381687e+02	
  -6.6208868e-04	   2.4778922e-05	   1.9814562e-03	  -1.6980018e-05	  -7.0286361e-13	   2.2388186e+02	
   5.1507180e-04	   1.5200828e-05	   2.3844131e-03	   2.7635845e-05	   3.0394102e-14	   2.2385903e+02	
  -1.9991711e-05	   3.4510399e-05	   1.1015141e-03	   1.6594131e-05	  -5.5089310e-13	   2.2390094e+02	
   1.2594653e-03	   2.7455212e-05	   2.0808116e-03	   3.3052639e-05	   1.2537567e-13	   2.2384235e+02	
   1.4699451e-03	   7.2577362e-05	  -1.7076781e-03	  -1.1618624e-04	   4.0652112e-13	   2.2376114e+02	
  -1.4450746e-03	  -1.4273368e-05	   1.1342570e-03	   3.3893325e-05	   6.0788204e-14	   2.2384666e+02	
   2.2528417e-03	  -3.5301185e-05	  -2.2155495e-04	  -9.4382691e-06	  -6.8386730e-13	   2.2388214e+02	
   7.0252710e-04	   3.3735313e-05	  -2.0417082e-04	  -3.1546349e-05	   7.9404592e-13	   2.2370585e+02	
   1.9570346e-04	  -6.9097089e-06	  -9.2076146e-04	  -3.2113863e-05	  -1.3031472e-12	   2.2392300e+02	
  -1.0021931e-03	  -7.7673274e-06	   2.0341497e-03	   4.4230636e-05	   6.4587467e-14	   2.2384715e+02	
  -5.3075249e-04	   2.3486068e-05	   2.1557864e-03	  -2.4884222e-05	  -6.4967393e-13	   2.2388515e+02	
   8.8443303e-04	   4.8628616e-05	   5.1623144e-05	  -4.6671279e-05	  -9.7641048e-13	   2.2398120e+02	
   1.1497162e-03	  -2.0172850e-06	   1.4474186e-03	  -2.1653317e-05	  -8.7003117e-13	   2.2388936e+02	
   3.1335770e-04	   2.3865067e-05	   1.5723641e-03	   5.3786071e-05	   3.7992628e-13	   2.2378570e+02	
  -9.4343028e-04	  -1.4720559e-05	   4.1512406e-04	   2.6203578e-05	  -1.2385597e-12	   2.2391730e+02	
   7.9452009e-04	   1.6833427e-05	   2.2081050e-03	   1.3130178e-05	  -1.0637936e-13	   2.2387582e+02	
   2.3651045e-03	   1.0755117e-04	  -1.5963588e-03	  -9.5068042e-05	   7.3705698e-13	   2.2370065e+02	
   2.2192475e-03	   4.9886102e-05	   5.3912396e-04	   7.2652901e-06	   7.1046214e-13	   2.2373720e+02	
  -1.0671417e-03	   2.4438517e-05	   1.8815351e-03	  -1.1181954e-05	  -5.5089310e-13	   2.2388797e+02	
  -7.7486343e-04	  -4.1508519e-05	   1.7449074e-04	   2.9345627e-05	   8.5103486e-13	   2.2369480e+02	
   1.2586628e-03	   4.0115357e-06	  -1.8052091e-06	  -2.4179016e-05	  -6.0788204e-13	   2.2390355e+02	
   5.2219906e-04	  -7.3954946e-06	  -2.2746896e-03	  -3.5509338e-05	  -3.7992628e-15	   2.2385891e+02	
  -1.1242371e-03	  -1.2775703e-05	  -1.0408455e-03	   1.3396469e-05	  -6.3447688e-13	   2.2389758e+02	
   4.0195522e-04	   9.0595842e-06	  -5.1905097e-04	  -4.5252540e-05	   8.4343633e-13	   2.2369425e+02	
  -2.3824765e-03	  -1.3546174e-04	   5.8401632e-04	   5.3413742e-05	   6.9526509e-13	   2.2370609e+02	
  -2.6760713e-04	  -1.7722384e-05	  -2.3150364e-03	  -2.0444347e-05	  -2.2795577e-14	   2.2386492e+02	
   8.4499666e-04	  -1.2178577e-06	  -5.1211395e-04	  -8.1631966e-06	  -1.1055855e-12	   2.2392388e+02	
   2.3117014e-03	   2.1213021e-05	   4.2123592e-04	  -8.1500662e-06	  -5.6988941e-14	   2.2387040e+02	
   7.4100674e-04	   1.2268586e-05	   1.1453793e-03	  -1.1498366e-05	  -1.0523957e-12	   2.2390171e+02	
   6.6116781e-04	   3.7976040e-05	   9.7550008e-04	   2.9626299e-05	   5.6609015e-13	   2.2374979e+02	
   4.2205539e-04	   1.2943001e-05	   1.6765740e-03	  -1.6814983e-05	  -8.9662601e-13	   2.2388263e+02	
  -3.8628346e-04	   1.9579688e-05	   1.0149936e-03	   3.5779629e-05	   3.3433512e-13	   2.2379828e+02	
   1.6262324e-03	  -9.5655012e-06	   1.1842986e-03	  -2.4301220e-05	  -7.1806066e-13	   2.2388278e+02	
   1.4828987e-03	   3.2934489e-05	   1.0008735e-03	   4.1170334e-06	   7.2185992e-14	   2.2384396e+02	
  -3.3373787e-05	  -1.1809174e-05	  -1.1035763e-03	  -2.9946268e-05	  -1.2689538e-12	   2.2391445e+02	
   9.4770745e-04	   2.0089504e-05	   2.1451549e-03	   1.8937388e-05	  -4.9390416e-14	   2.2386750e+02	
  -1.3425713e-03	   1.3244702e-05	  -1.9250471e-03	   3.4377791e-05	  -5.8508647e-13	   2.2388118e+02	
  -1.1412370e-03	  -2.7909454e-05	  -1.7584167e-03	  -1.4868801e-05	   3.7992628e-14	   2.2385632e+02	
  -2.9197905e-03	  -4.9739649e-05	  -2.1107020e-03	  -1.3510773e-05	   1.5083073e-12	   2.2355082e+02	
   2.0902215e-04	   1.4266538e-05	   2.3425862e-03	   2.6731198e-05	  -3.7992628e-14	   2.2386580e+02	
  -3.2249211e-04	   1.9917036e-05	   1.7365008e-03	  -9.9647482e-06	  -8.9282675e-13	   2.2388308e+02	
   4.9546503e-04	  -1.8696412e-05	  -1.0123550e-03	  -3.8150277e-05	   3.0394102e-13	   2.2380965e+02	
  -8.7789497e-04	  -1.5312058e-05	   3.6727848e-04	   2.6805305e-05	  -1.2499574e-12	   2.2392261e+02	
   2.8510896e-04	  -2.5164788e-05	  -1.1154432e-03	  -3.1301957e-05	   2.8874397e-13	   2.2381038e+02	
   9.1279813e-04	  -2.4847820e-05	  -1.9905426e-03	   1.5490205e-05	  -6.0408278e-13	   2.2388697e+02	
   1.9111366e-04	   1.0319058e-05	   2.5252300e-03	   3.7194192e-05	   1.3677346e-13	   2.2384470e+02	
   4.6490465e-04	  -3.3537630e-07	  -1.1293226e-03	  -2.8861466e-05	  -1.2347603e-12	   2.2390006e+02	
  -8.0674856e-04	  -1.0542816e-05	   3.9260539e-04	   8.4505113e-06	   1.8236461e-12	   2.2346258e+02	
  -4.3115881e-03	   2.1352077e-04	  -1.5208302e-03	   9.6437367e-05	   1.2043662e-12	   2.2371889e+02	
  -4.8487150e-05	  -1.7302097e-05	  -1.9844781e-04	  -6.2997574e-06	   2.2415650e-12	   2.2331624e+02	
   7.9636103e-05	  -3.9110941e-05	  -7.7047550e-04	  -4.5838156e-05	  -2.7734618e-13	   2.2388353e+02	
   1.9975365e-03	   2.4363732e-05	   8.1321127e-04	  -3.7478454e-06	  -4.1791890e-14	   2.2386707e+02	
   6.1223426e-04	   3.0948840e-06	   2.2030056e-03	  -3.4767867e-05	  -5.8128720e-13	   2.2388400e+02	
  -3.5902246e-04	   1.3869269e-05	  -7.4918122e-05	  -1.9696200e-06	   2.8114544e-12	   2.2312385e+02	
  -8.9341595e-04	  -1.2267635e-06	  -1.2364329e-03	   4.6388303e-06	  -9.8780832e-13	   2.2390568e+02	
  -1.6948583e-03	  -5.2656457e-05	  -1.0772022e-03	  -2.1625264e-05	   2.6974766e-13	   2.2381086e+02	
  -2.9305813e-04	  -1.5703518e-05	  -1.9718561e-04	   4.7402350e-06	  -1.3639354e-12	   2.2394936e+02	
   1.5084551e-04	  -9.4338801e-06	  -2.6352344e-03	  -1.4503237e-05	   1.4057272e-13	   2.2385357e+02	
   2.2374522e-03	   4.1883986e-05	  -2.6447410e-03	  -7.7793645e-05	   1.3145449e-12	   2.2358589e+02	
  -8.9262649e-04	  -4.2297389e-05	  -1.9947904e-04	   8.1189432e-06	   6.4207541e-13	   2.2374386e+02	
  -4.6738917e-03	   9.0729755e-05	   3.1237489e-04	   1.2654484e-05	   1.0865891e-12	   2.2369900e+02	
   7.6414012e-04	  -6.3373771e-06	  -1.3531557e-03	  -3.9299187e-05	   1.6716756e-13	   2.2383020e+02	
   6.0319499e-04	   6.1800239e-06	  -4.2480939e-04	  -5.7730170e-05	  -3.2673660e-13	   2.2388975e+02	
   2.1825167e-03	   2.0749695e-05	  -9.2620970e-04	  -2.3459997e-05	   1.1397788e-14	   2.2385938e+02	
  -1.1948288e-03	  -1.0012338e-05	  -1.0876440e-03	   1.4267916e-05	  -6.4967393e-13	   2.2389507e+02	
   2.0178706e-04	  -1.3317895e-05	  -4.6627331e-03	  -4.8023468e-05	   2.2795577e-13	   2.2381715e+02	
   2.0054046e-03	  -3.4742584e-05	  -9.7324320e-04	   1.0143364e-06	  -6.8386730e-13	   2.2388098e+02	
   2.3620693e-03	   2.7305531e-05	  -2.5846183e-05	  -1.2163838e-05	   3.7992628e-15	   2.2386079e+02	
  -1.0071644e-03	   2.1289556e-07	  -1.8666427e-03	   2.5840624e-05	  -6.3447688e-13	   2.2388738e+02	
  -1.9333323e-04	  -2.5823620e-05	  -2.4820379e-03	  -8.0141713e-05	  -5.5849163e-13	   2.2391220e+02	
   1.6323518e-03	  -3.1613547e-05	  -4.4085304e-03	   3.6405806e-05	   1.0030054e-12	   2.2369918e+02	
   3.3170512e-03	  -1.1340148e-07	  -3.3072448e-03	  -2.3061340e-05	   1.2157641e-13	   2.2382858e+02	
  -1.4141763e-03	   3.9850167e-06	  -1.7714206e-03	   2.0237878e-05	  -4.5971079e-13	   2.2387083e+02	
  -1.8163965e-04	   7.6782591e-06	   2.3054347e-03	   4.2032089e-05	   7.2185992e-14	   2.2384881e+02	
   7.9667070e-04	   1.3642938e-05	   9.3337505e-04	  -1.1958622e-05	  -1.0751914e-12	   2.2390012e+02	
   1.7648899e-03	   3.9521260e-05	  -1.0904838e-03	  -3.9095271e-05	   2.3175503e-13	   2.2381946e+02	
  -2.5371382e-03	   1.1916338e-04	  -3.2669607e-03	   1.8695671e-04	   1.5652963e-12	   2.2361229e+02	
   3.5452449e-04	  -1.1061466e-05	  -3.3817739e-03	  -5.9858271e-05	  -2.5455060e-13	   2.2387220e+02	
  -1.0281618e-03	  -4.8948867e-08	  -1.8433221e-03	   2.4634840e-05	  -6.1927983e-13	   2.2388734e+02	
  -3.7878539e-04	  -3.0560331e-05	  -1.4542366e-03	  -4.9033582e-05	   4.6351006e-13	   2.2377388e+02	
  -1.8602525e-03	   2.2576892e-05	  -1.4141058e-03	   2.7990935e-05	  -5.8888573e-13	   2.2388067e+02	
  -2.2820059e-03	  -4.3052288e-05	  -5.1766579e-04	  -1.2360219e-07	   1.4057272e-13	   2.2384010e+02	
   3.5188797e-03	  -7.8797823e-05	   3.1592100e-03	  -9.4848417e-05	   1.1017862e-12	   2.2370922e+02	
   4.7535920e-03	   3.7700452e-05	   7.2187445e-04	  -1.0347393e-05	   6.1168130e-13	   2.2376869e+02	
   4.0738573e-03	   1.1295080e-06	  -5.5272055e-04	  -3.0287914e-05	  -2.3023532e-12	   2.2417647e+02	
   2.2878568e-03	   2.0917793e-05	  -1.7198155e-05	  -1.3249598e-05	  -2.6594839e-14	   2.2386625e+02	
  -3.3664661e-04	  -3.5193137e-06	   2.6849231e-03	   1.4376963e-04	   8.8142896e-13	   2.2366803e+02	
  -4.3201721e-03	  -8.3579510e-05	  -9.2826738e-05	   1.6220380e-05	   7.6745108e-13	   2.2373241e+02	
  -1.4883139e-03	   2.9670407e-05	   1.5096506e-03	  -7.0448000e-06	  -7.1806066e-13	   2.2387987e+02	
  -7.2430252e-05	   8.0060328e-06	   2.4997112e-03	   3.0451638e-05	   7.2185992e-14	   2.2385537e+02	
   1.1046992e-03	  -1.8705178e-05	  -1.3688253e-03	  -9.6439786e-06	  -6.3827614e-13	   2.2389186e+02	
   1.3001810e-03	   2.1426616e-05	  -5.1309154e-04	  -1.9170478e-05	   1.4171250e-12	   2.2356863e+02	
   3.5999968e-03	  -4.4652322e-05	   3.0100375e-03	  -5.9596373e-05	   1.0751914e-12	   2.2369368e+02	
  -1.5162182e-03	  -2.6068749e-05	  -1.2707718e-03	  -3.9921147e-06	   3.7992628e-14	   2.2385533e+02	
  -4.5962161e-04	  -1.8758209e-05	  -1.1470142e-03	   3.2654705e-06	  -1.0941877e-12	   2.2390537e+02	
   8.1756056e-04	   1.5687057e-05	  -1.1827297e-03	  -5.2874636e-05	   4.5211227e-13	   2.2377362e+02	
   1.9278368e-03	  -1.5855500e-05	  -9.1664261e-05	  -1.5401754e-05	  -6.8006803e-13	   2.2388879e+02	
   2.2790795e-03	   4.1294167e-05	  -4.4897732e-04	  -1.8356277e-05	   1.4057272e-13	   2.2383885e+02	
  -4.6254269e-04	  -1.9446142e-05	  -1.1139884e-03	   2.6572540e-06	  -1.1055855e-12	   2.2390621e+02	
  -1.0266551e-04	  -7.4813978e-06	  -9.4622961e-05	  -1.0987605e-05	   2.9862205e-12	   2.2304880e+02	
   1.9151068e-04	   1.5954721e-05	   1.6969433e-03	  -1.3069871e-05	  -9.2322085e-13	   2.2388670e+02	
  -1.0830521e-03	  -4.8218605e-07	   1.9041281e-03	   3.1440394e-05	   1.8996314e-14	   2.2385901e+02	
   1.9319780e-03	  -1.6210998e-05	   3.8991327e-04	  -1.7578835e-05	  -7.3325771e-13	   2.2388051e+02	
   4.2237445e-03	   2.5771905e-05	   1.3177094e-04	  -1.7013570e-05	  -2.2795577e-14	   2.2384114e+02	
  -2.2499646e-04	  -2.1515622e-05	  -1.5816397e-03	   3.8801109e-07	  -6.1168130e-13	   2.2389276e+02	
  -7.2003006e-04	  -1.6420729e-06	   1.8569135e-04	   3.9725225e-05	   5.3569605e-13	   2.2377026e+02	
   1.1036231e-03	   9.2533880e-05	   1.3364110e-03	   7.9619064e-05	   3.1153955e-13	   2.2377719e+02	
  -1.2572150e-03	  -3.4406747e-05	  -5.0510188e-04	   9.0509593e-06	   3.6092996e-13	   2.2379675e+02	
  -7.3171957e-04	  -1.8017531e-05	  -9.1348045e-05	   3.1837672e-05	  -1.8996314e-14	   2.2384490e+02	
   1.5927195e-03	   8.1981282e-05	   1.1403567e-03	   2.6328217e-05	  -7.5985255e-13	   2.2393603e+02	
   8.2959700e-05	   1.6039553e-05	   1.9563233e-03	  -1.9252718e-05	  -7.5985255e-13	   2.2387625e+02	
  -1.2505475e-04	  -4.4092389e-05	  -9.0695211e-04	  -1.5429093e-05	   4.7490785e-13	   2.2378458e+02	
  -1.2530066e-03	   1.8729265e-05	   1.2532351e-03	   9.8683090e-06	  -6.6867025e-13	   2.2389276e+02	
  -3.3471919e-04	  -4.1735136e-05	  -1.0234720e-03	  -1.3251872e-05	   4.2931669e-13	   2.2379079e+02	
   1.1465633e-03	  -3.7453620e-06	   1.8414403e-03	  -2.9848224e-05	  -6.4207541e-13	   2.2388521e+02	
  -1.7322953e-03	  -1.6168654e-05	   1.6230253e-03	   3.1203572e-05	   4.1791890e-14	   2.2385695e+02	
   2.9597667e-03	   1.0835677e-04	   1.3164639e-03	   3.0828258e-05	   1.2081656e-12	   2.2360166e+02	
  -1.0915925e-03	  -4.5874526e-05	  -1.1562691e-03	  -3.1016146e-05	   3.9892259e-13	   2.2378709e+02	
   2.2276050e-03	   3.9264608e-05	  -2.7062068e-03	  -7.6120837e-05	   1.3031472e-12	   2.2358799e+02	
   1.2016794e-03	   1.3935815e-05	  -3.9560426e-03	  -1.0307002e-04	   7.5985255e-13	   2.2373114e+02	
  -6.6960699e-04	  -4.7771194e-06	  -2.0230534e-03	   2.6860488e-05	  -6.5727246e-13	   2.2388501e+02	
   1.6860413e-03	   2.9848260e-05	   1.5952451e-03	   1.4988463e-05	   1.8996314e-14	   2.2385719e+02	
  -1.9041808e-03	  -1.2501246e-04	   3.3769413e-04	   4.5242431e-05	   4.6351006e-13	   2.2374834e+02	
   8.5321777e-04	   2.1548290e-05	   2.0453581e-04	  -2.9564855e-05	   4.0652112e-13	   2.2379589e+02	
  -6.8591631e-04	   2.1981180e-05	   1.7892977e-03	  -2.9709586e-06	  -6.1168130e-13	   2.2389196e+02	
   6.9331230e-04	   3.4948485e-05	   9.5010913e-04	   4.3857616e-06	   3.2673660e-13	   2.2379957e+02	
  -1.7550073e-04	  -2.3493446e-05	  -3.2537154e-03	  -1.0718946e-04	   1.2233626e-12	   2.2359924e+02	
  -8.0249152e-04	  -1.3834630e-05	   2.0694696e-03	   5.4691862e-05	   5.4709384e-13	   2.2376764e+02	
  -9.0294922e-06	  -1.2330495e-05	  -9.8176652e-04	  -3.0762823e-05	  -1.2879501e-12	   2.2391942e+02	
  -1.0307934e-03	  -3.2795477e-06	   1.6584984e-03	   3.7584496e-05	   8.7383043e-14	   2.2384713e+02	
  -3.0292058e-03	  -1.1396489e-04	   4.8769477e-04	   3.6028693e-05	   1.2347603e-12	   2.2359397e+02	
  -1.5334091e-03	  -1.1348655e-04	   6.7382268e-04	   7.9864969e-05	   8.0164444e-13	   2.2370331e+02	
   1.0974238e-03	  -1.2021720e-05	  -1.0028319e-03	  -2.0700936e-05	  -5.8888573e-13	   2.2389591e+02	
  -8.8854893e-04	  -3.8899055e-05	  -1.1491559e-04	   1.1297502e-05	   6.6107172e-13	   2.2374051e+02	
  -9.1519660e-04	   2.6077319e-05	   1.9186569e-03	  -1.3397815e-05	  -6.4967393e-13	   2.2388552e+02	
   2.4724592e-03	   4.0359367e-05	   4.0268748e-03	   3.8742989e-05	   4.0652112e-13	   2.2379564e+02	
   1.5027390e-03	  -5.0911738e-06	   8.7842381e-04	  -1.8601109e-05	  -8.5863338e-13	   2.2388490e+02	
   6.3663923e-04	   2.1546143e-05	   1.9758124e-03	   5.2035505e-05	   6.0028352e-13	   2.2375578e+02	
   3.7861189e-03	  -1.2199135e-05	  -2.5286939e-03	  -1.2841723e-05	   9.8020979e-13	   2.2369082e+02	
   5.3306811e-04	   1.5630917e-05	   2.3379610e-03	   2.8505505e-05	   2.2795577e-14	   2.2386063e+02	
  -4.6713297e-05	   1.1527886e-05	   2.4285867e-03	  -4.2096236e-05	  -6.1927983e-13	   2.2387278e+02	
  -8.2810394e-04	   1.6650302e-06	   2.2475114e-03	   2.9536587e-05	  -1.1397788e-14	   2.2386631e+02	
   2.7592495e-03	   1.1599820e-04	   1.5283492e-03	   4.6661199e-05	   1.1017862e-12	   2.2362278e+02	
   7.5762385e-04	   4.2416196e-05	   3.6285388e-04	  -1.2987940e-06	   7.1426140e-13	   2.2372730e+02	
   2.9065111e-03	   1.3570873e-04	   7.8895747e-04	   1.9845588e-05	   9.4221716e-13	   2.2365808e+02	
  -4.0807611e-04	  -2.8854433e-05	  -1.7052447e-03	  -5.2576697e-05	   3.4573291e-13	   2.2379386e+02	
  -6.3820682e-04	   2.3548498e-05	   2.0053468e-03	  -1.8899749e-05	  -7.2565919e-13	   2.2387564e+02	
  -3.8601572e-03	  -6.1865215e-05	  -2.5233658e-03	  -2.0459985e-05	   3.3433512e-13	   2.2380394e+02	
   7.0725122e-04	   8.6589863e-06	  -8.3884032e-04	  -3.1808342e-05	  -1.2385597e-12	   2.2391085e+02	
  -1.4958534e-03	  -1.8156525e-05	   1.7252486e-03	   3.8984147e-05	   7.9784518e-14	   2.2384861e+02	
  -4.8963665e-04	  -1.6027673e-05	   1.6053637e-03	   1.2160079e-04	   3.5713070e-13	   2.2376928e+02	
   1.1007265e-03	   2.7635942e-05	   4.5365750e-03	   5.4277558e-05	   3.6472923e-13	   2.2380024e+02	
   7.3173136e-04	   1.2679690e-05	   1.1287495e-04	  -1.9291601e-05	  -1.2537567e-12	   2.2392836e+02	
   6.9019609e-04	   3.1851979e-05	   1.2694106e-03	   1.6914388e-05	   2.7734618e-13	   2.2381133e+02	
  -7.4277110e-04	  -5.6299840e-06	  -1.9129688e-03	   2.1642693e-05	  -6.1548057e-13	   2.2388734e+02	
  -8.2772373e-04	  -3.4008989e-05	  -1.0626155e-03	  -6.0974340e-06	   3.8372554e-13	   2.2379237e+02	
   1.0863956e-03	   7.1024600e-05	   2.4429130e-03	   1.2470129e-04	   8.5103486e-13	   2.2367349e+02	
  -7.6023995e-04	  -2.3044034e-05	  -2.1829397e-03	  -2.4216433e-05	   4.9390416e-14	   2.2385478e+02	
  -9.3681111e-04	  -1.0282664e-05	  -6.7552247e-04	   1.2592478e-05	  -1.0561950e-12	   2.2390490e+02	
  -4.3030447e-03	  -6.6367817e-05	  -1.4483600e-03	  -4.1717990e-06	   2.5455060e-13	   2.2381378e+02	
   3.5519143e-04	  -3.2079689e-05	  -4.6136645e-03	   1.7218192e-04	   1.2081656e-12	   2.2369601e+02	
   2.4843426e-03	   7.5145353e-05	   5.0135570e-04	  -9.1290199e-06	  -6.3067762e-13	   2.2391752e+02	
   6.9298566e-04	   1.0071380e-05	   1.3973067e-03	  -1.4539069e-05	  -9.6501274e-13	   2.2388879e+02	
   2.0010726e-04	  -4.9739140e-06	  -1.7588158e-05	  -1.0031782e-05	   3.3927416e-12	   2.2288567e+02	
  -4.5003190e-04	  -2.3135121e-05	  -9.7119623e-04	  -1.0738741e-06	  -1.1435780e-12	   2.2391441e+02	
   7.0816555e-04	   1.7136229e-05	  -1.9500956e-04	  -5.7978302e-05	  -1.1245818e-12	   2.2399177e+02	
   2.5900656e-03	   9.8476046e-05	   1.8810595e-03	   5.2856087e-05	   1.2385597e-12	   2.2359315e+02	
  -8.1549122e-04	  -8.5024856e-06	   4.5328977e-05	   3.4059075e-05	   5.4709384e-13	   2.2377102e+02	
   1.7740668e-03	  -1.7386052e-05	   1.2507939e-03	  -2.6338357e-05	  -6.9526509e-13	   2.2387895e+02	
   1.4115508e-03	  -1.7490810e-05	   2.3349797e-05	  -2.5962968e-05	  -1.0903885e-12	   2.2396615e+02	
  -9.5567166e-04	  -2.0398250e-05	   1.3482033e-04	   2.2351102e-05	  -1.2271619e-12	   2.2392130e+02	
  -2.0811924e-04	  -3.0995398e-06	   7.9813144e-04	   2.6508917e-05	   1.0371987e-12	   2.2365536e+02	
  -4.0458950e-04	  -4.1149385e-05	  -9.3230018e-04	  -5.8206011e-06	  -4.0272185e-13	   2.2389771e+02	
  -1.0817159e-03	  -1.4639133e-05	   2.8254996e-04	   2.9617383e-05	   4.9010490e-13	   2.2377129e+02	
   7.0160233e-04	  -2.5810532e-07	   2.2479879e-03	  -3.8181571e-05	  -5.8128720e-13	   2.2387871e+02	
  -1.9543964e-03	  -4.7074393e-05	   6.7236937e-04	   2.8112091e-05	   1.8616388e-13	   2.2382879e+02	
   3.2836800e-03	   1.1201959e-04	   4.7460406e-04	  -5.5408923e-07	   1.1625744e-12	   2.2361268e+02	
  -1.1678901e-03	  -8.4014062e-06	   1.9708250e-03	   3.8943594e-05	   4.5591153e-14	   2.2385359e+02	
  -2.6867110e-03	   2.2723581e-04	   2.8438165e-03	  -2.0812230e-04	   1.6260845e-12	   2.2362029e+02	
  -1.7062103e-03	  -2.8389529e-05	   7.3266557e-04	   2.9911169e-05	   2.0136093e-13	   2.2382650e+02	
  -6.4228392e-04	  -2.5157752e-05	  -8.0001765e-04	   2.0641732e-06	  -1.1625744e-12	   2.2391760e+02	
   1.6750826e-03	   3.7017196e-05	   8.2535445e-04	   2.8693815e-06	   1.6716756e-13	   2.2383173e+02	
  -3.4609154e-03	   1.5459902e-04	  -1.6928840e-03	   9.8234056e-05	   1.8008505e-12	   2.2352779e+02	
   2.5448360e-04	  -7.9903901e-06	  -3.8211426e-05	  -1.5182040e-05	   3.0432094e-12	   2.2303117e+02	
   7.0311041e-04	   3.2988607e-05	  -1.2627227e-03	  -1.1633796e-04	   6.4967393e-13	   2.2372208e+02	
   3.0632417e-04	  -1.8484542e-05	  -1.6385253e-04	  -9.9513750e-06	   3.0242132e-12	   2.2304084e+02	
   7.6743611e-04	   1.5120466e-05	  -2.2895626e-04	  -2.6410074e-05	  -1.2499574e-12	   2.2392364e+02	
   4.6628178e-04	  -4.3352951e-06	  -2.3927089e-03	  -3.9925484e-05	   1.2917493e-13	   2.2384435e+02	
  -1.5796648e-03	   4.7582591e-06	  -5.0378398e-04	   1.5664531e-05	  -8.4723560e-13	   2.2388760e+02	
   1.3770146e-03	   4.8734416e-05	   1.1307401e-04	  -8.2335933e-06	   4.1411964e-13	   2.2378018e+02	
   8.5121185e-04	   4.4944606e-05	   3.8343625e-05	  -4.0517601e-05	  -2.9634250e-13	   2.2388496e+02	
  -4.5112551e-03	  -6.2298469e-05	  -1.9523603e-04	   1.4915865e-05	   2.1655798e-13	   2.2381901e+02	
  -6.6566831e-04	  -1.6311475e-05	  -4.4138039e-03	   2.6351878e-06	   1.0447973e-12	   2.2367668e+02	
  -7.4566296e-04	  -3.4022883e-06	   1.0052960e-04	   3.7179080e-05	   6.5727246e-13	   2.2374728e+02	
   5.5282545e-04	  -7.9834770e-06	  -1.1560798e-03	  -4.7491199e-06	  -1.0447973e-12	   2.2391108e+02	
   8.1385189e-04	   2.5159284e-05	   1.3595582e-03	   1.2071095e-05	   1.5956904e-13	   2.2383470e+02	
  -1.0786256e-03	  -2.3569658e-05	  -7.0715577e-04	   7.0096807e-06	  -1.3677346e-13	   2.2385499e+02	
  -4.4684882e-04	   1.0157336e-05	  -3.2011080e-04	   5.9574920e-06	   2.4695208e-12	   2.2325186e+02	
   4.1110811e-04	   1.2603048e-06	  -1.8613190e-06	  -6.4170313e-06	  -1.3677346e-12	   2.2393599e+02	
  -2.0549431e-04	   2.0876202e-06	   2.3975981e-05	   2.1129860e-06	   3.0394102e-12	   2.2303222e+02	
  -8.5115186e-04	  -4.0186099e-06	  -1.8667569e-03	   2.0641907e-05	  -5.9268499e-13	   2.2388623e+02	
   8.9394928e-04	   2.7550409e-05	   8.6662373e-04	   2.0897869e-05	   1.0675928e-12	   2.2364427e+02	
  -6.2278654e-05	   1.2259099e-06	  -1.3226891e-04	  -9.8778642e-06	  -1.4551177e-12	   2.2394304e+02	
   1.0560579e-03	   2.4054388e-05	   2.0286279e-03	   2.9078727e-05	   3.0394102e-14	   2.2385607e+02	
  -7.6205152e-06	  -1.8278818e-05	  -1.3848086e-03	  -9.4726560e-07	  -9.9540684e-13	   2.2389768e+02	
  -1.7390588e-03	  -5.1948175e-05	  -2.6945197e-04	  -2.1618849e-06	   7.9404592e-13	   2.2370897e+02	
   1.1963848e-03	  -3.8328577e-06	   1.7667350e-03	  -2.8044987e-05	  -6.4967393e-13	   2.2388388e+02	
  -1.4998874e-03	  -1.8312813e-05	   1.6789443e-03	   3.8279419e-05	   5.6988941e-14	   2.2385149e+02	
  -2.1863890e-04	  -1.1432291e-05	  -2.0593981e-03	   2.3790374e-05	  -7.2565919e-13	   2.2387942e+02	
  -5.4091762e-04	   8.5233197e-06	   1.2804539e-03	   3.3163531e-05	   5.0150268e-13	   2.2377086e+02	
  -2.6620198e-03	  -8.0899505e-05	   1.7474605e-03	   7.2305511e-05	   1.2841508e-12	   2.2358309e+02	
  -1.5498789e-03	  -1.4758452e-05	   1.6809405e-03	   3.4667419e-05	   2.6594839e-14	   2.2385683e+02	
  -5.0316985e-04	   1.9541071e-05	   2.0001913e-03	  -1.1420957e-05	  -5.5849163e-13	   2.2388533e+02	
  -3.2314170e-03	  -6.0730991e-05	  -3.1689850e-03	  -3.6786799e-05	   2.7734618e-13	   2.2381200e+02	
   1.1710468e-03	  -2.3085639e-05	  -1.5105646e-03	   4.8481630e-06	  -8.1684149e-13	   2.2388116e+02	
  -7.9564034e-04	  -2.5965565e-05	  -3.4678890e-04	   2.6189784e-05	   6.3827614e-13	   2.2375343e+02	
  -1.9239091e-04	   2.1347757e-05	   7.9691856e-04	   6.6929939e-05	  -9.4981569e-14	   2.2385390e+02	
   1.5008597e-03	   2.5269636e-05	   1.7432114e-03	   1.3984295e-05	  -3.7992628e-15	   2.2386315e+02	
  -5.3467034e-04	   2.0977791e-05	   1.7450860e-03	  -8.7203530e-06	  -8.3963707e-13	   2.2388026e+02	
   5.9791026e-04	   1.7719470e-05	   2.2209505e-03	   2.2843788e-05	  -2.2795577e-14	   2.2386570e+02	
   7.5271212e-04	   6.8544160e-05	   6.1675860e-04	   3.2356395e-06	  -2.3935355e-13	   2.2387740e+02	
  -2.3780893e-04	   5.4722838e-06	   4.8595452e-05	  -2.3661055e-07	   3.1609866e-12	   2.2298551e+02	
   7.8801834e-04	   1.0291748e-05	   1.1306017e-03	  -1.2420547e-05	  -1.0182024e-12	   2.2389449e+02	
  -2.2545341e-03	  -3.7467343e-05	  -1.0137092e-04	   9.6698840e-06	   6.0788204e-14	   2.2385155e+02	
   1.5605656e-03	  -2.9213396e-05	  -1.4970080e-03	   6.5070398e-06	  -6.5347319e-13	   2.2388079e+02	
   8.1572787e-04	   3.9926524e-05	   9.6788118e-04	   2.7625442e-05	   4.4071448e-13	   2.2377351e+02	
   3.0257725e-03	   1.2543014e-04	   1.0105554e-03	   2.5262796e-05	   1.0371987e-12	   2.2363832e+02	
  -1.0174481e-03	  -4.0917704e-05	  -1.4619093e-03	  -3.7906878e-05	   2.3935355e-13	   2.2381349e+02	
   1.5743357e-03	  -2.8557298e-05	  -1.6007065e-03	   8.8976003e-06	  -5.6988941e-13	   2.2388098e+02	
  -4.8605843e-04	   7.6033358e-06	   1.8693642e-03	   3.6468080e-05	   8.7383043e-14	   2.2384762e+02	
  -4.8997863e-04	  -1.3520046e-06	   7.0963493e-04	   3.2618399e-05	  -1.2575560e-12	   2.2392343e+02	
   1.7006266e-03	   3.6746632e-05	   5.6185047e-04	  -3.3332663e-06	   1.9756166e-13	   2.2382552e+02	
  -2.6419863e-03	   2.1565426e-04	   3.1411319e-03	  -2.2264722e-04	   1.4855118e-12	   2.2366947e+02	
  -1.4538123e-03	  -3.6460710e-05	   1.3159972e-03	   4.1966209e-05	   6.8766656e-13	   2.2373603e+02	
   1.1867594e-03	   5.3849280e-05	   2.9669526e-03	   9.8407158e-05	   1.2347603e-12	   2.2359366e+02	
   3.0997258e-03	   3.8364718e-05	   3.2148098e-03	   1.7888196e-05	   9.8780832e-14	   2.2383083e+02	
   1.7897162e-04	  -1.4354398e-05	  -7.1646453e-04	  -2.4842960e-05	  -1.2499574e-12	   2.2392584e+02	
  -8.4250874e-04	  -5.8060644e-06	   2.0069697e-03	   4.4738705e-05	   4.9390416e-14	   2.2385220e+02	
  -1.7400259e-03	   1.6979099e-05	   8.4823958e-04	   9.1257111e-06	  -5.8508647e-13	   2.2388799e+02	
   2.1178150e-03	   1.4907222e-04	   2.6491773e-04	  -2.4041383e-06	   7.4465550e-13	   2.2371225e+02	
  -1.1562480e-03	   1.2457863e-05	   1.0878722e-03	   1.8230224e-05	  -6.0788204e-13	   2.2389022e+02	
  -4.1792533e-04	  -2.0886268e-05	  -3.7591619e-03	  -3.9507021e-05	  -1.5956904e-13	   2.2385920e+02	
   1.5959118e-03	  -2.6814664e-05	  -1.3010756e-03	   2.8008621e-06	  -7.3325771e-13	   2.2387701e+02	
  -2.8344235e-03	  -5.7596221e-05	  -3.5843307e-03	  -4.6785122e-05	   4.1411964e-13	   2.2379421e+02	
  -2.2152756e-03	   3.3987443e-05	  -9.2972734e-04	   2.0812050e-05	  -6.4207541e-13	   2.2386826e+02	
  -2.6238567e-03	  -4.5024596e-05	  -3.4771675e-03	  -3.2796493e-05	   9.8780832e-14	   2.2383280e+02	
   1.6045709e-03	   3.3937942e-06	   1.1752014e-03	  -1.2533300e-05	  -3.9512333e-13	   2.2388053e+02	
  -1.9916371e-03	   3.3933161e-05	   8.1892683e-05	   1.4789156e-05	  -9.6121348e-13	   2.2394952e+02	
   2.2718861e-04	   2.0796219e-05	   3.2246798e-03	   1.0529152e-04	   1.2689538e-12	   2.2358710e+02	
   2.9254551e-04	  -2.7722234e-05	  -1.0371336e-03	  -2.7138985e-05	   6.3827614e-13	   2.2374947e+02	
   1.5711526e-03	   4.8648194e-07	   9.5036789e-04	  -1.7526143e-05	  -6.6867025e-13	   2.2388695e+02	
  -1.7286432e-03	  -3.0176022e-05	   1.2537176e-03	   3.6744305e-05	   8.7383043e-14	   2.2384695e+02	
  -2.2811337e-03	  -9.0082281e-05	   2.0005383e-03	   9.9885582e-05	   1.0030054e-12	   2.2364448e+02	
   1.4424772e-03	   1.2453043e-05	  -1.7280064e-03	  -3.6291943e-05	   7.5985255e-15	   2.2386071e+02	
  -3.1343755e-03	  -1.2731282e-04	  -9.2746588e-05	   1.3495219e-05	   1.0751914e-12	   2.2362951e+02	
   2.9956406e-03	   3.3726171e-05	  -3.4681371e-03	  -6.3686553e-05	   5.3949531e-13	   2.2377513e+02	
  -1.4745410e-03	   4.7827936e-06	  -8.4528149e-04	   1.6076688e-05	  -8.5863338e-13	   2.2388699e+02	
   7.5942286e-04	   3.0259805e-05	   1.3956372e-03	   1.9754580e-05	   2.3175503e-13	   2.2381820e+02	
   3.6349443e-04	   4.1656732e-06	  -1.3494774e-04	  -1.2704662e-05	  -1.3943295e-12	   2.2393243e+02	
  -1.1676140e-03	  -2.7866160e-05	  -1.9006941e-03	  -2.5681172e-05	   2.2795577e-14	   2.2385889e+02	
   1.0363324e-03	   4.8025247e-05	  -1.6427889e-03	  -1.1729737e-04	   3.4573291e-13	   2.2376957e+02	
  -2.0596660e-03	  -4.5816864e-05	   2.6254303e-04	   1.6592554e-05	   9.8780832e-14	   2.2384443e+02	
  -3.4222192e-03	   1.8446662e-04	  -1.5773214e-03	   1.0777395e-04	   1.8730365e-12	   2.2351321e+02	
  -5.6914466e-04	  -3.7163051e-05	  -1.2971117e-03	  -4.2206515e-05	   3.4193365e-13	   2.2379552e+02	
   1.9467748e-03	  -2.3324742e-05	   1.2268234e-03	  -2.6715499e-05	  -6.0788204e-13	   2.2387576e+02	
  -8.1422976e-04	  -2.0608065e-05	  -2.1782376e-03	  -2.4576382e-05	   0.0000000e+00	   2.2386310e+02	
   1.0163602e-03	  -2.6361921e-06	  -3.7126464e-04	  -1.8350281e-05	  -1.0637936e-12	   2.2391079e+02	
   2.9438609e-03	   5.1323453e-05	   3.4462156e-03	   3.8034569e-05	   2.1275871e-13	   2.2381998e+02	
   3.6745809e-05	   3.9275966e-05	   8.5373892e-04	   5.9444161e-05	  -9.8780832e-14	   2.2385439e+02	
   5.1917610e-04	   2.3658205e-06	  -5.8767379e-04	  -1.9512468e-05	   1.4779132e-12	   2.2355027e+02	
  -2.2840203e-04	  -1.1722746e-05	  -2.0589372e-03	   2.2547131e-05	  -6.8766656e-13	   2.2388135e+02	
  -1.8676692e-05	   2.1258554e-05	   1.4468119e-03	   3.1911910e-05	   2.8874397e-13	   2.2381038e+02	
   1.8493516e-03	   7.5084831e-05	  -2.2403521e-03	  -1.1909559e-04	   7.8644739e-13	   2.2368828e+02	
  -6.0562517e-04	  -3.6442531e-05	  -6.8866634e-04	   1.3173704e-05	   6.9146582e-13	   2.2374456e+02	
  -1.1456634e-03	  -1.3968838e-06	  -3.4607505e-05	   1.6164793e-05	  -1.0258009e-12	   2.2390531e+02	
   1.0852290e-03	   3.1674867e-05	   1.4230853e-03	   1.7837696e-05	   1.4437198e-13	   2.2383464e+02	
   2.3196394e-03	   9.3599706e-05	   2.2240617e-03	   7.0090695e-05	   1.1701729e-12	   2.2360769e+02	
  -7.1414604e-04	  -6.4030463e-06	   1.8968224e-03	   5.1831956e-05	   9.1182306e-14	   2.2384313e+02	
  -1.1959848e-03	   2.4604721e-05	   1.5984035e-03	  -4.7855115e-06	  -7.2945845e-13	   2.2387789e+02	
   7.0340530e-04	   1.6166320e-05	   2.2943025e-03	   2.7067912e-05	   3.7992628e-15	   2.2386378e+02	
   2.3260832e-03	  -3.5548749e-05	   4.7444316e-04	  -1.4710405e-05	  -6.6867025e-13	   2.2386629e+02	
   4.3353095e-03	   4.8247662e-05	   1.5866385e-03	   1.1619165e-06	   1.7096682e-13	   2.2382445e+02	
   2.6183206e-03	  -4.7079625e-05	   2.5372853e-03	  -7.2366508e-05	   1.9110292e-12	   2.2346593e+02	
   1.8643470e-03	   1.1158719e-05	  -1.7837373e-03	  -2.5465435e-05	   2.6214913e-13	   2.2382903e+02	
   6.6518837e-04	   3.0974742e-06	  -3.3239643e-04	  -4.7164159e-05	  -3.3053586e-13	   2.2388779e+02	
  -4.6638219e-05	   6.5093042e-06	   8.2336343e-04	   1.8593314e-05	   1.4323220e-12	   2.2356665e+02	
   1.7779532e-03	  -2.6066365e-05	  -1.1368078e-03	  -1.2889182e-06	  -6.2687836e-13	   2.2388224e+02	
  -1.4351689e-03	  -2.0584480e-05	   9.1039992e-04	   3.3927154e-05	   2.3175503e-13	   2.2382002e+02	
   4.4107572e-04	   1.5957025e-06	  -8.0674560e-04	  -3.4506620e-05	  -1.2309611e-12	   2.2392083e+02	
   8.5210045e-05	   1.7739364e-05	   1.8376187e-03	   3.1596541e-05	   8.7383043e-14	   2.2384615e+02	
  -2.4147719e-03	  -1.1067500e-04	  -2.0625955e-03	  -7.1810684e-05	   9.6881200e-13	   2.2365247e+02	
  -7.6486035e-04	  -6.8926808e-05	  -2.2377048e-05	   4.9768775e-05	   5.0530195e-13	   2.2377562e+02	
  -1.8652466e-03	   1.0027011e-05	  -6.9155828e-04	   1.6245681e-05	  -6.0788204e-13	   2.2388507e+02	
   1.0793405e-03	   3.1977067e-05	   1.3443213e-03	   1.6092238e-05	   1.6716756e-13	   2.2383024e+02	
  -2.0343390e-03	   1.3377135e-04	  -3.2523150e-03	   2.5505834e-04	   1.7742558e-12	   2.2356609e+02	
   2.3261776e-03	   4.9103016e-05	   3.9397311e-03	   5.5948504e-05	   4.2171817e-13	   2.2379339e+02	
  -3.1383659e-04	  -3.9057753e-06	   2.3654118e-03	   1.4326636e-04	   6.4587467e-13	   2.2371270e+02	
  -1.3005696e-04	  -1.2447909e-05	  -2.3016810e-03	  -5.1996537e-05	   3.3433512e-13	   2.2381028e+02	
  -2.6531606e-04	  -1.0274143e-06	   1.7934072e-04	   7.7353347e-06	  -1.4209243e-12	   2.2392689e+02	
  -1.9722858e-04	   5.5723505e-06	  -2.0205907e-04	  -3.3504944e-06	   3.2939609e-12	   2.2293152e+02	
  -4.4513865e-04	  -9.6820766e-06	  -1.9696312e-03	   1.6421994e-05	  -5.8128720e-13	   2.2388470e+02	
   8.1911416e-04	   3.5668717e-05	   1.4255601e-03	   4.0675661e-05	   2.3175503e-13	   2.2381265e+02	
  -1.7725496e-03	   4.2920035e-05	  -4.0323309e-03	   1.4322087e-04	   1.3297420e-12	   2.2365278e+02	
   2.6147616e-04	  -1.5461374e-05	  -1.8134758e-03	  -3.7509837e-05	   1.7856535e-13	   2.2383041e+02	
  -3.0507157e-03	  -1.2445242e-04	   6.8620241e-04	   4.5405292e-05	   9.9920615e-13	   2.2364575e+02	
  -1.9393190e-03	  -3.0230795e-05	   9.7184608e-04	   2.8511402e-05	   3.0394102e-14	   2.2385617e+02	
  -3.6759481e-03	   8.6781355e-05	  -2.4244041e-03	   7.9357944e-05	   1.3031472e-12	   2.2365166e+02	
   4.4324004e-04	   2.6794219e-05	   1.4845445e-03	   2.4663581e-05	   2.2035724e-13	   2.2382100e+02	
   1.9163942e-03	  -2.2933905e-05	   1.2924758e-03	  -2.7283758e-05	  -6.1168130e-13	   2.2387374e+02	
  -3.0900488e-03	  -6.6459560e-05	  -2.5750141e-04	   1.4969890e-05	  -3.6092996e-13	   2.2388570e+02	
   5.0959417e-04	   6.2135504e-05	   1.1919594e-03	   8.9100706e-05	   3.1153955e-13	   2.2377926e+02	
  -1.4715423e-03	  -3.0821970e-05	  -1.7781656e-03	  -2.3779932e-05	   7.5985255e-14	   2.2385163e+02	
  -2.7000024e-04	   1.9675438e-05	   2.0653937e-03	  -1.8902355e-05	  -6.8006803e-13	   2.2387973e+02	
  -2.2853895e-04	   9.4405852e-06	   2.3762568e-03	   1.4155535e-05	  -1.4817125e-13	   2.2388689e+02	
  -1.6411356e-04	  -6.1315012e-06	  -1.8161200e-04	   1.1321365e-05	  -1.3411397e-12	   2.2393905e+02	
  -7.2184346e-04	  -3.4229189e-05	   7.4482457e-05	   2.3057978e-05	   6.2307909e-13	   2.2374542e+02	
  -4.2333845e-03	   1.5521145e-04	   7.3729805e-04	  -7.3966863e-06	   1.3753331e-12	   2.2364272e+02	
   1.5720181e-03	   3.3645059e-05	  -1.0371136e-03	  -3.8060256e-05	   9.8780832e-14	   2.2383803e+02	
  -6.9107524e-04	   1.7993088e-05	   1.3903736e-03	   1.6597453e-05	  -5.8128720e-13	   2.2388822e+02	
  -2.4586822e-03	  -6.6189207e-05	   7.5961626e-04	   4.4355488e-05	  -5.6229089e-13	   2.2391177e+02	
   3.3877098e-03	   1.0507660e-04	   5.9491775e-04	   2.2483343e-06	   1.1739721e-12	   2.2361225e+02	
   1.8090714e-03	   2.8530662e-05	  -4.1833730e-04	  -2.3477226e-05	   1.6716756e-13	   2.2383302e+02	
   2.0473990e-04	   5.0704374e-05	   8.5110611e-04	   4.6333366e-05	  -1.3677346e-13	   2.2386040e+02	
  -1.7269518e-03	  -5.2616498e-05	  -1.6725853e-04	   6.0596426e-06	   1.4817125e-13	   2.2382840e+02	
   8.4614628e-04	   2.3908594e-05	   4.4071562e-04	  -1.3496877e-05	  -1.1587751e-12	   2.2392044e+02	
   1.0436723e-03	   2.6499869e-06	  -1.1429742e-03	  -3.5414379e-05	   5.0530195e-13	   2.2377278e+02	
  -2.0108485e-04	   4.5274498e-06	  -1.9647629e-04	   9.2684441e-07	  -1.3981287e-12	   2.2392198e+02	
   4.9395714e-05	   9.6052574e-06	   2.4057261e-03	   1.9497670e-05	  -8.7383043e-14	   2.2387916e+02	
   3.5426647e-04	  -3.4502495e-05	  -4.3583987e-03	   1.8572524e-04	   1.3563368e-12	   2.2365671e+02	
  -2.1940111e-04	   9.6187415e-06	   2.3378705e-03	   1.5048562e-05	  -1.7856535e-13	   2.2388977e+02	
  -5.0620209e-05	  -4.7936758e-06	   2.9688860e-04	  -2.6206599e-06	  -6.8386730e-13	   2.2408083e+02	
   6.6845515e-04	  -1.1357852e-05	  -1.0347005e-03	  -3.6775853e-05	   4.2171817e-13	   2.2378513e+02	
  -6.0025278e-04	  -2.6116565e-05	  -1.1809812e-03	   4.2216671e-07	  -5.1669974e-13	   2.2388950e+02	
  -8.6441911e-04	  -5.0834797e-05	  -1.6086285e-04	   1.1314659e-05	   5.8128720e-13	   2.2375540e+02	
   1.6166542e-03	  -2.3922234e-05	  -1.3131633e-03	  -4.6447035e-07	  -6.0788204e-13	   2.2388272e+02	
   1.7827578e-03	   3.4533810e-05	   4.7170463e-04	  -5.6529921e-06	   1.4057272e-13	   2.2383709e+02	
   2.8418845e-04	  -1.7678926e-05	  -1.6904311e-03	   1.1896106e-06	  -7.9024665e-13	   2.2388366e+02	
   3.1073317e-03	   1.1505298e-07	  -2.9641665e-03	  -2.3878212e-05	  -2.6594839e-14	   2.2384505e+02	
   4.0793844e-04	   1.1510218e-05	   1.8769109e-03	  -1.8915483e-05	  -7.6365181e-13	   2.2387728e+02	
   9.8944404e-04	  -3.0075963e-06	  -2.1433400e-03	  -2.5409228e-05	  -8.7383043e-14	   2.2387746e+02	
   4.4986815e-04	  -1.1065045e-06	  -4.2057977e-04	  -2.7122279e-05	  -1.2651545e-12	   2.2392936e+02	
   9.9140347e-04	   2.6360466e-05	   1.7611816e-03	   2.9966325e-05	  -4.5591153e-14	   2.2386605e+02	
   1.1126251e-03	  -1.2937889e-05	  -1.2292378e-03	  -1.6632559e-05	  -5.7748794e-13	   2.2388568e+02	
   9.4326519e-04	   1.8465714e-05	   2.1529799e-03	   2.4546024e-05	  -3.0394102e-14	   2.2386801e+02	
   2.2557854e-03	   4.3237874e-05	  -2.8642870e-03	  -8.2351160e-05	   1.1473774e-12	   2.2362024e+02	
   2.1127900e-03	   3.9469841e-05	   6.7095510e-04	   4.4865435e-06	   4.1791890e-14	   2.2385529e+02	
   2.3062480e-04	  -9.7984428e-06	  -1.7500131e-03	   1.0751426e-05	  -8.7003117e-13	   2.2388505e+02	
  -1.2207587e-04	  -1.8761290e-05	  -1.9145308e-03	  -5.1602159e-05	   1.2537567e-13	   2.2383319e+02	
  -1.8321905e-03	   1.0043463e-05	  -6.0505458e-04	   1.6278531e-05	  -6.9526509e-13	   2.2388464e+02	
   4.2268367e-04	   2.6091990e-06	   2.6178771e-04	  -6.3432959e-06	   1.5614970e-12	   2.2352675e+02	
  -1.5422891e-03	   1.3914604e-05	   9.4506143e-04	   1.1897360e-05	  -6.0408278e-13	   2.2388899e+02	
  -3.9549914e-03	  -6.0183526e-05	  -1.5964383e-03	  -5.5444885e-06	   7.9784518e-14	   2.2383638e+02	
   1.1119313e-04	  -1.7803309e-05	  -1.8501591e-03	   3.8419110e-06	  -6.6487098e-13	   2.2388402e+02	
   1.0745621e-04	  -1.1718681e-05	  -2.3454548e-03	  -2.1597372e-05	  -1.0258009e-13	   2.2387889e+02	
   1.2003420e-03	   8.3564247e-06	   1.4520944e-03	  -1.0730471e-05	  -4.2551743e-13	   2.2388212e+02	
  -1.0574154e-03	  -1.3834329e-05	  -1.2324532e-04	  -2.3731034e-08	   1.7894528e-12	   2.2346877e+02	
  -4.1572845e-03	   1.1075051e-04	  -1.1937470e-03	   5.1462210e-05	   1.3525375e-12	   2.2363887e+02	
  -9.7355387e-05	  -8.5219529e-08	  -2.4516682e-04	  -3.1067198e-06	   3.3813439e-12	   2.2289510e+02	
  -3.2122555e-05	  -3.6348239e-05	  -9.7245620e-04	  -7.4097299e-05	  -2.6594839e-14	   2.2384298e+02	
   1.8709956e-03	   4.5687754e-05	   4.0783834e-03	   6.6600877e-05	   3.3053586e-13	   2.2380605e+02	
  -1.2379335e-03	  -5.3151435e-07	  -1.5717102e-03	   1.7037081e-05	  -5.8128720e-13	   2.2388308e+02	
   5.0204330e-04	   2.8818001e-05	   1.3310497e-03	   1.9363123e-05	   2.4695208e-13	   2.2381883e+02	
   1.1701976e-04	  -1.6353654e-05	  -2.0316297e-03	   1.4443643e-05	  -6.4587467e-13	   2.2388182e+02	
   4.5550796e-03	   4.4819860e-05	  -1.0668778e-03	  -2.6912663e-05	   2.2795577e-13	   2.2382077e+02	
  -4.8885520e-04	  -3.2695668e-05	  -3.4572274e-03	  -1.1353647e-04	   9.7641048e-13	   2.2365538e+02	
  -7.8559584e-04	  -4.0779766e-05	  -1.3125605e-05	   1.8928312e-05	   5.1290047e-13	   2.2376824e+02	
  -1.3333684e-04	  -1.7660287e-05	  -9.5258811e-04	  -2.9749966e-05	  -1.2233626e-12	   2.2391985e+02	
  -1.8811138e-03	  -3.3335148e-05	   7.4149660e-04	   2.5285994e-05	  -3.4193365e-14	   2.2386460e+02	
  -2.1226122e-04	   9.8933662e-06	   4.3497658e-04	   2.7762182e-06	  -1.3259427e-12	   2.2392010e+02	
  -1.4568739e-03	  -2.6697941e-05	  -1.7353935e-03	  -1.7850639e-05	  -2.6594839e-14	   2.2386724e+02	
  -7.6920620e-04	  -3.1413211e-05	  -2.3296821e-04	   2.8707739e-05	  -3.4573291e-13	   2.2388813e+02	
   1.2718680e-03	   1.0308385e-05	  -1.1210951e-03	  -3.6627601e-05	   2.1655798e-13	   2.2382345e+02	
  -3.9843212e-04	  -3.0389688e-05	  -3.4117127e-03	  -1.1833509e-04	   9.4981569e-13	   2.2365986e+02	
  -3.1420327e-04	  -1.7203519e-05	  -2.2511961e-03	  -1.5884161e-05	  -9.4981569e-14	   2.2387803e+02	
   1.8281515e-03	   8.3755685e-05	   2.6955908e-03	   1.0038326e-04	   9.6881200e-13	   2.2365082e+02	
  -2.7151600e-03	  -5.5259675e-05	  -3.2507697e-03	  -4.0856715e-05	   9.8780832e-14	   2.2383511e+02	
  -1.1541264e-03	   2.1463956e-05	   1.5792904e-03	   1.3119124e-06	  -6.3447688e-13	   2.2388409e+02	
  -1.0964339e-03	  -3.2928095e-05	   1.3319165e-03	   8.2754470e-05	  -7.8264813e-13	   2.2394560e+02	
   1.1480549e-03	   8.7267018e-05	   1.7332586e-03	   1.0141481e-04	   4.2551743e-13	   2.2375155e+02	
  -1.8943368e-04	  -8.4220092e-07	  -9.6782987e-05	  -7.9862753e-06	   3.2787638e-12	   2.2293639e+02	
   7.1028472e-04	   7.3929380e-05	   7.4800580e-04	   2.4808986e-05	  -1.2157641e-13	   2.2385824e+02	
  -1.0096494e-03	   1.1844020e-06	   4.2797332e-03	   6.0756042e-05	   1.3297420e-13	   2.2383130e+02	
  -1.6790438e-03	   1.1005355e-05	   6.7910670e-04	   1.3196059e-05	  -5.9268499e-13	   2.2388770e+02	
  -1.7358299e-03	  -8.9582619e-05	  -6.0498622e-04	  -2.1535343e-06	  -7.7504960e-13	   2.2394300e+02	
   1.1935451e-03	  -5.3140465e-05	   3.9558753e-03	  -2.4880985e-04	   1.4779132e-12	   2.2364703e+02	
   3.1363093e-04	  -2.1944973e-05	  -3.9958348e-04	  -9.4909733e-07	   2.5796995e-12	   2.2321156e+02	
  -4.1405902e-03	   4.0442720e-05	   1.0341498e-03	   8.9769241e-06	   1.2499574e-12	   2.2363894e+02	
  -2.1915986e-03	  -2.4041524e-05	   8.4182775e-04	   1.9264678e-05	  -7.5985255e-15	   2.2386621e+02	
   3.3247989e-03	   9.1109510e-05	  -1.3200381e-03	  -5.3973251e-05	   1.0865891e-12	   2.2363151e+02	
   1.8184504e-03	   8.5798184e-05	   9.0929448e-04	   1.3870466e-05	  -7.4845476e-13	   2.2393793e+02	
  -8.6791604e-04	  -1.9236500e-05	   1.9289867e-04	   2.5292355e-05	  -1.1587751e-12	   2.2392445e+02	
  -1.3857420e-03	  -3.2319908e-05	  -1.3322500e-03	  -1.0023012e-05	   8.3583781e-14	   2.2384856e+02	
  -1.5337551e-03	  -9.5278457e-05	   8.3878173e-04	   7.7637086e-05	   3.3053586e-13	   2.2377090e+02	
   2.4781763e-04	  -9.6274733e-06	  -2.4137611e-03	  -2.8268254e-05	   2.7734618e-13	   2.2382544e+02	
   8.2930572e-05	  -8.3921348e-06	  -1.1867924e-03	  -3.1393688e-05	  -1.1701729e-12	   2.2390314e+02	
  -3.0316687e-04	   5.2626848e-06	   2.4287658e-03	   2.7300712e-05	   7.5985255e-15	   2.2386734e+02	
  -1.0603928e-03	   1.6059064e-05	   1.4563783e-03	   8.7860617e-06	  -5.4329457e-13	   2.2388648e+02	
   4.3225452e-03	   2.5016164e-05	  -1.2643713e-03	  -2.4875462e-05	   7.9784518e-14	   2.2383689e+02	
  -3.3063725e-03	   9.8295269e-06	  -1.6845938e-03	   2.5901440e-05	   1.6868727e-12	   2.2351699e+02	
   6.4874292e-04	  -1.3610727e-05	  -1.0067460e-03	  -3.3127258e-05	   5.6609015e-13	   2.2375805e+02	
  -1.4948878e-03	   1.5898147e-05	   9.8348708e-04	   9.0488051e-06	  -7.5225403e-13	   2.2388357e+02	
   1.6015455e-03	   3.4994225e-05	   1.5667728e-03	   2.6221569e-05	   9.4981569e-14	   2.2384769e+02	
   2.5323015e-03	  -1.6760847e-04	   2.6047881e-04	  -3.0995781e-05	  -2.8646441e-12	   2.2399259e+02	
   7.0463226e-04	   3.0669781e-05	   5.7746290e-04	  -1.6202817e-05	   4.5971079e-13	   2.2378652e+02	
   7.7276894e-04	   3.1809376e-06	  -2.7533145e-04	  -3.8930591e-05	  -4.2171817e-13	   2.2389699e+02	
  -7.1227140e-04	  -3.2350307e-05	  -1.0702076e-03	  -4.9934356e-06	   5.8128720e-13	   2.2375646e+02	
   4.3736988e-03	  -1.1316619e-04	  -9.5647656e-04	   4.4561922e-06	   1.2575560e-12	   2.2366159e+02	
   3.1984096e-03	   1.4040107e-04	  -8.1814573e-04	  -5.3859990e-05	   6.2687836e-13	   2.2374550e+02	
   1.9025534e-03	   7.2338143e-05	  -2.1737068e-03	  -1.1193190e-04	   1.1359796e-12	   2.2361620e+02	
   7.2597661e-04	  -6.7411191e-06	  -1.3813690e-03	  -3.8329106e-05	   2.4695208e-13	   2.2382085e+02	
  -3.7343505e-03	   3.1690766e-04	   1.3265402e-03	  -8.9359129e-05	   1.5652963e-12	   2.2364757e+02	
  -8.8009938e-04	  -4.9107449e-05	  -6.9772692e-04	  -1.6541285e-05	   2.9254323e-13	   2.2381233e+02	
  -7.9888477e-04	  -1.7938742e-05	  -1.4184753e-04	   1.8344368e-05	  -1.1587751e-12	   2.2392676e+02	
  -6.5643623e-04	   1.2833420e-05	   5.2578418e-04	   3.1727800e-05	   2.5075134e-13	   2.2383055e+02	
  -4.4234748e-04	   1.9430804e-05	   7.5960404e-04	   3.8095705e-05	  -3.9892259e-13	   2.2389492e+02	
   3.1393197e-03	   1.1052185e-05	  -3.2135243e-03	  -3.4769624e-05	   7.9784518e-14	   2.2383746e+02	
  -1.6575226e-04	  -1.8144740e-05	  -9.8625721e-04	  -3.0389985e-05	  -1.2005670e-12	   2.2391926e+02	
  -1.5558023e-03	  -2.3786743e-05	  -1.6101529e-03	  -7.7358341e-06	  -1.0637936e-13	   2.2387805e+02	
  -7.9714610e-04	   1.8759210e-05	   1.6143676e-03	   6.2944654e-06	  -6.5347319e-13	   2.2388451e+02	
  -1.9074232e-03	   2.8768555e-05	  -4.3168892e-04	   2.2822597e-05	  -9.3841790e-13	   2.2395343e+02	
   1.0449072e-03	  -1.6778452e-05	  -1.3165074e-03	  -4.8370089e-06	  -8.5103486e-13	   2.2388668e+02	
  -2.0354143e-03	  -3.3675496e-05	  -6.3567818e-04	  -7.9852911e-07	  -7.5985255e-14	   2.2387362e+02	
   1.5575196e-03	   7.3014085e-07	   5.9429868e-04	  -1.5284609e-05	  -7.5985255e-13	   2.2388527e+02	
   6.6894853e-04	   3.8477134e-06	  -1.9508613e-03	  -4.1580022e-05	   9.4221716e-13	   2.2369304e+02	
  -1.1205009e-04	  -1.5045751e-05	  -1.9045233e-03	   7.2073135e-06	  -5.5849163e-13	   2.2388433e+02	
   3.6558037e-04	  -1.0157298e-05	   3.7589825e-04	  -1.6955371e-05	   2.3783385e-12	   2.2328381e+02	
  -7.8662424e-04	  -1.6550707e-05	   3.7114577e-05	   2.2049708e-05	  -1.1739721e-12	   2.2392709e+02	
   1.7921894e-03	   3.7204362e-05	  -5.2723912e-04	  -2.4402599e-05	  -1.1397788e-14	   2.2385517e+02	
  -1.6514317e-03	  -7.5941433e-07	  -2.0997786e-04	   1.5520745e-05	  -6.7626877e-13	   2.2388648e+02	
  -1.9414004e-03	  -1.9352271e-05	   9.4808928e-04	   2.2866982e-05	  -1.3297420e-13	   2.2387932e+02	
   2.2889147e-03	  -3.0512513e-05	  -8.9862250e-05	  -9.1582829e-06	  -6.1168130e-13	   2.2387175e+02	
   2.6305589e-03	   6.2738564e-05	  -8.6211876e-04	  -4.4046055e-05	  -5.0150268e-13	   2.2390799e+02	
   9.9347607e-04	  -1.2950194e-05	  -1.4611814e-03	   3.9764278e-06	  -7.7884887e-13	   2.2386740e+02	
   1.7219846e-03	   2.3975613e-05	  -1.5491911e-03	  -3.6264866e-05	   1.2157641e-13	   2.2384603e+02	
   4.2959150e-03	  -2.2081175e-04	   3.0519548e-04	  -3.8267449e-05	   1.3905302e-12	   2.2365941e+02	
   5.1691894e-04	   1.8178857e-05	   2.1288230e-03	   5.3782298e-05	   4.2551743e-13	   2.2379135e+02	
  -8.2122668e-04	  -3.0170721e-05	  -5.7291702e-04	   5.1088069e-06	  -1.1055855e-12	   2.2392053e+02	
  -1.4681472e-03	  -4.3391638e-05	  -9.1703192e-04	  -1.5212132e-05	   2.6594839e-14	   2.2384953e+02	
   1.2720781e-03	  -1.4915733e-06	   4.1006946e-03	  -6.0054344e-05	   1.2841508e-12	   2.2363523e+02	
  -1.8399642e-04	  -2.5244289e-05	  -1.3564851e-03	  -4.9334767e-05	   1.2917493e-13	   2.2383194e+02	
  -1.6810161e-03	   6.4078084e-07	  -7.4587562e-04	   1.2464001e-05	  -5.5469236e-13	   2.2387443e+02	
   1.1699181e-03	   4.3059013e-05	   4.1508562e-04	   4.1687996e-06	   1.3677346e-13	   2.2383028e+02	
  -1.8304105e-04	  -7.3917907e-06	  -4.1416476e-03	   3.3346080e-04	   1.4627161e-12	   2.2368020e+02	
   1.7376390e-03	   2.9816068e-05	   2.4094439e-04	  -1.1552687e-05	   1.0637936e-13	   2.2384282e+02	
   3.1168148e-03	   1.2397551e-04	   1.3028015e-03	   3.5945689e-05	   8.8142896e-13	   2.2367076e+02	
  -1.7158653e-03	  -2.4703207e-05	   1.0233898e-03	   2.8204153e-05	  -1.1397788e-13	   2.2387593e+02	
   5.4124323e-05	   1.5326928e-05	   2.2520927e-04	   9.4192246e-06	  -1.3069464e-12	   2.2391184e+02	
  -8.0474458e-05	  -1.1110043e-05	  -1.3669852e-03	  -3.0686578e-05	   1.3525375e-12	   2.2358284e+02	
  -2.5723252e-03	  -1.4434585e-04	  -2.8171373e-04	   2.9379555e-06	   5.7748794e-13	   2.2372450e+02	
   1.0488311e-03	  -4.7615857e-06	  -1.2708879e-03	  -2.8548371e-05	   4.5591153e-14	   2.2385807e+02	
  -1.6306582e-03	  -1.1693272e-04	  -2.5421693e-04	   6.8771505e-06	   2.2415650e-13	   2.2379071e+02	
   2.3035734e-04	   1.8621103e-05	   1.6581824e-03	   4.1908139e-05	  -3.4193365e-14	   2.2385670e+02	
  -1.8543531e-03	   5.6010360e-06	  -6.3113549e-04	   1.4039447e-05	  -5.6609015e-13	   2.2388192e+02	
   1.9278343e-04	  -1.1154318e-05	   6.3789309e-05	  -1.9152985e-05	   2.5151119e-12	   2.2322548e+02	
  -2.3452112e-03	  -1.4122142e-04	  -5.3262235e-05	   1.5393206e-05	   4.7110858e-13	   2.2374484e+02	
  -2.1431846e-03	  -3.1087106e-05	  -5.8927984e-04	   5.7155462e-07	  -5.6988941e-14	   2.2387200e+02	
   9.2151889e-04	  -4.6984404e-05	   3.5961857e-03	  -2.7579911e-04	   1.8540402e-12	   2.2353581e+02	
  -1.8066524e-03	  -3.8767887e-05	   3.3102545e-04	   1.8517318e-05	  -6.0788204e-14	   2.2386308e+02	
   1.1755429e-03	   7.1045998e-05	  -3.8603799e-04	  -5.6974595e-05	  -4.9390416e-14	   2.2384190e+02	
  -1.9546292e-03	  -3.0626647e-05	  -8.1448891e-04	  -1.0081990e-06	  -1.2537567e-13	   2.2387916e+02	
  -5.8067056e-04	  -4.2426304e-05	  -7.5201043e-04	   2.6398093e-06	  -3.7612701e-13	   2.2389137e+02	
  -4.0808006e-04	  -4.4014606e-05	  -1.6830521e-03	  -8.1054242e-05	  -7.9404592e-13	   2.2395077e+02	
   8.0043607e-04	  -1.9655731e-05	  -2.1404707e-03	   2.2217110e-05	  -6.1927983e-13	   2.2387083e+02	
  -8.2149132e-04	  -1.2231544e-05	   2.1063606e-03	   9.0095657e-05	  -5.7368868e-13	   2.2392141e+02	
   1.1744656e-03	   5.7226354e-07	   1.6832180e-03	  -2.0209725e-05	  -5.9648425e-13	   2.2388077e+02	
  -2.0389380e-03	  -7.6512550e-06	   9.4886540e-04	   1.7253467e-05	  -2.1275871e-13	   2.2389145e+02	
   2.5462410e-03	  -2.7710961e-04	  -2.9190535e-03	   2.7576693e-04	   1.5728948e-12	   2.2366006e+02	
  -4.5749056e-04	   1.0993152e-05	   1.5708538e-03	   3.0423748e-05	   3.0394102e-14	   2.2385364e+02	
   7.8158931e-04	   3.1199857e-05	  -2.2385913e-04	  -5.1414974e-05	  -2.8874397e-13	   2.2388006e+02	
   2.5747543e-03	   7.7453352e-05	   1.4236514e-03	   2.0262709e-05	  -3.7612701e-13	   2.2389388e+02	
  -2.7187595e-03	   1.3408339e-05	  -3.3571149e-03	   4.4564104e-05	   1.2499574e-12	   2.2363849e+02	
   1.9208383e-03	   7.8522218e-06	   1.6068464e-03	  -1.8954511e-06	   7.5985255e-15	   2.2387705e+02	
   1.4002337e-04	  -6.2015132e-06	  -1.3652896e-03	  -2.8055486e-05	  -1.1017862e-12	   2.2388544e+02	
  -2.0356590e-03	  -2.2210591e-05	   1.1283098e-03	   2.3073452e-05	  -3.7992628e-15	   2.2386623e+02	
   1.4718294e-03	  -9.2493111e-05	  -4.0618629e-03	   1.9543694e-04	   1.3943295e-12	   2.2365437e+02	
  -5.3678571e-04	  -2.0046077e-05	  -2.2407000e-03	  -4.4676400e-05	   2.1275871e-13	   2.2383216e+02	
  -1.4083942e-04	  -6.9977321e-06	  -1.0366454e-03	  -3.0540018e-07	  -1.0751914e-12	   2.2391576e+02	
  -3.5280089e-04	   7.2890308e-06	   2.1425343e-03	   2.5016232e-05	  -1.8996314e-13	   2.2388838e+02	
  -2.1580305e-03	   4.6480863e-05	   1.2342303e-03	  -1.5071673e-05	  -5.7368868e-13	   2.2385715e+02	
  -4.0169741e-04	   4.2058024e-06	   1.8342335e-03	   4.0041802e-05	  -1.3677346e-13	   2.2387472e+02	
   1.8870085e-03	  -2.0911234e-05	  -9.4568365e-04	  -4.9114465e-06	  -5.6988941e-13	   2.2387803e+02	
   1.8226924e-03	  -3.8609642e-06	  -1.3945389e-03	  -1.5984811e-05	  -2.4695208e-13	   2.2389732e+02	
  -7.6722084e-05	  -1.2523162e-06	   2.1072724e-04	   1.6758295e-05	  -1.4057272e-12	   2.2393233e+02	
   8.1737102e-04	   6.9674040e-06	  -1.5354536e-03	  -4.6026178e-05	  -2.2795577e-14	   2.2385750e+02	
  -1.0789215e-03	   1.1944290e-06	   2.7327251e-04	   1.7652561e-05	  -9.8400910e-13	   2.2390609e+02	
  -1.5345537e-03	  -3.6787644e-05	  -1.6062728e-03	  -2.7039192e-05	   1.2917493e-13	   2.2384499e+02	
   4.1546159e-04	   1.8010055e-05	   1.3921831e-03	  -5.3256650e-06	  -9.1942159e-13	   2.2389190e+02	
  -1.8463296e-03	   5.1004132e-06	   1.2086529e-03	   1.3409472e-05	  -2.6214913e-13	   2.2390032e+02	
   1.8132260e-03	  -1.9812604e-05	  -9.9439182e-04	  -5.5545720e-06	  -5.7748794e-13	   2.2387942e+02	
   1.3889207e-03	  -6.8586281e-06	  -1.6125757e-03	  -1.9034645e-05	  -1.8616388e-13	   2.2389175e+02	
  -3.2582819e-04	   1.9951810e-05	   1.7825448e-03	   1.4058787e-06	  -5.8888573e-13	   2.2388568e+02	
   5.7534133e-04	   1.8216752e-05	   1.9343735e-03	   2.8629266e-05	  -1.4057272e-13	   2.2388098e+02	
  -9.0634829e-04	  -8.1294401e-05	  -1.4073288e-03	  -8.4129571e-05	   1.9376240e-13	   2.2379597e+02	
   7.3539385e-04	   4.1293614e-05	   5.7671546e-04	   1.1751467e-05	   1.9376240e-13	   2.2383147e+02	
  -8.7069175e-04	   1.7474283e-05	   1.5106616e-03	   8.3081581e-06	  -6.8766656e-13	   2.2388370e+02	
   1.6455969e-03	  -1.1221145e-05	  -5.3768856e-04	  -1.5839792e-05	  -8.5863338e-13	   2.2395188e+02	
  -1.2985254e-04	  -1.4063392e-05	  -1.1598454e-03	  -3.0965295e-05	  -1.1473774e-12	   2.2390603e+02	
   1.6476418e-03	   2.3429971e-05	   9.5972425e-04	  -1.9035738e-06	  -7.5985255e-14	   2.2387464e+02	
   7.6240578e-04	   3.0625467e-06	   2.4879337e-04	  -7.5218109e-06	  -1.1511767e-12	   2.2392601e+02	
  -7.4019059e-04	  -3.8944908e-05	   1.4549949e-04	   2.7043644e-05	   3.6092996e-13	   2.2379656e+02	
   1.9555661e-03	  -1.6965593e-05	  -4.5644374e-04	  -1.0444346e-05	  -6.4207541e-13	   2.2388002e+02	
   1.4137700e-03	   1.6257952e-05	  -1.4107124e-03	  -3.5687424e-05	  -9.4981569e-14	   2.2387241e+02	
   1.6085109e-03	  -1.1652194e-05	  -6.0701103e-04	  -1.1193730e-05	  -7.8644739e-13	   2.2388376e+02	
   4.4411400e-03	   5.3485882e-05	  -7.9264672e-04	  -2.5900866e-05	   1.5956904e-13	   2.2383041e+02	
  -1.7012655e-04	   1.9994705e-05	   1.6584364e-03	   5.5429969e-06	  -5.2429826e-13	   2.2388398e+02	
   1.2186454e-03	   4.2795921e-05	   4.4995743e-04	   5.0144237e-06	   1.1017862e-13	   2.2383503e+02	
  -4.9717783e-04	   9.9080991e-06	   3.3781624e-04	   4.0455098e-05	  -3.2293733e-13	   2.2388196e+02	
   1.3172482e-03	   2.5322793e-05	   1.1571641e-03	   2.9912818e-06	  -4.5591153e-14	   2.2386685e+02	
  -3.2182315e-03	  -1.2243851e-04	   8.6688130e-04	   4.9751338e-05	   8.3583781e-13	   2.2367848e+02	
   6.6235866e-05	  -9.6622587e-06	  -3.2945032e-04	   1.5570409e-07	   3.1647858e-12	   2.2298661e+02	
  -1.4355778e-03	   4.2085164e-06	   3.7015132e-04	   1.5007894e-05	  -8.2823928e-13	   2.2389067e+02	
  -5.8365982e-05	   9.6150799e-06	   2.3161470e-03	   1.5748800e-05	  -1.8616388e-13	   2.2389224e+02	
   2.3533751e-04	   1.2184772e-05	   9.4408288e-04	  -1.0130344e-06	  -1.1131839e-12	   2.2391094e+02	
   5.9312624e-04	  -1.3948597e-05	  -1.1049075e-03	  -3.4369435e-05	   3.7612701e-13	   2.2379533e+02	
  -1.3392264e-03	  -4.0955973e-06	  -6.0483542e-04	   1.2120854e-05	  -8.3963707e-13	   2.2389288e+02	
  -2.7451254e-04	   2.1012890e-06	  -1.5064789e-05	   2.7862514e-06	   2.8228523e-12	   2.2311720e+02	
   3.7136045e-03	  -1.3344694e-04	  -2.3670234e-03	   6.0886616e-05	   1.3259427e-12	   2.2365026e+02	
  -3.6673218e-03	  -5.1133570e-05	   2.0826129e-03	   4.9048393e-05	   9.8780832e-14	   2.2383758e+02	
  -1.1784046e-04	  -4.0225771e-05	  -1.0394113e-03	  -7.4664598e-05	  -8.3583781e-14	   2.2384998e+02	
   4.2388373e-03	   3.2375037e-05	  -8.1996159e-04	  -2.3759814e-05	   2.2795577e-14	   2.2384515e+02	
  -3.5640768e-03	   2.0827091e-04	   2.0303714e-03	  -9.5523102e-05	   1.5083073e-12	   2.2362773e+02	
  -1.0933803e-03	  -4.5941185e-05	  -3.5247562e-04	  -1.0253862e-06	   1.3297420e-13	   2.2383838e+02	
   1.1714051e-03	   5.5741163e-06	   1.9923779e-04	  -1.6277825e-05	  -9.3461864e-13	   2.2390233e+02	
   2.6387544e-05	  -9.7224946e-06	  -2.3208327e-03	  -4.7105992e-05	   1.9756166e-13	   2.2383525e+02	
   8.5383774e-05	   5.2156867e-06	   2.0510780e-04	   1.1186808e-05	  -1.4285228e-12	   2.2392590e+02	
  -3.0526730e-04	  -3.5754742e-05	  -1.1482017e-03	  -1.5821971e-05	   3.0394102e-13	   2.2380989e+02	
   2.4257844e-03	   1.3813560e-04	   5.9948853e-04	   1.5985396e-05	   4.3691522e-13	   2.2375043e+02	
  -1.1083568e-03	  -3.2333332e-05	  -6.0180739e-05	   3.0165568e-06	   1.1397788e-12	   2.2363529e+02	
   7.1319760e-04	  -1.2801098e-05	  -1.0579853e-03	  -1.3412143e-05	  -9.5741422e-13	   2.2390114e+02	
   7.3810407e-04	   4.2454184e-05	   6.4492828e-04	   1.5062464e-05	   1.2917493e-13	   2.2384288e+02	
  -7.7566533e-04	  -3.2840179e-05	  -2.9416763e-04	   2.5302809e-05	  -3.6852849e-13	   2.2388912e+02	
   1.4512184e-03	   2.8980959e-05	   1.4684428e-03	   1.8863071e-05	  -8.7383043e-14	   2.2387501e+02	
   1.3770611e-03	  -2.1548470e-06	  -1.2044328e-04	  -1.4525598e-05	  -9.1942159e-13	   2.2389805e+02	
   8.1341580e-04	   2.1447978e-05	   1.9514973e-03	   4.2931586e-05	   8.0924297e-13	   2.2372151e+02	
   6.7677752e-04	  -1.7227529e-05	  -1.6365855e-03	  -1.0368013e-06	  -7.5605329e-13	   2.2388225e+02	
   5.1056617e-04	   9.8048160e-06	   2.1129177e-03	  -3.7306696e-06	  -1.6716756e-13	   2.2389836e+02	
   4.0531137e-04	   8.5560571e-07	  -1.0519104e-03	  -3.6262934e-05	  -1.1397788e-12	   2.2391161e+02	
  -1.0434359e-03	  -1.9117261e-05	  -2.0998324e-04	  -2.2679970e-06	   1.6982705e-12	   2.2349751e+02	
  -7.4612676e-04	  -6.3582891e-06	   1.4344503e-04	   2.3275547e-05	  -1.0789906e-12	   2.2392701e+02	
   1.5456913e-04	   1.5174246e-05	   2.0074337e-03	   5.8617705e-06	  -2.6974766e-13	   2.2390077e+02	
  -5.9918857e-04	  -1.1425812e-05	  -1.7725553e-03	   7.9019205e-06	  -5.4329457e-13	   2.2388141e+02	
   1.3056354e-03	   6.2619671e-06	  -3.2650856e-03	  -6.2292232e-05	  -2.1655798e-13	   2.2387421e+02	
  -1.2362974e-03	   8.9031520e-06	   8.4344088e-04	   1.5225366e-05	  -8.1304223e-13	   2.2388934e+02	
   1.5259078e-03	   3.6050145e-05	  -1.9043105e-04	  -1.7519372e-05	  -8.7383043e-14	   2.2386887e+02	
  -1.2571410e-03	   1.0259638e-04	   3.8460484e-03	  -2.4772873e-04	   1.5273036e-12	   2.2363642e+02	
   2.0589925e-03	   1.2217902e-05	  -6.2139043e-04	  -1.7432159e-05	  -2.6214913e-13	   2.2389648e+02	
   4.3251240e-03	  -5.0317415e-05	   4.7585300e-04	  -2.4328748e-05	   1.2537567e-12	   2.2363971e+02	
   8.6760924e-04	  -1.6378756e-05	  -2.2439419e-03	   6.2566382e-06	  -1.4437198e-13	   2.2389975e+02	
   2.6459953e-03	   9.0956656e-05	   2.5182375e-03	   6.8554595e-05	   9.1942159e-13	   2.2366333e+02	
   1.8159655e-04	  -5.1396922e-06	  -1.6758110e-03	  -5.1516655e-05	   7.7125034e-13	   2.2371716e+02	
  -9.3086264e-04	  -2.9386915e-05	  -2.9864975e-04	   1.2584258e-05	  -1.1055855e-12	   2.2392159e+02	
  -1.7489104e-03	  -1.1335268e-04	   9.6821488e-04	   9.0044973e-05	   3.0014176e-13	   2.2380251e+02	
  -1.4053666e-04	   6.4700275e-07	  -2.5603033e-04	   5.0512403e-06	  -1.3411397e-12	   2.2391316e+02	
   3.5841682e-04	  -5.0949182e-06	  -1.3653713e-03	  -5.0298351e-05	   3.4193365e-14	   2.2384961e+02	
  -6.3077747e-04	  -4.0851554e-05	  -3.2498277e-03	  -1.2605533e-04	   7.3705698e-13	   2.2369666e+02	
   1.7942010e-04	  -8.4497331e-06	  -4.8175813e-05	   5.2341189e-07	   2.8836405e-12	   2.2309183e+02	
   2.0953703e-03	   9.4150321e-05	   2.5624477e-03	   9.4693036e-05	   8.0544371e-13	   2.2368327e+02	
   7.6061965e-04	   6.2232922e-05	  -9.7351415e-05	  -5.6827402e-05	   8.7383043e-14	   2.2385366e+02	
  -2.3544955e-04	   1.4022778e-05	   2.2262853e-03	  -2.4397570e-05	  -6.2687836e-13	   2.2386586e+02	
  -1.5828304e-03	  -3.7419587e-05	  -1.5752034e-03	  -2.7517637e-05	   7.3705698e-13	   2.2373609e+02	
   9.4897539e-04	   2.1684781e-06	   1.2475582e-05	  -7.4414252e-06	  -1.1397788e-12	   2.2391030e+02	
   8.3965854e-04	  -2.6113899e-06	  -2.0531673e-03	  -2.9770193e-05	  -1.2157641e-13	   2.2388218e+02	
  -1.9865838e-03	   1.4229275e-05	  -7.2088585e-04	   1.4713697e-05	  -6.1168130e-13	   2.2387372e+02	
   1.5044346e-03	   3.4201520e-05	   1.2449601e-03	   1.8495058e-05	  -6.0788204e-14	   2.2386815e+02	
   1.1769488e-04	   3.6622042e-05	   1.0715935e-03	   7.8692900e-05	  -4.1791890e-14	   2.2384169e+02	
   7.0215502e-04	   1.8755897e-06	   2.0730304e-04	  -4.9125097e-06	   1.8996314e-12	   2.2344025e+02	
   2.4470599e-03	   1.3039654e-04	   1.1277548e-03	   4.2603612e-05	   1.1055855e-12	   2.2361822e+02	
  -8.1508509e-04	  -3.6422260e-05	  -9.0737977e-05	   1.2861745e-05	   2.2035724e-13	   2.2382550e+02	
   2.5041499e-03	   9.1702027e-05	  -2.0902801e-03	  -9.8030031e-05	   7.1046214e-13	   2.2370212e+02	
  -3.7207148e-04	   1.4842569e-05	   2.1012808e-03	  -7.2216654e-08	  -3.5333144e-13	   2.2391028e+02	
   1.7628576e-03	  -1.7685624e-05	  -1.0537711e-03	  -5.9153950e-06	  -5.5849163e-13	   2.2387740e+02	
  -1.1714810e-03	  -1.6403645e-05	  -1.6813246e-03	   1.5796135e-06	  -2.3175503e-13	   2.2389773e+02	
  -1.9616235e-03	   1.0594799e-05	  -6.3059368e-04	   1.4083447e-05	  -5.7368868e-13	   2.2387633e+02	
   2.4641839e-04	  -9.1506898e-06	  -1.4282616e-03	  -4.9834152e-05	   3.4193365e-14	   2.2385028e+02	
   1.4429296e-03	   7.1948777e-06	   6.8273700e-04	  -1.4184848e-05	  -6.9146582e-13	   2.2388570e+02	
  -2.0459976e-03	  -5.5632178e-05	  -4.7045839e-04	  -5.8434357e-06	   4.0652112e-13	   2.2379495e+02	
   9.3115375e-04	   8.0413785e-06	   1.6627055e-03	  -1.3632658e-05	  -5.8888573e-13	   2.2388212e+02	
  -2.1042049e-03	  -4.4159823e-06	   6.7077651e-04	   1.3928824e-05	  -3.0014176e-13	   2.2390177e+02	
  -3.0693570e-03	  -1.3473783e-04	   4.5101582e-04	   3.6717067e-05	   7.3705698e-13	   2.2369505e+02	
  -2.5862056e-03	  -6.2002468e-05	  -2.9655985e-03	  -4.6132505e-05	   1.1397788e-14	   2.2384965e+02	
  -8.4403335e-04	   1.6311547e-05	   1.4356915e-03	   1.0716511e-05	  -7.0666287e-13	   2.2388392e+02	
  -3.2638702e-04	   7.5279274e-06	   2.1768870e-03	   2.3118803e-05	  -1.8616388e-13	   2.2389022e+02	
   1.0390840e-04	  -1.8631219e-06	   2.3645203e-04	   1.7193046e-08	  -1.3639354e-12	   2.2391014e+02	
   8.5800455e-04	   1.5648701e-05	  -1.6172475e-03	  -5.2735127e-05	   6.3447688e-13	   2.2374454e+02	
  -2.8994809e-04	   8.0362456e-07	   1.2752012e-03	   9.9715317e-05	   6.4587467e-14	   2.2381625e+02	
   8.4031784e-04	   1.0189443e-05	   9.5681391e-04	  -2.7699361e-05	  -9.9920615e-13	   2.2397253e+02	
  -1.1124188e-03	   1.1804235e-05	   1.1264868e-03	   1.5359291e-05	  -7.2185992e-13	   2.2388564e+02	
  -1.9055942e-03	  -3.8888559e-05	  -7.3293054e-04	  -5.2853325e-06	  -3.0394102e-14	   2.2386681e+02	
  -9.1444655e-05	  -9.3196093e-06	  -8.7259256e-04	  -1.7756229e-06	  -1.1093847e-12	   2.2392181e+02	
   6.0508938e-04	   6.9491586e-06	   1.7742751e-03	  -3.3193178e-05	  -9.1942159e-13	   2.2395891e+02	
  -1.6572145e-04	   1.9827278e-05	   1.5671199e-03	   5.0768270e-06	  -7.5985255e-13	   2.2388451e+02	
  -1.0212960e-03	  -1.2114189e-06	   2.1352429e-03	   2.5062753e-05	  -6.4587467e-14	   2.2387789e+02	
   2.5001618e-04	  -9.2730905e-06	  -7.0199945e-04	  -3.2129550e-05	  -1.1511767e-12	   2.2392566e+02	
  -4.9185905e-04	   6.8404385e-06	   2.2583396e-03	   1.7942699e-05	  -1.7856535e-13	   2.2389210e+02	
  -1.3994637e-03	   4.8289159e-06	  -1.5645448e-03	   1.8006052e-05	  -6.0028352e-13	   2.2387359e+02	
  -4.3932284e-04	  -3.6144970e-05	  -1.1414124e-03	  -4.0060176e-05	   7.2185992e-14	   2.2384764e+02	
  -5.4093349e-04	  -2.9903283e-05	  -8.3564357e-04	  -4.6269338e-06	  -1.0409980e-12	   2.2392153e+02	
  -9.0769990e-04	  -4.0906455e-05	  -2.0669944e-04	   6.9941816e-06	   1.3677346e-13	   2.2384169e+02	
  -3.9457468e-03	   3.1460156e-04	  -3.8152714e-04	   5.1836475e-05	   1.5766941e-12	   2.2363703e+02	
  -3.8812521e-03	  -6.8468095e-05	  -5.6199753e-04	   8.4093062e-06	  -2.2795577e-14	   2.2385357e+02	
  -2.0637934e-04	  -2.6254537e-05	  -8.8026636e-04	  -1.5608720e-05	  -1.0865891e-12	   2.2392306e+02	
   2.4358734e-04	   1.1110709e-05	   2.2804185e-03	   2.2028806e-05	  -1.1777715e-13	   2.2388341e+02	
  -7.3301873e-04	  -1.1360475e-05	   1.4162292e-04	   2.5435417e-05	  -1.0713921e-12	   2.2392636e+02	
  -2.6341773e-04	   2.3508811e-05	   1.0258580e-03	   2.7251234e-05	   2.3175503e-13	   2.2382206e+02	
   1.2420983e-03	   1.3291128e-05	   2.9103885e-04	  -1.8858065e-05	  -5.6609015e-13	   2.2389030e+02	
   1.0609340e-03	   3.6461975e-05	  -2.3132117e-04	  -2.2225263e-05	   1.5197051e-13	   2.2383971e+02	
  -7.3146506e-04	   1.6084306e-05	   1.4206945e-03	   1.5352397e-05	  -5.3569605e-13	   2.2388259e+02	
   1.5751126e-03	   3.9511114e-05	   3.7360961e-04	   4.5717239e-06	   1.0599944e-12	   2.2365495e+02	
  -5.5864631e-05	   1.0274317e-05	   3.5222774e-03	   1.2026306e-04	   9.2702011e-13	   2.2366200e+02	
  -3.8624215e-04	   6.6537834e-06	   2.1176360e-03	   2.5529533e-05	  -1.8996314e-13	   2.2388973e+02	
   2.3181667e-04	   3.6615006e-05	   1.0932903e-03	   1.4586110e-05	  -4.7110858e-13	   2.2388462e+02	
  -2.0352141e-04	  -2.6223083e-05	  -1.3765911e-03	  -3.6908455e-06	  -2.0516019e-13	   2.2389830e+02	
  -1.4463614e-03	   5.9091822e-05	  -3.9263192e-03	   2.1685064e-04	   1.4855118e-12	   2.2363063e+02	
  -2.2014984e-04	  -3.1848994e-05	  -1.2652182e-03	  -1.8698232e-05	   1.5197051e-13	   2.2383513e+02	
  -4.5095183e-06	   2.2774410e-05	   3.9344465e-03	  -3.2653174e-04	   1.5766941e-12	   2.2364141e+02	
   4.5201630e-04	   1.2587201e-05	   2.1070380e-03	   5.7014071e-06	  -3.5333144e-13	   2.2390638e+02	
   3.6284150e-04	   5.9697151e-06	   7.8823588e-04	  -1.5534165e-06	  -1.1587751e-12	   2.2390995e+02	
  -8.4260738e-04	  -4.7992492e-05	  -4.2075400e-04	  -2.4602428e-06	   1.4817125e-13	   2.2383924e+02	
   7.9476417e-04	   3.1359258e-05	  -1.1093831e-04	  -4.4695376e-05	  -3.4193365e-13	   2.2388458e+02	
   9.0140738e-04	   3.3438578e-05	   1.1621256e-03	   2.8119106e-05	   5.6988941e-14	   2.2384797e+02	
   1.7948982e-03	  -8.1219094e-06	  -1.4006519e-04	  -1.3173921e-05	  -7.0286361e-13	   2.2388165e+02	
   3.9443575e-05	  -1.6745695e-05	  -2.1189418e-03	   1.4994057e-06	  -3.3813439e-13	   2.2391024e+02	
  -7.5652002e-04	   1.5675566e-05	   1.3948888e-03	   1.5889991e-05	  -6.3827614e-13	   2.2388339e+02	
   1.6713980e-03	   2.3966174e-05	  -1.3505266e-03	  -3.4541821e-05	   4.5591153e-14	   2.2385850e+02	
   2.9740582e-04	  -2.5537725e-06	  -1.0188231e-03	  -3.8202286e-05	  -1.1207826e-12	   2.2391772e+02	
   1.6515332e-03	  -1.4939651e-05	  -1.5597393e-03	  -7.2592935e-06	  -3.7232775e-13	   2.2391206e+02	
   3.8974916e-04	   7.1776891e-06	   2.1617141e-03	  -2.3360580e-05	  -5.9268499e-13	   2.2386895e+02	
   8.8790425e-04	   2.5993471e-05	   8.8019906e-04	  -4.7419549e-06	   2.6594839e-14	   2.2385642e+02	
  -3.5420439e-03	  -1.1820030e-04	  -8.7042685e-05	   1.3285528e-05	   9.1562233e-13	   2.2366495e+02	
  -3.3336963e-04	   7.4638298e-06	   2.2186575e-03	   2.0943573e-05	  -1.8616388e-13	   2.2389163e+02	
  -1.3537911e-05	   1.7861307e-05	   1.8123225e-03	  -4.4627682e-06	  -6.9146582e-13	   2.2388180e+02	
  -2.1094472e-03	  -1.0219181e-05	   4.0864806e-04	   1.3649943e-05	  -2.9634250e-13	   2.2390110e+02	
   1.9706249e-03	  -1.2821990e-05	  -3.0381230e-04	  -1.1338934e-05	  -5.8888573e-13	   2.2387754e+02	
  -7.3283135e-04	  -2.7245666e-05	  -1.9318993e-03	  -4.9224081e-05	   3.9892259e-13	   2.2379427e+02	
  -2.0003093e-04	  -1.4609904e-05	  -1.2483916e-03	  -2.9793353e-05	  -1.0941877e-12	   2.2389464e+02	
   9.3201124e-04	   1.7145975e-05	  -1.1236372e-03	  -4.5569389e-05	   6.8386730e-14	   2.2384619e+02	
   1.8982799e-03	  -1.0932090e-05	  -3.2772548e-04	  -1.2283970e-05	  -6.1168130e-13	   2.2387977e+02	
  -2.0516838e-03	  -3.4537696e-06	  -1.1490413e-04	   1.2921504e-05	  -2.8114544e-13	   2.2390394e+02	
  -1.5568395e-03	   5.8327857e-06	   7.3122716e-04	   1.5073595e-05	  -5.3949531e-13	   2.2388032e+02	
   7.3819132e-04	   3.8969044e-05	   1.2290112e-04	  -1.3199573e-05	   2.7734618e-13	   2.2381327e+02	
   1.3387340e-04	  -3.7668181e-05	  -3.8563398e-03	   3.8830391e-04	   1.5842925e-12	   2.2365515e+02	
  -7.8521407e-04	  -5.8419835e-06	   1.5771740e-03	   4.0541271e-05	  -1.3297420e-13	   2.2387394e+02	
   1.8509271e-03	  -7.5948827e-06	   5.6628900e-05	  -1.3633234e-05	  -6.7246951e-13	   2.2388130e+02	
   3.8867461e-03	   1.0593691e-04	  -9.7798989e-04	  -4.3227255e-05	   2.3935355e-13	   2.2381963e+02	
   1.2689776e-03	  -8.2260957e-06	  -7.5236426e-04	  -4.9141022e-06	  -9.5361495e-13	   2.2388112e+02	
  -9.0446039e-04	  -7.5307874e-05	  -4.5884398e-04	   1.4302851e-05	  -8.3203854e-13	   2.2397533e+02	
  -6.7379010e-05	   3.6710077e-06	  -2.1341459e-04	  -2.8638729e-06	  -1.3677346e-12	   2.2390836e+02	
   3.6913421e-03	   4.2292330e-05	  -2.1709918e-03	  -4.4163041e-05	   7.2185992e-14	   2.2384331e+02	
   4.3439449e-04	  -1.5810784e-05	  -1.0610867e-03	  -1.6859607e-05	  -9.3461864e-13	   2.2390662e+02	
  -4.0155864e-05	   2.1593344e-05	   1.1087417e-03	   3.4717863e-05	  -5.2429826e-13	   2.2393055e+02	
  -1.4136577e-03	   9.0061159e-06	   8.4460347e-04	   1.4254284e-05	  -7.1806066e-13	   2.2388505e+02	
   1.6067083e-03	  -2.8250050e-05	  -1.6316914e-03	   8.0411041e-06	  -3.3053586e-13	   2.2392198e+02	
   3.0613887e-03	  -2.8149375e-04	  -2.2608291e-03	   1.7385903e-04	   1.7476609e-12	   2.2358227e+02	
   2.3531352e-04	   7.1332349e-06	   1.2519126e-04	  -1.0187985e-05	   2.0136093e-12	   2.2339307e+02	
   4.1806829e-03	  -1.7220232e-04	  -9.2263208e-04	   1.5900731e-05	   1.4057272e-12	   2.2363501e+02	
   2.1928022e-03	  -2.6929266e-05	   4.5350808e-04	  -1.6550810e-05	  -4.0272185e-13	   2.2392848e+02	
  -1.0744591e-03	  -7.3961371e-05	   1.3146196e-04	   4.1423495e-05	  -4.1791890e-14	   2.2384118e+02	
   1.4783108e-03	   1.1058559e-05	  -9.8921844e-04	  -2.9112112e-05	   1.0637936e-13	   2.2384578e+02	
   1.8815641e-04	  -1.6785100e-05	  -1.6503856e-03	  -1.6443542e-06	  -7.4845476e-13	   2.2388351e+02	
  -1.6775475e-04	   6.9189502e-06	   3.5080685e-04	   5.0706838e-06	   1.5425007e-12	   2.2353123e+02	
   6.9020645e-04	  -1.5780172e-05	  -1.7435462e-03	  -3.8634403e-06	  -5.2809752e-13	   2.2387783e+02	
  -6.5441295e-04	  -3.1941231e-05	   1.0194655e-03	   1.0717434e-04	  -3.7992628e-14	   2.2387124e+02	
  -7.7316730e-04	  -8.7334482e-06	   9.2270865e-04	   3.3007671e-05	  -1.0713921e-12	   2.2389627e+02	
   5.1139672e-04	   2.4785474e-05	   3.8801655e-03	   7.3288682e-05	   3.7992628e-15	   2.2385249e+02	
  -4.0580413e-04	   5.5701804e-06	  -1.4062464e-04	   5.3505851e-06	  -1.2575560e-12	   2.2391372e+02	
   1.7050147e-03	   4.0398955e-05	   1.0273793e-03	   1.6257235e-05	   3.7992628e-14	   2.2385501e+02	
  -1.5654075e-03	   4.3305151e-06	   1.5367870e-04	   8.7798480e-06	  -7.5225403e-13	   2.2387122e+02	
   1.4827288e-03	  -1.1940933e-05	  -7.5084322e-04	  -1.6528993e-05	  -3.9132406e-13	   2.2392010e+02	
   9.7734573e-05	   5.7689173e-06	   2.7222660e-05	  -3.3963416e-06	  -1.2879501e-12	   2.2390409e+02	
  -5.9490989e-04	   1.2586230e-05	   1.4651025e-03	   2.0900309e-05	  -1.8236461e-13	   2.2388660e+02	
  -2.5293560e-04	  -9.7220244e-06	  -1.0988034e-04	   1.3224912e-05	  -1.2879501e-12	   2.2392674e+02	
  -2.0241183e-03	  -3.9273032e-05	  -1.4350587e-04	   6.4204605e-06	  -2.2795577e-14	   2.2386660e+02	
  -7.8739195e-04	  -1.2926353e-05	  -1.5148536e-03	   5.4691627e-06	  -5.6229089e-13	   2.2388040e+02	
   7.3309981e-04	   3.7453682e-06	  -3.8488499e-03	  -1.0412363e-04	   1.2537567e-13	   2.2383566e+02	
  -5.6041337e-04	  -6.4176743e-05	  -1.2012921e-03	  -7.6159538e-05	   5.6988941e-14	   2.2382061e+02	
  -1.5248378e-04	   1.1945868e-05	   4.0122070e-03	   7.8579933e-05	   4.9390416e-14	   2.2384654e+02	
   4.8915650e-05	  -2.2408204e-06	  -1.0389130e-04	  -8.9248147e-06	  -1.2803515e-12	   2.2390713e+02	
  -1.2831260e-04	   8.2442704e-06	   2.2659769e-03	   2.1837674e-05	  -1.4817125e-13	   2.2388785e+02	
   3.0270591e-03	   1.2740309e-04	   1.3228015e-03	   4.0644356e-05	   8.0544371e-13	   2.2368163e+02	
  -1.3320056e-03	   8.2746867e-07	   1.1411075e-03	   2.1593349e-05	  -2.0516019e-13	   2.2389143e+02	
  -9.3048594e-04	  -1.1804003e-05	  -8.3127254e-04	  -8.3190321e-06	  -1.2765523e-12	   2.2410050e+02	
  -1.5625948e-03	  -3.9633111e-05	   1.6081216e-05	   1.1954864e-05	  -8.3583781e-14	   2.2386893e+02	
   2.3229458e-04	   2.2558911e-05	   1.5224161e-03	   4.9813206e-06	  -6.2307909e-13	   2.2388386e+02	
  -1.4104362e-03	   1.4911264e-05	   1.5303821e-03	   6.1042724e-06	  -3.8372554e-13	   2.2391488e+02	
   2.0066023e-03	  -1.9184333e-04	   3.0763780e-03	  -3.4395635e-04	   1.6944712e-12	   2.2361955e+02	
  -1.7599213e-03	   1.7755229e-07	  -1.5138120e-04	   1.5423653e-05	  -7.1046214e-13	   2.2394347e+02	
   7.0969699e-05	   3.5218895e-05	   1.0601082e-03	   2.2285184e-05	  -4.4071448e-13	   2.2388462e+02	
   5.5506119e-04	   2.7176106e-06	  -1.3369254e-03	  -5.0627755e-05	   8.3583781e-14	   2.2384353e+02	
   8.3549210e-04	   2.3685531e-05	   1.1711302e-04	  -3.1540681e-05	  -4.1411964e-13	   2.2389310e+02	
   1.2677046e-03	  -9.6204584e-06	  -1.4889551e-03	  -1.7305013e-05	  -2.5075134e-13	   2.2390145e+02	
  -9.7387283e-04	  -3.2777369e-05	  -3.5378334e-04	   1.0306024e-05	  -1.0485965e-12	   2.2391781e+02	
  -1.0765013e-03	  -4.2591407e-05	  -9.7028435e-04	  -2.3409011e-05	   1.4437198e-13	   2.2383523e+02	
  -1.0390080e-03	  -1.1295626e-05	  -1.3067270e-03	   7.3035143e-06	  -5.8128720e-13	   2.2388118e+02	
   1.1583862e-04	  -1.6404891e-05	  -2.1861096e-03	   7.5330995e-06	  -3.9132406e-13	   2.2391588e+02	
  -3.4696955e-03	   3.6629157e-04	   1.3638386e-03	  -1.1939497e-04	   1.6602778e-12	   2.2362836e+02	
  -7.4491276e-04	   8.2220842e-06	   1.0200661e-03	   2.8468247e-05	   3.4193365e-14	   2.2385674e+02	
  -8.1364310e-04	  -2.5412531e-05	  -3.1086550e-04	   1.4218185e-05	  -1.0561950e-12	   2.2392443e+02	
  -1.1279639e-03	   2.9120648e-05	   1.2127850e-03	   1.8746868e-06	  -8.9662601e-13	   2.2396224e+02	
  -6.9628916e-04	  -4.0918573e-05	  -5.4491931e-04	   1.1763654e-05	  -3.4573291e-13	   2.2388407e+02	
   4.3202859e-04	   1.8124228e-05	   1.6625276e-03	   5.1176898e-06	  -2.6594839e-13	   2.2389924e+02	
  -1.2206364e-03	   7.2704108e-06	   9.6543018e-04	   1.9119863e-05	  -5.5089310e-13	   2.2388204e+02	
   8.8812337e-04	   2.5593367e-05	  -5.9001629e-04	  -3.6594216e-05	   1.8236461e-13	   2.2383715e+02	
   8.8154049e-04	   7.8765811e-05	   6.9441958e-04	   1.9673766e-05	  -1.4057272e-13	   2.2385544e+02	
  -1.4527659e-03	  -3.9117392e-05	  -1.5175629e-03	  -2.9770008e-05	   1.4437198e-13	   2.2384204e+02	
   3.7055421e-03	   9.3578307e-05	   7.0968470e-04	   2.7599454e-06	   1.0561950e-12	   2.2363732e+02	
  -1.1249534e-03	  -4.3859348e-05	  -5.0430206e-04	  -4.8621101e-06	   7.5985255e-15	   2.2385519e+02	
   3.9050257e-03	  -2.3635148e-04	   1.8767080e-05	  -2.5906769e-05	   1.7590587e-12	   2.2355131e+02	
   9.4434158e-04	   1.1950358e-05	  -1.4593255e-03	  -4.5731687e-05	   2.6594839e-14	   2.2385206e+02	
  -8.9093207e-04	  -2.2333960e-05	  -9.4748580e-04	   5.0459619e-06	  -5.6229089e-13	   2.2388685e+02	
  -1.8997011e-03	   2.0847166e-06	   6.4327395e-04	   1.4169178e-05	  -3.0014176e-13	   2.2390676e+02	
  -3.1122980e-05	  -1.6669220e-05	  -3.2841950e-04	  -3.4831406e-06	  -1.2727531e-12	   2.2392394e+02	
  -1.3228947e-03	  -7.7956518e-06	   5.8930187e-04	   2.4357749e-05	  -6.0788204e-14	   2.2387153e+02	
  -3.4945949e-04	  -2.9537693e-05	  -8.7881290e-04	  -1.2504830e-05	  -1.0258009e-12	   2.2392220e+02	
   2.8416497e-04	   1.1079784e-05	   2.2688001e-03	   3.1894028e-05	  -1.1397788e-14	   2.2386838e+02	
  -6.1606563e-04	   1.7758946e-05	   1.6412119e-03	   6.9433945e-06	  -6.5347319e-13	   2.2388145e+02	
   9.9904270e-04	   3.5479931e-05	   7.3915637e-04	   1.1425348e-05	  -8.7383043e-14	   2.2386679e+02	
  -6.9324388e-04	  -1.1821491e-05	   2.0973152e-04	   4.1113663e-05	  -3.2293733e-13	   2.2388061e+02	
   7.9234266e-04	   3.5240109e-05	   4.7525353e-04	   6.8662784e-06	   2.3555429e-13	   2.2382670e+02	
  -1.2324614e-03	  -7.6727610e-05	   7.3388121e-04	   7.4038339e-05	   1.5956904e-13	   2.2379906e+02	
   3.4702772e-03	   1.0065815e-04	  -1.3471389e-03	  -5.7142993e-05	   1.1397788e-13	   2.2383732e+02	
  -1.1599221e-03	   1.4138712e-05	   1.4334337e-03	   8.5962192e-06	  -5.3949531e-13	   2.2387854e+02	
   1.8241442e-03	   6.7767685e-05	  -1.0323191e-03	  -6.7662711e-05	  -6.1548057e-13	   2.2393024e+02	
   2.9329300e-03	   1.3786284e-04	  -4.1902949e-04	  -3.5620511e-05	   6.7246951e-13	   2.2370548e+02	
  -2.9935012e-03	  -4.8221928e-05	   2.6455038e-03	   6.5460421e-05	   4.9390416e-14	   2.2384754e+02	
  -7.0485412e-04	  -1.6678966e-05	  -9.5778794e-04	   5.7772456e-06	  -9.0802380e-13	   2.2390323e+02	
   9.4051749e-04	   3.3610705e-05	   1.2489040e-03	   3.8858116e-05	   5.5849163e-13	   2.2375805e+02	
  -1.0387032e-03	  -2.8191945e-05	   5.1039270e-05	   2.0920607e-05	  -1.0599944e-12	   2.2391656e+02	
   4.6429873e-04	   1.4300616e-05	  -3.8436727e-04	  -3.8068525e-05	   3.5333144e-13	   2.2379789e+02	
  -2.6931200e-03	   1.8123955e-04	  -3.0506862e-03	   2.3633666e-04	   1.5311029e-12	   2.2364347e+02	
  -1.0236646e-04	  -1.6818461e-05	  -1.7667235e-03	  -4.4344664e-05	   2.6594839e-14	   2.2385282e+02	
  -1.0623323e-03	  -3.8360896e-06	   2.1532391e-04	   2.0135820e-05	  -8.3963707e-13	   2.2390384e+02	
   5.4963146e-04	   1.5122141e-05	   1.9481262e-03	   1.3658504e-05	  -3.3053586e-13	   2.2390490e+02	
   9.5558950e-04	   2.1768131e-05	   9.3653208e-04	  -7.1984464e-06	  -5.7368868e-13	   2.2388730e+02	
   1.7479379e-03	   2.9046444e-05	   6.9024979e-04	   1.9017348e-07	  -2.4695208e-13	   2.2389216e+02	
  -3.0357539e-04	  -8.2065652e-06	   2.4929126e-04	   1.6759000e-05	  -1.3335413e-12	   2.2391666e+02	
  -1.1162489e-03	  -1.5595854e-05	   1.3280907e-03	   3.8123208e-05	  -1.1397788e-13	   2.2387224e+02	
  -4.4784295e-04	   5.5190173e-06	   5.4091344e-04	   3.0002575e-05	  -1.0599944e-12	   2.2392695e+02	
   6.3545060e-04	   2.0114990e-05	  -1.0397744e-04	  -2.1354448e-05	   3.5713070e-13	   2.2380010e+02	
  -3.6965376e-03	   3.3136298e-04	  -1.1324854e-03	   1.2445754e-04	   1.6298837e-12	   2.2362963e+02	
   2.9599991e-03	   3.3861995e-05	  -2.8524197e-03	  -5.5874787e-05	   1.8996314e-14	   2.2385149e+02	
  -1.1165639e-03	  -1.7442849e-05	  -2.8730664e-04	   1.7300893e-05	  -5.1669974e-13	   2.2388531e+02	
  -2.1287404e-03	  -6.2166359e-05	   2.7024179e-03	   1.0618989e-04	   7.5985255e-14	   2.2384437e+02	
   8.3044768e-04	   3.1546163e-05	  -2.0199425e-03	  -1.2683987e-04	   3.8752480e-13	   2.2375599e+02	
  -5.1940768e-04	  -1.9817157e-05	  -1.7610229e-03	  -4.6806395e-06	  -2.3175503e-13	   2.2389674e+02	
  -3.9360848e-03	   3.2891876e-04	   3.0862107e-04	  -4.2594798e-06	   1.5766941e-12	   2.2363939e+02	
  -1.9456357e-03	  -4.6859123e-05	  -6.2690319e-04	  -6.9969388e-06	   1.0258009e-13	   2.2384801e+02	
  -3.4487485e-04	  -1.9194876e-05	  -2.0601192e-04	  -2.7917686e-06	  -1.3297420e-12	   2.2391721e+02	
  -7.1385144e-04	  -4.5628712e-05	  -7.1406783e-04	  -1.9083290e-05	   2.7734618e-13	   2.2382016e+02	
   8.9488962e-04	   7.3652072e-05	   1.6330127e-03	   9.8385767e-05	   3.2673660e-13	   2.2376535e+02	
  -1.3300158e-03	  -2.5887354e-05	   1.0854428e-03	   3.6275311e-05	  -3.0394102e-14	   2.2386045e+02	
  -4.2848914e-04	  -1.4830220e-05	  -1.6513457e-03	   1.3592441e-06	  -5.3189679e-13	   2.2387760e+02	
  -1.1399509e-03	  -4.5751664e-05	  -4.7704437e-04	  -6.6200051e-06	   1.9756166e-13	   2.2382499e+02	
  -2.7278633e-04	   4.5543986e-06	   1.3197052e-04	   5.6521931e-06	  -1.2993479e-12	   2.2389985e+02	
  -9.5694504e-04	   6.2924052e-06	   1.1653940e-03	   2.3527906e-05	  -1.5956904e-13	   2.2388513e+02	
  -1.4019123e-03	   9.3770364e-05	   3.7863644e-03	  -1.9708645e-04	   1.5576977e-12	   2.2360732e+02	
  -1.5088569e-03	  -8.5607542e-06	   1.3474836e-03	   2.4192727e-05	  -2.7354692e-13	   2.2389901e+02	
   1.5828560e-03	   6.1855887e-06	   3.9384759e-04	  -1.3263377e-05	  -4.3691522e-13	   2.2387556e+02	
  -1.9088875e-03	  -4.6874043e-05	  -7.7442975e-04	  -1.0980256e-05	   1.1777715e-13	   2.2384587e+02	
  -3.4526496e-04	  -1.6008706e-05	  -1.6073789e-03	   1.6739913e-06	  -6.9906435e-13	   2.2388413e+02	
  -6.1125356e-04	  -3.9455516e-05	  -1.0278163e-03	  -3.2792510e-05	   1.9756166e-13	   2.2382991e+02	
   1.4226463e-03	   3.7435715e-06	   1.1720102e-03	  -1.3069910e-05	  -6.0028352e-13	   2.2387916e+02	
  -8.0261937e-04	  -2.4972122e-05	  -1.5993792e-03	  -1.2347689e-05	   4.1791890e-14	   2.2385713e+02	
   3.3980259e-04	  -2.3013658e-05	  -8.6067022e-04	  -3.4584218e-05	  -3.5713070e-13	   2.2388523e+02	
  -5.1160718e-04	  -2.6272145e-05	  -3.7810267e-03	  -7.5364720e-05	  -3.4193365e-14	   2.2385748e+02	
  -4.9559708e-04	  -1.5880331e-05	  -1.4694773e-03	   2.2265940e-06	  -7.4085624e-13	   2.2388832e+02	
   1.9983501e-03	   1.1557111e-04	   1.4059930e-03	   5.9423530e-05	  -9.1182306e-14	   2.2386801e+02	
  -4.2563736e-04	   1.7735346e-05	   1.4522570e-03	   1.1323957e-05	  -7.4845476e-13	   2.2388642e+02	
   1.2122829e-03	   1.4160851e-05	   1.7141766e-03	   2.7297935e-06	  -3.4953217e-13	   2.2390773e+02	
   1.6792676e-03	   7.5673900e-05	  -1.9960155e-03	  -1.1756512e-04	   5.6988941e-13	   2.2372352e+02	
   1.2423492e-03	   8.2637057e-05	   6.7472085e-05	  -3.3917271e-05	  -7.6745108e-13	   2.2396488e+02	
  -1.4971978e-03	   2.2865923e-07	   4.4396738e-04	   1.7284394e-05	  -5.5089310e-13	   2.2388069e+02	
  -1.2994002e-03	  -5.4613206e-05	  -3.2016820e-03	  -9.1233976e-05	  -3.4193365e-14	   2.2385951e+02	
  -3.0072304e-04	   3.2070804e-06	   9.3855276e-04	   8.2164543e-05	   2.6594839e-14	   2.2382994e+02	
   7.2514915e-04	   3.9278109e-05	   5.4925642e-04	   8.8949291e-06	   1.1017862e-13	   2.2384719e+02	
   3.7334698e-03	   5.8889892e-05	  -8.1684054e-04	  -2.9501630e-05	   1.2195633e-12	   2.2360556e+02	
  -1.5974130e-03	  -2.1549537e-05	  -1.3022876e-03	  -3.5112526e-06	  -2.7734618e-13	   2.2390069e+02	
   6.2328209e-04	  -1.3006280e-05	  -1.0154799e-03	  -2.9328855e-05	  -4.4451374e-13	   2.2387922e+02	
   1.2030091e-03	   8.5027179e-06	  -1.4301146e-03	  -3.4019487e-05	  -2.0895945e-13	   2.2388644e+02	
   1.2222683e-04	  -3.6977416e-06	   1.7366313e-04	   7.2667622e-07	  -1.3221434e-12	   2.2390341e+02	
   5.0142226e-04	  -1.1922355e-06	  -2.4935423e-03	  -4.1448047e-05	   3.4573291e-13	   2.2381462e+02	
   8.7328219e-04	   5.6784579e-05	   3.2437875e-04	  -1.9779490e-05	  -2.3935355e-13	   2.2387104e+02	
  -2.3656224e-03	   5.2946788e-05	  -2.6937139e-04	   1.3726606e-05	  -5.0530195e-13	   2.2393858e+02	
   1.1175870e-03	  -3.3165000e-06	  -7.7234448e-04	  -2.1130183e-05	  -7.1046214e-13	   2.2389382e+02	
  -2.6618238e-04	   1.9614340e-05	   1.3202872e-03	   1.7747541e-05	  -1.3297420e-13	   2.2388294e+02	
   5.4016069e-04	   2.4957993e-05	   1.1107175e-03	   6.5956961e-07	  -8.0924297e-13	   2.2389766e+02	
  -8.6685545e-04	  -2.0100579e-05	  -1.4864065e-03	   6.6066782e-07	  -5.9648425e-13	   2.2393541e+02	
  -6.6620573e-04	  -1.5854365e-05	  -1.4573733e-03	   1.7974171e-06	  -5.3949531e-13	   2.2387973e+02	
  -1.6349526e-03	  -4.2425533e-05	   3.1945168e-04	   1.8892050e-05	   4.5591153e-14	   2.2384910e+02	
   1.7216457e-03	  -5.8533568e-05	   3.7257626e-03	  -1.7304338e-04	   1.5159059e-12	   2.2360707e+02	
   2.4668371e-03	  -4.5315471e-05	   1.4719973e-04	  -1.1898362e-05	  -4.5591153e-13	   2.2393276e+02	
  -1.2677668e-03	  -1.1482074e-05	  -1.3918875e-05	   1.8921646e-05	  -5.9268499e-13	   2.2388867e+02	
  -9.9238153e-04	  -2.9071686e-05	  -1.7093814e-03	  -3.1020581e-05	   0.0000000e+00	   2.2386135e+02	
   1.4828506e-03	  -2.5205960e-06	  -3.9201890e-04	  -1.5240651e-05	  -7.5225403e-13	   2.2388715e+02	
  -1.0190408e-03	  -3.6008415e-05	  -5.1131104e-04	  -1.5746827e-05	   1.0296003e-12	   2.2366231e+02	
   2.7340021e-03	   8.5482553e-05	  -2.0374591e-03	  -8.4048881e-05	   9.5741422e-13	   2.2365409e+02	
   1.1926844e-03	   4.2100864e-05	   5.0589225e-04	   7.8184345e-06	   1.4437198e-13	   2.2383192e+02	
   4.5428378e-05	   1.7683712e-05	   1.7411373e-03	   5.0739637e-07	  -5.3949531e-13	   2.2387846e+02	
   3.8407343e-03	   7.6481342e-05	  -9.3017810e-04	  -3.5930259e-05	   3.4193365e-14	   2.2385006e+02	
  -4.4950380e-04	  -3.0387301e-05	  -1.1225485e-03	  -8.1569629e-06	  -4.4071448e-13	   2.2387732e+02	
  -1.2245201e-03	  -5.6250267e-05	  -2.9821119e-03	  -9.3156175e-05	  -9.8780832e-14	   2.2386672e+02	
  -3.5548804e-03	   3.0294795e-04	  -1.7297628e-03	   1.7153480e-04	   1.5804933e-12	   2.2364444e+02	
  -1.1941164e-03	  -1.0637997e-05	  -1.8389367e-03	   5.7427422e-06	  -3.5333144e-13	   2.2391151e+02	
   1.9325411e-03	   5.8529394e-05	   3.0144378e-03	   6.7510539e-05	   1.2119649e-12	   2.2359937e+02	
   1.9722168e-03	   1.6469904e-05	   1.5862207e-03	   4.5057504e-06	   5.3189679e-14	   2.2386676e+02	
  -4.0870980e-03	   4.6761766e-05	   1.0996459e-04	   1.7448115e-05	   1.3905302e-12	   2.2360174e+02	
   2.8091281e-03	   3.4733877e-05	  -2.8751755e-03	  -5.9640873e-05	  -7.5985255e-15	   2.2385642e+02	
  -1.5032919e-03	  -1.2021927e-04	  -3.2202735e-04	   5.8251699e-07	   3.4193365e-13	   2.2377302e+02	
   2.0440215e-03	   5.9999436e-05	  -2.2985882e-03	  -9.5421588e-05	  -1.2917493e-13	   2.2387210e+02	
   6.5462620e-04	   1.3548810e-05	  -3.8327539e-04	  -5.2490073e-05	  -2.0516019e-13	   2.2386497e+02	
   2.7052453e-03	   8.8350168e-05	   2.3756779e-03	   5.7453667e-05	   7.5985255e-15	   2.2385304e+02	
   9.5969529e-04	   5.1084478e-05	  -6.3300778e-04	  -7.0522053e-05	   3.0394102e-14	   2.2382951e+02	
   3.3715099e-03	   9.7958390e-05	   1.4332449e-03	   2.4364268e-05	   3.7992628e-15	   2.2385270e+02	
  -1.0898812e-03	  -3.2577608e-05	   2.5691367e-07	   1.9121436e-05	  -9.9920615e-13	   2.2391316e+02	
  -4.3539698e-04	  -2.6651721e-05	  -1.5004424e-03	  -4.1134646e-05	   8.3583781e-14	   2.2384754e+02	
  -4.7249160e-04	  -1.7830175e-05	  -1.5086970e-03	  -1.1574289e-06	  -5.3569605e-13	   2.2387967e+02	
  -9.9461313e-04	  -2.8819294e-05	  -1.8081165e-03	  -3.5701990e-05	   7.5985255e-14	   2.2385259e+02	
  -1.8459581e-03	   6.0356580e-06	  -4.3109511e-04	   1.1827894e-05	  -6.1927983e-13	   2.2387396e+02	
  -7.5371875e-04	  -2.5444123e-05	  -1.4635232e-04	  -4.8226789e-06	   1.3069464e-12	   2.2359808e+02	
   9.3665496e-04	   2.7218824e-05	  -1.2718804e-04	  -2.5384171e-05	  -1.0637936e-12	   2.2392341e+02	
  -1.0572923e-03	  -2.0615159e-05	   1.1401394e-03	   4.0737940e-05	  -3.7992628e-15	   2.2385799e+02	
  -1.5342251e-03	  -2.5202341e-05	   3.1800207e-03	   8.2563477e-05	   1.2461582e-12	   2.2359141e+02	
  -2.0222569e-03	   4.9149604e-05	  -1.0106000e-03	   3.3747738e-05	  -6.1927983e-13	   2.2394670e+02	
   2.1253638e-03	  -3.6003718e-05	  -1.1021805e-03	   5.9352432e-06	  -5.1669974e-13	   2.2385742e+02	
   4.1906265e-04	   8.8345406e-06	  -4.3924698e-06	  -1.2113870e-06	   1.6260845e-12	   2.2350667e+02	
   8.5270994e-04	  -1.0389505e-05	  -1.3138722e-03	   1.0274864e-06	  -8.8142896e-13	   2.2386922e+02	
  -8.4951147e-04	  -1.5133579e-05	   1.8842767e-03	   5.0033150e-05	   1.3677346e-13	   2.2384343e+02	
   2.9281632e-04	   1.1297068e-05	   4.2772259e-04	  -9.1220159e-06	  -1.0561950e-12	   2.2391384e+02	
  -5.7948302e-04	  -2.2935793e-06	   1.7148420e-03	   4.2834700e-05	  -6.4587467e-14	   2.2386815e+02	
   7.8963576e-05	   2.2073881e-05	   1.3456131e-03	   8.3707750e-06	  -8.0544371e-13	   2.2389437e+02	
   2.7397418e-03	   1.1195174e-04	   1.4291311e-03	   3.9665042e-05	  -6.8386730e-14	   2.2386304e+02	
  -5.6450943e-04	   1.5183646e-05	   1.3055778e-03	   2.0019267e-05	  -6.4587467e-13	   2.2388768e+02	
   3.4347449e-04	  -3.5754407e-07	  -1.9154227e-03	  -5.5689868e-05	   2.2415650e-13	   2.2382368e+02	
   9.6900620e-04	   2.9907028e-05	   1.6819676e-06	  -2.2150579e-05	  -1.0485965e-12	   2.2392331e+02	
  -2.1452284e-03	  -5.0533839e-06	   2.7862890e-04	   1.2108985e-05	  -3.3053586e-13	   2.2390824e+02	
   6.8308764e-04	   1.7379550e-05	   1.4777161e-03	  -3.8896801e-06	  -5.6988941e-13	   2.2387998e+02	
   2.7725923e-04	  -2.1324302e-06	  -1.8795440e-03	  -5.4701811e-05	   1.9756166e-13	   2.2382732e+02	
  -1.4891260e-03	   1.4779821e-04	   3.6972650e-03	  -3.0830428e-04	   1.5121066e-12	   2.2366564e+02	
  -7.4551723e-04	  -2.7609020e-05	  -5.6377848e-05	  -1.4258103e-06	   1.2461582e-12	   2.2361135e+02	
   3.1081140e-03	   1.3516587e-04	   6.8747192e-04	   1.4401411e-05	   8.9282675e-13	   2.2366636e+02	
   1.2114644e-03	  -2.3719453e-05	  -9.9409961e-04	  -1.4469689e-05	  -8.0544371e-13	   2.2395895e+02	
   1.5088874e-03	  -1.6684034e-05	  -1.1586144e-03	   1.9125018e-06	  -2.4125319e-12	   2.2411075e+02	
   7.1971492e-04	   1.7134579e-05	  -5.9539353e-04	  -3.7655854e-05	   2.0136093e-13	   2.2383268e+02	
  -8.2032300e-04	  -4.6451822e-05	   2.2837407e-04	   4.9350211e-05	  -7.5985255e-15	   2.2383431e+02	
   1.5642385e-03	  -3.9978625e-06	   8.1244363e-04	  -2.0605550e-05	  -7.5225403e-13	   2.2395402e+02	
  -1.3130150e-03	   1.8667442e-06	   6.6937386e-04	   1.9532849e-05	  -5.3569605e-13	   2.2388102e+02	
  -1.4434794e-03	   1.8198517e-05	   1.6330897e-03	   3.1104146e-07	  -4.2171817e-13	   2.2392132e+02	
   5.5070263e-04	  -1.3819481e-05	  -1.0716068e-03	  -3.0367054e-05	  -4.0272185e-13	   2.2387384e+02	
   6.0743500e-04	   1.2555060e-05	  -4.6370161e-04	  -3.3923830e-05	   2.6594839e-13	   2.2381838e+02	
  -1.0711862e-03	  -9.7952276e-05	  -8.4330582e-04	  -4.6465445e-05	   2.8874397e-13	   2.2377805e+02	
   1.7650389e-03	   6.5842801e-05	  -8.2444877e-04	  -4.5518352e-05	  -3.4193365e-14	   2.2385873e+02	
  -1.1166656e-03	  -6.1285073e-05	   1.4426141e-03	   1.0946954e-04	   4.5971079e-13	   2.2374190e+02	
  -1.7578224e-03	  -2.8859506e-05	  -8.6176881e-04	  -2.4231227e-06	  -2.2035724e-13	   2.2389210e+02	
  -4.9670204e-04	   1.3939289e-05	   7.8850186e-04	   2.8150089e-05	  -2.9254323e-13	   2.2387128e+02	
   4.2917175e-06	  -1.8614731e-05	  -1.2912213e-03	  -4.8147108e-05	   5.6988941e-14	   2.2384830e+02	
  -1.1144685e-03	  -9.3490288e-06	   9.4938557e-05	   1.9918162e-05	  -7.1426140e-13	   2.2389850e+02	
   1.7597180e-03	   4.8507748e-05	   6.3293381e-04	   1.1027132e-05	   1.3297420e-13	   2.2383777e+02	
   3.9779791e-04	   1.2489420e-05	   1.8558458e-03	  -8.9405426e-06	  -5.7368868e-13	   2.2387431e+02	
   3.7354967e-03	   5.0971744e-05	  -1.1807727e-03	  -3.4935825e-05	  -6.8386730e-14	   2.2386396e+02	
  -1.2449754e-04	   1.1568311e-05	   1.2381064e-03	   1.0577025e-04	   2.3555429e-13	   2.2379331e+02	
  -1.0184103e-03	  -1.4274978e-05	  -1.6855777e-03	   4.8299324e-06	  -2.9254323e-13	   2.2390852e+02	
  -1.8594142e-03	   7.8153379e-05	  -3.6530346e-03	   1.9811745e-04	   1.5918911e-12	   2.2359098e+02	
  -6.6697217e-04	  -2.8686828e-05	  -1.4731005e-03	  -2.8646149e-05	  -1.3297420e-13	   2.2387764e+02	
   9.8214538e-04	   2.8973073e-05	  -2.2805252e-04	  -2.8003365e-05	  -1.0106039e-12	   2.2392351e+02	
   4.0703126e-04	   3.0715751e-05	   1.0570753e-03	   3.6937001e-05	   1.5197051e-13	   2.2383449e+02	
  -1.2005823e-03	   3.2749116e-06	   8.1469669e-04	   2.1776661e-05	  -5.3949531e-13	   2.2388184e+02	
  -8.5496686e-04	  -5.6000615e-05	  -2.9174010e-04	   2.4911965e-06	   3.7612701e-13	   2.2379904e+02	
  -7.2326570e-04	   1.5370347e-05	   1.5368221e-03	   9.9491262e-06	  -5.4329457e-13	   2.2387701e+02	
  -5.5883366e-04	  -5.5211704e-05	  -6.9088170e-04	   1.2742316e-05	  -8.1304223e-13	   2.2397848e+02	
   1.2962040e-03	  -4.5370997e-06	  -3.4442087e-04	  -7.7819801e-06	  -9.4981569e-13	   2.2387705e+02	
   2.7742795e-04	   1.3911470e-06	  -5.5032046e-04	  -4.5379774e-05	   4.3311595e-13	   2.2378323e+02	
   3.0367735e-03	   1.3186030e-04	   4.4926199e-04	   3.6967473e-06	   9.1942159e-13	   2.2365712e+02	
   2.2792966e-03	   5.0861961e-05	   2.1791448e-05	  -5.8993879e-06	   5.4329457e-13	   2.2377339e+02	
   1.5343228e-03	  -2.4039494e-06	  -4.8041781e-04	  -1.5536359e-05	  -6.7246951e-13	   2.2388282e+02	
  -1.7694199e-03	  -4.1000471e-05	   3.1707163e-04	   1.7165284e-05	   7.5985255e-15	   2.2385752e+02	
  -2.9628039e-03	  -1.3465101e-04	  -3.6200711e-04	   4.5763564e-07	   9.3841790e-13	   2.2365212e+02	
   2.1971391e-03	  -9.3404459e-06	  -3.0946908e-04	  -1.2275915e-05	  -3.7992628e-13	   2.2391752e+02	
   5.8814243e-04	   3.2153727e-05	   8.7337985e-04	   2.5611319e-06	  -8.8522822e-13	   2.2390920e+02	
   3.8493040e-03	   5.6572951e-05	  -1.0506108e-03	  -3.3557060e-05	  -3.4193365e-14	   2.2386030e+02	
   8.6580844e-04	   3.3826063e-05	   3.4087440e-03	   8.3372046e-05	   1.2347603e-12	   2.2359219e+02	
  -5.0035488e-05	   3.9092094e-06	   1.0018561e-04	  -1.3880486e-05	   2.7886589e-12	   2.2312800e+02	
  -1.3677025e-03	  -3.7638661e-06	  -1.1532100e-03	   9.9172079e-06	  -5.9268499e-13	   2.2387451e+02	
   4.7566746e-04	   2.9496506e-05	   1.1108446e-03	   3.5531170e-05	   1.5956904e-13	   2.2382979e+02	
   4.6756586e-05	  -1.8354823e-05	  -1.6057589e-03	  -8.8971161e-06	  -5.3569605e-13	   2.2387756e+02	
  -1.0428104e-03	  -4.0127957e-05	  -1.0476255e-03	  -2.5195135e-05	   1.2157641e-13	   2.2384182e+02	
  -3.5388424e-04	   3.5301047e-06	   7.3748692e-04	   6.7952757e-05	   2.2795577e-14	   2.2382887e+02	
  -6.6170423e-04	  -3.5199765e-05	   2.6166036e-04	   3.3635277e-05	   4.9390416e-13	   2.2377298e+02	
   3.0047814e-04	  -2.8371547e-06	  -1.5539058e-03	  -3.2264642e-05	  -9.2322085e-13	   2.2388200e+02	
   1.2313611e-03	   1.8050622e-05	   1.0122740e-03	  -5.6163777e-06	  -1.7096682e-13	   2.2388830e+02	
  -1.2043200e-03	  -1.3432243e-05	  -8.3389246e-04	   7.8043246e-06	  -5.9648425e-13	   2.2388552e+02	
   1.8768095e-04	   1.0928214e-05	   1.6270825e-03	   5.2161139e-05	   2.0895945e-13	   2.2382216e+02	
  -1.0366563e-03	   5.6088640e-06	   9.1675340e-04	   2.0804244e-05	  -6.9146582e-13	   2.2389120e+02	
  -2.5277444e-04	   5.0273976e-06	   1.4444702e-03	   4.7195025e-05	   5.6988941e-14	   2.2385040e+02	
  -1.0597070e-04	   2.1129586e-05	   1.2878250e-03	   1.4450130e-05	  -7.7504960e-13	   2.2389648e+02	
  -9.9172003e-04	  -1.2743608e-05	  -9.3012125e-04	   2.2645524e-05	  -8.1684149e-13	   2.2396410e+02	
   1.2465844e-03	   1.0231973e-05	   1.0855497e-03	  -9.3210561e-06	  -6.0028352e-13	   2.2387885e+02	
  -6.1031817e-04	  -2.4584154e-05	   1.9986749e-04	   1.0163724e-05	   1.1625744e-12	   2.2362810e+02	
  -2.4347496e-03	  -2.1836427e-04	  -2.3746989e-03	  -1.7341313e-04	  -3.1115962e-12	   2.2423320e+02	
  -1.0969618e-03	  -2.8430141e-05	  -1.4746194e-03	  -1.8320130e-05	  -1.9376240e-13	   2.2388560e+02	
  -1.1496853e-03	  -1.0159734e-06	   4.9765549e-04	   2.0322760e-05	  -7.4085624e-13	   2.2389644e+02	
  -1.7056758e-03	  -5.7233315e-05	  -4.7661916e-04	  -1.2367247e-05	   2.2415650e-13	   2.2382014e+02	
  -6.7692249e-04	  -2.3204236e-05	  -7.2671929e-04	   5.0007472e-06	  -8.8142896e-13	   2.2391860e+02	
   1.9752988e-03	   7.0592443e-06	   1.3551966e-03	  -1.0374034e-06	  -3.0014176e-13	   2.2390869e+02	
  -3.4017003e-03	  -9.9829066e-05	   4.2181025e-04	   2.8258781e-05	   1.1549759e-12	   2.2361223e+02	
  -6.5034769e-04	   1.3722644e-05	   2.0922964e-03	  -8.5933156e-07	  -4.1791890e-13	   2.2391897e+02	
  -6.1235479e-04	  -3.5546654e-05	  -7.3388637e-04	  -7.8419194e-06	  -9.7641048e-13	   2.2392359e+02	
   1.1902633e-03	   4.1884142e-05	   3.9244848e-04	   3.7520921e-06	   1.5197051e-13	   2.2383153e+02	
   3.3047316e-04	   5.3842258e-05	   8.8752366e-04	   4.6186493e-05	  -2.6594839e-14	   2.2383797e+02	
  -4.9738686e-04	  -3.0685295e-05	  -1.3274609e-03	  -3.5305192e-05	  -1.5197051e-14	   2.2386043e+02	
   6.9139675e-04	   5.0416053e-06	   1.4760140e-03	  -1.0160917e-05	  -7.9784518e-13	   2.2387210e+02	
  -7.6629988e-04	  -7.0669619e-06	   1.9177006e-03	   3.7115306e-05	  -7.5985255e-14	   2.2387740e+02	
   4.8742705e-04	   5.0392316e-05	   8.7539649e-04	   1.7867267e-05	  -2.2415650e-13	   2.2386597e+02	
   6.8470837e-04	   3.2154870e-05	   2.0685148e-04	  -9.2818760e-06	   2.2415650e-13	   2.2382533e+02	
   1.0348940e-03	  -8.8799842e-06	  -1.1927276e-03	  -1.6817581e-05	  -6.2687836e-13	   2.2388225e+02	
   6.7285196e-05	  -1.6014887e-05	  -2.1436382e-03	   6.7313744e-06	  -3.9132406e-13	   2.2391946e+02	
  -3.8713290e-04	  -2.2036832e-05	  -1.1708612e-03	  -3.2572950e-05	  -9.9540684e-13	   2.2390499e+02	
  -8.4995165e-04	  -1.4221417e-05	  -1.7930332e-03	   4.7426415e-06	  -3.0774028e-13	   2.2391141e+02	
  -6.0386754e-04	  -1.8552960e-05	  -1.3352998e-03	  -1.5608771e-06	  -5.0530195e-13	   2.2388016e+02	
  -1.0676449e-03	  -1.1278114e-05	   3.4394770e-03	   9.0430962e-05	  -7.2185992e-14	   2.2386343e+02	
  -1.4276918e-03	  -4.2154387e-05	  -7.1928357e-06	   1.1483894e-05	   1.1397788e-14	   2.2385801e+02	
  -2.2296214e-04	  -8.0390990e-06	  -8.3236204e-04	   1.2105595e-06	  -1.0296003e-12	   2.2391190e+02	
  -1.7378539e-03	  -1.2383330e-05	  -3.6102143e-04	   1.1910824e-05	  -2.2035724e-13	   2.2389723e+02	
   1.5983396e-03	   1.5838757e-05	  -3.3527962e-03	  -7.0934607e-05	   1.2271619e-12	   2.2359881e+02	
  -8.2320250e-04	  -3.7065539e-05	  -5.3997723e-04	  -2.2600255e-05	   6.9906435e-13	   2.2373877e+02	
   3.4598724e-04	   9.7388321e-06	  -1.5540530e-04	  -1.9866725e-05	  -1.2651545e-12	   2.2391474e+02	
  -2.2375572e-04	  -2.8620730e-05	  -1.1643396e-03	  -4.4707112e-05	   1.2157641e-13	   2.2384445e+02	
   2.7550749e-04	  -8.8608238e-06	  -8.1697495e-04	  -6.8595651e-06	  -9.1182306e-13	   2.2390664e+02	
  -9.6290036e-04	  -4.2785486e-05	  -4.8261044e-04	  -7.4338119e-06	   2.5075134e-13	   2.2382666e+02	
   8.0857486e-04	  -3.3991556e-05	   4.1202199e-03	  -2.8160821e-04	   1.4133257e-12	   2.2367118e+02	
   1.2902189e-03	   1.4840140e-05	   1.0984732e-03	  -6.8665491e-06	  -2.6974766e-13	   2.2390247e+02	
   1.0112881e-03	   3.2723984e-05	  -8.2296427e-05	  -2.4732964e-05	  -9.6501274e-13	   2.2392441e+02	
   6.2590969e-04	   3.3542802e-05	   3.2934218e-03	   9.3909605e-05	  -1.2157641e-13	   2.2387155e+02	
  -4.4980477e-04	  -3.2842016e-06	   9.2333167e-04	   4.0630736e-05	  -1.0144032e-12	   2.2392067e+02	
  -1.1565353e-03	  -3.9917580e-05	  -1.1901339e-03	  -3.2764588e-05	   1.6716756e-13	   2.2383274e+02	
   3.4168744e-03	   1.0893396e-04	   1.6914028e-04	  -1.0108694e-05	   1.0979869e-12	   2.2362470e+02	
  -2.0238392e-03	  -1.3626670e-06	   7.3674827e-04	   1.2909230e-05	  -3.4193365e-13	   2.2391102e+02	
   6.6291154e-04	   1.8987280e-05	   1.2439881e-03	  -2.0663252e-06	  -7.2565919e-13	   2.2389075e+02	
   1.0667413e-03	   3.9117830e-05	  -5.4070682e-04	  -2.7604304e-05	   4.5591153e-13	   2.2378286e+02	
   6.1686353e-04	   6.5375422e-05	   1.2395140e-03	   8.2522688e-05	   2.9254323e-13	   2.2377537e+02	
   7.4199670e-04	   1.0931117e-05	  -1.6574436e-03	  -4.7396197e-05	   8.5863338e-13	   2.2370028e+02	
  -4.1821364e-03	   1.4773253e-04	  -1.6066586e-04	   2.4787669e-05	   1.4513184e-12	   2.2361425e+02	
   4.6374281e-04	  -3.2402532e-06	  -3.0543712e-03	  -9.5154604e-05	  -2.5834987e-13	   2.2388748e+02	
  -1.7766603e-03	   7.5829595e-06	   4.0745455e-04	   1.0537728e-05	  -6.1548057e-13	   2.2387314e+02	
   1.9235521e-03	  -5.7864198e-05	   8.9891008e-04	  -4.0176180e-05	  -8.7762970e-13	   2.2396153e+02	
   2.3177308e-05	   1.8118103e-05	   1.6655570e-03	   3.4605381e-06	  -5.3949531e-13	   2.2387580e+02	
  -7.5750737e-04	  -3.3531148e-05	  -1.2784517e-03	  -3.3031812e-05	   9.4981569e-14	   2.2384672e+02	
  -2.7962628e-04	  -4.0759868e-06	   2.3923480e-04	   1.1717094e-05	  -1.2765523e-12	   2.2390210e+02	
   1.8071408e-03	   1.6873655e-06	   1.0033062e-03	  -1.2804373e-05	  -3.6092996e-13	   2.2391699e+02	
  -5.3671098e-04	  -1.9430138e-05	  -1.3867641e-03	  -3.7243258e-06	  -5.2809752e-13	   2.2388055e+02	
  -5.2673913e-04	  -1.4913614e-05	  -2.0772879e-03	  -5.0987479e-06	  -3.3053586e-13	   2.2391045e+02	
  -1.1940986e-03	  -1.5565304e-05	  -7.2907255e-04	   7.6272490e-06	  -5.3949531e-13	   2.2388319e+02	
  -2.4108379e-03	  -5.0838483e-05	   1.1295522e-04	   1.4267183e-05	  -2.3555429e-13	   2.2389188e+02	
   8.1092388e-04	   3.5414353e-05	   5.9775553e-04	  -5.7715729e-06	  -8.5483412e-13	   2.2391676e+02	
   6.1871362e-04	   2.4928896e-05	   3.4264838e-06	  -2.6435728e-06	   9.4601643e-13	   2.2367699e+02	
  -1.3542961e-03	   6.2574026e-05	   1.6852351e-03	  -6.0305044e-05	  -3.1609866e-12	   2.2404688e+02	
  -1.1001723e-03	  -1.7709878e-05	  -1.3875221e-03	   3.1692245e-06	  -2.4315282e-13	   2.2390042e+02	
  -1.1031047e-03	  -2.9401416e-06	  -1.2421291e-03	   8.1657326e-06	  -7.1426140e-13	   2.2387204e+02	
  -1.5567030e-03	  -4.7917815e-05	  -5.8181261e-04	  -1.1885988e-05	   1.1017862e-13	   2.2384194e+02	
  -6.1394586e-04	  -7.5772767e-06	   1.0357189e-03	   3.9379780e-05	  -9.6501274e-13	   2.2390233e+02	
   1.3934388e-03	   1.8899241e-05	  -1.3836188e-03	  -3.5187158e-05	  -5.6988941e-14	   2.2387155e+02	
   2.9464242e-04	  -9.2567951e-06	  -4.0628881e-04	  -7.1720838e-06	  -1.1777715e-12	   2.2390359e+02	
  -8.8468208e-04	  -1.8733598e-05	  -1.4898837e-03	   3.3858136e-06	  -6.0788204e-13	   2.2393954e+02	
  -2.7903328e-03	  -9.8485095e-05	  -2.2583938e-03	  -5.8571176e-05	   9.8400910e-13	   2.2365317e+02	
   4.7158123e-04	  -5.8958170e-06	  -3.3776776e-03	  -7.9935774e-05	  -2.1655798e-13	   2.2388245e+02	
   2.4049013e-04	   2.5360834e-06	  -2.8889702e-04	  -1.3742976e-05	  -1.2765523e-12	   2.2390224e+02	
   2.6074036e-04	  -1.1530430e-05	  -3.6636392e-03	  -6.9084331e-05	  -1.4437198e-13	   2.2387202e+02	
  -5.9573519e-04	  -4.8801283e-06	   3.7974137e-04	   3.1722859e-05	  -8.7383043e-13	   2.2392406e+02	
   1.1741960e-03	   1.2676241e-05	  -1.5509783e-03	  -3.7751591e-05	  -6.8386730e-14	   2.2387272e+02	
   2.6165453e-04	  -7.4897856e-06	   2.1652098e-04	  -1.7813647e-05	  -3.0318117e-12	   2.2421915e+02	
  -1.4160111e-04	   7.7619899e-06	   2.0952942e-03	   2.2077548e-05	  -2.3555429e-13	   2.2390026e+02	
   2.1916869e-03	  -1.2430603e-04	  -3.7655789e-03	   1.7317433e-04	   1.3639354e-12	   2.2365628e+02	
   1.6303907e-03	   4.0706342e-06	   1.1730087e-03	  -1.2179078e-05	  -3.6472923e-13	   2.2391734e+02	
  -5.3165532e-04	  -9.1467017e-06	  -9.7870053e-04	   1.5330979e-06	  -8.2064076e-13	   2.2388818e+02	
  -1.1769400e-03	  -6.6717075e-08	   1.6716559e-03	   2.1427164e-05	  -3.0394102e-13	   2.2390584e+02	
  -7.7391333e-04	  -1.9711478e-05	   3.8864008e-04	   7.4022405e-06	  -9.3461864e-13	   2.2408615e+02	
   1.0029303e-03	   1.6396030e-05	   1.2684288e-03	  -4.6067003e-06	  -2.6974766e-13	   2.2390212e+02	
  -1.1024919e-03	  -3.3325635e-05	   1.7638725e-04	   2.4290165e-05	  -9.1942159e-13	   2.2391343e+02	
   1.2430391e-07	  -1.9701508e-05	  -2.3651080e-03	  -9.5397810e-05	  -5.2809752e-13	   2.2392494e+02	
   8.7899637e-06	  -1.8580488e-05	  -1.5038512e-03	  -1.1111216e-05	  -4.6351006e-13	   2.2387578e+02	
  -2.0784675e-03	   9.6443838e-06	   3.7206034e-04	   1.0686138e-05	  -3.7232775e-13	   2.2391948e+02	
  -3.0360217e-04	   1.1220775e-05	   2.0315465e-03	  -3.2885052e-05	  -2.6518854e-12	   2.2407065e+02	
  -1.0044362e-04	  -2.2357321e-05	  -1.2905218e-03	  -4.6664592e-05	   8.7383043e-14	   2.2384482e+02	
  -1.4988990e-05	   2.1198187e-05	   1.5282711e-03	   1.3994732e-05	  -5.2049900e-13	   2.2387582e+02	
  -2.0751624e-03	   4.6291276e-06	   6.4717880e-04	   1.0827983e-05	  -3.6852849e-13	   2.2391650e+02	
   4.9930562e-04	   6.9431336e-06	  -8.6608314e-04	  -4.3685640e-05	  -9.6501274e-13	   2.2392443e+02	
   2.1532946e-04	   8.9804827e-06	   7.8585139e-04	   3.5794814e-05	   5.2809752e-13	   2.2376957e+02	
   3.4172880e-03	  -1.8598462e-04	  -2.8123379e-03	   1.2566022e-04	   1.3145449e-12	   2.2367394e+02	
   1.3187018e-03	   2.6964189e-05	  -9.3572983e-04	  -3.5268165e-05	   3.0394102e-14	   2.2385656e+02	
   2.4517639e-03	   3.5679045e-05	  -2.8769932e-03	  -6.6550799e-05	   1.1701729e-12	   2.2361159e+02	
  -9.3376069e-04	  -5.7162356e-05	   2.0386222e-04	   3.0151254e-05	   4.7110858e-13	   2.2378094e+02	
   1.4535464e-03	  -2.3346554e-07	   4.9319654e-04	  -9.5844449e-06	  -7.9404592e-13	   2.2387683e+02	
  -1.5289228e-03	  -2.8973415e-05	   7.4755280e-04	   2.7202383e-05	  -1.0637936e-13	   2.2387343e+02	
   8.3337889e-04	   3.1371435e-05	   3.3392462e-04	  -1.5053148e-05	  -8.3583781e-13	   2.2392137e+02	
  -1.0355160e-03	  -1.8285132e-05	   1.2713689e-03	   4.0761030e-05	  -3.7992628e-15	   2.2385863e+02	
   4.0870064e-03	  -2.1310861e-04	   1.5276968e-03	  -1.0283625e-04	   1.3297420e-12	   2.2367347e+02	
  -1.6254470e-03	  -2.7827548e-05	   7.2140432e-04	   2.4968288e-05	  -1.4437198e-13	   2.2387995e+02	
   1.7640857e-03	  -7.4660961e-05	   3.9056512e-03	  -2.1301278e-04	   1.3753331e-12	   2.2365836e+02	
  -2.1130539e-04	  -1.5046576e-05	  -1.9555782e-03	  -3.3682559e-05	  -1.0637936e-13	   2.2388004e+02	
  -5.0836957e-04	  -3.3498570e-05	  -1.0127425e-03	  -9.9348604e-06	  -3.6852849e-13	   2.2387445e+02	
   1.5059778e-03	   2.9546861e-05	   9.9722258e-04	   7.9826240e-06	  -2.1655798e-13	   2.2388965e+02	
   1.4174138e-03	   8.7289290e-05	  -5.3536740e-04	  -6.0128304e-05	   2.3175503e-13	   2.2378523e+02	
   4.4885055e-04	   2.2292173e-05	   1.4282417e-03	   3.1483195e-05	  -1.1397788e-13	   2.2387603e+02	
   8.8588485e-04	   2.9062375e-05	   2.7029591e-04	  -2.1193185e-05	  -3.1533881e-13	   2.2387760e+02	
  -8.2157760e-04	  -4.7328106e-05	   5.2253398e-04	   4.7644472e-05	   5.0910121e-13	   2.2377329e+02	
   1.8255479e-04	   2.0405599e-05	   1.5154960e-03	   6.3591703e-06	  -4.9770342e-13	   2.2387482e+02	
   8.6822153e-04	   3.5698588e-05	   6.2259233e-04	   1.3667775e-05	   1.8236461e-13	   2.2383589e+02	
   2.1167542e-04	  -4.3365888e-06	  -1.3327543e-03	  -4.1032961e-05	  -9.1942159e-13	   2.2389791e+02	
  -6.1975374e-04	  -4.9916623e-05	  -7.5888411e-04	  -2.6923195e-05	   3.2673660e-13	   2.2381094e+02	
  -1.5333589e-03	  -1.1402147e-04	  -1.1197508e-03	  -5.7860912e-05	   3.0014176e-13	   2.2377309e+02	
   1.2255041e-03	   1.1672743e-05	  -3.0454422e-03	  -7.6562786e-05	  -2.8874397e-13	   2.2388961e+02	
   1.3429950e-03	   4.9321342e-05	  -2.5287718e-03	  -1.2821511e-04	   7.7504960e-13	   2.2368331e+02	
   4.8690443e-04	  -1.4737053e-05	  -2.1299197e-03	  -3.7998239e-06	  -3.7612701e-13	   2.2391658e+02	
   2.4071713e-04	  -2.2665424e-05	  -7.2682635e-04	  -5.0381817e-05	  -1.0258009e-13	   2.2384858e+02	
   4.6451834e-04	   3.2619807e-05	   9.4615987e-04	   3.1723556e-05	   2.0895945e-13	   2.2383098e+02	
   9.1420823e-04	   2.3505633e-05	   1.1326232e-04	  -2.5206585e-05	  -3.1533881e-13	   2.2387762e+02	
  -9.2907197e-04	  -5.9359870e-05	  -2.6966542e-05	   1.7138812e-05	   4.7110858e-13	   2.2378108e+02	
  -9.4223647e-04	  -2.6030037e-05	  -3.1876785e-04	   1.5808981e-05	  -3.7232775e-13	   2.2388145e+02	
   2.9824589e-04	  -6.3715218e-06	  -8.2861082e-04	  -4.4662991e-05	   3.0774028e-13	   2.2381364e+02	
  -2.6218096e-05	   4.2386702e-06	   2.8741716e-04	   1.5272726e-06	  -1.2423590e-12	   2.2389263e+02	
   2.1650364e-04	  -4.0891549e-06	  -5.5484579e-04	  -4.4324400e-05	   5.1290047e-13	   2.2376863e+02	
   3.5623108e-04	   2.7560084e-05	   1.2827128e-03	   1.0023600e-05	  -4.1411964e-13	   2.2387374e+02	
  -7.8078157e-04	  -5.5817617e-05	  -5.4967956e-04	  -1.3227283e-05	   3.4573291e-13	   2.2380648e+02	
  -1.6812723e-03	  -9.0540368e-05	  -2.5082315e-03	  -1.0633509e-04	   6.8766656e-13	   2.2369979e+02	
   2.2787039e-03	   8.5316763e-05	   1.6858313e-03	   4.0694735e-05	  -3.7992628e-13	   2.2390265e+02	
   1.1618662e-04	   1.1734038e-05	   1.7202164e-03	  -5.2886858e-06	  -7.0666287e-13	   2.2386998e+02	
  -6.3227116e-04	  -3.2770508e-05	   7.5946841e-05	   2.3812076e-05	   4.9390416e-13	   2.2377486e+02	
   6.3724094e-04	   3.0650012e-05	   9.9067558e-04	   3.3433050e-06	  -5.5849163e-13	   2.2388458e+02	
   1.6963699e-03	   4.0802331e-05	   1.6092795e-04	  -3.6014681e-06	  -2.2795577e-14	   2.2386239e+02	
  -2.0048673e-04	  -4.7773678e-05	  -8.1863851e-04	  -4.0447468e-05	  -7.9784518e-14	   2.2384494e+02	
  -1.8042329e-03	  -4.1428385e-05	  -2.1159188e-04	   1.4716242e-06	  -5.6988941e-14	   2.2386887e+02	
   1.3934149e-03	   1.0245878e-04	   4.3159465e-04	   4.6607208e-06	   1.9376240e-13	   2.2379071e+02	
   2.0800720e-03	  -6.7772883e-06	   3.4391018e-04	  -1.4099947e-05	  -3.8752480e-13	   2.2392153e+02	
  -8.7046376e-04	  -1.7958259e-05	  -4.9560164e-04	   9.6071785e-06	  -7.3325771e-13	   2.2391184e+02	
  -1.0696353e-03	  -1.7615120e-05	   1.3035519e-03	   3.9218443e-05	  -3.4193365e-14	   2.2386462e+02	
  -9.9743493e-04	  -5.8985001e-05	   9.5946721e-04	   8.7832878e-05	   2.8114544e-13	   2.2377572e+02	
   8.6093374e-04	   3.1468343e-05	   1.7834636e-04	   1.2920841e-06	   2.2795577e-13	   2.2382946e+02	
  -1.0357727e-03	  -2.6529143e-05	   6.1121478e-04	   3.4335328e-05	  -8.7383043e-13	   2.2390163e+02	
  -7.8996970e-04	  -3.0102982e-05	   1.0492642e-04	   2.0617238e-05	   2.8874397e-13	   2.2381683e+02	
  -9.3821584e-04	  -5.2350836e-06	   5.1549821e-04	   2.8569987e-05	  -5.1669974e-13	   2.2388654e+02	
   3.1893962e-04	   2.9030879e-05	   1.0325926e-03	   3.8528071e-05	   1.8236461e-13	   2.2383374e+02	
   9.8014140e-04	   3.7031111e-05	   2.2982092e-04	  -1.5922585e-05	  -8.8902749e-13	   2.2392167e+02	
  -1.4717016e-03	  -1.1014425e-05	  -1.1093946e-03	   9.0464086e-06	  -2.9254323e-13	   2.2390944e+02	
   3.1847446e-04	   4.9841820e-05	   1.0278381e-03	   7.0342538e-05	   1.2917493e-13	   2.2381069e+02	
   2.3790288e-04	   1.2382559e-05	   6.2681674e-04	   1.9102089e-05	   2.9254323e-13	   2.2381429e+02	
  -1.4163807e-03	  -1.1137312e-05	  -1.2756824e-04	   1.3650907e-05	  -4.7490785e-13	   2.2387611e+02	
  -2.7026111e-03	  -7.1357233e-05	  -1.9571250e-03	  -3.0075372e-05	  -2.5834987e-13	   2.2388736e+02	
   1.4145806e-03	   2.3165954e-07	  -7.7400223e-04	  -1.8463604e-05	  -4.9010490e-13	   2.2387192e+02	
   1.1229403e-03	   3.0460667e-05	   1.1956682e-03	   2.5964814e-05	  -5.3189679e-14	   2.2386656e+02	
   1.9809496e-05	  -2.1636121e-05	  -7.8877122e-04	  -3.1899899e-05	  -8.9282675e-13	   2.2392325e+02	
  -3.1817928e-03	  -7.2163809e-05	   7.3448426e-04	   3.6396099e-05	  -2.6974766e-13	   2.2388791e+02	
   1.7560237e-03	  -1.3359822e-06	   2.8079121e-04	  -1.0537896e-05	  -6.3447688e-13	   2.2387177e+02	
  -8.8742322e-04	  -8.5650403e-07	   3.3321291e-03	   6.8840533e-05	  -2.3555429e-13	   2.2388359e+02	
   1.9831365e-03	  -3.9601497e-05	   3.8398557e-03	  -1.1446551e-04	   1.3449390e-12	   2.2363482e+02	
   1.5439199e-04	   1.1481770e-05	   2.1234530e-03	   6.8426262e-07	  -3.9512333e-13	   2.2391860e+02	
  -6.2323480e-04	  -2.0709750e-05	  -1.2358237e-03	  -5.1824314e-06	  -4.1032038e-13	   2.2387216e+02	
   8.3197073e-04	   1.6358031e-05	  -1.8451408e-03	  -9.2129654e-05	  -7.4465550e-13	   2.2394719e+02	
  -3.5162899e-04	  -1.8230116e-05	   3.8963619e-04	   2.1153165e-05	   4.2171817e-13	   2.2378607e+02	
  -3.8861144e-03	   1.0250484e-04	  -2.0773732e-03	   7.5469585e-05	   1.2993479e-12	   2.2364785e+02	
  -1.6206351e-03	  -3.9265952e-05	   8.9470520e-06	   1.1342942e-05	  -5.6988941e-14	   2.2386830e+02	
   1.4003573e-03	   1.3811826e-05	   4.6666174e-04	  -1.0479284e-05	  -5.3569605e-13	   2.2387858e+02	
   8.7158856e-05	   9.3138107e-06	   9.2312037e-04	   3.5858475e-05	   1.2917493e-13	   2.2384816e+02	
   1.0765673e-06	   3.0654789e-05	   1.0626812e-03	   3.0500360e-05	  -3.3053586e-13	   2.2386920e+02	
  -1.6677060e-03	  -4.0414109e-05	  -3.1342677e-04	  -1.6735940e-06	  -8.3583781e-14	   2.2387229e+02	
  -4.3006199e-04	  -3.8984252e-05	  -9.1350013e-04	  -3.4049810e-05	   3.1533881e-13	   2.2381554e+02	
   5.7079810e-05	   8.7794935e-06	   3.1705080e-04	   1.5060500e-05	  -1.1549759e-12	   2.2388691e+02	
  -7.5705781e-04	  -1.4797551e-05	  -1.5963895e-03	   1.1288009e-05	  -7.2565919e-13	   2.2395190e+02	
  -2.3571654e-03	  -1.3618634e-04	  -8.1622564e-04	  -2.9189710e-05	   4.6730932e-13	   2.2373756e+02	
  -1.0642853e-03	  -2.8118128e-05	  -1.2231315e-03	  -2.7012220e-05	  -2.3175503e-13	   2.2389321e+02	
  -9.7519136e-04	   1.2098571e-06	   9.0086221e-04	   2.6698307e-05	  -4.9770342e-13	   2.2388000e+02	
  -4.5801758e-04	   3.1545956e-07	   1.4570915e-03	   4.3294475e-05	  -5.3189679e-14	   2.2386756e+02	
  -4.5596442e-04	   1.3444579e-05	   1.0024376e-03	   2.8339512e-05	  -6.2687836e-13	   2.2389272e+02	
   6.6612446e-04	  -1.7744239e-05	  -2.0736045e-03	   3.1543432e-06	  -4.1411964e-13	   2.2392339e+02	
  -1.3828724e-04	  -1.2004242e-05	  -1.5504252e-03	  -3.6828811e-05	  -8.6243265e-13	   2.2388883e+02	
   1.6186753e-03	   3.8709151e-05	   3.3411748e-04	  -6.0468532e-07	  -4.5591153e-14	   2.2386668e+02	
  -9.2030964e-04	  -2.1970479e-05	  -1.6974134e-04	   2.0021801e-05	  -4.2931669e-13	   2.2388893e+02	
  -1.8834433e-03	  -3.5366010e-05	  -5.7582431e-05	   6.8036870e-06	  -1.2157641e-13	   2.2388173e+02	
  -1.1070132e-03	  -7.4266989e-06	   4.0906663e-04	   2.2880715e-05	  -5.8128720e-13	   2.2388734e+02	
   6.1067843e-04	   3.0325839e-05	  -5.8317547e-04	  -5.1302084e-05	   5.0910121e-13	   2.2377096e+02	
  -8.8208943e-04	  -2.5232191e-05	  -3.7505568e-04	   1.4281417e-05	  -4.7490785e-13	   2.2389306e+02	
  -1.9632638e-03	   4.7720111e-06	  -7.7973695e-04	   1.4021034e-05	  -3.8752480e-13	   2.2392212e+02	
  -1.0726799e-03	  -2.4120006e-05	   3.3033230e-03	   1.1331209e-04	   9.9160753e-13	   2.2364444e+02	
  -8.5581436e-04	  -3.1020560e-05	   1.9193997e-04	   2.1793463e-05	   2.9254323e-13	   2.2381875e+02	
  -1.2529107e-03	  -1.7579085e-05	  -4.0826419e-04	   1.0365484e-05	  -4.2551743e-13	   2.2387347e+02	
  -5.9022586e-04	  -2.5746402e-05	   6.3109751e-05	   2.1867787e-05	   4.5591153e-13	   2.2378274e+02	
  -1.0456051e-03	  -1.3371815e-05	  -1.2043879e-03	   1.6276408e-06	  -4.9390416e-13	   2.2387141e+02	
  -7.5521125e-04	  -2.9060359e-05	   6.9958548e-05	   1.9632138e-05	   3.3053586e-13	   2.2380904e+02	
  -4.1135654e-03	   2.3121810e-04	   1.2337721e-03	  -4.8655578e-05	   1.3981287e-12	   2.2365147e+02	
  -2.8143090e-03	  -6.3496128e-05	   9.5143198e-04	   4.3319806e-05	  -4.2551743e-13	   2.2390685e+02	
  -4.8534866e-04	   1.2897188e-05	   9.1376833e-04	   3.5285133e-05	  -3.9892259e-13	   2.2387734e+02	
   3.3196502e-04	   3.9538465e-06	  -3.0675977e-04	  -1.6457877e-05	   1.9376240e-13	   2.2382977e+02	
   4.1777074e-03	  -1.6001621e-04	   1.6377223e-03	  -8.4089291e-05	   1.2727531e-12	   2.2366945e+02	
   1.5932738e-04	  -4.2233040e-06	  -5.4182165e-04	  -2.3400285e-05	   1.7096682e-13	   2.2383505e+02	
   7.6756039e-04	   2.7699440e-06	   2.3777141e-04	  -5.6250488e-06	  -1.0371987e-12	   2.2390458e+02	
  -6.4187623e-04	  -4.7445082e-05	  -7.5083518e-04	  -2.2938553e-05	   2.6974766e-13	   2.2382231e+02	
  -6.8030275e-04	   6.9894110e-06	   9.4069800e-04	   2.7945933e-05	  -5.9268499e-13	   2.2388805e+02	
  -9.2385567e-04	  -6.0024539e-05	  -5.9880178e-05	   1.5016215e-05	   4.9390416e-13	   2.2377722e+02	
  -2.9908732e-03	   8.8220518e-05	  -3.3081613e-03	   1.2439855e-04	   1.2613552e-12	   2.2366276e+02	
  -7.6985381e-04	  -4.3968949e-05	  -1.9552630e-04	   9.8197342e-06	   3.3433512e-13	   2.2380769e+02	
  -2.8869356e-04	  -3.2359888e-06	   2.5282332e-03	   1.3919002e-04	   4.5971079e-13	   2.2373687e+02	
  -1.0681509e-03	  -3.8029843e-05	   2.2813204e-04	   2.0893211e-05	   2.2795577e-13	   2.2382895e+02	
  -3.8059247e-03	   1.2952553e-05	  -1.7495850e-03	   2.5075002e-05	   1.3297420e-12	   2.2360219e+02	
   1.8916374e-03	   5.9517130e-06	  -7.6389843e-04	  -1.1299282e-05	  -5.0530195e-13	   2.2392803e+02	
   7.7701674e-04	   2.2557394e-05	   1.0416237e-03	  -4.0935034e-08	  -6.0028352e-13	   2.2388811e+02	
   1.0991343e-03	   3.8098494e-05	   5.5659584e-04	   9.4273837e-06	   9.4981569e-14	   2.2384313e+02	
  -7.7913797e-04	   6.1696884e-06	   1.0984022e-03	   2.8570982e-05	  -4.4071448e-13	   2.2387413e+02	
  -7.7519647e-04	  -4.3012128e-05	  -8.1967958e-04	  -2.0901436e-05	   1.4437198e-13	   2.2384409e+02	
  -1.9683794e-04	  -3.0704329e-05	  -1.9207217e-03	  -1.1497711e-04	   1.7096682e-13	   2.2378707e+02	
  -1.4549512e-03	   1.8972495e-05	   1.5116342e-03	  -1.2019250e-07	  -4.5211227e-13	   2.2392850e+02	
  -1.0069969e-03	  -2.5952589e-06	   7.6513707e-04	   2.8709172e-05	  -3.6472923e-13	   2.2386754e+02	
  -3.9690929e-05	  -4.9969097e-06	  -2.4981327e-04	  -5.8242372e-06	   1.4057272e-13	   2.2383715e+02	
  -2.9991490e-03	  -1.3601783e-04	  -5.3871413e-04	  -7.8660792e-06	   7.9024665e-13	   2.2367922e+02	
   6.0846958e-05	  -7.6849027e-06	  -5.3454922e-04	  -2.2411351e-05	   1.5197051e-13	   2.2383809e+02	
  -7.9751558e-04	  -4.8773424e-05	  -1.5448536e-04	   2.6831728e-05	  -1.5576977e-13	   2.2385454e+02	
  -2.1762674e-04	   6.1127145e-06	   1.6764266e-03	   3.8536089e-05	  -1.1017862e-13	   2.2387676e+02	
   4.9116147e-04	   5.7373124e-06	  -1.1206086e-03	  -4.3457575e-05	  -9.2702011e-13	   2.2391137e+02	
  -1.0766816e-03	   1.4411013e-05	   1.4550891e-03	   7.0004718e-06	  -4.1791890e-13	   2.2392453e+02	
  -6.8444706e-04	  -2.3661710e-05	  -1.1522972e-03	  -6.0054877e-06	  -3.8752480e-13	   2.2386908e+02	
   1.7804992e-04	  -8.0055086e-06	  -5.7993186e-04	  -4.3734691e-05	   4.8250637e-13	   2.2377542e+02	
   2.1834111e-03	  -9.4002843e-05	   3.8338509e-03	  -2.0418217e-04	   1.2841508e-12	   2.2368077e+02	
  -1.2269073e-03	  -1.1353420e-06	   1.6059827e-03	   2.1588580e-05	  -3.0014176e-13	   2.2390783e+02	
   6.1696106e-04	   6.3393078e-06	  -2.9719946e-04	  -3.1224541e-05	  -8.3963707e-13	   2.2392079e+02	
  -4.6919282e-05	  -2.0192224e-05	  -1.3031217e-03	  -4.7257841e-05	   1.1777715e-13	   2.2384102e+02	
   1.5544518e-03	  -9.0811034e-06	   1.6139541e-03	  -2.3667063e-05	  -3.9512333e-13	   2.2392678e+02	
  -9.8583228e-04	  -5.5969124e-05	   9.8901978e-04	   8.7095925e-05	   1.7856535e-13	   2.2379163e+02	
   1.9545079e-03	  -4.2839291e-06	   9.3240282e-04	  -1.4442199e-05	  -4.2171817e-13	   2.2392550e+02	
   2.1026115e-04	   5.4138539e-05	   3.2696365e-04	   8.8678613e-05	  -5.0150268e-13	   2.2429478e+02	
   1.4681022e-04	  -1.3252803e-05	  -1.0494475e-03	  -4.7606959e-05	   2.6214913e-13	   2.2382711e+02	
   9.2573085e-04	   3.4612146e-05	   6.9449702e-05	  -2.1378489e-05	  -8.6243265e-13	   2.2392269e+02	
  -1.0103276e-03	   2.8185349e-05	   1.4771944e-03	  -6.8341638e-06	  -9.0042527e-13	   2.2396642e+02	
   1.2729419e-04	   3.3280959e-05	   1.0718174e-03	   2.4905434e-05	  -4.0272185e-13	   2.2387429e+02	
  -8.4613747e-04	  -1.0546693e-05	  -1.7774425e-03	   1.1816859e-05	  -4.0652112e-13	   2.2392539e+02	
  -7.5063228e-04	   6.6381020e-08	  -6.9174623e-06	   6.7438415e-06	  -1.0220016e-12	   2.2390817e+02	
   1.3139885e-03	  -1.9509972e-05	  -1.7268773e-03	  -9.2607983e-07	  -4.2171817e-13	   2.2392633e+02	
   2.3170334e-04	   6.5033188e-06	  -3.4424224e-04	  -2.3813230e-05	  -1.2157641e-12	   2.2392079e+02	
  -1.2349942e-03	   1.7179699e-05	   1.5255705e-03	   5.9977442e-07	  -4.1791890e-13	   2.2392615e+02	
   2.5696569e-05	   2.7270896e-05	   1.0545581e-03	   7.9418138e-05	   3.0394102e-14	   2.2382578e+02	
  -1.1544676e-03	  -3.9987716e-05	   1.2605439e-04	   7.0344506e-06	  -1.8616388e-13	   2.2388953e+02	
   1.2513369e-03	   1.9439109e-06	  -9.2371025e-04	  -2.2001220e-05	  -3.8752480e-13	   2.2386480e+02	
  -2.9761666e-04	   5.0569612e-06	   1.9987390e-03	   1.6738193e-05	  -3.8372554e-13	   2.2391756e+02	
  -1.1529239e-03	  -2.7326810e-05	   7.0059522e-04	   3.3562287e-05	  -8.4723560e-13	   2.2389519e+02	
   1.8271672e-03	   1.9075985e-05	   8.4531418e-04	  -2.3787457e-06	  -3.0014176e-13	   2.2390818e+02	
   1.5971727e-03	   1.1016120e-04	   1.0364784e-03	   4.9375349e-05	   3.2673660e-13	   2.2376139e+02	
  -7.5066737e-04	  -5.5585328e-05	  -5.5159272e-04	  -1.4226543e-05	   3.8752480e-13	   2.2379887e+02	
  -3.3798355e-03	   1.0259456e-04	  -2.7280391e-03	   1.0644404e-04	   1.3981287e-12	   2.2362419e+02	
   1.7527567e-03	   4.7232895e-05	  -1.4759100e-03	  -7.0578718e-05	  -7.6745108e-13	   2.2394819e+02	
   7.0848436e-04	  -4.6558280e-07	  -4.8429103e-04	  -2.8841821e-05	  -7.2185992e-13	   2.2391243e+02	
   7.4763351e-04	   4.5379625e-05	   1.3402603e-04	  -1.2170030e-05	   4.3311595e-13	   2.2378771e+02	
  -4.2381305e-03	   1.8986029e-04	   1.2713009e-03	  -3.7160674e-05	   1.2955486e-12	   2.2366804e+02	
  -5.9447811e-05	   1.2811265e-05	   1.1442913e-03	   4.5848096e-05	   1.8236461e-13	   2.2383098e+02	
  -1.1808595e-03	   3.5576383e-06	   1.1608895e-03	   1.8029595e-05	  -4.6351006e-13	   2.2386652e+02	
   5.0751981e-04	   2.3117776e-05	  -7.5363637e-04	  -6.0061125e-05	   5.8508647e-13	   2.2375738e+02	
  -3.2312698e-04	   9.8003436e-07	   1.0804796e-03	   4.5387138e-05	  -8.7383043e-13	   2.2390785e+02	
  -1.1600069e-03	  -1.7949045e-06	   1.6584144e-03	   2.0110913e-05	  -3.1913807e-13	   2.2391227e+02	
  -4.8136282e-04	  -8.0758999e-06	   6.2199003e-04	   6.2647140e-05	  -1.0637936e-13	   2.2384672e+02	
   2.7806013e-04	  -4.9778870e-05	  -5.1992671e-04	  -2.5763592e-05	  -1.2423590e-12	   2.2401098e+02	
   8.9752168e-04	   6.7096783e-05	   4.8028997e-04	  -3.7277228e-06	  -1.6716756e-13	   2.2385738e+02	
  -9.5337465e-04	  -4.2594619e-05	  -8.0771246e-04	  -1.7853577e-05	   1.2157641e-13	   2.2384100e+02	
   3.0198708e-03	  -6.2891569e-05	   3.2037591e-03	  -9.2232827e-05	   1.2917493e-12	   2.2364272e+02	
  -1.1547841e-03	  -5.9649763e-06	   1.5450587e-03	   2.5420201e-05	  -2.8114544e-13	   2.2390691e+02	
  -8.6659214e-04	  -2.8825619e-05	   2.8807985e-04	   3.1904345e-05	  -8.5483412e-13	   2.2391697e+02	
   3.5285824e-04	   1.3262369e-06	  -4.4434318e-04	  -3.6950770e-05	   4.5591153e-13	   2.2378161e+02	
   1.4796440e-04	  -1.7502424e-05	  -1.4055375e-03	  -2.3003131e-05	  -2.9634250e-13	   2.2385985e+02	
   6.0039409e-04	   4.1644323e-05	   5.7947087e-04	   1.3607239e-05	   3.4953217e-13	   2.2380629e+02	
  -5.1972582e-04	   5.2340944e-06	   5.6649434e-04	   3.1996228e-05	  -7.4465550e-13	   2.2391492e+02	
   1.6994548e-03	   1.3687104e-05	  -9.7658404e-04	  -2.3955080e-05	  -2.3935355e-13	   2.2389971e+02	
   1.0528854e-03	   7.0588428e-05	   2.1814027e-04	  -1.9505807e-05	  -1.5956904e-13	   2.2385523e+02	
  -8.6099059e-05	  -4.8836553e-06	  -2.2638902e-05	  -6.6154130e-06	  -1.1777715e-13	   2.2387895e+02	
   8.6659090e-04	   3.0467270e-05	  -1.0814054e-04	  -2.7225114e-05	  -8.6623191e-13	   2.2392300e+02	
  -4.8177744e-04	   2.2847227e-06	   1.7391782e-03	   3.2522696e-05	  -2.2415650e-13	   2.2389556e+02	
   2.1125410e-03	  -1.6938463e-05	  -2.2384050e-04	  -1.2082675e-05	  -4.5211227e-13	   2.2393008e+02	
   8.7485478e-04	   7.2721015e-06	   6.7223369e-04	   6.2725986e-08	  -1.9680181e-12	   2.2412817e+02	
  -2.0577306e-03	  -1.2758316e-05	  -2.4063512e-04	   9.0273506e-06	  -3.1153955e-13	   2.2391141e+02	
  -4.3812416e-04	  -3.3922100e-05	  -3.1125019e-03	  -1.3057728e-04	   6.6487098e-13	   2.2370349e+02	
   2.4316695e-03	  -1.6422658e-05	  -6.7969154e-05	  -8.8756256e-06	  -2.9254323e-13	   2.2391548e+02	
   8.5821947e-05	  -2.9416783e-05	  -8.0334471e-04	  -5.4205904e-05	  -1.8616388e-13	   2.2385789e+02	
   5.2745202e-04	   1.9520238e-05	  -1.0225185e-05	  -1.9546099e-05	   3.8372554e-13	   2.2379691e+02	
   6.5394209e-04	   5.2078646e-06	   3.6731346e-04	  -1.1557587e-05	  -9.0422454e-13	   2.2387969e+02	
   6.2488762e-04	   2.6206007e-05	   6.3323052e-05	   2.0437751e-07	  -8.3583781e-14	   2.2387775e+02	
  -2.4524676e-03	  -1.1139239e-04	  -2.1071736e-03	  -7.4986290e-05	   6.4207541e-13	   2.2370693e+02	
   7.9600894e-04	   2.7708045e-05	   1.5433672e-04	  -7.7365535e-06	   2.2035724e-13	   2.2383169e+02	
   6.5581911e-04	   2.6336357e-05	   1.2055092e-03	   7.5976522e-06	  -3.6092996e-13	   2.2386589e+02	
   2.2220149e-04	  -1.7403100e-05	  -2.0610658e-03	   9.9301587e-06	  -4.4451374e-13	   2.2392930e+02	
   8.2214684e-04	   5.9925745e-05	   5.3982760e-04	  -2.9641329e-06	  -2.4695208e-13	   2.2386746e+02	
  -3.6737385e-04	   1.4035924e-05	   2.0986139e-03	  -7.1255150e-06	  -4.5971079e-13	   2.2392873e+02	
   2.1947664e-04	  -1.4043438e-05	  -6.3463018e-04	  -3.1479705e-05	  -8.6623191e-13	   2.2392453e+02	
   1.2060170e-03	   3.5156330e-05	   8.1393829e-04	   1.1590095e-05	  -6.0788204e-14	   2.2387151e+02	
  -3.5768687e-04	  -4.8782079e-06	   1.0803858e-03	   8.9112530e-05	   6.0788204e-14	   2.2381724e+02	
  -6.4074940e-04	  -5.1727055e-05	  -6.6380990e-04	  -2.2261074e-05	   3.9892259e-13	   2.2379760e+02	
   1.8714375e-04	  -8.1897359e-06	  -2.1432205e-05	  -7.5104713e-06	  -1.1853700e-12	   2.2391531e+02	
  -7.1532100e-04	  -1.6607923e-05	   1.9169510e-03	   5.7082702e-05	   3.2673660e-13	   2.2380975e+02	
  -3.7559885e-04	   1.5902500e-05	   1.1763708e-03	   2.8925466e-05	  -2.6594839e-13	   2.2385652e+02	
  -1.9326094e-03	   8.1312857e-06	  -8.8830576e-04	   1.5620065e-05	  -4.3311595e-13	   2.2392895e+02	
  -9.3170150e-04	  -2.5179016e-06	   8.1528849e-04	   3.0822861e-05	  -3.2293733e-13	   2.2386178e+02	
  -3.7915139e-04	  -1.5553846e-05	   3.9922587e-04	   1.7460536e-05	  -2.5834987e-13	   2.2390366e+02	
   8.4140011e-04	   2.9805059e-05	  -8.6781565e-05	  -2.6919404e-05	  -8.5863338e-13	   2.2392224e+02	
  -1.8644818e-04	  -1.1341738e-05	  -1.8999445e-03	  -1.9304005e-05	  -3.8372554e-13	   2.2391593e+02	
   1.0544961e-03	   2.1047526e-05	   9.9328968e-04	   2.7142501e-07	  -3.8752480e-13	   2.2386566e+02	
  -2.9879455e-05	   5.4415474e-06	   2.1416401e-03	  -1.7251257e-05	  -7.4465550e-13	   2.2394554e+02	
  -5.7114854e-04	  -1.4346860e-05	  -1.4824993e-03	  -7.1566279e-06	  -4.5211227e-13	   2.2386724e+02	
   1.7572812e-03	   2.0068411e-05	  -2.2985550e-03	  -5.8979059e-05	  -6.6107172e-13	   2.2392750e+02	
  -2.3844945e-04	  -5.7311712e-06	  -2.4560356e-04	   1.3058612e-05	  -1.0371987e-12	   2.2392517e+02	
  -9.1543018e-04	  -2.6573053e-05	  -8.2907462e-04	  -1.8286033e-05	  -3.0014176e-13	   2.2390409e+02	
   7.9113760e-04	   3.1810626e-05	  -2.1944086e-04	  -4.5746213e-05	  -3.0014176e-13	   2.2387210e+02	
   6.0207085e-04	   3.2907251e-05	   5.9221773e-04	   1.1188392e-05	   1.9376240e-13	   2.2383677e+02	
   2.9942318e-04	  -8.0522181e-08	  -8.8780821e-04	  -4.5080685e-05	  -9.1182306e-13	   2.2392249e+02	
   4.9733513e-04	   3.7912313e-05	   7.4192180e-04	   2.3661353e-05	   2.9634250e-13	   2.2381807e+02	
   1.3394175e-03	  -9.9848365e-06	  -1.4091136e-03	  -3.9566799e-06	  -5.8888573e-13	   2.2386310e+02	
  -8.6261242e-04	  -2.9518246e-05	   3.2091289e-04	   2.6283457e-05	   2.5455060e-13	   2.2382805e+02	
   6.4075985e-04	  -7.1079770e-06	  -7.1257168e-04	  -2.9940218e-05	  -6.2307909e-13	   2.2390427e+02	
  -4.7617107e-04	  -4.3006838e-05	  -8.1118503e-04	  -3.0201079e-05	   3.2673660e-13	   2.2381280e+02	
   2.4929098e-05	  -1.2829085e-05	  -9.3921439e-04	  -4.3178419e-05	  -9.1182306e-13	   2.2392196e+02	
   1.3679750e-03	  -3.6905191e-05	   2.7875047e-05	  -2.2408048e-05	  -1.3145449e-12	   2.2399012e+02	
  -2.8123225e-04	   1.9071557e-05	   7.3184310e-04	   4.5221494e-05	  -3.0014176e-13	   2.2387251e+02	
   1.9180675e-03	  -2.1959270e-05	  -9.1829778e-04	  -6.2783716e-06	  -4.6730932e-13	   2.2393231e+02	
  -2.2605288e-04	   2.3646998e-05	   4.3925553e-03	  -1.3229285e-04	   1.2841508e-12	   2.2365104e+02	
   5.4954403e-04	   7.5486355e-05	   4.7532423e-04	  -2.5778668e-06	  -1.3031472e-12	   2.2401357e+02	
   5.3316162e-04	  -6.8472371e-06	  -6.3567155e-04	  -2.7598291e-05	  -7.4085624e-13	   2.2391576e+02	
  -2.3050090e-03	  -7.4942271e-05	   3.9985238e-04	   3.5888285e-05	  -8.1304223e-13	   2.2394956e+02	
  -3.1548913e-04	  -4.8305511e-05	  -1.1024091e-03	  -7.2252436e-05	  -4.9390416e-14	   2.2383863e+02	
   5.7918687e-04	   2.4226171e-05	   1.4102320e-04	  -1.2238730e-05	   2.9634250e-13	   2.2381480e+02	
  -7.9469047e-04	  -1.2553119e-05	   1.1765241e-03	   4.0885187e-05	  -8.4723560e-13	   2.2389126e+02	
  -6.2621965e-04	  -3.3735315e-05	   7.0733770e-04	   5.7204116e-05	   5.9268499e-13	   2.2375726e+02	
  -3.9251997e-04	  -2.8684962e-05	  -9.9251428e-04	  -1.0973042e-05	  -6.3067762e-13	   2.2390349e+02	
  -1.8036414e-03	  -2.2585392e-05	  -8.5216426e-04	   6.5957006e-07	  -2.6214913e-13	   2.2390490e+02	
   8.2491078e-04	   2.7656485e-05	   4.2545284e-04	  -1.5358502e-05	  -6.2687836e-13	   2.2390384e+02	
  -1.5433897e-03	   3.7551443e-07	  -1.4681227e-03	   1.5995400e-05	  -4.2931669e-13	   2.2392773e+02	
   1.1547291e-04	  -1.0459787e-05	  -3.3306626e-03	  -1.2893818e-04	   5.4709384e-13	   2.2372296e+02	
  -2.5702004e-04	  -3.1840052e-05	  -9.8520027e-04	  -3.9550197e-05	   2.2795577e-13	   2.2383315e+02	
  -3.0954796e-04	   8.3966608e-06	   6.4792729e-04	   3.7127064e-05	  -8.3583781e-13	   2.2391985e+02	
  -1.6809817e-04	   1.3282808e-05	   2.0952935e-03	  -1.0151199e-05	  -4.7490785e-13	   2.2393184e+02	
   1.5079675e-03	   3.2283596e-05	  -3.4274704e-03	  -1.0937825e-04	   6.6107172e-13	   2.2370482e+02	
   2.8990875e-04	  -6.1661193e-06	  -6.2689607e-04	  -3.8876083e-05	   3.7232775e-13	   2.2380081e+02	
   8.8727736e-04	   7.6824513e-05	   8.1526450e-04	   3.2752325e-05	  -1.2157641e-13	   2.2384286e+02	
  -2.5425333e-04	   1.4778352e-07	   2.2169181e-03	   4.1272301e-05	   2.6594839e-14	   2.2386222e+02	
  -3.0972195e-03	  -1.3394415e-04	  -7.1007067e-04	  -1.4570718e-05	   5.3569605e-13	   2.2372351e+02	
  -2.1277960e-03	   5.9641171e-05	   9.6805358e-04	  -1.9706320e-05	  -8.6623191e-13	   2.2395361e+02	
   8.9860761e-04	   4.4202419e-05	  -3.1817814e-04	  -5.0794113e-05	  -2.5834987e-13	   2.2386730e+02	
   9.6644051e-05	  -3.3687261e-05	  -8.2815954e-04	  -6.9572119e-05	  -1.2119649e-12	   2.2401108e+02	
  -7.7345475e-04	  -2.2980367e-05	  -1.6298336e-04	   2.2646819e-05	  -6.0028352e-13	   2.2390218e+02	
   2.1305474e-03	  -1.6644780e-05	  -3.9695935e-04	  -1.0590190e-05	  -4.5211227e-13	   2.2393075e+02	
  -1.3095811e-03	  -1.9922109e-05	  -4.2201971e-04	   7.1565145e-06	  -3.5333144e-13	   2.2386398e+02	
   1.8658048e-04	  -8.7729008e-07	  -7.6292732e-04	  -5.8681494e-05	   5.8128720e-13	   2.2375713e+02	
  -1.6344874e-03	  -6.4587689e-05	   2.4237650e-03	   1.1887187e-04	   3.5713070e-13	   2.2375180e+02	
   2.9656731e-04	   1.0339353e-05	   1.9799052e-03	  -1.7373608e-05	  -5.1669974e-13	   2.2393635e+02	
  -3.3708221e-04	  -2.9922431e-05	  -3.7052909e-03	   1.4782865e-05	  -1.9794158e-12	   2.2410079e+02	
  -1.3602490e-03	  -5.0501195e-05	  -2.2518708e-03	  -4.8968120e-05	  -7.8264813e-13	   2.2394100e+02	
   8.5398645e-04	   1.0141818e-05	  -6.1853450e-05	  -2.0687177e-05	  -6.9906435e-13	   2.2391292e+02	
   4.9000208e-04	   4.4627606e-06	  -5.6775027e-04	  -3.6965551e-05	   3.3433512e-13	   2.2380885e+02	
   8.7169141e-04	   2.1026529e-05	  -8.1182608e-04	  -4.0394343e-05	  -8.9282675e-13	   2.2391042e+02	
  -1.1726060e-03	  -2.9007070e-05	  -6.3516415e-05	   2.8275510e-06	  -3.7612701e-13	   2.2391447e+02	
  -7.8764885e-04	  -8.4199043e-05	  -1.0179653e-03	  -6.7927236e-05	   3.6852849e-13	   2.2376861e+02	
   3.8985428e-04	  -1.7673864e-05	  -2.0872054e-03	   8.8114543e-06	  -4.5211227e-13	   2.2393061e+02	
  -7.5467444e-04	  -2.0932865e-06	  -9.0311697e-05	   6.0737345e-06	  -9.6501274e-13	   2.2391366e+02	
   2.3230114e-04	  -1.0094548e-05	  -7.6905304e-04	  -4.1295314e-05	   3.0774028e-13	   2.2381472e+02	
  -5.8251961e-04	  -2.5569293e-05	  -1.1226377e-03	  -1.0599919e-05	  -2.9254323e-13	   2.2385779e+02	
  -8.4117441e-04	  -2.4831904e-05	   1.2243066e-03	   8.6413891e-05	  -1.1245818e-12	   2.2398685e+02	
  -3.1717903e-03	  -1.3426251e-04	   8.6299609e-05	   1.9211507e-05	   5.8508647e-13	   2.2371611e+02	
   6.6815087e-04	   2.4366044e-05	   6.4770951e-05	  -1.2816891e-06	  -3.9132406e-13	   2.2392337e+02	
  -3.7580788e-03	   1.3377685e-04	  -2.3504376e-03	   1.0521640e-04	   1.2879501e-12	   2.2365896e+02	
   1.6539232e-04	  -2.0447888e-06	  -1.8243327e-04	  -9.8768820e-06	  -3.6472923e-13	   2.2391815e+02	
  -3.9351806e-03	   2.8181511e-04	   1.1424909e-03	  -6.0558437e-05	   1.5121066e-12	   2.2363775e+02	
   6.1239832e-04	   3.1598415e-05	   3.6087829e-04	  -1.6594818e-06	   2.1655798e-13	   2.2383073e+02	
  -3.6160612e-03	   2.0008533e-04	  -2.5872288e-03	   1.6648384e-04	   1.2727531e-12	   2.2369550e+02	
  -1.0953041e-03	  -2.7232153e-05	   3.2215304e-04	   1.0816658e-05	  -5.3189679e-13	   2.2393251e+02	
  -5.1896422e-04	  -7.7107041e-06	   6.2881774e-04	   4.1826710e-05	  -8.6243265e-13	   2.2391734e+02	
   5.3031349e-04	   1.1928310e-05	  -2.1585194e-04	  -2.5678631e-05	   2.7734618e-13	   2.2381789e+02	
   4.0948083e-04	   1.1572871e-05	   5.5564723e-04	  -6.2529712e-06	  -9.3081938e-13	   2.2392030e+02	
   1.5362978e-03	  -4.2379050e-06	   1.4353784e-03	  -1.8913477e-05	  -4.9010490e-13	   2.2393458e+02	
  -7.6838671e-04	  -2.0248758e-05	  -1.1724952e-03	  -7.7797327e-06	  -3.3813439e-13	   2.2386216e+02	
   3.9242596e-04	   3.1517405e-05	   9.1510734e-04	   3.1784559e-05	   1.5197051e-13	   2.2384586e+02	
   2.4133024e-04	  -9.4841651e-06	  -3.0672596e-04	  -1.1579806e-05	  -1.1017862e-12	   2.2391858e+02	
  -3.1083523e-04	   3.2235290e-06	   1.2228344e-03	   4.5899297e-05	   8.7383043e-14	   2.2384537e+02	
   7.6113903e-04	   4.0562348e-05	   6.5930678e-04	  -4.1812522e-07	  -7.8644739e-13	   2.2390979e+02	
  -1.4378408e-03	  -3.5222106e-05	   1.4306014e-03	   5.0545461e-05	  -3.1533881e-13	   2.2390261e+02	
  -2.8528330e-03	  -1.2737585e-04	  -1.2294485e-03	  -3.7858097e-05	   4.2171817e-13	   2.2374127e+02	
  -1.3824058e-03	  -3.3787800e-05	   2.5080281e-04	   1.6864300e-05	  -1.0637936e-13	   2.2388112e+02	
  -1.2419792e-03	  -7.0970549e-06	  -1.0812841e-03	   2.1705704e-06	  -6.3447688e-13	   2.2387049e+02	
   1.1381136e-03	   2.1101162e-05	  -9.3734347e-04	  -3.7467392e-05	   0.0000000e+00	   2.2386347e+02	
   7.4555882e-04	   2.8380823e-05	   4.8476971e-04	  -1.0359826e-05	  -7.2185992e-13	   2.2391417e+02	
  -5.7613141e-04	   4.0582626e-05	   5.3139969e-04	   1.4686527e-05	  -1.4209243e-12	   2.2401390e+02	
   7.4229390e-04	   3.8308544e-05	   6.4781866e-04	  -1.6012632e-06	  -7.5985255e-13	   2.2391253e+02	
   8.1048475e-04	   2.6437229e-05	   1.9590095e-05	  -3.4423897e-06	  -5.0910121e-13	   2.2393940e+02	
  -1.0699266e-03	  -8.0667402e-05	  -2.9977302e-04	   7.6427004e-06	  -1.4817125e-13	   2.2385069e+02	
   7.2477938e-04	   5.1437852e-06	   1.8940693e-03	  -1.9901705e-05	  -5.2049900e-13	   2.2393725e+02	
  -3.8833878e-03	   9.6984409e-05	   1.8760850e-03	  -2.6946158e-05	   1.3145449e-12	   2.2363157e+02	
   7.8614556e-04	   5.2363360e-07	  -1.4940569e-03	  -3.2709636e-05	  -2.7734618e-13	   2.2390259e+02	
  -1.1357051e-03	  -2.1482699e-05	  -7.2082759e-04	   1.2881484e-06	  -3.3813439e-13	   2.2386210e+02	
  -9.2246204e-04	  -2.0642657e-05	   8.6773216e-04	   3.7295564e-05	   1.1397788e-14	   2.2385826e+02	
  -2.8309443e-04	  -4.0516864e-05	  -1.3776868e-03	  -8.6353766e-05	  -6.8386730e-14	   2.2383077e+02	
  -8.4524742e-04	  -6.3070499e-05	  -1.4589531e-03	  -6.0700565e-05	  -1.0675928e-12	   2.2398237e+02	
   8.4286363e-04	   2.2136105e-05	  -7.3512458e-04	  -4.0737943e-05	  -8.8142896e-13	   2.2391490e+02	
  -3.8282718e-04	   2.6875138e-05	   3.1861859e-04	   5.3603070e-05	  -1.3981287e-12	   2.2401868e+02	
   1.9072644e-03	   3.4630190e-05	   4.0185126e-03	   2.0627337e-06	  -2.5569038e-12	   2.2426337e+02	
   2.2052332e-03	  -9.5339385e-05	  -1.0103583e-03	   3.0876416e-05	  -9.9920615e-13	   2.2396018e+02	
   4.6158728e-04	   5.2905090e-06	  -9.1096901e-04	  -4.5318631e-05	  -9.3081938e-13	   2.2391480e+02	
  -9.2220246e-04	  -3.3694868e-05	  -3.2665126e-05	   2.1585695e-05	  -4.2931669e-13	   2.2393633e+02	
   1.2521077e-03	  -1.8139967e-05	  -1.2557365e-03	   6.1088262e-06	  -2.2491636e-12	   2.2412807e+02	
  -9.7906402e-04	  -3.6897115e-05	  -7.9680403e-05	   9.7226679e-06	   9.4981569e-14	   2.2385775e+02	
  -9.2225797e-04	  -1.5036498e-05	  -3.7109388e-05	   1.8690841e-05	  -5.2809752e-13	   2.2389779e+02	
   3.4644385e-04	   3.4992442e-06	  -1.0814516e-05	  -6.2761079e-06	  -4.9010490e-13	   2.2393546e+02	
   6.1779928e-04	   3.2282199e-05	   8.6740523e-04	   3.0408343e-06	  -6.4587467e-13	   2.2389687e+02	
   1.0781157e-03	   1.6235664e-05	   2.0027179e-03	   1.9631800e-05	  -1.4817125e-13	   2.2388965e+02	
  -3.9090860e-03	   1.3394435e-04	  -5.6672854e-04	   3.8084929e-05	   1.6640771e-12	   2.2354190e+02	
  -2.0111567e-03	   1.5970904e-05	  -5.5807282e-04	   1.5657727e-05	  -4.9770342e-13	   2.2393672e+02	
   2.9308106e-04	   4.4909849e-05	   8.7046533e-04	   2.6360935e-05	  -4.3311595e-13	   2.2388634e+02	
   2.9920424e-04	   1.2562021e-05	   3.8506540e-04	   4.5791738e-06	  -5.6229089e-13	   2.2394445e+02	
  -3.6254871e-05	  -2.0247685e-05	  -8.5360238e-04	  -3.7746567e-05	  -9.3461864e-13	   2.2391521e+02	
  -1.4926820e-03	   6.8254904e-05	   1.8988175e-03	  -7.2518591e-05	  -1.0030054e-12	   2.2395836e+02	
  -5.4663616e-05	  -1.3864034e-05	  -3.2386753e-04	  -6.6862727e-06	  -1.1435780e-12	   2.2391766e+02	
  -3.4275196e-04	  -1.3786292e-05	  -1.8427820e-03	  -1.2855911e-05	  -4.4451374e-13	   2.2392402e+02	
  -7.0452242e-04	   4.5246349e-06	   9.1790705e-04	   3.1728971e-05	  -3.5713070e-13	   2.2386437e+02	
  -1.3115098e-03	  -2.2808165e-05	   7.5018010e-04	   2.5822319e-05	  -2.0895945e-13	   2.2389468e+02	
  -1.0521662e-03	   4.8911498e-05	   4.2022424e-03	  -1.2582276e-04	   1.3335413e-12	   2.2363939e+02	
  -2.0497737e-03	   8.1116970e-06	  -5.4532648e-04	   1.3028034e-05	  -4.4451374e-13	   2.2393069e+02	
   1.5750035e-03	   1.9580152e-04	   2.2066886e-03	   2.4464429e-04	  -2.0022115e-12	   2.2438023e+02	
  -2.8175313e-03	   7.2242886e-05	  -3.6701248e-04	   2.0712736e-05	  -6.1168130e-13	   2.2394290e+02	
  -6.1787738e-04	   7.1928741e-06	   1.0756879e-03	   3.1117969e-05	  -2.5834987e-13	   2.2385345e+02	
   3.0019372e-03	   4.6385086e-05	   7.1778900e-04	  -9.6095724e-06	  -6.3067762e-13	   2.2392145e+02	
  -6.6310174e-04	  -1.9876027e-05	   7.0395096e-05	   2.6643384e-05	  -7.9024665e-13	   2.2391797e+02	
  -1.5353528e-03	  -4.8771011e-06	  -5.4373626e-05	   1.5848730e-05	  -7.6365181e-13	   2.2395736e+02	
   2.4079406e-04	   2.8218093e-05	   1.2333468e-03	   1.8609914e-05	  -3.9892259e-13	   2.2386816e+02	
  -4.2971867e-04	   6.7864333e-07	   1.6045826e-03	   1.2255290e-05	  -7.4085624e-13	   2.2394584e+02	
  -4.3361179e-04	  -2.8356063e-05	  -1.0661345e-03	  -3.4595019e-05	  -9.1562233e-13	   2.2390617e+02	
   6.3773439e-04	   3.2889199e-05	   2.0942611e-04	  -9.7891712e-06	   3.2293733e-13	   2.2380965e+02	
  -1.3468606e-04	   1.0682681e-05	   9.6549348e-04	   4.4533650e-05	  -9.0422454e-13	   2.2391809e+02	
   9.5954844e-04	   2.6870215e-06	   1.8330000e-03	  -1.8983157e-05	  -5.0910121e-13	   2.2393666e+02	
  -3.9230845e-04	   1.4908194e-05	   9.8953528e-04	   2.9313988e-05	  -5.3569605e-13	   2.2388615e+02	
  -3.0196014e-04	  -1.3967903e-05	  -2.3067292e-03	  -3.4965169e-05	  -4.6730932e-13	   2.2392006e+02	
   6.6879735e-04	   2.4228791e-05	   1.2046809e-03	   8.6956279e-06	  -3.1153955e-13	   2.2385873e+02	
   1.0778518e-03	   2.4523025e-05	   1.4504094e-04	  -4.0916170e-07	  -6.3067762e-13	   2.2394895e+02	
   3.5525774e-04	   3.2669658e-05	   1.0065565e-03	   1.3961976e-05	  -6.4967393e-13	   2.2389576e+02	
  -1.8178715e-03	   1.0272972e-05	  -1.0525471e-03	   1.8432580e-05	  -4.8630563e-13	   2.2393556e+02	
  -7.1526618e-05	  -9.6778357e-06	  -8.9280651e-04	  -1.6082136e-05	  -1.8350440e-12	   2.2413421e+02	
   1.4956438e-03	   1.9822634e-05	  -7.5127244e-05	  -9.4474004e-06	  -5.1669974e-13	   2.2393106e+02	
  -6.4793884e-04	  -6.8541948e-06	  -5.7494917e-04	   1.2435896e-05	  -7.9404592e-13	   2.2386963e+02	
   3.4262430e-03	   2.3669217e-05	   5.5862105e-04	  -1.6099893e-05	  -4.9390416e-13	   2.2390501e+02	
  -6.7770182e-04	  -1.8297164e-05	   6.4243569e-04	   4.1353642e-05	  -8.5483412e-13	   2.2391865e+02	
   8.6339355e-04	   3.6260696e-05	   5.5391318e-04	   8.9004174e-06	   1.3297420e-13	   2.2384861e+02	
   1.6496880e-04	  -1.9254082e-05	  -1.1464657e-03	  -2.2630129e-05	  -5.1290047e-13	   2.2388364e+02	
   3.1642990e-05	   3.2439293e-07	   2.6994505e-04	   7.9005949e-06	   9.3461864e-13	   2.2367452e+02	
   8.1267072e-05	  -2.4809938e-05	  -8.2178318e-04	  -2.5406832e-05	  -7.7504960e-13	   2.2390803e+02	
  -1.4508349e-03	   2.4888142e-05	   1.4355096e-03	  -6.0476901e-06	  -5.5849163e-13	   2.2394226e+02	
  -3.2458401e-04	   1.7742828e-06	   1.3444998e-03	   4.2888462e-05	  -8.5863338e-13	   2.2388697e+02	
   7.6072582e-04	   4.0312230e-05	  -6.7261368e-05	  -5.6095688e-05	  -1.3411397e-12	   2.2401920e+02	
  -1.7966689e-04	  -3.4394862e-05	  -8.7499769e-04	  -1.7375105e-05	  -6.1548057e-13	   2.2390045e+02	
   6.1618318e-04	   2.1388029e-05	   1.1846654e-03	   1.9818166e-05	  -2.8494471e-13	   2.2390574e+02	
   5.6896240e-04	  -7.9173732e-07	  -3.3210709e-04	  -2.7462092e-05	  -7.9024665e-13	   2.2391676e+02	
   5.4634509e-04	  -1.1990132e-05	  -1.9461373e-03	  -1.4192593e-06	  -6.0028352e-13	   2.2394157e+02	
  -6.5541952e-04	  -1.0233676e-05	   1.8706323e-04	   3.3955971e-05	  -6.3447688e-13	   2.2390304e+02	
   1.5963225e-03	  -2.2232373e-05	   1.5067163e-03	  -2.8835040e-05	  -8.9662601e-13	   2.2395713e+02	
  -5.7345933e-04	  -3.9663769e-05	  -7.0581795e-04	  -9.9934483e-06	  -8.5863338e-13	   2.2391231e+02	
  -1.1902782e-03	  -1.7099129e-05	  -1.3432742e-03	  -6.7686584e-06	  -4.5211227e-13	   2.2392376e+02	
   6.1381170e-05	  -1.3544361e-05	  -2.3993597e-03	  -1.0133573e-04	  -1.0258009e-13	   2.2381961e+02	
   1.4493161e-03	  -1.1959046e-05	  -1.5298601e-03	  -9.8053557e-06	  -4.1791890e-13	   2.2392695e+02	
   9.2538991e-04	   8.8014359e-06	   2.6957688e-04	  -8.5764382e-06	  -7.8644739e-13	   2.2390660e+02	
  -8.1364094e-04	  -1.5442366e-05	  -1.8702461e-03	  -4.2435236e-06	  -3.4573291e-13	   2.2391860e+02	
  -3.9634462e-04	   1.1208856e-05	   5.8687477e-04	   4.2147293e-05	  -5.0530195e-13	   2.2389231e+02	
  -9.9624908e-05	  -1.1280440e-05	  -6.1014184e-04	  -1.5830295e-05	  -6.0408278e-13	   2.2395020e+02	
  -6.9183289e-04	   5.8459079e-06	   1.1401850e-03	   2.8042851e-05	  -3.1533881e-13	   2.2385946e+02	
   1.3715550e-04	  -1.4843540e-05	  -9.3930767e-04	  -4.2425601e-05	   9.8780832e-14	   2.2385496e+02	
  -1.8370876e-03	   4.1586242e-05	   3.6316085e-04	  -6.3434869e-06	  -2.1465834e-12	   2.2413335e+02	
  -7.7411882e-04	  -3.2755593e-05	  -7.8637549e-04	  -1.4907151e-05	  -1.2917493e-13	   2.2389147e+02	
  -4.2478219e-03	   2.9860642e-04	  -2.0781557e-04	   3.4537609e-05	   1.3715338e-12	   2.2368335e+02	
   8.6085991e-04	   2.0704087e-06	   1.7706368e-03	  -2.3913504e-05	  -5.7748794e-13	   2.2394345e+02	
   5.5787665e-04	  -9.6923094e-06	  -1.1080029e-03	  -2.6572057e-05	  -4.4071448e-13	   2.2387159e+02	
  -4.6425103e-04	   1.3430761e-05	   2.0221131e-03	  -3.1270829e-06	  -4.7110858e-13	   2.2393177e+02	
   6.8105728e-04	   1.8771740e-06	  -3.1200883e-04	  -3.1484769e-05	  -7.0286361e-13	   2.2390603e+02	
   3.0230080e-04	  -6.1901972e-06	  -6.8575659e-04	  -3.9168810e-05	   2.0136093e-13	   2.2383362e+02	
   1.5387362e-03	  -5.3273517e-05	  -4.0689341e-03	   9.0786196e-05	   1.3297420e-12	   2.2362785e+02	
   7.5270646e-04	   2.3201300e-05	   3.3271917e-03	   2.4237196e-05	  -4.7490785e-13	   2.2390464e+02	
   8.1632123e-04	   3.3325866e-05	   2.6274676e-04	  -1.8874619e-05	  -7.9024665e-13	   2.2390997e+02	
   2.1873934e-03	  -4.0708174e-05	   4.5692454e-04	  -2.0074141e-05	  -6.1168130e-13	   2.2394736e+02	
  -2.6305484e-05	   2.7446174e-05	   8.6183994e-04	   5.8106982e-05	  -3.4573291e-13	   2.2387558e+02	
  -2.1969690e-03	   6.8546256e-05	   1.7730066e-03	  -3.9613538e-05	  -6.3067762e-13	   2.2394593e+02	
   1.1580721e-04	  -3.2841205e-05	  -5.4645945e-04	  -2.2255148e-05	  -7.9404592e-13	   2.2390038e+02	
  -2.1637121e-03	  -7.7624662e-05	  -2.9248013e-04	   1.4095056e-05	  -9.4981569e-13	   2.2396460e+02	
  -5.5909361e-04	  -3.6350279e-05	  -7.0144938e-04	  -4.9883789e-06	  -7.5225403e-13	   2.2391173e+02	
  -8.3643048e-04	  -1.6092707e-05	  -1.8328369e-03	  -5.3255367e-06	  -3.4573291e-13	   2.2391865e+02	
   6.0077556e-04	  -4.6397129e-06	  -5.3315939e-04	  -2.6698400e-05	  -7.2185992e-13	   2.2391089e+02	
   4.7682089e-04	   8.5593130e-06	   1.4927784e-03	   9.4808356e-06	  -6.9146582e-13	   2.2394458e+02	
  -1.3260339e-05	   1.7402353e-05	   1.4860257e-03	   1.7734889e-05	  -3.8752480e-13	   2.2386110e+02	
   9.3144664e-04	  -2.4411890e-05	  -1.4441495e-03	  -3.2548096e-06	  -8.8902749e-13	   2.2396777e+02	
  -9.2292107e-04	  -4.9045105e-06	   5.6307542e-04	   2.7041930e-05	  -4.0652112e-13	   2.2387206e+02	
  -2.6659680e-03	   3.5588209e-05	  -6.4686944e-04	   1.9788693e-05	  -6.3067762e-13	   2.2393740e+02	
   8.2606905e-04	  -2.5858781e-05	  -1.5842835e-03	   2.0866843e-05	  -2.6290898e-12	   2.2409656e+02	
  -5.3203481e-04	  -3.7996679e-05	  -9.9423313e-04	  -3.1075358e-05	   1.3677346e-13	   2.2384830e+02	
   3.1025247e-04	  -9.9054667e-06	  -1.2398436e-03	  -1.3690889e-05	  -6.4967393e-13	   2.2388411e+02	
  -4.4137771e-04	  -1.3463829e-05	  -1.7848074e-03	  -8.4456829e-06	  -5.1290047e-13	   2.2393136e+02	
  -5.1115966e-04	  -3.1250179e-05	  -1.0146029e-03	  -3.1611796e-05	  -9.1942159e-13	   2.2390257e+02	
  -7.9971357e-04	  -5.3142371e-05	  -3.4142456e-04	   2.4768902e-07	   3.0014176e-13	   2.2381632e+02	
   4.5486588e-05	  -5.7421647e-06	   1.2303459e-04	   2.1789261e-07	  -1.1739721e-12	   2.2391427e+02	
   4.9813976e-04	  -3.7103159e-05	  -3.1415898e-04	  -3.5673341e-05	  -1.5387014e-12	   2.2402333e+02	
  -5.9160373e-04	  -2.4770740e-05	  -9.5594653e-04	  -5.9050267e-06	  -3.8372554e-13	   2.2387255e+02	
  -1.9541139e-03	  -4.2574501e-05	   2.3842442e-04	   1.0279448e-05	  -2.6594839e-14	   2.2386766e+02	
  -1.0291851e-03	  -3.0695023e-05	   4.2062416e-04	   3.2063219e-05	  -8.8522822e-13	   2.2389918e+02	
   2.7617693e-03	   4.0326578e-05	   1.5473112e-03	   4.3949258e-07	  -6.2687836e-13	   2.2392130e+02	
  -2.2905280e-03	  -8.6100040e-05	   2.1042492e-03	   9.7251780e-05	   3.5333144e-13	   2.2374944e+02	
  -7.6340078e-04	   2.7207835e-05	   1.9761906e-03	  -3.6415151e-05	  -6.6867025e-13	   2.2395186e+02	
   3.0103283e-06	   2.3467953e-05	   9.0129777e-04	   1.0344197e-06	  -7.6745108e-13	   2.2386051e+02	
  -1.0508668e-04	  -9.0605589e-06	  -2.3355693e-03	   4.2827136e-05	  -5.4329457e-13	   2.2394177e+02	
   5.3835307e-04	   2.6899516e-05	   1.1567911e-03	   1.0114612e-05	  -3.2293733e-13	   2.2385975e+02	
   1.5769356e-03	   1.3347473e-07	  -9.6721121e-04	  -1.4817980e-05	  -5.5469236e-13	   2.2393558e+02	
   1.3904188e-03	   7.2492073e-05	  -4.5110111e-04	  -4.9806871e-05	  -2.2795577e-13	   2.2384822e+02	
   1.9888606e-03	  -2.8526973e-05	  -6.7986519e-04	  -5.7992107e-06	  -5.6609015e-13	   2.2394353e+02	
   1.2745063e-03	  -7.3754297e-05	   3.6231347e-03	  -2.7433801e-04	   1.7248653e-12	   2.2356926e+02	
  -2.1287140e-04	   7.2543418e-06	   9.4019993e-04	   5.4103914e-05	  -2.8494471e-13	   2.2391568e+02	
  -1.4420712e-03	   1.3951494e-04	   3.5004776e-03	  -2.8352819e-04	   1.7134676e-12	   2.2358119e+02	
  -1.1373496e-03	   2.2128485e-06	   1.4139221e-03	   1.5156359e-05	  -5.2429826e-13	   2.2393364e+02	
  -5.7781457e-04	  -2.2106443e-05	   1.3444495e-04	   1.1903043e-05	  -1.1131839e-12	   2.2391429e+02	
  -8.3069569e-04	  -5.3097489e-05	  -2.0997872e-04	   7.0992889e-06	   1.7856535e-13	   2.2383811e+02	
  -1.1718376e-03	  -2.3208357e-05	   8.6518354e-04	   3.3929590e-05	  -8.3583781e-13	   2.2387670e+02	
  -1.8138005e-03	   2.9865652e-05	   9.6211698e-04	  -1.8144092e-06	  -6.0408278e-13	   2.2394713e+02	
  -2.1121868e-04	  -2.6520455e-05	  -1.0635635e-03	  -1.4816523e-05	  -5.2429826e-13	   2.2388957e+02	
  -9.0851418e-04	  -3.7141372e-05	  -5.6000145e-05	   2.0896940e-05	  -3.9132406e-13	   2.2393212e+02	
   6.8514303e-04	  -6.2544367e-06	  -8.8962429e-04	  -2.5359846e-05	  -5.3189679e-13	   2.2388541e+02	
  -1.1334373e-03	  -3.4701275e-05	  -1.0043522e-03	  -1.4787554e-05	  -1.1017862e-13	   2.2388280e+02	
  -5.5758751e-04	   1.6334664e-05	   3.9275556e-04	   1.9237882e-05	  -7.9784518e-13	   2.2386871e+02	
   3.9618795e-04	  -1.3028184e-05	  -1.9282467e-03	  -8.9717018e-07	  -6.2307909e-13	   2.2394449e+02	
   2.0267828e-04	  -1.2188841e-05	  -1.0560854e-03	  -7.3355537e-05	  -4.1032038e-13	   2.2388206e+02	
   7.3667542e-04	  -1.5054766e-05	  -1.9423396e-03	  -4.7404897e-06	  -4.4451374e-13	   2.2393055e+02	
  -1.5323804e-04	   2.2674244e-05	   8.6569509e-04	   2.7820136e-05	  -6.9526509e-13	   2.2390858e+02	
  -6.4008727e-04	  -2.0967734e-05	   1.5519480e-04	   2.2997667e-05	   1.4437198e-13	   2.2384413e+02	
  -1.5362152e-04	   3.5569862e-06	   2.6698482e-04	   8.7410257e-06	  -1.1473774e-12	   2.2390681e+02	
  -6.1375327e-04	  -4.6367556e-05	  -7.0586057e-04	  -2.0468856e-05	   1.8616388e-13	   2.2383918e+02	
   8.5750849e-04	   3.5862123e-05	  -5.3584078e-04	  -5.7625833e-05	  -4.5591153e-13	   2.2388711e+02	
  -6.9663792e-04	  -3.7913177e-05	  -4.3803422e-05	   1.7300310e-05	   1.1017862e-13	   2.2384928e+02	
  -3.8409962e-04	  -1.5460565e-05	   1.8023091e-04	   2.0987056e-05	  -1.0789906e-12	   2.2392137e+02	
   1.2150637e-03	  -3.1960298e-05	   1.1872762e-03	  -5.3174286e-05	  -1.4057272e-12	   2.2398263e+02	
  -6.6833316e-04	  -6.1329384e-05	  -1.0984225e-03	  -5.6709084e-05	  -3.1913807e-13	   2.2386441e+02	
   1.0079539e-03	   2.6986613e-05	   3.0785527e-03	   2.5577949e-05	  -5.7748794e-13	   2.2391625e+02	
  -1.9341091e-05	  -1.3303434e-05	  -1.0446664e-03	  -4.3679088e-05	  -9.2702011e-13	   2.2391474e+02	
   1.8836225e-04	  -1.2866430e-05	  -8.8232600e-04	  -4.2014524e-05	   1.0258009e-13	   2.2385347e+02	
   9.1802054e-04	   2.6687777e-05	   3.9316471e-04	  -7.5021812e-07	  -2.3935355e-13	   2.2390844e+02	
   8.9686313e-04	   1.0160899e-05	   1.7473037e-03	   1.0535170e-06	  -2.6024949e-12	   2.2405774e+02	
   8.9466774e-04	   5.0678743e-06	  -1.3386824e-03	  -3.6974825e-05	  -1.7096682e-13	   2.2389045e+02	
   1.4684219e-03	  -2.6732324e-05	  -1.1353027e-03	   8.8213951e-06	   3.9094413e-12	   2.2236961e+02	
  -1.1109645e-03	  -2.0788101e-05	  -1.5530547e-03	  -9.1368571e-06	  -3.1153955e-13	   2.2391116e+02	
   1.3192723e-04	   2.1755551e-05	   6.7335418e-04	  -4.2274392e-06	  -8.1684149e-13	   2.2383773e+02	
   1.7189304e-03	   1.6586858e-05	  -6.1102727e-04	  -2.0363919e-05	  -3.0014176e-13	   2.2390707e+02	
   4.8122783e-04	   2.2417037e-05	   3.0964750e-04	   8.1487601e-06	  -1.1321803e-12	   2.2391151e+02	
  -1.8298576e-03	  -4.7533630e-05	  -2.0670716e-03	  -2.6609808e-05	  -8.5103486e-13	   2.2394492e+02	
  -2.8609588e-04	  -2.9528740e-05	  -5.4255416e-04	   1.1446289e-05	  -7.9784518e-13	   2.2388879e+02	
   2.1301789e-03	   3.0240163e-05	   2.5710120e-03	   7.9782698e-06	  -5.5469236e-13	   2.2391267e+02	
   9.3377567e-05	  -4.1079387e-06	   1.0885810e-04	   4.1191898e-07	  -1.1701729e-12	   2.2391059e+02	
  -2.0647747e-03	   2.8513531e-05	  -1.5981738e-04	   1.3095038e-05	  -6.1548057e-13	   2.2394842e+02	
  -3.7969760e-04	  -4.1408871e-05	  -7.4181521e-04	  -1.0931161e-05	  -6.6867025e-13	   2.2390077e+02	
  -6.0934427e-04	   8.1967129e-06	   1.0959318e-03	   2.7182716e-05	  -6.1927983e-13	   2.2394781e+02	
   7.8666494e-04	   1.2422294e-05	   7.2974144e-04	  -3.6396337e-06	  -7.3325771e-13	   2.2389083e+02	
  -5.4800986e-04	  -2.4646472e-05	   2.9885954e-04	   3.4041885e-05	   1.8236461e-13	   2.2383501e+02	
  -2.1378683e-03	  -7.1756392e-05	   2.2836413e-03	   9.5644892e-05	   2.0136093e-13	   2.2377120e+02	
  -1.9657581e-03	  -7.0964753e-05	   3.6009583e-04	   3.8514735e-05	  -1.1549759e-12	   2.2397615e+02	
   1.9111339e-03	   9.8427020e-05	   7.4897311e-04	   1.8984380e-05	  -1.3297420e-13	   2.2382409e+02	
  -7.6860606e-04	   1.4695941e-05	   1.8271189e-03	  -6.1315855e-06	  -6.8766656e-13	   2.2394938e+02	
   4.8146290e-04	  -6.6742167e-06	  -1.3092061e-03	  -9.8608230e-06	  -7.0666287e-13	   2.2387793e+02	
   2.0998212e-03	  -2.0808195e-05	   2.3127359e-04	  -1.4919123e-05	  -5.7368868e-13	   2.2394415e+02	
  -9.6376470e-04	  -4.4022009e-05	  -3.9261536e-04	   3.8195602e-06	  -8.7762970e-13	   2.2390993e+02	
  -1.2667397e-03	   2.8532567e-06	   1.2109167e-03	   6.9801549e-06	  -7.4845476e-13	   2.2395016e+02	
  -1.0830033e-03	  -1.4866447e-05	  -1.7972907e-04	   1.2152564e-05	  -4.8250637e-13	   2.2387766e+02	
  -8.1355370e-04	  -5.7362979e-05	  -2.9414349e-04	   3.4643103e-05	  -1.2955486e-12	   2.2401776e+02	
   8.8556626e-04	  -1.5812034e-05	   4.0374821e-03	  -1.5367715e-04	   1.4817125e-12	   2.2360084e+02	
   1.0261768e-03	   2.0923050e-05	   9.2166102e-04	   6.6516447e-06	  -4.5591153e-13	   2.2392768e+02	
   7.6673814e-04	   2.1672525e-05	   9.7472828e-04	   1.3876565e-06	  -4.5591153e-13	   2.2387141e+02	
   9.1751174e-04	   1.1541420e-06	   1.7005853e-03	  -1.1861006e-05	  -7.6365181e-13	   2.2395312e+02	
  -2.1917205e-03	  -6.9888435e-05	   1.9413491e-03	   7.9769429e-05	   3.4193365e-14	   2.2379278e+02	
   1.0355287e-03	  -1.7906205e-05	  -1.8052412e-03	  -1.0498916e-06	  -5.0530195e-13	   2.2393676e+02	
   1.7697525e-04	   2.9471346e-05	   7.5221880e-04	  -2.6205308e-06	  -7.7504960e-13	   2.2386554e+02	
  -1.6046480e-04	  -3.9244963e-06	   1.0705364e-03	   4.3600869e-05	   2.6214913e-13	   2.2381983e+02	
   6.0921573e-04	   4.3922161e-06	  -2.8915499e-04	  -3.4957878e-05	  -7.8644739e-13	   2.2390603e+02	
  -1.5193540e-03	   1.1176249e-05	  -1.4010305e-03	   2.5599521e-05	  -5.9268499e-13	   2.2394640e+02	
   3.5087396e-04	   4.8248397e-05	   8.4536581e-04	   3.3422077e-05	  -5.3569605e-13	   2.2389433e+02	
   9.8065340e-04	   3.4294125e-06	  -2.3539459e-03	  -6.0623389e-05	  -1.0220016e-12	   2.2395846e+02	
  -8.2556716e-04	  -1.2011615e-05	  -6.1109067e-04	   3.4926008e-06	  -6.8386730e-13	   2.2389789e+02	
   1.6971332e-03	   3.4853223e-06	   5.6633516e-04	  -7.3918941e-06	  -7.0666287e-13	   2.2394838e+02	
   8.0162981e-04	   3.2416993e-05	   2.2297230e-04	  -1.8533324e-05	  -7.9404592e-13	   2.2391353e+02	
  -1.5681164e-03	   8.6504313e-07	  -1.3494065e-03	   1.5095701e-05	  -5.0910121e-13	   2.2393728e+02	
   9.8011400e-05	  -1.7088324e-05	  -6.6025087e-04	  -3.3592879e-05	  -8.9662601e-13	   2.2391838e+02	
  -1.9181206e-03	  -7.2233396e-06	  -5.4639445e-04	   8.5876472e-06	  -4.3691522e-13	   2.2392865e+02	
  -5.0081874e-04	  -3.8950608e-05	  -7.1147048e-04	  -9.7351636e-06	  -8.4723560e-13	   2.2390713e+02	
   3.1341133e-04	  -1.8181631e-05	  -2.0435803e-03	   1.4545608e-05	  -5.7368868e-13	   2.2394425e+02	
  -6.2192916e-04	  -9.5457257e-07	   3.0338383e-04	   2.7868643e-05	  -6.7626877e-13	   2.2390750e+02	
   1.7261126e-03	  -2.7502695e-05	   1.2142494e-03	  -3.3361067e-05	  -7.1426140e-13	   2.2395576e+02	
  -5.3029462e-05	   2.6216220e-05	   9.4598940e-04	   2.4073912e-05	  -6.4207541e-13	   2.2390092e+02	
   5.1751067e-04	   1.4759756e-05	  -8.9779020e-04	  -3.9856391e-05	   2.3555429e-13	   2.2383157e+02	
  -8.5845864e-04	  -4.3703311e-05	  -5.7079316e-04	  -5.8857655e-06	  -8.9282675e-13	   2.2390795e+02	
   1.3392582e-03	  -1.5130539e-05	  -1.4402332e-03	  -3.1127716e-06	  -7.0666287e-13	   2.2395145e+02	
  -1.0842610e-03	  -4.3241182e-05	  -4.3395580e-04	   1.9185324e-06	  -8.8522822e-13	   2.2388926e+02	
   1.5300847e-03	   2.7674448e-05	   2.7126989e-04	  -6.8506238e-06	  -2.7734618e-13	   2.2390425e+02	
  -2.5604517e-05	   2.6744824e-05	   9.9186308e-04	   2.3017330e-05	  -6.0028352e-13	   2.2389490e+02	
  -1.9030203e-03	   2.0021437e-05	   1.8211495e-03	  -4.0898545e-06	  -6.0788204e-13	   2.2393556e+02	
   2.2190970e-04	   3.1548451e-05	   1.0158344e-03	   1.6373606e-05	  -5.9268499e-13	   2.2389055e+02	
  -6.2798939e-04	  -2.2394012e-05	   3.1832716e-05	   1.8959091e-05	  -1.1397788e-14	   2.2387088e+02	
   3.0628335e-05	  -2.6412078e-05	  -8.9871549e-04	  -5.7735904e-05	  -5.7748794e-13	   2.2389658e+02	
  -7.6001092e-04	   3.5270973e-05	   3.0758108e-04	   2.2168816e-05	  -1.5614970e-12	   2.2401607e+02	
   3.3681636e-04	  -3.3691361e-06	  -5.0713227e-04	  -3.5921255e-05	  -9.2322085e-13	   2.2392024e+02	
  -1.6211026e-03	   1.5538727e-05	   1.1225126e-03	   1.7392976e-06	  -6.9906435e-13	   2.2395063e+02	
  -7.2429181e-05	   2.5178551e-05	   1.0374366e-03	   2.3832054e-05	  -5.2429826e-13	   2.2388445e+02	
  -1.0048418e-03	  -2.0420451e-05	   1.7043603e-04	   5.5657151e-06	  -9.3461864e-13	   2.2398139e+02	
  -8.0516022e-05	  -7.3413197e-06	  -2.4254526e-04	  -1.0751739e-05	  -6.3827614e-13	   2.2373286e+02	
   9.1163100e-04	   2.0656921e-05	  -1.8220927e-05	  -5.5530477e-06	  -9.6121348e-13	   2.2398776e+02	
   5.8148158e-04	   2.2300946e-05	  -1.3591617e-04	  -1.9927481e-05	  -1.0789906e-12	   2.2391128e+02	
  -1.9519388e-03	  -2.5069176e-05	   1.1955290e-03	   2.8300869e-05	  -4.5971079e-13	   2.2392147e+02	
   9.4946287e-05	   3.2632132e-05	   9.2912502e-04	   5.5323128e-05	  -5.3569605e-13	   2.2389372e+02	
  -1.9130321e-03	   4.7970608e-06	  -1.5728212e-04	   8.4858274e-06	  -6.7626877e-13	   2.2394887e+02	
   7.9215170e-04	   1.3014921e-06	  -3.5416347e-04	  -2.2745616e-05	  -6.7626877e-13	   2.2390576e+02	
  -1.8652982e-03	   8.8071310e-05	   7.0671483e-04	  -1.8809201e-05	  -1.3335413e-12	   2.2397394e+02	
   1.2752080e-03	   2.5118191e-05	  -4.1144331e-04	  -2.3296617e-05	  -1.8616388e-13	   2.2389184e+02	
   4.0258427e-04	   4.3084502e-07	  -6.6990391e-04	  -4.1819947e-05	  -9.3461864e-13	   2.2390496e+02	
  -6.9376669e-04	  -2.1538138e-05	   9.6157202e-05	   1.9718129e-05	  -3.7992628e-15	   2.2387016e+02	
   6.0442162e-04	   2.4334232e-05	  -9.3664840e-05	  -1.7994978e-05	  -1.0789906e-12	   2.2391094e+02	
   5.7551053e-04	   3.0637534e-05	   4.9655768e-04	   2.1305927e-06	  -1.5197051e-13	   2.2389498e+02	
  -2.4010542e-04	  -1.9880089e-05	  -1.1298545e-03	  -3.9782984e-05	  -9.1942159e-13	   2.2390155e+02	
  -2.0043338e-03	   3.4214275e-05	  -5.0243900e-04	   1.9463918e-05	  -6.8386730e-13	   2.2395402e+02	
  -5.6271787e-04	  -8.5617574e-06	   3.7293642e-04	   4.2654271e-05	  -6.9146582e-13	   2.2390353e+02	
  -7.0402815e-04	  -2.2909037e-05	  -1.3875785e-06	   1.6338205e-05	  -7.5985255e-14	   2.2388253e+02	
   8.0971324e-04	   3.2536075e-05	   8.9726661e-05	  -2.8349042e-05	  -7.3705698e-13	   2.2390408e+02	
   2.0780709e-03	  -3.4254887e-05	   1.9306750e-04	  -1.6408803e-05	  -6.9906435e-13	   2.2395496e+02	
  -1.1722174e-03	  -2.0732387e-05	   9.4580068e-04	   3.3687953e-05	  -8.2064076e-13	   2.2386227e+02	
  -8.5661969e-04	  -3.5033346e-06	  -1.7705247e-03	   1.2729547e-05	  -7.2185992e-13	   2.2395314e+02	
  -3.4980950e-03	  -2.8162984e-05	  -3.7959051e-04	   3.0180745e-05	  -2.0554011e-12	   2.2409600e+02	
   9.7425901e-04	  -1.4168855e-05	  -3.2504169e-03	  -1.5924439e-05	  -6.0408278e-13	   2.2391654e+02	
  -3.4480940e-04	  -3.1964336e-05	  -7.9225832e-04	  -2.8361284e-05	  -9.3081938e-13	   2.2391108e+02	
   7.4338020e-04	  -1.6597917e-05	  -1.8989128e-03	  -9.5202272e-07	  -5.2809752e-13	   2.2393924e+02	
  -8.0717786e-04	  -3.8315479e-05	  -2.4389130e-04	   1.7213981e-05	  -8.3203854e-13	   2.2390337e+02	
   1.5068727e-03	  -2.4309263e-05	   1.4605079e-03	  -3.9430478e-05	  -7.5985255e-13	   2.2395897e+02	
   8.4370741e-04	   3.5551396e-05	   7.8169516e-05	  -2.8661254e-05	  -7.4845476e-13	   2.2390239e+02	
  -8.6474284e-04	  -2.6672806e-05	   2.8302007e-05	   1.5198773e-05	  -1.2157641e-13	   2.2389251e+02	
  -8.4502137e-04	   7.5029567e-06	   1.4174884e-03	   1.5781606e-05	  -4.5591153e-13	   2.2385869e+02	
   8.5748450e-04	   1.8073863e-06	  -1.3254902e-03	  -3.3114503e-05	  -2.8874397e-13	   2.2390770e+02	
  -3.1390990e-04	   3.7634456e-06	   6.0215345e-04	   3.9097069e-05	  -9.0042527e-13	   2.2391707e+02	
   6.1883842e-04	   2.6978444e-05	   2.9244832e-04	  -7.0534721e-06	   1.5197051e-14	   2.2386668e+02	
  -9.8596263e-05	   1.8500728e-05	   7.2058915e-04	   3.5906238e-05	  -8.9282675e-13	   2.2391451e+02	
  -7.6549067e-04	   2.1444079e-06	   2.4631661e-03	   6.2007023e-05	  -8.6623191e-13	   2.2395194e+02	
  -6.3466414e-04	  -1.8063992e-05	  -8.2590767e-04	   2.4412616e-08	  -5.2809752e-13	   2.2388785e+02	
  -1.6416112e-03	   4.0532407e-05	   1.1568432e-03	  -1.2780683e-05	  -7.5605329e-13	   2.2395924e+02	
   7.1893276e-04	   2.3018311e-05	  -1.7820448e-04	  -3.1223533e-05	  -8.9282675e-13	   2.2391605e+02	
  -2.9991240e-04	   8.1904401e-06	   1.4269199e-03	   2.4472497e-05	  -4.6351006e-13	   2.2392766e+02	
  -6.6978819e-04	  -1.4108472e-05	  -1.8900706e-04	   1.8976087e-05	  -6.4967393e-13	   2.2390415e+02	
  -3.6137956e-04	   1.3955995e-05	   2.9880985e-03	   3.8676676e-05	  -7.4085624e-13	   2.2393325e+02	
   7.7522390e-04	  -3.1098743e-07	  -3.9513783e-04	  -2.1974734e-05	  -6.8766656e-13	   2.2390517e+02	
  -1.3842690e-03	   4.5077254e-05	  -1.2957711e-03	   5.9035733e-05	  -1.3639354e-12	   2.2397969e+02	
   3.8404514e-04	   1.9904162e-05	   1.2321346e-03	   7.1191445e-06	  -5.5089310e-13	   2.2387691e+02	
   2.0594665e-03	  -3.9064532e-05	   4.7868839e-04	  -2.1926958e-05	  -7.3705698e-13	   2.2395752e+02	
   6.6690774e-04	   5.3287428e-06	  -1.4968016e-03	  -3.5662689e-05	  -8.0544371e-13	   2.2385562e+02	
   1.1717610e-03	   1.1347363e-05	  -3.9483038e-04	  -1.3410488e-05	  -7.7125034e-13	   2.2395693e+02	
   2.4795513e-03	   7.3195731e-05	  -1.7760349e-03	  -7.0830969e-05	   6.0788204e-14	   2.2378957e+02	
   5.4349759e-04	   1.5416582e-05	   1.1045289e-05	  -1.8746803e-05	  -1.4437198e-13	   2.2389161e+02	
   6.2943556e-04	   2.5511764e-05	   8.5281617e-04	  -7.5106577e-07	  -5.4329457e-13	   2.2388300e+02	
  -1.0182343e-03	  -3.3916744e-05	  -1.7240737e-04	   7.6509797e-06	  -1.1777715e-13	   2.2389194e+02	
  -6.6249171e-05	   1.6582985e-05	   8.0603680e-04	   4.0122794e-05	  -9.1182306e-13	   2.2391317e+02	
  -4.7996043e-04	   2.3320417e-05	   1.8844751e-03	  -3.4786806e-05	  -8.0924297e-13	   2.2396278e+02	
  -4.4961634e-04	   1.3482489e-05	  -4.1597900e-03	   3.0984432e-04	   1.4399206e-12	   2.2366534e+02	
  -8.1657714e-04	   2.8716327e-05	   1.7662498e-03	  -2.8307686e-05	  -7.9404592e-13	   2.2396194e+02	
  -6.0445513e-05	   3.1731820e-05	   3.6599573e-03	  -2.3742006e-05	  -1.9224270e-12	   2.2409007e+02	
  -8.7985850e-04	  -5.0397210e-06	   1.1763648e-03	   2.8376422e-05	  -3.7992628e-13	   2.2391809e+02	
  -2.5915927e-03	  -8.5235394e-05	  -3.8117596e-04	   2.7165519e-06	  -2.0516019e-13	   2.2381734e+02	
  -1.4420176e-03	   5.3750747e-06	  -1.4513595e-03	   2.1031263e-05	  -6.1548057e-13	   2.2394754e+02	
   1.3366644e-03	   7.4514498e-05	   1.0969310e-03	   3.6525513e-05	  -4.1791890e-13	   2.2385701e+02	
  -3.3805597e-04	   1.4977621e-05	   1.2292362e-03	   2.4217240e-05	  -6.2307909e-13	   2.2394969e+02	
   1.9745156e-03	   8.6975725e-05	   5.8533597e-04	   6.4985144e-06	  -3.1153955e-13	   2.2384055e+02	
  -2.0291366e-03	   3.8607844e-05	  -3.4009137e-04	   1.7251442e-05	  -7.4465550e-13	   2.2395846e+02	
  -3.9837538e-04	  -1.2691875e-05	   5.0315856e-04	   2.5965572e-05	  -1.0903885e-12	   2.2390214e+02	
  -1.0038483e-03	   2.5401781e-05	   1.8249992e-03	  -2.3282564e-05	  -8.3583781e-13	   2.2396049e+02	
  -1.6835560e-04	  -1.4003089e-05	  -1.4226989e-03	  -3.5965682e-05	  -8.5483412e-13	   2.2385760e+02	
   1.4588658e-03	   1.6120784e-05	  -3.8748402e-05	  -1.2592106e-05	  -5.4329457e-13	   2.2393826e+02	
   9.3675026e-04	   5.4488493e-06	  -1.2530985e-04	  -1.7447220e-05	  -6.8006803e-13	   2.2390065e+02	
  -6.8449355e-04	  -3.3821167e-05	  -2.9077497e-04	   6.5368742e-06	  -1.6336830e-13	   2.2389656e+02	
  -8.2406006e-04	  -3.8482492e-05	  -1.9071165e-04	   1.9342823e-05	  -8.3203854e-13	   2.2390110e+02	
  -1.0374701e-03	  -3.2988703e-05	  -7.4677774e-04	  -8.4127128e-06	  -2.1275871e-13	   2.2389544e+02	
  -1.2896046e-03	  -7.3043196e-05	  -1.2016087e-04	   1.6393704e-05	  -5.2809752e-13	   2.2387721e+02	
  -1.8517262e-03	   1.2415116e-05	  -7.3729866e-04	   1.2285840e-05	  -7.7125034e-13	   2.2395560e+02	
   1.0956829e-03	   4.6775092e-05	  -5.3315618e-04	  -5.2206693e-05	  -5.8508647e-13	   2.2388905e+02	
   8.5774870e-04	   1.8818760e-05	  -1.0131240e-04	  -1.7799022e-05	  -2.9254323e-13	   2.2391801e+02	
   8.9350612e-04	   1.0723290e-05	   4.2481570e-04	  -9.1464549e-06	  -7.2565919e-13	   2.2389533e+02	
   2.6000208e-04	   1.0286710e-05	   4.8188447e-04	   4.5749341e-06	  -9.8020979e-13	   2.2398875e+02	
   3.4343835e-05	   2.9283669e-05	   9.1474674e-04	   2.1686927e-05	  -6.6867025e-13	   2.2390292e+02	
  -1.8917604e-03	  -6.2252878e-05	  -1.5056444e-03	  -2.4843258e-05	  -1.0523957e-12	   2.2396513e+02	
   3.7658229e-03	  -2.2727656e-04	   1.7909420e-03	  -1.3250222e-04	   1.4437198e-12	   2.2364411e+02	
  -1.7252060e-03	  -3.1280399e-05	  -2.5666497e-03	  -1.5361029e-05	  -7.5225403e-13	   2.2393343e+02	
   1.0305982e-03	   4.0831122e-05	   1.8245146e-04	  -1.8095333e-05	  -8.6623191e-13	   2.2389670e+02	
  -4.3644025e-04	   1.2762614e-05	   1.1823723e-03	   2.5711985e-05	  -6.2307909e-13	   2.2394924e+02	
  -3.4304670e-03	   1.6125409e-04	  -2.3082160e-03	   1.3077704e-04	   1.4931102e-12	   2.2361033e+02	
   1.0194410e-03	   2.2588271e-05	   4.9480445e-04	  -1.2865694e-06	  -4.4831301e-13	   2.2392754e+02	
   1.7282611e-05	   3.0549586e-05	   8.1701427e-04	   3.3834327e-05	  -7.6745108e-13	   2.2390245e+02	
   6.2476666e-04	   2.1578305e-05	  -6.7926177e-04	  -8.2238542e-05	  -1.6146866e-12	   2.2402697e+02	
  -8.7710342e-04	  -3.8753445e-05	  -1.7236199e-04	   1.8492515e-05	  -8.5483412e-13	   2.2389955e+02	
   2.2674875e-03	  -1.1345811e-04	   1.4370101e-05	  -1.3348437e-05	  -1.2461582e-12	   2.2397300e+02	
   6.7326129e-04	   5.4844467e-05	   7.4938073e-04	   1.5266369e-05	  -7.0666287e-13	   2.2389955e+02	
  -6.7106872e-04	  -4.0079801e-05	  -5.7820548e-04	  -7.8737217e-06	  -8.3583781e-14	   2.2388593e+02	
   4.4124630e-04	  -2.2743671e-06	  -5.6731821e-04	  -4.7092939e-05	  -8.0164444e-13	   2.2390337e+02	
   6.4631955e-04	   1.5433690e-05	  -6.7174627e-05	  -7.9496181e-06	  -1.0979869e-12	   2.2399732e+02	
   5.9038398e-04	   4.2640601e-05	   7.9271524e-04	   1.2938623e-05	  -8.5483412e-13	   2.2390038e+02	
   1.2874116e-03	  -4.5237200e-05	  -1.8669525e-03	   4.1999798e-05	  -7.6745108e-13	   2.2395914e+02	
   1.0431315e-03	   6.7101018e-05	   9.3948013e-04	   3.0311156e-05	  -5.6988941e-13	   2.2387541e+02	
  -3.1660865e-04	   3.1184528e-06	   8.4588273e-04	   5.1058431e-05	  -2.2035724e-13	   2.2390848e+02	
   1.0844478e-03	   5.3606998e-05	   1.9296947e-03	   6.5957195e-05	  -3.1153955e-13	   2.2383881e+02	
  -2.1559036e-03	   5.5291265e-05	   6.4459502e-04	  -1.0290084e-05	  -9.8400910e-13	   2.2396318e+02	
  -1.1889660e-03	  -4.0675531e-05	  -1.0518147e-04	   1.4045110e-05	  -8.7383043e-13	   2.2388182e+02	
   2.4003665e-04	  -1.1877029e-05	  -1.0095723e-03	  -3.7735650e-05	  -2.2415650e-13	   2.2390991e+02	
  -4.5680507e-04	  -1.8750074e-05	  -1.4713243e-03	  -3.1306395e-05	  -8.2444002e-13	   2.2385360e+02	
  -1.3085721e-05	  -2.0420445e-05	  -1.0807751e-03	  -3.3900361e-05	  -2.8494471e-13	   2.2391728e+02	
  -8.5904739e-04	   7.5214722e-05	  -2.5368943e-03	   2.4580783e-04	  -2.3631414e-12	   2.2393773e+02	
   6.1679595e-04	   7.2708919e-06	  -8.9201623e-04	  -2.0427374e-05	  -1.0106039e-12	   2.2398879e+02	
  -1.3535561e-04	  -1.3788967e-05	  -1.2918527e-03	  -3.8825508e-05	  -8.9662601e-13	   2.2387537e+02	
   2.0936782e-03	  -4.6765434e-05	  -1.8593636e-04	  -9.7809203e-06	  -7.8644739e-13	   2.2396147e+02	
   7.9154791e-05	   1.2415408e-06	   3.4888702e-04	   1.2130354e-05	  -1.1435780e-12	   2.2389165e+02	
  -1.0560969e-03	   4.0665317e-05	   3.8603733e-04	   1.1365835e-05	  -1.5463000e-12	   2.2400263e+02	
   7.2986054e-05	   2.4377772e-06	   1.4648891e-04	  -5.4103644e-06	  -1.1207826e-12	   2.2388476e+02	
   9.4454423e-04	  -1.7102670e-05	  -1.8117113e-03	   1.4612367e-05	  -9.4601643e-13	   2.2396437e+02	
   7.7971385e-04	   4.4464695e-05	   6.6472246e-04	   2.5204255e-06	  -8.4343633e-13	   2.2389711e+02	
  -2.5550849e-04	   1.9438331e-05	   2.0321112e-03	  -5.1870918e-05	  -8.6243265e-13	   2.2396582e+02	
  -7.1114070e-04	  -2.5728695e-05	   5.4227824e-04	   5.2525257e-05	  -6.9146582e-13	   2.2389993e+02	
   3.6441928e-03	  -1.8467891e-05	  -6.8237209e-04	  -1.7416681e-05	  -4.9770342e-13	   2.2390304e+02	
   8.2805858e-04	   4.7390769e-05	   5.2556931e-04	  -6.1855167e-06	  -7.9404592e-13	   2.2390092e+02	
   1.1508174e-03	   8.0411305e-05	   1.8410868e-05	  -3.6332616e-05	  -1.5652963e-12	   2.2402255e+02	
   7.8909690e-05	   3.3229754e-05	   8.2693829e-04	   3.7576773e-05	  -7.5225403e-13	   2.2390100e+02	
   5.2033943e-04	   3.7096305e-06	   1.9317503e-03	  -3.3392212e-05	  -7.5605329e-13	   2.2395867e+02	
  -8.8680289e-04	  -3.1719569e-05	   2.4957179e-04	   2.9996593e-05	  -8.8902749e-13	   2.2390799e+02	
   6.2926341e-05	   6.9315990e-06	   1.9450136e-03	  -1.7684324e-05	  -8.6623191e-13	   2.2396034e+02	
  -9.9517493e-04	  -4.3023613e-05	  -5.6548820e-04	  -4.7972049e-06	  -8.8902749e-13	   2.2388852e+02	
   1.6390870e-03	  -9.0821566e-06	   1.0377816e-03	  -1.5359555e-05	  -8.1684149e-13	   2.2395969e+02	
   9.6057230e-04	   1.6220703e-04	   2.0655183e-03	   3.1797709e-04	   2.5569038e-12	   2.2351127e+02	
   6.2458855e-04	  -4.3021205e-05	  -1.9556760e-03	   7.9940559e-05	  -1.3411397e-12	   2.2398048e+02	
   1.2346410e-03	   2.5029815e-05	  -7.2827713e-04	  -3.2373676e-05	  -8.3203854e-13	   2.2385529e+02	
  -1.3229546e-04	   8.3042425e-06	   1.8871082e-03	  -1.1638518e-05	  -8.5863338e-13	   2.2396083e+02	
   4.0766277e-04	   3.7746650e-05	   1.3812473e-03	   6.3038623e-05	  -5.9268499e-13	   2.2387425e+02	
  -3.2810983e-03	  -1.5156912e-05	   5.5834154e-04	   2.2807583e-05	  -6.0788204e-13	   2.2391768e+02	
  -4.3216321e-04	  -2.1167478e-06	   8.4190576e-04	   4.5571515e-05	  -9.0042527e-13	   2.2389085e+02	
  -2.2542482e-05	  -9.5949007e-06	  -1.9812999e-03	   1.3992624e-05	  -8.0924297e-13	   2.2395916e+02	
  -2.0730423e-03	   3.4259819e-05	  -3.9777001e-04	   1.2890253e-05	  -2.5986957e-12	   2.2407901e+02	
   2.0468441e-05	  -3.2503219e-05	  -1.0508161e-03	  -7.7333812e-05	  -1.3905302e-12	   2.2402372e+02	
  -1.5624778e-03	  -5.3628056e-05	   1.2150475e-03	   6.1846119e-05	  -4.0652112e-13	   2.2384634e+02	
   3.2626980e-04	  -1.8733021e-05	  -2.0092679e-03	   1.7413162e-05	  -6.7626877e-13	   2.2395290e+02	
  -1.9849897e-04	  -1.2725513e-05	  -1.5202651e-03	  -4.5659677e-06	  -5.3189679e-13	   2.2386347e+02	
   1.7252171e-03	   2.4564558e-06	   2.1630858e-04	  -1.0749067e-05	  -6.9526509e-13	   2.2395032e+02	
  -3.5106275e-03	   2.5797136e-04	   2.0950907e-03	  -1.3113792e-04	   1.4741140e-12	   2.2364595e+02	
   3.0165273e-04	   1.0903610e-05	   3.8458715e-04	   3.4656762e-06	  -1.0789906e-12	   2.2399678e+02	
  -3.5734545e-04	  -2.4951626e-05	  -7.8729221e-04	  -1.3576956e-06	  -6.6487098e-13	   2.2390075e+02	
   6.2046406e-04	   2.9639486e-05	   1.5416742e-04	  -1.4070692e-05	  -1.4817125e-13	   2.2389294e+02	
   5.7361399e-04	   1.0713625e-05	  -9.8678411e-04	  -6.5546863e-05	  -6.8766656e-13	   2.2389582e+02	
   1.7551396e-03	  -5.4475286e-05	  -1.4783562e-03	   2.9258185e-05	  -7.6745108e-13	   2.2395832e+02	
  -3.9514238e-03	   2.7052655e-04	   1.0589533e-03	  -5.2305173e-05	   1.4779132e-12	   2.2363838e+02	
   1.2499485e-03	   6.9089566e-05	   1.4001977e-03	   4.2373691e-05	  -1.2803515e-12	   2.2398660e+02	
   1.0421338e-03	   2.6038332e-05	  -5.9863721e-04	  -3.5547889e-05	  -8.7383043e-13	   2.2387028e+02	
  -8.0885886e-04	  -3.2271170e-05	   1.1380322e-03	   6.8319043e-05	  -4.1791890e-14	   2.2386930e+02	
  -1.3233055e-04	   5.9893725e-06	   1.3398842e-04	   5.1981170e-06	  -1.1131839e-12	   2.2387472e+02	
   3.3936861e-03	   3.9067346e-06	   1.1879265e-03	  -1.9815606e-05	  -5.2429826e-13	   2.2390887e+02	
  -5.1605909e-04	  -6.7684121e-06	   7.1409217e-04	   4.4741477e-05	  -8.9662601e-13	   2.2389333e+02	
  -1.2017897e-03	  -2.8681358e-05	  -1.7678869e-04	   7.7410320e-06	  -3.3053586e-13	   2.2391159e+02	
   2.4646209e-03	  -1.4300116e-04	  -3.4363908e-03	   1.6480052e-04	   1.4437198e-12	   2.2362730e+02	
  -1.1157352e-03	  -3.3638796e-05	  -8.6475321e-04	  -2.0473162e-05	  -1.7476609e-13	   2.2388910e+02	
  -1.2277816e-03	  -3.1745471e-05	   2.0719930e-03	   7.9969816e-05	  -2.5075134e-13	   2.2382566e+02	
  -2.2542827e-03	   1.9579608e-05	  -4.0763067e-06	   6.0757115e-06	  -5.6609015e-13	   2.2393926e+02	
  -3.9424523e-04	  -6.5239949e-07	   1.2110173e-03	   4.2871152e-05	  -8.8142896e-13	   2.2387280e+02	
   8.7659963e-04	   7.1322545e-07	   6.1371214e-04	  -3.4138471e-05	  -1.2917493e-12	   2.2400752e+02	
   1.0514947e-03	   6.3556491e-05	   5.1962367e-04	  -1.3629965e-07	  -6.7626877e-13	   2.2388928e+02	
   3.7577511e-04	   2.0203080e-06	   2.0518058e-03	  -3.6113035e-05	  -8.8902749e-13	   2.2396394e+02	
  -2.8876693e-04	  -2.5918422e-05	  -7.8645916e-04	  -2.9230992e-06	  -7.1046214e-13	   2.2390132e+02	
  -8.5784323e-04	  -3.2480725e-05	  -6.0079326e-04	  -4.9820588e-06	  -2.5075134e-13	   2.2391253e+02	
   2.2985509e-03	   6.8266422e-05	   1.7716312e-03	   3.5535375e-05	  -1.6336830e-13	   2.2380668e+02	
  -1.3058870e-03	   4.3589663e-05	   1.4946645e-03	  -2.9214288e-05	  -9.0042527e-13	   2.2396860e+02	
   7.3584923e-04	   4.3619463e-06	   9.8944203e-05	  -1.7267586e-05	  -8.1684149e-13	   2.2390402e+02	
  -8.1205136e-04	  -7.1062120e-05	  -1.1328797e-03	  -5.4887275e-05	  -1.4627161e-12	   2.2401073e+02	
   6.3100164e-04	   5.2885645e-05	   9.2773913e-04	   3.2982487e-05	  -7.1806066e-13	   2.2389053e+02	
  -1.6919382e-03	   5.7300961e-05	   1.5267531e-03	  -3.9168049e-05	  -8.0544371e-13	   2.2395975e+02	
   3.9842792e-05	   1.1228668e-05	   4.6704980e-04	   2.6748847e-05	  -1.0827898e-12	   2.2389691e+02	
  -5.3617864e-04	   4.0951656e-06	   2.0613090e-03	   7.5102862e-05	  -1.0561950e-12	   2.2397511e+02	
   1.6807654e-04	   3.5586583e-06	   2.8787481e-04	   8.2395122e-06	  -1.1169833e-12	   2.2387443e+02	
   3.7762367e-04	  -1.4876529e-05	  -2.0029084e-03	   1.8167149e-05	  -8.2823928e-13	   2.2396047e+02	
  -1.6291729e-03	   1.0726501e-04	  -3.8551641e-03	   3.0394506e-04	   1.4247236e-12	   2.2367251e+02	
   1.4492087e-03	  -6.2381099e-06	  -1.1317742e-03	  -1.4743431e-05	  -5.7748794e-13	   2.2394094e+02	
  -3.6722138e-04	   1.1577079e-06	   8.2372463e-04	   5.6274147e-05	  -7.8644739e-13	   2.2390000e+02	
  -1.3168799e-03	  -7.6644926e-05	  -6.3353687e-05	   3.3656996e-05	  -1.2803515e-12	   2.2400586e+02	
  -7.2286687e-04	  -5.8936842e-06	   1.3981076e-03	   3.7286022e-05	  -7.7884887e-13	   2.2383562e+02	
   2.4201224e-03	   5.9819163e-05	  -2.7864257e-05	  -2.4277429e-05	  -1.1169833e-12	   2.2396942e+02	
  -5.5543283e-05	  -3.9370795e-05	  -2.0402861e-03	  -1.7173144e-04	  -3.0584065e-12	   2.2407155e+02	
  -2.0904552e-03	  -2.9289550e-05	  -2.3844629e-03	  -6.5973441e-06	  -7.2945845e-13	   2.2393282e+02	
   1.1594372e-03	   5.3460569e-05	  -5.4249557e-05	  -3.0440604e-05	  -7.1806066e-13	   2.2389020e+02	
   2.0200587e-04	   6.0913987e-06	  -1.5999021e-04	  -3.0533466e-06	  -1.1701729e-12	   2.2400333e+02	
   2.7524843e-04	  -2.9159654e-06	  -1.3560822e-03	  -3.9555825e-05	  -8.3583781e-13	   2.2384317e+02	
   4.6656218e-04	   4.5667626e-07	  -1.3045283e-03	  -8.6849542e-05	  -1.3677346e-12	   2.2401032e+02	
   1.9055369e-03	   1.3537405e-04	  -2.8681622e-03	  -2.4389113e-04	  -3.1153955e-12	   2.2423502e+02	
  -9.8984433e-04	   2.8019179e-05	   1.7614808e-03	  -2.2094049e-05	  -7.9404592e-13	   2.2396106e+02	
  -9.5857649e-04	  -4.3747029e-05	  -3.6925417e-04	   6.5135493e-06	  -8.6623191e-13	   2.2388237e+02	
  -3.1144622e-04	  -8.3521298e-06	  -1.9770994e-03	   4.1585400e-05	  -8.2064076e-13	   2.2396457e+02	
  -1.1762687e-03	  -5.3706240e-05	   4.0718111e-04	   4.1957412e-05	  -6.5347319e-13	   2.2388149e+02	
   9.0692856e-04	  -1.4067672e-05	  -1.6733099e-03	   1.9366814e-06	  -8.0924297e-13	   2.2395959e+02	
  -3.4118484e-04	  -1.0316075e-05	  -4.5005974e-04	   1.1577662e-05	  -8.9282675e-13	   2.2390271e+02	
   6.1524761e-04	   2.4019280e-05	   4.4135294e-04	  -3.9616277e-05	  -1.4171250e-12	   2.2402676e+02	
   1.2001299e-03	  -4.0483622e-06	  -8.9402006e-04	  -1.5406436e-05	  -5.3949531e-13	   2.2386449e+02	
   9.1998742e-04	   2.0998451e-05	   6.5605230e-05	  -1.2781160e-05	  -3.5713070e-13	   2.2392871e+02	
  -2.4529913e-04	   5.1774961e-06	   1.3901252e-03	   7.1992369e-05	  -6.1168130e-13	   2.2387406e+02	
  -3.6129697e-04	  -6.7484524e-06	  -1.8608086e-03	   7.7644410e-06	  -7.8644739e-13	   2.2395840e+02	
   2.7853495e-03	   6.0851603e-05	  -8.4073917e-04	  -3.4101145e-05	  -2.0895945e-13	   2.2380711e+02	
  -1.4747393e-03	  -1.9568467e-05	   5.1649119e-05	   1.1604813e-05	  -4.8250637e-13	   2.2393198e+02	
   4.3514852e-04	  -9.6700213e-06	  -3.6159893e-04	  -1.0262392e-05	  -9.5361495e-13	   2.2387544e+02	
  -1.2589342e-03	   1.4890270e-05	  -2.4860377e-03	   5.0060162e-05	  -6.7246951e-13	   2.2394517e+02	
   2.7854453e-04	   2.6064002e-05	   1.1069231e-03	   3.6486445e-05	  -8.8142896e-13	   2.2386883e+02	
  -1.5809429e-03	  -6.8425458e-05	  -1.4387727e-03	  -3.4678489e-05	  -1.1929685e-12	   2.2398030e+02	
   4.4997570e-04	  -4.4023444e-06	  -3.5277671e-05	  -1.8581084e-05	  -9.4601643e-13	   2.2389705e+02	
   1.1011894e-03	  -1.4376395e-05	   1.6510432e-03	  -4.3638525e-05	  -8.8522822e-13	   2.2396799e+02	
  -2.1366012e-04	  -3.3604238e-05	  -7.7395790e-04	  -2.8661221e-05	  -8.7003117e-13	   2.2388476e+02	
  -2.0030798e-03	  -1.3043145e-05	   2.0927721e-03	   4.3163689e-05	  -8.2444002e-13	   2.2394278e+02	
   9.5745102e-04	   1.0010693e-05	  -1.3754653e-03	  -3.2602021e-05	  -7.4465550e-13	   2.2382386e+02	
  -2.1075618e-04	  -1.0391871e-05	  -5.8131662e-04	  -1.0811601e-05	  -9.7641048e-13	   2.2398963e+02	
   8.4659726e-05	  -3.4598366e-06	  -4.2590362e-04	  -2.7360938e-05	  -1.0827898e-12	   2.2388967e+02	
  -8.8469788e-04	   3.5666385e-05	   1.7408655e-03	  -3.8881584e-05	  -9.3841790e-13	   2.2397093e+02	
   5.0046933e-04	   4.7577170e-06	  -6.1872781e-04	  -4.7147570e-05	  -8.5863338e-13	   2.2388987e+02	
  -1.4975284e-03	  -1.4772178e-05	  -2.7667927e-06	   2.5241314e-06	  -8.3963707e-13	   2.2396098e+02	
  -3.8470189e-04	   1.7217773e-05	   7.4968918e-04	   1.9510650e-05	  -7.3325771e-13	   2.2389901e+02	
   6.8108127e-04	   1.4836085e-05	  -3.5589320e-05	  -1.8388404e-05	  -2.5455060e-13	   2.2391071e+02	
  -3.9924662e-04	  -4.4463478e-05	  -8.7679246e-04	  -3.8455729e-05	  -7.7884887e-13	   2.2389611e+02	
  -1.0965165e-03	   3.1744899e-05	   1.6894243e-03	  -2.3539771e-05	  -8.3203854e-13	   2.2396406e+02	
  -4.5170705e-04	  -4.3539308e-05	  -1.0773924e-03	  -4.8899348e-05	  -7.2945845e-13	   2.2389249e+02	
   1.6357250e-03	   6.7415000e-06	   3.0061955e-05	  -1.1734351e-05	  -6.6107172e-13	   2.2394803e+02	
   1.0512456e-03	  -6.4723116e-06	  -8.4898503e-04	  -9.7031230e-06	  -7.1806066e-13	   2.2385871e+02	
   2.1737575e-03	  -4.9380221e-05	  -4.5313736e-04	   7.0873871e-07	  -9.7261127e-13	   2.2396701e+02	
   1.0275798e-03	   4.6433667e-05	   1.4609945e-04	  -2.1992069e-05	  -8.0924297e-13	   2.2388946e+02	
  -4.2125824e-04	  -5.7430660e-06	  -1.9665269e-03	   4.1412290e-05	  -8.2823928e-13	   2.2396519e+02	
  -1.1487900e-03	   5.8289866e-05	  -2.2839770e-03	   1.3324523e-04	  -2.9330309e-12	   2.2401979e+02	
  -8.4471955e-04	   2.9627571e-05	   1.8105190e-03	  -3.0087672e-05	  -8.5863338e-13	   2.2396592e+02	
   1.8929227e-04	  -2.8703342e-07	  -2.8120537e-04	  -2.6276869e-05	  -1.0675928e-12	   2.2389404e+02	
   1.9648386e-03	  -5.1688515e-05	   8.4485954e-04	  -3.5180071e-05	  -8.9662601e-13	   2.2396725e+02	
   2.5754238e-04	   1.6759416e-06	  -1.5948965e-04	  -2.4893564e-05	  -1.0447973e-12	   2.2389578e+02	
   1.0503138e-03	   2.1723648e-05	  -9.6416651e-05	  -1.6894702e-05	  -3.5333144e-13	   2.2392478e+02	
  -1.3225590e-03	  -3.6161068e-05	   1.4403959e-04	   2.0111027e-05	  -8.3583781e-13	   2.2385705e+02	
  -9.1364651e-04	   4.3772404e-06	   1.3602693e-03	   1.5833264e-05	  -6.0788204e-13	   2.2394247e+02	
  -6.1140033e-04	  -1.7419473e-05	   2.3339069e-04	   3.3065599e-05	  -8.9282675e-13	   2.2390429e+02	
  -1.2940510e-03	   3.2911400e-06	   2.7966293e-03	   3.9010205e-05	  -6.8386730e-13	   2.2393259e+02	
  -2.2839518e-05	   9.4750064e-05	   1.1543856e-04	  -2.0662513e-05	  -4.2171817e-12	   2.2407306e+02	
  -3.9788007e-04	  -4.1810413e-05	  -1.0448553e-03	  -5.8173407e-05	   8.3583781e-14	   2.2386139e+02	
   3.5643750e-04	  -3.2049066e-06	  -8.8188433e-04	  -5.6439521e-05	  -8.0544371e-13	   2.2389247e+02	
   6.1938782e-04	  -2.5030757e-05	  -1.9231061e-03	   2.3446097e-05	  -7.9024665e-13	   2.2396231e+02	
   1.0504426e-03	   4.5963993e-05	   4.0433693e-04	  -9.1442240e-06	  -8.2823928e-13	   2.2386908e+02	
   6.3401152e-04	  -7.2861265e-07	  -1.0107990e-03	  -3.3323553e-05	  -3.8372554e-13	   2.2392363e+02	
  -1.0763321e-04	  -2.4711243e-05	  -7.1195790e-04	  -3.0353157e-05	  -9.4601643e-13	   2.2389826e+02	
   1.3050756e-03	   6.1385476e-05	   1.7114777e-03	   4.2607308e-05	  -1.0751914e-12	   2.2397709e+02	
  -8.8558496e-05	   9.3142500e-06	   1.3962136e-03	   3.9912763e-05	  -8.3203854e-13	   2.2384996e+02	
   4.3125612e-04	  -1.3008846e-05	  -1.6803922e-03	  -1.0906668e-05	  -6.4587467e-13	   2.2394719e+02	
  -5.2753362e-04	  -2.2388464e-05	  -1.3510280e-03	  -3.0051096e-05	  -7.9024665e-13	   2.2382807e+02	
   3.8893421e-04	  -2.4017097e-05	  -1.9721944e-03	   3.6883127e-05	  -8.5863338e-13	   2.2396732e+02	
  -5.7306705e-05	  -1.4504691e-05	  -2.0056987e-03	   3.5244741e-05	  -8.2064076e-13	   2.2396482e+02	
  -1.3616991e-03	   2.9977961e-05	  -4.0286983e-03	   1.4290904e-04	   1.4171250e-12	   2.2361362e+02	
   8.8376463e-04	   5.1929543e-06	  -8.8176214e-04	  -2.9368800e-05	  -4.4071448e-13	   2.2392719e+02	
   3.9585837e-04	   7.4972542e-06	  -1.4829070e-04	  -1.0581739e-05	  -1.0409980e-12	   2.2385124e+02	
   1.5087418e-03	   8.2705302e-06	  -2.1828770e-04	  -1.0317891e-05	  -7.6365181e-13	   2.2395725e+02	
  -5.6229441e-04	   1.5204615e-05	  -2.3883765e-03	   1.0072629e-04	  -2.9824212e-12	   2.2406515e+02	
  -1.1346496e-03	   4.6252230e-05	   1.6706582e-03	  -4.4419995e-05	  -9.7641048e-13	   2.2397275e+02	
   6.8777525e-04	   1.6149746e-05	  -6.1175977e-04	  -4.3967787e-05	  -8.6623191e-13	   2.2387773e+02	
  -1.2461689e-03	  -2.4306251e-06	   1.0079470e-03	   1.7479575e-05	  -5.8128720e-13	   2.2393995e+02	
   1.5727254e-03	   6.7051366e-05	   8.0151362e-05	  -1.9290939e-05	  -6.1927983e-13	   2.2386764e+02	
   5.9795094e-04	   1.3799972e-05	  -6.3510937e-04	  -7.6812446e-05	  -1.4475191e-12	   2.2402805e+02	
   3.8618126e-03	  -1.7092405e-04	   1.6198870e-03	  -9.3848511e-05	   1.4551177e-12	   2.2361505e+02	
   3.8415966e-04	  -2.4226620e-05	  -1.9698945e-03	   3.8411962e-05	  -8.7003117e-13	   2.2396799e+02	
   2.4651357e-04	   2.5330118e-05	   1.1097025e-03	   3.7441858e-05	  -8.7003117e-13	   2.2386417e+02	
   5.3747849e-04	   2.8502830e-05	   6.1492248e-04	   5.6854369e-06	  -3.0014176e-13	   2.2391895e+02	
   1.1489602e-03	   4.3077708e-05	   2.7989055e-04	  -1.2557133e-05	  -8.4723560e-13	   2.2386670e+02	
   1.6298441e-03	  -7.1883372e-06	   9.7404468e-04	  -1.3416494e-05	  -8.2444002e-13	   2.2396184e+02	
   6.0990212e-04	   5.0139978e-05	   9.2190540e-04	   3.0542762e-05	  -7.7504960e-13	   2.2388813e+02	
   8.6994530e-04	   2.0184146e-05	   4.2011970e-05	  -3.5758736e-06	  -1.0713921e-12	   2.2399793e+02	
   1.9703367e-04	  -4.0550534e-06	  -1.4092477e-03	  -3.8334006e-05	  -8.3963707e-13	   2.2384987e+02	
   1.6888237e-03	  -4.6406606e-05	  -1.1433408e-03	   1.1620793e-05	  -8.7762970e-13	   2.2396858e+02	
  -5.0788634e-05	  -1.9664517e-05	  -1.5348754e-03	  -6.6525566e-05	  -6.7246951e-13	   2.2386306e+02	
   1.0275517e-03	   1.9000460e-05	  -2.2995475e-04	  -1.9970171e-05	  -3.7992628e-13	   2.2392909e+02	
  -9.7303181e-04	  -4.7148572e-05	  -2.2075805e-04	   1.4048433e-05	  -8.2064076e-13	   2.2387848e+02	
  -5.2851780e-04	   3.6693434e-05	   9.1315887e-04	   5.9637566e-06	  -1.2917493e-12	   2.2400826e+02	
   6.5197655e-04	   5.0077903e-05	   9.6143688e-04	   3.1627093e-05	  -7.7125034e-13	   2.2388051e+02	
  -1.8258025e-03	   1.1269207e-05	  -7.3715874e-04	   1.1231492e-05	  -7.8264813e-13	   2.2395975e+02	
   4.8672178e-04	   1.8535679e-05	   1.1623475e-04	  -1.9757371e-05	  -9.7641048e-13	   2.2388212e+02	
  -1.5929133e-03	   2.8854772e-05	   1.2069416e-03	  -8.0404266e-06	  -8.3583781e-13	   2.2396462e+02	
  -2.4214678e-04	   8.2912813e-06	   9.3380800e-04	   4.9575380e-05	  -8.4723560e-13	   2.2388096e+02	
   2.9125701e-04	   7.1170245e-06	   1.4611554e-03	   8.5239403e-06	  -7.9784518e-13	   2.2395877e+02	
   2.6761868e-04	   3.4330556e-05	   9.6728948e-04	   3.8350436e-05	  -8.3583781e-13	   2.2388227e+02	
   6.0437930e-04	   2.1828496e-05	   3.6960318e-04	  -5.7342991e-06	  -2.9254323e-13	   2.2391752e+02	
  -4.5671864e-04	   9.3044611e-06	   2.5388249e-04	   2.4324942e-05	  -8.5863338e-13	   2.2390122e+02	
   1.3272416e-03	  -2.8505517e-05	   1.5301869e-03	  -5.1434233e-05	  -9.6121348e-13	   2.2397222e+02	
  -3.2738238e-05	   9.1336171e-06	   3.1774725e-04	   5.7134677e-06	  -9.9920615e-13	   2.2383233e+02	
   1.1444960e-03	  -9.4041814e-06	   1.6080874e-03	  -3.3424401e-05	  -8.3963707e-13	   2.2396513e+02	
  -1.1427908e-03	  -5.1850932e-05	   2.1326243e-04	   3.2840857e-05	  -7.4085624e-13	   2.2388388e+02	
  -1.0348253e-03	  -7.8484089e-06	  -1.7828608e-03	  -1.0027471e-06	  -5.2429826e-13	   2.2393550e+02	
  -2.2424634e-03	  -6.1594338e-05	   1.2915733e-03	   5.1621706e-05	  -2.3935355e-13	   2.2381711e+02	
  -1.3564350e-03	   4.6999382e-06	  -1.4209585e-03	   2.0890966e-05	  -7.3325771e-13	   2.2395779e+02	
   2.0598666e-03	   6.4405974e-05	   1.8345221e-03	   3.9261201e-05	  -2.2035724e-13	   2.2381290e+02	
  -2.3545312e-03	  -4.1540940e-05	   1.0774889e-03	   4.3355542e-05	  -9.8020979e-13	   2.2395981e+02	
   7.0672707e-04	   4.3087396e-05	   8.5036999e-04	   1.7111324e-05	  -8.5103486e-13	   2.2386877e+02	
  -7.2030342e-04	  -3.2235645e-05	  -6.4224982e-04	  -6.5513546e-06	  -2.7354692e-13	   2.2391789e+02	
   3.0777135e-04	  -3.2125495e-05	  -1.3444296e-03	   2.0620401e-05	  -3.8638502e-12	   2.2402050e+02	
   2.1052956e-03	  -5.2758281e-05	   9.0515925e-04	  -3.3029757e-05	  -8.2444002e-13	   2.2396044e+02	
  -3.0600025e-04	   1.5135443e-05	   1.2498021e-03	   3.3732980e-06	  -7.0286361e-13	   2.2384773e+02	
  -1.0794549e-03	   3.7208255e-05	   1.6303662e-03	  -2.9795586e-05	  -9.3461864e-13	   2.2397128e+02	
   1.6389823e-03	  -5.0325586e-05	  -6.5265943e-04	   9.6302137e-06	  -1.5956904e-12	   2.2413179e+02	
   2.0896525e-03	  -9.6859966e-05	   7.9550459e-04	  -4.8826799e-05	  -1.2537567e-12	   2.2397899e+02	
   1.9324411e-03	   6.8202110e-05	   1.4373755e-03	   3.1983118e-05	  -3.4573291e-13	   2.2382934e+02	
   1.4225091e-04	   1.9298484e-05	   1.4614163e-03	   8.0479140e-05	   2.3555429e-13	   2.2382384e+02	
   8.8476249e-04	   4.4692869e-05	   5.1893770e-04	  -3.9890079e-06	  -8.5483412e-13	   2.2388848e+02	
   1.2759457e-03	  -1.6380240e-05	  -1.4738948e-03	   4.8126795e-07	  -7.8264813e-13	   2.2396079e+02	
  -7.1063011e-04	  -4.0916852e-05	  -4.6483264e-04	   1.2925072e-06	  -8.8902749e-13	   2.2388838e+02	
  -1.1293789e-03	  -1.3791729e-05	  -1.3167340e-03	   1.1162128e-06	  -5.8128720e-13	   2.2394116e+02	
   1.7891691e-03	   3.8922940e-05	  -1.8615805e-03	  -6.2707369e-05	  -2.8494471e-13	   2.2381993e+02	
  -6.6426999e-04	  -1.2505415e-05	   7.0151298e-04	   1.5470865e-05	  -1.0561950e-12	   2.2399496e+02	
  -1.4738854e-03	  -3.6981163e-05	  -6.4932142e-05	   1.3280963e-05	  -7.5225403e-13	   2.2382247e+02	
   1.6005143e-03	   6.2458500e-06	  -2.8048852e-04	  -1.4457438e-05	  -6.2307909e-13	   2.2394642e+02	
   3.3083920e-04	  -1.0108126e-05	  -3.1526520e-04	  -2.6384759e-05	  -9.3081938e-13	   2.2389447e+02	
  -8.2915030e-04	   1.7421403e-05	   3.4992638e-03	   4.6833428e-06	  -5.0150268e-13	   2.2390979e+02	
  -8.8951848e-04	  -2.4629769e-05	   1.3458394e-03	   6.6968000e-05	  -5.9268499e-13	   2.2386069e+02	
  -1.5701422e-04	  -6.5528776e-05	  -5.8885534e-04	  -2.0300562e-05	  -1.6222852e-12	   2.2403155e+02	
  -1.1588511e-03	  -3.6655331e-05	   1.2280872e-03	   6.2732996e-05	  -5.6609015e-13	   2.2385674e+02	
  -1.7995407e-03	   4.0984146e-05	  -9.1652998e-04	   3.2747059e-05	  -9.1942159e-13	   2.2397089e+02	
   3.0091037e-04	   1.4281120e-05	   6.3599690e-04	   2.1395301e-05	  -1.0030054e-12	   2.2384204e+02	
  -4.8513121e-04	   1.0249657e-05	   1.6222071e-03	   1.0061500e-05	  -6.3067762e-13	   2.2394566e+02	
  -6.0411747e-04	  -2.9131833e-05	  -2.2320458e-04	  -1.5866463e-06	  -1.0182024e-12	   2.2385989e+02	
   1.2315894e-03	   1.7550100e-05	  -2.7349304e-04	  -1.9002120e-05	  -4.4831301e-13	   2.2392828e+02	
  -8.0607272e-04	  -5.1989237e-05	  -5.6926918e-04	  -6.7400156e-06	  -8.0544371e-13	   2.2388200e+02	
   6.1714807e-04	   8.2694334e-06	   1.7127154e-03	  -9.4017465e-06	  -7.0286361e-13	   2.2395462e+02	
   1.1866819e-03	   4.4675894e-05	   3.7312451e-04	  -8.8933780e-06	  -8.0924297e-13	   2.2384738e+02	
  -7.2508990e-04	   3.3959605e-05	   1.7718838e-03	  -4.4362253e-05	  -1.0333995e-12	   2.2397850e+02	
  -2.4155353e-04	   8.9247753e-06	   5.9762574e-04	   3.8373330e-05	  -9.1942159e-13	   2.2389762e+02	
   9.0638482e-04	  -2.0820736e-05	  -1.7444775e-03	   7.7970837e-06	  -7.8644739e-13	   2.2396298e+02	
  -1.0138207e-03	  -1.8393634e-05	   9.6640788e-04	   3.7957433e-05	  -7.7125034e-13	   2.2382809e+02	
   1.6373695e-03	   7.1786546e-06	   4.5263345e-04	  -1.0326783e-05	  -6.3067762e-13	   2.2394611e+02	
   3.4622612e-03	  -2.5307106e-04	  -2.5312837e-03	   1.5775698e-04	   1.3677346e-12	   2.2367713e+02	
   1.0354907e-03	  -2.2863659e-05	   1.7739014e-03	  -6.2853856e-05	  -1.0144032e-12	   2.2397611e+02	
   1.0031528e-04	   2.0075068e-05	   1.0182866e-03	   4.0777255e-05	  -9.0042527e-13	   2.2388004e+02	
   6.2057705e-04	  -3.2972220e-05	  -2.0140753e-03	   5.5982486e-05	  -9.4601643e-13	   2.2397181e+02	
  -4.8973023e-04	  -3.5760214e-06	   2.2495615e-03	   7.7013660e-05	  -3.5333144e-13	   2.2383280e+02	
  -4.0206942e-04	  -1.0265643e-05	  -1.9111640e-03	   1.8626784e-05	  -7.3325771e-13	   2.2395846e+02	
   1.2256329e-03	   4.5797581e-05	   2.3811669e-03	   6.1567388e-05	  -2.3555429e-13	   2.2381505e+02	
   2.0910148e-03	  -2.2419920e-05	  -2.9574374e-03	  -1.3929612e-06	  -5.7368868e-13	   2.2391378e+02	
   2.1730916e-04	  -3.8432784e-06	  -1.6835486e-03	  -3.1640027e-05	  -7.0666287e-13	   2.2380503e+02	
   7.4674995e-04	  -3.4733733e-05	  -1.8696777e-03	   4.2101265e-05	  -9.4981569e-13	   2.2397355e+02	
  -9.7466249e-07	   1.1686865e-05	   1.4501923e-03	   3.8805740e-05	  -7.9784518e-13	   2.2383458e+02	
  -9.3228451e-04	   2.2656196e-05	   1.7018899e-03	  -1.3836077e-05	  -8.0164444e-13	   2.2396290e+02	
  -1.0374293e-03	  -4.3669107e-05	  -5.8508140e-04	  -4.2638290e-06	  -8.0164444e-13	   2.2384186e+02	
   1.3341114e-03	  -1.8022666e-05	  -1.3466642e-03	  -4.8674470e-06	  -7.0666287e-13	   2.2395664e+02	
   5.7145380e-04	   6.0363059e-05	   7.0764995e-04	   2.9237781e-05	  -6.6107172e-13	   2.2390090e+02	
  -1.2958216e-03	   2.3816731e-05	   7.2986654e-04	   1.0466970e-05	  -1.0106039e-12	   2.2398474e+02	
  -7.1054828e-05	   6.4127123e-07	   1.1151382e-03	   1.0324272e-06	  -2.6138928e-12	   2.2419658e+02	
   1.2553644e-03	  -2.4343138e-05	   1.5223136e-03	  -4.9241711e-05	  -9.8780832e-13	   2.2397488e+02	
  -3.3728168e-03	   2.1293333e-04	  -2.5471923e-03	   1.8424844e-04	   1.4057272e-12	   2.2365902e+02	
  -6.8383663e-04	  -3.2975425e-05	  -4.6496694e-04	  -3.4574673e-07	  -2.2035724e-13	   2.2390854e+02	
  -6.4475662e-04	  -2.6877770e-06	   1.5470234e-03	   3.5101546e-05	  -6.9526509e-13	   2.2380310e+02	
   6.9869534e-04	  -3.1385413e-05	  -1.8535457e-03	   3.4432362e-05	  -9.1562233e-13	   2.2397216e+02	
  -8.9218794e-05	  -8.5080667e-07	   3.4301265e-04	   6.5638719e-06	  -9.5741422e-13	   2.2381769e+02	
   1.9630372e-03	  -2.8062947e-05	  -1.3622003e-04	  -1.2308439e-05	  -8.1684149e-13	   2.2396457e+02	
  -2.4174980e-03	  -1.1165671e-04	  -7.3280054e-05	   1.3566069e-05	  -1.1397788e-14	   2.2380717e+02	
  -9.0202949e-04	  -6.6274692e-05	  -8.2145193e-04	  -3.1522735e-05	   1.2537567e-13	   2.2385210e+02	
   5.3396461e-04	   3.7104256e-05	   6.3030018e-04	  -3.6966381e-06	  -8.1304223e-13	   2.2389431e+02	
   1.5414744e-03	  -2.9217127e-06	   1.0540026e-03	  -1.0958492e-05	  -7.8644739e-13	   2.2396102e+02	
  -3.9975054e-04	  -4.1752263e-06	  -8.2622586e-05	   2.3659828e-05	  -9.0422454e-13	   2.2388944e+02	
  -1.9808886e-03	   2.3906639e-05	   7.8235855e-05	   7.9197338e-06	  -8.0544371e-13	   2.2396398e+02	
  -3.7624556e-04	  -9.2706312e-06	   6.3566073e-04	   2.5098036e-05	  -9.7261127e-13	   2.2383531e+02	
   2.1456222e-04	   8.0339052e-06	   9.3314721e-04	   1.5402406e-05	  -7.1426140e-13	   2.2396633e+02	
  -8.0759748e-04	  -9.3764244e-07	  -2.5298986e-04	   1.7516926e-05	  -7.4845476e-13	   2.2388388e+02	
   1.1019878e-04	   1.1060126e-05	   2.3454582e-03	   4.2692735e-05	  -3.4953217e-13	   2.2391494e+02	
  -1.1042472e-03	  -4.2220846e-05	   6.0920798e-05	   2.3622792e-05	  -8.0164444e-13	   2.2386151e+02	
   1.5718990e-03	   9.9188320e-06	  -4.3170610e-05	  -1.2891087e-05	  -6.0788204e-13	   2.2394592e+02	
   3.9266431e-03	  -2.0502220e-05	   2.3702002e-03	  -2.9325508e-05	   1.0789906e-12	   2.2364869e+02	
   1.7097966e-03	   2.1856573e-06	   3.4848246e-05	  -1.2135327e-05	  -6.8006803e-13	   2.2395218e+02	
   1.7603272e-04	   2.4562557e-05	   9.7277838e-04	   3.8645367e-05	  -8.9662601e-13	   2.2387922e+02	
  -2.8092778e-03	   1.1525235e-04	  -3.7009465e-05	   1.3212010e-05	  -7.2185992e-13	   2.2396905e+02	
  -9.2494517e-04	  -2.4206033e-05	  -4.0930272e-04	  -3.5797630e-06	  -2.1047916e-12	   2.2412639e+02	
   7.9971635e-04	  -8.0465751e-06	  -1.0658584e-03	  -2.9081175e-05	  -5.5469236e-13	   2.2394756e+02	
   8.1247663e-05	  -6.1863128e-06	  -1.6762378e-03	  -3.1692385e-05	  -6.9526509e-13	   2.2380081e+02	
  -1.7765272e-03	   1.3410621e-05	   7.8854657e-04	   1.9661613e-06	  -7.5985255e-13	   2.2395957e+02	
   2.9621989e-04	   3.0387527e-05	   1.0741028e-03	   3.8120978e-05	  -8.2444002e-13	   2.2385932e+02	
   9.9119865e-04	   1.9738908e-05	  -9.4366754e-05	  -7.6114034e-06	  -1.0485965e-12	   2.2399750e+02	
   2.0671661e-04	   3.3343026e-05	   7.2540215e-04	   7.2817283e-06	  -8.3203854e-13	   2.2388648e+02	
   1.6068837e-03	  -5.2085896e-06	  -7.3125967e-04	  -1.3471557e-05	  -6.6867025e-13	   2.2395259e+02	
   3.3152491e-05	  -2.1379238e-05	  -3.8016220e-04	  -1.9652134e-05	  -7.8644739e-13	   2.2381155e+02	
   7.4907572e-04	   2.3129603e-05	   4.2457546e-04	  -2.6524927e-06	  -3.0774028e-13	   2.2392319e+02	
  -2.6095255e-04	  -2.8518193e-05	  -7.4752257e-04	  -2.9129440e-05	  -9.2322085e-13	   2.2387574e+02	
   1.5135017e-03	   1.3362010e-05	   7.8148729e-05	  -4.8817024e-06	  -8.3963707e-13	   2.2396370e+02	
  -5.5677648e-04	  -6.4398412e-06	   1.0954283e-03	   4.2263843e-05	  -8.4343633e-13	   2.2384525e+02	
  -7.3861151e-04	  -3.1391976e-05	  -5.9616723e-04	  -4.8227399e-06	  -2.6594839e-13	   2.2391770e+02	
  -2.5856859e-04	  -2.5177877e-05	  -4.4663710e-04	   5.7122520e-06	  -9.0422454e-13	   2.2387447e+02	
   1.1573629e-03	  -1.6247547e-05	   1.5374778e-03	  -4.2663328e-05	  -9.5741422e-13	   2.2397445e+02	
   4.0008872e-03	  -2.2735901e-04	   1.4934523e-03	  -1.0752990e-04	   1.3791324e-12	   2.2365395e+02	
  -6.1659164e-04	  -1.4455847e-05	   3.7034175e-04	   1.0212370e-05	  -1.1739721e-12	   2.2400423e+02	
  -8.6744583e-04	  -3.5571166e-05	   1.8876315e-05	   2.3336883e-05	  -8.7762970e-13	   2.2388116e+02	
   1.1375044e-03	   9.7823251e-06	  -7.1692632e-04	  -2.5295874e-05	  -4.6351006e-13	   2.2393218e+02	
   1.4544262e-03	   2.6036008e-05	  -2.3409153e-03	  -6.8988616e-05	  -2.1655798e-13	   2.2381077e+02	
  -1.5598250e-03	   1.7883033e-05	   1.0501886e-03	   2.6729450e-06	  -7.5225403e-13	   2.2395997e+02	
   1.2772458e-03	   4.3788333e-05	   6.4656855e-05	  -1.9766643e-05	  -7.7125034e-13	   2.2383973e+02	
   1.3936293e-03	  -3.7187782e-05	  -1.4122087e-03	   1.3075451e-05	  -8.7383043e-13	   2.2396959e+02	
   1.1004598e-03	   4.2673773e-05	   2.3639806e-03	   6.2126257e-05	  -2.6214913e-13	   2.2381625e+02	
   1.1680369e-03	   2.0990462e-05	   4.1889483e-06	  -1.3680677e-05	  -4.2551743e-13	   2.2392766e+02	
  -2.4146681e-03	   1.1784013e-04	  -3.4916384e-03	   2.0216173e-04	   1.4133257e-12	   2.2363869e+02	
  -8.9036129e-04	   2.6737892e-05	   1.7417943e-03	  -2.2184327e-05	  -8.6243265e-13	   2.2396785e+02	
   1.3492126e-03	   2.5354723e-05	  -7.4229197e-04	  -3.0210047e-05	  -7.3325771e-13	   2.2381693e+02	
   1.3334480e-03	  -7.3715188e-05	  -1.8467691e-03	   7.8361124e-05	  -1.2119649e-12	   2.2398094e+02	
  -3.7512104e-04	  -1.8702962e-06	   6.4293138e-04	   4.2112434e-05	  -9.1562233e-13	   2.2388576e+02	
   3.0243649e-04	   1.0565810e-05	   1.7127767e-03	  -3.6024644e-06	  -7.1426140e-13	   2.2395687e+02	
   3.6812914e-04	   5.0758337e-06	  -1.3088004e-04	  -8.9707888e-06	  -8.5483412e-13	   2.2379364e+02	
  -2.5413218e-04	  -2.1734374e-05	  -1.3148852e-03	  -2.3098109e-05	  -4.1032038e-13	   2.2392494e+02	
   5.0349605e-04	   2.0541346e-05	   2.4032942e-04	  -1.8232440e-05	  -9.1182306e-13	   2.2386863e+02	
  -2.1042912e-03	  -1.4768500e-05	  -2.8549013e-03	   9.0232370e-06	  -5.6609015e-13	   2.2391654e+02	
   2.3313588e-04	  -1.6230354e-05	  -3.7230258e-04	  -2.2933119e-05	  -9.1942159e-13	   2.2388220e+02	
   1.1914939e-03	   1.8673781e-05	  -1.8506854e-04	  -1.7701022e-05	  -4.4071448e-13	   2.2392836e+02	
  -1.0230676e-03	  -4.0035737e-05	  -6.7989060e-04	  -9.2458072e-06	  -8.3203854e-13	   2.2384225e+02	
   4.6606121e-04	   1.4570673e-05	   1.4450134e-03	   9.1449696e-06	  -5.6988941e-13	   2.2394271e+02	
  -7.7185153e-04	  -1.0739671e-05	   1.1672135e-03	   3.9389949e-05	  -7.9404592e-13	   2.2383449e+02	
   7.6728188e-04	  -3.3491243e-05	  -1.8033071e-03	   3.4138335e-05	  -9.4601643e-13	   2.2397500e+02	
   1.9159995e-05	  -2.4813383e-06	   3.1313295e-04	   6.2916315e-06	  -8.2444002e-13	   2.2378079e+02	
   1.3200119e-03	   6.3357594e-06	  -7.6054634e-04	  -2.1498337e-05	  -5.3189679e-13	   2.2394102e+02	
   1.3258281e-03	   6.2634875e-05	   8.0807506e-04	   1.4149748e-05	  -6.7246951e-13	   2.2386000e+02	
   1.3280853e-03	   1.4984088e-05	  -3.0554029e-04	  -1.0266568e-05	  -8.8142896e-13	   2.2396959e+02	
  -4.0784949e-03	   2.4310907e-04	  -1.1038544e-03	   8.5204140e-05	   1.4019279e-12	   2.2364953e+02	
   2.2603719e-04	   8.1283444e-06	   1.0471808e-03	   1.7183405e-05	  -6.6867025e-13	   2.2395500e+02	
   2.7438463e-05	   1.3004486e-05	   5.5009740e-04	   2.9578587e-05	  -9.8780832e-13	   2.2385413e+02	
   2.3046754e-03	   1.2535993e-05	   2.7988737e-03	  -1.3594524e-05	  -5.0530195e-13	   2.2391184e+02	
  -1.4647325e-03	  -3.4246251e-05	   2.0461625e-04	   1.9615311e-05	  -7.3325771e-13	   2.2381693e+02	
   5.7962653e-04	  -1.2505355e-06	   1.9731269e-03	  -3.4707723e-05	  -8.7003117e-13	   2.2396873e+02	
  -9.4521343e-04	  -5.4444666e-06	  -1.6080732e-03	   3.2190039e-06	  -6.9906435e-13	   2.2395468e+02	
   2.1340935e-03	  -1.6343524e-04	  -3.7826869e-03	   2.4822674e-04	   1.3335413e-12	   2.2368456e+02	
   1.2606047e-03	   1.8109496e-05	   3.3234691e-03	  -2.4518545e-06	  -5.3189679e-13	   2.2391509e+02	
  -1.5209426e-03	  -2.6881697e-05	   5.9993832e-04	   2.5282231e-05	  -6.6867025e-13	   2.2379527e+02	
  -2.2806085e-04	   5.4623567e-06	   1.6478206e-03	   8.0485588e-06	  -7.3705698e-13	   2.2395464e+02	
   8.4080250e-04	   4.6185663e-05	   5.6698023e-04	  -4.1192065e-07	  -8.3583781e-13	   2.2387646e+02	
   2.5419926e-03	  -9.8135019e-05	   1.2701561e-03	  -6.5223206e-05	  -7.2565919e-13	   2.2397085e+02	
  -1.0494986e-03	  -3.6876739e-05	  -9.5825845e-04	  -1.6051255e-05	  -7.2565919e-13	   2.2381016e+02	
   1.3210851e-03	   1.6053514e-05	   3.3774703e-04	  -6.4510504e-08	  -8.8142896e-13	   2.2396973e+02	
   8.4017933e-04	   3.5855800e-05	   2.4265749e-03	   6.6049330e-05	  -2.7354692e-13	   2.2381674e+02	
  -1.7100050e-03	   1.4342718e-05	   7.1953676e-04	   6.0273007e-06	  -7.4085624e-13	   2.2396100e+02	
   1.9719548e-03	   6.7639860e-05	   1.2686569e-03	   2.5484257e-05	  -3.7612701e-13	   2.2382977e+02	
  -1.2460864e-03	   3.4272617e-05	   1.6544617e-03	  -2.7175012e-05	  -9.0042527e-13	   2.2397149e+02	
  -6.3205554e-04	  -3.6475124e-05	  -3.4093564e-04	   1.0396120e-05	  -8.7003117e-13	   2.2388173e+02	
  -2.0759017e-03	   6.3465733e-06	   1.2406968e-04	   5.0042780e-06	  -6.0408278e-13	   2.2394372e+02	
   8.5370456e-05	   1.6091423e-05	   2.1324416e-04	   1.2130137e-05	  -8.5863338e-13	   2.2379388e+02	
  -5.5630284e-04	   5.7766903e-06	  -1.7673696e-03	   7.0072869e-05	  -1.4247236e-12	   2.2399188e+02	
  -3.3373815e-03	  -2.2651066e-04	  -1.2329223e-03	  -4.0945031e-05	   2.7126736e-12	   2.2346008e+02	
   1.2969000e-03	  -3.5734548e-05	   9.9571968e-04	  -4.7703311e-05	  -1.5007088e-12	   2.2399623e+02	
   8.9841354e-05	   3.4740255e-06	  -4.6090634e-04	  -1.6235791e-05	  -8.9662601e-13	   2.2380182e+02	
   2.5945177e-03	  -7.6060204e-06	  -7.0288242e-04	  -1.1534031e-05	  -4.7110858e-13	   2.2393535e+02	
  -1.3943971e-03	  -3.7632696e-05	   1.6070307e-03	   6.4669852e-05	  -4.1791890e-13	   2.2383732e+02	
   9.0213717e-04	   2.4785451e-05	   5.1024119e-04	  -2.5480999e-07	  -3.4193365e-13	   2.2392400e+02	
   9.9049085e-04	   6.6842321e-05	   4.2006719e-04	  -2.4768815e-06	  -7.6745108e-13	   2.2389674e+02	
   1.7926634e-04	   5.9704190e-06	   1.9599141e-03	  -1.6161249e-05	  -7.9024665e-13	   2.2396259e+02	
  -2.6766900e-03	   2.0550559e-04	   3.2219454e-03	  -2.1761790e-04	   1.3905302e-12	   2.2366938e+02	
  -1.9319986e-03	   4.9191026e-05	   2.7927185e-04	   4.9144355e-06	  -9.5741422e-13	   2.2397545e+02	
   1.2232378e-03	   5.0944506e-05	   5.4232865e-04	  -1.3242321e-06	  -7.4085624e-13	   2.2383850e+02	
  -4.1828068e-05	   6.9404829e-06	   1.8269576e-03	  -1.8660171e-06	  -7.4845476e-13	   2.2395909e+02	
  -7.0202171e-04	  -3.9613648e-05	  -3.4154945e-04	   7.9695478e-06	  -8.6623191e-13	   2.2387384e+02	
  -5.7139131e-04	   2.7140131e-05	   1.7785543e-03	  -3.4660342e-05	  -9.8400910e-13	   2.2397723e+02	
   4.0365492e-04	   1.0302961e-05	  -2.4991873e-04	  -2.8425167e-05	  -9.5361495e-13	   2.2385177e+02	
   2.1342829e-03	  -9.6977276e-05	   6.5022676e-04	  -4.1229255e-05	  -1.2537567e-12	   2.2398333e+02	
   9.8061555e-04	   4.0049313e-05	   1.0493418e-04	  -2.1427797e-05	  -8.3583781e-13	   2.2387386e+02	
   7.0579776e-04	  -1.1546491e-05	  -1.7704681e-03	  -1.8196984e-06	  -7.0666287e-13	   2.2395713e+02	
  -3.5361982e-04	  -1.1149139e-06	   7.1150399e-04	   4.3616916e-05	  -8.9662601e-13	   2.2387568e+02	
  -2.3775599e-03	   2.1918641e-05	   2.8529924e-03	   3.1766066e-06	  -4.6730932e-13	   2.2390738e+02	
  -5.9883541e-04	  -3.6887962e-05	  -9.6888610e-04	  -2.8813157e-05	  -7.9024665e-13	   2.2384625e+02	
   1.7267811e-03	  -4.6788939e-05	  -9.5813015e-04	   6.8266542e-06	  -9.3841790e-13	   2.2397476e+02	
  -6.4658984e-05	  -1.4867291e-05	  -4.3117890e-03	   1.9903744e-04	   1.3867309e-12	   2.2363347e+02	
  -6.1609901e-04	  -1.3958916e-05	  -1.6169474e-03	  -2.2752029e-06	  -6.0408278e-13	   2.2394742e+02	
  -1.2989877e-04	   1.8302602e-07	   3.7764511e-04	   8.0497034e-06	  -7.6365181e-13	   2.2376681e+02	
  -1.6231574e-03	   6.3162032e-05	   1.4902159e-03	  -4.4447859e-05	  -9.4221716e-13	   2.2397098e+02	
  -8.6274779e-04	  -2.4181559e-05	   9.6989888e-04	   5.4363255e-05	  -7.2945845e-13	   2.2385959e+02	
   1.2402931e-03	  -3.8549405e-05	  -1.5020860e-03	   1.8512964e-05	  -9.2322085e-13	   2.2397412e+02	
  -5.4474088e-04	  -3.5534968e-05	  -3.9027118e-04	   6.9406889e-06	  -8.7383043e-13	   2.2387550e+02	
  -1.5501891e-03	  -1.4951716e-05	  -3.9529254e-04	   6.8392089e-06	  -5.5849163e-13	   2.2394120e+02	
  -3.4653615e-05	   4.1910400e-06	   1.8674796e-03	  -3.2770143e-05	  -2.4353274e-12	   2.2412241e+02	
  -1.5286565e-03	   2.3165315e-05	  -1.1988949e-03	   3.2722878e-05	  -9.0042527e-13	   2.2397257e+02	
   3.6115300e-03	  -6.3943978e-05	   2.2470956e-03	  -6.0067077e-05	   1.3563368e-12	   2.2360607e+02	
   1.7592492e-03	  -5.4644485e-05	  -9.8610544e-04	   1.2030067e-05	  -9.7261127e-13	   2.2397599e+02	
   1.1457947e-03	   3.0477378e-06	   1.8762893e-04	  -8.7548756e-06	  -2.5948965e-12	   2.2419484e+02	
  -1.2101493e-04	  -2.5133200e-06	   7.3686628e-04	   2.2313594e-05	  -3.9892259e-13	   2.2392930e+02	
   7.7561685e-04	   4.5003971e-05	   1.0073545e-03	   2.5615913e-05	  -7.6365181e-13	   2.2384351e+02	
  -1.4707916e-03	  -1.7921259e-05	  -4.7334005e-04	   4.8615580e-06	  -5.3189679e-13	   2.2393981e+02	
   1.3505892e-04	  -1.3750226e-05	  -4.9633701e-04	  -3.0929206e-05	  -9.3081938e-13	   2.2387210e+02	
  -2.3574050e-04	  -8.5886021e-06	  -2.0154632e-03	   2.5031235e-05	  -7.8644739e-13	   2.2396652e+02	
  -2.8605509e-03	   1.8062179e-04	  -3.1827632e-03	   2.2871675e-04	   1.3677346e-12	   2.2367170e+02	
   8.2017862e-04	  -1.7686962e-05	  -1.8469132e-03	   9.0278090e-06	  -7.4465550e-13	   2.2396229e+02	
   1.0377324e-03	   5.0773794e-05	   8.7550043e-04	   1.6046158e-05	  -7.3325771e-13	   2.2384022e+02	
  -1.7854837e-03	   2.6495815e-06	   1.7796316e-05	   1.0687356e-05	  -6.6867025e-13	   2.2395441e+02	
  -2.4080520e-04	  -2.8702197e-05	  -6.5826246e-04	  -2.5609249e-05	  -9.0802380e-13	   2.2386398e+02	
   7.3445381e-04	   2.8054729e-05	   2.8135728e-03	   3.3142095e-05	  -8.5103486e-13	   2.2394877e+02	
   3.2363593e-04	  -2.7934326e-06	  -1.8489205e-03	  -2.8828615e-05	  -5.4709384e-13	   2.2375536e+02	
   6.3356475e-04	  -5.4217802e-06	   1.3994450e-03	  -5.5930429e-05	  -1.5500992e-12	   2.2399869e+02	
  -4.2059357e-05	   1.8439706e-05	   6.7375011e-04	   3.6441465e-05	  -9.0042527e-13	   2.2387188e+02	
   1.7201191e-03	  -3.0684539e-05	   8.4487631e-04	  -2.9923723e-05	  -9.4221716e-13	   2.2397560e+02	
  -9.4275801e-04	  -4.3412866e-05	  -3.5120496e-04	   4.5581856e-06	  -8.4343633e-13	   2.2386075e+02	
   1.2475127e-03	  -2.5013610e-05	   1.8766622e-03	  -5.3057543e-05	  -8.4343633e-13	   2.2396539e+02	
  -4.1694409e-04	  -1.6583600e-05	  -1.6295596e-03	  -2.9911834e-05	  -6.3067762e-13	   2.2377599e+02	
  -1.7764886e-03	   1.0723280e-05	  -6.0469748e-04	   1.4756737e-05	  -7.4845476e-13	   2.2396235e+02	
   7.7373535e-04	   4.6767186e-05	   6.3382341e-04	   5.1971660e-06	  -8.2444002e-13	   2.2387116e+02	
  -1.9109241e-04	   1.8939983e-05	   1.8433895e-03	  -3.7586587e-05	  -9.8020979e-13	   2.2397772e+02	
  -3.9532693e-05	  -1.8552161e-05	  -1.4382977e-03	  -6.1112181e-05	  -6.8766656e-13	   2.2386051e+02	
  -1.4110048e-03	  -1.6305926e-05	  -7.9142333e-04	   2.1938332e-06	  -5.3949531e-13	   2.2394075e+02	
  -3.0265580e-04	   2.2332719e-06	   3.1744084e-04	   3.3307675e-05	  -9.1182306e-13	   2.2387218e+02	
   7.2782085e-04	   2.1694087e-05	   9.5902449e-04	   9.8591235e-06	  -3.9892259e-13	   2.2392480e+02	
  -3.4865676e-04	   8.4777723e-06	   1.7680208e-03	  -3.2015550e-05	  -2.2605614e-12	   2.2413480e+02	
   8.3782860e-04	  -1.9215683e-05	  -1.8528599e-03	   1.1587453e-05	  -7.6365181e-13	   2.2396363e+02	
  -2.3504437e-06	  -1.2859868e-06	  -1.8995292e-04	   1.5912937e-06	  -6.3067762e-13	   2.2373247e+02	
   8.2203665e-04	   2.7182822e-05	   4.6478226e-04	  -7.1378086e-06	  -2.8114544e-13	   2.2392564e+02	
   5.4269982e-04	   1.8931975e-05	  -4.3718012e-05	  -2.4789325e-05	  -9.1182306e-13	   2.2384871e+02	
   6.3367522e-05	   3.5877035e-07	  -5.1570528e-04	  -1.5497393e-05	  -1.3563368e-12	   2.2401560e+02	
  -3.5925634e-05	   2.3138159e-05	   4.7165538e-04	   6.5867225e-06	  -7.5985255e-13	   2.2379149e+02	
   2.1744476e-04	   8.9924617e-06	   6.5015263e-04	   1.0676609e-05	  -8.5863338e-13	   2.2398165e+02	
  -3.5933661e-04	  -2.9014899e-05	  -8.4215664e-04	  -3.0735775e-05	  -8.8142896e-13	   2.2385869e+02	
   3.5300647e-04	   6.9509648e-06	   1.8592961e-03	  -2.2568518e-05	  -8.2444002e-13	   2.2396877e+02	
  -1.2978170e-03	  -1.5548351e-05	   1.1993041e-03	   3.1454791e-05	  -6.0408278e-13	   2.2377666e+02	
  -5.9097133e-04	  -1.1634486e-05	   9.6029772e-04	   8.6265244e-05	  -1.5652963e-12	   2.2402699e+02	
  -3.2116184e-03	   2.4035794e-04	   2.6716998e-03	  -1.7513795e-04	   1.4019279e-12	   2.2366527e+02	
   9.3728946e-04	   2.2175095e-05	   8.6720667e-04	   5.9851240e-06	  -3.9892259e-13	   2.2392638e+02	
  -5.1496952e-04	  -2.2543302e-05	  -5.4394604e-04	  -1.7414546e-05	  -8.5103486e-13	   2.2380251e+02	
   1.2028379e-03	  -1.3769382e-05	   1.4146989e-03	  -3.6285831e-05	  -9.4601643e-13	   2.2397674e+02	
  -1.1565556e-03	   2.0068844e-05	   1.5430512e-03	  -1.8343704e-05	  -2.5151119e-12	   2.2410721e+02	
  -2.0234420e-04	   1.1455045e-05	   1.6352854e-03	   1.0442851e-05	  -5.9268499e-13	   2.2394597e+02	
  -1.2279763e-03	  -1.6311128e-05	   1.2125050e-03	   3.4136554e-05	  -6.0788204e-13	   2.2377767e+02	
   1.6836701e-03	  -1.3541925e-05	   8.0867923e-04	  -2.0369692e-05	  -8.1304223e-13	   2.2396766e+02	
   1.1428274e-03	   5.2207867e-05	   8.3684339e-04	   1.3323319e-05	  -7.1046214e-13	   2.2383760e+02	
   9.6685001e-04	  -4.9980288e-06	   1.7010918e-03	  -2.7599284e-05	  -8.3203854e-13	   2.2396999e+02	
   7.0614123e-04	   2.4068631e-05	   1.5201586e-04	  -1.8259785e-06	  -6.7246951e-13	   2.2375351e+02	
  -2.7331245e-05	  -1.4144181e-05	  -2.0025112e-03	   5.3974649e-05	  -9.7641048e-13	   2.2397791e+02	
  -1.2323464e-03	  -4.1619237e-05	   6.8383953e-04	   4.3581872e-05	  -6.9146582e-13	   2.2385280e+02	
  -1.9132378e-03	   3.7683339e-05	  -7.3633609e-06	   1.1993222e-05	  -9.1182306e-13	   2.2397439e+02	
  -9.7585804e-04	  -3.7877601e-05	  -8.2910487e-04	  -1.5176061e-05	  -7.7504960e-13	   2.2381932e+02	
  -2.3410530e-04	  -1.2461090e-05	  -1.8944888e-03	   2.5838974e-05	  -8.2444002e-13	   2.2396942e+02	
   9.9103847e-04	   4.5768994e-05	   7.7292821e-04	   1.0313533e-05	  -7.7884887e-13	   2.2383450e+02	
  -2.7606011e-04	  -6.8917028e-06	  -1.0449526e-03	  -1.9479584e-05	  -1.1853700e-12	   2.2400335e+02	
   1.2332221e-04	   2.1391422e-05	   3.5291730e-04	   9.9267772e-06	  -6.4967393e-13	   2.2374906e+02	
  -1.7135337e-03	  -2.2195639e-05	   1.8811076e-03	   5.6467432e-05	  -1.0371987e-12	   2.2396709e+02	
  -1.0897633e-03	  -3.3976327e-05	   3.0415485e-04	   2.8003981e-05	  -8.1304223e-13	   2.2384544e+02	
  -1.1967776e-03	  -2.4815551e-05	  -7.6154807e-04	  -2.6730950e-06	  -4.1791890e-13	   2.2393071e+02	
   6.6434019e-04	   9.9525325e-06	  -1.5382559e-03	  -6.4763584e-05	  -6.2687836e-13	   2.2385272e+02	
   1.4891827e-03	  -2.8153937e-05	   1.1959277e-03	  -3.9283639e-05	  -9.9540684e-13	   2.2397887e+02	
   2.0197076e-04	  -5.1445139e-06	  -1.4822162e-03	  -4.0341930e-05	  -6.9146582e-13	   2.2379957e+02	
   1.6155098e-03	  -1.1591792e-05	  -8.0564023e-04	  -1.1906655e-05	  -6.9526509e-13	   2.2395730e+02	
   1.4724593e-03	   4.1458364e-05	   9.9166305e-05	  -1.5378733e-05	  -7.0666287e-13	   2.2381589e+02	
  -2.5269476e-03	  -6.1279777e-05	  -7.9925732e-04	   2.6526454e-06	  -8.7762970e-13	   2.2395758e+02	
   1.5681967e-03	   4.8216815e-05	  -6.7443431e-04	  -4.1726811e-05	  -6.2307909e-13	   2.2384785e+02	
   1.1220279e-03	   2.0109264e-05	   8.1734224e-04	   8.5123288e-07	  -4.9010490e-13	   2.2393742e+02	
  -2.4240389e-04	  -6.6398857e-05	  -7.3847148e-05	   3.6840765e-06	  -2.8304507e-12	   2.2436132e+02	
   6.5574237e-04	   7.4510878e-06	   1.5646359e-03	   3.9263853e-06	  -6.9146582e-13	   2.2395318e+02	
   5.0545250e-04	   3.4157799e-05	   4.6057346e-04	  -6.1174183e-06	  -8.4723560e-13	   2.2385106e+02	
  -2.0310958e-04	   1.9745899e-05	   1.8043032e-03	  -3.7259511e-05	  -1.0030054e-12	   2.2397999e+02	
   8.8948802e-04	   3.9631691e-05	   1.1276978e-03	   2.3890213e-05	  -7.2185992e-13	   2.2381928e+02	
  -1.7253487e-03	   1.0049083e-05	  -8.1437701e-04	   1.4430510e-05	  -7.3705698e-13	   2.2396411e+02	
   1.4765581e-03	   5.0877440e-05	  -2.4687112e-04	  -2.9901972e-05	  -6.8386730e-13	   2.2384852e+02	
   1.1897569e-03	   6.4455941e-06	   1.2563873e-03	  -9.1954858e-06	  -6.7246951e-13	   2.2395529e+02	
  -1.9690708e-04	  -2.6176701e-05	  -6.6723892e-04	  -2.8152337e-05	  -9.0042527e-13	   2.2386000e+02	
  -8.8075331e-04	  -1.3628765e-06	  -1.7999693e-03	   1.5188829e-05	  -7.1046214e-13	   2.2396120e+02	
   1.7581424e-03	   6.3180521e-05	   3.8621439e-04	  -5.5697579e-06	  -6.0028352e-13	   2.2383953e+02	
   1.8707023e-03	  -2.2652987e-05	  -1.1637073e-04	  -1.3499609e-05	  -8.1304223e-13	   2.2396897e+02	
  -1.9953436e-03	  -7.2345657e-05	  -3.2097119e-04	   3.8554027e-06	  -4.5591153e-13	   2.2383482e+02	
   1.5951731e-03	   2.6577503e-05	  -1.6971993e-03	  -6.1644090e-05	  -1.2537567e-12	   2.2398552e+02	
  -9.3950755e-04	   2.4053428e-06	  -1.8666055e-03	   1.9583244e-05	  -2.5493054e-12	   2.2408007e+02	
  -4.1766814e-04	   1.4847278e-05	   1.7791055e-03	  -7.4079931e-06	  -7.3325771e-13	   2.2396380e+02	
   1.4665143e-03	   3.1680132e-05	  -6.1590550e-04	  -3.0025758e-05	  -6.3827614e-13	   2.2379625e+02	
   1.8651801e-03	   7.9406811e-06	   6.5394758e-04	  -4.5527072e-06	  -5.3189679e-13	   2.2394018e+02	
   4.4199021e-04	   4.0280092e-05	   6.1283669e-04	   9.1623624e-06	  -8.3963707e-13	   2.2386098e+02	
   1.6236877e-03	   8.4767991e-06	  -1.4663821e-04	  -1.4244655e-05	  -5.5469236e-13	   2.2394390e+02	
   1.3721049e-04	   1.7229678e-05	   1.3075247e-03	   4.0545291e-05	  -7.7504960e-13	   2.2382325e+02	
  -9.2185094e-04	  -5.4593994e-05	   2.8035748e-04	   6.2899033e-05	  -1.6184859e-12	   2.2403327e+02	
   2.0682636e-03	   4.1903150e-05	  -2.1788861e-03	  -6.3896719e-05	  -9.4981569e-14	   2.2379272e+02	
   1.5651144e-03	   6.6818253e-06	   6.2717958e-04	  -1.0179589e-05	  -6.3827614e-13	   2.2395091e+02	
   4.4537798e-04	   6.7573743e-06	  -5.6880844e-04	  -4.0192198e-05	  -8.8522822e-13	   2.2386190e+02	
   1.5940624e-04	   6.0409776e-06	   2.0950636e-03	  -7.0827556e-05	  -1.0030054e-12	   2.2397762e+02	
  -4.6280265e-03	  -2.8936421e-05	  -4.8324389e-04	   1.2328581e-05	   6.5347319e-13	   2.2369985e+02	
  -2.4626673e-04	   1.5704337e-05	   2.0139214e-03	  -3.7730335e-05	  -8.9662601e-13	   2.2397498e+02	
   7.6442108e-04	  -2.8345974e-06	   1.4257825e-04	  -1.6253912e-05	  -6.8766656e-13	   2.2382235e+02	
   1.2640147e-03	  -4.2606255e-06	   1.7157976e-04	  -2.2448353e-05	  -8.8142896e-13	   2.2398404e+02	
  -2.6511258e-04	  -4.7149304e-06	   8.2139789e-04	   3.0400492e-05	  -7.5225403e-13	   2.2377922e+02	
   1.4367664e-03	   3.1202490e-05	   7.4881715e-05	  -4.4884287e-06	  -3.2293733e-13	   2.2391404e+02	
  -1.3923911e-03	  -2.2581151e-04	  -6.3291327e-04	  -6.5316615e-05	  -3.9018429e-12	   2.2416279e+02	
   2.0181983e-04	  -1.7664407e-05	  -1.8618830e-03	   1.0018064e-05	  -7.3705698e-13	   2.2396290e+02	
   1.3415067e-03	   4.5444366e-05	   4.0854587e-04	  -6.2469767e-06	  -7.2945845e-13	   2.2382249e+02	
  -1.6063543e-03	  -1.0310896e-05	  -5.3939507e-04	   6.9500588e-06	  -5.7368868e-13	   2.2394572e+02	
   5.3652357e-05	   1.9417880e-05	   5.9286556e-04	   3.0680265e-05	  -9.1562233e-13	   2.2384785e+02	
  -1.0273993e-03	  -7.1173449e-05	   5.5177239e-05	   4.6666335e-05	  -1.6146866e-12	   2.2403284e+02	
   1.1299499e-04	   2.5128605e-05	   5.9793963e-04	   2.7748662e-05	  -8.8902749e-13	   2.2385045e+02	
   6.8226756e-04	   2.2255680e-05	   9.7633568e-04	   1.1755692e-05	  -3.4953217e-13	   2.2391909e+02	
   1.1286575e-03	   4.5298927e-05	   9.4745493e-04	   1.5138123e-05	  -6.9906435e-13	   2.2381856e+02	
   7.9600030e-04	   5.3629997e-05	   1.2755835e-05	  -5.0037413e-05	  -1.3981287e-12	   2.2403106e+02	
   1.3071346e-03	   4.4774221e-05	   2.5902119e-04	  -1.1737380e-05	  -7.4845476e-13	   2.2382795e+02	
  -1.8685286e-04	   1.5236746e-05	   1.9191732e-03	  -2.9850673e-05	  -8.7003117e-13	   2.2397507e+02	
   1.1295870e-04	   1.4868896e-05	   1.6476672e-03	   3.9438497e-05	  -6.3447688e-13	   2.2378685e+02	
  -1.5929805e-03	   3.4595495e-05	  -1.1545201e-03	   3.8439388e-05	  -9.6121348e-13	   2.2397854e+02	
  -1.3167510e-03	  -7.0060409e-05	  -6.8831460e-04	  -1.4935914e-05	  -6.9146582e-13	   2.2386871e+02	
   6.6729487e-04	   1.1878837e-05	   1.5190485e-03	   1.5378147e-06	  -5.8888573e-13	   2.2394809e+02	
  -1.8193111e-03	  -5.6965297e-05	   1.1985926e-03	   5.3595910e-05	  -3.5713070e-13	   2.2382981e+02	
   1.9256304e-03	  -1.7111678e-05	  -1.5236081e-04	  -1.0927000e-05	  -7.4085624e-13	   2.2396554e+02	
   6.2305425e-04	   2.9274376e-05	   2.4625205e-03	   6.7729887e-05	  -2.7354692e-13	   2.2381292e+02	
   2.9635317e-04	  -1.7690613e-05	  -1.9027871e-03	   1.4323368e-05	  -7.5225403e-13	   2.2396766e+02	
   3.9015372e-04	   2.8266623e-05	   6.9587051e-04	   2.5767108e-05	  -8.6243265e-13	   2.2382153e+02	
  -2.3512042e-03	  -4.5621661e-05	   7.0494263e-04	   2.4775444e-05	  -1.8996314e-13	   2.2390102e+02	
   4.9572811e-04	   1.1312885e-05	  -1.5896475e-04	  -1.0452846e-05	  -5.6229089e-13	   2.2372257e+02	
   9.5559866e-04	   2.1905346e-05	   9.2202439e-04	   5.9457836e-06	  -4.0272185e-13	   2.2392844e+02	
   1.5111307e-03	   4.6643862e-05	  -4.4401177e-04	  -3.4074744e-05	  -6.5347319e-13	   2.2383811e+02	
   1.8612243e-03	  -6.4893970e-05	   1.3506477e-03	  -5.7114122e-05	  -1.1207826e-12	   2.2397967e+02	
  -1.6197338e-03	  -2.3581067e-05	   7.7055870e-04	   2.5326283e-05	  -5.6988941e-13	   2.2376589e+02	
   6.4076216e-04	   2.1982397e-05	   1.0426518e-03	   1.3334311e-05	  -3.4193365e-13	   2.2391832e+02	
   1.2794247e-03	   5.0132146e-05	   8.1045880e-04	   9.8413243e-06	  -6.7626877e-13	   2.2382169e+02	
  -1.8486952e-03	   7.1547130e-06	  -6.7111985e-04	   9.3197595e-06	  -6.8766656e-13	   2.2395959e+02	
   8.5650087e-04	   4.5039961e-05	   3.7544551e-04	  -9.5360434e-06	  -8.0924297e-13	   2.2386378e+02	
   9.3264514e-04	  -4.8534951e-05	   1.8988686e-03	  -1.4882178e-04	  -1.1359796e-12	   2.2401885e+02	
  -1.1207294e-03	  -4.0731872e-05	  -6.6085846e-04	  -8.1057620e-06	  -7.4845476e-13	   2.2381312e+02	
  -1.7428717e-03	   1.2025412e-04	  -4.5058993e-04	   5.4674658e-05	  -1.2575560e-12	   2.2402294e+02	
   7.4233257e-04	  -3.9712193e-06	   4.2282098e-03	  -1.1440245e-04	   1.3563368e-12	   2.2361472e+02	
  -3.9958960e-04	  -2.3708270e-05	  -1.3050993e-03	  -2.3070340e-05	  -3.0394102e-13	   2.2391568e+02	
   5.8602591e-04	   3.5914164e-05	   1.5385253e-03	   5.0984340e-05	  -6.3827614e-13	   2.2384300e+02	
   1.7266069e-03	  -4.2029513e-06	  -3.7412812e-04	  -1.3493318e-05	  -6.4207541e-13	   2.2395507e+02	
  -4.0481563e-04	  -2.5420983e-05	  -1.0528359e-03	  -3.4039689e-05	  -8.0164444e-13	   2.2383494e+02	
  -1.0529848e-04	   2.3432657e-05	   1.2989595e-03	   8.3078745e-05	  -1.2651545e-12	   2.2401034e+02	
   6.8314143e-04	   3.0639943e-05	   1.4276695e-03	   3.2484961e-05	  -6.4967393e-13	   2.2379662e+02	
   6.9117353e-04	  -3.1989693e-05	  -1.7485968e-03	   3.1001381e-05	  -9.7261127e-13	   2.2398030e+02	
  -5.0380073e-04	  -3.6218090e-05	  -6.6449852e-04	  -2.0212712e-05	  -8.5863338e-13	   2.2385041e+02	
   1.2456009e-03	  -4.0436668e-05	   1.9436509e-03	  -7.7389015e-05	  -1.1283810e-12	   2.2397879e+02	
   9.3440787e-04	   7.8002359e-05	  -9.5035249e-04	  -1.4320136e-04	  -3.3129571e-12	   2.2406609e+02	
  -4.4812589e-05	  -1.3450269e-06	  -9.8209205e-05	  -7.3363040e-06	  -1.2613552e-12	   2.2401331e+02	
   1.3972279e-03	   2.8620479e-05	  -6.7126685e-04	  -3.0042409e-05	  -6.6867025e-13	   2.2380043e+02	
  -1.0364426e-03	  -1.4073795e-05	  -3.4434343e-03	   1.2350263e-05	  -5.9268499e-13	   2.2392167e+02	
  -1.3812900e-04	   8.2803073e-06	   2.1598134e-03	   6.6610925e-05	  -4.5211227e-13	   2.2383120e+02	
   2.6019117e-03	   2.8489612e-05	  -9.7593785e-04	  -3.4698159e-05	  -1.0371987e-12	   2.2396468e+02	
  -1.0225442e-04	   1.0875550e-05	   8.2760698e-04	   4.3435359e-05	  -8.6243265e-13	   2.2385595e+02	
  -1.9025530e-03	   4.4410140e-05	  -2.1701540e-04	   1.6338239e-05	  -9.6121348e-13	   2.2397942e+02	
   1.6422413e-03	   5.6234433e-05	   2.3780851e-04	  -1.1509228e-05	  -6.3067762e-13	   2.2382942e+02	
   1.1198943e-04	  -4.7372499e-06	  -1.5793017e-03	  -3.4578139e-05	  -2.9254323e-13	   2.2391128e+02	
   1.6706293e-03	   4.0600990e-05	  -1.2038871e-03	  -4.9565622e-05	  -5.0910121e-13	   2.2383073e+02	
   9.0621308e-04	  -6.1062418e-06	   1.4824858e-03	  -3.7418723e-05	  -9.9540684e-13	   2.2398286e+02	
   2.1346964e-03	   7.0987994e-05	   1.9271186e-05	  -1.5326049e-05	  -4.2171817e-13	   2.2383083e+02	
  -1.1745026e-03	   2.9193317e-05	   1.6657292e-03	  -2.3144646e-05	  -8.5103486e-13	   2.2397345e+02	
  -1.3608466e-03	  -4.5070638e-05	   2.3975974e-03	   1.4635373e-04	  -2.6404877e-12	   2.2409506e+02	
   7.2314688e-04	  -5.5305589e-06	  -1.8868174e-03	  -1.1267136e-05	  -4.9010490e-13	   2.2393832e+02	
  -5.6404258e-05	  -1.9021424e-05	  -6.0761036e-04	  -3.0701181e-05	  -8.9662601e-13	   2.2384850e+02	
  -1.6986427e-03	   3.5499704e-05	   7.0677861e-04	  -1.1324350e-07	  -9.1182306e-13	   2.2397709e+02	
   1.1533077e-03	   9.8450829e-06	  -1.5786775e-03	  -2.8704804e-05	  -4.7870711e-13	   2.2374116e+02	
   7.5232566e-04	   5.6383281e-05	   1.0272007e-03	   5.1598696e-05	   6.0028352e-13	   2.2375740e+02	
   2.1249979e-03	   6.5902595e-05	   1.1084920e-03	   1.7722511e-05	  -3.6472923e-13	   2.2381838e+02	
  -1.9680116e-05	   1.5493145e-05	   1.7920432e-03	  -4.5662714e-05	  -1.0675928e-12	   2.2398498e+02	
   1.0616665e-03	   4.6599003e-05	   7.5293637e-04	   9.6258950e-06	  -7.4845476e-13	   2.2382650e+02	
  -2.1184083e-03	   1.8227132e-05	  -4.5122513e-04	   9.8655878e-06	  -6.4207541e-13	   2.2395306e+02	
  -1.1928238e-03	  -1.0167519e-05	   1.5221871e-03	   3.0981370e-05	  -4.9770342e-13	   2.2375037e+02	
   8.0003955e-04	   8.0970550e-06	   1.5414635e-03	  -8.8610073e-06	  -6.8766656e-13	   2.2395824e+02	
   1.2541810e-03	   2.3665561e-05	  -8.7026627e-04	  -3.3189235e-05	  -6.9146582e-13	   2.2380229e+02	
  -1.7192597e-03	  -1.8619518e-05	   6.0619115e-04	   1.1456707e-05	  -4.2551743e-13	   2.2392623e+02	
  -5.9658191e-04	  -1.5439577e-05	  -7.3115633e-04	  -1.5356141e-05	  -1.3373405e-12	   2.2414930e+02	
  -3.1270495e-03	  -1.3374786e-05	   7.9925029e-04	   2.4251402e-05	  -7.1806066e-13	   2.2393496e+02	
   7.3720911e-04	   3.9916643e-05	   1.3576465e-03	   3.9686389e-05	  -6.6487098e-13	   2.2383212e+02	
   1.1596117e-03	   1.5197677e-05	  -6.4458587e-04	  -1.8898208e-05	  -5.5849163e-13	   2.2394368e+02	
   2.2763013e-04	  -3.4892081e-06	  -1.7593176e-03	  -3.1468784e-05	  -5.7748794e-13	   2.2376073e+02	
   1.1812322e-04	   1.2365503e-05	   1.6570997e-03	   6.2083240e-06	  -5.8508647e-13	   2.2394809e+02	
  -1.4968622e-03	  -3.8380672e-05	  -1.0118836e-04	   1.1538629e-05	  -6.8766656e-13	   2.2380024e+02	
  -2.0378131e-04	   9.0636706e-06	   1.9608388e-03	  -1.1328958e-05	  -7.2185992e-13	   2.2396210e+02	
  -3.7724766e-03	  -2.1321872e-04	  -1.5789727e-03	  -5.4953370e-05	  -2.7544655e-12	   2.2429492e+02	
  -5.3922161e-04	  -2.2315497e-05	  -1.4040466e-03	  -1.7038293e-05	  -3.6472923e-13	   2.2392635e+02	
   4.9846829e-04	   5.5643663e-07	  -1.8053765e-03	  -3.0173434e-05	  -5.1290047e-13	   2.2374546e+02	
  -1.5446522e-03	   3.9897860e-05	   8.9661918e-04	  -6.5685095e-06	  -9.8020979e-13	   2.2398216e+02	
   7.9171564e-05	   1.6400546e-05	   1.7923757e-03	   5.9336252e-05	  -5.8508647e-13	   2.2382912e+02	
   2.5640164e-04	  -1.8556980e-05	  -3.6164371e-03	   1.4479579e-05	  -6.0788204e-13	   2.2392167e+02	
  -8.2652166e-04	  -2.9322706e-06	   1.8749269e-03	   3.1994765e-05	  -4.2931669e-13	   2.2373376e+02	
  -1.5819007e-03	  -7.1330249e-06	  -7.1017475e-04	   8.3122404e-06	  -5.9268499e-13	   2.2394981e+02	
   1.9054046e-03	  -1.5629729e-05	   1.1887885e-04	  -8.4292465e-06	  -2.4505244e-12	   2.2410729e+02	
  -1.3139032e-03	   1.6252077e-05	   1.4841419e-03	  -1.0826238e-05	  -9.4221716e-13	   2.2397034e+02	
   5.5231859e-04	   1.6539379e-05	  -3.8116449e-04	  -3.1656984e-05	  -8.5863338e-13	   2.2382812e+02	
  -1.8143352e-03	   1.2270792e-05	   1.5087140e-04	   9.7046777e-06	  -7.1046214e-13	   2.2396435e+02	
  -1.0385120e-03	  -3.0563619e-05	  -1.3326507e-03	  -2.2425769e-05	  -5.7748794e-13	   2.2376613e+02	
   6.6695475e-04	   1.4900503e-05	   8.2714753e-06	  -9.9116873e-07	  -1.2081656e-12	   2.2400950e+02	
   1.3266135e-03	   2.9474039e-05	  -8.8374832e-04	  -3.8314143e-05	  -6.2687836e-13	   2.2380323e+02	
   1.7927922e-03	  -3.3307310e-05	   3.9438850e-04	  -2.2443975e-05	  -9.5361495e-13	   2.2398042e+02	
   6.9485889e-04	   2.1365274e-05	  -4.3793569e-05	  -8.2500679e-06	  -5.6609015e-13	   2.2372677e+02	
   1.2060688e-03	  -2.6624500e-05	   1.6758187e-03	  -5.5995891e-05	  -9.7261127e-13	   2.2397930e+02	
   1.2065129e-03	   1.1770623e-05	  -1.4790477e-03	  -2.9379431e-05	  -4.9770342e-13	   2.2374562e+02	
  -8.2168444e-04	   1.7373087e-05	   1.6062018e-03	  -4.0011478e-06	  -7.4085624e-13	   2.2396513e+02	
  -1.5109687e-03	  -4.4770269e-05	  -3.9042683e-04	   3.5358627e-06	  -6.1927983e-13	   2.2379280e+02	
  -1.8209975e-03	   1.2894510e-04	  -5.7637931e-04	   6.1709436e-05	  -1.1929685e-12	   2.2402513e+02	
   4.0722254e-03	  -2.7395624e-05	   1.5458479e-03	  -2.7890500e-05	   1.1967678e-12	   2.2362626e+02	
   6.6419267e-04	   1.1877220e-05	  -4.1255930e-04	  -1.6172862e-05	  -6.8766656e-13	   2.2396766e+02	
   1.0266189e-03	   3.7288909e-05	   1.3167035e-03	   2.4874653e-05	  -6.0408278e-13	   2.2378564e+02	
   1.2217750e-04	  -2.8507762e-06	  -4.2567306e-04	  -1.2395868e-05	  -1.0523957e-12	   2.2399958e+02	
   1.1368445e-03	   2.6449071e-05	  -1.0781065e-03	  -4.7808529e-05	  -6.4207541e-13	   2.2382468e+02	
  -1.5172574e-03	   1.6119454e-05	   9.8497588e-04	   4.3813058e-06	  -7.2185992e-13	   2.2396472e+02	
  -9.1925395e-05	  -1.5252644e-05	  -3.1006451e-04	  -8.7458225e-06	  -5.3569605e-13	   2.2371918e+02	
   1.2348055e-03	   6.0138984e-06	   1.1895331e-03	  -9.6952377e-06	  -6.6487098e-13	   2.2395631e+02	
   2.1379244e-04	   1.3578861e-05	   9.1658025e-04	   3.1681295e-05	  -7.2565919e-13	   2.2378008e+02	
  -1.5399977e-04	  -1.0366982e-06	  -1.2680022e-04	  -2.8336909e-06	  -1.1093847e-12	   2.2400343e+02	
   1.6188897e-03	   4.8290346e-05	   2.5411402e-04	  -1.0635922e-05	  -6.2307909e-13	   2.2380519e+02	
  -5.2831269e-04	  -1.3340897e-05	  -6.8640039e-05	  -4.3334699e-06	  -1.3031472e-12	   2.2401439e+02	
   2.5680914e-03	   5.6774353e-05	  -8.1527517e-04	  -3.3575755e-05	  -2.6214913e-13	   2.2380450e+02	
  -1.7200338e-03	   1.1599477e-05	   4.8660482e-04	   8.9341620e-06	  -6.9146582e-13	   2.2396271e+02	
  -1.9173594e-03	   9.2702966e-05	   1.6909055e-03	  -7.1632030e-05	  -2.7088743e-12	   2.2405462e+02	
  -1.4152958e-03	   2.6314764e-05	   1.2150077e-03	  -6.0840089e-06	  -8.0924297e-13	   2.2397398e+02	
  -3.5083409e-04	  -2.1106465e-06	   9.1897949e-04	   4.6526899e-05	  -8.1684149e-13	   2.2384801e+02	
  -7.2279706e-04	  -3.2937329e-06	  -1.8003084e-03	   2.0372705e-05	  -7.2945845e-13	   2.2396826e+02	
  -1.4250519e-03	  -3.8794332e-05	   9.6456448e-04	   4.4711158e-05	  -5.8888573e-13	   2.2382147e+02	
  -3.0924480e-04	  -6.7728032e-06	   4.5668962e-04	   1.0774328e-05	  -1.3259427e-12	   2.2401584e+02	
  -9.7775168e-04	  -4.1295380e-05	  -2.0042770e-03	  -5.4028811e-05	  -4.1791890e-13	   2.2382550e+02	
  -6.1016432e-04	   2.0662493e-05	   3.6559253e-03	  -1.4823273e-05	  -5.1290047e-13	   2.2391462e+02	
  -9.3879066e-04	  -4.5535692e-06	   1.8465380e-03	   3.1511716e-05	  -4.1032038e-13	   2.2372857e+02	
   3.8767804e-04	   1.6107121e-05	   1.4238862e-03	   1.4991318e-05	  -4.1791890e-13	   2.2393094e+02	
   6.2688051e-07	  -7.1098446e-06	  -2.0067888e-03	  -2.9462882e-05	  -4.1032038e-13	   2.2372186e+02	
  -1.6000598e-03	   9.6122969e-06	   2.8207650e-03	   2.1841863e-05	  -7.2565919e-13	   2.2393541e+02	
  -8.6399392e-05	  -1.5884437e-05	  -1.8109029e-03	   9.8189088e-06	  -7.0286361e-13	   2.2396267e+02	
  -1.6444014e-03	  -2.8289048e-05	   5.8224085e-04	   2.3774519e-05	  -5.7368868e-13	   2.2376630e+02	
   1.2191248e-03	   2.2387171e-07	   1.2981188e-03	  -1.4805918e-05	  -7.1426140e-13	   2.2396570e+02	
   7.2621160e-04	   2.5413620e-05	  -4.9322673e-04	  -2.8570675e-05	  -6.0788204e-13	   2.2376131e+02	
   9.9187137e-04	   1.8595031e-05	   1.0750521e-04	  -8.8025312e-07	  -1.1511767e-12	   2.2400605e+02	
  -3.2912313e-04	  -7.7279399e-06	  -2.1776277e-04	  -5.0620361e-06	  -5.4709384e-13	   2.2371540e+02	
   4.6555133e-04	  -1.8226944e-05	  -1.7747962e-03	   3.2041867e-06	  -6.8006803e-13	   2.2396312e+02	
   8.9357020e-05	   1.7329129e-06	   4.5319623e-04	   1.2828375e-05	  -4.9770342e-13	   2.2370450e+02	
  -8.2439936e-04	  -5.8716322e-05	  -5.4308855e-04	  -7.1147156e-06	   2.8494471e-13	   2.2383165e+02	
   5.2286838e-04	   4.6633589e-07	  -1.9215280e-03	  -2.8736793e-05	  -4.3691522e-13	   2.2372832e+02	
   1.6052928e-03	   1.1415111e-05	   1.7680515e-04	  -1.1533680e-05	  -5.1669974e-13	   2.2394259e+02	
  -1.7711607e-03	   1.6951214e-05	  -8.5933105e-04	   1.2859008e-05	  -3.0470087e-12	   2.2414056e+02	
  -1.3530161e-03	   1.9822958e-05	  -1.2544916e-03	   3.5050622e-05	  -9.4601643e-13	   2.2398102e+02	
  -5.2187818e-04	  -1.2148705e-05	   7.5201779e-04	   2.7471330e-05	  -6.2687836e-13	   2.2375008e+02	
  -3.9544909e-04	   1.8580203e-05	   3.5403370e-03	  -4.2971674e-06	  -5.7368868e-13	   2.2392173e+02	
  -1.0743871e-03	  -4.1964932e-05	  -1.1134572e-05	   1.7614300e-05	  -7.8264813e-13	   2.2384120e+02	
   1.7304578e-03	  -2.4145770e-05	   4.1843585e-04	  -2.1151972e-05	  -9.0042527e-13	   2.2397850e+02	
   2.3924185e-03	   6.2071468e-05	   2.6829737e-04	  -8.7004433e-06	  -3.9512333e-13	   2.2381392e+02	
  -1.2607004e-03	  -7.9543820e-05	  -7.9031001e-05	   3.2180202e-05	  -1.2955486e-12	   2.2401689e+02	
  -6.5047211e-04	  -2.1201266e-05	  -1.4992862e-03	  -2.8384127e-05	  -6.1548057e-13	   2.2377184e+02	
   1.5654069e-03	   9.4758181e-06	   5.1245696e-04	  -9.8014221e-06	  -5.5849163e-13	   2.2394699e+02	
  -1.7886654e-03	  -2.7548994e-05	   5.4562646e-04	   2.1532373e-05	  -5.0530195e-13	   2.2375106e+02	
  -5.8394368e-04	   2.7649455e-05	   1.5249879e-03	  -2.4004006e-05	  -1.0220016e-12	   2.2398742e+02	
   1.5024097e-03	   2.9873499e-05	  -2.0191791e-03	  -6.3285378e-05	  -2.9254323e-13	   2.2380834e+02	
  -3.4798254e-05	   4.6720165e-05	   6.7777700e-04	   4.9578916e-05	  -1.3183442e-12	   2.2402887e+02	
  -8.1671610e-04	  -3.8555066e-05	  -7.7177518e-04	  -1.8455921e-05	  -7.7884887e-13	   2.2382537e+02	
  -1.1050190e-03	  -1.9316533e-05	  -1.1849006e-03	  -4.2845773e-06	  -4.2931669e-13	   2.2393411e+02	
  -8.9432134e-04	  -5.6032043e-05	  -3.5924737e-04	  -2.8713312e-06	  -7.1426140e-13	   2.2385856e+02	
   2.8371341e-04	  -1.3345816e-05	  -1.5724940e-03	  -2.3935545e-05	  -3.8752480e-13	   2.2392948e+02	
  -1.6086571e-03	  -4.8963370e-05	  -7.7226247e-05	   1.3209961e-05	  -6.0028352e-13	   2.2380049e+02	
   1.2111939e-03	   1.8535328e-05	   9.0308218e-04	   3.2724093e-07	  -4.4451374e-13	   2.2393462e+02	
  -1.0578008e-03	  -4.6627522e-05	  -1.0906757e-03	  -2.7173688e-05	  -6.3067762e-13	   2.2381636e+02	
   5.5265625e-04	  -1.3228360e-05	  -1.6294653e-03	  -1.5040928e-05	  -5.1669974e-13	   2.2394456e+02	
  -1.8670866e-03	  -2.7375695e-05	   5.5627814e-04	   2.1036013e-05	  -4.5591153e-13	   2.2373871e+02	
  -1.7355913e-03	  -9.1772939e-07	  -2.1203839e-04	   2.5841056e-06	  -9.3461864e-13	   2.2396991e+02	
   1.3005656e-03	   2.1017640e-05	  -1.0498679e-03	  -3.2744572e-05	  -6.0408278e-13	   2.2377623e+02	
  -3.3698118e-04	  -1.0326297e-05	  -1.8591621e-04	  -2.4767747e-06	  -1.1435780e-12	   2.2400631e+02	
  -2.2231647e-04	   4.6607867e-06	   2.2772690e-03	   7.1095934e-05	  -3.6472923e-13	   2.2381857e+02	
   1.3279719e-03	   1.2202620e-05	   9.4475425e-04	  -4.2811585e-06	  -5.3569605e-13	   2.2394566e+02	
   1.0379169e-03	   2.8620202e-05	  -6.0112068e-04	  -3.6998722e-05	  -7.4845476e-13	   2.2382959e+02	
   1.5244302e-03	   2.5772680e-05	   7.8111737e-04	   7.0207090e-06	  -3.5713070e-13	   2.2391770e+02	
   5.6170136e-05	  -1.5530762e-05	  -2.0833583e-04	  -1.3295255e-05	  -6.1548057e-13	   2.2374924e+02	
  -2.5954441e-03	   2.9888993e-05	  -1.0902926e-03	   2.3508459e-05	  -4.8630563e-13	   2.2395134e+02	
  -3.1563885e-04	  -1.2055289e-05	  -1.8173588e-03	  -2.8718475e-05	  -5.0530195e-13	   2.2374106e+02	
   1.0109219e-03	  -1.0969681e-05	   1.4155055e-03	  -3.9383941e-05	  -1.0182024e-12	   2.2398586e+02	
   1.6697193e-03	   5.6129590e-05	   8.7218433e-04	   1.0404988e-05	  -5.4709384e-13	   2.2380989e+02	
  -1.7414841e-03	   1.2989462e-06	  -1.2997070e-04	   1.0863188e-05	  -6.3067762e-13	   2.2395635e+02	
   8.2180263e-04	   6.8583515e-06	   1.5196554e-03	  -1.1815331e-05	  -7.0286361e-13	   2.2396218e+02	
  -9.3610166e-05	  -1.4015789e-05	  -1.5522507e-03	  -4.3652848e-05	  -6.1927983e-13	   2.2379192e+02	
   9.3433269e-04	  -3.3045423e-05	  -1.4819712e-03	   1.4703819e-05	  -9.4221716e-13	   2.2398259e+02	
  -1.5483636e-03	  -3.2204057e-05	  -1.0156290e-03	  -8.9466126e-06	  -4.9390416e-13	   2.2374223e+02	
   6.9211007e-04	   1.6088782e-05	  -1.3086670e-03	  -8.8857947e-05	  -1.6602778e-12	   2.2401877e+02	
   1.3524145e-03	   4.9914256e-05	   1.1673628e-03	   2.1837605e-05	  -5.6988941e-13	   2.2380499e+02	
  -6.0579124e-04	  -2.1497084e-06	  -1.6938574e-03	   3.9533470e-05	  -9.6501274e-13	   2.2398353e+02	
   4.5041562e-04	   2.9101714e-05	   1.1757156e-03	   3.6853022e-05	  -7.4465550e-13	   2.2381736e+02	
   1.1476550e-03	  -1.3666015e-05	   1.2947973e-03	  -3.6317242e-05	  -9.9160753e-13	   2.2398570e+02	
  -1.4952741e-04	   7.7926026e-06	   1.9456177e-03	   3.7426801e-05	  -4.7110858e-13	   2.2374814e+02	
  -1.3491521e-03	   2.9124870e-05	   1.1030316e-03	  -4.5554603e-06	  -8.8142896e-13	   2.2397899e+02	
   7.7534922e-04	   2.5532882e-05	   1.7814542e-03	   3.0260737e-05	  -4.7110858e-13	   2.2374765e+02	
  -7.1170536e-05	  -1.8046400e-05	  -1.5403087e-03	  -2.4081051e-05	  -3.2293733e-13	   2.2392243e+02	
   1.6202335e-03	   4.5970302e-05	   8.5107251e-04	   6.7985097e-06	  -5.1669974e-13	   2.2377126e+02	
   1.2156988e-03	  -2.1313619e-07	   1.2658324e-03	  -1.5494762e-05	  -7.1426140e-13	   2.2396746e+02	
  -2.2103989e-03	   6.2370212e-05	   3.8147345e-03	  -7.5865436e-05	   1.2537567e-12	   2.2363227e+02	
  -1.6342637e-03	  -5.4898954e-06	  -5.2167603e-04	   9.4425945e-06	  -5.8128720e-13	   2.2395151e+02	
   1.0338881e-03	   4.2277298e-05	   2.3686769e-04	  -1.1879197e-06	  -6.0028352e-13	   2.2376599e+02	
   6.3363408e-04	  -7.6950353e-06	  -1.7493797e-03	  -1.1980737e-05	  -5.5469236e-13	   2.2394772e+02	
   6.7352050e-04	   2.2625241e-05	   1.8570662e-03	   3.0799627e-05	  -4.5591153e-13	   2.2374339e+02	
  -1.1812945e-03	  -5.6395168e-06	  -1.3070585e-03	   9.8495233e-06	  -6.2687836e-13	   2.2395869e+02	
   7.1483024e-04	   2.6963448e-05	   1.7141158e-03	   3.3193763e-05	  -5.1290047e-13	   2.2376114e+02	
   1.3536092e-03	   1.2665099e-05	  -1.1715869e-04	  -7.0500224e-06	  -1.0447973e-12	   2.2398545e+02	
   1.8102027e-03	   4.3362136e-05	   3.1616024e-04	  -8.3408573e-06	  -5.2809752e-13	   2.2376979e+02	
   2.1787689e-03	  -3.4140597e-05	  -2.1423200e-06	  -1.0130174e-05	  -7.3325771e-13	   2.2396482e+02	
  -4.4243688e-03	   1.5795643e-04	   3.6684315e-04	   4.8459560e-06	   1.2651545e-12	   2.2364775e+02	
  -8.9685469e-04	   1.1042585e-05	  -1.9856728e-03	   4.7041273e-05	  -8.0924297e-13	   2.2397159e+02	
  -2.0514066e-04	  -1.6734039e-06	   9.4485081e-04	   3.5191066e-05	  -7.0286361e-13	   2.2377670e+02	
  -8.4703467e-04	  -1.2504998e-05	  -1.5047539e-03	   2.6462768e-06	  -5.5849163e-13	   2.2395098e+02	
  -1.6741221e-03	  -3.4724252e-05	  -9.1445104e-04	  -6.4877555e-06	  -4.4831301e-13	   2.2373257e+02	
  -2.0161571e-03	   4.6888262e-05	  -7.4920931e-04	   2.5530106e-05	  -8.5103486e-13	   2.2397394e+02	
   1.5972599e-03	  -5.9365931e-05	  -4.2641885e-03	   1.1048146e-04	   1.2233626e-12	   2.2364730e+02	
  -1.5742694e-04	  -6.0417968e-06	  -2.5533286e-03	   1.4368573e-04	  -8.3583781e-13	   2.2400752e+02	
  -7.2477735e-04	  -7.1899520e-06	   2.6039934e-03	   6.7189218e-05	  -2.3935355e-13	   2.2379703e+02	
   7.5713516e-04	   1.7173673e-05	  -1.0082725e-05	  -5.8188994e-06	  -6.3827614e-13	   2.2396306e+02	
   2.7777582e-03	   4.9959145e-05	  -1.0970328e-03	  -3.4427526e-05	  -1.6716756e-13	   2.2378411e+02	
  -1.2314379e-03	  -8.4753638e-05	  -1.3962252e-04	   2.6279139e-05	  -1.6526793e-12	   2.2402785e+02	
  -5.0436801e-04	  -1.1753709e-05	   8.3331353e-04	   3.1890479e-05	  -6.7626877e-13	   2.2376869e+02	
   1.0098600e-03	  -8.5625769e-06	  -1.3660937e-03	  -1.7977532e-05	  -5.2049900e-13	   2.2394539e+02	
   1.0519338e-03	   1.2040959e-05	  -2.3046749e-03	  -5.8101732e-05	  -3.4573291e-13	   2.2380167e+02	
  -2.1230944e-04	   2.1646379e-05	   1.5650437e-03	  -2.8310567e-05	  -1.0409980e-12	   2.2398918e+02	
   8.3399334e-04	   4.5070116e-05	   4.0550346e-04	  -2.5559348e-06	  -7.7884887e-13	   2.2383814e+02	
  -1.2841536e-03	   9.0927327e-05	   8.9399523e-04	  -2.1266630e-05	  -1.3069464e-12	   2.2402654e+02	
  -9.3407511e-04	  -2.9599639e-05	   1.9799303e-06	   6.3337308e-06	  -6.1168130e-13	   2.2374987e+02	
  -1.3203527e-03	  -1.6192177e-05	  -1.1522134e-03	  -7.3598881e-06	  -4.9010490e-13	   2.2393909e+02	
   2.0872067e-03	   4.3548295e-05	  -9.2533791e-04	  -3.5970131e-05	  -4.1791890e-13	   2.2379750e+02	
  -1.6559840e-03	   1.4852946e-05	  -2.3193475e-03	   3.6904420e-05	  -4.7490785e-13	   2.2395259e+02	
  -2.4669838e-03	  -6.3106413e-05	   2.1395150e-04	   1.8857364e-05	  -3.3053586e-13	   2.2380515e+02	
   1.8627491e-03	  -3.8590154e-05	   1.5351008e-04	  -1.7881902e-05	  -9.4221716e-13	   2.2398245e+02	
   2.1555324e-04	  -7.5202587e-06	  -2.6843215e-03	  -6.2745357e-05	  -2.5834987e-13	   2.2379615e+02	
  -1.1274185e-03	   1.7824958e-05	   1.3342781e-03	   4.1965764e-07	  -7.2565919e-13	   2.2396809e+02	
  -1.7539861e-03	  -3.3332183e-05	   2.0999395e-03	   5.8111202e-05	  -2.2415650e-13	   2.2379317e+02	
  -1.3910213e-03	   1.5833098e-05	   1.6199205e-03	  -8.2656284e-06	  -6.2687836e-13	   2.2395488e+02	
  -1.9970895e-04	  -1.0776131e-05	  -2.0231325e-03	  -3.2566798e-05	  -3.5333144e-13	   2.2370771e+02	
   1.0609205e-03	  -3.1144554e-05	  -1.3135106e-03	   5.4100817e-06	  -9.0042527e-13	   2.2398089e+02	
  -1.2197338e-03	  -2.2500605e-05	   1.7234681e-03	   5.4039649e-05	  -4.5971079e-13	   2.2380339e+02	
  -1.2744858e-03	  -7.1908983e-06	  -1.1642601e-03	   9.5125433e-06	  -6.1548057e-13	   2.2395566e+02	
   1.4418186e-03	   4.6994906e-05	   2.6650674e-04	  -9.7875532e-06	  -6.6107172e-13	   2.2380832e+02	
  -8.4907665e-04	  -7.3454494e-07	  -1.4241209e-03	   2.9643236e-05	  -9.1182306e-13	   2.2398169e+02	
   8.8873529e-04	   3.2588302e-05	  -1.7935097e-04	  -2.3142480e-05	  -7.7125034e-13	   2.2381079e+02	
   1.3111855e-03	   3.9900166e-06	   1.0701639e-03	  -1.8379861e-06	  -9.2702011e-13	   2.2397110e+02	
   1.9374981e-03	   4.7396378e-05	  -1.2839477e-04	  -1.9367400e-05	  -4.9390416e-13	   2.2378272e+02	
   1.7291334e-03	  -1.0170423e-05	  -3.0734274e-04	  -1.3092378e-05	  -6.6867025e-13	   2.2396368e+02	
   1.0882572e-03	   6.4689227e-05	   4.8394895e-04	   2.7281253e-06	  -7.3705698e-13	   2.2386693e+02	
   3.4174369e-04	   5.1125359e-06	   1.7228528e-04	  -4.2087053e-07	  -8.8142896e-13	   2.2398574e+02	
  -1.1855563e-03	  -4.7632794e-05	  -1.2186748e-03	  -2.9307693e-05	  -5.6609015e-13	   2.2380552e+02	
   1.6913556e-04	   7.5835270e-06	   1.0751300e-03	   2.3054078e-05	  -5.2429826e-13	   2.2394331e+02	
  -1.0560621e-03	   1.9344806e-05	  -1.7320347e-03	   4.2748287e-05	  -2.4657215e-12	   2.2411692e+02	
   2.1900575e-04	  -1.4814011e-05	  -1.6229231e-03	  -1.9848379e-05	  -4.1411964e-13	   2.2393380e+02	
   1.6047641e-03	   3.3491168e-05	  -1.1621108e-03	  -4.2837697e-05	  -4.9390416e-13	   2.2379339e+02	
   3.7425918e-04	  -1.7973288e-05	  -1.7306121e-03	   6.8787945e-07	  -6.5347319e-13	   2.2396179e+02	
   1.9085161e-03	   2.6765402e-05	  -2.1427090e-03	  -4.9837637e-05	  -2.2795577e-13	   2.2378818e+02	
  -9.0697712e-04	   2.8027872e-05	   1.4163166e-03	  -1.3316112e-05	  -9.3081938e-13	   2.2398282e+02	
   1.7428173e-03	   3.8341347e-05	  -8.2364724e-04	  -3.5202296e-05	  -5.0150268e-13	   2.2378613e+02	
  -4.2857028e-04	  -1.2643822e-05	  -2.0032491e-04	  -2.8840500e-06	  -1.1435780e-12	   2.2400689e+02	
  -1.6172825e-03	   1.7129353e-05	  -4.7278595e-04	   1.8167837e-05	  -8.4343633e-13	   2.2397768e+02	
  -7.4779852e-04	  -3.6762455e-05	  -1.8808965e-03	  -5.6340084e-05	  -4.6730932e-13	   2.2382486e+02	
  -9.8867453e-04	   2.9019654e-05	   1.2664513e-03	  -9.5098499e-06	  -9.4601643e-13	   2.2398486e+02	
   8.1012570e-04	   3.0898505e-05	   1.7749979e-03	   3.7636934e-05	  -4.6730932e-13	   2.2376554e+02	
   2.4866444e-03	  -3.4147087e-05	  -2.5389407e-03	   6.3590841e-06	  -7.4465550e-13	   2.2393263e+02	
   2.9665848e-03	   5.3878787e-05	   6.7732920e-05	  -1.2380320e-05	  -1.9756166e-13	   2.2378073e+02	
  -1.6719608e-03	   1.3920342e-05	   4.4624585e-04	   8.7397952e-06	  -7.1046214e-13	   2.2396787e+02	
   7.1068392e-04	   7.4272522e-06	  -1.7374004e-03	  -5.0976197e-05	  -5.0150268e-13	   2.2378090e+02	
   1.3144451e-03	   1.3443391e-05	   8.9109174e-04	  -4.1463623e-06	  -4.9770342e-13	   2.2394353e+02	
  -1.3322090e-04	  -6.1494050e-06	  -8.1551247e-04	  -2.7558131e-05	  -5.8888573e-13	   2.2374016e+02	
  -1.8502170e-03	  -2.9885999e-05	  -2.2980109e-03	  -9.1366470e-06	  -9.8780832e-13	   2.2395914e+02	
   8.1740373e-04	   2.4683080e-05	  -5.8421680e-04	  -3.9396863e-05	  -7.6365181e-13	   2.2383519e+02	
  -7.1664407e-04	  -1.4397073e-05	  -3.3312905e-03	   1.4806026e-05	  -7.8644739e-13	   2.2393799e+02	
   4.4477046e-04	   7.4037199e-06	  -8.5657277e-04	  -4.3884110e-05	  -7.9404592e-13	   2.2383206e+02	
   8.1316375e-04	  -1.9623073e-06	   1.3398681e-03	  -3.3354366e-05	  -1.0030054e-12	   2.2398856e+02	
  -1.6056215e-03	  -3.3989821e-05	  -9.2553766e-04	  -7.6418078e-06	  -4.6730932e-13	   2.2373405e+02	
   7.0238256e-04	  -1.2384295e-05	  -1.5314760e-03	  -1.6433368e-05	  -5.0530195e-13	   2.2394537e+02	
  -2.2112937e-04	  -9.7502314e-06	  -2.1606357e-03	  -3.0416295e-05	  -2.3555429e-13	   2.2367781e+02	
   1.6614715e-03	   1.7061689e-05	   2.3742779e-04	  -5.5399883e-06	  -4.9010490e-13	   2.2393944e+02	
   2.0131851e-03	   5.2981283e-05	   5.6093036e-04	  -1.4204916e-06	  -4.5211227e-13	   2.2378405e+02	
   2.8114644e-04	   1.4368088e-05	   1.5339234e-03	   1.1517129e-05	  -4.5591153e-13	   2.2393742e+02	
   4.3279481e-04	  -2.6234907e-05	  -1.8049990e-03	   3.4484618e-05	  -9.6121348e-13	   2.2398472e+02	
   5.1692706e-04	   1.8013349e-05	   2.0175593e-03	   3.1353990e-05	  -3.8372554e-13	   2.2372304e+02	
  -2.6614781e-04	  -1.5115542e-05	  -1.6749418e-03	   1.9693804e-05	  -8.1684149e-13	   2.2397519e+02	
   1.0639942e-04	  -6.2289767e-06	  -8.4115067e-04	  -4.1591754e-05	  -6.9526509e-13	   2.2379987e+02	
  -3.0907611e-04	  -2.1497025e-05	  -1.4675987e-03	  -2.2759200e-05	  -2.6214913e-13	   2.2391580e+02	
  -6.9234400e-04	  -1.7312527e-05	   8.4099918e-04	   4.3213493e-05	  -7.5225403e-13	   2.2382722e+02	
   1.2855866e-03	   1.4417346e-05	   1.0956578e-03	   4.8718181e-06	  -5.2809752e-13	   2.2394271e+02	
   3.9284364e-04	   7.7006909e-06	  -3.8759560e-04	  -1.5143834e-05	  -4.7490785e-13	   2.2370599e+02	
  -1.9393470e-03	   1.5268858e-05	  -4.1893912e-05	   7.8736520e-06	  -6.9906435e-13	   2.2396695e+02	
  -1.8970876e-03	  -3.6967146e-05	  -6.0659205e-04	   1.7200314e-07	  -3.8372554e-13	   2.2371875e+02	
   1.7100659e-03	  -8.1067405e-05	   1.9934001e-03	  -1.1785723e-04	  -8.0544371e-13	   2.2400494e+02	
  -1.5173787e-03	  -5.1142665e-05	  -8.8502028e-04	  -1.3953536e-05	  -5.3569605e-13	   2.2378934e+02	
  -1.3979197e-03	   5.4853478e-06	  -9.2940183e-04	   1.9012579e-05	  -7.7125034e-13	   2.2397231e+02	
   2.8201839e-03	   6.1639007e-05	   6.7945390e-04	   1.2669800e-06	  -1.8996314e-13	   2.2378433e+02	
  -1.3315979e-03	   3.5139482e-05	   9.8792848e-04	  -7.2030558e-06	  -9.9160753e-13	   2.2398811e+02	
   1.2332420e-03	   1.0981929e-05	  -1.8232714e-03	  -2.9968503e-05	  -2.3935355e-13	   2.2368057e+02	
   6.5493391e-04	  -5.2734884e-06	   1.7693732e-03	  -4.9927979e-05	  -1.0068046e-12	   2.2398658e+02	
  -1.7913601e-03	  -3.6276297e-05	  -5.5158995e-05	   1.1308585e-05	  -4.9770342e-13	   2.2374519e+02	
  -2.2184503e-04	  -1.7000731e-05	  -1.6856290e-03	  -1.4525518e-06	  -5.6988941e-13	   2.2395241e+02	
   2.7510769e-04	  -2.4250868e-06	  -2.0230538e-03	  -3.1781373e-05	  -3.3813439e-13	   2.2370229e+02	
   1.8363194e-03	  -9.1943037e-06	  -3.0446124e-04	  -6.2726063e-06	  -9.4221716e-13	   2.2397505e+02	
   1.6133722e-03	   3.9895936e-05	   1.2611819e-03	   1.4995691e-05	  -4.0652112e-13	   2.2373879e+02	
  -1.8096531e-03	   1.2938493e-04	   1.9380907e-04	   8.7597200e-06	  -1.1663737e-12	   2.2403001e+02	
  -2.5968132e-03	  -5.6907253e-05	   5.5294263e-04	   2.5305153e-05	  -2.7354692e-13	   2.2379223e+02	
  -2.7551279e-03	  -1.8960688e-05	  -1.7118604e-03	   9.7463789e-06	  -7.6745108e-13	   2.2394220e+02	
  -1.2074723e-04	   8.6442161e-06	   2.4033525e-03	   5.5706349e-05	  -3.6092996e-13	   2.2378497e+02	
  -3.5514667e-04	  -1.4033510e-05	  -1.6851770e-03	   6.0561353e-06	  -6.3827614e-13	   2.2396155e+02	
   1.5675987e-03	   3.0321219e-05	  -2.4293343e-03	  -7.3034754e-05	  -1.4437198e-13	   2.2380243e+02	
   3.9755509e-04	  -2.8422608e-06	  -1.5104810e-03	  -2.6631523e-05	  -4.7490785e-13	   2.2393948e+02	
   9.4793455e-04	   4.6262591e-05	   6.6812507e-04	   1.1464690e-05	  -7.2185992e-13	   2.2381709e+02	
  -1.0793887e-03	  -7.4452535e-06	  -1.3204541e-03	   8.9470322e-06	  -6.1927983e-13	   2.2395954e+02	
  -2.2023869e-03	  -5.2753839e-05	   5.1513887e-04	   2.6259072e-05	  -3.9892259e-13	   2.2379478e+02	
  -2.1468242e-04	  -1.7157489e-05	  -1.5836529e-03	   2.0854174e-05	  -8.7383043e-13	   2.2398028e+02	
   1.6539132e-03	   1.8607044e-05	  -1.4331194e-03	  -2.8354015e-05	  -2.6974766e-13	   2.2369237e+02	
  -1.6317854e-03	  -8.6269664e-06	  -1.2084662e-03	   5.8565634e-07	  -4.9010490e-13	   2.2394239e+02	
  -9.5232933e-04	  -4.2373583e-05	  -2.1986933e-04	  -1.0482424e-08	  -6.4967393e-13	   2.2378593e+02	
  -4.7570090e-04	   1.8248239e-05	   3.2319417e-03	   4.0060430e-06	  -8.0164444e-13	   2.2394118e+02	
  -2.3500990e-03	  -4.9607187e-05	   8.8060214e-04	   3.2525554e-05	  -3.3053586e-13	   2.2379090e+02	
  -2.0097401e-03	   5.2699289e-05	  -1.7090894e-04	   1.3697924e-05	  -9.3081938e-13	   2.2398188e+02	
   1.8107076e-03	   4.0878241e-05	  -1.4663718e-03	  -5.1211531e-05	  -3.7612701e-13	   2.2381176e+02	
   1.4863357e-04	   1.6738316e-05	   3.7100490e-03	  -3.2149344e-05	  -5.6988941e-13	   2.2391959e+02	
   6.8108642e-04	  -2.6033737e-05	  -1.6923002e-03	   3.2564835e-05	  -2.5113126e-12	   2.2411142e+02	
  -1.5217416e-03	   1.6021667e-05	   7.7130332e-04	   6.6643178e-06	  -7.2565919e-13	   2.2396891e+02	
   4.7492304e-04	   1.8584379e-05	   2.0736771e-03	   3.5228341e-05	  -3.5333144e-13	   2.2372082e+02	
   1.3613857e-04	   1.2255674e-05	   1.6711358e-03	  -8.9648934e-06	  -7.0666287e-13	   2.2396734e+02	
   1.7670366e-03	   3.7777726e-05	  -1.9530787e-04	  -1.9110264e-05	  -5.3189679e-13	   2.2376356e+02	
   6.3462851e-04	  -1.1100552e-05	  -2.7265958e-03	  -3.5681865e-05	  -1.1549759e-12	   2.2397171e+02	
  -3.0553589e-03	   1.0716873e-04	  -3.2616532e-03	   1.3978355e-04	   1.2765523e-12	   2.2365129e+02	
   8.8405908e-04	   1.0837093e-05	   1.3282330e-03	  -3.3818115e-06	  -5.6609015e-13	   2.2395306e+02	
   2.9917413e-03	   5.1793985e-05	   7.2926937e-04	  -6.9623779e-07	  -1.5576977e-13	   2.2376812e+02	
   1.5273747e-03	  -3.8262720e-06	   7.1198284e-04	  -1.4995226e-05	  -7.0286361e-13	   2.2396826e+02	
  -8.9412740e-04	  -9.0492593e-06	   2.2372673e-03	   5.3734761e-05	  -3.4193365e-13	   2.2377372e+02	
   1.1080210e-03	  -2.2117344e-05	  -1.5238904e-03	   3.7302472e-06	  -7.3325771e-13	   2.2397253e+02	
  -1.3284220e-03	  -2.6508292e-05	  -1.6572761e-03	  -2.0465122e-05	  -2.4315282e-13	   2.2367875e+02	
  -3.2574861e-04	  -6.7039228e-05	  -6.6143648e-04	  -1.7193000e-05	  -1.2157641e-12	   2.2402462e+02	
   5.6022135e-05	  -1.0621821e-05	  -2.4827091e-03	  -5.3837711e-05	  -3.2673660e-13	   2.2377918e+02	
   1.4081998e-03	  -7.6867461e-05	   1.4869005e-03	  -1.1342148e-04	  -1.0523957e-12	   2.2402723e+02	
   2.2460296e-03	   5.2509412e-05	   1.0441742e-03	   9.1489155e-06	  -3.3053586e-13	   2.2377257e+02	
   1.2039351e-03	  -2.9950955e-05	  -1.0625291e-03	  -1.8048468e-06	  -8.9662601e-13	   2.2398267e+02	
  -1.7671721e-03	   9.5213274e-06	   3.8762476e-03	   1.2923825e-05	   1.0713921e-12	   2.2364002e+02	
  -1.7835448e-03	  -6.1971312e-06	  -5.5897893e-04	   4.0303848e-06	  -5.5849163e-13	   2.2395233e+02	
  -9.6117667e-04	  -4.2267441e-05	  -4.1432326e-04	  -4.5362781e-06	  -7.4845476e-13	   2.2381654e+02	
   1.6258469e-03	  -2.5134620e-05	  -4.8762286e-05	  -1.6641750e-05	  -9.0422454e-13	   2.2398333e+02	
  -8.8722377e-04	  -3.7841854e-05	  -7.8572051e-04	  -1.8849345e-05	  -7.1046214e-13	   2.2380069e+02	
  -5.5134147e-04	   1.7878051e-05	   1.5860444e-03	  -7.0393904e-06	  -7.5985255e-13	   2.2397304e+02	
  -4.1941634e-04	  -2.2968855e-07	   2.3584304e-03	   6.4234201e-05	  -3.4953217e-13	   2.2380094e+02	
  -1.7845172e-03	   3.5124861e-05	  -9.7208243e-05	   1.3430938e-05	  -9.3841790e-13	   2.2398488e+02	
   1.4050344e-04	   2.5503229e-05	   2.8862326e-04	  -6.5868547e-05	  -1.9452225e-12	   2.2414255e+02	
  -2.7148655e-03	   9.8520567e-05	  -4.6681681e-04	   2.7695124e-05	  -6.1927983e-13	   2.2398648e+02	
  -3.9959404e-03	   1.1362923e-04	  -1.9078364e-03	   7.3598333e-05	   1.2917493e-12	   2.2363258e+02	
  -1.3590184e-03	  -7.3821905e-06	  -9.6419477e-04	   8.0360864e-06	  -5.8128720e-13	   2.2395560e+02	
   5.6524706e-04	   2.8914327e-05	   2.5395735e-03	   7.7361327e-05	  -2.2035724e-13	   2.2381366e+02	
  -1.1033774e-03	  -1.6758317e-05	  -1.1739772e-03	  -8.5964670e-07	  -4.5211227e-13	   2.2394079e+02	
  -1.4698160e-03	  -4.1538306e-05	  -5.0361925e-04	  -1.2730516e-06	  -5.8888573e-13	   2.2377161e+02	
  -5.9469624e-04	   3.9573894e-05	   1.8230503e-03	  -7.4163663e-05	  -1.5197051e-12	   2.2399437e+02	
   3.4187832e-03	   1.1073901e-04	   4.1604325e-03	   7.9694479e-05	   5.5849163e-13	   2.2413466e+02	
   1.1263521e-03	   1.0304544e-05	   1.1358629e-03	  -6.1904526e-06	  -5.7368868e-13	   2.2395233e+02	
   1.5646097e-03	   1.7509697e-05	  -1.4929371e-03	  -2.9167915e-05	  -2.7734618e-13	   2.2369368e+02	
  -1.7901488e-03	   3.3132689e-05	   1.1963627e-03	  -1.3314402e-05	  -7.4465550e-13	   2.2396732e+02	
   1.0901525e-03	   1.2451017e-05	  -1.7577781e-03	  -3.8522181e-05	  -3.5333144e-13	   2.2372012e+02	
  -1.5741446e-04	  -1.8267329e-05	  -1.6134193e-03	  -1.2286973e-05	  -4.3311595e-13	   2.2393834e+02	
  -4.1690978e-04	  -6.1894824e-06	   9.7235398e-04	   4.5247338e-05	  -7.6745108e-13	   2.2382533e+02	
  -1.5413116e-03	   2.4570735e-05	   8.4649867e-04	   1.5910969e-07	  -8.2064076e-13	   2.2397985e+02	
   2.0482033e-04	  -2.8768921e-06	  -2.3169435e-03	  -3.3634451e-05	  -7.9784518e-14	   2.2363609e+02	
  -1.6419587e-03	  -2.6559734e-05	  -2.5909538e-03	  -9.5549172e-06	  -8.7383043e-13	   2.2395384e+02	
  -5.8366234e-04	  -7.4124685e-08	   2.1524512e-03	   3.5195668e-05	  -2.4315282e-13	   2.2368272e+02	
  -3.2497912e-04	  -2.6034370e-05	  -1.4960281e-03	   7.3668553e-05	  -1.2157641e-12	   2.2402875e+02	
   5.6715687e-04	   2.1184614e-06	  -2.1401725e-03	  -3.2733512e-05	  -1.8616388e-13	   2.2366439e+02	
  -2.2298156e-03	  -5.2091846e-05	   7.7644898e-04	   4.2767725e-05	  -1.0941877e-12	   2.2398257e+02	
   1.7615097e-03	   3.8678741e-05	   1.1456153e-03	   1.0894482e-05	  -3.5713070e-13	   2.2372104e+02	
   8.5022599e-04	  -1.4273723e-05	  -6.5410623e-04	  -2.6116731e-05	  -6.6867025e-13	   2.2397548e+02	
  -4.1723265e-04	  -9.5822187e-06	  -8.0728108e-05	   1.0165054e-07	  -4.8250637e-13	   2.2370482e+02	
  -8.9329979e-04	  -1.0315799e-05	  -1.4022171e-03	   7.1461902e-06	  -6.0788204e-13	   2.2395961e+02	
   1.5045808e-05	   1.9519718e-06	  -4.8050092e-04	  -1.5018875e-05	  -5.3569605e-13	   2.2371943e+02	
  -6.1758145e-04	  -4.7537086e-05	  -7.6854059e-04	  -1.4721134e-05	   2.1275871e-13	   2.2385053e+02	
   7.9853521e-04	   5.4863246e-06	  -2.2094674e-03	  -3.3675884e-05	  -8.3583781e-14	   2.2363863e+02	
   1.0770882e-03	   9.6214392e-07	   1.1709502e-03	  -1.9161891e-05	  -7.7884887e-13	   2.2397351e+02	
  -5.8146852e-04	  -1.9171520e-05	  -1.9831798e-03	  -3.4888469e-05	  -3.1913807e-13	   2.2370748e+02	
  -1.5613418e-03	   1.9469980e-05	   4.2117311e-04	   9.1274678e-06	  -8.1304223e-13	   2.2397687e+02	
  -2.0286050e-05	   1.0350586e-05	   1.3959543e-03	   4.4807838e-05	  -6.6107172e-13	   2.2379227e+02	
  -1.5770351e-03	   1.9787464e-05	   2.1300043e-04	   1.1346014e-05	  -8.4343633e-13	   2.2397909e+02	
   9.3870752e-04	   2.5516950e-05	   2.0350837e-03	   3.0697955e-05	  -2.8494471e-13	   2.2370460e+02	
  -1.1349318e-03	   3.9658194e-07	  -1.1060514e-03	   2.0747615e-05	  -8.0544371e-13	   2.2397635e+02	
  -1.0252790e-03	  -3.0154316e-05	   1.8634963e-04	   1.2409206e-05	  -5.8888573e-13	   2.2374746e+02	
  -7.4316262e-04	   4.3986108e-05	   8.1408678e-04	  -7.6591555e-06	  -1.7590587e-12	   2.2401280e+02	
   5.9233920e-04	   2.2037101e-05	   2.6626774e-03	   4.8566070e-05	  -2.4695208e-13	   2.2376781e+02	
   1.5472904e-03	  -9.3882257e-07	   4.6470727e-04	  -1.4950836e-05	  -6.6487098e-13	   2.2396300e+02	
   1.0151706e-04	  -2.8371970e-05	  -4.7383377e-04	  -2.4465782e-05	  -7.5605329e-13	   2.2386151e+02	
  -4.2382713e-04	   2.6143031e-05	   1.3441286e-03	  -1.7098611e-05	  -1.0182024e-12	   2.2399183e+02	
   8.3998778e-04	   3.4629572e-05	   1.2900772e-03	   3.0299675e-05	  -6.1168130e-13	   2.2378229e+02	
  -1.5333650e-03	   2.4292221e-05	   2.6238982e-04	   1.0554008e-05	  -9.0802380e-13	   2.2398396e+02	
  -6.8816646e-04	  -2.5511631e-05	  -1.8185856e-03	  -3.8060710e-05	  -4.2931669e-13	   2.2374760e+02	
  -1.9093036e-04	  -1.2251890e-06	   8.8019683e-04	   2.2978968e-05	  -6.2307909e-13	   2.2396545e+02	
   1.4975323e-05	   9.2313686e-06	   2.1642283e-03	   3.4914303e-05	  -3.0014176e-13	   2.2369990e+02	
   1.5946541e-03	  -2.4140655e-05	   6.4885943e-04	  -2.5146482e-05	  -9.3081938e-13	   2.2398635e+02	
  -1.6049846e-03	  -1.6470291e-05	   1.7364948e-03	   3.3219787e-05	  -1.4437198e-13	   2.2365900e+02	
   3.9122452e-04	   1.0851185e-05	   1.3140471e-03	  -2.8647367e-05	  -1.0106039e-12	   2.2399273e+02	
   4.3763658e-03	  -1.9126845e-04	  -9.8133461e-04	   2.2886249e-05	   1.2803515e-12	   2.2365777e+02	
  -7.1929172e-05	   1.7031094e-06	   7.9447924e-04	   2.0937412e-05	  -6.6487098e-13	   2.2396848e+02	
  -2.7697459e-03	  -5.7336982e-05	  -2.6773415e-04	   7.1270262e-06	  -2.2035724e-13	   2.2377392e+02	
   5.2975015e-04	   9.1715475e-06	   1.4757047e-03	  -1.7090025e-05	  -7.8644739e-13	   2.2397476e+02	
   1.5144397e-03	   3.3279216e-05	   1.7333243e-03	   2.1789311e-05	  -2.5075134e-13	   2.2369495e+02	
   3.3661098e-04	  -1.9095984e-05	  -1.6346515e-03	  -4.3984124e-08	  -6.6487098e-13	   2.2396595e+02	
   4.5228955e-03	   3.4488684e-05	  -3.3108116e-04	  -1.5678590e-05	   7.8264813e-13	   2.2367985e+02	
   6.9188626e-04	   1.7324893e-05	   1.0356255e-03	   2.0713258e-05	  -4.1411964e-13	   2.2392948e+02	
   1.7887313e-03	  -3.5825974e-05	  -2.6551186e-04	  -1.0574234e-05	  -9.1562233e-13	   2.2398472e+02	
   3.2893863e-03	  -4.1805803e-05	  -2.9339392e-03	   1.5490340e-05	   1.1587751e-12	   2.2363119e+02	
   8.2338349e-04	  -2.6478895e-06	  -1.4714262e-03	  -9.4265284e-06	  -9.3461864e-13	   2.2397370e+02	
  -7.2751648e-04	  -3.0998725e-05	  -1.0356461e-03	  -2.8083546e-05	  -6.5727246e-13	   2.2377991e+02	
   5.5159702e-05	   3.7727266e-07	   5.1422703e-04	   9.6355106e-06	  -7.5605329e-13	   2.2397547e+02	
  -9.7215363e-05	   1.7499739e-06	   3.5149804e-04	   2.2013930e-05	  -5.1290047e-13	   2.2371709e+02	
  -2.3488061e-03	   5.9927622e-05	  -1.5391188e-03	   5.0894733e-05	  -5.2049900e-13	   2.2397574e+02	
   2.8322472e-04	  -1.8496034e-06	  -2.1747681e-03	  -3.3588630e-05	  -1.8616388e-13	   2.2366501e+02	
  -8.0091759e-04	   2.6831295e-05	  -1.5270822e-03	   1.0930779e-04	  -1.1397788e-12	   2.2403157e+02	
  -2.0895166e-03	  -5.4665873e-05	   8.2024819e-04	   3.4557210e-05	  -3.7612701e-13	   2.2380126e+02	
  -1.8662928e-03	   1.2591653e-06	   2.2355349e-04	   6.3686520e-06	  -5.9648425e-13	   2.2395838e+02	
  -5.1883611e-04	  -1.1753933e-05	   3.2674382e-04	   1.3772219e-05	  -4.9770342e-13	   2.2371302e+02	
   1.6448447e-03	  -7.8836728e-05	   1.6078518e-03	  -1.0252230e-04	  -8.5483412e-13	   2.2401770e+02	
  -6.1965480e-04	  -8.3353099e-07	   2.3232465e-03	   3.7563316e-05	  -1.1777715e-13	   2.2365198e+02	
   1.1892520e-03	  -1.9600023e-05	   1.5158013e-03	  -4.3469042e-05	  -9.5741422e-13	   2.2398556e+02	
  -2.4241752e-04	  -1.9984432e-05	  -1.5097450e-03	  -1.9611659e-05	  -2.9254323e-13	   2.2392259e+02	
  -4.0091249e-04	  -1.9746066e-05	  -2.2524527e-03	  -4.7700856e-05	  -3.4573291e-13	   2.2376159e+02	
  -6.3203528e-04	  -1.6104363e-05	   3.0128053e-04	   9.4889219e-06	  -6.4207541e-13	   2.2396458e+02	
   1.0489735e-03	   3.3588455e-05	   2.1164563e-04	  -1.6462813e-07	  -5.0150268e-13	   2.2372574e+02	
  -5.5843253e-05	  -8.7275556e-06	  -1.4785356e-03	  -2.8329626e-05	  -4.2931669e-13	   2.2393593e+02	
   1.7463901e-04	  -7.2471215e-06	  -2.1630526e-03	  -6.2405089e-05	  -3.9892259e-13	   2.2380171e+02	
   1.5202132e-03	   2.5640151e-06	   3.8287512e-04	  -1.3375254e-05	  -6.1168130e-13	   2.2395983e+02	
  -4.5397292e-04	  -2.0041513e-05	  -2.5968087e-03	  -4.8763080e-05	  -2.5834987e-13	   2.2376409e+02	
   1.7610696e-03	   9.1994981e-06	   3.2247457e-04	  -7.0827205e-06	  -5.2429826e-13	   2.2394922e+02	
  -2.1110916e-03	  -5.0566617e-05	  -1.0983561e-03	  -1.2443631e-05	  -3.0394102e-13	   2.2375276e+02	
   9.6192376e-04	  -9.6235525e-06	   1.4400155e-03	  -3.7990832e-05	  -9.8780832e-13	   2.2398965e+02	
  -1.6296399e-03	  -4.0998445e-05	  -2.0827696e-03	  -3.3522728e-05	  -2.4315282e-13	   2.2375765e+02	
  -8.9317686e-04	  -2.6255412e-06	  -1.1590951e-03	   2.4484242e-05	  -8.8902749e-13	   2.2398525e+02	
   1.7022377e-03	   3.8132585e-05	   1.2720274e-03	   1.4173175e-05	  -3.3053586e-13	   2.2371503e+02	
   4.9933874e-04	   7.4519896e-06	  -2.8977526e-04	  -6.6223243e-05	  -1.2879501e-12	   2.2403075e+02	
  -4.4222246e-04	   2.1290711e-06	   2.4944341e-03	   4.1054640e-05	  -9.1182306e-14	   2.2365348e+02	
  -1.6231490e-03	   9.7092081e-06	  -6.6946403e-04	   1.3903104e-05	  -7.3325771e-13	   2.2397388e+02	
   1.6923459e-03	   2.1612371e-05	  -1.5952500e-03	  -3.4515122e-05	  -2.2795577e-13	   2.2369519e+02	
  -5.7474635e-04	  -1.5875731e-05	  -1.5022472e-03	  -3.6838132e-07	  -5.3949531e-13	   2.2395345e+02	
  -1.3119227e-03	  -4.1469385e-05	   1.1898548e-04	   1.7217354e-05	  -6.4207541e-13	   2.2378355e+02	
   5.0136265e-04	  -4.1075472e-05	  -2.4520401e-03	   1.1678311e-04	  -7.3705698e-13	   2.2401032e+02	
  -6.1473235e-04	  -2.3083264e-05	  -2.2077056e-03	  -4.3401201e-05	  -3.1533881e-13	   2.2374533e+02	
   8.1206412e-04	  -2.0351158e-05	  -1.4021360e-03	  -5.9452964e-06	  -6.8766656e-13	   2.2396736e+02	
  -1.7505077e-04	   1.4263008e-05	   3.0205930e-04	   2.8262519e-05	  -7.8644739e-13	   2.2382689e+02	
   1.4539212e-03	  -6.1086003e-05	  -1.0469756e-04	  -3.9152726e-05	  -1.2081656e-12	   2.2402963e+02	
  -3.7102917e-03	   1.3498662e-04	  -2.4813362e-03	   1.1068861e-04	   1.3145449e-12	   2.2363550e+02	
   1.0585152e-03	  -1.3770490e-05	   1.8217198e-03	  -3.4521775e-05	  -9.8020979e-13	   2.2397920e+02	
   7.5675608e-04	   2.2556139e-05	  -2.3807579e-04	  -1.3867367e-05	  -4.9390416e-13	   2.2371859e+02	
   1.6885581e-03	   3.2610841e-06	  -1.7455309e-04	  -7.1062501e-06	  -9.1562233e-13	   2.2397325e+02	
  -2.0716752e-03	  -3.1242153e-05	   9.9583748e-04	   2.8444596e-05	  -2.3935355e-13	   2.2369814e+02	
  -1.2407793e-03	   2.8849537e-06	  -1.3475383e-03	   1.6257742e-05	  -7.1806066e-13	   2.2397269e+02	
   1.7837818e-04	   1.1225574e-05	   2.4941638e-03	   3.8058237e-05	  -8.3583781e-14	   2.2364638e+02	
   1.2255500e-03	  -1.7668827e-05	  -1.5925703e-03	   8.4336757e-06	  -9.2322085e-13	   2.2397640e+02	
   7.2812312e-04	   2.9036934e-05	   1.0303769e-03	   2.7189188e-05	  -6.2307909e-13	   2.2375736e+02	
   1.2336073e-03	  -1.0719143e-05	  -1.0357371e-03	  -1.5592297e-05	  -5.9648425e-13	   2.2395820e+02	
  -1.3383997e-03	  -3.4776384e-05	  -1.1424131e-03	  -1.7263850e-05	  -4.5211227e-13	   2.2372898e+02	
   1.1435350e-03	   6.0556156e-05	   1.4178569e-03	   5.8948458e-05	   7.0666287e-13	   2.2374086e+02	
  -5.6966453e-04	  -1.4068916e-05	   6.9677836e-04	   2.5747586e-05	  -5.0910121e-13	   2.2372593e+02	
  -1.6755809e-04	  -1.7910540e-05	  -1.6123395e-03	   5.8494649e-06	  -6.7246951e-13	   2.2396572e+02	
  -1.4502322e-03	  -2.9454491e-05	  -1.8139472e-03	  -2.3412892e-05	  -1.1777715e-13	   2.2365149e+02	
   1.7378350e-05	   1.4536918e-05	   1.5711949e-03	  -1.0732537e-05	  -7.6365181e-13	   2.2397535e+02	
  -2.7146060e-03	  -5.6319483e-05	   3.0626322e-04	   1.8430389e-05	  -2.1655798e-13	   2.2377008e+02	
  -1.4645519e-03	   1.9046748e-05	   2.2545894e-04	   1.1957221e-05	  -8.6623191e-13	   2.2398316e+02	
   1.3858856e-03	  -1.9798045e-05	  -1.0407936e-03	  -6.3097892e-06	  -7.3325771e-13	   2.2397368e+02	
   8.5415416e-05	  -5.6679576e-06	  -1.7981862e-03	  -3.8526954e-05	  -4.2551743e-13	   2.2372235e+02	
   2.3539097e-03	  -1.1718288e-04	   4.6852472e-05	  -2.2106191e-05	  -7.6365181e-13	   2.2401414e+02	
   3.1727516e-03	  -1.9928063e-05	  -1.8317541e-03	  -2.5424080e-05	  -1.9680181e-12	   2.2409711e+02	
   1.5905717e-03	   7.7940972e-05	   7.6903491e-04	   2.3788213e-05	   7.7504960e-13	   2.2372812e+02	
   2.0635867e-03	   2.8445539e-05	  -1.3652127e-03	  -3.2610112e-05	  -2.1655798e-13	   2.2370797e+02	
  -6.8837254e-04	   2.1379771e-05	   1.4187705e-03	  -7.7522578e-06	  -8.4343633e-13	   2.2398224e+02	
   3.8105222e-03	  -1.4322809e-04	  -2.4164066e-03	   6.9613684e-05	   1.2917493e-12	   2.2363403e+02	
   8.6608743e-05	   1.3774092e-05	   1.5657272e-03	  -7.0665643e-06	  -7.0666287e-13	   2.2396969e+02	
  -6.7169487e-04	  -2.5530208e-05	   2.3777246e-05	   4.6809079e-06	  -3.9512333e-13	   2.2370045e+02	
  -1.1020530e-03	  -7.0939556e-05	  -1.3143263e-03	  -5.0832231e-05	  -1.6298837e-12	   2.2401564e+02	
  -2.0912369e-04	  -1.1445353e-05	  -2.3255526e-03	  -3.8368840e-05	  -1.6336830e-13	   2.2367174e+02	
   2.1929179e-04	   5.0692385e-06	   3.9638183e-04	   9.9674844e-06	  -1.0220016e-12	   2.2399895e+02	
  -4.3906740e-04	  -1.2716447e-05	  -3.0934353e-04	  -7.8400586e-06	  -4.9770342e-13	   2.2371204e+02	
  -6.1784527e-04	  -3.3711668e-05	  -2.3156049e-03	  -5.4873298e-05	  -1.1663737e-12	   2.2398836e+02	
   9.1964596e-04	  -4.8626788e-05	  -4.3192974e-03	   1.4693056e-04	   1.3145449e-12	   2.2363116e+02	
  -1.5328008e-03	   1.5403029e-05	   1.7023473e-04	   1.2075119e-05	  -8.0924297e-13	   2.2397817e+02	
  -2.3154037e-03	  -3.4245363e-05	   7.8594542e-04	   2.3952933e-05	  -1.1777715e-13	   2.2366096e+02	
  -1.0829008e-03	   2.1915842e-05	   1.0994373e-03	   6.9107496e-07	  -8.3583781e-13	   2.2398028e+02	
   1.2313355e-03	   3.7254603e-05	  -4.3177021e-05	  -1.1328453e-05	  -5.7368868e-13	   2.2374703e+02	
   7.0844606e-04	  -2.9695789e-05	  -1.4593606e-03	   1.3653867e-05	  -9.3841790e-13	   2.2398776e+02	
  -1.8360183e-03	  -3.2868166e-05	   6.1602048e-04	   2.3724001e-05	  -3.8752480e-13	   2.2372110e+02	
  -3.8313172e-04	   1.9660859e-05	   1.5373235e-03	  -1.4070830e-05	  -8.7003117e-13	   2.2398458e+02	
  -1.7733029e-03	  -4.1274939e-05	  -1.3681944e-03	  -1.7780019e-05	  -2.9254323e-13	   2.2372153e+02	
   1.5314628e-03	   3.1782505e-06	   1.9803214e-04	  -1.4171324e-05	  -5.8888573e-13	   2.2395781e+02	
  -1.3710241e-03	  -1.3728782e-05	   2.0802782e-03	   3.8319615e-05	  -4.1791890e-14	   2.2363337e+02	
   5.8645428e-04	   7.4506694e-06	   1.1646789e-03	  -2.7006508e-05	  -9.7641048e-13	   2.2399226e+02	
   2.3123128e-03	  -1.1942678e-04	   3.5333871e-03	  -2.1736469e-04	   1.3981287e-12	   2.2364100e+02	
   3.1787311e-04	   1.3352848e-05	   1.4877073e-03	  -8.2982665e-07	  -5.9268499e-13	   2.2395848e+02	
  -2.8223508e-04	  -1.5001175e-05	  -3.2257254e-03	  -4.5626517e-05	  -6.8386730e-14	   2.2374106e+02	
  -1.2053391e-03	  -8.9864123e-06	  -9.9973493e-04	   8.2023043e-06	  -5.8508647e-13	   2.2395948e+02	
  -4.9116108e-04	  -2.6718134e-05	  -1.2268255e-04	   7.9299798e-06	  -6.5727246e-13	   2.2376722e+02	
   7.0903585e-04	  -1.6920418e-06	  -1.5928031e-03	  -2.3445360e-05	  -4.0652112e-13	   2.2393411e+02	
  -1.9052996e-03	  -2.4873961e-05	   1.6910442e-03	   3.7270273e-05	  -1.6336830e-13	   2.2369235e+02	
  -1.6493984e-03	   4.4184138e-05	   1.3921043e-03	  -2.9008924e-05	  -1.0068046e-12	   2.2398294e+02	
  -1.3119424e-03	  -3.1355804e-05	  -1.9260172e-03	  -2.8855409e-05	  -2.1275871e-13	   2.2369439e+02	
   8.1315489e-04	   5.6416822e-06	   1.2986068e-03	  -1.4690886e-05	  -7.3705698e-13	   2.2397382e+02	
  -2.5405360e-03	  -4.8424727e-05	  -1.5197604e-03	  -1.5138439e-05	  -1.2537567e-13	   2.2373689e+02	
   5.8415019e-04	   1.8097519e-05	   2.4513746e-04	   2.5642983e-06	  -8.6243265e-13	   2.2398652e+02	
  -1.8897392e-03	  -1.5563954e-05	   2.9838597e-03	   4.4131730e-05	   3.0394102e-14	   2.2372270e+02	
  -6.4248352e-04	  -3.9793776e-05	  -8.0077225e-04	  -6.0342368e-06	  -6.4587467e-14	   2.2390335e+02	
   2.3148457e-03	   3.2040597e-05	  -9.4558344e-04	  -2.3582570e-05	  -8.3583781e-14	   2.2364965e+02	
   1.4004486e-03	  -5.1881633e-06	   1.0919259e-03	  -1.6234993e-05	  -7.3325771e-13	   2.2397457e+02	
   3.6869546e-03	   4.0364729e-05	  -5.3086423e-04	  -1.7314465e-05	   6.8386730e-14	   2.2372454e+02	
   1.4268629e-03	  -1.7205694e-05	  -3.7737587e-04	  -1.5787600e-05	  -8.0924297e-13	   2.2397997e+02	
  -1.3465671e-04	  -2.6055603e-06	   4.7319858e-04	   1.2545739e-05	  -4.2171817e-13	   2.2369507e+02	
  -3.2425660e-04	  -1.9415242e-05	  -1.5176906e-03	  -9.9531104e-06	  -4.2171817e-13	   2.2394038e+02	
   2.0601637e-04	   5.7341614e-06	  -4.6261874e-04	  -1.9997500e-05	  -4.0652112e-13	   2.2370362e+02	
  -7.4368977e-05	   1.6237767e-05	   1.5541557e-03	  -1.7688527e-05	  -8.8142896e-13	   2.2398599e+02	
   7.0238941e-04	   1.9216902e-05	   2.5543734e-03	   3.8156797e-05	  -1.1397788e-14	   2.2363163e+02	
  -1.3588909e-03	   2.4919201e-05	   4.4185686e-04	   8.5757305e-06	  -9.4981569e-13	   2.2398967e+02	
   2.1467828e-03	   8.2612122e-05	   1.4148753e-03	   3.9474495e-05	  -1.3297420e-13	   2.2380560e+02	
   1.7480653e-03	  -7.5708430e-05	  -1.2903922e-03	   3.9389494e-05	  -1.2157641e-12	   2.2399609e+02	
  -1.4141859e-03	  -3.5111933e-05	  -1.2003337e-03	  -1.7708196e-05	  -3.8752480e-13	   2.2371356e+02	
   1.5073052e-03	  -1.0614449e-05	  -2.7649406e-04	  -1.6187368e-05	  -7.1806066e-13	   2.2397134e+02	
   1.4909561e-04	   1.0634650e-05	   2.6701301e-03	   4.2372113e-05	   2.6594839e-14	   2.2362088e+02	
  -2.6252961e-03	   1.1116556e-04	   1.6725304e-04	   4.7221972e-06	  -6.0788204e-13	   2.2399779e+02	
   2.0263807e-03	   2.5558212e-05	  -1.6668484e-03	  -3.5382532e-05	  -1.7856535e-13	   2.2370660e+02	
  -7.9045250e-04	  -1.0925730e-04	  -1.0746883e-03	  -4.7727508e-05	  -8.5103486e-13	   2.2400423e+02	
  -1.6333053e-03	  -1.3891624e-05	   3.0515521e-03	   4.7628424e-05	   3.7992628e-15	   2.2373307e+02	
   1.2557880e-03	  -2.0949949e-05	  -1.1367671e-03	  -5.2017327e-06	  -7.4845476e-13	   2.2397562e+02	
   1.1816441e-03	   1.7629395e-05	  -1.4290356e-03	  -3.7448759e-05	  -4.2551743e-13	   2.2373000e+02	
   8.3065712e-04	   3.4640028e-05	   2.4055468e-03	   4.0127767e-05	  -1.2385597e-12	   2.2398394e+02	
   1.1173076e-03	   2.8056541e-05	   2.4857810e-03	   3.7163567e-05	  -1.4817125e-13	   2.2370752e+02	
   5.1540666e-04	   4.6099275e-05	   5.5230389e-04	   7.6856997e-06	   6.0788204e-13	   2.2377214e+02	
   1.7801219e-03	   3.3017118e-05	   2.7071237e-03	   3.1671891e-05	  -1.8996314e-14	   2.2370585e+02	
  -1.1431485e-03	   2.0717012e-05	   9.9337508e-04	   2.6106757e-06	  -8.2823928e-13	   2.2398167e+02	
  -2.3773164e-03	  -1.6162417e-04	  -5.7641019e-04	  -1.2662168e-06	  -2.8038559e-12	   2.2407527e+02	
  -1.5137890e-03	   1.3708374e-05	   2.7426946e-04	   1.0774611e-05	  -7.7504960e-13	   2.2397734e+02	
  -3.1655449e-03	  -3.8042325e-05	   1.3461926e-03	   2.8870375e-05	   1.8996314e-14	   2.2371814e+02	
  -2.6313722e-03	   1.0411064e-04	   3.2720453e-04	  -1.1392240e-06	  -5.6229089e-13	   2.2399353e+02	
  -1.8724446e-03	  -4.1066555e-05	  -2.6618074e-04	   5.7028075e-06	  -3.7992628e-13	   2.2371703e+02	
  -1.2229979e-03	   6.2707140e-05	   1.7608077e-03	  -7.2489378e-05	  -1.3031472e-12	   2.2399795e+02	
   2.4021805e-04	   5.2984912e-06	  -4.4968353e-04	  -1.3727929e-05	  -4.4071448e-13	   2.2370073e+02	
   8.5186549e-04	   6.0860431e-06	   1.6292430e-03	  -2.0899643e-06	  -5.8508647e-13	   2.2395932e+02	
  -4.3530072e-04	   9.5722594e-07	   2.6379403e-03	   4.5276598e-05	   6.0788204e-14	   2.2360916e+02	
  -8.3935466e-05	  -1.9259171e-05	  -1.5085433e-03	   2.2977222e-05	  -9.4981569e-13	   2.2399053e+02	
  -1.2841142e-03	  -1.3749008e-05	   2.4231691e-03	   4.5497595e-05	   1.1777715e-13	   2.2359499e+02	
   7.2406293e-04	  -7.0483023e-06	  -2.6197270e-03	  -4.5879731e-05	  -1.0865891e-12	   2.2397783e+02	
   1.4629876e-03	   2.6802914e-05	   3.3161777e-03	   3.6697477e-05	   6.0788204e-14	   2.2371446e+02	
  -1.4498420e-03	   2.0484272e-05	  -9.6359999e-04	   2.7172264e-05	  -9.2702011e-13	   2.2398836e+02	
   1.6158875e-03	   4.3871635e-05	  -1.9711333e-04	  -2.0589823e-05	  -5.3949531e-13	   2.2377116e+02	
   3.6780314e-04	   5.9536243e-06	   1.4444132e-03	   1.5143603e-05	  -8.5863338e-13	   2.2397190e+02	
  -5.6292250e-04	  -2.3528892e-05	  -1.1291229e-03	  -3.2391772e-05	  -5.9648425e-13	   2.2375848e+02	
  -1.3060361e-03	   1.9921897e-05	   7.9938239e-04	   4.9621824e-06	  -8.2823928e-13	   2.2398171e+02	
   2.0004369e-03	   4.1965516e-05	  -3.6777691e-05	  -1.4156543e-05	  -3.8752480e-13	   2.2373292e+02	
  -4.1967562e-04	   2.7672189e-05	   1.1988827e-03	  -1.3984619e-05	  -1.0485965e-12	   2.2399805e+02	
   7.9475001e-04	   3.2866327e-05	   1.5818698e-03	   4.3035018e-05	  -4.3691522e-13	   2.2375873e+02	
  -1.4277980e-03	   1.6895417e-05	   3.6199320e-05	   1.4360599e-05	  -8.8142896e-13	   2.2398592e+02	
   5.2333017e-04	   1.3348874e-05	  -5.0631956e-04	  -2.0070074e-05	  -4.6351006e-13	   2.2371192e+02	
  -8.6128882e-04	  -4.3135001e-05	   5.3266163e-04	   4.7165448e-05	   1.1055855e-12	   2.2366613e+02	
  -5.4536200e-04	   9.4184854e-06	  -4.2825369e-03	   2.1369167e-04	   1.4095265e-12	   2.2362374e+02	
  -5.6214570e-04	  -1.5788167e-05	  -1.4477181e-03	   2.3121745e-06	  -5.7368868e-13	   2.2395967e+02	
  -1.6875936e-03	  -4.2962993e-05	  -2.1531728e-04	   6.4088465e-06	  -4.7110858e-13	   2.2374000e+02	
   4.2359007e-04	   1.9787552e-05	   3.1500169e-03	   9.4784313e-06	  -8.0924297e-13	   2.2394971e+02	
  -5.7156725e-05	   1.3423911e-05	   2.5393563e-03	  -1.3916670e-04	  -2.9102353e-12	   2.2402815e+02	
  -1.5087551e-03	   9.2259890e-06	  -5.4992972e-05	   1.2889448e-05	  -7.4845476e-13	   2.2397627e+02	
   1.7612922e-03	   4.3938429e-05	  -9.7560280e-04	  -3.8410211e-05	  -3.9132406e-13	   2.2377366e+02	
  -1.9151052e-04	   2.7640171e-05	   1.7907617e-03	   1.2713597e-04	  -6.3447688e-13	   2.2397126e+02	
  -1.7565433e-03	  -3.6576063e-05	  -1.8401153e-03	  -2.4142382e-05	  -1.0258009e-13	   2.2366714e+02	
   7.5610750e-04	   1.0280426e-05	   1.2526091e-03	  -7.7503315e-06	  -6.2687836e-13	   2.2396406e+02	
  -2.4553992e-03	  -4.5273292e-05	  -8.7581308e-04	  -5.5228571e-06	   6.4587467e-14	   2.2360828e+02	
   3.4144995e-04	  -1.7257281e-05	  -3.0798677e-03	  -8.0167470e-06	  -1.0485965e-12	   2.2396355e+02	
   1.6017817e-04	  -5.7415740e-06	  -1.2422734e-05	  -5.8771380e-06	  -8.6243265e-13	   2.2408335e+02	
  -1.3313870e-03	   6.4851073e-05	  -1.1209892e-03	   8.4041973e-05	  -1.0144032e-12	   2.2403222e+02	
  -2.3571326e-03	  -2.9624408e-05	   1.7137668e-03	   3.5590167e-05	  -5.3189679e-14	   2.2368480e+02	
   3.1490096e-03	   9.1735919e-05	  -8.7106877e-04	  -5.9326632e-05	  -3.4193365e-13	   2.2393194e+02	
  -1.6997248e-03	  -4.7179706e-05	   7.6858341e-04	   3.2894130e-05	  -4.1411964e-13	   2.2376826e+02	
   1.4278432e-03	  -5.1551004e-06	   8.1421978e-04	  -1.6144696e-05	  -7.4085624e-13	   2.2397595e+02	
  -2.6437524e-03	  -4.4895652e-05	  -2.2046352e-05	   1.0410240e-05	   6.4587467e-14	   2.2360986e+02	
   5.1169907e-04	  -1.8946795e-05	  -1.4534391e-03	  -8.8333187e-06	  -6.0788204e-13	   2.2396376e+02	
   8.4019133e-04	   7.2368540e-06	  -2.2129603e-03	  -3.7958636e-05	  -7.2185992e-14	   2.2363891e+02	
   2.2535753e-03	  -6.1269030e-05	  -3.1896628e-03	   5.3110753e-05	  -6.2687836e-13	   2.2391967e+02	
  -3.4938065e-03	  -9.9075684e-05	  -1.5788280e-03	  -2.9609922e-05	   6.0408278e-13	   2.2369971e+02	
  -1.9331078e-04	  -1.1204421e-05	  -1.8152856e-03	   3.6704018e-05	  -9.3461864e-13	   2.2398893e+02	
   2.7856979e-04	  -5.5528427e-07	  -2.3058276e-04	  -2.8851331e-05	  -7.5985255e-13	   2.2381542e+02	
   2.4553713e-04	  -1.8898559e-05	  -1.5227850e-03	  -8.6022652e-06	  -5.5849163e-13	   2.2395858e+02	
  -1.7639973e-03	  -3.6749369e-05	  -1.8215331e-03	  -2.3769502e-05	  -1.1397788e-13	   2.2367092e+02	
  -4.7246740e-05	  -4.4087895e-06	   2.5539196e-04	   4.6452212e-06	  -5.7368868e-13	   2.2395515e+02	
  -2.1339822e-03	   1.7728223e-04	  -3.3666286e-03	   3.1639719e-04	   1.5235043e-12	   2.2364732e+02	
   1.4358213e-03	  -4.9452263e-06	   5.5448080e-04	  -1.6367212e-05	  -7.4085624e-13	   2.2397570e+02	
  -1.1823516e-03	  -2.5790029e-05	  -2.0184409e-03	  -2.9547549e-05	  -6.0788204e-14	   2.2363511e+02	
   2.8571430e-04	   8.3112948e-05	   1.0337112e-03	   7.5905837e-05	  -8.3203854e-13	   2.2401040e+02	
   2.2608451e-03	   3.8911615e-05	  -1.2945780e-04	  -1.4225019e-05	  -2.4695208e-13	   2.2369814e+02	
   2.0076687e-03	   8.2194410e-05	  -6.5922331e-05	  -1.5078025e-05	   6.9906435e-13	   2.2374945e+02	
   3.1532070e-03	   4.4997426e-05	   2.8597950e-03	   2.3457355e-05	   8.6623191e-13	   2.2366789e+02	
  -1.3865114e-03	   1.6760939e-05	  -2.4019840e-04	   1.7729899e-05	  -9.3081938e-13	   2.2399018e+02	
  -2.8260181e-03	  -4.4509014e-05	   3.5813189e-04	   1.7779672e-05	  -8.3583781e-14	   2.2369552e+02	
   4.9504523e-04	   1.5099656e-05	  -2.5255817e-04	  -8.6056394e-06	  -6.9906435e-13	   2.2397065e+02	
   1.2679353e-03	   2.0570455e-04	   3.1151588e-04	   3.2167691e-05	  -3.9360362e-12	   2.2412641e+02	
   1.4286695e-03	  -7.5635870e-06	  -3.1701748e-04	  -1.6808759e-05	  -6.6487098e-13	   2.2396973e+02	
   3.0378180e-03	   3.9476979e-05	  -6.2631753e-04	  -1.9860510e-05	  -2.6594839e-14	   2.2368990e+02	
   1.6603340e-04	  -1.9509444e-05	  -1.5066448e-03	  -8.7141094e-06	  -5.3949531e-13	   2.2395701e+02	
  -1.0291798e-03	   8.0720121e-06	  -1.7886863e-03	   2.6708484e-05	  -2.5037142e-12	   2.2410392e+02	
  -1.1819603e-03	   3.4964317e-05	   1.1770529e-03	  -1.5312769e-05	  -1.0258009e-12	   2.2399490e+02	
  -1.3564955e-03	  -2.6241542e-05	   1.1628167e-03	   3.7613353e-05	  -4.4451374e-13	   2.2373908e+02	
  -1.9711544e-04	  -1.9705411e-05	  -1.4965654e-03	  -6.2953619e-06	  -4.9390416e-13	   2.2395171e+02	
   1.4909468e-03	   4.4557704e-05	   6.9311811e-04	   1.2907236e-05	  -2.6974766e-13	   2.2368378e+02	
   1.0460242e-03	  -1.9306925e-05	  -1.0203228e-03	  -1.2063079e-05	  -7.2185992e-13	   2.2397496e+02	
   1.3774548e-04	   6.3966870e-05	  -1.3990437e-04	  -6.6142072e-05	  -3.8790472e-12	   2.2420971e+02	
  -1.7224020e-03	  -2.3800197e-05	  -6.6617304e-04	  -4.2575789e-06	  -3.5333144e-13	   2.2392593e+02	
  -1.0732383e-03	  -2.5998251e-05	   8.7837114e-04	   3.3358038e-05	  -5.5089310e-13	   2.2375174e+02	
  -1.0899762e-03	   6.2460128e-05	   2.1954128e-03	  -9.1386371e-05	  -6.3447688e-13	   2.2400566e+02	
   1.0456569e-03	   3.1195084e-05	   1.7360901e-03	   3.2225264e-05	  -3.5713070e-13	   2.2372225e+02	
   1.2748710e-03	  -1.6036306e-05	  -7.9998628e-04	  -1.3194925e-05	  -7.1426140e-13	   2.2397503e+02	
   1.6476161e-03	  -3.1049977e-05	   6.2994554e-04	  -2.1483450e-05	  -2.4847178e-12	   2.2411257e+02	
   1.3177292e-03	   8.8053613e-06	   1.1795467e-03	   3.0789079e-06	  -7.3325771e-13	   2.2396345e+02	
  -1.4648408e-03	  -8.6959670e-06	   3.5450214e-03	   4.6426302e-05	   1.3297420e-13	   2.2370624e+02	
  -1.6663879e-03	   7.1002379e-05	   1.3543350e-03	  -4.6623799e-05	  -1.1891692e-12	   2.2399570e+02	
   1.3688823e-03	   2.5997352e-05	   3.2041925e-03	   3.6725453e-05	   8.3583781e-14	   2.2367961e+02	
  -1.0275350e-03	   8.2073854e-05	   1.6319005e-03	  -8.7105161e-05	  -9.5361495e-13	   2.2403190e+02	
  -1.5990404e-03	  -1.9478449e-05	   2.4885600e-03	   4.7420790e-05	   2.1655798e-13	   2.2357386e+02	
  -7.0275157e-04	  -7.5396932e-06	   1.4427080e-03	   2.7511924e-05	  -3.2673660e-13	   2.2392269e+02	
  -1.2253690e-03	  -1.0345382e-05	   2.6391324e-03	   4.5041800e-05	   5.3189679e-14	   2.2363082e+02	
   5.4891557e-04	   1.2180517e-05	   1.3444316e-03	  -7.0419733e-06	  -6.4207541e-13	   2.2396539e+02	
   8.9838133e-04	   2.7459803e-05	  -2.4585375e-04	  -1.4019320e-05	  -4.4071448e-13	   2.2371339e+02	
   1.1342942e-03	  -9.4328814e-06	   6.2161661e-04	  -2.6038495e-05	  -9.6881200e-13	   2.2399427e+02	
  -2.7312380e-03	  -4.6031254e-05	   1.8444559e-04	   1.3937431e-05	   1.0637936e-13	   2.2360135e+02	
   1.3105632e-03	  -1.2069881e-05	  -6.7449086e-04	  -1.6193413e-05	  -6.7246951e-13	   2.2397010e+02	
   4.2733669e-03	  -8.2459881e-06	  -1.0200618e-03	  -1.3975404e-05	   1.0371987e-12	   2.2364624e+02	
  -1.3780918e-03	   6.8015140e-05	   1.3902230e-03	  -5.0914064e-05	  -1.4551177e-12	   2.2400464e+02	
   1.3198051e-03	   3.8060845e-05	   1.4326847e-03	   2.5099295e-05	  -3.9132406e-13	   2.2373084e+02	
  -2.2634802e-03	   5.4158846e-05	   3.1495875e-03	  -4.2571015e-05	  -5.6229089e-13	   2.2391971e+02	
  -2.2559474e-04	  -2.7220804e-05	  -4.0264734e-04	  -1.2551001e-05	  -7.5605329e-13	   2.2380585e+02	
   4.7514142e-04	  -2.2372223e-05	  -1.4272830e-03	  -6.1811538e-07	  -7.3325771e-13	   2.2397817e+02	
   1.4469225e-03	   3.3270005e-05	   1.8004761e-03	   2.5511092e-05	  -2.2035724e-13	   2.2368863e+02	
  -8.9860662e-04	  -5.2098915e-05	  -5.5846069e-06	   7.9984652e-05	  -9.3461864e-13	   2.2402568e+02	
  -1.5028058e-03	   3.2730027e-05	   1.0633897e-03	  -1.7185744e-05	  -2.5037142e-12	   2.2411355e+02	
   1.5264226e-03	  -2.4007934e-05	  -6.6860228e-05	  -1.6510506e-05	  -9.3081938e-13	   2.2399024e+02	
  -2.3765445e-03	   1.8567465e-04	   3.3186396e-03	  -2.2736743e-04	   1.4589169e-12	   2.2363963e+02	
   1.9544060e-03	  -7.8304222e-05	  -4.2051510e-04	   2.3324979e-06	  -1.3221434e-12	   2.2400611e+02	
  -1.8539797e-03	  -1.2530643e-04	  -1.9423883e-04	   3.5610478e-05	  -6.5347319e-13	   2.2397484e+02	
  -2.3756837e-03	  -3.4866319e-05	   1.7218667e-03	   3.7870238e-05	   2.3175503e-13	   2.2356873e+02	
   8.9250707e-04	  -2.6369924e-06	   8.4153152e-04	  -2.8582127e-05	  -9.9920615e-13	   2.2399777e+02	
   4.2573803e-04	   1.1905158e-05	  -5.5030109e-04	  -5.3351583e-05	   1.1511767e-12	   2.2365014e+02	
  -2.8216252e-03	  -4.5098061e-05	   5.1785356e-04	   1.9514041e-05	   1.2157641e-13	   2.2360386e+02	
  -1.1728455e-03	  -7.5233605e-06	  -8.7230885e-04	   1.0549189e-05	  -6.1168130e-13	   2.2396592e+02	
   2.9362133e-03	   3.7263825e-05	  -9.1073179e-04	  -2.2374646e-05	   4.5591153e-14	   2.2365106e+02	
  -1.9052792e-03	   8.2248288e-05	   8.8227256e-04	  -2.8607320e-05	  -1.2499574e-12	   2.2400081e+02	
   1.0556912e-03	   3.0949618e-05	   1.7806742e-03	   3.2714961e-05	  -3.3433512e-13	   2.2371887e+02	
  -3.5364399e-03	  -9.4488673e-05	  -1.4490033e-03	  -6.1498782e-06	  -1.6336830e-13	   2.2391218e+02	
   5.7707575e-04	   3.1503533e-05	   3.3539343e-04	   5.2545055e-06	  -5.5089310e-13	   2.2374188e+02	
   6.2716857e-04	   6.9546428e-06	   9.6152888e-04	  -2.7805448e-05	  -9.9160753e-13	   2.2399869e+02	
  -1.1914388e-03	  -3.7082110e-05	  -6.5748041e-04	  -1.2577955e-05	  -4.9390416e-13	   2.2373034e+02	
  -1.2011260e-03	   1.9572165e-05	   6.5827331e-04	   8.2268993e-06	  -8.5103486e-13	   2.2398595e+02	
   1.5606236e-03	   3.4575472e-05	   1.8018214e-03	   2.4980475e-05	  -1.8236461e-13	   2.2368055e+02	
  -2.2201535e-04	  -1.2188613e-05	  -1.4081832e-03	  -3.8144206e-05	  -1.3297420e-13	   2.2389695e+02	
   1.9574187e-04	   5.6758164e-06	  -7.2397859e-04	  -2.4741235e-05	  -4.7870711e-13	   2.2371646e+02	
  -2.6494768e-04	   1.8489126e-05	   1.4011189e-03	  -5.6368595e-06	  -7.7504960e-13	   2.2397909e+02	
   4.1116801e-03	   3.5736958e-05	   2.7652441e-04	  -8.0962441e-06	   2.2415650e-13	   2.2367849e+02	
   2.5092680e-06	   1.7523488e-05	   1.3947227e-03	  -1.0868559e-05	  -8.0924297e-13	   2.2398175e+02	
  -2.8623292e-03	  -2.8309258e-05	   2.3108009e-03	   3.6971893e-05	   1.3677346e-13	   2.2367740e+02	
  -9.3914925e-04	   8.0881740e-05	   1.4452794e-03	  -7.2698772e-05	  -1.0675928e-12	   2.2403537e+02	
  -9.9274116e-05	  -7.3064915e-06	  -1.2542000e-03	  -3.7444509e-05	  -5.0910121e-13	   2.2373401e+02	
   1.4110599e-03	  -1.0510694e-05	  -3.4848607e-04	  -1.6218087e-05	  -7.0666287e-13	   2.2397470e+02	
  -7.0772371e-04	  -3.9361047e-06	   2.1739682e-03	   4.1799124e-05	  -2.0136093e-13	   2.2368061e+02	
   2.2359816e-05	   1.5795970e-05	   1.4305351e-03	  -1.7203308e-05	  -8.8522822e-13	   2.2399020e+02	
  -2.8588143e-03	   7.3396474e-05	  -3.4560615e-03	   1.1432781e-04	   1.2575560e-12	   2.2363491e+02	
  -1.1342752e-03	   1.1766564e-05	   1.4339937e-03	  -4.9578789e-07	  -6.4587467e-13	   2.2397010e+02	
  -1.2638716e-04	  -1.9945949e-06	   4.5297443e-04	   1.1576981e-05	  -4.1032038e-13	   2.2369713e+02	
  -1.3776237e-03	   3.6154822e-06	  -6.0063359e-04	   1.3902841e-05	  -7.2945845e-13	   2.2397752e+02	
  -8.0998025e-04	  -2.7578885e-05	  -1.4875685e-03	  -3.3943748e-05	  -4.2551743e-13	   2.2372783e+02	
   4.2155948e-05	   2.4010929e-05	   1.0996945e-03	  -1.9040389e-05	  -1.0144032e-12	   2.2400153e+02	
   2.5449189e-03	   4.2994359e-05	   3.5976275e-04	  -4.7801409e-06	  -9.4981569e-14	   2.2366417e+02	
   1.4976522e-04	  -2.0514936e-05	  -1.4538812e-03	  -7.6725406e-06	  -5.5089310e-13	   2.2396059e+02	
  -1.2863198e-03	  -1.9831724e-05	   1.5801150e-03	   4.1012891e-05	  -3.3053586e-13	   2.2371769e+02	
   1.2241212e-05	   1.8223315e-05	   1.3558211e-03	  -2.7230637e-05	  -1.0789906e-12	   2.2400095e+02	
   3.1184905e-03	   4.5301805e-05	   7.1122094e-04	  -1.2152218e-07	   9.1182306e-14	   2.2364076e+02	
  -9.5381896e-05	  -8.1377674e-06	  -9.4921575e-04	  -3.4673414e-05	  -1.8616388e-13	   2.2391229e+02	
   8.7694888e-05	   3.7334952e-06	  -2.5489927e-04	  -3.7936293e-06	  -4.0652112e-13	   2.2369358e+02	
  -1.4855643e-03	  -2.4386386e-05	   4.4029689e-04	   9.7820588e-06	  -6.3067762e-13	   2.2395439e+02	
   1.8758523e-03	   2.0071709e-05	  -2.4449491e-03	  -4.0208085e-05	   9.8780832e-14	   2.2362981e+02	
  -2.4414643e-04	  -7.7865737e-05	  -9.3572200e-04	   1.3014881e-05	  -1.0182024e-12	   2.2403120e+02	
  -6.0749753e-05	   6.8126739e-06	   1.6341446e-03	   4.5507079e-05	  -4.8250637e-13	   2.2374304e+02	
  -2.2888492e-04	  -1.2471481e-05	  -1.4832570e-03	  -3.7887259e-05	  -1.1017862e-13	   2.2389644e+02	
   1.2229766e-03	   2.7342429e-05	   2.7465420e-03	   4.2480113e-05	   1.7476609e-13	   2.2359020e+02	
   5.2924809e-04	  -2.6819104e-05	  -1.6168330e-03	   2.2476499e-05	  -9.5361495e-13	   2.2399206e+02	
   1.4005381e-03	   4.0033888e-05	   2.0643181e-04	  -1.7846688e-06	  -3.9892259e-13	   2.2370615e+02	
  -9.5551549e-04	   2.2459416e-05	   9.0765907e-04	   4.0464555e-06	  -8.7383043e-13	   2.2398867e+02	
  -1.2138814e-03	  -3.8739598e-05	  -9.2829579e-04	  -1.9000526e-05	  -4.7870711e-13	   2.2373953e+02	
   9.9667259e-04	   5.5138179e-05	  -8.3422015e-05	  -2.5360564e-05	   1.2347603e-12	   2.2363628e+02	
   5.9609019e-04	   5.0184491e-06	  -2.7427319e-03	  -4.9401993e-05	   2.5834987e-13	   2.2355654e+02	
  -4.0783620e-04	  -1.9718897e-05	  -5.5698113e-04	  -1.9604396e-05	  -4.0652112e-13	   2.2393805e+02	
  -2.9129422e-03	  -4.8052097e-05	   3.6651477e-05	   1.1616407e-05	   1.3297420e-13	   2.2360325e+02	
  -1.0060261e-03	  -1.2405848e-05	  -1.0266272e-03	   7.0806945e-06	  -5.5089310e-13	   2.2396085e+02	
  -2.6309765e-03	  -3.9362009e-05	  -2.7420015e-03	  -2.4884706e-05	   1.5197051e-13	   2.2368936e+02	
  -5.7760715e-04	  -1.9784206e-05	  -1.3227592e-03	  -3.7592613e-06	  -4.2931669e-13	   2.2394566e+02	
  -1.0332377e-03	  -2.0353974e-05	   1.7376267e-03	   5.1566875e-05	  -3.2673660e-13	   2.2374425e+02	
   8.2973720e-04	   2.5788862e-06	   1.2352509e-03	  -1.8284832e-05	  -7.9404592e-13	   2.2398320e+02	
   4.0487447e-04	   1.4280929e-05	   3.0705323e-03	   4.9963774e-05	   2.4695208e-13	   2.2357229e+02	
  -1.1039187e-03	   2.0665196e-05	   8.4008879e-04	   4.2192361e-06	  -8.4723560e-13	   2.2398793e+02	
  -2.3705678e-03	  -4.6940632e-05	  -1.5988127e-03	  -2.0833611e-05	   2.3175503e-13	   2.2356687e+02	
  -7.1859210e-04	   1.3044508e-06	  -1.6766158e-03	   3.5100626e-05	  -9.0422454e-13	   2.2398940e+02	
   1.2739615e-03	   1.4888578e-05	  -2.1291178e-03	  -3.9460572e-05	  -4.9390416e-14	   2.2364080e+02	
   1.1593704e-03	   3.4674694e-06	   6.7265487e-04	  -1.5049468e-05	  -6.5727246e-13	   2.2397145e+02	
  -3.5388636e-04	  -1.8104728e-05	  -2.0739970e-03	  -5.1951059e-05	  -3.0774028e-13	   2.2374734e+02	
   3.6162552e-04	   9.0647037e-06	   1.7552263e-03	   2.4029836e-05	  -3.3813439e-13	   2.2392415e+02	
   3.2738349e-03	   3.8660711e-05	   2.1467722e-03	   1.3755789e-05	   2.3935355e-13	   2.2364507e+02	
  -5.6037537e-04	   2.7950905e-05	   1.0095333e-03	  -3.2166436e-06	  -9.6881200e-13	   2.2399817e+02	
  -1.5611276e-03	  -3.3796953e-05	  -2.0762931e-03	  -3.2230362e-05	   7.9784518e-14	   2.2360493e+02	
   2.2178593e-04	  -1.0933362e-05	  -1.3973946e-03	  -9.2855460e-05	  -1.2385597e-12	   2.2401801e+02	
   3.8462413e-04	   1.2575498e-05	   4.0183946e-03	   3.6300351e-05	   2.7354692e-13	   2.2364656e+02	
  -5.2299998e-04	  -1.8886855e-05	  -1.3224754e-03	   9.9901236e-07	  -5.2049900e-13	   2.2395766e+02	
  -1.4567440e-03	  -3.7521596e-05	  -1.3134561e-03	  -2.1780293e-05	  -3.0774028e-13	   2.2370274e+02	
   6.6009269e-04	  -2.1696092e-05	  -1.2247151e-03	  -9.7362695e-06	  -6.7626877e-13	   2.2397419e+02	
   1.5463143e-03	   3.4586196e-05	  -8.7789261e-04	  -3.4248312e-05	  -4.4831301e-13	   2.2375006e+02	
  -1.0947401e-03	  -3.6883247e-05	  -3.4654503e-04	  -9.6930640e-06	  -3.1153955e-13	   2.2392163e+02	
  -8.3108603e-04	  -2.8126717e-05	  -1.2205404e-03	  -3.0282450e-05	  -4.5211227e-13	   2.2372779e+02	
   1.6683852e-03	  -1.2287232e-06	   2.8608690e-04	  -1.1671540e-05	  -6.0788204e-13	   2.2396537e+02	
  -1.0175968e-03	  -2.1774888e-05	   1.1528460e-03	   3.7723576e-05	  -4.7110858e-13	   2.2373446e+02	
  -6.8303368e-04	  -1.2671731e-05	  -1.2288758e-03	   1.0734720e-05	  -6.6867025e-13	   2.2397476e+02	
  -1.3030112e-03	   5.4143017e-06	   4.1839197e-03	   2.5412543e-05	   8.9662601e-13	   2.2366339e+02	
   1.0494326e-03	  -5.0683381e-05	  -1.3581147e-03	   3.3203351e-05	  -1.4931102e-12	   2.2401457e+02	
   2.8583606e-04	   1.9347844e-05	   5.5445536e-04	   2.4270692e-05	  -5.7368868e-13	   2.2374599e+02	
   5.8315591e-04	  -2.2363471e-05	   2.2475737e-05	  -4.4130358e-05	  -1.8540402e-12	   2.2404523e+02	
   1.4290024e-03	   3.6760340e-05	  -4.7426236e-04	  -2.2801707e-05	  -4.6730932e-13	   2.2373531e+02	
  -4.1311420e-04	   1.3954238e-06	  -1.8015695e-03	   6.7955551e-05	  -1.4285228e-12	   2.2401136e+02	
  -2.9164777e-03	  -4.3024071e-05	   1.0553599e-03	   2.7416078e-05	   1.5197051e-13	   2.2360967e+02	
  -2.0528211e-04	  -1.6275307e-05	  -1.5241770e-03	   1.0504923e-05	  -7.4085624e-13	   2.2397981e+02	
  -2.2293270e-03	  -3.1934577e-05	   1.9453745e-03	   4.0988738e-05	   2.5075134e-13	   2.2356448e+02	
   5.9326855e-04	   1.1703510e-05	   1.2235888e-03	  -8.5498210e-06	  -6.4207541e-13	   2.2396911e+02	
   1.1478628e-04	   5.2980483e-06	  -3.8377290e-04	  -1.0139101e-05	  -4.4071448e-13	   2.2370329e+02	
   1.2816950e-03	  -2.7882500e-06	   2.6361360e-04	  -1.7836486e-05	  -6.8766656e-13	   2.2397586e+02	
  -1.2076138e-03	  -3.6563898e-05	  -6.7269148e-04	  -1.3314149e-05	  -4.3311595e-13	   2.2371562e+02	
  -4.0840167e-04	  -1.7740837e-05	  -1.3035988e-03	   8.1532539e-06	  -6.6487098e-13	   2.2397572e+02	
  -1.4384087e-03	  -1.2069538e-05	   3.0681735e-03	   4.7878728e-05	   2.3555429e-13	   2.2359744e+02	
  -2.0883172e-03	   2.8390968e-05	  -3.9902479e-06	   4.4348225e-06	  -8.5103486e-13	   2.2398038e+02	
  -3.0854920e-03	  -9.7139275e-05	  -2.0333455e-03	  -4.8100728e-05	   5.8128720e-13	   2.2370133e+02	
   2.2125916e-03	  -4.9272915e-05	  -1.7418771e-03	   2.0858407e-05	  -3.2293733e-13	   2.2396310e+02	
   4.4735625e-03	   1.2509068e-05	  -5.5754190e-04	  -1.2008938e-05	   3.6472923e-13	   2.2366282e+02	
  -1.7067823e-04	   1.2621112e-05	   1.7025574e-03	  -1.4723527e-05	  -7.6745108e-13	   2.2398251e+02	
   5.8432476e-04	  -1.5194181e-07	  -3.3044556e-03	  -4.6607981e-05	   1.6716756e-13	   2.2362401e+02	
   1.8618612e-03	  -7.1834157e-05	  -5.5429747e-04	   5.8021729e-06	  -1.3335413e-12	   2.2400979e+02	
   3.4002465e-03	   5.1314471e-05	   1.1820341e-04	  -8.3689143e-06	   3.7992628e-14	   2.2371439e+02	
   5.7247643e-05	  -2.7058503e-05	  -1.2442754e-03	   5.4386889e-06	  -7.9784518e-13	   2.2398601e+02	
   3.0089970e-04	  -1.3821280e-06	  -3.0216167e-03	  -4.7043917e-05	   3.8372554e-13	   2.2352924e+02	
  -8.4073848e-04	   2.4186492e-05	   8.6414731e-04	   4.1938299e-06	  -9.0042527e-13	   2.2399329e+02	
  -1.3000056e-04	  -1.6658497e-05	  -3.2014901e-03	  -1.1112599e-04	   2.3935355e-13	   2.2375433e+02	
  -1.1409648e-03	   1.6816896e-06	  -5.3999209e-04	   1.8476257e-05	  -7.7884887e-13	   2.2398412e+02	
  -3.3206797e-04	  -1.5895598e-05	  -1.5371518e-03	  -4.1210327e-05	  -4.5591153e-13	   2.2373656e+02	
   6.2941940e-04	   1.0062063e-05	  -1.5832063e-05	  -2.9102089e-05	   2.4315282e-13	   2.2384558e+02	
   3.6688049e-04	   1.6647207e-05	   2.0753529e-03	   4.8618013e-05	  -2.6974766e-13	   2.2372102e+02	
   1.2602734e-03	  -1.6440975e-05	   1.4415262e-03	  -3.4003887e-05	  -8.8902749e-13	   2.2398670e+02	
  -3.5907239e-03	  -8.8048854e-05	   4.0465238e-04	   2.5239475e-05	   2.3175503e-13	   2.2374992e+02	
  -1.7559747e-04	  -4.8092973e-06	   7.6697065e-04	   2.9930993e-05	  -1.1397788e-13	   2.2389875e+02	
  -6.9321617e-04	  -1.8498996e-05	  -2.3704479e-03	  -3.9167696e-05	  -1.5197051e-14	   2.2363002e+02	
  -1.1508378e-03	   2.5132989e-05	   5.0935513e-04	   8.0564946e-06	  -9.8400910e-13	   2.2399791e+02	
  -2.5791043e-03	  -4.9527963e-05	  -1.2787388e-03	  -1.3984599e-05	   2.2035724e-13	   2.2357288e+02	
   3.7214880e-04	   1.2938782e-05	   1.1457073e-03	   3.4694056e-05	  -2.3555429e-13	   2.2390503e+02	
   1.0148905e-03	   1.7951458e-05	   3.8893431e-03	   3.3438577e-05	   2.9254323e-13	   2.2363466e+02	
  -1.6305451e-03	   2.5850034e-05	  -3.7549769e-04	   1.6893260e-05	  -9.3081938e-13	   2.2399183e+02	
   1.4661285e-03	   1.8131540e-05	  -2.0524176e-03	  -3.8956639e-05	  -4.9390416e-14	   2.2364448e+02	
  -6.6134593e-04	  -3.5723015e-05	  -7.7759627e-05	   4.9052227e-05	  -9.0042527e-13	   2.2400821e+02	
   3.2065388e-03	   4.8497282e-05	   1.3288037e-04	  -7.2872977e-06	   1.7476609e-13	   2.2360763e+02	
  -1.5978000e-03	   8.6856305e-05	  -7.3726425e-05	   2.9738107e-05	  -1.0599944e-12	   2.2403498e+02	
   1.8581906e-03	   3.9113788e-05	   1.6525420e-03	   2.1624019e-05	  -1.4817125e-13	   2.2367947e+02	
   6.9622294e-04	   3.5028096e-06	  -1.5301832e-03	  -3.3855229e-05	  -1.4057272e-13	   2.2390239e+02	
   6.9792354e-04	  -2.1815946e-06	  -4.1237912e-03	  -6.4993955e-05	   8.7762970e-13	   2.2365875e+02	
  -9.7898676e-04	   2.3936292e-06	  -6.4529904e-04	   2.3706891e-05	  -9.0042527e-13	   2.2399511e+02	
   2.0902352e-03	   3.8307707e-05	   2.4810910e-03	   3.3066625e-05	   2.5834987e-13	   2.2357863e+02	
  -7.3258235e-04	  -1.3542356e-05	  -1.4704842e-03	  -2.0394116e-05	  -6.6107172e-13	   2.2395838e+02	
  -2.6878798e-03	  -4.4636569e-05	   4.8621393e-04	   1.9003206e-05	   7.2185992e-14	   2.2361507e+02	
  -4.9344319e-04	  -1.2497237e-05	  -1.4303513e-03	   1.1279008e-05	  -7.0286361e-13	   2.2397813e+02	
   4.6464672e-03	  -2.6928329e-05	  -3.0893403e-04	  -1.3033744e-05	   9.0422454e-13	   2.2366930e+02	
   1.2198697e-03	  -1.1176133e-05	  -4.0789259e-04	  -1.8453381e-05	  -6.8006803e-13	   2.2397639e+02	
  -1.1015204e-03	  -1.1217835e-05	   2.7453869e-03	   5.0627098e-05	   1.8616388e-13	   2.2358478e+02	
  -8.3382479e-04	  -3.5131044e-05	  -1.2793767e-04	  -4.0674400e-06	   7.5985255e-15	   2.2388030e+02	
   1.2458193e-03	   2.3160991e-05	  -1.3890222e-03	  -4.1839275e-05	  -3.9892259e-13	   2.2373801e+02	
   2.2129151e-03	   1.1079385e-04	  -4.3913548e-04	  -6.3405621e-05	  -6.6107172e-13	   2.2397441e+02	
   9.7552204e-04	  -5.6436597e-05	  -4.2410699e-03	   1.6944616e-04	   1.3943295e-12	   2.2361141e+02	
   5.3339087e-04	   9.8704597e-06	   8.3413734e-04	  -3.0327328e-05	  -1.0296003e-12	   2.2400691e+02	
   2.8333791e-04	   4.6331244e-05	   3.4242838e-03	   2.7123509e-04	  -2.3593421e-12	   2.2435316e+02	
  -8.8903076e-04	   9.6386604e-06	   1.7872017e-03	  -9.1779289e-06	  -8.0544371e-13	   2.2397545e+02	
  -3.0755556e-03	  -2.8493695e-05	   2.2452272e-03	   3.4317982e-05	   2.6974766e-13	   2.2362611e+02	
   1.0740851e-03	  -1.1016875e-05	   2.6503998e-04	  -2.5201410e-05	  -9.1562233e-13	   2.2399684e+02	
  -9.6047430e-04	  -3.1215272e-05	   6.2122985e-04	   2.5863794e-05	  -2.7354692e-13	   2.2368260e+02	
  -8.7448268e-04	  -2.2061668e-06	  -7.0758061e-04	   2.4410680e-05	  -8.8142896e-13	   2.2399421e+02	
  -1.5645123e-03	  -3.1630730e-05	  -2.5560928e-03	  -3.7314692e-05	   3.4193365e-13	   2.2354020e+02	
  -5.8312616e-04	   2.3625981e-05	   1.0738345e-03	  -6.0379129e-07	  -8.5863338e-13	   2.2399085e+02	
   2.2478802e-03	   4.1219181e-05	   2.2718585e-03	   3.0053476e-05	   2.1655798e-13	   2.2359063e+02	
  -5.1192428e-04	  -3.7389399e-05	  -1.2797510e-03	  -5.8883853e-05	   1.2689538e-12	   2.2362168e+02	
  -2.1979142e-03	  -3.8503348e-05	  -2.5025008e-03	  -2.8932971e-05	   1.6336830e-13	   2.2362503e+02	
  -9.6175655e-04	  -1.1812434e-05	  -9.3426407e-04	   9.4872702e-06	  -5.6609015e-13	   2.2396478e+02	
   1.3987744e-03	   2.9997867e-05	   2.4222376e-03	   3.5349900e-05	   2.2795577e-14	   2.2363548e+02	
   1.5335458e-03	  -2.3983491e-05	  -1.3998970e-03	   7.9741339e-06	  -8.2823928e-13	   2.2398055e+02	
  -1.8106916e-04	  -7.4662147e-06	  -1.3658539e-04	  -4.5702978e-06	  -4.8630563e-13	   2.2372990e+02	
  -3.5225830e-04	   2.2606012e-05	   1.1874182e-03	  -4.6771916e-06	  -8.3583781e-13	   2.2398901e+02	
   3.9082655e-04	   9.6457443e-07	  -2.8728092e-03	  -4.9572403e-05	   2.9634250e-13	   2.2355031e+02	
   7.7837431e-04	   1.0696283e-05	   1.0303179e-03	  -1.0220618e-05	  -6.0788204e-13	   2.2396744e+02	
  -1.4374991e-03	  -1.6884188e-05	   2.5312212e-03	   4.7783257e-05	   1.5576977e-13	   2.2359366e+02	
   1.2328092e-03	  -4.6651415e-07	   8.8028408e-04	  -1.4659435e-05	  -6.9906435e-13	   2.2397670e+02	
   8.6953976e-04	  -1.9970316e-05	   1.2504331e-04	  -2.6378051e-05	  -4.0462148e-12	   2.2407484e+02	
  -1.1026068e-04	  -2.0960916e-05	  -1.3605539e-03	   7.1326073e-06	  -7.1806066e-13	   2.2398245e+02	
  -6.5526663e-04	  -1.1102587e-05	   1.4798928e-03	   4.1323847e-05	  -3.7992628e-13	   2.2370703e+02	
   7.8633585e-04	   3.7570809e-05	  -4.2345376e-04	  -4.4471917e-05	   1.3107456e-12	   2.2361650e+02	
  -2.4632846e-04	  -1.5528404e-05	  -4.1606025e-04	  -1.9449993e-05	  -5.8508647e-13	   2.2375047e+02	
   1.9256678e-03	  -3.0752394e-05	   2.0461547e-03	  -4.9277239e-05	  -3.5333144e-13	   2.2396838e+02	
  -3.2029974e-04	  -2.0964338e-05	  -3.7062109e-03	  -1.0187725e-04	   5.0910121e-13	   2.2371018e+02	
  -1.5416621e-03	  -3.9625435e-05	   2.5479923e-04	   1.0713889e-05	   0.0000000e+00	   2.2387885e+02	
   3.7069478e-03	  -8.1896523e-05	   2.4106922e-03	  -7.0897034e-05	   1.3183442e-12	   2.2360667e+02	
  -9.1837681e-04	  -6.1393121e-05	  -2.2151380e-04	   9.8268928e-06	   1.1739721e-12	   2.2365382e+02	
  -1.3082092e-03	  -1.1039872e-05	   3.3882421e-03	   5.3068167e-05	   1.2917493e-13	   2.2369503e+02	
   1.1006197e-03	  -1.4072927e-05	  -5.6827867e-04	  -1.8768096e-05	  -6.7626877e-13	   2.2397609e+02	
  -4.5812852e-04	  -1.8403102e-05	  -1.6238893e-03	  -4.0491651e-05	  -3.9892259e-13	   2.2372362e+02	
   9.5702388e-04	  -1.7804773e-05	  -8.1305326e-04	  -1.6836273e-05	  -6.6867025e-13	   2.2397560e+02	
   3.7506225e-03	  -1.4654709e-05	  -2.7485428e-03	  -2.2382128e-06	   4.6730932e-13	   2.2363133e+02	
   1.6754388e-03	   7.2825988e-05	   7.8066735e-04	   2.0766404e-05	   8.9282675e-13	   2.2371071e+02	
  -2.1515123e-04	   4.0607976e-06	   3.0033370e-03	   5.1552367e-05	   1.7476609e-13	   2.2359251e+02	
   8.5766845e-04	   9.0518444e-06	  -1.4029210e-03	  -3.4949253e-05	  -1.0258009e-13	   2.2389748e+02	
   4.0731334e-04	   1.5976016e-05	   1.5842011e-03	   3.9282595e-05	  -3.4953217e-13	   2.2369738e+02	
   3.4656511e-04	   1.5321258e-05	   1.2020688e-03	  -9.0237132e-06	  -6.7246951e-13	   2.2397457e+02	
  -1.6553088e-03	  -5.5667521e-05	   2.1464612e-03	   9.0419088e-05	   4.9390416e-14	   2.2378067e+02	
   1.3863305e-03	  -1.7054789e-05	   1.1823326e-03	  -2.8809083e-05	  -8.8522822e-13	   2.2398866e+02	
   4.4037437e-03	  -4.1031747e-05	   3.9766709e-05	  -1.4839270e-05	   1.2043662e-12	   2.2361151e+02	
  -8.4235085e-06	   2.0962826e-05	   1.1817585e-03	  -1.2883741e-05	  -8.6623191e-13	   2.2399347e+02	
   1.1274300e-03	   3.3290730e-05	   1.6430430e-03	   3.2913399e-05	  -3.3053586e-13	   2.2371724e+02	
   9.2545778e-04	   1.2284391e-05	  -1.3242181e-03	  -3.5430328e-05	  -7.9784518e-14	   2.2389396e+02	
   3.2873332e-03	   4.6928534e-05	  -2.3688289e-04	  -1.2328353e-05	   2.3935355e-13	   2.2358969e+02	
   2.0692802e-04	  -4.2648712e-05	  -5.9176275e-04	  -3.1260666e-05	  -6.6487098e-13	   2.2398660e+02	
   2.9847845e-03	  -1.4435113e-04	  -3.2080860e-03	   1.2887573e-04	   1.3829316e-12	   2.2362012e+02	
  -8.3042874e-04	   2.8805390e-05	   1.2416498e-03	  -1.5303925e-05	  -1.0409980e-12	   2.2399963e+02	
   1.5599034e-03	   1.6132940e-05	  -2.8333539e-03	  -4.2894162e-05	   3.9892259e-13	   2.2353611e+02	
  -5.2621449e-04	   2.4253946e-05	   1.0550179e-03	  -9.7243678e-07	  -8.5483412e-13	   2.2399188e+02	
  -3.8438535e-03	  -3.7256711e-05	  -1.6520942e-03	  -3.3552811e-06	   3.0014176e-13	   2.2366527e+02	
  -1.1001297e-03	   6.9072914e-06	  -5.8564079e-04	   2.1946008e-05	  -9.0042527e-13	   2.2399558e+02	
  -2.3554507e-03	   2.5679484e-06	   3.7757503e-03	   1.5302212e-05	   4.2171817e-13	   2.2363151e+02	
   5.4440447e-04	   2.0306202e-05	   1.0412081e-03	   3.7383898e-05	   4.1791890e-14	   2.2386813e+02	
   1.6598408e-03	   2.1766990e-05	  -2.4567721e-03	  -4.4435522e-05	   2.0136093e-13	   2.2358335e+02	
   7.4723423e-04	  -2.1590985e-05	  -9.6364976e-04	  -1.4936673e-05	  -6.5347319e-13	   2.2397464e+02	
   2.2563694e-03	   2.4347567e-05	   3.3760055e-03	   2.0424710e-05	   3.8752480e-13	   2.2359926e+02	
  -1.1551916e-03	  -8.2822279e-05	  -1.8766549e-05	   3.6484044e-05	  -1.0258009e-12	   2.2401525e+02	
   7.8850777e-04	   1.8673795e-05	   3.2129505e-03	   4.4790284e-05	   3.6092996e-13	   2.2354795e+02	
   7.7371326e-05	   1.8274107e-05	   3.3371055e-03	   9.6260642e-07	  -7.4465550e-13	   2.2394938e+02	
  -1.6641333e-03	  -3.5295022e-05	   9.5666378e-04	   3.2177137e-05	  -3.5333144e-13	   2.2372460e+02	
  -1.4353267e-04	  -2.3852527e-05	  -1.2736121e-03	  -3.4867757e-07	  -5.7748794e-13	   2.2396601e+02	
   2.9440283e-03	   3.8229941e-05	  -1.4705405e-03	  -2.7986863e-05	   3.2673660e-13	   2.2356178e+02	
  -1.0599605e-03	   4.5217227e-06	  -3.4351022e-04	   2.0295839e-05	  -7.8644739e-13	   2.2398742e+02	
  -1.2039600e-03	  -1.6981027e-05	   9.3209199e-04	   2.0180233e-05	  -2.4125319e-12	   2.2409059e+02	
   9.0085239e-04	  -1.9447810e-05	  -8.1797929e-04	  -1.6440217e-05	  -6.7626877e-13	   2.2397740e+02	
  -8.8565658e-05	  -6.0304245e-06	  -5.1475351e-04	  -2.6071307e-06	  -2.8038559e-12	   2.2422306e+02	
  -9.5362841e-04	   2.1212841e-05	   5.3159791e-04	   1.1494607e-05	  -8.6243265e-13	   2.2399361e+02	
  -2.0447319e-03	  -3.4100863e-05	   1.1437664e-03	   3.1343447e-05	  -1.8996314e-13	   2.2369147e+02	
   2.0331197e-04	   4.5962931e-06	  -6.3578186e-04	  -2.5841745e-05	  -2.7734618e-13	   2.2391987e+02	
   2.9473757e-03	   4.7413077e-05	   9.4879559e-04	   5.4631632e-06	   1.1777715e-13	   2.2362333e+02	
  -9.5205328e-04	  -9.4964833e-06	  -7.8292684e-04	   1.3983108e-05	  -6.1927983e-13	   2.2397071e+02	
   4.0953940e-03	   3.6552248e-06	   2.0979666e-03	  -9.3605318e-06	   4.5211227e-13	   2.2363799e+02	
   3.3010861e-03	  -4.0130161e-05	  -9.8978796e-04	  -1.0402305e-05	  -9.4221716e-13	   2.2395167e+02	
   3.3316496e-03	   3.9006639e-05	  -1.0381547e-03	  -2.1299794e-05	   3.0774028e-13	   2.2357986e+02	
   2.6369723e-03	  -7.1246783e-05	   7.4174440e-04	  -3.4351962e-05	  -4.5591153e-13	   2.2398400e+02	
  -1.1795410e-03	  -9.9973930e-06	   2.6471054e-03	   5.4690058e-05	  -1.8996314e-13	   2.2378583e+02	
   1.2144164e-03	  -2.7130814e-06	   5.3310412e-04	  -1.7618869e-05	  -7.2565919e-13	   2.2398169e+02	
  -8.1004999e-04	  -2.0833208e-05	  -2.4720234e-03	  -4.0832475e-05	   1.5197051e-14	   2.2362992e+02	
   1.3429065e-04	  -2.1354198e-05	  -5.3990786e-04	  -4.6530714e-05	   9.8780832e-13	   2.2369116e+02	
  -1.5030140e-03	   5.0429132e-05	  -9.8844179e-04	   5.0593424e-05	  -3.3851432e-12	   2.2400877e+02	
  -1.1311933e-04	  -6.0943540e-05	  -1.1220616e-03	   3.0961599e-05	  -1.1207826e-12	   2.2403594e+02	
   3.5424077e-03	  -2.9144458e-05	  -3.2294962e-03	   1.2117647e-05	   5.4329457e-13	   2.2362620e+02	
   1.2753974e-03	   3.1691187e-05	   8.3609796e-04	   1.5652221e-05	  -5.6988941e-14	   2.2388957e+02	
  -7.4683114e-04	  -2.4001362e-05	  -1.2204307e-04	  -4.4000812e-07	  -4.2171817e-13	   2.2370765e+02	
  -1.0298151e-03	   1.6743224e-05	  -6.5098700e-04	   5.9979952e-05	  -1.1511767e-12	   2.2403680e+02	
   3.2113328e-03	   4.8217990e-05	  -9.3607806e-05	  -1.0521921e-05	   1.8236461e-13	   2.2360630e+02	
   5.8176302e-04	  -3.1200040e-05	  -9.7383970e-04	  -4.6401524e-06	  -8.9662601e-13	   2.2399725e+02	
   2.9751649e-03	   4.1715940e-05	  -1.2416473e-03	  -2.6479134e-05	   2.3555429e-13	   2.2358869e+02	
   8.7063075e-04	  -3.8394624e-06	   6.3228777e-04	  -2.8700711e-05	  -9.6501274e-13	   2.2400265e+02	
  -1.8376027e-03	   7.8533293e-05	   7.6232641e-04	  -1.9331626e-05	  -3.2597674e-12	   2.2403087e+02	
  -2.1605640e-04	  -1.3697538e-05	  -9.1232137e-04	  -3.5433864e-05	  -1.3297420e-13	   2.2390507e+02	
   2.5956627e-03	  -1.1502580e-04	   3.4939351e-03	  -1.8261602e-04	   1.3677346e-12	   2.2363278e+02	
  -1.8090823e-04	  -2.4683161e-05	  -1.1764661e-03	   6.9621264e-06	  -6.8766656e-13	   2.2398036e+02	
  -2.9280636e-03	  -1.5649471e-05	  -3.3337182e-03	  -8.2635783e-07	   4.4451374e-13	   2.2362319e+02	
   5.5495699e-04	  -2.8491649e-05	  -1.2196103e-03	   4.0090110e-06	  -9.0802380e-13	   2.2399607e+02	
   1.2248376e-03	   2.8109390e-05	   2.4333986e-03	   3.7236516e-05	  -4.9390416e-14	   2.2366251e+02	
   1.5115347e-03	  -9.8863849e-07	   3.4105130e-03	  -4.8047712e-05	  -6.3067762e-13	   2.2393496e+02	
  -3.4338488e-04	   2.3254324e-06	   2.6945763e-03	   4.7029471e-05	  -3.4193365e-14	   2.2365685e+02	
  -1.7537655e-03	   8.5697012e-05	   1.8350948e-03	  -7.0217365e-05	  -6.3067762e-13	   2.2400905e+02	
   4.6360051e-03	  -2.1665727e-05	  -6.5251601e-04	  -7.7504397e-06	   5.2809752e-13	   2.2361004e+02	
  -4.7468311e-04	  -2.0105431e-05	  -1.3954479e-03	  -4.3643043e-05	  -7.5985255e-15	   2.2387687e+02	
   1.2601488e-03	  -9.8103483e-07	  -3.9137704e-03	  -2.6128451e-05	   4.2171817e-13	   2.2359298e+02	
   6.9664606e-04	  -2.3054239e-06	   1.7767625e-03	  -3.0571476e-05	  -8.2064076e-13	   2.2398458e+02	
  -7.1244857e-04	  -3.6058860e-06	   2.7792304e-03	   4.7804004e-05	   5.6988941e-14	   2.2363039e+02	
  -1.9373327e-04	   1.3567747e-05	   1.6248147e-03	  -1.4859711e-05	  -7.9784518e-13	   2.2398703e+02	
   1.0194435e-03	  -6.9040178e-06	  -4.4440169e-03	  -2.5894300e-05	   6.0788204e-13	   2.2369190e+02	
  -1.3563976e-03	   5.1183680e-06	  -3.9975860e-04	   1.3214326e-05	  -7.2185992e-13	   2.2398177e+02	
  -9.5247357e-04	  -8.9288713e-06	   2.3809352e-03	   4.6144995e-05	  -1.0637936e-13	   2.2367572e+02	
  -7.7298946e-04	   2.3687803e-05	   7.4136450e-04	   7.6132023e-06	  -8.3963707e-13	   2.2399290e+02	
   1.6093737e-03	  -2.1718980e-05	  -4.5256296e-03	   2.9681500e-05	   5.5089310e-13	   2.2361787e+02	
   2.9629857e-04	   9.4023118e-06	   4.9960266e-04	   1.7322912e-05	  -9.4981569e-14	   2.2389384e+02	
   3.7986659e-04	  -1.2157344e-06	   1.7304324e-03	  -2.0181833e-05	  -2.3365466e-12	   2.2412523e+02	
   8.7034018e-04	   2.8652920e-05	  -1.1663863e-04	  -6.5086620e-06	  -5.5469236e-13	   2.2396073e+02	
   2.6354956e-03	   3.6490027e-05	  -1.6929860e-03	  -3.3119058e-05	   1.9756166e-13	   2.2359558e+02	
  -3.7723366e-03	   6.7530670e-05	  -5.2545854e-04	   2.8804973e-05	  -6.6867025e-13	   2.2392942e+02	
  -3.1078811e-04	  -8.6798453e-06	  -4.3774516e-04	  -1.3005408e-05	  -4.5591153e-13	   2.2371370e+02	
  -1.0434214e-03	  -3.2065946e-06	  -1.1519647e-03	   1.2605450e-05	  -6.8766656e-13	   2.2397799e+02	
   1.4581374e-03	   3.7667972e-05	   1.5876243e-03	   2.7745642e-05	  -2.6974766e-13	   2.2370963e+02	
   9.0196830e-05	   2.3899474e-05	   9.9893878e-04	  -1.4311826e-05	  -8.3583781e-13	   2.2399525e+02	
  -3.0401114e-03	  -3.8990579e-05	   1.2569345e-03	   2.7483306e-05	   4.0652112e-13	   2.2353597e+02	
  -2.5491479e-03	   7.5913010e-05	  -8.8286416e-04	   3.6546817e-05	  -4.9010490e-13	   2.2398963e+02	
  -1.2128494e-03	  -8.5139571e-06	  -1.5538446e-03	   5.9345412e-07	  -4.5211227e-13	   2.2395089e+02	
   2.5059545e-03	  -2.4488284e-05	  -4.0694136e-03	   2.0010907e-05	   5.4709384e-13	   2.2362074e+02	
   1.3051762e-04	   2.6403198e-05	   9.1553002e-04	  -1.6758209e-05	  -8.8142896e-13	   2.2399999e+02	
  -2.8432417e-03	   2.1334948e-04	   2.9379674e-03	  -1.9585218e-04	   1.4893110e-12	   2.2362301e+02	
  -9.2468775e-04	   2.1710072e-05	   3.5896326e-04	   1.4721415e-05	  -8.8522822e-13	   2.2399875e+02	
  -2.2850737e-03	  -2.2422325e-05	   2.4341291e-03	   3.7906952e-05	   4.7490785e-13	   2.2351607e+02	
  -9.4536581e-05	   1.1430966e-05	   1.6801817e-03	  -1.4474289e-05	  -7.7125034e-13	   2.2398531e+02	
   7.0061461e-04	   2.2396348e-05	   1.4949674e-03	   3.5769476e-05	  -2.7734618e-13	   2.2367936e+02	
  -7.9720675e-04	   4.3416787e-06	   1.7745965e-03	   5.1308185e-06	  -4.9010490e-13	   2.2395388e+02	
   3.7980841e-04	  -7.6049697e-07	  -2.5629280e-03	  -4.5175324e-05	  -5.6988941e-14	   2.2365930e+02	
  -9.9595403e-04	  -5.8566961e-05	  -3.0993042e-05	   1.8820692e-05	   1.2385597e-12	   2.2363986e+02	
  -2.5065264e-03	  -2.1761471e-05	   2.4451301e-03	   3.5126583e-05	   4.7110858e-13	   2.2352693e+02	
  -1.0768557e-03	   9.6171163e-06	   1.0794186e-05	   1.7537369e-05	  -7.4085624e-13	   2.2398545e+02	
   5.3838232e-04	   1.8405343e-05	   1.6166444e-03	   3.8555902e-05	  -2.8494471e-13	   2.2368382e+02	
  -1.3263375e-03	   9.5993602e-06	  -4.9453361e-05	   1.2938174e-05	  -7.5605329e-13	   2.2398607e+02	
  -8.0177068e-04	  -6.2782793e-05	   1.0356470e-03	   1.6003838e-04	  -3.6624893e-12	   2.2405065e+02	
  -1.0542340e-03	   9.5907400e-06	  -1.7938303e-07	   1.8417366e-05	  -7.4465550e-13	   2.2398609e+02	
  -1.5829882e-03	  -2.2584186e-05	   2.4107535e-03	   4.9461726e-05	   7.5985255e-15	   2.2367347e+02	
   7.1547964e-04	   7.6637518e-06	   7.6279334e-04	  -2.0208077e-05	  -7.0666287e-13	   2.2398243e+02	
   3.8134163e-03	   3.4092086e-05	  -2.7172820e-04	  -1.1655216e-05	   3.7992628e-13	   2.2357881e+02	
   8.1982379e-05	  -1.8819092e-05	  -1.5252856e-03	   7.3301193e-06	  -7.4085624e-13	   2.2398372e+02	
  -2.6684181e-04	   7.2583212e-05	   5.9802002e-04	  -7.4980922e-06	  -3.5371137e-12	   2.2402686e+02	
   5.4908243e-04	  -2.5803133e-05	  -9.9141308e-04	  -1.3062133e-05	  -6.5347319e-13	   2.2397701e+02	
  -1.9925724e-03	  -3.8676061e-06	  -4.3414027e-03	   2.4629635e-05	   7.5225403e-13	   2.2368149e+02	
   1.1611840e-03	  -4.7958868e-06	   3.4857708e-04	  -1.9479879e-05	  -7.3705698e-13	   2.2398464e+02	
   4.6489331e-03	  -2.1375425e-05	   3.3374163e-04	  -1.2209988e-05	   5.5469236e-13	   2.2359687e+02	
  -6.4287870e-04	  -1.8083484e-05	  -9.7875864e-04	   1.1141036e-05	  -5.7368868e-13	   2.2396652e+02	
   4.3593545e-04	   1.0527009e-05	   4.1805165e-03	   1.4403219e-05	   4.9390416e-13	   2.2357525e+02	
   1.1154297e-03	  -1.4845089e-05	   6.6815204e-05	  -2.2917864e-05	  -8.7383043e-13	   2.2399666e+02	
   1.8140466e-04	   5.5640818e-06	   4.1817319e-03	  -2.5363678e-04	   1.4437198e-12	   2.2362174e+02	
   1.4320138e-03	   2.1620176e-05	   9.5522626e-05	  -2.4488618e-06	  -7.9404592e-13	   2.2397527e+02	
   1.4021581e-03	   2.1293286e-05	  -1.7871187e-03	  -4.2554840e-05	  -2.4315282e-13	   2.2371677e+02	
  -3.9813588e-04	  -2.4219519e-05	  -1.0859444e-03	   4.3178147e-06	  -4.9390416e-13	   2.2395856e+02	
   2.7347925e-03	   3.2757002e-05	   3.0098998e-03	   2.3627016e-05	   3.4573291e-13	   2.2363231e+02	
   7.9974399e-04	  -2.6671957e-05	  -1.3126423e-03	   5.0499674e-06	  -8.6243265e-13	   2.2399108e+02	
  -1.6096956e-03	   5.4111174e-05	   3.5509025e-03	  -7.2250413e-05	  -6.2687836e-13	   2.2392746e+02	
   3.7177425e-03	   4.4596521e-05	   1.1627053e-03	   2.1531305e-07	   1.1777715e-13	   2.2373568e+02	
   1.1367847e-03	  -7.4303078e-06	   1.3999639e-03	  -2.4815739e-05	  -8.0164444e-13	   2.2398558e+02	
   1.8698749e-03	  -8.6798562e-06	   4.4089421e-03	  -4.6072165e-05	   6.1548057e-13	   2.2359354e+02	
  -3.5118369e-03	   1.9662549e-05	   5.5069922e-04	   1.7049509e-05	  -6.7246951e-13	   2.2394429e+02	
  -1.3561301e-03	  -1.7962454e-05	  -3.7372172e-03	  -2.2148473e-05	   4.4451374e-13	   2.2357069e+02	
   1.8176333e-03	   1.0632211e-05	   5.1528490e-04	  -5.2190494e-06	  -4.1411964e-13	   2.2394509e+02	
  -3.4592086e-03	   1.4638669e-05	  -1.8455364e-03	   4.4159568e-05	  -2.1313864e-12	   2.2412054e+02	
   8.7413066e-04	  -1.9459811e-05	  -1.3232473e-03	  -3.8110625e-06	  -7.1046214e-13	   2.2398069e+02	
   1.9348788e-05	   6.1462903e-06	   1.8347005e-03	   4.3526749e-05	  -2.8874397e-13	   2.2369161e+02	
   1.7267328e-03	  -1.9493297e-05	   1.0515445e-04	  -1.4425166e-05	  -7.8264813e-13	   2.2398455e+02	
   1.5583139e-03	   2.3110460e-05	   3.3055409e-03	   3.0598977e-05	   4.4831301e-13	   2.2354323e+02	
   3.9968871e-04	   1.4274620e-05	   9.4505793e-04	  -2.2339190e-05	  -8.7003117e-13	   2.2399877e+02	
  -1.4322493e-04	   6.5366730e-07	   1.5517873e-03	   4.1454687e-05	  -2.9254323e-13	   2.2368341e+02	
   2.3707746e-03	   5.1533411e-05	   6.9605230e-04	  -8.0441410e-06	  -1.4893110e-12	   2.2399439e+02	
   2.4832873e-03	   4.1333250e-05	   2.2389244e-03	   2.6098484e-05	   1.9756166e-13	   2.2360984e+02	
  -1.7796666e-04	   2.9332515e-05	   9.2707357e-04	  -6.0961407e-06	  -8.4723560e-13	   2.2399770e+02	
  -5.5094886e-04	  -2.7826861e-05	  -4.1452942e-04	  -1.1500362e-05	  -5.6988941e-13	   2.2375615e+02	
   5.6105108e-04	   1.2450999e-05	   7.7716692e-04	  -2.2581405e-05	  -7.4845476e-13	   2.2398832e+02	
   1.0252238e-03	   2.4698776e-05	   2.5901207e-03	   4.0277321e-05	  -4.1791890e-14	   2.2366873e+02	
  -3.3026314e-04	   2.0633940e-05	   1.4546109e-03	  -2.3577205e-05	  -1.0068046e-12	   2.2400020e+02	
  -8.1175213e-05	  -1.5980514e-05	  -1.5703209e-03	   1.0535876e-05	  -7.4845476e-13	   2.2398451e+02	
   4.2413219e-03	   2.5824050e-05	   1.6788607e-03	  -3.3438992e-06	   4.5591153e-13	   2.2370024e+02	
  -4.4568746e-04	  -6.4459003e-06	   1.4750209e-03	   3.5289903e-05	  -1.5956904e-13	   2.2390366e+02	
  -2.2596737e-03	  -4.1701590e-05	  -2.7456973e-03	  -3.5305629e-05	   1.8996314e-13	   2.2365632e+02	
   1.4138762e-03	  -1.7376246e-06	   8.1306665e-04	  -1.2595119e-05	  -6.8006803e-13	   2.2397709e+02	
   2.3452415e-04	  -4.1519382e-06	  -3.4216583e-03	  -3.8295025e-05	   4.9770342e-13	   2.2351618e+02	
   5.5317801e-04	   9.0107461e-06	   4.8227153e-04	  -3.5485170e-05	  -8.7003117e-13	   2.2400676e+02	
   1.2109024e-03	   3.4338290e-05	   2.2592675e-03	   5.1767538e-05	   1.5197051e-13	   2.2359789e+02	
   6.4908423e-04	   9.3468727e-06	   6.5497375e-04	  -2.3660342e-05	  -6.9146582e-13	   2.2398486e+02	
  -2.5602937e-03	  -3.5118820e-05	   1.5865725e-03	   3.3943516e-05	   8.7383043e-14	   2.2363358e+02	
   1.2920838e-03	  -2.4749169e-05	  -1.0889127e-03	  -1.2163596e-06	  -7.7884887e-13	   2.2398464e+02	
  -4.8829238e-04	  -8.4810861e-06	   1.4634650e-03	   4.0376707e-05	  -2.8494471e-13	   2.2368315e+02	
   1.5707445e-03	  -1.7563968e-05	  -9.7441905e-04	  -5.1147386e-06	  -6.5347319e-13	   2.2397439e+02	
  -3.4097553e-03	  -3.5989046e-05	   7.8926488e-04	   1.9457676e-05	   4.7870711e-13	   2.2352595e+02	
   1.4677044e-03	  -1.0394261e-04	  -9.3040736e-04	   2.6047330e-05	  -1.1169833e-12	   2.2404396e+02	
   1.1778601e-03	  -1.1906273e-06	   3.2939180e-04	  -6.4053389e-06	  -1.8274453e-12	   2.2413588e+02	
   1.2758658e-03	   5.9700576e-05	  -7.4884311e-04	  -6.8915645e-05	  -1.9376240e-12	   2.2402165e+02	
  -1.0247656e-03	  -8.2476943e-06	   2.7643421e-03	   4.6925269e-05	   3.4193365e-14	   2.2365022e+02	
  -5.0409886e-04	  -1.3457970e-05	  -1.1284600e-03	   2.2513820e-05	  -8.8902749e-13	   2.2399770e+02	
  -9.9584253e-04	  -1.8994945e-05	  -3.8914729e-03	  -3.6200102e-05	   3.4953217e-13	   2.2362847e+02	
   2.9064120e-04	   2.2474244e-05	   8.5106394e-04	  -1.9364140e-05	  -7.8264813e-13	   2.2399376e+02	
  -9.1999865e-04	  -1.0472646e-05	   2.8414511e-03	   5.6617623e-05	   1.1777715e-13	   2.2363341e+02	
  -3.8513851e-03	   7.2680229e-05	   6.8103700e-04	   7.3639450e-06	  -5.6988941e-13	   2.2393059e+02	
  -2.3157467e-03	  -4.2573941e-05	  -2.1508332e-03	  -2.7630574e-05	   2.6974766e-13	   2.2357577e+02	
  -3.8998279e-04	  -2.4850570e-05	  -1.0590149e-03	   4.1564297e-06	  -4.7870711e-13	   2.2395789e+02	
  -2.6881482e-04	  -7.6412628e-06	  -5.0185183e-03	   1.2402478e-04	   8.5483412e-13	   2.2369161e+02	
  -1.2655330e-03	  -2.4729456e-05	  -1.1349431e-03	  -1.6090225e-05	  -2.2795577e-13	   2.2391670e+02	
  -2.1081057e-04	  -1.4687132e-06	   4.5085288e-04	   1.4086203e-05	  -4.4831301e-13	   2.2371934e+02	
  -3.3488440e-04	  -3.3641357e-05	  -7.7519597e-04	   1.9731237e-05	  -8.1304223e-13	   2.2400425e+02	
   2.7034223e-03	   1.6020781e-05	   3.1036281e-03	   4.7342935e-06	   5.2429826e-13	   2.2355229e+02	
   7.8076803e-04	  -1.9178570e-07	   3.8668810e-04	  -2.8361178e-05	  -7.4085624e-13	   2.2399202e+02	
   3.3929687e-03	   1.6017158e-04	  -1.0784832e-03	  -7.6014310e-05	  -2.7316700e-12	   2.2416846e+02	
   1.4386375e-03	  -2.1299605e-05	  -3.9223724e-04	  -1.2728209e-05	  -8.3583781e-13	   2.2398956e+02	
   1.3127800e-03	   3.2547640e-05	   1.9742005e-03	   3.4116553e-05	  -1.8616388e-13	   2.2369628e+02	
  -1.1882441e-03	   8.4292434e-06	  -2.2534137e-04	   1.5780883e-05	  -7.9024665e-13	   2.2399093e+02	
  -1.5135043e-03	  -2.7796645e-05	  -2.8830338e-03	  -3.6821291e-05	   4.0652112e-13	   2.2353714e+02	
   1.4947451e-03	   4.6307640e-05	   5.6595481e-04	   1.3104201e-05	   1.8996314e-13	   2.2384527e+02	
  -2.0752798e-04	  -2.1235774e-06	   4.7900985e-04	   1.4593553e-05	  -4.5591153e-13	   2.2372120e+02	
  -1.9237240e-03	   2.3429745e-05	  -5.1430636e-04	   9.2517025e-06	  -1.0599944e-12	   2.2399006e+02	
   9.1378235e-04	  -1.6963785e-05	  -3.1390921e-04	  -2.2982334e-05	  -7.1046214e-13	   2.2398954e+02	
  -3.4269908e-03	  -4.6305121e-05	  -1.7729881e-03	  -1.2171180e-05	   3.3053586e-13	   2.2362358e+02	
   4.5302832e-04	   3.1811143e-05	   4.1678729e-04	  -2.2626580e-05	  -2.4315282e-13	   2.2393257e+02	
  -1.4170462e-03	   3.1017213e-06	   3.6703041e-03	   1.7992339e-05	   6.1168130e-13	   2.2351010e+02	
   8.9345317e-05	  -3.4765641e-05	  -9.6538448e-04	  -3.2419617e-06	  -6.4967393e-13	   2.2398691e+02	
  -3.0789596e-03	  -4.5930817e-05	  -1.3144322e-03	  -8.8064631e-06	   3.8372554e-13	   2.2354800e+02	
  -8.6682758e-04	  -7.9696038e-07	  -4.2181914e-04	   2.2017519e-05	  -7.0286361e-13	   2.2398956e+02	
  -3.2517901e-03	  -3.7241973e-05	  -2.3762681e-03	  -1.4144163e-05	   3.8372554e-13	   2.2361652e+02	
  -2.7621345e-04	   3.6778752e-05	   7.3282032e-04	  -3.1301016e-06	  -9.7261127e-13	   2.2401388e+02	
   4.4806468e-03	  -2.6999986e-05	  -5.3115257e-04	  -7.4475680e-06	   6.5727246e-13	   2.2354558e+02	
   1.2931825e-04	   3.6917973e-05	   6.8944736e-04	  -1.9622433e-05	  -9.3081938e-13	   2.2401292e+02	
   4.2228093e-03	   2.9246270e-06	  -1.4233407e-04	  -9.9528812e-06	   5.6609015e-13	   2.2354611e+02	
   5.1055447e-04	   9.9695991e-06	   7.5522943e-04	  -3.1555913e-05	  -9.9920615e-13	   2.2401098e+02	
  -4.9554328e-04	   1.1899498e-06	   3.4135141e-03	   4.6547133e-05	   3.5333144e-13	   2.2356151e+02	
   1.5244010e-03	   1.0425540e-05	   4.5801091e-04	  -1.1476464e-06	  -9.3461864e-13	   2.2398249e+02	
  -8.4222487e-04	  -1.3834800e-05	  -4.5525933e-03	  -7.1782129e-06	   4.5971079e-13	   2.2369259e+02	
  -8.1700995e-04	   2.2046913e-05	   4.3367534e-04	   1.4033948e-05	  -8.1684149e-13	   2.2399793e+02	
  -2.7741853e-03	  -3.6988203e-05	   1.7519037e-03	   3.5473493e-05	   2.3175503e-13	   2.2359556e+02	
   1.7517113e-04	   1.5221075e-05	   3.9562097e-03	  -8.3788576e-05	  -5.6229089e-13	   2.2393004e+02	
   2.4141743e-03	   4.0769989e-05	  -9.6420803e-04	  -2.7540378e-05	  -1.3677346e-13	   2.2370384e+02	
  -3.6068770e-04	  -3.4528169e-05	  -7.1997837e-04	   2.1525570e-05	  -7.9404592e-13	   2.2400267e+02	
  -3.8531509e-03	   5.7095237e-05	   2.8817343e-03	  -2.8257125e-05	   6.7626877e-13	   2.2357953e+02	
   1.5726396e-03	  -8.5681185e-05	   6.9364226e-04	  -6.9386764e-05	  -1.1853700e-12	   2.2404652e+02	
   1.7555906e-03	   8.4341347e-06	   3.0632599e-04	  -8.7359127e-06	  -2.3403459e-12	   2.2410549e+02	
  -5.5907677e-04	  -1.2137108e-05	  -1.0595441e-03	   2.3344825e-05	  -8.8902749e-13	   2.2399856e+02	
  -4.7064946e-05	   1.0445349e-05	   4.5885497e-03	  -4.3454956e-05	   7.0666287e-13	   2.2353808e+02	
  -6.4250513e-04	  -1.4142174e-05	  -5.9806329e-04	   2.5932272e-05	  -7.0286361e-13	   2.2399329e+02	
   2.2577490e-03	  -2.4654305e-05	  -3.9454151e-03	   2.3122766e-05	   6.7626877e-13	   2.2354188e+02	
   4.6836731e-04	   1.3565330e-05	   4.3445594e-04	  -4.1640150e-05	  -9.7641048e-13	   2.2401738e+02	
   1.7151299e-03	   1.5018054e-06	  -3.5036067e-03	  -2.1371159e-05	   5.6229089e-13	   2.2352413e+02	
  -4.1313349e-04	  -2.3192583e-05	  -8.8808836e-04	   1.8130746e-05	  -7.5605329e-13	   2.2399742e+02	
   1.8124473e-03	  -1.0506057e-05	  -3.7995089e-03	   1.3773089e-06	   6.5727246e-13	   2.2351620e+02	
  -7.5516201e-04	   5.5768106e-05	   2.2359621e-03	  -1.1698138e-04	  -8.5863338e-13	   2.2403050e+02	
   6.2806980e-04	   1.2370112e-05	   3.6672934e-03	   2.5453179e-05	   5.8508647e-13	   2.2350452e+02	
   1.5591256e-03	   6.2357187e-06	  -1.1060833e-05	  -5.2249057e-06	  -1.0979869e-12	   2.2399275e+02	
   2.3748372e-03	   3.9024127e-05	  -1.1809371e-03	  -3.0738932e-05	  -1.1397788e-13	   2.2370137e+02	
  -1.3189596e-03	   9.4441831e-06	  -7.6591508e-04	   1.8687753e-05	  -8.1684149e-13	   2.2398958e+02	
   1.9653389e-03	   7.3508117e-05	   1.1000499e-03	   2.7640383e-05	  -2.5834987e-13	   2.2381086e+02	
   8.0954694e-04	  -6.5789289e-06	   3.7891152e-04	  -3.1249443e-05	  -9.2322085e-13	   2.2400719e+02	
  -2.2204331e-04	  -8.8104642e-06	  -1.3944519e-03	  -3.8172975e-05	  -3.1533881e-13	   2.2369309e+02	
   1.0639674e-03	  -2.7199426e-05	  -1.7859424e-03	   2.7981083e-05	  -1.1207826e-12	   2.2399466e+02	
  -4.5303393e-03	   6.9094812e-05	   1.5141241e-03	  -1.0154884e-05	   7.1806066e-13	   2.2355945e+02	
  -3.2972309e-04	  -2.1058432e-05	  -1.0543028e-03	   2.0823164e-05	  -8.8902749e-13	   2.2400042e+02	
   3.4316972e-03	   4.4181864e-05	  -3.8478647e-04	  -1.4372211e-05	   1.7096682e-13	   2.2363464e+02	
  -9.8690740e-04	  -3.9087593e-06	  -1.6025364e-03	   1.1133640e-05	  -5.8128720e-13	   2.2396903e+02	
  -9.0910421e-05	   2.3820959e-06	  -1.0927918e-04	  -1.8270608e-06	  -5.0910121e-13	   2.2373337e+02	
  -5.7435165e-04	  -1.9117254e-05	   1.2130883e-04	   5.5830870e-05	  -6.3827614e-13	   2.2398554e+02	
  -4.3683800e-04	  -1.5734439e-05	   2.8745963e-04	   1.8321647e-05	  -5.6229089e-13	   2.2375239e+02	
   7.0037619e-04	   2.5553681e-06	   1.7064347e-03	  -1.5555229e-05	  -6.6107172e-13	   2.2397592e+02	
   2.5109170e-03	   4.1849279e-05	  -9.3937465e-04	  -2.6603846e-05	  -1.0637936e-13	   2.2370059e+02	
   4.4223882e-05	  -1.8677024e-05	  -2.3369903e-03	   1.2701451e-04	  -8.7383043e-13	   2.2403239e+02	
  -2.3484689e-04	  -1.5784172e-05	  -3.2985929e-04	  -1.1484122e-05	  -5.6609015e-13	   2.2375198e+02	
  -1.3063524e-03	   2.2627429e-05	   4.3399597e-04	   6.6033169e-06	  -9.0042527e-13	   2.2399625e+02	
  -8.0356329e-05	  -3.6894783e-05	  -6.1366958e-04	  -4.0413915e-05	   9.4981569e-13	   2.2370335e+02	
   5.2545824e-04	   1.8215534e-06	   4.6900272e-03	  -7.7579827e-05	   7.7125034e-13	   2.2353029e+02	
  -7.2235010e-04	   2.4802245e-05	   3.1727056e-04	   1.8575249e-05	  -8.4343633e-13	   2.2400588e+02	
  -1.2990835e-05	   7.5701543e-06	   2.8440558e-03	   4.7467367e-05	  -4.5591153e-14	   2.2368000e+02	
  -2.3729845e-04	   2.4719729e-05	   1.1170906e-03	  -1.4977458e-05	  -1.0296003e-12	   2.2400997e+02	
  -7.5058435e-05	  -9.7155460e-06	  -4.9290532e-03	   9.3650137e-05	   7.4465550e-13	   2.2356219e+02	
  -4.1556123e-04	   3.0723765e-05	   8.4357238e-04	  -3.6446150e-06	  -9.8400910e-13	   2.2401130e+02	
  -1.3609453e-03	  -3.8709283e-05	  -3.8111795e-03	  -7.2189615e-05	   6.6867025e-13	   2.2368423e+02	
   2.5189082e-04	   3.6450457e-05	   5.7586498e-04	  -2.7998461e-05	  -9.1182306e-13	   2.2401322e+02	
  -9.3772463e-04	  -5.0003632e-05	  -1.3133591e-03	  -4.9413423e-05	  -4.7870711e-13	   2.2383726e+02	
   7.3692218e-04	  -2.6161374e-05	  -1.1362732e-03	  -1.7197199e-06	  -8.7762970e-13	   2.2399952e+02	
  -9.1637648e-04	  -2.1176566e-05	  -3.0957175e-03	  -4.5260070e-05	   2.0895945e-13	   2.2360391e+02	
   2.2308162e-03	   3.9386651e-05	  -1.5104092e-03	  -3.9878790e-05	   9.1182306e-14	   2.2388482e+02	
  -2.1184190e-04	   6.9704503e-06	   3.7177926e-03	   2.2218720e-05	   6.5347319e-13	   2.2348376e+02	
   7.4034885e-04	   1.9782291e-05	  -4.2215129e-04	  -1.3811608e-05	  -8.2823928e-13	   2.2399073e+02	
   5.1360146e-04	   5.4472140e-06	   4.3719366e-03	  -3.6561376e-05	   7.7125034e-13	   2.2349740e+02	
  -3.8175348e-03	   1.0062876e-05	  -2.1832891e-03	   3.8863468e-05	  -2.8114544e-13	   2.2393286e+02	
  -1.5598588e-03	  -5.1954855e-05	   1.3908021e-03	   6.1718731e-05	  -2.6974766e-13	   2.2381227e+02	
  -7.0396579e-04	  -6.5880593e-06	  -4.1950216e-04	   2.7918597e-05	  -6.6867025e-13	   2.2399185e+02	
  -1.0200983e-03	   2.5262362e-05	  -2.0657148e-03	   6.8438304e-05	  -3.1039976e-12	   2.2408300e+02	
   3.9800134e-04	   5.7563576e-05	   7.7906183e-04	  -4.9491262e-05	  -1.4133257e-12	   2.2405607e+02	
  -1.7592548e-03	   2.4082495e-05	   4.0402144e-03	  -2.9310036e-05	   7.7504960e-13	   2.2349865e+02	
   5.5356183e-05	  -3.3778228e-05	  -9.9035048e-04	   4.3174056e-06	  -8.2064076e-13	   2.2400337e+02	
   1.4792525e-03	  -2.3680494e-05	  -4.2625145e-03	   3.8340763e-05	   7.6365181e-13	   2.2350937e+02	
  -6.5357858e-05	  -4.4390642e-05	  -7.7783168e-04	   3.8804281e-06	  -7.5985255e-13	   2.2399979e+02	
   3.6610159e-03	   9.3750515e-06	  -1.5324136e-03	  -1.3632759e-05	   6.0408278e-13	   2.2351556e+02	
  -2.0097824e-03	   8.9963459e-05	   5.1130456e-05	   6.5549152e-06	  -1.5956904e-12	   2.2400529e+02	
  -3.5990025e-04	   1.1362442e-05	   4.6037289e-03	  -2.4844548e-05	   6.3447688e-13	   2.2357656e+02	
   1.4042133e-03	   3.0719160e-05	   4.6806960e-04	   5.0217501e-06	  -2.6594839e-13	   2.2392171e+02	
  -2.4775862e-03	  -4.3439285e-05	  -2.1412193e-03	  -2.5473695e-05	   2.3175503e-13	   2.2359845e+02	
  -1.3685856e-04	  -1.0669480e-05	  -1.5761606e-03	  -5.3854199e-05	   2.3935355e-13	   2.2383922e+02	
   4.7584631e-04	  -2.4589936e-06	  -3.4497461e-03	  -3.0444365e-05	   6.1548057e-13	   2.2348384e+02	
   9.1209889e-04	  -3.7784478e-06	   8.5922970e-04	  -2.4656208e-05	  -9.5741422e-13	   2.2400431e+02	
   1.5287441e-03	   2.9871852e-05	   2.7577918e-03	   3.7644217e-05	   6.0788204e-14	   2.2366053e+02	
   2.0933407e-03	   3.1066448e-05	   2.3811833e-03	   7.0194214e-06	  -7.7125034e-13	   2.2396206e+02	
   1.7900827e-03	  -2.4012342e-05	   2.1981618e-04	  -1.0244430e-05	  -2.2795577e-12	   2.2412901e+02	
  -1.1602936e-04	   2.3777447e-05	   1.1020150e-03	  -1.9619445e-05	  -1.0296003e-12	   2.2400893e+02	
   5.8265211e-05	  -3.2804880e-05	  -1.2856845e-04	  -1.1440573e-05	  -3.0128153e-12	   2.2425801e+02	
   1.3337934e-03	   4.3357269e-05	   8.4173418e-04	   2.3505003e-05	   2.2795577e-13	   2.2384012e+02	
   4.1985550e-04	   3.4951164e-08	  -2.5105078e-03	  -4.7196101e-05	  -1.4057272e-13	   2.2369988e+02	
  -9.0290389e-04	   1.9408029e-05	   7.5975907e-05	   1.9914704e-05	  -9.1182306e-13	   2.2400764e+02	
   5.4656283e-04	   4.9277739e-06	   4.3261605e-03	  -3.7629479e-05	   7.9024665e-13	   2.2348571e+02	
  -5.7971325e-05	   9.9241571e-05	   1.4883541e-04	   2.3270856e-05	  -4.1677912e-12	   2.2405369e+02	
   4.3848180e-04	   1.7496209e-05	   5.9065766e-04	  -3.0780711e-05	  -8.0544371e-13	   2.2400376e+02	
  -1.7685151e-03	  -3.9415935e-05	  -1.6495853e-03	  -2.5486147e-05	  -1.4817125e-13	   2.2369153e+02	
   2.7784627e-03	  -8.3028538e-05	  -2.9081137e-03	   5.7462405e-05	  -5.9268499e-13	   2.2393382e+02	
   6.4656221e-04	  -1.7588226e-05	  -3.4797734e-05	  -3.6322284e-05	  -7.8264813e-13	   2.2400204e+02	
  -7.7139824e-04	   5.3998639e-06	   3.6795875e-03	   1.6303176e-05	   7.1426140e-13	   2.2346796e+02	
   4.5628821e-04	   1.6960567e-05	   5.0207275e-04	  -3.4729464e-05	  -7.9784518e-13	   2.2400310e+02	
   4.7408870e-03	  -1.1568175e-04	   1.4289903e-03	  -4.7366958e-05	   7.9024665e-13	   2.2355051e+02	
  -4.6330622e-04	  -3.8205763e-06	   1.4981138e-03	   2.5378844e-05	  -4.5971079e-13	   2.2394404e+02	
  -5.4603222e-04	  -1.8884176e-05	   4.8841464e-04	   2.5433421e-05	  -5.8508647e-13	   2.2376591e+02	
   4.2060827e-04	  -3.2496445e-05	  -9.5968143e-04	  -3.5982635e-06	  -8.8902749e-13	   2.2400545e+02	
   1.0500574e-03	   4.2494919e-05	   5.6167426e-04	   1.3392142e-05	  -5.6229089e-13	   2.2377231e+02	
   1.4835103e-03	  -4.5659954e-05	   3.2916455e-04	  -2.7026262e-05	  -1.8350440e-12	   2.2401010e+02	
   1.4527540e-03	   9.1469293e-06	  -3.2176838e-03	  -3.7164487e-05	   4.5971079e-13	   2.2353548e+02	
   1.2851874e-03	   9.6829511e-05	   3.6771978e-04	  -3.2406020e-06	  -9.8020979e-13	   2.2400738e+02	
  -3.1509278e-03	   7.4701185e-05	   3.6057260e-03	  -6.7606599e-05	   8.2823928e-13	   2.2351990e+02	
   5.8829830e-04	  -7.1141497e-06	   1.4821974e-04	  -4.1544519e-05	  -8.1684149e-13	   2.2400488e+02	
  -2.7914718e-03	  -5.4150240e-05	   1.0493947e-03	   2.9330426e-05	   2.3555429e-13	   2.2359266e+02	
  -8.0421611e-04	  -7.3752551e-05	  -1.2333480e-03	  -6.9465562e-05	  -9.4221716e-13	   2.2400343e+02	
   4.5346432e-04	   2.9538015e-05	  -2.1109994e-03	  -2.4927871e-04	  -3.6510915e-12	   2.2415054e+02	
  -1.4744836e-03	   1.6349907e-06	  -2.3690744e-03	   1.9684349e-05	  -3.1153955e-13	   2.2395443e+02	
   1.2382032e-03	  -2.4326615e-06	  -3.5260234e-03	  -1.5225748e-05	   7.2185992e-13	   2.2346593e+02	
   9.4230146e-05	   3.2676232e-05	   7.6412207e-04	  -1.9367147e-05	  -9.8780832e-13	   2.2401817e+02	
  -1.0417998e-03	  -1.2919906e-05	   2.2975797e-03	   4.7725133e-05	  -1.4437198e-13	   2.2369869e+02	
  -9.1870270e-05	   1.7501460e-05	   1.3905118e-03	  -2.5474981e-05	  -1.0941877e-12	   2.2401130e+02	
  -2.9004133e-03	  -1.1810442e-05	   2.3040757e-03	   2.2607889e-05	   6.4587467e-13	   2.2348781e+02	
  -1.0450793e-04	  -4.0527068e-05	  -8.2237587e-04	   6.6718646e-06	  -7.5605329e-13	   2.2400220e+02	
   1.9038494e-03	  -1.0004195e-05	  -3.5958154e-03	   8.3206983e-07	   7.2565919e-13	   2.2348458e+02	
  -1.4723897e-03	   1.4368489e-05	  -1.1343689e-03	   1.3707743e-05	  -1.3677346e-12	   2.2400145e+02	
  -1.2572143e-04	   2.2652588e-06	   1.9712585e-03	   4.4784129e-05	  -2.2415650e-13	   2.2368687e+02	
   4.9324007e-04	   1.2308553e-05	   4.1478111e-04	  -3.7980005e-05	  -7.8644739e-13	   2.2400265e+02	
   3.1173926e-03	   4.9217365e-05	   1.3669234e-03	   1.2151227e-05	   1.5197051e-13	   2.2364634e+02	
  -6.4239933e-04	  -7.3392724e-06	  -4.5249463e-04	   3.0008222e-05	  -7.5985255e-13	   2.2400300e+02	
   1.4759375e-03	   5.1968438e-06	  -3.2958535e-03	  -2.8837197e-05	   5.8128720e-13	   2.2350337e+02	
   8.2742141e-04	  -2.6343347e-05	  -5.1886720e-04	  -1.7935068e-05	  -8.9662601e-13	   2.2400821e+02	
   1.5498163e-04	   9.4846766e-06	   1.9015000e-04	   9.9691036e-08	  -5.3949531e-13	   2.2374875e+02	
  -3.3029169e-03	  -9.2786011e-06	  -1.1123942e-03	   1.6492617e-05	  -6.5347319e-13	   2.2395098e+02	
  -2.1048974e-03	  -2.5587272e-05	   2.4678617e-03	   4.4243525e-05	   1.1017862e-13	   2.2365321e+02	
  -1.4606567e-03	   9.6931935e-05	   3.7234894e-04	   4.9556490e-06	  -1.3981287e-12	   2.2405161e+02	
  -2.1856058e-03	  -4.5564603e-05	  -1.1644282e-03	  -1.4333674e-05	  -1.2157641e-13	   2.2368652e+02	
   7.4701668e-04	  -2.2698608e-06	   1.1284433e-03	  -2.9061449e-05	  -1.0751914e-12	   2.2401124e+02	
   4.6243814e-04	   1.2366925e-05	   1.9777908e-04	  -5.1431101e-05	  -9.6501274e-13	   2.2401699e+02	
  -8.6651280e-04	  -1.4209740e-05	  -3.4569947e-03	  -2.6173458e-05	   6.0788204e-13	   2.2349245e+02	
  -1.8165122e-03	   8.6885139e-05	   1.1919705e-03	  -4.6891922e-05	  -1.5083073e-12	   2.2400004e+02	
   2.4184025e-03	  -4.0723083e-05	   3.9863562e-03	  -8.8183254e-05	   8.6243265e-13	   2.2349515e+02	
   4.8111287e-04	   1.0014437e-05	   4.0629177e-04	  -4.3534231e-05	  -1.0371987e-12	   2.2402320e+02	
  -3.6654425e-03	  -2.6458568e-05	  -6.9520706e-04	   6.0430516e-06	   6.1168130e-13	   2.2350113e+02	
  -1.6376210e-03	   1.2128818e-05	   5.9635586e-04	  -1.1593593e-06	  -1.3335413e-12	   2.2400143e+02	
   1.0040026e-03	  -3.8869096e-05	  -1.1565566e-04	  -3.6219813e-05	  -3.7878649e-12	   2.2402212e+02	
   1.0414024e-04	  -3.6182045e-05	  -5.4805403e-04	  -6.0214095e-05	  -6.2687836e-13	   2.2398376e+02	
  -3.3905211e-03	  -3.9561811e-05	   1.1491087e-03	   2.4715044e-05	   3.1153955e-13	   2.2359190e+02	
  -1.6782469e-05	   4.6314640e-05	   5.9663704e-04	  -1.0675107e-05	  -9.8780832e-13	   2.2401999e+02	
   3.4579032e-03	   3.6493432e-05	   1.7454454e-03	   8.7399553e-06	   3.5713070e-13	   2.2359460e+02	
   5.6500097e-04	   5.2829907e-06	   5.5573585e-04	  -3.4121409e-05	  -1.0068046e-12	   2.2401963e+02	
   2.5684163e-03	   3.9527794e-05	   2.5098657e-03	   2.7418082e-05	   2.2795577e-13	   2.2362644e+02	
  -5.6013807e-04	  -7.9503441e-06	  -2.4243620e-04	   4.3016326e-05	  -8.2444002e-13	   2.2400564e+02	
  -2.2607451e-03	  -2.6581240e-05	  -2.8060645e-03	  -1.8906754e-05	   5.5849163e-13	   2.2351072e+02	
   7.0551702e-04	   1.7862673e-05	  -1.3940451e-03	  -4.9503274e-05	   1.5956904e-13	   2.2385359e+02	
   2.7420887e-03	   4.0400822e-05	   2.4064339e-03	   2.4663761e-05	   2.5075134e-13	   2.2362182e+02	
   5.5791595e-04	  -2.4188504e-05	  -1.0508231e-04	  -4.0119613e-05	  -9.0422454e-13	   2.2401325e+02	
  -1.1549610e-03	  -1.8441055e-05	  -3.4122018e-03	  -3.0167653e-05	   5.0530195e-13	   2.2352685e+02	
  -8.6637220e-04	   3.9559833e-06	   1.3114990e-03	  -1.1312796e-06	  -1.5311029e-12	   2.2400531e+02	
   4.3086362e-03	  -1.1871096e-04	   2.4175198e-03	  -8.0416053e-05	   8.2064076e-13	   2.2354299e+02	
   3.1917832e-04	   2.7385567e-05	   5.4245206e-04	  -3.7590407e-05	  -1.0941877e-12	   2.2402748e+02	
   3.6931393e-04	   2.0368828e-05	   3.0546031e-04	   1.2377469e-05	  -6.0408278e-13	   2.2376728e+02	
   6.1626800e-04	  -1.5355864e-05	   8.3113210e-05	  -4.1092034e-05	  -9.6881200e-13	   2.2401918e+02	
  -3.1469608e-03	   7.5708948e-05	   3.3730760e-03	  -6.3866233e-05	   8.8522822e-13	   2.2348679e+02	
   6.1903757e-04	  -2.2348705e-06	   3.6773979e-04	  -3.7010444e-05	  -9.9160753e-13	   2.2402116e+02	
  -1.1982717e-03	   1.6967760e-05	   1.1458632e-03	  -1.6453132e-05	  -1.7970512e-12	   2.2413134e+02	
   2.5917933e-04	   7.7688539e-06	   1.0437065e-03	   1.8461497e-05	  -9.0042527e-13	   2.2398963e+02	
  -1.4825524e-04	  -1.1815954e-05	  -3.5340783e-04	  -6.6686476e-06	  -1.0144032e-12	   2.2409856e+02	
  -9.4602481e-05	   4.2248435e-05	   6.4929373e-04	  -8.0475998e-06	  -9.8020979e-13	   2.2402044e+02	
  -2.7313590e-03	  -4.5249208e-05	   6.8189627e-04	   2.1532855e-05	  -2.6594839e-14	   2.2367714e+02	
   7.5474189e-04	  -2.5884622e-05	  -3.2203368e-04	  -2.4367513e-05	  -8.9662601e-13	   2.2401396e+02	
  -3.7752396e-03	  -2.1833080e-05	   2.6371063e-04	   1.2637790e-05	   6.1548057e-13	   2.2350258e+02	
   4.6877732e-04	   5.1159906e-06	   1.3465547e-04	  -5.3500019e-05	  -1.0030054e-12	   2.2402040e+02	
   4.3618276e-03	  -1.1596686e-04	   2.1018767e-03	  -6.9435484e-05	   8.7762970e-13	   2.2350847e+02	
  -1.6123779e-05	  -6.3429691e-06	  -1.6053032e-03	  -2.1415597e-05	  -6.2687836e-13	   2.2396419e+02	
   7.3109985e-04	  -5.3325290e-07	  -3.5646555e-03	  -3.2814017e-05	   5.1669974e-13	   2.2352562e+02	
  -9.4446271e-04	   2.3983758e-05	  -1.0734899e-03	   7.9297998e-05	  -1.4551177e-12	   2.2405298e+02	
  -2.9085672e-03	  -3.9682635e-05	   1.5133274e-03	   3.2045100e-05	   1.2537567e-13	   2.2364928e+02	
  -1.3598794e-04	   4.5083730e-05	   6.0399017e-04	  -6.5285900e-06	  -1.0485965e-12	   2.2402490e+02	
   1.3450172e-03	   1.7573361e-05	  -2.2347837e-03	  -4.4909780e-05	  -1.1017862e-13	   2.2369517e+02	
   5.9582465e-05	  -2.8966745e-05	  -5.5333064e-04	  -4.3191952e-05	   7.6745108e-13	   2.2374433e+02	
   9.2641965e-04	  -3.8187350e-05	   2.2753378e-03	  -1.2132180e-04	   3.1229940e-12	   2.2271987e+02	
   1.7680862e-04	  -1.4334346e-05	  -4.9892710e-04	  -4.8647367e-05	   8.5863338e-13	   2.2372255e+02	
  -1.3916298e-03	  -2.8699066e-05	   1.1846484e-03	   3.3019440e-05	  -2.4315282e-13	   2.2368609e+02	
  -9.7261108e-04	   2.5105760e-05	  -1.3684618e-03	   5.8354754e-05	  -1.8236461e-12	   2.2400065e+02	
   3.0150059e-04	   3.5346879e-06	   4.7275563e-03	  -1.1721515e-04	   9.0422454e-13	   2.2349082e+02	
   2.8769077e-04	   5.7763943e-06	   1.4712574e-03	   1.4813404e-05	  -7.5225403e-13	   2.2397380e+02	
  -2.5491909e-03	  -1.1920665e-05	  -2.9354397e-03	   9.3679383e-07	   7.2565919e-13	   2.2347434e+02	
  -4.6475424e-04	  -3.8480651e-05	  -4.5439010e-04	   3.2881042e-05	  -7.4845476e-13	   2.2399873e+02	
  -7.9772166e-04	  -2.3465106e-05	   5.8073140e-04	   2.3020077e-05	  -4.1791890e-13	   2.2372906e+02	
  -8.8717370e-04	   2.5212917e-05	   2.2321069e-04	   1.5019489e-05	  -1.0789906e-12	   2.2402132e+02	
  -2.3553309e-03	  -7.9017007e-06	   3.0519950e-03	   2.6059345e-05	   5.4709384e-13	   2.2352783e+02	
  -4.8700786e-04	  -1.6564657e-05	   9.9263428e-04	   6.0889385e-05	   9.6501274e-13	   2.2370225e+02	
  -1.9248870e-04	  -1.4062899e-05	  -3.4272012e-04	  -1.1741227e-05	  -6.0408278e-13	   2.2376957e+02	
   5.4738083e-04	   1.1384973e-05	   3.1295516e-05	  -3.1147179e-06	  -1.0371987e-12	   2.2400805e+02	
  -3.1763536e-03	  -1.5957651e-05	   2.1675634e-03	   2.3583846e-05	   5.3949531e-13	   2.2353131e+02	
  -6.0219917e-04	  -7.2299866e-06	  -4.5981952e-04	   3.6164480e-05	  -9.6121348e-13	   2.2402024e+02	
   2.6426983e-03	   9.9647042e-06	  -2.8779776e-03	  -2.3054319e-05	   5.1669974e-13	   2.2354237e+02	
  -3.0793545e-03	   3.2554709e-05	   2.1076707e-03	   1.1562335e-06	  -5.6988941e-13	   2.2394374e+02	
  -6.1367548e-04	  -1.2034729e-05	   1.4470600e-03	   3.9788333e-05	  -2.6594839e-13	   2.2368615e+02	
  -4.0578947e-03	   1.2977120e-04	  -2.2815282e-03	   1.0653597e-04	  -3.1153955e-13	   2.2393758e+02	
   2.9274606e-03	  -7.2338474e-06	   3.0508592e-03	  -2.0949910e-05	   7.5605329e-13	   2.2348659e+02	
  -1.4421435e-04	  -2.0069307e-05	  -1.2855117e-03	   1.9840735e-05	  -9.4221716e-13	   2.2400460e+02	
  -2.9978592e-03	  -4.9333938e-05	  -1.7493967e-03	  -1.8158931e-05	   3.7232775e-13	   2.2357650e+02	
   1.0276353e-03	  -2.7601966e-05	  -4.5485155e-04	  -1.4703477e-05	  -1.0713921e-12	   2.2401678e+02	
   8.3000430e-04	   1.8592004e-05	  -1.2576421e-03	  -3.6111110e-05	  -2.8874397e-13	   2.2369564e+02	
  -6.2854654e-04	   2.0502003e-05	   4.7644525e-05	   3.0470963e-05	  -8.5103486e-13	   2.2401067e+02	
  -4.8147565e-03	   1.1122990e-04	  -8.7250606e-04	   3.3074847e-05	   8.2064076e-13	   2.2354051e+02	
   5.0533061e-04	   8.7110777e-06	   6.5418466e-04	  -3.5795992e-05	  -1.0903885e-12	   2.2402257e+02	
  -2.6653564e-03	  -3.7394561e-05	  -2.4624801e-03	  -2.1697031e-05	   3.6472923e-13	   2.2357816e+02	
   8.3265805e-04	  -8.5162126e-06	   5.5693216e-04	  -3.1011151e-05	  -1.1587751e-12	   2.2402402e+02	
   8.1185737e-04	  -3.0997026e-05	  -4.6955678e-03	   1.1493266e-04	   9.0422454e-13	   2.2349121e+02	
  -6.0162819e-04	  -2.5970064e-05	  -1.3809397e-04	   3.5248976e-05	  -9.8780832e-14	   2.2391175e+02	
   3.1744802e-03	  -7.2948928e-05	   3.5304537e-03	  -9.8368561e-05	   9.1562233e-13	   2.2348724e+02	
  -4.3708860e-04	  -2.7244428e-05	  -5.7794706e-04	   3.3714134e-05	  -9.6881200e-13	   2.2402026e+02	
  -4.1554014e-04	  -1.7378833e-05	  -5.6709238e-04	  -1.0976650e-05	  -1.5652963e-12	   2.2412142e+02	
  -3.8349035e-04	  -9.7794408e-06	  -3.0759708e-04	  -8.6963187e-06	  -8.5863338e-13	   2.2412069e+02	
   2.5547042e-04	   1.0525461e-05	   1.3835129e-03	   3.8671986e-05	  -3.0774028e-13	   2.2369591e+02	
  -5.1499265e-04	  -3.8953526e-05	  -1.2732202e-03	  -6.3875371e-05	   8.5863338e-13	   2.2372137e+02	
   3.0308720e-03	   1.4676931e-05	  -2.5541142e-03	  -2.3675731e-05	   4.5591153e-13	   2.2356785e+02	
  -6.1338036e-04	  -4.8237841e-05	  -2.3473817e-04	   3.4052945e-05	  -3.8752480e-13	   2.2395644e+02	
   5.3596762e-04	  -1.2150609e-05	   6.7396983e-05	  -4.4593000e-05	  -9.1182306e-13	   2.2401550e+02	
  -1.7018976e-03	   1.9310072e-05	  -4.6279856e-04	   8.7204662e-06	  -2.1997732e-12	   2.2413523e+02	
   4.6524771e-04	  -8.9056901e-06	  -1.6415325e-05	  -5.2063294e-05	  -8.5863338e-13	   2.2400883e+02	
  -3.3042250e-05	   6.0602194e-06	   2.6074844e-04	   8.4303942e-06	  -5.6609015e-13	   2.2375861e+02	
  -4.1556864e-04	  -2.4431284e-05	  -7.0208446e-04	   3.0293545e-05	  -9.9920615e-13	   2.2402322e+02	
   1.6675242e-03	   1.9900134e-05	  -2.5594906e-03	  -4.5348764e-05	   6.0788204e-14	   2.2366407e+02	
  -1.8089254e-04	  -4.5837913e-05	  -7.0318603e-04	   1.2498796e-05	  -8.9662601e-13	   2.2401496e+02	
  -8.9389256e-04	   6.7637326e-06	  -5.4652398e-04	   2.6811118e-05	  -9.9160753e-13	   2.2401175e+02	
   6.7854979e-04	  -5.4157116e-06	   1.4110971e-03	  -1.5968567e-05	  -1.6792741e-12	   2.2412255e+02	
   3.4892012e-04	   4.5143294e-05	   5.2236880e-04	   6.7246637e-06	   3.9512333e-13	   2.2382165e+02	
  -2.0633495e-03	   3.1145516e-05	  -4.0902269e-03	   8.6406128e-05	   9.0802380e-13	   2.2347466e+02	
   4.3011059e-04	   4.5904759e-06	  -8.9593054e-04	  -8.7563423e-05	  -2.2339665e-12	   2.2402140e+02	
   3.7594002e-03	   2.5498123e-05	   1.5836241e-03	   1.1731551e-06	   4.8630563e-13	   2.2357114e+02	
   1.2676656e-03	   6.9115898e-05	   5.0219211e-04	   1.1639946e-05	   7.7125034e-13	   2.2373756e+02	
   2.1085397e-04	   5.6819678e-06	  -4.9582620e-04	  -1.5251087e-05	  -5.4709384e-13	   2.2375628e+02	
  -3.2293181e-04	  -5.1205620e-05	  -6.3337938e-04	  -2.5035873e-05	   6.4967393e-13	   2.2377216e+02	
   4.7837996e-04	   1.0204273e-05	   5.3520727e-04	  -3.9977216e-05	  -1.1283810e-12	   2.2402899e+02	
   4.5839464e-05	  -8.0407234e-06	  -3.9076988e-03	   8.4892499e-06	   8.3583781e-13	   2.2344180e+02	
  -4.2806930e-04	  -4.5364496e-05	  -4.8862861e-04	   2.8131014e-05	  -7.6365181e-13	   2.2400020e+02	
  -9.7788318e-04	   7.6170010e-06	   3.8424602e-03	   6.0010909e-06	   7.0666287e-13	   2.2348470e+02	
  -1.1477737e-03	   3.8488005e-05	  -6.5869142e-04	   6.3106227e-05	  -1.5576977e-12	   2.2405394e+02	
   6.6420467e-04	  -1.7360383e-05	   2.0728371e-03	  -9.8470471e-05	  -3.2027786e-12	   2.2400594e+02	
  -1.1117682e-03	   1.5711613e-05	  -1.0152031e-03	   2.8649136e-05	  -1.1739721e-12	   2.2401633e+02	
  -1.9008601e-03	   1.0531844e-04	  -1.7063265e-03	   1.0721652e-04	  -9.7641048e-13	   2.2403304e+02	
  -1.6046733e-03	   8.4527678e-05	   1.2156771e-03	  -4.4134330e-05	  -3.2597674e-12	   2.2398697e+02	
   2.9610171e-04	   1.2476697e-04	   4.9300277e-05	   3.8180804e-06	  -4.0424156e-12	   2.2414823e+02	
  -6.5822377e-04	   3.0418002e-05	   2.1395272e-04	   2.0345268e-05	  -1.1207826e-12	   2.2403222e+02	
  -3.8220609e-03	   6.8357755e-06	  -1.3197569e-03	   1.4168552e-05	   7.9404592e-13	   2.2346413e+02	
   3.0060223e-04	   2.9616903e-05	   5.5284737e-04	  -3.6901421e-05	  -1.2765523e-12	   2.2404161e+02	
   6.4095662e-04	   1.8005133e-05	  -7.9109394e-04	  -2.9002758e-05	  -3.8372554e-13	   2.2372642e+02	
  -5.7344607e-04	   3.4998023e-05	   3.6962240e-03	  -9.2984331e-05	  -8.7383043e-13	   2.2394069e+02	
  -1.5257290e-03	  -4.0909675e-05	  -1.3874237e-05	   5.1941016e-06	  -2.2795577e-13	   2.2367869e+02	
   3.9327295e-04	  -3.0733960e-05	  -2.3861542e-04	  -4.6226317e-05	  -9.1182306e-13	   2.2401363e+02	
  -2.2134395e-05	   8.3848301e-06	   4.0977725e-03	   6.8455763e-06	   6.2307909e-13	   2.2352254e+02	
  -4.5055392e-04	  -3.5374530e-05	  -4.8822080e-04	   3.1513108e-05	  -7.6745108e-13	   2.2400230e+02	
   2.8193530e-03	   6.1720518e-06	  -2.9632268e-03	  -1.9096922e-05	   5.0530195e-13	   2.2356180e+02	
  -5.4801236e-04	   4.7306632e-06	  -1.2705356e-04	   4.2179540e-05	  -8.5863338e-13	   2.2401110e+02	
  -1.0651204e-03	  -1.7954656e-06	   1.5468022e-03	   1.2987425e-05	  -2.5265097e-12	   2.2407093e+02	
  -5.3646824e-04	   1.8950698e-05	   2.5173476e-05	   3.8226185e-05	  -8.9662601e-13	   2.2401414e+02	
  -2.0740958e-03	  -1.8396262e-04	  -4.9591572e-04	  -3.6869583e-06	  -3.1267933e-12	   2.2407527e+02	
   4.6641641e-04	   2.3882846e-05	   5.7269613e-05	  -5.8777413e-05	  -1.0979869e-12	   2.2402774e+02	
   7.8619854e-06	  -7.5252109e-06	  -3.7389437e-03	  -3.8222840e-05	   5.0150268e-13	   2.2355153e+02	
   4.4484445e-04	   1.2442942e-05	   2.8209767e-04	  -4.9193231e-05	  -1.1245818e-12	   2.2403259e+02	
   2.8281012e-03	  -3.3260275e-05	   3.4015959e-03	  -5.5978665e-05	   8.8142896e-13	   2.2346474e+02	
   4.8503918e-04	   2.6118581e-05	   2.0641969e-03	   8.0300123e-05	   3.1533881e-13	   2.2383378e+02	
   1.9287559e-03	   7.9998540e-05	   2.1651027e-03	   4.3538307e-05	  -2.6822795e-12	   2.2400877e+02	
   4.5228922e-04	  -2.3866522e-05	  -1.4886293e-04	  -4.6166494e-05	  -8.6243265e-13	   2.2400997e+02	
  -4.9154820e-05	  -7.1143794e-06	  -2.8650453e-05	  -3.9505226e-06	  -6.1168130e-13	   2.2376969e+02	
   7.9240867e-04	  -1.9189970e-05	   9.4992620e-05	  -3.1653458e-05	  -1.1891692e-12	   2.2403404e+02	
  -3.5176501e-03	  -2.6164040e-04	  -1.3773938e-03	  -6.9494150e-05	  -2.8684434e-12	   2.2429265e+02	
   1.3774974e-04	   5.3800054e-05	   4.8917181e-04	  -1.4655179e-05	  -1.0409980e-12	   2.2402468e+02	
  -3.4661535e-03	  -5.0724847e-05	  -2.8986656e-04	   6.0820814e-06	   2.3935355e-13	   2.2361797e+02	
  -1.0685249e-03	   1.5214070e-05	   1.2895417e-03	  -1.4869265e-05	  -2.1807768e-12	   2.2413719e+02	
   4.4017964e-03	  -9.6746490e-05	   1.3456587e-03	  -4.1891771e-05	   9.1562233e-13	   2.2347293e+02	
   4.7461373e-04	   3.5081304e-05	   1.2246868e-04	  -5.3818030e-05	  -1.0865891e-12	   2.2402672e+02	
   2.7382955e-03	   2.6701311e-04	   1.0963156e-03	   8.8104795e-05	  -3.2559681e-12	   2.2421185e+02	
  -1.2056196e-03	   2.1326962e-05	  -1.8439995e-04	   1.7621606e-05	  -1.0561950e-12	   2.2401331e+02	
  -3.6584068e-03	   2.2500492e-05	  -2.1302981e-03	   2.6116936e-05	   8.3203854e-13	   2.2346618e+02	
  -3.6893508e-03	   9.4252789e-05	   4.1453718e-04	   1.0224431e-05	  -9.2322085e-13	   2.2394241e+02	
  -4.4450257e-03	   1.5613636e-04	  -1.8422767e-03	   7.8823052e-05	   9.5361495e-13	   2.2349137e+02	
  -1.5154814e-03	  -4.1379087e-05	  -2.4552767e-04	  -4.3240348e-06	  -1.8616388e-13	   2.2390922e+02	
   1.6759786e-03	  -9.0539778e-06	  -3.6077071e-03	   5.4751918e-07	   7.6365181e-13	   2.2346904e+02	
  -9.0486436e-04	   5.4073577e-06	  -1.6635107e-03	   2.0511474e-05	  -9.9540684e-13	   2.2399846e+02	
  -1.8762555e-03	   4.8902498e-05	  -1.1551884e-04	   1.2135678e-05	  -3.4193365e-12	   2.2405944e+02	
   5.5046719e-05	  -5.3662344e-05	  -6.0449165e-04	  -9.7371508e-06	  -9.0042527e-13	   2.2401412e+02	
  -1.7251213e-03	  -4.4032181e-05	  -2.3269800e-04	   1.3304496e-08	  -1.5197051e-13	   2.2366002e+02	
   3.7644220e-04	  -4.2788734e-05	  -4.2704978e-04	  -2.6888998e-05	  -9.7641048e-13	   2.2402106e+02	
   2.0857770e-03	  -1.1073539e-04	  -6.0122919e-04	   1.8325813e-05	  -1.6602778e-12	   2.2397926e+02	
   4.3381744e-03	  -9.3312600e-06	  -8.6124647e-05	  -9.5927922e-06	   6.4587467e-13	   2.2353712e+02	
   1.7615209e-03	   2.1444136e-05	   1.7282625e-04	  -5.4063490e-06	  -2.9634250e-13	   2.2392918e+02	
  -1.5267502e-03	  -2.8124980e-05	  -3.0627320e-03	  -3.9356140e-05	   5.0150268e-13	   2.2353364e+02	
  -1.0279075e-03	   2.8036574e-05	   2.8209868e-04	   1.0737468e-05	  -1.1131839e-12	   2.2401905e+02	
   4.3399080e-03	  -2.2553812e-05	   6.6169350e-04	  -1.3583743e-05	   7.1806066e-13	   2.2351685e+02	
  -3.0577115e-04	   7.0438397e-06	  -2.2633219e-03	   1.6467294e-04	  -1.2157641e-12	   2.2404781e+02	
  -3.0929248e-04	  -1.0672825e-05	   3.1060859e-04	   1.8300119e-05	  -5.9268499e-13	   2.2376895e+02	
   8.4184603e-04	   4.9742503e-07	   1.4807279e-03	  -7.9958450e-06	  -1.0106039e-12	   2.2399419e+02	
  -1.3948466e-03	  -2.6495104e-05	   3.4602787e-03	   8.9162916e-05	   3.6092996e-13	   2.2371709e+02	
   1.3867377e-04	  -2.0287994e-06	  -1.2501316e-03	  -1.2605110e-05	  -1.3525375e-12	   2.2401425e+02	
   4.6318409e-04	  -1.1865921e-05	  -9.9846655e-04	  -7.9491416e-06	  -3.7422738e-12	   2.2412306e+02	
   2.0724221e-04	   3.5913149e-05	   5.7816892e-04	  -3.3002152e-05	  -1.2309611e-12	   2.2403795e+02	
  -1.6255652e-04	   9.8725970e-06	   4.1661184e-03	   1.4661056e-05	   4.3691522e-13	   2.2358650e+02	
  -2.9111196e-04	  -6.1045956e-05	  -5.3070099e-04	   1.1174468e-05	  -9.5741422e-13	   2.2401766e+02	
  -1.2143574e-05	   2.5767685e-06	   3.0281502e-04	   5.8455131e-06	  -5.6988941e-13	   2.2376415e+02	
  -8.6650229e-04	   3.0039816e-05	   3.6496567e-04	   1.0501019e-05	  -1.1359796e-12	   2.2402345e+02	
   1.4663464e-03	   3.9524625e-05	   2.2204181e-03	   5.1124719e-05	   4.3311595e-13	   2.2352288e+02	
   8.1046537e-04	   2.9152606e-05	   5.9692210e-04	   1.9124386e-05	  -2.8494471e-13	   2.2392948e+02	
   6.1992560e-05	  -1.0839890e-06	   4.2117211e-04	  -1.0676964e-05	  -2.7012759e-12	   2.2422216e+02	
   8.2050302e-04	   7.0278239e-05	   1.3931937e-03	   7.7023846e-05	  -7.7884887e-13	   2.2398834e+02	
  -2.4498393e-03	   2.1225563e-05	  -4.3042356e-03	   6.2730955e-05	   5.8508647e-13	   2.2362542e+02	
   3.8754937e-04	   4.2203866e-05	   3.1235765e-04	  -4.2312191e-05	  -1.1815708e-12	   2.2403588e+02	
   1.9043782e-03	  -6.9899077e-06	  -3.6856738e-03	  -4.9237574e-06	   6.3447688e-13	   2.2352329e+02	
   2.5885534e-03	  -2.8698231e-06	   1.6500008e-03	  -2.7328698e-05	  -1.3715338e-12	   2.2396582e+02	
   1.5915500e-04	   1.2756383e-05	   1.7481352e-04	   6.3669754e-06	  -5.5469236e-13	   2.2375805e+02	
   4.4056208e-04	   2.7971445e-05	   1.8077264e-04	  -5.2428788e-05	  -1.1169833e-12	   2.2403142e+02	
   4.7118699e-03	  -1.6540768e-04	   2.9265473e-04	  -2.5652530e-05	   1.1511767e-12	   2.2364669e+02	
  -4.2754731e-03	   8.8478458e-05	  -3.7037031e-04	   3.8426121e-05	  -4.6730932e-13	   2.2394415e+02	
   8.6289504e-04	   5.3340072e-05	   4.3725752e-05	  -1.7897016e-05	   7.5605329e-13	   2.2374902e+02	
   1.1241890e-04	   6.4533166e-06	  -3.3863216e-04	  -9.7075022e-06	  -5.5089310e-13	   2.2375769e+02	
   1.4468585e-04	   5.9170704e-05	   4.4719416e-04	  -1.1218795e-05	  -1.1777715e-12	   2.2403415e+02	
  -3.9922405e-03	   9.2356267e-05	  -2.6654095e-03	   7.6310686e-05	   8.9662601e-13	   2.2350808e+02	
  -5.9791061e-04	  -3.2841263e-05	  -1.7305850e-04	   3.0075060e-05	   7.5985255e-14	   2.2388243e+02	
  -3.2578367e-03	   2.4018286e-05	  -2.6700971e-03	   3.3680741e-05	   8.8142896e-13	   2.2344973e+02	
  -4.5749149e-04	   6.4983980e-06	   5.9491674e-05	   5.2063848e-05	  -8.6243265e-13	   2.2401020e+02	
   9.6069866e-04	   1.0562051e-06	   4.1869717e-03	  -3.6089864e-05	   8.1304223e-13	   2.2347702e+02	
   4.4059240e-04	  -5.9658135e-06	   6.1326464e-06	  -5.5207865e-05	  -1.0751914e-12	   2.2402877e+02	
  -1.8171044e-03	   2.5680333e-05	   3.7126088e-03	  -2.9687527e-05	   9.0422454e-13	   2.2343691e+02	
  -4.9893110e-04	  -1.5992281e-05	  -2.8957687e-04	   4.5732306e-05	  -1.0903885e-12	   2.2403067e+02	
  -1.1798698e-03	   7.5701939e-06	   3.4171736e-03	   1.0282084e-05	   7.4085624e-13	   2.2344837e+02	
  -4.2301591e-04	   9.4435447e-06	   2.5465996e-04	   4.0956262e-05	  -1.0258009e-13	   2.2391229e+02	
   6.5561295e-04	  -2.4704331e-05	  -1.9202002e-03	   4.6380838e-05	  -2.3593421e-12	   2.2412147e+02	
  -1.5607441e-03	  -1.0224862e-04	   3.0006276e-05	   2.9574394e-05	  -7.2565919e-13	   2.2398590e+02	
   2.0380985e-03	  -7.1711555e-06	  -3.6400232e-03	  -4.7086283e-06	   6.3067762e-13	   2.2352759e+02	
   5.8913114e-05	   1.6841014e-05	   1.9741071e-03	  -1.5622092e-04	  -1.4437198e-12	   2.2405412e+02	
   3.8180321e-03	  -1.2596481e-05	  -2.0733101e-03	  -4.1041508e-06	   6.4207541e-13	   2.2354033e+02	
   2.4012937e-04	   4.9069670e-05	   4.5686888e-04	  -2.8580447e-05	  -1.2537567e-12	   2.2404048e+02	
  -1.1346414e-03	  -9.7898263e-06	  -3.8639168e-03	  -2.8485993e-06	   6.6487098e-13	   2.2350519e+02	
   3.0617302e-03	   4.6090449e-05	  -2.5327264e-04	  -3.8472828e-05	  -9.6501274e-13	   2.2398965e+02	
  -1.1606383e-03	   8.0910312e-05	   3.7845498e-03	  -1.4363629e-04	  -1.6792741e-12	   2.2410578e+02	
   5.0298058e-04	   2.6696690e-05	  -1.0219988e-04	  -3.7194275e-05	   5.3189679e-13	   2.2379313e+02	
  -3.4834060e-03	  -2.2708921e-05	  -1.5958831e-03	   2.7534445e-06	   5.0530195e-13	   2.2353123e+02	
   1.4223365e-03	  -6.5546515e-05	   1.0940457e-04	  -4.6829061e-05	  -1.7400623e-12	   2.2405488e+02	
   4.4961573e-04	   1.4136374e-05	   3.1018167e-03	   5.4794206e-05	   1.7476609e-13	   2.2361996e+02	
  -1.5124983e-03	   1.1883599e-05	  -3.7651994e-04	   5.1521795e-06	  -1.8844343e-12	   2.2397339e+02	
   4.0847157e-04	   2.0794040e-06	  -1.4834000e-04	  -6.4106039e-06	  -7.5225403e-13	   2.2407594e+02	
  -5.0665810e-04	  -1.6800947e-05	  -8.0099596e-05	   5.2167483e-05	  -8.1684149e-13	   2.2400664e+02	
   4.2334601e-03	  -1.2140429e-04	   1.9383199e-03	  -6.9064526e-05	   9.9920615e-13	   2.2345493e+02	
  -3.4171342e-04	  -2.4016102e-05	  -8.1494653e-04	   3.0477734e-05	  -1.4399206e-12	   2.2404734e+02	
  -3.1436639e-07	   5.1181796e-07	  -6.0204916e-05	  -1.8962741e-07	  -2.1921746e-12	   2.2439441e+02	
  -8.4010123e-04	   1.9757207e-05	  -1.4986339e-04	   2.6810127e-05	  -1.1853700e-12	   2.2403185e+02	
  -3.2475975e-03	  -4.9557856e-05	   8.4936379e-04	   2.2972809e-05	   2.2035724e-13	   2.2361912e+02	
   2.1612850e-03	  -7.9016517e-05	  -3.2774511e-04	   3.1601221e-06	  -1.6184859e-12	   2.2396453e+02	
   4.9422559e-04	   5.3774822e-07	  -9.2950137e-04	  -1.4707124e-05	  -1.3753331e-12	   2.2412813e+02	
   7.0719340e-04	  -1.3926988e-05	   2.7236785e-04	  -3.7802559e-05	  -1.4665154e-12	   2.2404789e+02	
   4.3515320e-05	  -1.7456267e-06	   2.2464800e-04	   4.8409196e-06	  -5.3569605e-13	   2.2375488e+02	
  -6.0892276e-04	   2.4653881e-05	  -2.1847653e-05	   3.3546934e-05	  -1.3145449e-12	   2.2404541e+02	
   2.8964486e-03	   7.8972572e-06	   2.0467866e-03	  -3.1923771e-05	  -2.0288063e-12	   2.2406862e+02	
  -5.2004728e-04	   3.9515399e-05	   2.9375723e-04	   1.8878378e-05	  -1.2271619e-12	   2.2403922e+02	
  -4.8853067e-05	  -3.6057881e-05	  -1.2743705e-04	  -1.3489980e-05	  -3.4649276e-12	   2.2426046e+02	
   2.5195821e-04	  -5.0089106e-05	  -4.9781521e-04	  -2.0154568e-05	  -1.1435780e-12	   2.2403404e+02	
   5.8850036e-04	   2.0038385e-05	  -7.2175303e-04	  -3.2364083e-05	  -4.7870711e-13	   2.2375456e+02	
  -3.7419322e-05	  -3.2225383e-05	  -3.1387288e-03	  -3.8059022e-05	  -1.0144032e-12	   2.2399108e+02	
  -3.1880960e-03	   1.3816766e-05	   2.7903687e-03	   2.0321995e-06	   6.8386730e-13	   2.2351658e+02	
   9.9153259e-04	  -2.5351018e-05	  -5.4239016e-05	  -2.4266921e-05	  -1.1587751e-12	   2.2402541e+02	
   2.3295037e-03	   1.4818279e-05	  -2.8075508e-03	  -2.8028998e-05	   6.6867025e-13	   2.2349446e+02	
  -5.8234572e-04	   2.4068325e-05	  -2.4344015e-05	   3.5541069e-05	  -1.2955486e-12	   2.2404427e+02	
  -2.3846180e-03	  -6.7511954e-05	  -9.6287199e-04	  -1.5700519e-05	  -1.7096682e-13	   2.2377396e+02	
  -1.3025487e-03	  -1.4613704e-05	  -1.3374213e-03	  -7.6512866e-06	  -4.4071448e-13	   2.2394954e+02	
   4.4113089e-05	   3.2824084e-06	   1.0154069e-03	   3.4987725e-05	  -3.4193365e-13	   2.2371182e+02	
  -4.5954677e-04	   4.7964628e-06	  -1.6856920e-03	   2.6532282e-05	  -1.8464417e-12	   2.2396214e+02	
  -1.0374421e-03	  -2.1501147e-05	   1.6249386e-03	   4.3705483e-05	  -8.3583781e-14	   2.2364793e+02	
  -5.2321277e-04	  -9.4742753e-06	  -4.3888447e-04	   4.1509286e-05	  -1.4551177e-12	   2.2405187e+02	
  -1.8024101e-03	   3.3730053e-05	  -5.1547771e-04	   1.2479252e-05	  -2.1883754e-12	   2.2413355e+02	
   3.1529088e-04	  -2.9867558e-05	  -2.6821875e-04	  -5.3322130e-05	  -1.0675928e-12	   2.2402785e+02	
   3.2437601e-03	  -8.2701644e-05	  -3.0647004e-03	   6.3325783e-05	   1.0030054e-12	   2.2343203e+02	
   2.6871665e-04	  -2.7182758e-05	  -3.4230716e-04	  -6.0735519e-05	  -1.0296003e-12	   2.2402408e+02	
  -5.5411521e-03	  -1.5522287e-03	  -4.0923425e-04	  -9.3818593e-05	  -6.1168130e-13	   2.2372313e+02	
  -3.9998374e-04	   6.8017704e-06	   2.0478894e-04	   6.0430996e-05	  -9.3461864e-13	   2.2401646e+02	
  -1.2223594e-04	  -6.9723609e-06	  -1.1090489e-03	  -9.3199529e-06	  -1.5463000e-12	   2.2413821e+02	
   1.3832433e-04	  -2.3763793e-05	  -3.8853053e-03	   1.2758948e-04	  -9.0802380e-13	   2.2393627e+02	
   4.1245731e-03	  -1.1995220e-05	   1.5212157e-03	  -1.4592686e-05	   6.8006803e-13	   2.2353452e+02	
  -1.4724540e-03	  -1.1287715e-05	  -1.1466709e-03	  -2.9502967e-06	  -5.3189679e-13	   2.2395997e+02	
   1.7384256e-04	   1.0788326e-04	   4.2816455e-04	   4.3876410e-05	  -3.6548908e-12	   2.2404414e+02	
  -2.0447830e-03	   3.4169433e-05	  -3.5763401e-03	   9.4758869e-05	  -5.2049900e-13	   2.2394092e+02	
   3.3880701e-03	   4.2183876e-06	  -3.0810613e-03	  -1.8870787e-05	   6.7626877e-13	   2.2366742e+02	
   3.6514872e-03	  -1.0970424e-04	   1.2202972e-03	  -6.0375949e-05	  -9.0422454e-13	   2.2393764e+02	
   1.7669719e-03	   3.9747120e-05	  -9.9728235e-04	  -2.8666288e-05	  -4.1791890e-14	   2.2364194e+02	
   6.6091173e-04	  -1.0635028e-05	   1.8257462e-03	  -5.1875185e-05	  -1.3335413e-12	   2.2401220e+02	
  -9.9093553e-04	   4.0464603e-06	  -4.0833262e-03	   5.5960738e-05	   9.6501274e-13	   2.2342411e+02	
   2.1017143e-04	  -5.2424965e-05	  -5.0986619e-04	  -1.7817043e-05	  -1.2423590e-12	   2.2404044e+02	
   2.4266752e-03	   3.2642275e-05	  -2.3028915e-03	  -4.1337601e-05	   2.0136093e-13	   2.2362740e+02	
   5.7331734e-04	   1.7463005e-05	  -1.3797692e-03	  -1.0383807e-04	  -8.3583781e-13	   2.2399889e+02	
   2.1275195e-04	   4.6069404e-05	   5.0885777e-04	  -2.8816115e-05	  -1.5159059e-12	   2.2405316e+02	
   1.0056890e-04	   6.6909021e-06	   2.0712275e-03	   5.0012225e-05	  -3.0394102e-14	   2.2363955e+02	
   4.1206908e-04	   4.5041967e-06	  -3.1859900e-04	  -7.3159122e-05	  -1.2119649e-12	   2.2403621e+02	
   4.6596855e-03	  -4.1524569e-05	   3.8237668e-04	  -1.5324998e-05	   6.1168130e-13	   2.2357264e+02	
   3.0990192e-04	   6.4505836e-05	   3.8322381e-04	  -1.4794814e-05	  -1.2005670e-12	   2.2403594e+02	
  -2.3289733e-03	   5.4457568e-05	  -3.8392598e-03	   1.1137185e-04	   1.0485965e-12	   2.2342477e+02	
   6.1403641e-04	  -3.6947330e-05	   1.0388128e-04	  -5.0457159e-05	  -3.8980436e-12	   2.2408854e+02	
  -7.8933558e-04	  -1.9867660e-05	  -5.1990260e-04	  -1.1599602e-05	  -1.3221434e-12	   2.2414392e+02	
   3.8839489e-03	  -1.3165317e-04	   1.1840519e-04	  -2.7076830e-05	  -8.8902749e-13	   2.2393529e+02	
   1.4112162e-03	   4.6143218e-05	   5.0177972e-04	   9.1972060e-06	  -3.6092996e-13	   2.2372673e+02	
  -1.1690782e-04	   4.6973143e-05	   5.9070579e-04	  -1.1617032e-05	  -1.3639354e-12	   2.2404568e+02	
   4.4104990e-03	   2.1843279e-04	  -8.6273619e-04	  -7.1434415e-05	  -2.2795577e-13	   2.2425635e+02	
   4.1896616e-04	  -2.8802703e-05	   3.1446909e-03	  -3.2961105e-04	   3.6092996e-12	   2.2251825e+02	
   2.1614651e-03	  -8.2950249e-05	  -2.8707395e-03	   5.2570997e-05	  -2.0288063e-12	   2.2401601e+02	
  -2.2177886e-03	   1.4148692e-04	  -3.1033144e-04	   2.6863693e-05	  -1.6640771e-12	   2.2395112e+02	
   2.3665002e-03	   3.6193481e-05	  -2.0046749e-03	  -3.9852480e-05	   1.6716756e-13	   2.2362425e+02	
  -5.9491004e-04	  -4.1930542e-05	  -2.7425384e-05	   5.4090071e-05	  -8.9282675e-13	   2.2401300e+02	
  -2.7618303e-04	   2.0867978e-06	   3.3641832e-03	   5.4684343e-05	   2.6214913e-13	   2.2360429e+02	
   3.8512082e-04	  -1.8014131e-05	  -1.6756042e-04	  -6.0283209e-05	  -1.3297420e-12	   2.2404406e+02	
   2.3408411e-03	   4.5005415e-05	   2.2041578e-03	   3.3856712e-05	   2.4315282e-13	   2.2360084e+02	
   8.0791366e-05	  -2.2384755e-05	  -2.3200596e-03	   1.8139122e-04	  -1.3677346e-12	   2.2404744e+02	
  -2.2789519e-03	  -1.4240519e-06	   3.4510615e-03	   1.8963162e-05	   5.5089310e-13	   2.2356078e+02	
   3.8572170e-05	  -4.3660321e-05	  -5.1447806e-04	  -4.6661529e-05	  -3.0774028e-13	   2.2394464e+02	
   3.8340896e-03	  -7.3980212e-06	  -2.0569359e-03	  -6.7269035e-06	   6.1168130e-13	   2.2355658e+02	
  -5.0223350e-04	   1.5167245e-05	  -6.2713661e-05	   4.6434949e-05	  -1.4323220e-12	   2.2405065e+02	
   1.4003761e-03	  -4.9071866e-05	  -1.2939126e-03	   2.6473509e-05	  -1.3829316e-12	   2.2401641e+02	
  -4.8774636e-04	  -4.9927870e-06	   6.6442422e-04	   3.4528529e-06	  -1.3867309e-12	   2.2417134e+02	
  -4.0976430e-04	   4.1363271e-05	   6.0720540e-04	  -2.2796121e-06	  -1.4019279e-12	   2.2404445e+02	
   3.4428733e-03	  -1.4967529e-05	  -1.9017569e-03	  -2.0555672e-06	   7.6745108e-13	   2.2345642e+02	
  -9.3014351e-04	   3.5884707e-05	   3.3822904e-04	   8.9331656e-06	  -1.6602778e-12	   2.2404394e+02	
  -4.2507503e-03	   1.3816610e-04	  -1.5815370e-03	   6.4883405e-05	   1.0789906e-12	   2.2342442e+02	
  -8.1490791e-04	   3.1010693e-05	   1.0366424e-04	   2.0162441e-05	  -1.6146866e-12	   2.2405067e+02	
  -1.9553200e-03	   2.9690572e-05	  -4.1885995e-04	   1.1583179e-05	  -2.5037142e-12	   2.2410791e+02	
  -4.9016389e-04	  -1.5156775e-05	  -2.2230444e-04	   5.1184451e-05	  -1.4171250e-12	   2.2404985e+02	
   1.6385426e-05	  -8.7196657e-06	  -4.2523236e-03	   3.1979721e-06	   6.4967393e-13	   2.2353256e+02	
  -5.3508516e-04	  -2.2722193e-05	   1.8037544e-04	   6.5241895e-05	  -9.3841790e-13	   2.2401654e+02	
   1.0903464e-03	   4.7664123e-05	   4.9525886e-04	   1.8426063e-05	   1.3677346e-13	   2.2358996e+02	
   5.9898221e-04	   5.9605224e-05	   8.0152377e-05	  -4.6142382e-05	  -1.2461582e-12	   2.2403838e+02	
   4.0254658e-03	  -4.7293873e-05	   1.5311114e-03	  -2.8099750e-05	   9.3841790e-13	   2.2344730e+02	
   4.3367972e-04	   1.0637603e-05	  -2.2509948e-04	  -6.9065814e-05	  -1.0561950e-12	   2.2402639e+02	
  -2.4540323e-05	   2.8579631e-06	   6.5258763e-04	   3.0682460e-06	  -1.3943295e-12	   2.2413607e+02	
  -3.7043936e-04	  -1.5268563e-06	   5.6305974e-04	   7.5537790e-05	  -5.5469236e-13	   2.2397854e+02	
  -1.7019549e-03	   4.5757724e-05	  -8.9901076e-04	   2.8930066e-05	  -2.4011341e-12	   2.2411958e+02	
  -1.7223771e-04	   4.7724811e-05	   3.4119687e-04	   3.6215012e-05	  -1.2727531e-12	   2.2404187e+02	
   1.6114124e-03	  -5.5400515e-05	  -4.0866933e-03	   1.1253949e-04	   1.1131839e-12	   2.2339481e+02	
  -6.4617387e-04	  -5.9539931e-05	  -1.3651363e-04	   4.4177863e-05	  -1.1967678e-12	   2.2403566e+02	
  -4.2546574e-03	   1.7914153e-04	   8.8178859e-05	   1.6156355e-05	  -5.2429826e-13	   2.2393566e+02	
   1.2373236e-03	   2.8494439e-05	   2.7642881e-03	   5.0319616e-05	   2.2415650e-13	   2.2359636e+02	
   6.0946175e-04	   7.1149259e-05	   2.6165807e-04	  -1.7549988e-05	  -5.4329457e-13	   2.2397709e+02	
  -5.3951877e-04	  -1.4190029e-05	   1.1442774e-03	   3.8380053e-05	  -2.2795577e-13	   2.2367699e+02	
   4.2492331e-04	   6.9747815e-05	   3.3219392e-04	  -1.6034475e-05	  -1.2803515e-12	   2.2404104e+02	
   1.1302218e-04	  -5.3479575e-05	  -4.4795425e-04	  -3.5932133e-05	  -1.2347603e-12	   2.2403983e+02	
   3.3638072e-04	   9.1172634e-06	   1.9999440e-04	   4.1680519e-06	  -5.2049900e-13	   2.2375840e+02	
  -1.7423379e-04	   4.2950575e-05	   3.4991703e-04	   4.4158480e-05	  -1.1739721e-12	   2.2403554e+02	
  -3.2925481e-03	  -3.0621671e-05	   1.9235546e-03	   2.9149893e-05	   4.0272185e-13	   2.2358785e+02	
  -2.4128294e-03	   6.3503777e-05	   2.5218522e-03	  -3.5552375e-05	  -1.1321803e-12	   2.2394944e+02	
  -1.6006057e-03	  -1.9355532e-04	  -1.9934199e-03	  -1.9724907e-04	  -3.4459314e-12	   2.2419547e+02	
  -4.1151026e-03	   1.8870098e-04	   2.5640349e-04	   8.8033348e-06	  -6.6107172e-13	   2.2392764e+02	
  -4.1381398e-03	   7.3712040e-05	   1.4855374e-03	  -1.3701648e-05	   9.3081938e-13	   2.2345411e+02	
  -2.7847424e-03	  -4.3636689e-05	   1.5135575e-03	   4.5325467e-05	  -5.5849163e-13	   2.2395850e+02	
  -8.6532651e-04	  -1.0605367e-05	  -7.2478854e-04	  -5.1545481e-06	  -3.3661468e-12	   2.2416249e+02	
   1.3231345e-04	   6.5101279e-05	   4.2250114e-04	   5.3458438e-06	  -1.3563368e-12	   2.2404511e+02	
   4.7211212e-04	   1.2683500e-04	   3.7254750e-04	   1.2816228e-05	  -3.6282960e-12	   2.2404738e+02	
   1.7085747e-03	  -3.9605641e-05	   4.0147054e-03	  -1.7106158e-04	  -5.2049900e-13	   2.2394114e+02	
   3.0704015e-04	  -8.2360204e-07	  -3.0912424e-03	  -5.4094203e-05	   1.8616388e-13	   2.2361740e+02	
   3.6861286e-04	   4.8336152e-07	  -4.7393949e-04	  -7.8374798e-05	  -1.1739721e-12	   2.2403433e+02	
  -1.2030740e-03	  -2.0217386e-04	   8.6791894e-04	   1.7884667e-04	  -3.2103770e-12	   2.2432518e+02	
  -1.8909991e-03	   6.1841468e-05	   1.1422736e-05	   6.6435113e-06	  -1.5121066e-12	   2.2401948e+02	
   5.3718951e-04	  -1.2052314e-05	  -1.7021512e-03	   1.2176319e-05	  -2.2529628e-12	   2.2412686e+02	
   5.6636550e-04	   6.8347375e-05	   2.0343748e-04	  -3.1844321e-05	  -1.3031472e-12	   2.2404198e+02	
   1.6779741e-03	   4.4751379e-05	   1.9809439e-03	   4.0994355e-05	  -1.4437198e-13	   2.2373877e+02	
  -2.7939976e-03	   8.7850703e-05	  -2.7711112e-03	   1.1343734e-04	  -8.5483412e-13	   2.2393496e+02	
   2.6665990e-04	  -4.8238947e-06	  -7.0353330e-04	  -8.4725625e-05	  -5.9648425e-13	   2.2398396e+02	
  -1.3653837e-04	  -4.0939273e-05	  -6.4057541e-04	  -3.2834554e-05	   3.6092996e-13	   2.2382981e+02	
   2.9400268e-03	   1.1196891e-05	   1.3782668e-03	  -4.4052627e-06	   8.3583781e-13	   2.2341597e+02	
  -2.4084682e-03	  -3.9864629e-05	  -1.3593534e-04	   2.0457217e-05	  -1.7818542e-12	   2.2398263e+02	
   1.7433820e-03	   1.7587640e-04	   3.2686374e-04	  -6.1287851e-07	  -3.1077969e-12	   2.2407793e+02	
  -2.0145822e-03	   7.2394626e-05	   3.9464633e-04	  -9.4448056e-06	  -1.7362630e-12	   2.2394077e+02	
  -1.8436630e-03	   6.8040467e-05	   3.9476725e-03	  -1.1906689e-04	   1.1207826e-12	   2.2339313e+02	
  -2.2354989e-03	   1.0641941e-04	   1.1741699e-04	  -3.7566410e-07	  -1.6450807e-12	   2.2393691e+02	
  -1.9272157e-05	  -1.1139873e-05	  -1.3237567e-04	   1.2053189e-06	  -2.6518854e-12	   2.2427152e+02	
   2.7415906e-04	  -2.9745325e-05	  -3.1200864e-04	  -5.9188891e-05	  -1.4893110e-12	   2.2405308e+02	
  -1.6578195e-03	   2.8184110e-05	  -1.0152944e-03	   2.5486558e-05	  -2.6898780e-12	   2.2407691e+02	
   7.2928616e-04	  -1.5644403e-05	   4.1357791e-03	  -2.1076050e-04	  -5.8888573e-13	   2.2392995e+02	
   5.3301138e-04	   2.0424515e-06	   1.1705409e-03	  -2.3316795e-05	  -2.6518854e-12	   2.2409077e+02	
   6.0810083e-04	   3.5044247e-05	  -3.9762051e-04	  -7.5847669e-05	  -1.2575560e-12	   2.2403944e+02	
   2.7700131e-04	  -7.4061167e-07	   4.4241016e-03	  -2.0676503e-04	   1.1929685e-12	   2.2338640e+02	
  -9.2844448e-04	   3.1586756e-05	  -1.2846043e-03	   9.4414491e-05	  -1.9186276e-12	   2.2405071e+02	
  -2.7538100e-03	  -1.4946291e-04	  -1.0635979e-03	  -2.2660042e-05	  -2.6974766e-12	   2.2409398e+02	
   4.2959933e-04	  -2.1358620e-06	   1.6733832e-03	  -5.8180428e-05	  -1.7058689e-12	   2.2402226e+02	
   1.3130542e-03	  -3.8106499e-06	   4.2883750e-03	  -4.3490215e-05	   7.8264813e-13	   2.2350965e+02	
  -5.8755263e-04	  -4.4963689e-05	  -9.4832653e-05	   5.2579961e-05	  -1.3221434e-12	   2.2404347e+02	
  -2.5897701e-04	  -1.4294803e-05	  -2.2037109e-04	  -1.0675550e-05	  -5.0910121e-13	   2.2375266e+02	
   5.9619174e-04	   2.4934493e-05	  -8.9857356e-04	  -6.2575980e-05	   4.0272185e-13	   2.2382184e+02	
   2.1720824e-04	   9.0562127e-06	   8.9573092e-04	   3.1263788e-05	  -3.4193365e-13	   2.2371789e+02	
  -7.7344789e-04	   1.7495308e-05	  -5.2863502e-04	   4.8306915e-05	  -3.8866459e-12	   2.2402098e+02	
   1.1121538e-04	  -4.7635373e-05	  -2.1637690e-04	  -9.8550081e-05	  -3.9854266e-12	   2.2412932e+02	
   7.9215408e-04	  -1.8043324e-05	   1.7703466e-03	  -6.3465524e-05	  -1.5918911e-12	   2.2401764e+02	
   3.6372220e-03	  -4.1209138e-05	   2.7241849e-03	  -4.3406364e-05	   8.1304223e-13	   2.2350577e+02	
   3.9778237e-04	   6.8842234e-05	   3.4287027e-04	  -1.5756049e-05	  -1.3905302e-12	   2.2404764e+02	
  -3.8733074e-03	   8.7017264e-05	   2.1667776e-03	  -3.4984064e-05	   9.7641048e-13	   2.2344503e+02	
  -1.1662826e-03	  -1.3961016e-05	  -4.7443134e-04	  -5.0830809e-06	  -1.1815708e-12	   2.2409447e+02	
   8.6935797e-04	   1.3730481e-04	  -1.6489016e-03	  -2.8651974e-04	   3.8828465e-12	   2.2295246e+02	
   3.9456901e-04	   4.0749248e-06	  -3.8968557e-04	  -7.5500474e-05	  -1.3867309e-12	   2.2404844e+02	
  -1.1594637e-04	   5.5755366e-05	   4.5797164e-04	   2.6245440e-06	  -1.5576977e-12	   2.2405414e+02	
  -4.8035390e-04	  -1.3000660e-05	   2.5838491e-04	   1.0938724e-05	  -4.4831301e-13	   2.2374012e+02	
  -6.7303560e-04	   2.7852956e-05	   2.9320246e-05	   3.0143736e-05	  -1.5007088e-12	   2.2405212e+02	
   2.8546416e-03	   5.8779097e-05	  -1.7819565e-03	  -7.1378906e-05	  -2.3935355e-12	   2.2410067e+02	
   3.6775806e-03	  -8.1304260e-05	  -1.2893069e-03	  -6.8568957e-06	  -8.0924297e-13	   2.2396040e+02	
   1.5022032e-03	  -4.7968296e-05	  -4.1255043e-03	   1.0255242e-04	   1.0789906e-12	   2.2340503e+02	
  -3.7395126e-04	   4.5658356e-05	   2.9574397e-04	   2.4456231e-05	  -1.5197051e-12	   2.2405318e+02	
  -1.3831255e-03	  -1.8397544e-04	  -1.0856742e-03	  -9.7891961e-05	  -3.6472923e-12	   2.2409406e+02	
   2.1640238e-04	  -2.5594510e-05	  -4.4577201e-04	  -6.8418261e-05	  -1.3943295e-12	   2.2404891e+02	
  -1.5283153e-03	   2.9874559e-05	   1.4887262e-03	  -2.3114165e-05	  -2.6328890e-12	   2.2413668e+02	
   5.1049621e-04	   1.9328053e-05	  -5.3196748e-04	  -8.2215870e-05	  -1.4209243e-12	   2.2404795e+02	
  -3.7515855e-03	   1.0414368e-04	  -2.3611415e-03	   7.9553857e-05	   1.0903885e-12	   2.2340736e+02	
   9.6364477e-04	   9.9010423e-06	  -1.9411013e-03	  -4.3477384e-05	  -4.1032038e-13	   2.2395077e+02	
  -1.3673192e-04	  -4.0513528e-05	  -2.5163240e-03	  -1.6757493e-04	  -2.9064360e-12	   2.2408318e+02	
  -2.2499758e-03	   1.1888405e-04	   2.9928001e-04	  -1.0085441e-05	  -1.6336830e-12	   2.2393255e+02	
  -4.6871281e-04	  -1.8677950e-05	   1.7766680e-04	   1.3314168e-05	  -4.7110858e-13	   2.2374630e+02	
   6.2789132e-04	   7.5827576e-05	   2.2722010e-04	  -2.3560651e-05	  -1.3981287e-12	   2.2404697e+02	
  -6.8016223e-04	  -9.5599923e-07	  -4.4093672e-03	   5.7075277e-05	   8.5863338e-13	   2.2348258e+02	
  -7.3686066e-05	   4.3984464e-05	   4.5520670e-04	   5.2831880e-05	  -1.2309611e-12	   2.2403920e+02	
   4.4305724e-03	  -1.7916746e-04	  -1.4872508e-03	   4.6360960e-05	   1.0523957e-12	   2.2344591e+02	
   3.8422310e-04	  -4.7750377e-05	  -4.6118175e-04	  -2.0266763e-05	  -1.4665154e-12	   2.2405130e+02	
   1.6822336e-03	   2.7729620e-05	   3.1738155e-03	   3.8687400e-05	   3.9512333e-13	   2.2357247e+02	
   1.7714615e-04	   1.6898185e-05	   1.7311382e-03	  -1.2326228e-04	  -1.9338247e-12	   2.2404556e+02	
   4.3590487e-04	   3.6776341e-06	   4.6370654e-04	  -1.5140081e-06	  -1.4969095e-12	   2.2412772e+02	
  -3.0356017e-03	   4.8165465e-05	  -2.6095397e-03	   8.0841672e-05	  -7.3705698e-13	   2.2395505e+02	
  -3.1670368e-03	  -4.5229029e-05	  -1.6906906e-03	  -1.3649185e-05	   3.8372554e-13	   2.2357912e+02	
  -3.8412223e-03	   1.6761987e-04	  -1.8912934e-03	   1.0366969e-04	  -5.2809752e-13	   2.2393705e+02	
  -2.3806964e-03	   7.1708933e-05	   3.7808024e-03	  -9.2740907e-05	   1.0182024e-12	   2.2343515e+02	
   9.6029908e-04	  -1.8747833e-05	  -8.9801581e-04	  -9.9393360e-07	   3.3167563e-12	   2.2263862e+02	
   4.3182516e-04	   1.3094052e-05	   3.2586586e-03	   5.4461123e-05	   3.0774028e-13	   2.2358403e+02	
  -1.6299010e-03	  -3.3396935e-05	  -1.9610033e-03	  -1.1127282e-05	  -1.7476609e-12	   2.2398051e+02	
  -4.6661629e-04	  -2.0619433e-06	  -4.8998178e-04	  -1.7627331e-06	  -1.9376240e-12	   2.2421523e+02	
  -7.4506230e-04	  -4.8359076e-05	   3.3840055e-04	   6.9768982e-05	  -1.0789906e-12	   2.2402824e+02	
  -2.2558967e-03	  -5.7151686e-05	  -9.2153312e-04	  -1.3465749e-05	  -1.4057272e-13	   2.2372345e+02	
   1.6255298e-04	   6.4881429e-05	   4.7908439e-04	   3.2159813e-05	  -1.4589169e-12	   2.2405046e+02	
   2.5028040e-04	   3.6170369e-06	  -1.8333793e-03	  -4.8552656e-05	  -7.5985255e-15	   2.2362910e+02	
  -1.9898602e-04	   1.9885606e-05	   6.5872914e-04	   7.7391937e-05	  -1.2537567e-12	   2.2403956e+02	
  -3.7487468e-03	   1.4156753e-04	   2.3509080e-03	  -7.4124453e-05	   1.1359796e-12	   2.2340062e+02	
  -6.3971213e-04	   1.8160713e-05	   1.4610102e-03	  -3.1307428e-05	  -1.9908137e-12	   2.2392623e+02	
  -3.0390868e-03	   8.2878661e-06	   1.2439250e-03	   1.0289323e-05	   9.9160753e-13	   2.2336675e+02	
  -2.1862417e-04	   2.5602170e-05	   4.8411368e-04	   6.7552128e-05	  -1.4171250e-12	   2.2404858e+02	
  -2.9268957e-03	  -3.6060376e-05	  -2.3338965e-03	  -1.7071379e-05	   4.5971079e-13	   2.2356413e+02	
   2.3506858e-05	  -4.7853157e-05	  -5.5868202e-04	  -5.4573376e-05	  -2.4277290e-12	   2.2400772e+02	
  -3.0766794e-03	  -2.5163651e-04	   1.2847904e-03	   1.3740226e-04	  -2.3441451e-12	   2.2435876e+02	
  -5.7065833e-06	  -4.6338052e-05	  -5.9337978e-04	  -6.3155583e-05	  -1.2537567e-12	   2.2404085e+02	
  -9.8072036e-04	   1.6949508e-05	  -4.2971138e-03	   1.2004842e-04	   1.0941877e-12	   2.2340305e+02	
  -9.8313886e-05	   5.7554183e-05	   4.2602285e-04	   9.6470116e-06	  -1.8122483e-12	   2.2406097e+02	
  -2.9571683e-03	  -1.1549766e-04	   2.8972637e-03	   1.5527060e-04	  -2.7316700e-12	   2.2428584e+02	
   2.5487104e-03	  -1.8439893e-04	   2.7729313e-04	  -3.7593270e-05	  -1.3373405e-12	   2.2403214e+02	
   2.9525026e-04	  -1.6401173e-05	  -4.4916109e-03	   9.7546500e-05	   9.8020979e-13	   2.2344810e+02	
   2.8758728e-03	  -4.2409417e-05	   1.9245175e-03	  -5.4237747e-05	  -1.1891692e-12	   2.2395241e+02	
  -4.3438852e-03	   1.6361312e-04	  -9.6540445e-04	   4.9325924e-05	   1.1587751e-12	   2.2339438e+02	
   1.3673529e-03	   2.8897189e-05	   1.6730999e-03	   1.9354475e-05	  -5.1290047e-13	   2.2396261e+02	
   1.8994963e-03	   4.9699255e-05	   1.2370562e-06	  -6.8004215e-06	  -2.0136093e-13	   2.2369347e+02	
   4.9628005e-04	   1.8934020e-05	  -4.3345739e-04	  -4.3255733e-05	   3.1533881e-13	   2.2383374e+02	
  -1.1798166e-03	  -1.4686300e-06	  -1.6186546e-03	   9.0343442e-06	  -2.5683016e-12	   2.2407128e+02	
   1.0247699e-04	   6.3263612e-05	   4.3764002e-04	   2.7175904e-05	  -1.5425007e-12	   2.2405474e+02	
  -2.4246271e-04	  -6.5614123e-05	  -1.0408339e-03	  -2.1691220e-04	   9.9540684e-13	   2.2400218e+02	
  -3.9068415e-04	  -2.6650249e-05	  -3.2367489e-04	   8.3338810e-05	  -4.0994046e-12	   2.2401026e+02	
   2.0972937e-03	  -5.6699190e-05	  -7.2174170e-04	   8.7664843e-06	  -2.6518854e-12	   2.2402460e+02	
  -2.0445471e-04	   5.3718472e-05	   4.0030899e-04	   1.4447610e-05	  -1.8274453e-12	   2.2406079e+02	
   3.7955330e-04	   7.4782071e-05	   4.2846664e-04	   1.1094706e-05	  -1.5804933e-12	   2.2405582e+02	
  -4.0954033e-03	   8.0183917e-05	  -1.8122824e-03	   4.8378845e-05	   9.7261127e-13	   2.2345194e+02	
  -4.6266082e-04	  -1.1206825e-06	   1.8710560e-04	   3.7898948e-05	  -4.5591153e-14	   2.2390411e+02	
   3.5975784e-03	  -8.2232163e-05	  -2.9374147e-03	   5.3082690e-05	   8.8522822e-13	   2.2349290e+02	
  -8.3556115e-04	   1.6647227e-06	   1.4807845e-03	   6.1983492e-07	  -2.8076552e-12	   2.2416484e+02	
   3.8113418e-03	   1.0119972e-05	  -1.5234456e-03	  -1.3172843e-05	   5.9648425e-13	   2.2354444e+02	
   8.8990734e-04	   6.7874961e-05	  -2.6032931e-04	  -5.9654916e-05	  -1.3943295e-12	   2.2404707e+02	
  -4.8339955e-04	  -6.6956770e-05	   1.4997638e-03	   2.7420819e-04	  -3.0090161e-12	   2.2434870e+02	
  -5.2272889e-04	  -1.6228217e-05	   3.5276181e-04	   7.3400987e-05	  -1.4855118e-12	   2.2405122e+02	
   4.8414164e-04	   4.1154189e-05	   1.0928492e-04	  -5.5363727e-05	  -1.7476609e-12	   2.2405987e+02	
  -1.3628380e-03	   1.3758113e-05	   2.9866182e-03	  -3.2462176e-06	   1.0333995e-12	   2.2335546e+02	
  -1.2821700e-04	   2.9717033e-05	   4.9817762e-04	   2.8128243e-05	  -3.7992628e-14	   2.2390186e+02	
  -2.8274897e-03	  -1.4016784e-06	   1.3793000e-03	   1.4795323e-05	   9.1562233e-13	   2.2338941e+02	
  -1.0762432e-05	  -3.7538913e-05	  -5.9747239e-04	  -3.2024238e-05	   9.4981569e-14	   2.2387903e+02	
   3.0259332e-03	   5.0131593e-05	  -1.0487306e-03	  -2.3975311e-05	   3.3053586e-13	   2.2357595e+02	
   1.2214850e-03	  -2.5628326e-05	   1.4577728e-03	  -3.9412034e-05	  -2.3935355e-12	   2.2412007e+02	
   3.7514766e-04	  -6.5111343e-06	   2.4543645e-03	  -1.0214902e-04	  -2.8988375e-12	   2.2407228e+02	
   5.6672134e-04	   6.9956205e-05	   2.0558451e-04	  -3.1626832e-05	  -1.6830735e-12	   2.2405856e+02	
  -6.7119657e-04	  -8.7209318e-05	  -2.9051763e-03	  -2.6612162e-04	  -3.2749645e-12	   2.2420692e+02	
   8.8573211e-04	   7.6128837e-05	  -7.3350553e-05	  -4.5770268e-05	  -1.4171250e-12	   2.2404817e+02	
   2.6614594e-03	   3.0292930e-05	  -2.3415223e-03	  -3.5939481e-05	   3.8752480e-13	   2.2357626e+02	
  -4.9498375e-04	  -1.2598471e-05	   6.1583429e-04	   8.2345533e-05	  -1.3829316e-12	   2.2404623e+02	
  -6.2013841e-04	  -1.9285445e-05	   2.1690777e-04	   1.0362076e-05	  -3.7232775e-13	   2.2372354e+02	
  -3.2506338e-04	  -4.9605033e-05	  -1.2099707e-03	  -9.3473378e-05	  -6.4967393e-13	   2.2398965e+02	
  -4.1825353e-05	   3.6107335e-06	   3.9535417e-04	   1.2034373e-05	  -4.6730932e-13	   2.2374822e+02	
  -3.0126180e-04	   2.6263696e-05	   2.6897355e-04	   5.7449843e-05	  -1.7970512e-12	   2.2406214e+02	
   1.4573973e-03	  -1.8607182e-05	   8.6632757e-04	  -2.9546108e-05	  -3.6055003e-12	   2.2404468e+02	
   1.3125351e-03	  -8.0271750e-05	   1.6728432e-03	  -1.2042709e-04	  -1.7704564e-12	   2.2394157e+02	
  -2.5216854e-03	   8.5432909e-05	   3.5683339e-03	  -1.0261568e-04	   1.1321803e-12	   2.2339933e+02	
   6.5064127e-05	  -3.0791662e-05	  -7.4577668e-04	  -8.0293388e-05	  -1.2575560e-12	   2.2404071e+02	
   3.0614212e-03	   5.3346187e-05	  -6.8410047e-04	  -1.8155473e-05	   3.2293733e-13	   2.2357433e+02	
  -3.8586034e-04	  -3.0811121e-06	   6.0346647e-04	   8.1077028e-05	  -1.1169833e-12	   2.2403222e+02	
   2.5703972e-03	   2.3690519e-05	  -2.6045493e-03	  -3.4024511e-05	   4.5591153e-13	   2.2356031e+02	
  -2.3021788e-04	   1.2452074e-05	   7.8744008e-04	   8.5314713e-05	  -1.1815708e-12	   2.2403582e+02	
  -1.2339022e-03	  -1.0752921e-04	  -2.2809727e-03	  -1.3158315e-04	  -2.8456478e-12	   2.2408633e+02	
   3.6759117e-04	   2.2945871e-06	   1.5095774e-03	  -5.0678512e-05	  -1.6184859e-12	   2.2402971e+02	
   3.7740454e-03	  -1.3258909e-04	   1.3441836e-03	  -8.4281537e-05	  -1.7020697e-12	   2.2410785e+02	
   1.2276588e-03	  -3.8131587e-05	  -1.9182737e-04	  -1.6041180e-05	  -1.6184859e-12	   2.2403684e+02	
   1.7442134e-04	  -2.9427441e-06	  -1.4965456e-03	  -2.6358166e-05	  -2.3061525e-12	   2.2410517e+02	
  -2.4380359e-04	   2.2716015e-05	   3.6850284e-04	   4.8274650e-05	  -3.9512333e-13	   2.2395914e+02	
  -1.7772558e-04	  -1.3228930e-05	  -6.9274680e-04	  -2.0830686e-05	  -2.0098100e-12	   2.2412300e+02	
  -5.8658942e-06	  -6.2471731e-05	  -4.9305529e-04	  -2.5827355e-05	  -1.6640771e-12	   2.2405891e+02	
  -7.8438035e-04	  -5.1221031e-05	   3.8969620e-04	   7.1165733e-05	  -1.0865891e-12	   2.2402975e+02	
  -1.0586217e-03	   1.5002389e-05	  -1.7959969e-03	   3.8492044e-05	  -2.6024949e-12	   2.2409613e+02	
  -8.0083377e-04	  -7.1177284e-05	  -1.0640535e-03	  -5.1558405e-05	  -2.2833569e-12	   2.2400537e+02	
  -4.5058823e-03	   1.2411261e-04	  -1.6077690e-04	   1.6777336e-05	   1.0258009e-12	   2.2343929e+02	
   4.9519875e-04	   1.7613057e-05	  -4.7724691e-04	  -8.0771775e-05	  -1.7248653e-12	   2.2405969e+02	
   1.9287285e-03	  -3.4203526e-05	   1.9852619e-04	  -1.2228974e-05	  -2.5493054e-12	   2.2410643e+02	
  -5.1972399e-04	  -1.8702313e-05	   4.7859228e-04	   7.7275274e-05	  -1.2157641e-12	   2.2403926e+02	
   1.9642684e-03	  -3.0528742e-05	   3.3815330e-03	  -7.4351237e-05	   1.1663737e-12	   2.2333751e+02	
  -7.5239508e-04	   3.8448831e-05	   1.9271854e-03	  -7.2044242e-05	  -1.6754748e-12	   2.2400417e+02	
  -4.0690327e-03	   1.6305313e-04	   2.0050771e-03	  -6.6264228e-05	   1.1131839e-12	   2.2341879e+02	
   8.6581544e-04	   5.7463397e-05	  -4.7780221e-04	  -7.2605073e-05	  -1.3677346e-12	   2.2404635e+02	
  -2.4605745e-03	  -8.0425317e-05	  -1.6460124e-03	  -3.2909551e-05	  -5.3189679e-13	   2.2396110e+02	
  -2.6443931e-04	  -7.7884632e-06	  -9.5353038e-04	  -3.9462706e-07	   3.9094413e-12	   2.2238096e+02	
   2.5559005e-03	  -1.2041126e-04	   5.5074594e-04	  -4.1423370e-05	  -1.1777715e-12	   2.2401701e+02	
   3.1808018e-03	   5.5941445e-05	  -8.1265749e-04	  -2.3015562e-05	   9.4981569e-14	   2.2369554e+02	
  -7.8424669e-04	  -8.8886979e-05	  -4.2764147e-04	  -2.7812144e-06	  -1.2727531e-12	   2.2404130e+02	
   1.4070925e-03	  -1.0986974e-05	   1.5033203e-03	  -2.4160943e-05	  -2.4011341e-12	   2.2412830e+02	
   5.1291586e-04	   2.5373071e-05	  -1.7399239e-04	  -6.8858864e-05	  -1.9870145e-12	   2.2406057e+02	
   3.7874089e-04	   1.5028006e-05	  -2.4500172e-04	  -1.5994175e-05	  -4.2931669e-13	   2.2374006e+02	
  -5.0900060e-04	   2.4226060e-05	   2.9612564e-05	   4.4890271e-05	  -1.7590587e-12	   2.2406024e+02	
  -9.2800959e-04	  -1.9876764e-06	  -2.2465124e-04	   1.4148687e-07	  -2.2757584e-12	   2.2394848e+02	
  -9.0927352e-05	  -8.1795086e-06	  -4.4535515e-03	   5.8541739e-05	   8.7762970e-13	   2.2347904e+02	
   2.8763371e-04	   5.9210231e-05	   4.3717599e-04	   6.1311948e-06	  -4.6351006e-13	   2.2396887e+02	
   2.5190367e-04	   1.0440501e-05	   2.6153910e-04	  -8.1332889e-05	  -4.1791890e-12	   2.2404868e+02	
   3.0265707e-04	   7.2580010e-05	   4.1069723e-04	   4.4663375e-06	  -1.7818542e-12	   2.2406079e+02	
  -1.4184510e-03	  -4.1876813e-06	  -3.9807368e-03	   1.4760651e-05	   7.4085624e-13	   2.2350292e+02	
  -2.6624611e-03	   3.4197155e-05	  -3.1837974e-03	   6.7872118e-05	  -4.5591153e-13	   2.2395059e+02	
  -2.4427357e-04	   3.0438227e-06	   6.9396588e-05	  -9.3625263e-06	  -2.6328890e-12	   2.2423026e+02	
  -3.7379107e-04	  -1.1490919e-05	  -3.4474686e-03	   6.5317740e-05	  -1.2233626e-12	   2.2395588e+02	
  -2.0901135e-04	  -1.1595487e-05	  -1.6352383e-04	  -9.4147923e-06	  -4.3691522e-13	   2.2373758e+02	
  -1.7918001e-03	   1.3749022e-04	  -6.9941134e-04	   7.3289556e-05	  -1.9718174e-12	   2.2403187e+02	
   1.8382142e-04	   2.0271970e-07	   1.1349730e-03	  -3.6578081e-06	  -1.7856535e-12	   2.2414089e+02	
   7.2997392e-04	  -5.4352556e-05	  -4.2791120e-03	   2.0194050e-04	  -5.1669974e-13	   2.2394768e+02	
   9.4291673e-04	   1.4271203e-05	  -7.6882483e-04	  -2.1764124e-05	  -2.5113126e-12	   2.2409010e+02	
  -8.8006250e-04	   5.2947032e-05	  -2.0145323e-03	   1.4203483e-04	  -1.7514601e-12	   2.2394004e+02	
   2.9913717e-03	   2.0419701e-05	   2.4929252e-03	   7.6787823e-06	   6.4967393e-13	   2.2350832e+02	
  -1.3548224e-03	   6.5166020e-06	  -3.3821409e-04	   3.1627428e-06	  -2.0250070e-12	   2.2397744e+02	
   3.3444205e-03	  -6.4546318e-05	   1.9594922e-03	  -5.0802589e-05	   1.1967678e-12	   2.2332712e+02	
  -1.5977723e-03	   1.0140975e-05	   1.1124555e-03	   6.8367213e-07	  -2.5113126e-12	   2.2408326e+02	
   9.0743401e-04	   6.3115525e-05	  -3.9466490e-04	  -6.6926384e-05	  -1.5083073e-12	   2.2405314e+02	
  -1.4626336e-03	   6.4227982e-05	   2.0319977e-03	  -7.6475380e-05	  -2.7544655e-12	   2.2407459e+02	
   1.8387358e-03	  -4.8895013e-05	   9.3260503e-04	  -3.3465587e-05	  -1.6640771e-12	   2.2399787e+02	
  -1.2803933e-03	   1.7199164e-05	   3.0609822e-03	  -1.2563547e-05	   1.1017862e-12	   2.2333681e+02	
  -9.3109778e-04	  -7.6716281e-05	   2.1075377e-05	   4.3267605e-05	  -1.3563368e-12	   2.2404701e+02	
   1.3035908e-03	  -7.0336459e-05	  -4.3254957e-03	   1.9311411e-04	   1.1853700e-12	   2.2339413e+02	
  -1.1074233e-03	  -5.7520868e-05	  -4.6220821e-04	  -6.7976822e-06	  -2.5455060e-13	   2.2393092e+02	
  -2.4822379e-04	  -3.3007810e-05	   2.5094339e-04	   1.2583871e-04	  -4.0272185e-12	   2.2414715e+02	
  -5.1615185e-04	  -1.7996545e-05	   1.4906603e-04	   6.6292718e-05	  -1.9338247e-12	   2.2406200e+02	
  -1.9964020e-03	   3.8919080e-05	  -1.0356277e-03	   3.2500977e-05	   3.7840657e-12	   2.2242999e+02	
  -9.1050341e-04	   1.8272133e-05	   2.1547874e-03	  -2.0877238e-05	  -9.8780832e-13	   2.2400014e+02	
  -1.3278290e-04	   9.5294510e-06	   1.9813930e-03	  -5.2327950e-05	  -1.7552594e-12	   2.2397576e+02	
   1.0994183e-03	   4.0448275e-05	   5.2817381e-04	   1.5639097e-05	  -9.8780832e-14	   2.2365094e+02	
   5.4578342e-04	   3.8858380e-05	   8.8766425e-04	   3.0961430e-05	  -2.9634250e-13	   2.2394077e+02	
  -4.1377294e-04	  -1.4920287e-06	  -1.9246445e-03	   3.8927551e-05	  -2.7088743e-12	   2.2407574e+02	
   1.1303921e-03	   7.8493406e-05	  -3.0814071e-04	  -5.4814858e-05	  -1.6070882e-12	   2.2405372e+02	
  -2.3267335e-03	   6.5101941e-05	   2.0206579e-05	   4.5252755e-06	  -2.8380493e-12	   2.2411136e+02	
  -1.9644797e-03	   1.2426077e-04	  -4.1571179e-04	   3.5596875e-05	  -1.8654381e-12	   2.2394721e+02	
   1.2852777e-03	   4.6531882e-05	   4.8583149e-04	   1.1860168e-05	  -1.8996314e-13	   2.2368004e+02	
  -6.2479674e-04	  -4.5546646e-05	  -7.7493654e-04	  -2.5040213e-05	  -2.6974766e-13	   2.2393938e+02	
  -1.0534535e-03	  -7.3633319e-05	   2.5248534e-04	   5.5699932e-05	  -1.4969095e-12	   2.2405055e+02	
  -1.0091928e-03	  -1.4504342e-04	  -1.3713286e-03	  -1.3572814e-04	  -3.7384746e-12	   2.2406668e+02	
  -5.1557659e-04	  -1.3682297e-05	  -4.8118894e-04	   4.3100883e-05	  -1.7856535e-12	   2.2406014e+02	
   5.8967241e-04	   7.2764296e-05	   2.0907947e-04	  -2.9381151e-05	  -1.8578394e-12	   2.2406073e+02	
   2.7552056e-03	  -2.7544441e-05	  -3.9037523e-03	   2.0842583e-05	   6.5727246e-13	   2.2363419e+02	
  -1.7629492e-04	   1.7666961e-05	   8.4081015e-04	   8.5030790e-05	  -1.6488800e-12	   2.2405875e+02	
   4.0111114e-04	   8.1401751e-06	  -1.5484271e-03	  -4.8095969e-05	  -1.7476609e-13	   2.2368329e+02	
   8.9598761e-04	  -9.6036335e-05	  -2.0674687e-03	   1.6909536e-04	  -1.8236461e-12	   2.2403124e+02	
   6.2596054e-04	   8.2481315e-05	   2.3482409e-03	   2.1364402e-04	  -3.3509498e-12	   2.2412427e+02	
   5.9141175e-04	   5.1821486e-06	   5.0601448e-04	   2.3853979e-06	  -1.1663737e-12	   2.2412230e+02	
  -2.2010944e-03	  -1.7969031e-04	   1.4331453e-03	   1.5383625e-04	  -3.3547491e-12	   2.2412850e+02	
  -6.3257917e-04	  -7.8199870e-05	  -3.6066302e-04	   1.4444039e-05	  -1.8730365e-12	   2.2406181e+02	
  -8.5775732e-04	   2.4214473e-06	   1.6411906e-03	   6.4630519e-06	  -2.3555429e-12	   2.2410234e+02	
  -5.1180254e-04	  -1.2624278e-05	   6.2100342e-04	   4.1004920e-05	  -2.2795577e-13	   2.2392999e+02	
   8.7814146e-04	   1.3298405e-05	   4.3021318e-03	   2.5140104e-05	   4.7490785e-13	   2.2364705e+02	
  -1.2603111e-04	   2.9280594e-05	   1.0199201e-03	  -2.7813066e-05	  -1.8616388e-12	   2.2404142e+02	
   1.7749148e-03	   5.3383680e-05	   1.3787123e-03	   3.6693893e-05	   5.4709384e-13	   2.2349270e+02	
  -2.0584405e-03	   9.5449262e-05	  -3.5774057e-04	   2.0641681e-05	  -1.7590587e-12	   2.2391002e+02	
  -1.6758211e-03	  -1.1850883e-05	   3.1087374e-03	   3.7181568e-05	   6.2307909e-13	   2.2350131e+02	
   2.2707130e-04	   4.3913781e-05	   1.1377975e-03	   8.4049460e-05	  -1.3487383e-12	   2.2404190e+02	
  -1.0445786e-04	  -9.7863466e-06	  -4.1496509e-04	  -1.4091816e-05	  -3.1913807e-13	   2.2371225e+02	
  -1.5815637e-03	   1.7524818e-05	  -1.3282850e-03	   2.2320707e-05	  -2.5227105e-12	   2.2410030e+02	
   1.3022239e-03	  -2.5019383e-05	   3.7979322e-03	  -1.0854534e-04	   1.2233626e-12	   2.2332966e+02	
  -3.1247452e-06	   2.8769738e-06	  -4.8375934e-05	   6.6115153e-06	  -2.9330309e-12	   2.2434206e+02	
   1.5176654e-03	   1.9128566e-05	   8.9342183e-04	   4.3022256e-07	  -2.5189113e-12	   2.2407760e+02	
  -4.5724965e-04	  -6.1867070e-06	   1.8388807e-04	   6.6852989e-05	  -2.0060107e-12	   2.2406112e+02	
   2.9400128e-03	  -5.5224303e-05	  -3.3600465e-03	   4.8137323e-05	   9.1942159e-13	   2.2346890e+02	
   2.2474612e-03	  -1.5766133e-04	  -2.3079349e-05	  -1.0122771e-05	  -1.7210660e-12	   2.2393535e+02	
   8.5785457e-04	   4.2362678e-05	  -9.3148769e-04	  -8.8645263e-05	  -1.3677346e-12	   2.2404259e+02	
   1.1581511e-04	  -2.0572978e-05	   1.4215995e-05	  -3.2809313e-05	  -3.0242132e-12	   2.2424715e+02	
  -5.5352378e-04	  -6.6490388e-05	  -1.0764900e-03	  -7.1656237e-05	  -1.4209243e-12	   2.2404635e+02	
  -7.5216909e-05	  -3.6112097e-06	   4.8697482e-04	   1.5996972e-05	  -3.3053586e-13	   2.2371415e+02	
  -1.1252158e-03	  -9.5095408e-05	  -2.6223623e-04	   1.1952104e-05	  -1.3259427e-12	   2.2404324e+02	
   2.4468864e-03	   5.6645445e-05	   5.0261306e-04	   5.1156993e-06	   3.4193365e-14	   2.2364660e+02	
  -6.6138195e-05	   2.2681609e-05	   1.0933655e-03	   9.1845721e-05	  -1.2423590e-12	   2.2403926e+02	
   3.8561475e-03	  -1.0046177e-04	  -2.0162048e-03	   3.9545527e-05	   1.0561950e-12	   2.2340225e+02	
  -1.2226153e-03	   3.7515781e-05	  -1.4722893e-03	   5.7892345e-05	  -1.7818542e-12	   2.2401257e+02	
   2.1138915e-04	   5.1901481e-06	   8.0679632e-04	   5.2869643e-06	  -2.3327473e-12	   2.2396435e+02	
  -1.7150396e-04	  -8.1094866e-06	  -4.6624883e-05	   3.4474311e-06	  -4.0272185e-13	   2.2372961e+02	
  -1.5732826e-04	   1.8397795e-07	  -1.3529832e-03	   7.7303473e-06	  -2.1199886e-12	   2.2396085e+02	
  -8.8299810e-04	   2.5277243e-05	   4.3195310e-03	  -7.6118567e-05	   9.6501274e-13	   2.2345135e+02	
   7.6764696e-04	   8.8065911e-05	   5.5806401e-04	   2.3593253e-05	  -1.6982705e-12	   2.2405885e+02	
  -1.9368294e-04	  -4.1570768e-05	  -1.1622155e-03	  -8.8934286e-05	  -1.3563368e-12	   2.2404529e+02	
  -1.4489958e-03	   1.0498936e-05	   4.2389869e-04	  -8.5402193e-07	  -1.9832152e-12	   2.2413926e+02	
  -1.4830054e-04	  -1.2685201e-05	  -1.5499251e-03	   4.5542899e-05	  -1.9110292e-12	   2.2402314e+02	
  -8.6541674e-04	   4.1061431e-05	   4.2819151e-03	  -1.3972184e-04	   1.1055855e-12	   2.2339503e+02	
   9.3547598e-04	   5.0518695e-05	  -7.8921617e-04	  -8.3148183e-05	  -1.8806351e-12	   2.2405703e+02	
  -3.6521396e-05	  -5.7894439e-06	   2.2395168e-04	  -3.3775919e-06	  -5.9268499e-13	   2.2406905e+02	
   2.3241159e-03	  -1.6978494e-04	  -1.2964209e-03	   7.5740091e-05	  -1.5083073e-12	   2.2401607e+02	
   1.2112658e-03	   8.9950406e-05	  -4.7851892e-05	  -3.4502010e-05	  -1.7210660e-12	   2.2405445e+02	
  -1.4309173e-04	  -1.0761739e-04	  -3.2492255e-04	  -5.9171399e-05	  -3.9322370e-12	   2.2414956e+02	
  -4.2730704e-03	   1.1718103e-04	  -7.2506094e-05	   2.1198190e-05	  -4.4071448e-13	   2.2395337e+02	
  -3.1882733e-03	   1.8465312e-05	  -2.2232216e-03	   5.1608959e-05	  -2.0364048e-12	   2.2411371e+02	
   1.8163767e-03	  -4.7984667e-05	   9.0165890e-04	  -3.1743800e-05	  -1.7552594e-12	   2.2398046e+02	
  -2.5530270e-04	  -1.2046066e-05	  -5.5718447e-05	  -6.4778192e-06	  -4.7110858e-13	   2.2405875e+02	
  -4.5607443e-04	  -3.2157978e-05	  -3.7612078e-04	   4.5747797e-05	  -1.8578394e-12	   2.2406095e+02	
  -1.1031295e-03	  -7.0075124e-06	  -1.3414643e-04	  -1.1148408e-07	  -1.4855118e-12	   2.2413459e+02	
   1.3276431e-03	   8.5587618e-05	  -2.3281708e-04	  -4.4318110e-05	  -1.5349022e-12	   2.2404363e+02	
   1.2578819e-03	  -1.4699231e-05	   1.3165733e-03	  -2.2115153e-05	  -2.3403459e-12	   2.2412627e+02	
   4.0645928e-04	  -4.4447271e-05	  -3.6242691e-04	  -2.8924239e-05	  -2.0440034e-12	   2.2405813e+02	
   4.9818418e-05	  -2.2105380e-05	  -1.2239212e-03	  -9.5377517e-05	  -1.4589169e-12	   2.2404930e+02	
   2.1043005e-05	  -2.2327304e-05	  -2.6756887e-04	   1.7133818e-05	  -3.0963992e-12	   2.2424649e+02	
   1.0834218e-03	   9.2751802e-05	   6.2129310e-04	   2.2243280e-05	  -1.5235043e-12	   2.2404625e+02	
   3.5344195e-03	  -3.6504752e-05	   2.3412881e-03	  -3.5019207e-05	   9.3841790e-13	   2.2344182e+02	
   5.5455838e-04	  -2.9254602e-05	  -1.0151499e-04	  -4.1321849e-05	  -1.9148284e-12	   2.2406053e+02	
  -7.9602568e-04	   2.1367906e-05	   1.3646870e-03	  -2.2815642e-05	  -2.5113126e-12	   2.2411208e+02	
   7.7724301e-04	  -5.7301883e-05	  -5.7425452e-04	  -2.7079526e-05	  -3.5143180e-12	   2.2401400e+02	
  -3.5369087e-03	   1.4825009e-04	   2.8227329e-03	  -1.0281010e-04	   1.1283810e-12	   2.2341697e+02	
   6.9783100e-04	  -1.5732540e-05	   1.9752402e-03	  -6.7071161e-05	  -1.5311029e-12	   2.2401006e+02	
  -4.7668933e-04	   3.3403762e-05	   1.8284083e-03	  -6.4784422e-05	  -3.3395520e-12	   2.2401734e+02	
  -6.5701938e-04	  -2.4152257e-05	   9.2097326e-04	   8.9844142e-05	  -1.7666571e-12	   2.2405781e+02	
  -2.5769726e-03	  -4.5735221e-05	  -2.6829687e-03	  -3.4162132e-05	   2.8114544e-13	   2.2364957e+02	
   3.5541725e-04	   2.1870791e-06	  -2.9009623e-04	  -6.1993052e-05	  -7.2565919e-13	   2.2400169e+02	
  -1.1028381e-03	  -7.8124738e-06	  -1.0930637e-03	  -2.8546252e-06	  -1.9300255e-12	   2.2413089e+02	
  -1.0841497e-03	  -9.3862133e-05	  -2.8383675e-04	   1.1218622e-05	  -1.7020697e-12	   2.2405750e+02	
   1.0406372e-04	   1.7927886e-06	  -3.5261528e-04	  -1.0241372e-05	  -3.1153955e-13	   2.2370871e+02	
   5.9256994e-04	  -2.3037181e-05	  -3.9437563e-03	   3.6293698e-05	  -4.9010490e-13	   2.2395648e+02	
   9.6926072e-04	   3.4926044e-06	  -6.7418293e-04	  -1.5121995e-05	  -1.6944712e-12	   2.2414938e+02	
  -3.1513567e-04	   4.9666484e-05	   4.4286000e-04	   8.8243255e-06	  -2.0781968e-12	   2.2405549e+02	
   2.7423858e-04	   1.1813187e-05	   2.7277514e-03	   6.1556987e-05	   1.3297420e-13	   2.2362505e+02	
   4.4030425e-04	   7.8564522e-05	   4.4076360e-04	   1.2953750e-05	  -1.9148284e-12	   2.2406187e+02	
   1.7422031e-03	   3.6842110e-04	  -6.8458298e-03	  -1.4771856e-03	  -1.5463000e-12	   2.2388218e+02	
  -5.2661403e-05	   7.1808328e-06	   1.8820060e-03	  -5.1404260e-05	  -1.8844343e-12	   2.2395642e+02	
  -2.7695641e-03	  -5.3804447e-05	  -2.0374334e-03	  -2.8328211e-05	   2.4695208e-13	   2.2363624e+02	
  -6.9850012e-04	   3.9992418e-05	   1.8360620e-03	  -7.2139579e-05	  -1.8160476e-12	   2.2400147e+02	
   1.8258541e-03	  -5.9520050e-05	  -3.4777064e-03	   4.4026414e-05	  -1.9946129e-12	   2.2410772e+02	
   1.3685000e-03	   7.2421663e-05	  -6.5122080e-04	  -6.4351401e-05	  -1.5045081e-12	   2.2403928e+02	
  -1.2054529e-03	  -3.5883134e-06	  -3.4771119e-04	  -1.9876738e-07	  -1.5387014e-12	   2.2413071e+02	
   9.1591590e-04	  -2.5617961e-06	  -1.0618820e-03	  -3.0816364e-06	  -1.9262263e-12	   2.2399443e+02	
   8.3101102e-04	  -1.5033744e-05	   4.3351799e-03	  -1.3255582e-04	   1.0979869e-12	   2.2341213e+02	
   1.9210311e-03	  -1.2151496e-04	   8.1933289e-04	  -6.4657981e-05	  -1.8464417e-12	   2.2394629e+02	
   3.6996153e-03	   1.8453909e-05	   2.3167441e-04	  -5.8662322e-06	   7.7884887e-13	   2.2346155e+02	
   5.5639156e-04	   4.0296321e-05	  -1.2060101e-04	  -5.5135276e-05	  -7.7504960e-13	   2.2400719e+02	
   5.6156763e-04	   1.2813814e-04	   2.9560878e-04	   7.1617897e-05	  -1.6488800e-12	   2.2440248e+02	
   2.3106803e-03	  -1.5451500e-04	  -2.2523970e-04	   4.7668515e-06	  -1.6602778e-12	   2.2391390e+02	
   6.1439407e-04	   1.2936496e-05	  -1.5353200e-03	  -9.5193974e-05	  -1.4513184e-12	   2.2403447e+02	
  -2.7653647e-03	  -1.7569105e-04	   1.1067514e-03	   1.0421657e-04	  -3.1115962e-12	   2.2411308e+02	
   4.6971713e-04	   1.3263422e-04	   4.2391739e-04	   7.1962217e-05	  -4.2665721e-12	   2.2404357e+02	
   2.2543408e-03	  -6.5538387e-05	   3.4592538e-03	  -1.2321682e-04	   1.2499574e-12	   2.2333178e+02	
  -5.9575721e-04	  -5.9088680e-05	  -1.3596598e-03	  -7.8268518e-05	  -1.4019279e-12	   2.2403623e+02	
   3.6508807e-04	   1.8939317e-05	   1.1633171e-03	  -4.4471065e-05	  -3.4953217e-12	   2.2402277e+02	
  -2.9264922e-05	  -5.7906003e-06	  -3.7197390e-04	   9.9670116e-08	  -1.5956904e-12	   2.2420776e+02	
   2.9229319e-03	   9.4719837e-06	  -7.6777616e-04	  -1.0916506e-05	   8.4343633e-13	   2.2342276e+02	
  -6.4691036e-04	  -1.8192702e-05	   2.8474088e-05	   2.3688865e-05	  -6.5347319e-13	   2.2398950e+02	
  -3.6447975e-03	   2.5777118e-05	   7.7611483e-04	   2.8750314e-05	  -1.9680181e-12	   2.2410787e+02	
   2.5283894e-04	  -7.9150376e-06	  -1.6930299e-03	  -9.5285127e-05	  -1.3525375e-12	   2.2402961e+02	
  -2.1930141e-03	   1.6346353e-04	  -6.8711431e-04	   5.7287196e-05	  -1.6906719e-12	   2.2392458e+02	
   1.3068115e-03	   9.2094347e-05	   7.6533637e-04	   2.6669989e-05	  -1.4817125e-12	   2.2403774e+02	
  -1.3007453e-03	  -1.1236203e-04	   3.2082462e-03	   3.4796268e-04	   2.4695208e-13	   2.2416016e+02	
  -1.1461738e-03	  -9.4423604e-05	  -6.5019769e-04	  -2.1218984e-05	  -1.7856535e-12	   2.2405167e+02	
   1.5205192e-03	   5.5683443e-05	   9.0095556e-04	   2.9316853e-05	   5.5469236e-13	   2.2348399e+02	
  -4.7695397e-04	  -7.6771365e-06	   1.3916355e-03	   9.8268369e-05	  -1.1701729e-12	   2.2402404e+02	
   4.6681968e-04	  -1.6160276e-05	   2.6386743e-03	  -1.6572678e-04	  -1.5007088e-12	   2.2400488e+02	
  -1.1524015e-03	  -6.4266968e-06	   3.2571080e-04	   1.7173165e-06	  -1.6374823e-12	   2.2415429e+02	
  -1.6517650e-03	   1.3375013e-04	   1.4353123e-03	  -1.0169380e-04	  -1.7590587e-12	   2.2393012e+02	
  -4.3011293e-03	   7.7033158e-05	   1.3509597e-04	   8.7678786e-06	   1.0220016e-12	   2.2342470e+02	
  -2.5186132e-04	  -9.4654059e-06	  -1.5292609e-03	   4.6203334e-05	  -1.8008505e-12	   2.2402983e+02	
   4.3882677e-03	  -2.0946621e-04	   9.0129203e-04	  -5.6732207e-05	   1.1891692e-12	   2.2339759e+02	
  -7.1899793e-04	   1.8614129e-05	  -1.9212655e-03	   7.4319118e-05	  -1.6336830e-12	   2.2401596e+02	
  -7.7366917e-04	   1.7265616e-05	  -4.4055120e-03	   1.5923761e-04	   1.1359796e-12	   2.2340693e+02	
   1.2851409e-03	   9.1294319e-05	  -6.1722636e-05	  -3.4350117e-05	  -1.9186276e-12	   2.2405235e+02	
   7.3294350e-04	   3.0396729e-06	  -1.2876165e-03	  -1.0846300e-04	  -2.3859370e-12	   2.2401707e+02	
  -1.1231257e-03	   2.0779588e-05	  -1.0234974e-03	   4.1700054e-05	  -3.6055003e-12	   2.2403032e+02	
  -1.8033435e-04	  -2.4224923e-05	  -9.2282989e-04	  -3.5765244e-05	  -7.8264813e-13	   2.2400114e+02	
   3.3765377e-04	   4.4488473e-05	   1.3912181e-03	   8.3748141e-05	  -1.6526793e-12	   2.2404506e+02	
  -3.7830183e-03	   1.6085594e-04	   2.3993924e-03	  -8.7716014e-05	   1.1625744e-12	   2.2340425e+02	
  -8.2419879e-04	  -5.8250915e-07	   4.3704028e-04	   1.4455881e-06	  -2.3289480e-12	   2.2394288e+02	
  -1.7794830e-03	  -1.9131529e-05	   3.2193854e-03	   5.0839254e-05	   3.8752480e-13	   2.2359939e+02	
  -1.4196715e-03	  -8.1681169e-05	   3.3215250e-04	   4.9479581e-05	  -1.6412815e-12	   2.2404300e+02	
   2.0368547e-03	   8.4609133e-05	   6.0630961e-05	  -4.1406749e-05	  -2.1959739e-12	   2.2400539e+02	
   7.9819077e-04	   1.6317597e-05	   1.6527528e-03	   8.5675665e-06	   2.0971930e-12	   2.2310825e+02	
  -1.3538942e-03	   3.9630618e-05	  -1.1367177e-03	   4.5812680e-05	  -1.7628579e-12	   2.2402220e+02	
   1.6676350e-03	   8.9015147e-05	  -1.4385677e-04	  -3.2894777e-05	  -1.6336830e-12	   2.2403885e+02	
  -1.6132398e-03	  -7.8523076e-05	   5.8317526e-04	   5.5735475e-05	  -1.2043662e-12	   2.2402057e+02	
   4.0238216e-03	  -1.5023761e-04	   6.7874632e-04	  -3.8633168e-05	   1.3145449e-12	   2.2331037e+02	
   1.5129705e-04	   2.9288170e-05	   6.8881138e-04	   1.5592415e-05	  -7.4845476e-13	   2.2399983e+02	
   2.2492894e-04	   6.2927565e-05	   1.1950012e-03	   2.0682011e-04	  -4.0652112e-12	   2.2414934e+02	
   1.8642993e-03	   2.8891703e-05	   1.9938090e-03	   7.2413646e-07	  -1.6488800e-12	   2.2399010e+02	
  -2.2003741e-04	   1.3290032e-05	   3.3814242e-03	  -4.2062272e-05	   1.2499574e-12	   2.2329712e+02	
  -5.7074687e-04	  -1.3824258e-05	  -1.2012570e-04	   2.7444169e-05	  -7.0666287e-13	   2.2399926e+02	
   1.3560395e-04	   3.3756213e-06	   1.9487345e-03	  -1.6847216e-05	  -2.5265097e-12	   2.2409506e+02	
  -2.3036616e-03	   1.7532786e-04	  -4.2663181e-05	   1.0026527e-05	  -1.6868727e-12	   2.2392181e+02	
   4.3857780e-03	  -2.1252682e-04	  -1.0368179e-03	   3.6613363e-05	   1.1815708e-12	   2.2340258e+02	
   2.2080791e-03	  -2.1393043e-04	   5.5536195e-04	  -7.6305741e-05	  -1.8768358e-12	   2.2399429e+02	
  -7.0000491e-04	   1.0748413e-05	  -1.5533357e-03	   5.4835803e-05	  -1.7818542e-12	   2.2402515e+02	
   1.7999950e-04	  -5.7943897e-06	  -1.2164233e-04	  -6.9579442e-06	  -9.3081938e-13	   2.2408903e+02	
  -8.2300319e-04	   1.0067347e-04	   2.3690739e-03	  -2.3759736e-04	  -1.7096682e-12	   2.2398830e+02	
   3.7565906e-04	   3.9992859e-05	   3.3410898e-04	  -2.4111415e-05	  -7.9784518e-13	   2.2400981e+02	
  -1.8159825e-03	   3.1444671e-05	   2.8853434e-03	  -2.8202996e-05	   1.2309611e-12	   2.2330464e+02	
   4.3448647e-04	   6.2665742e-06	   4.5399731e-06	  -3.5004553e-05	  -7.0666287e-13	   2.2399709e+02	
   5.1857532e-04	   1.6296060e-05	   2.5872206e-03	   6.0683322e-05	   4.9010490e-13	   2.2350939e+02	
   6.8105780e-04	   5.2931363e-05	   1.6588340e-03	   7.5326569e-05	  -1.2727531e-12	   2.2402098e+02	
  -6.8291022e-04	   7.3054813e-06	   3.7031271e-03	  -4.2195056e-07	   9.1942159e-13	   2.2342295e+02	
  -3.1879562e-04	  -6.9264260e-05	  -4.8688964e-04	   4.9238822e-06	  -2.0857952e-12	   2.2405967e+02	
  -1.3367410e-03	   3.3417252e-05	  -1.0859399e-03	   4.4795541e-05	  -3.4763255e-12	   2.2403435e+02	
  -4.0835629e-04	   2.9822071e-06	   1.0108697e-03	  -1.4611133e-06	  -2.2871562e-12	   2.2394173e+02	
  -2.4304180e-04	  -4.1521524e-06	  -1.9530483e-03	   2.3235022e-05	  -2.6138928e-12	   2.2416099e+02	
   9.3982908e-05	  -2.0698723e-05	  -7.5335884e-04	   1.5357239e-05	  -3.7802665e-12	   2.2414766e+02	
   2.4964782e-03	   1.0424898e-05	  -2.5662786e-03	  -1.9771152e-05	   8.0544371e-13	   2.2345119e+02	
   1.5998643e-04	  -9.2123563e-06	  -7.9582633e-04	  -3.6726038e-05	  -1.0068046e-12	   2.2402005e+02	
   4.3985635e-03	  -3.8963483e-05	  -1.5370706e-03	   3.2773921e-06	   6.9526509e-13	   2.2357284e+02	
  -1.7848775e-03	  -8.9087817e-05	  -6.8661043e-04	  -1.0560868e-05	  -1.3601361e-12	   2.2402183e+02	
  -2.1448222e-04	  -6.4375448e-06	   5.4588585e-04	   1.9351952e-05	  -1.8996314e-13	   2.2368026e+02	
  -2.1755758e-03	   9.2114807e-05	  -5.8535903e-05	   7.2887046e-06	  -1.7286646e-12	   2.2397539e+02	
   1.8551299e-03	  -3.5281656e-05	  -3.7765534e-04	  -1.3888585e-06	  -2.3023532e-12	   2.2412705e+02	
  -1.3270882e-03	  -1.5633108e-04	   1.2637206e-03	   1.9147929e-04	  -3.7346753e-12	   2.2416134e+02	
   1.8954801e-03	  -6.0335277e-05	  -6.0000406e-04	   1.1231473e-05	  -1.8692373e-12	   2.2395948e+02	
  -2.2424986e-05	  -1.4599069e-05	  -1.4415999e-04	   7.1123115e-06	  -3.0432094e-12	   2.2426062e+02	
   1.1581499e-03	   1.1776867e-05	  -9.9164442e-04	  -2.6985684e-05	  -1.2233626e-12	   2.2401885e+02	
  -1.0350598e-03	  -4.0453131e-06	   5.2643082e-05	   4.3461066e-08	  -3.1989792e-12	   2.2418087e+02	
  -1.8596131e-03	  -8.5992043e-05	   1.0073502e-04	   2.8916031e-05	  -1.3335413e-12	   2.2402265e+02	
   2.2522425e-03	  -1.2474084e-04	  -2.4572340e-04	  -2.7895213e-06	  -3.1191947e-12	   2.2398590e+02	
   6.1316354e-05	  -1.7107201e-05	  -8.0610142e-04	  -3.1794972e-05	  -9.7641048e-13	   2.2401873e+02	
  -2.4705472e-04	   3.2498123e-06	   6.8858675e-06	   1.0504264e-04	  -4.3235610e-12	   2.2404416e+02	
   1.7466038e-03	   6.1001328e-05	  -9.7208575e-04	  -6.0712040e-05	  -1.4779132e-12	   2.2402400e+02	
  -1.7597369e-05	   2.5332346e-05	   1.3388414e-03	   9.1524269e-05	  -1.7172668e-12	   2.2404713e+02	
   1.4491486e-03	   4.1384680e-05	  -1.3514093e-03	  -4.3653299e-05	   2.7354692e-13	   2.2355808e+02	
  -1.6568097e-04	  -2.8724163e-05	  -1.7936694e-03	  -8.8324022e-05	  -1.3829316e-12	   2.2402899e+02	
  -9.9490202e-05	  -8.2020068e-06	  -6.2365958e-04	  -9.9204313e-06	  -1.1625744e-12	   2.2411836e+02	
   7.3361852e-04	  -3.4811331e-05	  -2.4199330e-03	   7.9012082e-05	  -1.5387014e-12	   2.2400365e+02	
  -3.9237387e-04	  -1.6807519e-05	  -1.0641312e-03	  -4.0550463e-05	   4.5591153e-14	   2.2362329e+02	
  -4.9498285e-04	   3.2247867e-05	   2.1569780e-03	  -1.0308459e-04	  -1.7400623e-12	   2.2396891e+02	
   2.3511046e-03	  -1.0664963e-04	  -2.8065122e-03	   1.1271129e-04	   1.6336830e-12	   2.2320557e+02	
  -1.1773507e-03	   1.0418082e-04	  -1.6322269e-03	   1.7546683e-04	  -2.0402041e-12	   2.2397736e+02	
   2.7654118e-04	  -9.2104736e-06	  -2.0610239e-03	  -8.2464126e-05	  -1.5728948e-12	   2.2402791e+02	
  -2.0685543e-03	   3.2814533e-05	  -6.5750816e-04	   1.7309036e-05	  -2.6062943e-12	   2.2405995e+02	
  -1.9838640e-03	  -8.5715913e-05	  -2.2433822e-04	   1.3224703e-05	  -1.3981287e-12	   2.2402120e+02	
   2.6168990e-04	   1.0781020e-05	  -4.8708220e-04	  -2.2594538e-05	   3.6852849e-13	   2.2354605e+02	
  -2.0938564e-03	  -8.5616843e-05	  -3.9306832e-05	   2.0664220e-05	  -1.2195633e-12	   2.2401400e+02	
   1.9586126e-04	  -1.2227353e-05	  -2.0335827e-03	  -8.3211178e-05	  -1.6412815e-12	   2.2402928e+02	
  -3.1412232e-03	  -8.9885357e-05	  -1.4809533e-03	  -7.9785155e-06	  -2.4163311e-12	   2.2411042e+02	
   1.4748196e-03	   9.6408873e-05	   2.6301284e-04	  -9.0086447e-06	  -1.7628579e-12	   2.2404525e+02	
   2.1010349e-04	   1.8623337e-05	  -6.5794715e-04	  -1.6021636e-04	  -3.9626311e-12	   2.2414803e+02	
   1.7745988e-03	   8.1906442e-05	  -3.5806147e-04	  -4.1667308e-05	  -1.7932520e-12	   2.2403554e+02	
   1.1267806e-03	  -2.0634089e-05	  -8.3079034e-04	  -9.6660029e-06	  -3.7764672e-12	   2.2407582e+02	
   1.9499074e-04	   3.4283444e-05	   1.5871618e-03	   8.7731917e-05	  -1.6374823e-12	   2.2404028e+02	
   3.2086175e-03	  -8.5119488e-05	  -1.7119615e-03	   3.4256095e-05	   1.3525375e-12	   2.2327370e+02	
   1.4382611e-03	   3.9085565e-05	  -1.5349013e-03	  -7.4159908e-05	  -1.3905302e-12	   2.2402175e+02	
  -4.1699735e-03	   1.1536097e-04	   1.0758037e-03	  -1.8127448e-05	   1.1397788e-12	   2.2339070e+02	
  -4.1390899e-04	  -8.2350284e-07	   4.3205782e-04	   7.6009687e-05	  -1.9376240e-12	   2.2406363e+02	
  -3.6597362e-03	   2.8637542e-04	   5.9846773e-04	  -3.5182589e-05	   1.7362630e-12	   2.2318452e+02	
   1.4129100e-03	  -1.1748556e-04	   1.3234023e-03	  -1.4597124e-04	  -2.0857952e-12	   2.2397509e+02	
   1.1080554e-04	   5.0218181e-07	   1.0582525e-03	  -9.0001235e-07	  -1.7248653e-12	   2.2414011e+02	
   3.6645901e-04	  -8.6271710e-06	  -1.5522132e-03	   2.8985291e-05	  -2.1009923e-12	   2.2393098e+02	
  -1.0721790e-04	  -3.6302034e-06	   5.5244203e-04	   2.6778931e-05	   3.4953217e-13	   2.2354793e+02	
   2.0429547e-04	  -2.2953104e-05	  -5.8140361e-04	  -2.5967421e-05	  -8.9662601e-13	   2.2401527e+02	
  -3.5506448e-03	   7.7952730e-05	  -5.5515454e-04	   2.4475562e-05	   1.3297420e-12	   2.2327884e+02	
  -8.9133120e-04	  -1.3327671e-05	   2.1014164e-03	   8.2561505e-05	  -1.0979869e-12	   2.2400754e+02	
   3.6128352e-06	  -1.0438397e-05	  -2.1264452e-03	   5.3771439e-05	  -2.7202721e-12	   2.2403472e+02	
  -1.8749686e-03	   2.7183543e-05	  -1.1428502e-03	   2.1847837e-05	  -2.4391267e-12	   2.2412173e+02	
   3.5525387e-03	  -3.4568361e-04	   4.4763545e-04	  -6.0624321e-05	   1.8464417e-12	   2.2314739e+02	
  -8.5447065e-04	   2.3639740e-05	  -1.9403606e-04	   2.8940429e-05	  -1.9908137e-12	   2.2404975e+02	
  -1.5054912e-03	  -2.6383123e-05	  -7.1965770e-04	  -5.5824544e-06	  -2.6936772e-12	   2.2403803e+02	
  -1.3714663e-03	   2.1163393e-05	   1.3047341e-03	  -1.0807437e-05	  -3.4535298e-12	   2.2408554e+02	
   1.6275213e-03	  -5.3297727e-05	  -3.7865613e-03	   7.6359646e-05	  -5.3569605e-13	   2.2396186e+02	
   1.5624629e-03	   5.4904679e-05	   4.9403745e-04	   1.3772477e-05	   2.0516019e-13	   2.2357515e+02	
   9.5683874e-04	  -1.0716016e-04	  -1.5508758e-03	   1.0989308e-04	  -2.1731783e-12	   2.2397529e+02	
   2.5926729e-04	   1.2385298e-05	   2.9356691e-03	   1.1511019e-05	   8.8902749e-13	   2.2341882e+02	
  -3.5834643e-04	   1.6111700e-05	  -2.1042224e-03	   1.1506871e-04	  -1.7248653e-12	   2.2387758e+02	
   2.0802389e-03	   8.0165347e-06	  -1.9343539e-03	  -1.7771299e-05	   8.0544371e-13	   2.2343630e+02	
   1.1651346e-03	   2.2467200e-05	  -1.9541115e-03	  -7.7935570e-05	  -1.2499574e-12	   2.2401594e+02	
   1.6749388e-04	  -3.5285744e-06	  -4.3319908e-04	  -9.6182608e-06	  -8.5103486e-13	   2.2408885e+02	
   2.1991959e-03	   6.3672746e-05	  -6.5519181e-04	  -4.1902380e-05	  -1.3297420e-12	   2.2401785e+02	
  -1.0709925e-03	  -4.3511783e-05	  -7.1954155e-04	  -2.3078544e-05	  -3.7992628e-14	   2.2364221e+02	
   2.0438327e-03	   3.0388123e-06	   3.2978442e-03	  -2.7793570e-05	  -4.9770342e-13	   2.2395946e+02	
  -2.8277865e-03	  -7.4499480e-04	   5.5071803e-03	   1.4697331e-03	  -1.5842925e-12	   2.2382744e+02	
  -1.1296333e-03	  -4.5168813e-05	   1.1276479e-03	   8.3178630e-05	  -1.6450807e-12	   2.2404097e+02	
   6.2451884e-03	   1.5189303e-03	  -2.9658229e-03	  -7.1755987e-04	  -1.3221434e-12	   2.2385378e+02	
   5.3180058e-04	  -3.1750525e-05	  -1.9725432e-03	   7.1399698e-05	  -1.7248653e-12	   2.2401368e+02	
  -1.7413669e-03	   5.2143290e-05	   1.4034406e-03	  -3.3476322e-05	  -3.0660051e-12	   2.2409989e+02	
   1.3597139e-03	   1.4401145e-05	   1.0447561e-03	  -6.9611747e-06	  -1.4893110e-12	   2.2402302e+02	
   3.4611956e-04	   1.2594906e-05	   5.0630252e-04	   1.7724227e-05	  -1.6336830e-13	   2.2367652e+02	
   5.6090699e-05	   6.2199689e-06	   2.1463918e-03	  -8.9980198e-05	  -1.6868727e-12	   2.2399961e+02	
  -3.2759211e-04	   8.9851130e-06	   8.8380649e-04	   1.4715872e-04	  -3.4345335e-12	   2.2406525e+02	
  -2.3349604e-03	   2.1923682e-05	   1.7674070e-03	   2.9687625e-05	  -1.7324638e-12	   2.2398204e+02	
  -1.6741199e-03	  -3.1224204e-05	   1.8730537e-03	   6.5341852e-05	  -1.0789906e-12	   2.2400036e+02	
  -7.7578268e-04	   1.7067801e-05	  -3.7010769e-03	   1.2592678e-04	   1.4133257e-12	   2.2326049e+02	
   9.2322984e-04	   7.5464656e-06	  -2.2862119e-03	  -7.1064308e-05	  -1.2005670e-12	   2.2400928e+02	
   8.1581862e-04	   3.3420952e-05	  -8.5272626e-04	  -3.8175587e-05	   5.9648425e-13	   2.2348928e+02	
  -1.2530455e-03	   5.6837463e-06	  -1.7110991e-03	   2.1633787e-05	  -1.6260845e-12	   2.2401439e+02	
   7.3663988e-04	  -3.7687626e-05	  -1.3298061e-03	   2.6866883e-05	  -1.8920329e-12	   2.2402975e+02	
  -9.8697207e-04	   4.1529421e-05	   7.3737389e-04	  -7.5334570e-06	  -2.0971930e-12	   2.2402106e+02	
   2.6417669e-03	  -4.2551414e-05	  -2.7160475e-03	  -2.4757751e-06	  -1.9528211e-12	   2.2410373e+02	
   1.8481321e-03	   6.9159612e-05	   1.3605473e-03	   2.6555956e-05	  -1.3297420e-12	   2.2401785e+02	
  -2.2781973e-04	  -6.2995367e-06	   1.3529449e-03	   5.6621930e-05	   6.6487098e-13	   2.2346051e+02	
   5.2418542e-04	   3.9330630e-05	  -4.0162901e-05	  -6.2412460e-05	  -2.0857952e-12	   2.2406063e+02	
   1.3178495e-04	   4.5884398e-07	   1.9904896e-04	  -6.8843943e-06	  -9.7261127e-13	   2.2409991e+02	
  -1.3688128e-03	   4.1212309e-05	  -1.1646552e-03	   4.7301767e-05	  -1.8274453e-12	   2.2401936e+02	
   1.8598435e-03	  -1.3855047e-04	   1.8977282e-03	  -1.6012972e-04	  -2.5986957e-12	   2.2398298e+02	
  -1.3852556e-03	  -3.0645099e-05	   1.8910644e-03	   7.6353978e-05	  -1.0675928e-12	   2.2400502e+02	
  -6.3594879e-05	  -2.5382452e-05	  -5.1601009e-04	   4.4962772e-05	  -3.8942443e-12	   2.2414273e+02	
   1.7520684e-04	   3.5631457e-05	   1.4154571e-03	   8.9336469e-05	  -1.9262263e-12	   2.2404705e+02	
  -3.7055901e-03	   3.3410594e-05	  -1.1456950e-03	   2.0433376e-05	   1.0751914e-12	   2.2338342e+02	
   3.4706262e-04	   2.9231139e-05	   2.2711674e-03	   6.4727503e-05	  -1.3791324e-12	   2.2401885e+02	
  -3.3023501e-03	   1.3634813e-04	  -2.7261592e-03	   1.2704955e-04	   1.2803515e-12	   2.2335119e+02	
   8.3853775e-04	   5.8289138e-05	  -4.5691111e-04	  -7.3794546e-05	  -2.0022115e-12	   2.2406136e+02	
   9.2370667e-04	   3.5586964e-05	  -6.5125574e-04	  -2.9792167e-05	  -7.9784518e-14	   2.2366501e+02	
   5.6947936e-04	  -7.0576069e-06	   1.5063899e-03	  -5.8892090e-05	  -2.0326056e-12	   2.2400621e+02	
  -2.2405802e-06	   2.6039418e-05	   9.7055588e-04	   1.9838011e-04	  -4.1297987e-12	   2.2415504e+02	
  -5.7266078e-04	  -9.3726356e-06	   1.4763735e-03	   9.4169902e-05	  -1.8768358e-12	   2.2404327e+02	
   4.3000120e-03	   1.0973055e-04	   1.0639718e-03	  -2.7954771e-06	  -2.4999149e-12	   2.2432833e+02	
   6.8271057e-04	  -3.0725833e-06	   1.7650353e-03	  -2.4029917e-05	  -2.3935355e-12	   2.2415371e+02	
   8.1755885e-04	   2.1597845e-06	   1.6265848e-03	  -5.1252023e-06	  -2.4733201e-12	   2.2409828e+02	
  -8.3399183e-04	  -3.9637968e-05	  -2.3287990e-03	  -5.7644409e-05	  -1.2195633e-12	   2.2400993e+02	
   2.9428661e-03	   9.3002911e-06	  -3.3056396e-04	  -9.4412931e-06	   9.0422454e-13	   2.2340914e+02	
  -2.2505729e-03	  -6.7435542e-05	  -1.0977907e-03	  -1.1562433e-05	  -1.2005670e-12	   2.2400672e+02	
  -5.8232843e-04	  -1.5958413e-05	  -3.3393085e-05	   3.4986472e-06	  -1.1815708e-12	   2.2411345e+02	
   3.8977743e-04	   3.0139662e-05	   2.3437952e-03	   6.9324952e-05	  -1.1587751e-12	   2.2400889e+02	
  -6.7681909e-06	   5.4894042e-05	   4.9962549e-04	  -1.2176493e-05	  -2.0895945e-12	   2.2405877e+02	
  -7.6227522e-04	   4.7716590e-05	   4.1559603e-03	  -1.9945084e-04	   1.3259427e-12	   2.2333616e+02	
   1.2584752e-03	   7.7859205e-05	  -4.9155359e-04	  -6.1528460e-05	  -1.8958322e-12	   2.2405190e+02	
   2.0928913e-04	   5.4953959e-05	   3.7185336e-04	   1.0023139e-04	  -3.3053586e-13	   2.2427050e+02	
   4.5443148e-04	   2.9026090e-05	   2.5280868e-03	   5.7374526e-05	  -1.1549759e-12	   2.2400343e+02	
  -3.7218261e-03	   1.7228510e-04	   1.5307551e-03	  -4.7719522e-05	  -7.7504960e-13	   2.2394783e+02	
   2.3075738e-03	  -1.5112436e-04	  -1.3780529e-03	   7.3052534e-05	  -1.5956904e-12	   2.2397226e+02	
   3.6387908e-03	  -1.3750018e-04	  -1.4426128e-04	  -6.5558175e-06	   1.5121066e-12	   2.2322763e+02	
  -6.0951452e-04	   8.5435794e-07	  -4.4895833e-04	   4.1287340e-05	  -2.0250070e-12	   2.2405830e+02	
   2.6308924e-03	  -1.1936043e-04	  -2.6542548e-03	   1.0536289e-04	   1.5159059e-12	   2.2322962e+02	
  -6.5779104e-04	  -1.9028827e-06	  -3.7727163e-04	  -8.5901369e-07	  -2.4239296e-12	   2.2391871e+02	
  -1.6101348e-04	   9.6668207e-07	  -1.3130481e-04	  -4.8057268e-06	  -2.4239296e-12	   2.2423535e+02	
  -8.5679195e-04	  -3.4103693e-05	   1.3026572e-03	   9.4879446e-05	  -9.5741422e-13	   2.2401494e+02	
   1.7521831e-03	   2.5740596e-04	  -4.9624262e-04	  -8.6815534e-05	  -3.6966826e-12	   2.2422840e+02	
   4.5810646e-05	   5.4059057e-06	   1.5904055e-03	   5.4933184e-05	   2.6594839e-14	   2.2362844e+02	
   2.0561263e-03	  -2.1921603e-04	   2.6448387e-04	  -5.4274840e-05	  -2.0288063e-12	   2.2395732e+02	
  -1.3529048e-03	   2.7705905e-05	  -1.0513244e-03	   3.6824013e-05	  -3.5523107e-12	   2.2404416e+02	
   3.4829736e-05	   1.9869232e-05	   9.1318569e-04	   1.8676969e-05	  -1.4057272e-12	   2.2404887e+02	
   6.2543158e-04	  -2.4056445e-05	   3.5923525e-04	  -4.1120356e-05	  -2.2719591e-12	   2.2413568e+02	
  -1.3857697e-03	  -4.8511923e-05	  -2.1624354e-03	  -4.2521283e-05	  -1.2043662e-12	   2.2400539e+02	
   1.6656990e-03	  -2.1789997e-05	   7.4790790e-04	  -2.4785888e-05	  -3.5181173e-12	   2.2406300e+02	
   1.3805353e-03	   4.5747595e-05	   2.1117420e-03	   3.5434960e-05	  -1.3867309e-12	   2.2401243e+02	
   1.8849809e-03	  -5.4637548e-05	   3.0027466e-03	  -1.0864443e-04	   1.5083073e-12	   2.2322550e+02	
   1.7868100e-03	  -2.0823868e-04	  -2.0186932e-03	   2.0920423e-04	  -1.5842925e-12	   2.2393985e+02	
   6.4391934e-04	  -9.7079099e-08	   1.1891084e-03	  -2.2922051e-05	  -2.6594839e-12	   2.2408934e+02	
   1.0127356e-03	  -3.3996314e-05	   1.3800719e-04	  -2.8640557e-05	  -2.3327473e-12	   2.2399930e+02	
   7.7557475e-04	   1.8211801e-05	  -2.1002214e-03	  -5.8136671e-05	   4.7490785e-13	   2.2351352e+02	
  -2.1304967e-06	   4.8740586e-05	   5.6925396e-04	  -1.9118168e-05	  -2.1085909e-12	   2.2405695e+02	
  -1.2480346e-03	   5.4590827e-05	  -4.0366477e-03	   2.1272034e-04	   1.3715338e-12	   2.2332160e+02	
   1.1156034e-03	  -2.3351115e-05	   9.4184174e-04	  -4.0049371e-05	  -1.9718174e-12	   2.2402558e+02	
  -5.1758952e-04	  -1.0387884e-05	   2.7738786e-04	   2.3343418e-06	  -9.4981569e-13	   2.2412555e+02	
  -1.8507047e-03	  -1.0005776e-04	   1.6753314e-05	   2.3929425e-05	  -9.1182306e-13	   2.2400519e+02	
   1.1097741e-03	   8.0848328e-05	  -2.5312462e-04	  -4.8902167e-05	  -1.1169833e-12	   2.2403965e+02	
  -5.5667209e-04	  -1.8905001e-05	   5.1358896e-04	   2.2497849e-05	  -4.1791890e-14	   2.2364534e+02	
   5.2601417e-06	   2.3336933e-05	   1.6386751e-03	   9.1510176e-05	  -1.8806351e-12	   2.2404224e+02	
  -3.7750933e-03	  -3.8154597e-05	  -2.9474077e-04	   6.7587250e-06	   5.5849163e-13	   2.2354712e+02	
   5.1243630e-04	   4.7658833e-05	   8.5580512e-04	  -5.5088845e-05	  -2.6062943e-12	   2.2397337e+02	
   3.1466561e-03	   1.1039749e-04	  -9.5792540e-04	  -6.2112763e-05	  -2.6176920e-12	   2.2410253e+02	
   3.0182566e-04	   2.9151719e-06	  -4.4739989e-04	  -5.5228334e-06	  -2.4961156e-12	   2.2393357e+02	
   3.7393236e-04	   1.0420992e-04	   6.2205377e-03	   1.6466635e-03	  -8.5103486e-13	   2.2379492e+02	
  -2.3590973e-03	  -6.0170815e-05	  -1.0674607e-04	   1.9543999e-05	  -1.8236461e-12	   2.2401147e+02	
  -1.9902787e-03	   4.8123043e-05	   9.3038290e-04	  -1.6734900e-05	  -2.9634250e-12	   2.2411967e+02	
   5.1315219e-04	   2.8093563e-05	   2.5644352e-03	   4.6091699e-05	  -1.2993479e-12	   2.2400903e+02	
   1.3684681e-03	   5.0451960e-05	  -3.3611917e-04	  -1.5996985e-05	   1.7856535e-13	   2.2358415e+02	
   1.2070102e-03	   7.8998118e-05	  -4.3570523e-04	  -6.0316540e-05	  -1.9376240e-12	   2.2405547e+02	
  -3.7917060e-03	   2.0377153e-04	   3.1710821e-04	  -3.3929287e-06	   1.5538984e-12	   2.2322761e+02	
   5.3796244e-04	   1.3671536e-05	   3.7946411e-03	  -2.5422625e-05	  -5.3569605e-13	   2.2396406e+02	
  -2.4339634e-04	  -1.1278513e-04	  -6.3410354e-04	  -5.0441214e-05	  -3.5599092e-12	   2.2405353e+02	
   2.9577803e-03	   2.9988195e-04	   5.0387761e-04	   3.2854769e-05	  -1.9224270e-12	   2.2437590e+02	
   2.5439330e-04	   3.6748226e-06	   6.0372314e-04	  -5.0478584e-05	  -2.2035724e-12	   2.2413893e+02	
  -2.1265026e-03	   1.5977447e-04	   3.9642340e-04	  -2.0915991e-05	  -1.8464417e-12	   2.2394132e+02	
  -1.1383804e-03	  -1.4932300e-04	  -1.1833323e-03	  -9.3246739e-05	  -3.3205557e-12	   2.2406740e+02	
   3.1475710e-05	  -5.0715905e-05	  -1.4050983e-03	   6.2378540e-05	  -2.4619223e-12	   2.2396361e+02	
  -5.6766575e-05	  -2.0745091e-06	   1.9415612e-04	  -2.5050727e-06	  -5.1669974e-13	   2.2407235e+02	
  -1.5148272e-03	   5.3295081e-05	  -8.5400039e-04	   3.2565113e-05	  -1.9870145e-12	   2.2388967e+02	
   1.5236639e-05	   3.1393528e-05	   5.8169297e-04	  -5.3037294e-05	  -3.9474341e-12	   2.2407684e+02	
   2.2640113e-03	  -1.7071996e-04	  -2.9763143e-04	   1.0354319e-05	  -1.7780550e-12	   2.2393010e+02	
  -2.6594085e-03	  -1.9040216e-04	   8.6051895e-04	   9.5238951e-05	  -3.2065778e-12	   2.2411042e+02	
  -4.6640500e-04	  -5.8935005e-05	  -1.0877747e-03	  -7.7267463e-05	  -1.1359796e-12	   2.2404042e+02	
  -1.1905927e-03	   6.2923796e-05	  -1.9597090e-03	   1.1167749e-04	  -1.7666571e-12	   2.2394826e+02	
  -9.6568233e-04	   4.4816171e-05	   1.1365172e-03	  -2.7531516e-05	  -2.0857952e-12	   2.2401051e+02	
  -1.0131985e-03	  -3.5152679e-05	   1.0711300e-03	   4.3710278e-05	   2.5834987e-13	   2.2356315e+02	
  -2.6550838e-04	  -1.4083976e-05	  -5.0579173e-04	  -1.9951890e-05	   1.4057272e-13	   2.2392940e+02	
  -6.7059218e-04	  -1.7177749e-05	   1.8084892e-03	   5.8107251e-05	   8.7003117e-13	   2.2340548e+02	
  -2.7393729e-03	   8.5614896e-05	   3.1058764e-03	  -6.7643364e-05	  -5.0530195e-13	   2.2396429e+02	
  -2.1123375e-04	  -5.8870517e-06	  -2.4013746e-04	  -7.5330204e-06	  -1.5197051e-13	   2.2367039e+02	
   2.0804189e-03	   4.5058224e-05	   1.7773260e-03	   1.3529643e-05	  -1.2499574e-12	   2.2400521e+02	
  -2.6272485e-03	  -5.0108555e-05	  -8.5866192e-04	   3.8692672e-06	  -1.1739721e-12	   2.2400134e+02	
  -9.7126416e-04	  -7.2216834e-06	  -2.7806432e-03	   8.1021945e-07	   1.0865891e-12	   2.2334878e+02	
   8.3194547e-04	  -1.1493278e-05	  -9.1789515e-04	   9.1872111e-06	  -2.2605614e-12	   2.2389938e+02	
  -6.8224384e-04	   2.0265913e-05	   3.7535342e-03	  -6.6411952e-05	   1.2613552e-12	   2.2332538e+02	
   1.8960888e-03	  -1.3454500e-04	  -9.9992932e-04	   5.4983359e-05	  -1.8882335e-12	   2.2394924e+02	
   4.4568078e-04	   1.8000622e-05	  -4.3119823e-04	  -2.2484007e-05	  -1.4437198e-13	   2.2367945e+02	
  -2.4739012e-03	  -5.4273659e-05	  -8.0867999e-04	   3.0392964e-06	  -1.3867309e-12	   2.2401141e+02	
  -1.2541612e-03	   6.9372099e-05	  -3.7410442e-03	   2.4302604e-04	   1.5425007e-12	   2.2324373e+02	
  -5.2909575e-04	  -6.3835544e-06	  -5.5935611e-04	   4.1396334e-05	  -2.2073716e-12	   2.2404662e+02	
  -2.5804025e-04	  -7.3355348e-06	   1.9521645e-04	   2.9628992e-06	  -5.4329457e-13	   2.2407106e+02	
  -1.0751527e-03	   1.8527749e-05	  -8.1668244e-04	   1.5558674e-05	  -2.2149702e-12	   2.2389756e+02	
   1.9729148e-04	   7.8014111e-06	  -8.0802494e-04	  -3.2047641e-05	   3.0394102e-14	   2.2362981e+02	
   3.1126349e-04	   2.6922352e-05	   2.4387323e-03	   5.8878059e-05	  -1.3183442e-12	   2.2401183e+02	
   1.9951879e-04	  -2.0960065e-05	  -1.2445257e-03	  -1.6164786e-04	  -3.5105188e-12	   2.2405488e+02	
   7.7295461e-04	   5.8364230e-05	   1.5909457e-03	   7.0837943e-05	  -1.6868727e-12	   2.2403768e+02	
   1.8248447e-04	   7.6404341e-06	   9.7547438e-04	   1.1933686e-05	  -1.5652963e-12	   2.2414130e+02	
   1.1168275e-03	   9.1879371e-05	  -3.0658613e-05	  -3.4606624e-05	  -2.0060107e-12	   2.2406210e+02	
  -3.3617348e-03	   3.9354719e-04	   2.0636155e-04	  -1.2444383e-05	   2.0136093e-12	   2.2308812e+02	
   1.3615219e-03	   9.4718181e-05	  -3.5655886e-05	  -3.0434117e-05	  -1.9338247e-12	   2.2405200e+02	
   2.6862492e-04	   9.7879439e-06	  -5.0330822e-04	  -1.8258288e-05	  -4.5591153e-14	   2.2364619e+02	
   2.9170158e-03	  -4.9199748e-05	   1.6382537e-03	  -6.7978408e-05	  -1.5197051e-12	   2.2394893e+02	
  -1.5549332e-03	   5.0389354e-05	  -6.6898727e-04	   3.7490185e-05	  -3.3927416e-12	   2.2402869e+02	
   7.6172740e-04	   2.8069067e-05	   2.7566137e-03	   3.4688006e-05	  -1.0447973e-12	   2.2399549e+02	
  -1.4695505e-03	   9.6567339e-06	   1.0315551e-05	   1.7762131e-06	  -1.8958322e-12	   2.2414063e+02	
   1.3331417e-03	   3.0955206e-05	  -1.6941426e-03	  -7.4779260e-05	  -1.6336830e-12	   2.2402873e+02	
   1.3808544e-03	  -8.4129536e-05	  -1.8026317e-03	   9.3290712e-05	  -1.8008505e-12	   2.2395693e+02	
   3.9983587e-05	   5.0460759e-06	   2.6586681e-03	   5.6514140e-05	   7.5225403e-13	   2.2344096e+02	
   1.2698845e-03	  -6.2782495e-06	  -2.7336234e-03	  -3.1906058e-05	  -1.0675928e-12	   2.2399329e+02	
   3.7484233e-04	   2.1096382e-07	   1.8606982e-04	  -1.8126130e-06	  -8.5483412e-13	   2.2409024e+02	
   3.5110575e-03	  -1.7013318e-04	  -2.4738946e-03	   9.2750596e-05	  -5.4709384e-13	   2.2396693e+02	
   3.2910828e-04	   1.2703796e-05	   2.1324475e-03	   5.6609404e-05	   9.5361495e-13	   2.2338761e+02	
  -2.5490925e-03	  -6.4199727e-05	  -1.4615042e-03	  -1.6623642e-05	  -7.6365181e-13	   2.2398701e+02	
  -1.7486012e-03	  -3.7011515e-05	   1.8315769e-03	   4.7322372e-05	   6.9906435e-13	   2.2345317e+02	
   4.3498077e-04	   2.2888290e-05	   5.3588900e-04	  -1.0145319e-05	  -1.5842925e-12	   2.2405760e+02	
  -3.6994821e-04	   2.7681914e-06	   1.1053014e-03	   3.3296030e-06	  -1.8464417e-12	   2.2413284e+02	
   1.0104225e-03	   2.7164227e-05	   2.8193613e-03	   2.2577686e-05	  -1.0144032e-12	   2.2399065e+02	
   7.3311225e-04	  -7.9418440e-06	  -1.2076995e-03	  -9.9410104e-06	  -3.1229940e-12	   2.2417081e+02	
  -3.5018670e-04	  -2.8803934e-05	   2.4097397e-03	   3.3683521e-04	  -1.3487383e-12	   2.2437324e+02	
   1.6498031e-04	   1.6600675e-05	   5.4783909e-04	  -5.8380073e-05	  -3.9702295e-12	   2.2407995e+02	
  -2.3181167e-04	  -4.0331109e-05	  -1.3702834e-03	  -9.1937176e-05	  -1.9224270e-12	   2.2405325e+02	
  -3.0511847e-03	  -2.2034462e-04	  -2.3828580e-03	  -1.3253849e-04	  -2.6328890e-12	   2.2432588e+02	
   4.6106123e-04	   1.3107891e-04	   2.7876953e-04	   9.1793044e-06	  -4.0348171e-12	   2.2402333e+02	
   6.8884359e-04	   2.9024302e-05	   1.2258927e-03	   4.7504013e-05	   3.2293733e-13	   2.2354630e+02	
  -2.4986860e-03	   2.4911230e-06	   2.0116262e-03	   2.3120096e-05	  -9.1942159e-13	   2.2398255e+02	
   3.7073863e-04	   1.2348422e-05	   1.4048470e-03	  -3.9965843e-05	  -3.5979019e-12	   2.2402145e+02	
   1.7148656e-04	  -2.2634976e-05	  -2.2363333e-03	   1.6201949e-04	  -1.8426424e-12	   2.2394202e+02	
   2.3869435e-03	   7.1340645e-05	  -1.2804102e-03	  -7.6187383e-05	  -2.8570456e-12	   2.2397684e+02	
  -6.1582789e-05	   9.4635599e-05	   6.9571556e-05	   1.6328980e-05	  -4.1184008e-12	   2.2410171e+02	
   7.3954367e-04	   1.6275304e-04	   9.1396756e-05	   2.3676549e-05	  -1.9110292e-12	   2.2440858e+02	
  -7.7788829e-04	   1.0699927e-05	   2.8877103e-03	   3.1602386e-05	  -1.0371987e-12	   2.2399347e+02	
  -3.7031545e-04	  -4.0172202e-06	   3.2226547e-04	   1.6196988e-06	  -9.4601643e-13	   2.2410995e+02	
   1.7289041e-03	  -1.1253570e-05	  -2.6059884e-03	  -1.8865008e-05	  -1.1093847e-12	   2.2399413e+02	
   2.7573516e-04	   1.1328391e-05	  -4.1495075e-04	  -1.4721354e-05	  -2.6594839e-14	   2.2364112e+02	
   1.6171412e-03	   1.6589485e-05	  -1.9698007e-03	  -5.3584333e-05	  -1.5614970e-12	   2.2401799e+02	
  -2.9070822e-03	   5.1869488e-05	  -2.2148812e-03	   5.0523401e-05	   1.3525375e-12	   2.2328964e+02	
   1.9756613e-03	   2.6932778e-05	   2.3039731e-03	   2.9031663e-06	  -1.0903885e-12	   2.2399433e+02	
  -2.0384944e-03	   8.5645520e-05	  -3.3581472e-03	   1.5985572e-04	   1.5121066e-12	   2.2325704e+02	
   1.0946978e-03	   8.5189106e-05	  -2.0396981e-04	  -4.9105072e-05	  -2.0250070e-12	   2.2406206e+02	
   3.5020670e-03	  -2.2400885e-04	  -1.1469021e-03	   5.8717781e-05	   1.6792741e-12	   2.2318303e+02	
   5.3878107e-04	   2.1090147e-06	  -1.9293207e-04	  -1.0253365e-05	  -1.5425007e-12	   2.2412245e+02	
  -3.8850012e-04	  -1.5621807e-05	   9.5276683e-04	   4.3171100e-05	   1.7096682e-13	   2.2359374e+02	
  -1.1219287e-03	   2.6976514e-05	  -4.8096576e-04	   2.8083267e-05	  -2.0478027e-12	   2.2403218e+02	
  -1.9895281e-03	   3.9236930e-05	  -8.6523884e-04	   2.2344423e-05	  -3.0280124e-12	   2.2412175e+02	
  -4.6842932e-04	   1.2651016e-05	   2.9990184e-03	   3.5558655e-05	  -9.3841790e-13	   2.2398850e+02	
  -1.9670710e-03	   1.5144079e-04	  -1.2362420e-03	   1.0101392e-04	  -1.7552594e-12	   2.2392556e+02	
  -1.5222502e-03	  -8.3091177e-05	   4.6350668e-04	   5.2140006e-05	  -1.0903885e-12	   2.2402582e+02	
   1.8606676e-03	   4.2685461e-05	   7.9940899e-04	   2.8269716e-06	   5.3189679e-13	   2.2351824e+02	
  -1.6032840e-04	  -2.4772647e-05	  -8.9314104e-04	  -6.1950746e-06	  -1.7286646e-12	   2.2406320e+02	
  -3.9941898e-03	  -9.1080418e-05	  -1.3855425e-03	   7.6573157e-06	  -2.1655798e-12	   2.2437363e+02	
  -5.0502121e-04	   5.6587582e-07	  -8.8502575e-05	   3.8773126e-05	  -1.4665154e-12	   2.2406144e+02	
   1.9085711e-03	  -1.9152680e-05	  -2.6301924e-03	  -7.7184619e-06	  -1.0827898e-12	   2.2398883e+02	
  -1.2438412e-03	  -5.5893141e-06	  -3.0055798e-03	   2.5259297e-06	   1.1663737e-12	   2.2333321e+02	
  -2.3539723e-04	   7.5862228e-06	   1.5384477e-03	   9.5217742e-05	  -1.1625744e-12	   2.2403083e+02	
  -1.1232809e-03	   1.4217826e-04	  -2.1222102e-03	   2.9641671e-04	  -1.7248653e-12	   2.2390468e+02	
   3.7737162e-04	   9.3362825e-06	  -1.9056175e-03	  -5.9714368e-05	   5.6988941e-13	   2.2348231e+02	
   1.9104979e-04	  -1.9859947e-05	  -2.2117741e-03	   1.2235922e-04	  -1.8502410e-12	   2.2397357e+02	
   1.6967169e-04	  -1.5883087e-05	  -2.3757905e-03	  -1.9442885e-04	  -3.2787638e-12	   2.2407286e+02	
  -1.4868582e-03	  -9.8293031e-05	  -4.8031927e-04	  -6.4814372e-06	  -1.1397788e-12	   2.2403059e+02	
  -2.8442335e-03	   5.4120164e-05	  -2.1834459e-03	   5.2385435e-05	   1.4057272e-12	   2.2327056e+02	
   3.6567141e-04	   2.8111025e-06	  -8.2859554e-04	  -9.3467673e-05	  -2.3821378e-12	   2.2404171e+02	
   3.2883128e-03	  -1.0252663e-04	  -3.3733968e-03	   8.9945365e-05	   9.9160753e-13	   2.2348299e+02	
   8.0191792e-04	   2.0984760e-05	   1.2441542e-03	   1.6996502e-05	  -2.7088743e-12	   2.2405116e+02	
  -6.6863640e-04	  -3.9113444e-05	   3.3508829e-04	   7.3937072e-05	  -2.1731783e-12	   2.2406087e+02	
   1.2865114e-03	  -3.5335528e-07	  -3.8069149e-04	  -1.1438585e-05	  -1.8730365e-12	   2.2415513e+02	
   1.0400536e-03	  -5.5512962e-05	   2.0065496e-03	  -1.2565075e-04	  -1.8046499e-12	   2.2395190e+02	
   1.6477288e-03	  -3.2504881e-05	  -2.9887683e-04	  -1.3423459e-05	  -3.6130989e-12	   2.2405093e+02	
  -9.6880331e-04	  -6.0490039e-07	  -1.1987907e-03	   4.8794466e-06	  -2.3973349e-12	   2.2418333e+02	
   6.7172081e-04	  -1.1832858e-05	  -1.0867420e-03	  -3.9154452e-06	   3.7802665e-12	   2.2242944e+02	
   1.1764025e-03	  -2.6568802e-05	   7.4737011e-04	  -3.6463459e-05	  -2.0478027e-12	   2.2402406e+02	
   9.2503452e-04	   3.9507607e-05	  -6.2459271e-05	  -5.0306895e-06	   1.8616388e-13	   2.2359438e+02	
  -7.9351216e-04	   2.7626494e-05	  -9.9762502e-05	   2.8117593e-05	  -2.2187695e-12	   2.2404320e+02	
  -1.9640985e-04	  -6.7891936e-06	   4.8091761e-04	   1.8568532e-05	   2.6594839e-14	   2.2362799e+02	
  -6.7733153e-04	  -1.7817348e-05	  -3.1239552e-03	   1.7095014e-06	  -1.0903885e-12	   2.2399140e+02	
  -1.4462808e-03	   4.5336446e-05	   1.2512931e-03	  -2.5269144e-05	  -3.3889424e-12	   2.2405813e+02	
   3.1270319e-03	  -1.4810849e-04	   2.3844182e-03	  -1.5799559e-04	  -1.0751914e-12	   2.2390983e+02	
  -6.0558855e-05	  -5.4569226e-06	   2.7223674e-04	   1.3645327e-07	  -5.0530195e-13	   2.2405529e+02	
   1.6954094e-03	  -3.4988762e-05	   5.7007707e-04	  -2.1196858e-05	  -2.4505244e-12	   2.2411535e+02	
  -1.7169012e-03	   1.0268908e-05	   2.7671855e-03	   1.9224527e-05	  -8.7762970e-13	   2.2398220e+02	
   7.8931377e-04	   1.2398844e-05	  -2.4211875e-03	  -4.9613931e-05	   8.5863338e-13	   2.2341125e+02	
  -1.9317997e-03	   2.5696827e-04	   6.6870256e-04	  -6.5912392e-05	  -1.9680181e-12	   2.2391157e+02	
  -1.0733650e-04	  -9.7957129e-05	  -2.8544291e-04	  -5.8226369e-05	  -3.9512333e-12	   2.2416285e+02	
  -2.1156288e-03	  -2.1985640e-05	   1.7423617e-03	   4.4755367e-05	  -1.2043662e-12	   2.2400484e+02	
   2.2772945e-03	  -1.0426378e-04	  -1.0911360e-03	   3.6609842e-05	  -2.8988375e-12	   2.2406224e+02	
   1.2022908e-03	  -3.9194968e-05	   1.1542899e-03	  -4.6462459e-05	  -1.7362630e-12	   2.2413678e+02	
   2.9548609e-03	   2.0483010e-05	   2.1942728e-03	   7.5416273e-06	   8.1304223e-13	   2.2346019e+02	
   8.9845211e-04	   1.3996064e-04	   8.0480128e-05	  -4.1746499e-05	  -3.4991210e-12	   2.2405848e+02	
   5.3157897e-04	  -4.1843580e-05	  -6.3639709e-04	  -7.2396747e-05	  -2.7582648e-12	   2.2397034e+02	
  -1.9522471e-03	   3.0737317e-05	   2.8895958e-04	  -1.5518363e-06	  -2.5569038e-12	   2.2415549e+02	
   9.9822060e-04	  -3.7327695e-05	  -4.3662214e-04	  -1.1684334e-05	  -2.0933938e-12	   2.2403932e+02	
   2.4911901e-03	  -2.3609517e-05	  -2.1841054e-03	  -6.7795114e-06	  -1.0675928e-12	   2.2398656e+02	
   1.7360170e-03	  -2.6691387e-05	  -2.9527027e-03	   6.7695145e-06	  -9.5741422e-13	   2.2398055e+02	
  -7.5474382e-05	  -7.3735358e-06	  -4.0273992e-03	   9.0764156e-06	   8.5483412e-13	   2.2346663e+02	
  -2.8323245e-03	  -5.9765210e-05	   2.9935839e-04	   2.5741902e-05	  -8.3963707e-13	   2.2399417e+02	
   4.2179805e-03	   1.0104025e-04	  -8.3347910e-04	  -4.7046416e-05	  -2.6214913e-12	   2.2423942e+02	
   8.7962084e-04	  -4.6595781e-05	   2.0772965e-03	  -1.3255938e-04	  -1.8160476e-12	   2.2395492e+02	
  -1.8875717e-04	  -3.5609567e-06	   2.6963490e-04	   2.8588983e-06	  -6.2687836e-13	   2.2408144e+02	
   1.8544189e-03	  -2.4824798e-04	   1.5055259e-03	  -2.2934032e-04	  -1.6944712e-12	   2.2389670e+02	
  -6.0906733e-04	   5.7988932e-05	  -2.6815117e-03	   3.0374445e-04	  -1.4969095e-12	   2.2389372e+02	
  -2.9361382e-03	  -1.0216978e-06	   2.6384305e-03	   4.3452490e-05	  -2.3745392e-12	   2.2414746e+02	
  -1.0204177e-03	  -6.0031655e-05	  -1.7672390e-03	  -6.5051792e-05	  -1.9224270e-12	   2.2403212e+02	
   1.6983401e-03	  -1.7711051e-05	   1.1553462e-03	  -2.3034090e-05	  -3.1343917e-12	   2.2412104e+02	
   1.9968229e-04	  -1.7914664e-05	  -2.2116483e-03	   7.1902911e-05	  -3.1837822e-12	   2.2406842e+02	
   1.3397364e-03	   2.2031918e-04	  -4.4370146e-04	  -8.6615016e-05	  -3.9322370e-12	   2.2418960e+02	
  -1.0109894e-03	  -4.7744746e-05	   9.3750453e-04	   8.6019920e-05	  -1.9794158e-12	   2.2405355e+02	
   1.0760493e-04	  -1.9189606e-05	  -3.5423473e-03	   2.8543020e-05	  -8.8902749e-13	   2.2397754e+02	
  -1.7974027e-03	   5.0980901e-05	   1.1852877e-03	  -2.5337318e-05	  -3.1495888e-12	   2.2409431e+02	
   2.7842995e-03	  -1.9461338e-05	  -1.7586515e-03	  -1.2433498e-05	  -1.0675928e-12	   2.2398799e+02	
   3.0160442e-03	  -4.1346780e-04	   1.2074936e-03	  -1.8537267e-04	   3.7954635e-12	   2.2242734e+02	
   4.4035581e-04	  -5.6457573e-06	  -8.1544438e-04	  -2.4402657e-05	  -2.1047916e-12	   2.2404785e+02	
   4.6530050e-04	   1.9553253e-05	  -4.9862375e-04	  -2.5468829e-05	   4.1791890e-14	   2.2363274e+02	
  -1.7120619e-03	  -7.1221878e-05	   8.1397607e-04	   5.9505483e-05	  -1.1473774e-12	   2.2402220e+02	
  -1.5356307e-03	  -8.9824624e-06	  -2.9849658e-03	   2.1559103e-05	  -1.0258009e-12	   2.2398492e+02	
   3.3847433e-03	  -1.2225441e-04	  -1.2888473e-03	   3.6096272e-05	   1.5766941e-12	   2.2322139e+02	
  -9.8498315e-05	   1.8835482e-05	   3.5307425e-03	  -2.0122413e-05	  -8.0924297e-13	   2.2397425e+02	
   4.3606778e-04	  -1.2305975e-05	  -1.1329830e-03	  -5.1025241e-06	  -3.2635668e-12	   2.2417046e+02	
   3.6985547e-04	  -1.4981725e-05	   2.2369633e-03	  -1.4392910e-04	  -1.8160476e-12	   2.2395065e+02	
   3.2325854e-05	  -7.8420124e-06	  -2.9888254e-05	  -3.8120140e-05	  -3.5333144e-12	   2.2422255e+02	
  -2.5608274e-04	   4.0938606e-05	   2.7654133e-04	   4.7759843e-05	  -2.1579812e-12	   2.2406214e+02	
  -1.4709200e-04	   2.3815073e-06	   2.7194628e-03	   4.1543494e-05	   1.0258009e-12	   2.2336518e+02	
   2.2836482e-03	   2.1554866e-04	   1.4673812e-03	   1.1542653e-04	  -3.5181173e-12	   2.2411899e+02	
  -9.0865850e-04	  -1.2860647e-04	  -1.9550014e-03	  -2.0943295e-04	  -3.7004819e-12	   2.2413267e+02	
   4.9381190e-04	   2.4639699e-05	   2.6030545e-04	   1.2695053e-05	   5.6988941e-14	   2.2362415e+02	
   3.8824084e-03	  -1.0709206e-04	  -5.8513887e-05	  -2.0733137e-05	  -8.2823928e-13	   2.2396664e+02	
   3.9447751e-03	   8.3527496e-05	  -1.1952038e-03	  -5.2935751e-05	  -2.5910972e-12	   2.2418776e+02	
  -2.6614133e-03	   1.5381969e-06	  -2.1036932e-03	   2.4467887e-05	  -9.6881200e-13	   2.2398216e+02	
  -4.3936859e-04	   1.4816483e-05	   9.5290868e-04	  -1.1391222e-05	  -3.6776864e-12	   2.2411294e+02	
  -1.3426277e-03	  -5.2181020e-06	  -3.2751331e-03	   3.4385947e-05	  -8.9662601e-13	   2.2397924e+02	
  -3.0172235e-03	   1.5256504e-04	   2.0531798e-03	  -9.1459029e-05	   1.6526793e-12	   2.2320015e+02	
   7.2928258e-04	  -1.5616085e-05	   1.5808935e-03	  -6.4587542e-05	  -1.9984122e-12	   2.2401028e+02	
  -4.6206298e-04	   7.2355787e-05	   2.8061326e-04	   1.5136525e-05	  -3.8904451e-12	   2.2402609e+02	
   1.5194390e-03	   4.3192410e-06	   3.0642762e-03	  -3.5151619e-05	  -1.0371987e-12	   2.2398717e+02	
   1.0108581e-04	  -4.5379196e-06	  -3.3390567e-03	  -3.5697617e-05	   7.9024665e-13	   2.2345540e+02	
   7.4247339e-04	   6.3125200e-06	  -9.3485924e-05	  -1.8565551e-05	  -2.1047916e-12	   2.2405290e+02	
   2.5240737e-03	  -2.9411818e-04	   6.0949108e-04	  -8.8616327e-05	  -2.3365466e-12	   2.2392545e+02	
   2.2173892e-03	  -1.5699047e-06	   2.7282345e-03	  -3.1706635e-05	  -8.7383043e-13	   2.2397789e+02	
  -3.4075829e-04	  -3.9099016e-05	  -4.0271554e-03	  -1.3320104e-04	  -2.7468670e-12	   2.2417819e+02	
   6.2015326e-04	  -5.3862920e-05	  -2.6667684e-04	  -2.4044504e-05	  -3.9778282e-12	   2.2408286e+02	
  -1.0690383e-04	  -4.0976609e-06	   1.5507228e-04	  -2.6701296e-06	  -4.1411964e-13	   2.2406022e+02	
  -3.1076512e-03	   3.4854104e-05	   1.7989100e-03	   2.6556248e-06	  -7.9024665e-13	   2.2397312e+02	
   2.1320472e-04	  -3.6345321e-05	  -2.8383258e-04	   2.6808874e-06	  -3.2901616e-12	   2.2422474e+02	
  -1.7520549e-03	   1.9262626e-04	   3.6781262e-04	  -1.3047063e-05	  -2.1655798e-12	   2.2391173e+02	
   2.0134407e-04	  -1.1186395e-05	  -9.9108169e-05	  -9.0007985e-06	  -2.1541820e-12	   2.2423097e+02	
   1.2328087e-03	  -3.2316405e-05	  -3.4082515e-03	   3.2775547e-05	  -8.7003117e-13	   2.2397472e+02	
  -4.3589964e-04	  -5.7862975e-06	   2.1034690e-04	   2.4017266e-06	  -9.3081938e-13	   2.2410621e+02	
  -3.2331991e-04	   1.9141416e-06	   2.0699053e-04	  -8.6049727e-06	  -2.6100936e-12	   2.2422643e+02	
   1.3761997e-03	   3.6145376e-05	   1.8788272e-03	   4.3066901e-05	   8.8902749e-13	   2.2340049e+02	
  -2.1696071e-04	   6.1419848e-06	   1.5400414e-05	   1.0371138e-04	  -4.2209810e-12	   2.2407920e+02	
  -3.4949532e-03	  -1.2339523e-05	   8.6445487e-04	   1.2338291e-05	   9.0422454e-13	   2.2343172e+02	
   1.7249636e-03	   1.0109327e-06	  -2.3621100e-04	  -1.0622645e-05	  -3.1001984e-12	   2.2414819e+02	
   1.7765419e-03	   2.5684490e-05	  -2.5006629e-03	  -4.4153834e-05	   6.9146582e-13	   2.2347740e+02	
   1.8118133e-04	  -4.1481558e-05	  -4.1897648e-04	  -3.1239435e-05	  -1.6412815e-12	   2.2406893e+02	
   2.7849163e-04	  -5.2970608e-05	  -9.6570113e-04	   1.8831865e-05	  -3.8372554e-12	   2.2402439e+02	
   9.2329317e-04	  -3.1685565e-05	  -3.6913178e-03	   5.1072797e-05	  -7.1426140e-13	   2.2397701e+02	
   9.5667602e-04	  -9.5407875e-06	  -7.9706990e-04	  -6.5159262e-06	  -2.0250070e-12	   2.2418596e+02	
   1.1195111e-03	  -6.0806254e-05	   1.9670723e-03	  -1.2258425e-04	  -1.8122483e-12	   2.2393182e+02	
   1.0712219e-03	  -1.7412716e-04	  -2.2438178e-03	   3.2051413e-04	  -1.5614970e-12	   2.2386736e+02	
   2.0352206e-04	   1.3150179e-05	   3.4227132e-04	   1.4574460e-05	   1.0258009e-13	   2.2361319e+02	
   1.6434152e-03	  -3.7683031e-05	  -1.0736993e-03	   1.3571910e-05	  -2.3935355e-12	   2.2412151e+02	
   3.2988143e-04	  -4.8147179e-05	  -6.1254078e-04	  -6.5348009e-06	  -2.2225687e-12	   2.2405776e+02	
  -4.1920277e-04	  -9.8091637e-07	   8.4087259e-04	   1.0966247e-05	  -1.6032889e-12	   2.2413903e+02	
   9.3066626e-04	   8.5446908e-05	  -6.8140844e-05	  -4.3064605e-05	  -2.0971930e-12	   2.2406553e+02	
  -1.4385127e-03	  -2.0704864e-04	  -1.0106780e-03	  -1.0510392e-04	  -3.7992628e-12	   2.2413333e+02	
  -2.1215645e-03	   3.2935916e-04	   9.0749099e-04	  -1.2154325e-04	  -1.6602778e-12	   2.2387488e+02	
  -1.1396066e-03	   3.1124514e-05	  -4.0559319e-03	   1.8130056e-04	  -6.1927983e-13	   2.2397308e+02	
  -3.5726565e-03	   1.8960828e-04	  -3.0657719e-05	   1.1801755e-05	   1.7400623e-12	   2.2316998e+02	
  -1.3542991e-03	   5.6840673e-05	   9.2940255e-04	  -2.3285354e-05	  -2.0895945e-12	   2.2401046e+02	
   9.5624641e-04	   4.5649446e-05	   6.6445595e-04	   2.9155994e-05	   2.1275871e-13	   2.2358662e+02	
  -1.0670822e-03	  -7.5887251e-05	  -1.3862752e-03	  -6.4062400e-05	  -2.0022115e-12	   2.2404447e+02	
  -7.9596854e-04	   2.7603218e-05	   3.6207693e-03	  -3.8354222e-05	  -7.3325771e-13	   2.2396987e+02	
  -3.7562340e-04	  -1.3848706e-05	  -1.3842097e-04	  -5.4644448e-06	  -5.3569605e-13	   2.2403318e+02	
   7.3739164e-04	  -1.3648294e-05	  -1.0921379e-03	  -4.3566619e-07	   3.6890842e-12	   2.2247190e+02	
  -2.2520705e-04	  -1.1048340e-05	   5.2339052e-05	  -2.0032490e-06	  -3.4953217e-13	   2.2404267e+02	
  -1.0208106e-03	   1.7038742e-05	   3.0228975e-03	   9.3985249e-06	  -1.0485965e-12	   2.2399202e+02	
  -1.6872250e-03	  -2.7149160e-05	  -1.7176679e-03	  -1.3408289e-05	   8.0924297e-13	   2.2344029e+02	
   2.3551824e-04	   1.6675199e-05	   3.5379561e-03	  -1.2516437e-05	  -7.3705698e-13	   2.2398163e+02	
   5.6431767e-04	   7.7003058e-05	   2.1115019e-04	  -2.5549146e-05	  -2.1655798e-12	   2.2406394e+02	
  -1.1868983e-03	  -1.8193548e-06	   2.4184186e-03	   4.9500630e-05	  -1.3183442e-12	   2.2401349e+02	
   2.0269160e-03	   2.4073376e-05	   1.6988059e-03	   6.8165572e-06	   9.1182306e-13	   2.2341495e+02	
  -9.3453276e-05	   5.9877534e-05	   3.9683542e-04	   8.2218657e-06	  -2.1883754e-12	   2.2406098e+02	
   1.5365690e-03	  -2.9524502e-05	  -1.2455457e-03	   1.2067705e-05	  -2.4505244e-12	   2.2411492e+02	
  -4.2338069e-04	   5.4745241e-05	   2.0656205e-03	  -1.6871522e-04	  -2.9026367e-12	   2.2390867e+02	
  -1.6844033e-04	  -5.2698686e-06	   1.2700964e-03	   5.3141479e-05	   5.2049900e-13	   2.2349591e+02	
   3.2349756e-03	  -3.8290457e-05	  -1.3026366e-03	  -7.9126172e-06	  -1.0144032e-12	   2.2398862e+02	
   1.4210435e-03	   9.9282091e-05	   9.3516669e-04	   8.6277377e-06	  -2.6404877e-12	   2.2395478e+02	
   1.5985842e-03	  -2.2641799e-04	   1.7141023e-03	  -2.7508255e-04	  -1.6108874e-12	   2.2386437e+02	
   5.9779328e-04	  -3.4413034e-05	  -1.3323241e-03	   1.4732056e-05	  -3.7726679e-12	   2.2403320e+02	
  -3.9481877e-04	  -6.4905008e-05	  -9.2978523e-04	  -7.3923120e-05	  -2.0478027e-12	   2.2406785e+02	
  -4.8706747e-04	  -1.6522376e-05	  -2.0770379e-03	  -3.0403049e-05	   7.0286361e-13	   2.2347078e+02	
  -6.3185035e-04	   9.3039554e-06	  -7.0478964e-05	   2.7559454e-05	  -1.8692373e-12	   2.2407173e+02	
  -6.6593303e-04	  -6.1594134e-05	   1.9644237e-03	   2.6124957e-04	  -3.7080805e-12	   2.2417921e+02	
   2.9761386e-04	   1.5254299e-05	   3.6642479e-03	  -4.1333640e-05	  -7.6365181e-13	   2.2397208e+02	
  -4.4791712e-04	  -9.4296782e-06	  -2.5819068e-05	  -6.1884343e-07	  -7.8644739e-13	   2.2408836e+02	
   3.6520553e-04	  -3.1807088e-05	  -2.2042809e-03	   1.3096003e-04	  -1.8844343e-12	   2.2397030e+02	
  -1.6400785e-03	   1.7030227e-04	  -3.0983139e-03	   3.4637658e-04	   1.9072299e-12	   2.2312780e+02	
  -3.8545961e-05	  -9.0397469e-06	  -2.0221526e-03	   9.7633091e-05	  -1.9908137e-12	   2.2399351e+02	
   2.6542607e-03	  -3.6822165e-04	  -4.6844983e-04	   4.4362313e-05	  -1.4133257e-12	   2.2385544e+02	
   1.0034864e-03	  -6.7188538e-06	   1.6361391e-03	  -2.3151587e-05	  -2.5531046e-12	   2.2415723e+02	
  -6.7939109e-04	   8.6770259e-05	  -2.6291273e-03	   3.8353309e-04	  -1.3563368e-12	   2.2384202e+02	
   7.9670072e-04	   1.1510576e-06	   1.5395893e-05	  -1.1732043e-05	  -3.3661468e-12	   2.2418312e+02	
   3.6127550e-04	   1.8739481e-05	   7.4669941e-04	  -6.1295464e-06	  -2.0857952e-12	   2.2405723e+02	
   1.7702427e-03	  -1.7820869e-05	   9.1062217e-04	  -1.9547040e-05	  -2.4695208e-12	   2.2414603e+02	
   2.4707529e-04	  -5.6234511e-06	   2.0524029e-03	  -9.8911281e-05	  -1.9338247e-12	   2.2391666e+02	
  -3.8934118e-04	   6.7527993e-05	   1.4836132e-03	  -9.0526957e-05	  -2.3859370e-12	   2.2391750e+02	
  -2.7215743e-03	  -8.0643147e-06	  -4.9235285e-04	   1.0343730e-05	   1.1473774e-12	   2.2333751e+02	
   2.0890613e-04	  -5.5305513e-05	  -1.5577144e-03	   9.6230563e-05	  -2.3973349e-12	   2.2392267e+02	
   1.0400907e-03	  -1.5831951e-06	  -3.3738682e-03	  -1.4820019e-05	   9.4601643e-13	   2.2341726e+02	
   2.2143627e-03	   1.7812544e-05	   2.2741944e-03	  -9.6167938e-06	  -1.1169833e-12	   2.2399991e+02	
  -1.1693597e-03	  -1.5734183e-05	   2.3020551e-03	   4.2406513e-05	   1.0485965e-12	   2.2335888e+02	
   1.5365615e-03	   8.9713869e-06	   3.1386309e-03	  -2.3550164e-05	  -8.5483412e-13	   2.2398087e+02	
   3.3167687e-03	  -2.4740263e-04	   1.1827916e-03	  -1.0315979e-04	   1.8882335e-12	   2.2312381e+02	
  -2.9594493e-03	  -2.4480517e-05	  -8.4787459e-04	   1.3018410e-05	  -1.0903885e-12	   2.2399866e+02	
   6.1103207e-04	   5.8099629e-07	   7.9663380e-04	  -2.5974974e-05	  -3.7118797e-12	   2.2410954e+02	
  -1.5835105e-04	   2.8541835e-06	  -2.2032007e-03	   1.0177082e-04	  -1.8464417e-12	   2.2393989e+02	
  -2.3397542e-04	  -3.3666393e-06	  -2.1501560e-03	   3.9035478e-05	  -2.8152537e-12	   2.2413964e+02	
  -1.6177287e-03	   9.7957343e-05	  -1.3519286e-03	   9.0497457e-05	  -1.9794158e-12	   2.2397100e+02	
  -8.3335235e-04	   1.1932294e-05	   2.7068659e-03	   1.9679419e-06	   1.1967678e-12	   2.2332675e+02	
  -1.6050975e-03	   1.1054337e-04	   1.6180103e-03	  -1.0127926e-04	  -1.8160476e-12	   2.2393820e+02	
  -1.3470328e-03	   1.3681000e-05	  -1.4406080e-03	   2.4279169e-05	  -3.3243550e-12	   2.2410672e+02	
  -1.5631222e-03	   2.7624824e-05	  -1.2273017e-03	   3.0179645e-05	  -2.6708818e-12	   2.2408304e+02	
   1.0727886e-03	   1.5763016e-04	  -6.0857051e-06	  -4.0792250e-05	  -3.7422738e-12	   2.2405077e+02	
   4.2859049e-06	   3.7319450e-05	   7.5174740e-04	  -2.7543521e-05	  -2.3669407e-12	   2.2403936e+02	
  -8.5041448e-04	   1.4046504e-05	  -7.4510113e-04	   3.5013598e-05	  -2.2111709e-12	   2.2403451e+02	
   2.8882113e-03	   2.3989097e-05	  -1.5681881e-03	  -1.9168843e-05	   8.9282675e-13	   2.2342493e+02	
  -3.7202793e-04	   4.2017750e-05	  -2.6548175e-03	   3.9334126e-04	  -1.3525375e-12	   2.2383470e+02	
   2.1005428e-03	  -3.2134746e-05	  -4.9488087e-04	  -1.2500778e-06	  -2.6556847e-12	   2.2404594e+02	
  -2.9886943e-03	   1.5086586e-05	  -1.9564875e-03	   3.2041766e-05	  -8.6243265e-13	   2.2397920e+02	
   2.3872068e-03	  -1.0454007e-04	   6.5408557e-04	  -4.1463941e-05	  -2.4771193e-12	   2.2395116e+02	
   2.4380387e-03	   2.9432865e-05	  -1.9644488e-03	  -2.9969001e-05	   8.2064076e-13	   2.2344311e+02	
  -2.8880662e-03	   6.9324866e-06	  -1.9797344e-03	   2.7139173e-05	  -8.8902749e-13	   2.2398177e+02	
  -6.9642654e-05	  -3.1057842e-05	  -2.7181140e-03	  -3.0567937e-04	  -3.4307343e-12	   2.2424155e+02	
  -6.8352013e-04	  -6.7223914e-05	  -1.2918667e-03	  -7.6253005e-05	  -1.9034306e-12	   2.2405664e+02	
  -2.1456398e-03	   4.5237187e-05	   2.5291986e-04	  -8.1687499e-07	  -2.9064360e-12	   2.2412901e+02	
  -7.8956722e-04	  -9.1575183e-05	  -7.0393355e-04	  -3.8722000e-05	  -1.9756166e-12	   2.2407089e+02	
   1.4659989e-03	  -7.4826424e-05	   3.0841386e-03	  -1.8194147e-04	   1.8844343e-12	   2.2312704e+02	
  -1.7514710e-03	   5.0312684e-05	   8.7386123e-04	  -1.4764105e-05	  -3.3585483e-12	   2.2406492e+02	
   4.1741628e-05	  -7.9004975e-06	  -1.9563713e-03	   2.6616312e-05	  -2.3783385e-12	   2.2412183e+02	
  -7.1694850e-04	  -1.2243496e-04	   9.9135208e-05	   8.8327963e-05	  -3.9436347e-12	   2.2408165e+02	
  -2.9455117e-05	   1.9759497e-05	   1.7117887e-03	   7.1251873e-05	   2.1655798e-13	   2.2360213e+02	
   7.7817262e-05	   9.1071426e-06	   1.8467996e-03	  -9.0176023e-05	  -2.1199886e-12	   2.2399049e+02	
   1.1959640e-03	   3.0881111e-05	   1.8993824e-03	   2.3353512e-05	   7.9784518e-13	   2.2344626e+02	
   9.3542614e-04	  -1.9880174e-05	  -1.9287509e-03	   2.0412328e-05	  -2.5113126e-12	   2.2413173e+02	
   3.1137654e-04	   6.7557970e-05	   6.6043406e-04	   5.7284584e-05	  -2.0629997e-12	   2.2407106e+02	
   9.1747084e-04	  -3.3298590e-05	  -1.6857197e-03	   2.8659672e-05	  -3.4573291e-12	   2.2406558e+02	
  -2.4635375e-03	   6.1086573e-05	   3.0028822e-03	  -4.3320609e-05	  -6.7246951e-13	   2.2396805e+02	
  -8.2375078e-04	   7.1005185e-06	  -1.4534392e-03	   4.1726135e-05	  -3.6358944e-12	   2.2403889e+02	
  -3.5195961e-05	   1.9568644e-05	   3.8911649e-03	  -7.2068885e-05	  -6.7246951e-13	   2.2396764e+02	
   6.7345665e-04	  -6.0895941e-05	  -4.8803465e-04	  -3.3323753e-05	  -3.5029203e-12	   2.2403840e+02	
   1.2368077e-03	  -5.3682200e-05	   3.5696554e-04	  -6.4288282e-05	  -2.5493054e-12	   2.2392335e+02	
  -6.7364036e-04	  -1.6054649e-05	  -6.2242189e-04	   6.3588070e-05	  -3.5637085e-12	   2.2397036e+02	
  -9.1105453e-04	   1.5770554e-05	  -1.0822939e-03	   4.0659589e-05	  -2.0895945e-12	   2.2402995e+02	
  -8.9046850e-04	   7.1027517e-05	   3.3634707e-03	  -2.2760686e-04	   1.8654381e-12	   2.2312929e+02	
   5.3331294e-04	   2.4616194e-05	  -5.8330977e-04	  -7.8194427e-05	  -1.7818542e-12	   2.2407361e+02	
  -6.6998503e-04	   9.3799783e-06	   2.7829688e-03	   4.2815560e-05	  -1.1131839e-12	   2.2400341e+02	
  -7.4730246e-04	   7.9214099e-07	  -1.7818574e-03	   1.7769807e-05	  -2.8228523e-12	   2.2416081e+02	
   1.0705984e-03	   6.2746459e-05	  -6.2529237e-04	  -6.8945535e-05	  -1.6374823e-12	   2.2406513e+02	
  -7.9061083e-04	  -4.3814742e-06	   1.3653732e-03	   5.3695529e-05	   4.7110858e-13	   2.2353168e+02	
  -1.2224204e-03	  -4.4083752e-06	   2.4533118e-03	   5.3262831e-05	  -1.1777715e-12	   2.2400891e+02	
   1.7956413e-03	   3.5240989e-05	   1.3458588e-03	   1.1067794e-05	   8.0544371e-13	   2.2344364e+02	
   3.1024137e-03	   3.1965415e-05	   9.8182058e-04	   4.3403316e-06	   9.0802380e-13	   2.2342023e+02	
  -2.7367092e-03	  -1.6478435e-04	   3.6226186e-04	   5.6494524e-05	  -2.8912389e-12	   2.2409206e+02	
  -9.2320575e-04	   5.9314849e-06	   7.3962672e-04	   1.4047817e-05	  -2.2643606e-12	   2.2400781e+02	
   1.5889282e-03	   6.8061386e-05	   1.6659332e-03	   4.1633119e-05	   3.5713070e-13	   2.2357566e+02	
   9.5370964e-04	  -3.4209940e-05	   1.6752648e-03	  -7.3579280e-05	  -2.0212078e-12	   2.2390787e+02	
   2.2076872e-03	  -1.6861467e-04	  -6.0842042e-04	   3.3800463e-05	  -1.8844343e-12	   2.2394768e+02	
  -1.4430458e-03	   2.4817495e-06	   7.4482768e-04	  -4.0366198e-07	  -2.6556847e-12	   2.2417326e+02	
   1.7747409e-03	  -1.7169609e-05	   9.1817423e-04	  -1.6091138e-05	  -2.5455060e-12	   2.2409416e+02	
   9.1316500e-04	   1.4164921e-04	  -9.2854501e-05	  -6.0271073e-05	  -3.8752480e-12	   2.2403617e+02	
  -9.7136020e-04	  -1.0091176e-04	  -5.2521885e-04	  -1.7079670e-05	  -2.0971930e-12	   2.2407243e+02	
  -1.2621488e-04	  -1.6208135e-05	  -3.8859866e-03	   8.3657038e-05	  -7.5605329e-13	   2.2397155e+02	
   1.4406819e-03	  -6.2713073e-06	  -1.0964341e-03	  -8.4251056e-06	  -2.9672242e-12	   2.2415604e+02	
   2.1748940e-03	   3.8744641e-07	  -2.1545651e-03	  -2.9251326e-05	  -1.1283810e-12	   2.2400202e+02	
  -2.8360759e-04	   1.7912704e-06	  -2.0838966e-03	   6.8381711e-05	  -2.0516019e-12	   2.2393038e+02	
  -1.2141425e-03	  -2.8786538e-06	   3.2579808e-04	   6.9902713e-07	  -1.7172668e-12	   2.2415987e+02	
   3.1363060e-04	   6.3607518e-05	   5.5607359e-04	   3.6532767e-05	  -1.7742558e-12	   2.2407416e+02	
  -5.3060669e-07	   9.5659129e-05	   1.6821598e-04	  -2.6017069e-05	  -4.2893676e-12	   2.2403388e+02	
   1.3558735e-03	  -8.0869456e-05	  -1.7561620e-03	   8.6213584e-05	  -1.8616388e-12	   2.2398711e+02	
   5.6098775e-04	  -5.8547320e-05	  -1.9302741e-04	  -4.8989482e-05	  -4.0690105e-12	   2.2402138e+02	
   4.5062222e-04	   2.4264008e-05	   3.9023488e-04	   1.6376157e-05	   2.0516019e-13	   2.2359270e+02	
  -2.6208487e-03	   3.6382118e-06	   1.7985995e-03	   2.2142573e-05	  -1.0258009e-12	   2.2399562e+02	
   1.4189003e-03	   1.9387761e-05	  -1.2438849e-03	  -3.3847207e-05	   6.9906435e-13	   2.2346826e+02	
   3.8405330e-05	  -7.8448218e-06	  -2.2993172e-03	   1.3870694e-04	  -1.8540402e-12	   2.2391617e+02	
  -3.0279319e-04	  -1.3069004e-05	  -7.2716029e-04	  -2.1598189e-05	  -1.2423590e-12	   2.2412592e+02	
   7.8130201e-04	   4.4327321e-05	  -8.6633601e-04	  -9.5629920e-05	  -2.1237879e-12	   2.2407253e+02	
  -2.0276228e-03	   6.5907935e-05	   3.3774000e-03	  -7.2174867e-05	  -6.6867025e-13	   2.2397944e+02	
  -7.4882536e-05	  -3.2919065e-05	  -1.8214065e-03	  -2.7859159e-04	  -3.4725262e-12	   2.2427263e+02	
   1.4848682e-03	  -2.4436686e-04	  -1.7368696e-03	   2.4946307e-04	  -1.6298837e-12	   2.2385116e+02	
  -5.5992718e-04	   2.6357838e-05	   4.4789038e-04	  -1.4204819e-05	  -3.9778282e-12	   2.2410298e+02	
  -8.1764146e-04	   1.2941995e-04	   1.6388815e-03	  -1.9028078e-04	  -2.0478027e-12	   2.2388269e+02	
   6.1177687e-04	   2.4867625e-05	  -4.5734869e-04	  -2.1900530e-05	   3.8752480e-13	   2.2354800e+02	
   3.0466225e-03	   2.7435651e-05	   3.5946022e-04	  -1.7754840e-05	  -1.1055855e-12	   2.2400721e+02	
   1.3210921e-03	  -4.0594920e-05	  -1.7909821e-03	   3.5781459e-05	  -3.0850014e-12	   2.2410556e+02	
  -1.1420440e-03	   7.4470260e-06	   1.4960883e-03	  -3.0444635e-06	  -3.2939609e-12	   2.2411811e+02	
  -1.1201236e-03	   3.7443883e-05	  -2.2844497e-03	   8.9662054e-05	  -2.5455060e-12	   2.2399412e+02	
   3.8351577e-03	  -8.9247670e-05	  -8.1479431e-04	  -2.5201858e-06	  -7.1046214e-13	   2.2397914e+02	
   9.0071068e-04	   4.5395010e-06	   2.3235007e-04	  -1.0287571e-05	  -3.4801247e-12	   2.2415999e+02	
  -8.2786857e-04	  -1.0822176e-05	  -9.8646284e-04	  -4.0912178e-06	  -2.0060107e-12	   2.2412742e+02	
  -2.5987000e-03	  -2.2655321e-04	   6.5403974e-04	   8.9156098e-05	  -3.5219166e-12	   2.2411619e+02	
  -1.6287975e-03	   4.7978186e-05	   3.4531688e-03	  -5.5539409e-05	  -7.3705698e-13	   2.2397316e+02	
   2.3207834e-03	   2.5974986e-06	   1.3806931e-03	  -1.0082167e-05	   1.2499574e-12	   2.2331415e+02	
   4.3263123e-04	  -1.0071415e-06	   5.6782569e-05	  -4.5130078e-05	  -2.0364048e-12	   2.2407509e+02	
   1.1588738e-04	   3.4319109e-06	   2.0528280e-03	  -3.2716261e-05	  -2.6898780e-12	   2.2414588e+02	
  -2.9806628e-04	   5.0523815e-06	   1.3885453e-03	   1.0023073e-04	  -1.9300255e-12	   2.2405883e+02	
   1.3123925e-04	  -1.2743454e-06	   1.0093869e-05	  -7.7001101e-06	  -6.4207541e-13	   2.2409091e+02	
  -2.0622886e-03	   1.3884670e-04	  -1.0110258e-03	   7.2861773e-05	  -1.8578394e-12	   2.2395190e+02	
  -8.7931051e-04	  -3.9383288e-05	   1.8022933e-04	   1.1892198e-05	   4.9390416e-13	   2.2352022e+02	
  -2.2840779e-03	   4.2228851e-05	   2.8433680e-03	  -2.0840199e-05	  -8.0924297e-13	   2.2397914e+02	
  -6.4308076e-04	   2.7286043e-05	   1.2769694e-03	  -1.6716481e-05	  -3.7460731e-12	   2.2402873e+02	
  -7.3062739e-04	  -1.6010800e-04	   1.8519116e-04	   6.4446557e-05	  -2.4809185e-12	   2.2439588e+02	
  -1.8048860e-03	   4.2670455e-05	   3.3257970e-03	  -3.7740790e-05	  -7.0666287e-13	   2.2397419e+02	
   9.4685656e-05	  -1.3112934e-05	  -2.4874239e-03	   1.0038008e-05	   2.1807768e-12	   2.2308455e+02	
  -1.4211127e-03	  -1.0093052e-04	  -3.1821630e-04	   5.9928281e-06	  -1.7742558e-12	   2.2405748e+02	
  -1.1541520e-03	   2.5765545e-06	   1.8550063e-04	  -1.8028614e-06	  -1.8616388e-12	   2.2418380e+02	
   6.6639834e-04	  -4.2746550e-06	   6.6122270e-04	  -3.9047770e-05	  -2.1959739e-12	   2.2404901e+02	
   9.0042130e-04	   1.7496552e-06	   5.6629936e-04	  -3.2909530e-06	  -1.6108874e-12	   2.2413684e+02	
  -4.9548024e-05	   7.0716099e-05	   9.8997288e-04	  -2.5828396e-05	  -2.7164729e-12	   2.2393247e+02	
   3.6345037e-03	   4.8034280e-05	  -4.3814738e-04	  -3.4541235e-05	  -2.3365466e-12	   2.2411439e+02	
   1.3774727e-05	   2.1113346e-05	   9.2680110e-04	  -3.8601152e-06	  -2.1617805e-12	   2.2404985e+02	
  -1.4585228e-04	   5.8813578e-05	   3.4014723e-04	   1.6664032e-05	  -2.1807768e-12	   2.2406962e+02	
   1.2898174e-03	  -3.4848434e-05	   3.8067925e-04	  -2.7825140e-05	  -2.2567621e-12	   2.2402666e+02	
  -3.3682400e-03	   3.7593492e-04	   2.3952811e-04	  -1.5235471e-05	   2.0250070e-12	   2.2308520e+02	
  -8.5993565e-04	   3.7270377e-05	   2.6227827e-04	   1.2497999e-05	  -2.2833569e-12	   2.2404915e+02	
   8.0528938e-04	   1.7568447e-04	   6.5554655e-04	   1.3741363e-04	  -2.8684434e-12	   2.2437312e+02	
  -1.1284850e-04	   6.1894063e-06	   1.2311048e-03	  -4.0195578e-06	  -3.4269350e-12	   2.2413842e+02	
  -1.2607372e-04	  -1.7101360e-06	   1.7809274e-03	   6.1809080e-05	   7.6365181e-13	   2.2343530e+02	
  -1.8149990e-03	   8.3581949e-05	   3.6727121e-03	  -1.2396575e-04	  -6.2687836e-13	   2.2398008e+02	
   2.3238916e-03	  -1.7802493e-04	  -1.6717356e-04	   2.0911506e-06	  -1.8654381e-12	   2.2394149e+02	
  -4.7905273e-04	  -5.4252490e-06	   4.9429024e-04	   1.0334736e-05	  -1.3221434e-12	   2.2412877e+02	
  -7.9873466e-05	  -1.3487721e-06	  -2.3510272e-03	   1.4266205e-04	  -1.8084491e-12	   2.2394957e+02	
   3.0102181e-03	  -1.4957852e-06	  -1.2945881e-04	  -6.0198468e-06	   1.3297420e-12	   2.2328732e+02	
   3.1900241e-04	  -1.3997561e-05	   2.2904994e-03	  -1.5725119e-04	  -1.8426424e-12	   2.2392897e+02	
   2.7117447e-04	  -8.7300272e-07	  -8.0329307e-05	  -9.3440563e-06	  -8.7003117e-13	   2.2411948e+02	
   6.9132918e-04	  -5.9011442e-05	   2.5862720e-03	  -2.8176452e-04	  -1.4095265e-12	   2.2383777e+02	
   1.0279570e-03	  -1.1911357e-04	   2.3258764e-03	  -3.0965440e-04	  -2.3137510e-12	   2.2391916e+02	
   8.6358533e-04	   2.1704983e-06	   3.6127797e-04	  -1.7187816e-05	  -2.2225687e-12	   2.2404572e+02	
  -7.3685041e-05	   5.1852136e-06	   8.0021824e-05	  -2.2674383e-05	  -2.8114544e-12	   2.2424588e+02	
  -1.4746024e-03	  -2.9521013e-05	  -2.6096178e-03	  -1.5337529e-05	  -1.1473774e-12	   2.2400611e+02	
  -1.4616926e-03	  -1.5218723e-04	   1.8428282e-03	   2.3583856e-04	  -3.6130989e-12	   2.2419177e+02	
   7.0684993e-04	   9.3573825e-05	   1.1350244e-03	   4.8658715e-05	  -2.8076552e-12	   2.2395196e+02	
  -1.2370246e-04	   6.5557536e-07	   9.7338338e-04	  -2.5750756e-06	  -1.6982705e-12	   2.2418112e+02	
  -2.1356961e-03	   5.9988769e-05	   3.2512164e-03	  -5.4841208e-05	  -6.9526509e-13	   2.2397345e+02	
  -2.2803952e-03	   1.3445447e-05	  -1.3560762e-03	   1.9373338e-05	   1.5007088e-12	   2.2322712e+02	
   1.5593984e-03	   9.2543761e-05	   1.1792284e-04	  -4.6012048e-05	  -2.7506662e-12	   2.2394875e+02	
   2.6183262e-03	   4.7576535e-05	   1.3604873e-03	   1.9638558e-05	   8.1304223e-13	   2.2344372e+02	
  -2.2989145e-03	   1.7735246e-04	  -1.6274156e-04	   1.8231143e-05	  -1.8844343e-12	   2.2395091e+02	
  -3.6626667e-03	  -2.8491394e-04	   7.8469633e-04	   9.5398440e-05	  -5.8888573e-13	   2.2429940e+02	
   3.3707800e-03	  -2.8480502e-06	   1.2865555e-03	  -2.2023123e-05	  -7.7884887e-13	   2.2398858e+02	
  -1.9436100e-03	  -5.7826411e-05	  -1.2951901e-03	  -3.1371289e-05	   5.8508647e-13	   2.2349875e+02	
  -2.0643418e-03	   1.3670047e-04	   7.9682953e-04	  -4.5145321e-05	  -1.9110292e-12	   2.2396924e+02	
   3.2763394e-05	  -5.0065110e-05	  -3.0770722e-04	   3.2261886e-05	  -3.6206974e-12	   2.2419946e+02	
  -2.6249162e-04	   4.7505649e-05	   2.4052515e-04	   3.7850207e-05	  -2.1693791e-12	   2.2407151e+02	
   6.4151936e-04	  -2.3578980e-07	  -2.0340098e-03	  -2.8295306e-05	   9.7641048e-13	   2.2339366e+02	
   2.9002916e-05	  -1.3393866e-05	  -1.9432966e-03	   8.0319950e-05	  -1.9984122e-12	   2.2401280e+02	
  -2.2341132e-03	   5.0192292e-05	  -2.8836115e-04	   1.1067181e-05	  -2.8000566e-12	   2.2412396e+02	
  -1.7840125e-03	   2.6586097e-05	  -7.8889527e-04	   1.8423087e-05	  -3.3471504e-12	   2.2409811e+02	
   5.6342022e-04	   8.7321966e-05	   4.4226753e-04	   2.0170155e-05	  -2.1313864e-12	   2.2407339e+02	
  -2.5123152e-03	  -2.9268559e-05	   3.5247003e-03	   9.4978596e-05	  -2.6062943e-12	   2.2426592e+02	
  -1.8113187e-03	   5.0924778e-05	   3.4184694e-03	  -5.3727055e-05	  -6.9906435e-13	   2.2397486e+02	
   1.7082114e-03	  -2.4711776e-05	   9.0047425e-04	  -2.6900108e-05	  -3.4307343e-12	   2.2407132e+02	
   1.2883521e-03	   2.4815751e-06	  -2.5034267e-03	  -4.8845844e-05	  -1.2613552e-12	   2.2401699e+02	
  -7.2015441e-04	   8.4176737e-06	   1.4995312e-03	  -1.3272409e-05	  -2.2757584e-12	   2.2416832e+02	
  -3.0879855e-03	  -1.9952827e-05	  -9.5353359e-04	   1.2877166e-05	  -9.1182306e-13	   2.2400012e+02	
  -5.4474521e-06	   2.7492714e-05	   7.8369698e-04	  -7.3304069e-06	  -2.1617805e-12	   2.2406414e+02	
   3.4117398e-04	   1.4829610e-05	   4.9602995e-04	   2.1914941e-05	   3.5713070e-13	   2.2355372e+02	
  -2.3882871e-03	   2.1765422e-05	   2.4825021e-03	   6.1604096e-06	  -8.7762970e-13	   2.2398932e+02	
  -7.2562180e-04	  -3.1596973e-05	   2.9667552e-04	   1.6668128e-05	   4.5211227e-13	   2.2353143e+02	
  -4.0298763e-04	   2.9837521e-05	   1.8340897e-03	  -7.9988925e-05	  -2.1237879e-12	   2.2401079e+02	
  -5.2629727e-04	   4.0734737e-05	   1.2035428e-04	   2.8382809e-05	  -2.2187695e-12	   2.2407527e+02	
  -1.2287466e-03	  -1.6802637e-05	  -6.2351634e-04	  -4.7598319e-06	  -1.8920329e-12	   2.2412578e+02	
   3.2824126e-04	   2.7235551e-05	   4.4559228e-04	  -3.0251920e-05	  -2.1351857e-12	   2.2407257e+02	
   1.3773757e-03	  -6.9835122e-06	   7.4438943e-04	  -2.2580392e-05	  -3.8334561e-12	   2.2403282e+02	
  -1.3501691e-03	   8.5158169e-05	  -1.9018987e-03	   1.2561647e-04	  -1.8464417e-12	   2.2390995e+02	
   1.5179765e-03	  -2.3374433e-05	   2.2706973e-03	  -5.8258958e-05	   2.3555429e-12	   2.2302285e+02	
  -3.2379267e-03	   9.1877356e-05	  -2.4781646e-03	   9.3640329e-05	  -6.5347319e-13	   2.2398269e+02	
   1.6137620e-03	   3.6350540e-06	  -1.8493974e-04	  -1.1181530e-05	  -2.1275871e-12	   2.2412316e+02	
   2.7110443e-04	   9.2970696e-06	   1.2900695e-03	  -4.2197634e-05	  -2.2377657e-12	   2.2402862e+02	
  -2.1297598e-03	   5.5373480e-05	   1.8682123e-03	  -3.2379952e-05	   1.7248653e-12	   2.2315495e+02	
  -8.5444725e-04	   3.9462638e-05	  -2.0053575e-03	   1.1163768e-04	  -1.9262263e-12	   2.2399265e+02	
   1.0979232e-03	   5.0797998e-05	   5.4769358e-04	   2.2186458e-05	   2.5455060e-13	   2.2358125e+02	
   1.6307974e-03	   8.6273792e-05	  -2.1737279e-04	  -3.5807393e-05	  -1.5804933e-12	   2.2405355e+02	
   3.9561343e-03	   1.7472342e-04	  -9.4209106e-04	  -6.8891853e-05	  -2.3365466e-12	   2.2434931e+02	
   3.4908020e-04	   2.0299432e-06	   1.9387578e-03	  -6.1706416e-05	  -2.1351857e-12	   2.2392372e+02	
   1.1758592e-03	   4.6664842e-06	   9.6266698e-04	  -1.0374102e-05	  -3.6017011e-12	   2.2409723e+02	
  -1.6893845e-03	   3.0824344e-05	  -9.5746749e-04	   2.4562753e-05	  -2.6366884e-12	   2.2409191e+02	
   2.2928051e-03	  -1.4078352e-04	   7.3605971e-05	  -1.3443479e-05	  -1.8958322e-12	   2.2392161e+02	
   1.2600191e-03	  -1.7378793e-05	   2.2564676e-04	  -1.8601511e-05	  -2.6252906e-12	   2.2409412e+02	
   6.0703528e-04	   8.6985894e-06	   8.0253682e-04	  -1.4275330e-05	  -2.2719591e-12	   2.2403390e+02	
  -4.6509909e-04	   1.3603475e-05	   2.5327709e-03	  -3.8595877e-06	   1.3791324e-12	   2.2327385e+02	
  -1.9569720e-04	   1.4879594e-05	   2.6473754e-03	   5.8734788e-05	  -1.2423590e-12	   2.2401997e+02	
  -1.3951865e-03	  -3.2025923e-05	   1.9384388e-03	   8.1161589e-05	  -1.1739721e-12	   2.2402772e+02	
   4.3001444e-04	   1.7511403e-05	  -8.7437407e-04	  -3.9305507e-05	   4.8630563e-13	   2.2352822e+02	
  -1.1305833e-03	  -4.5752254e-05	  -2.2564732e-03	  -4.9655767e-05	  -1.3639354e-12	   2.2402515e+02	
   3.5690292e-03	  -3.1056813e-05	   8.7368353e-04	  -2.7697484e-05	  -7.7504960e-13	   2.2398881e+02	
  -1.2149099e-03	   4.6206508e-05	   1.8533393e-03	  -5.4478610e-05	  -3.1381910e-12	   2.2407554e+02	
   6.7098812e-04	  -4.0035828e-05	  -5.9806218e-04	  -8.7051809e-06	  -2.2339665e-12	   2.2405828e+02	
   1.0672021e-03	  -2.2347499e-05	   3.4699338e-04	  -4.7370425e-05	  -3.5219166e-12	   2.2401973e+02	
   4.2402287e-04	  -1.9958973e-06	   1.3699993e-03	  -9.8681599e-06	  -1.6146866e-12	   2.2412367e+02	
  -2.6470322e-03	   2.0077937e-04	  -1.7418574e-03	   1.4519790e-04	   2.1313864e-12	   2.2302267e+02	
  -2.4404939e-03	   2.4802136e-05	   2.5240173e-03	   3.0278054e-06	  -8.3963707e-13	   2.2398785e+02	
  -2.5701183e-04	   4.9384800e-06	   1.6946519e-03	  -1.4436022e-05	  -2.5607031e-12	   2.2417316e+02	
   7.5737008e-04	  -3.9350943e-05	  -1.4083060e-03	   3.3209301e-05	  -2.1655798e-12	   2.2402744e+02	
  -8.6064695e-04	   2.3322845e-05	  -4.7017344e-04	   3.8493602e-05	  -4.0500141e-12	   2.2401067e+02	
   2.3423481e-03	  -3.7116140e-04	   7.5650192e-04	  -1.4365733e-04	  -1.3943295e-12	   2.2381221e+02	
  -2.4365487e-03	  -4.7672496e-06	  -3.1719146e-03	   4.6169206e-05	  -2.1807768e-12	   2.2413279e+02	
   9.3395029e-05	  -2.6964392e-05	  -6.3253128e-04	  -7.1169868e-05	  -2.0060107e-12	   2.2407942e+02	
  -6.8064018e-04	   1.6003308e-05	  -2.8592441e-03	   9.9784024e-05	   1.8730365e-12	   2.2310455e+02	
  -1.1709791e-03	   6.8995059e-05	  -1.9893541e-03	   1.2826242e-04	  -1.8616388e-12	   2.2397114e+02	
  -8.5314720e-04	  -5.7033058e-05	   4.9277040e-04	   7.8310810e-05	  -1.8654381e-12	   2.2407599e+02	
  -2.3748766e-03	  -1.5188308e-04	   1.4511500e-03	   1.3131308e-04	  -3.2103770e-12	   2.2408977e+02	
   2.1241566e-03	  -1.3223727e-04	  -9.2216828e-04	   4.8563152e-05	  -1.9034306e-12	   2.2393269e+02	
  -1.0861897e-03	  -2.6919927e-05	  -4.6916328e-08	  -6.9571074e-07	  -5.2049900e-13	   2.2403791e+02	
  -5.2757873e-04	  -5.7062435e-05	  -1.8902970e-04	   4.7127529e-05	  -2.0629997e-12	   2.2407797e+02	
   2.9562696e-04	  -1.4550371e-05	  -3.2932333e-04	  -7.4328041e-05	  -2.2149702e-12	   2.2407601e+02	
   5.6693242e-04	   1.0026569e-05	   1.0051941e-03	  -8.9491273e-06	  -2.3783385e-12	   2.2400020e+02	
   1.5227887e-04	   1.8865186e-06	   1.6545247e-03	  -1.6585130e-05	  -2.4049333e-12	   2.2417384e+02	
  -3.1978527e-03	  -3.5320386e-05	   1.0000047e-03	   3.1739043e-05	  -7.1046214e-13	   2.2399290e+02	
  -1.5086873e-03	  -1.7627608e-04	  -2.7354241e-03	  -2.6381002e-04	  -2.7164729e-12	   2.2433561e+02	
  -1.9556222e-03	   8.9638536e-05	  -1.9372484e-04	   1.6041888e-05	  -2.0098100e-12	   2.2400971e+02	
  -1.9296725e-03	   2.0668807e-05	   3.9106504e-05	   4.8837133e-06	  -3.4307343e-12	   2.2409339e+02	
  -3.0097747e-03	   1.1040784e-04	   2.7563664e-03	  -7.3982397e-05	  -6.2687836e-13	   2.2398586e+02	
  -1.3186945e-03	   1.0271298e-05	   8.6692891e-04	   1.8639636e-06	  -3.7688687e-12	   2.2406190e+02	
  -9.2137083e-04	   1.6764973e-05	  -7.5564430e-04	   3.4171203e-05	  -2.1807768e-12	   2.2405646e+02	
  -2.6925806e-03	  -2.1135488e-04	   9.2366607e-05	   3.9706566e-05	  -3.2597674e-12	   2.2410570e+02	
   1.8043491e-03	  -9.0286233e-05	  -1.2144343e-03	   5.2029164e-05	  -1.9870145e-12	   2.2393134e+02	
   4.1649559e-04	   9.8268688e-05	   3.4221365e-04	   8.4838108e-05	  -1.8692373e-12	   2.2440725e+02	
  -9.8525493e-04	  -8.7589159e-05	   2.3922291e-05	   4.2220496e-05	  -1.8844343e-12	   2.2407574e+02	
  -6.2470130e-04	  -5.7329620e-06	   4.1236336e-04	   1.6563361e-05	   2.9482279e-12	   2.2280355e+02	
  -1.3568686e-03	  -8.7405659e-05	  -1.1864899e-03	  -4.7243009e-05	  -1.6488800e-12	   2.2404944e+02	
  -2.5603021e-03	   2.0363897e-05	  -3.5876011e-04	   1.4438212e-05	   1.5614970e-12	   2.2321080e+02	
  -5.7943883e-04	   3.8014784e-05	   7.0740721e-04	  -7.6241182e-06	  -2.2111709e-12	   2.2405459e+02	
  -9.9771103e-04	  -3.0321217e-05	   1.5619519e-03	   5.4818770e-05	   7.6745108e-13	   2.2343949e+02	
  -1.6381224e-03	   7.8256123e-05	   1.0178242e-03	  -3.7367857e-05	  -2.0819960e-12	   2.2402629e+02	
   1.3550685e-03	   1.6665985e-04	   2.4222455e-03	   2.6092951e-04	  -3.3927416e-12	   2.2424228e+02	
   5.3776772e-04	  -3.4701991e-05	  -1.2655823e-04	  -3.8587464e-05	  -2.1845761e-12	   2.2407337e+02	
   4.7126961e-04	   9.5621482e-06	   2.1331466e-04	  -5.8698202e-06	  -1.0865891e-12	   2.2412038e+02	
  -2.8120016e-04	  -5.6479096e-05	  -5.1627369e-04	   5.6069286e-06	  -2.0895945e-12	   2.2407799e+02	
   1.5500429e-04	  -3.4218467e-05	  -1.2381928e-03	   2.5659001e-05	  -3.9056421e-12	   2.2401443e+02	
   4.6985541e-04	  -4.9461857e-05	  -4.7381097e-04	  -1.3058585e-05	  -2.0364048e-12	   2.2408461e+02	
  -7.9156651e-04	  -9.6274135e-05	  -4.4518274e-04	  -8.9048995e-06	  -1.9224270e-12	   2.2407750e+02	
   2.5238984e-04	   2.2049689e-05	   2.9144769e-03	   4.0460802e-05	  -1.0561950e-12	   2.2400807e+02	
   9.8607884e-04	  -1.1224963e-04	  -1.2875116e-03	   8.0074837e-05	  -2.3669407e-12	   2.2390047e+02	
   1.2981181e-03	  -1.3714613e-04	  -1.0080157e-03	   5.6882391e-05	  -2.3365466e-12	   2.2389768e+02	
  -1.3155835e-03	   1.5228384e-04	  -3.0842096e-03	   3.8589769e-04	   2.0629997e-12	   2.2307808e+02	
   4.7966034e-04	   4.8579242e-05	   1.6141767e-03	   8.6946586e-05	  -1.6298837e-12	   2.2405300e+02	
   2.3305551e-03	   5.7964881e-05	   3.5615441e-03	   3.8598284e-05	  -2.5834987e-12	   2.2419891e+02	
  -6.9280184e-04	  -8.1079709e-05	  -4.4142147e-04	  -4.9871656e-06	  -1.9148284e-12	   2.2407850e+02	
  -1.7752487e-03	   3.3652338e-05	   6.0135542e-04	  -1.7782545e-06	  -2.7126736e-12	   2.2405157e+02	
   5.6942367e-04	  -3.6312859e-05	   1.0204202e-05	  -6.9685733e-05	  -4.0234193e-12	   2.2401216e+02	
  -6.8732939e-04	  -8.8378084e-05	  -3.1711702e-04	   1.3192190e-05	  -2.0174086e-12	   2.2407983e+02	
  -1.5517535e-03	   2.8693640e-05	   1.4864405e-03	  -1.7208114e-05	  -2.6290898e-12	   2.2405028e+02	
  -1.0684642e-03	   2.6630666e-05	  -1.7236634e-03	   6.2910729e-05	  -3.3091579e-12	   2.2405380e+02	
   9.7359323e-04	   1.4079973e-06	   1.6424533e-03	  -1.4323184e-05	  -3.5219166e-12	   2.2408190e+02	
   6.6749187e-05	   6.9471545e-06	   2.0665800e-03	  -1.0776454e-04	  -2.0478027e-12	   2.2400071e+02	
  -1.4034726e-03	   1.8009203e-04	   2.7263194e-03	  -3.1649587e-04	   2.3061525e-12	   2.2296455e+02	
  -1.4960566e-04	  -6.8424672e-05	  -5.1536349e-04	  -5.4485373e-05	  -1.7552594e-12	   2.2408621e+02	
  -5.0410523e-04	  -1.7490195e-05	   2.4084029e-03	   2.2070367e-04	  -3.3699461e-12	   2.2410709e+02	
  -3.3972795e-04	   1.4178341e-05	   3.0510914e-03	   3.8927551e-05	  -9.6121348e-13	   2.2400423e+02	
   1.3071297e-03	   5.1999873e-05	  -3.7563545e-04	  -1.8063146e-05	   5.5469236e-13	   2.2350299e+02	
  -1.7751918e-03	   6.3716046e-05	  -3.8562045e-03	   1.8389140e-04	  -6.0788204e-13	   2.2398959e+02	
  -7.1980103e-04	   3.5403141e-05	   9.2639006e-04	  -1.5343397e-05	  -2.1807768e-12	   2.2404725e+02	
  -3.1562552e-03	  -3.4810499e-04	  -5.1139251e-04	  -2.3983657e-05	  -4.2171817e-13	   2.2427410e+02	
   4.3755674e-04	  -3.4659256e-05	  -1.2040858e-03	   2.3628036e-05	  -2.0971930e-12	   2.2406361e+02	
   1.4030930e-03	  -1.1743890e-05	  -1.0916268e-03	  -8.1961221e-06	  -3.5827048e-12	   2.2409222e+02	
  -5.7976154e-05	  -1.8780340e-06	  -2.2737727e-03	   1.1409020e-04	  -1.9604196e-12	   2.2394509e+02	
  -1.0323916e-03	  -1.0201711e-04	  -3.9642667e-04	  -2.4115380e-06	  -1.8160476e-12	   2.2407721e+02	
  -2.8882045e-03	  -1.3936292e-04	   3.7094011e-04	   5.2518592e-05	  -2.6480861e-12	   2.2409617e+02	
   2.5527763e-03	  -3.9817280e-05	   1.7624539e-03	  -7.1989577e-05	  -1.8160476e-12	   2.2394302e+02	
   3.7808926e-04	   6.2567373e-07	   1.2968927e-05	  -8.9287174e-06	  -9.8020979e-13	   2.2413149e+02	
   1.9929172e-03	  -1.1527851e-04	  -1.1758236e-03	   5.9058037e-05	  -1.9338247e-12	   2.2394875e+02	
   4.3770463e-04	   1.5881476e-05	  -3.5428991e-04	  -1.1975921e-04	  -3.7840657e-12	   2.2403230e+02	
  -1.5147326e-03	   8.2852520e-05	  -1.5900438e-03	   9.5069938e-05	  -2.0212078e-12	   2.2400799e+02	
  -1.0430703e-04	  -6.7759246e-06	  -5.8476308e-04	  -2.8000044e-05	   1.6716756e-13	   2.2361315e+02	
   1.4233026e-03	  -7.6872292e-05	  -1.4810444e-03	   6.0142933e-05	  -2.0592004e-12	   2.2401038e+02	
  -1.8829594e-04	  -3.1013441e-05	  -6.9196203e-04	   5.3569084e-05	  -4.0120215e-12	   2.2406132e+02	
   1.4927929e-04	  -5.9210116e-05	  -4.9354655e-04	  -1.1160053e-05	  -2.1275871e-12	   2.2407805e+02	
   2.5906362e-05	   4.5317746e-05	  -2.8487225e-05	  -5.6794297e-05	  -3.9208392e-12	   2.2418424e+02	
  -6.7288919e-04	   4.1774544e-05	  -2.3163447e-03	   1.6385412e-04	  -1.8844343e-12	   2.2396486e+02	
  -2.4176021e-04	   4.7678110e-06	   4.6730171e-05	  -1.0001076e-05	  -1.6526793e-12	   2.2421564e+02	
   2.2741612e-03	  -1.4638117e-04	  -3.8026174e-04	   1.3274621e-05	  -1.9604196e-12	   2.2398652e+02	
  -1.8417584e-03	   9.5739580e-05	   1.2630739e-03	  -5.1673525e-05	  -3.1457896e-12	   2.2401689e+02	
  -2.8465875e-04	  -3.9602425e-05	   8.2762285e-04	   1.9666553e-04	  -3.8068613e-12	   2.2424093e+02	
  -1.6300810e-03	   1.8152146e-05	  -1.3646088e-03	   2.3311628e-05	  -2.5683016e-12	   2.2408046e+02	
   5.0890663e-04	   2.0122299e-06	   1.0949464e-03	  -3.8831438e-05	  -2.1997732e-12	   2.2405065e+02	
  -1.0687030e-05	  -2.5349073e-06	   9.9263684e-05	   4.2616177e-06	   1.4057272e-13	   2.2361442e+02	
   4.2400149e-04	  -1.5509658e-05	   2.2161511e-03	  -1.1709478e-04	  -1.9528211e-12	   2.2395423e+02	
   9.6401972e-05	   4.9189868e-06	   1.9563443e-03	  -1.5918625e-05	  -3.2141763e-12	   2.2412030e+02	
  -9.8379283e-04	  -4.6104556e-05	   1.0468211e-03	   9.1451946e-05	  -1.6070882e-12	   2.2406010e+02	
   1.0591150e-03	   1.0617480e-04	  -1.3402708e-03	  -1.7970400e-04	  -3.6662885e-12	   2.2409895e+02	
   2.7422112e-03	  -1.4891161e-04	  -1.2582481e-03	   5.5425486e-05	   2.0554011e-12	   2.2304980e+02	
  -2.1908245e-03	   3.5765938e-05	  -3.8667262e-03	   1.0109304e-04	  -3.9132406e-13	   2.2398590e+02	
  -6.8095527e-04	   1.1058609e-04	   2.7245777e-03	  -3.7484800e-04	  -1.1131839e-12	   2.2376912e+02	
   2.2200253e-03	  -1.3491683e-04	  -5.3510041e-04	   2.0857519e-05	  -1.9832152e-12	   2.2399883e+02	
  -3.7465318e-04	  -1.5224024e-05	   7.1383207e-04	   3.4674717e-05	   3.9132406e-13	   2.2355288e+02	
  -2.2847171e-04	  -6.0072903e-05	  -7.8419582e-04	  -7.5350859e-05	  -1.9262263e-12	   2.2408126e+02	
   6.9946399e-05	   2.0462948e-06	   1.5442089e-04	  -5.8140949e-05	  -3.5029203e-12	   2.2420482e+02	
  -5.5144141e-04	   3.3053752e-05	   1.0042942e-03	  -1.9718714e-05	  -2.1769775e-12	   2.2405116e+02	
   4.1451660e-04	  -4.4196105e-05	   4.0691485e-05	  -5.0157976e-05	  -1.9680181e-12	   2.2414337e+02	
   4.7794354e-04	  -4.5767882e-05	  -3.4393967e-04	  -2.4831568e-05	  -2.1427842e-12	   2.2407801e+02	
  -3.8688323e-04	  -1.9972318e-06	   4.4065381e-04	  -4.0041883e-06	  -1.5614970e-12	   2.2418625e+02	
  -1.0817889e-04	  -2.2748133e-05	  -1.1275238e-03	   3.0731808e-05	  -2.1693791e-12	   2.2406085e+02	
  -1.4325346e-03	  -2.8654905e-04	  -1.2929962e-04	   5.7242069e-07	   2.6594839e-14	   2.2420938e+02	
  -1.0173484e-04	   2.2571473e-05	   9.2506594e-04	   9.5145681e-05	  -1.8198469e-12	   2.2408042e+02	
   7.2389790e-04	   2.4858938e-06	  -1.5709718e-03	  -3.3847807e-05	   9.7641048e-13	   2.2339348e+02	
   2.5267671e-04	   1.1957472e-04	   2.9053814e-04	   4.2380447e-05	  -4.0158207e-12	   2.2405887e+02	
  -2.9368871e-04	  -1.2855524e-05	   4.5146312e-04	   2.0738786e-05	   3.0014176e-13	   2.2357331e+02	
  -3.0512660e-04	  -5.1780581e-05	  -4.5926218e-04	   3.5789419e-05	  -1.9984122e-12	   2.2408472e+02	
  -2.1516951e-03	  -5.5967884e-05	   5.4942987e-04	   2.0263948e-05	   8.8142896e-13	   2.2341857e+02	
  -6.6994629e-04	   1.0206165e-05	  -1.5420180e-03	   5.2228067e-05	  -2.1237879e-12	   2.2404259e+02	
  -4.7335873e-04	  -3.7191191e-05	  -8.6599992e-04	   5.3467788e-05	  -3.5523107e-12	   2.2396952e+02	
  -6.7275814e-04	   3.8131385e-05	   1.3275895e-03	  -2.9105640e-05	  -3.4839239e-12	   2.2403050e+02	
  -1.1196296e-03	  -7.1514510e-05	   1.8709823e-03	   1.8647854e-04	  -3.3775445e-12	   2.2407320e+02	
   2.2809296e-04	   3.3852554e-05	   4.8249422e-04	  -4.3848622e-05	  -2.1199886e-12	   2.2408296e+02	
   3.5276809e-03	  -2.5424374e-05	   9.2013395e-04	  -2.6518437e-05	  -7.9784518e-13	   2.2399517e+02	
  -1.1083544e-03	   2.4456894e-05	  -3.6867567e-04	   2.4978738e-05	  -4.0082223e-12	   2.2401273e+02	
  -1.1725684e-03	   2.8903535e-05	  -1.1209424e-03	   4.1025995e-05	  -2.1275871e-12	   2.2404347e+02	
   4.7789899e-04	  -3.5532706e-05	  -2.9987133e-03	   1.6965473e-04	   2.1009923e-12	   2.2303375e+02	
  -2.8805673e-03	   1.1133362e-04	   2.9760378e-03	  -8.6225221e-05	  -5.9648425e-13	   2.2398963e+02	
  -7.1623950e-04	   1.8846323e-06	  -5.5768122e-04	   6.2357837e-06	  -3.7460731e-12	   2.2413938e+02	
   1.3471990e-03	  -1.9743605e-05	   1.5076392e-03	  -3.2946985e-05	  -2.7012759e-12	   2.2405969e+02	
   4.7235616e-04	   2.0735309e-05	  -8.6663732e-04	  -3.9434309e-05	   4.3311595e-13	   2.2354763e+02	
  -1.4873616e-04	  -7.2669961e-05	  -4.6541733e-04	  -8.2730363e-06	  -1.9718174e-12	   2.2408322e+02	
  -3.4199259e-04	  -1.6523739e-05	   7.1788700e-05	   3.0836328e-06	   1.8616388e-13	   2.2360476e+02	
   1.1508383e-03	  -9.9771549e-06	   1.0569718e-03	  -1.4438055e-05	  -1.9832152e-12	   2.2413733e+02	
   7.0591880e-05	  -3.0572702e-05	  -8.0473033e-05	  -3.2720616e-05	  -3.6320952e-12	   2.2421549e+02	
  -1.1348443e-04	  -7.3152445e-06	  -1.9039000e-03	   7.2245557e-05	  -2.0971930e-12	   2.2403177e+02	
   2.9788735e-03	  -2.5065809e-04	  -1.9003106e-03	   1.4441380e-04	   1.9300255e-12	   2.2312307e+02	
  -1.0211704e-03	   6.2584074e-06	   1.5875449e-03	   2.3124963e-06	  -2.5265097e-12	   2.2407962e+02	
   1.7581889e-03	  -7.0022764e-05	   7.8474632e-04	  -5.3093239e-05	  -3.3053586e-12	   2.2396809e+02	
  -1.1445099e-03	   2.4577778e-05	   1.3925321e-03	  -2.8810949e-05	  -1.9414233e-12	   2.2413243e+02	
   2.0324731e-03	  -7.6922987e-06	  -1.2904969e-03	  -5.4902589e-06	   1.4437198e-12	   2.2325604e+02	
   2.9848781e-03	  -4.1670285e-05	  -2.0911676e-03	   4.9573369e-06	  -8.3583781e-13	   2.2399719e+02	
   9.8308207e-04	  -3.1583356e-05	  -1.9369680e-03	   3.9491070e-05	  -2.6936772e-12	   2.2405752e+02	
  -3.1417227e-04	   3.9927956e-06	   1.6956573e-03	   1.0216781e-04	  -1.3715338e-12	   2.2404801e+02	
   1.3825906e-03	  -1.6148722e-04	  -3.1648559e-03	   3.3702110e-04	   2.0098100e-12	   2.2310070e+02	
   3.4862635e-04	  -7.5136365e-05	  -1.9294546e-03	   2.7087906e-04	  -1.9300255e-12	   2.2385280e+02	
   8.5282386e-04	   3.9699998e-05	  -3.5546494e-04	  -1.9791425e-05	   1.5956904e-13	   2.2362515e+02	
  -1.9406379e-04	   4.3679001e-05	   3.6800749e-04	   2.5340549e-05	  -2.2529628e-12	   2.2407347e+02	
  -1.5831201e-03	   1.8803781e-04	  -8.3202274e-04	   1.2388641e-04	  -2.1275871e-12	   2.2387065e+02	
   1.5330588e-03	   3.1132821e-06	  -2.4525293e-03	  -4.0491262e-05	  -1.1853700e-12	   2.2402200e+02	
  -7.7722653e-04	   1.7884527e-05	  -4.2086207e-04	   3.3478442e-05	  -2.1047916e-12	   2.2407314e+02	
  -1.6527723e-04	   4.4370130e-07	   9.5710969e-04	  -3.5737995e-06	  -1.8046499e-12	   2.2418789e+02	
  -2.5996724e-03	   4.1788394e-05	   3.4795200e-03	  -2.4002607e-05	  -3.0394102e-13	   2.2397709e+02	
   1.4996226e-03	  -4.7847431e-05	  -1.4096833e-03	   3.7671327e-05	  -2.0971930e-12	   2.2397112e+02	
   2.2323441e-03	   6.4910831e-05	  -5.2539115e-04	  -3.4293834e-05	   7.3705698e-13	   2.2347243e+02	
   2.9141885e-03	  -8.9489130e-05	   1.7814780e-03	  -6.4945679e-05	   1.6602778e-12	   2.2320268e+02	
   1.0834243e-04	  -1.4154366e-05	  -1.9545596e-03	  -1.1639235e-04	  -1.0258009e-12	   2.2403177e+02	
  -1.1687517e-04	  -7.0610872e-05	  -4.6865282e-04	  -2.1016527e-06	  -1.9338247e-12	   2.2408484e+02	
   6.7003646e-04	   2.4688446e-05	  -1.1123019e-03	  -4.7213003e-05	   4.9010490e-13	   2.2352560e+02	
  -2.7931041e-03	   3.9513367e-04	  -4.1254965e-04	   6.9714965e-05	  -1.0979869e-12	   2.2376174e+02	
  -5.9264227e-04	  -5.0871198e-06	  -8.4455975e-04	   3.5263970e-06	  -3.7688687e-12	   2.2412629e+02	
   3.9093782e-04	  -2.7376266e-05	  -3.9115844e-03	   8.8388528e-05	  -7.4845476e-13	   2.2399353e+02	
  -8.0564267e-04	  -3.0300037e-05	   1.2552252e-03	   5.4316325e-05	   2.6594839e-13	   2.2358797e+02	
  -1.9641102e-04	  -7.4282124e-05	  -4.5227141e-04	  -2.6802705e-06	  -1.9110292e-12	   2.2408535e+02	
   2.9958057e-03	   5.5887014e-06	   1.8830488e-03	  -3.3897227e-06	   1.0599944e-12	   2.2339695e+02	
  -1.3292033e-03	   2.9894347e-06	   7.1165086e-05	   1.1774603e-05	  -2.5227105e-12	   2.2393302e+02	
  -5.6818775e-04	  -1.1542401e-05	   1.8585720e-04	   7.3735909e-06	  -1.1929685e-12	   2.2411748e+02	
  -4.6439375e-04	  -8.6682047e-06	  -8.0000335e-04	   3.9283483e-05	  -2.0326056e-12	   2.2407449e+02	
  -1.2432315e-03	  -1.5391717e-04	  -5.3386901e-05	   5.1596310e-05	  -3.4763255e-12	   2.2406169e+02	
   5.1086870e-04	  -4.7219050e-05	  -3.9186218e-04	  -1.9095336e-05	  -1.9870145e-12	   2.2408556e+02	
   1.8330196e-05	   2.1519829e-06	   1.4598800e-03	   4.0061709e-06	  -2.7810603e-12	   2.2417449e+02	
  -3.8221723e-03	  -3.7241191e-05	  -2.1705622e-03	   2.8299930e-05	  -1.2575560e-12	   2.2438749e+02	
   1.2211077e-03	  -2.2716765e-05	  -1.3284927e-03	   1.2661332e-05	  -2.1351857e-12	   2.2413375e+02	
   1.2968832e-03	  -7.9233049e-05	  -1.8280931e-03	   9.2666566e-05	  -1.9718174e-12	   2.2400582e+02	
  -7.6082340e-04	  -7.1851263e-05	  -3.4218658e-03	  -2.0196295e-04	  -3.0963992e-12	   2.2415136e+02	
  -4.9774739e-04	   9.7654321e-06	  -2.3034605e-04	   5.0573597e-05	  -1.9794158e-12	   2.2408525e+02	
   7.7153065e-04	  -6.6886144e-06	   1.9000810e-04	  -2.6319281e-05	  -2.3783385e-12	   2.2405235e+02	
   2.6882830e-04	   8.9776769e-06	  -8.9892068e-04	  -4.1381312e-05	   3.5333144e-13	   2.2357168e+02	
   6.2767343e-04	   9.2505824e-05	   1.5264190e-04	  -1.9855280e-05	  -1.4171250e-12	   2.2407785e+02	
  -2.9168570e-04	   1.8349930e-05	   2.6834329e-03	  -6.4940375e-05	   1.8540402e-12	   2.2312066e+02	
   2.6677736e-03	   1.1408221e-04	   6.1389915e-04	   8.3602872e-06	  -5.9648425e-13	   2.2398862e+02	
   3.5772177e-03	   5.5849280e-05	  -1.0434718e-03	  -3.5017330e-05	  -3.6092996e-13	   2.2396783e+02	
  -8.7716444e-04	  -3.0949950e-07	  -9.5302411e-04	   3.3406269e-06	  -1.9718174e-12	   2.2418535e+02	
   7.8878597e-04	  -4.5890195e-05	  -2.2199792e-03	   1.1042411e-04	  -1.9376240e-12	   2.2398130e+02	
  -9.3135118e-04	  -3.2354480e-05	  -7.8118452e-04	  -6.9897656e-06	   8.5863338e-13	   2.2343237e+02	
   3.6283688e-04	  -3.2635461e-06	  -1.8905532e-04	  -5.8526669e-05	  -2.3175503e-12	   2.2407147e+02	
   1.6856423e-03	   3.8917501e-05	  -1.6569208e-03	  -4.3605568e-05	   8.5483412e-13	   2.2343164e+02	
  -2.1685858e-03	  -2.0574420e-04	   2.1631188e-03	   2.4311715e-04	  -2.8646441e-12	   2.2431817e+02	
   3.1967397e-04	  -3.2524723e-05	  -1.8514910e-04	  -9.8997612e-06	  -3.2673660e-12	   2.2422058e+02	
   1.3969475e-03	  -3.7988090e-05	   1.0372742e-03	  -4.3126865e-05	  -2.0933938e-12	   2.2404776e+02	
   4.1856845e-04	  -2.4501775e-05	   1.9189217e-04	  -6.9443509e-05	  -4.2361780e-12	   2.2404179e+02	
   8.5984000e-04	  -1.7728814e-05	   1.4796617e-03	  -5.4075151e-05	  -2.0781968e-12	   2.2404525e+02	
   2.4030462e-03	  -1.8375465e-04	  -2.5305240e-03	   1.7854578e-04	   4.2209810e-12	   2.2222362e+02	
   1.3670258e-03	  -5.9341440e-05	  -1.3320743e-03	   3.6975237e-05	  -2.0705982e-12	   2.2404370e+02	
   7.9249815e-04	   3.0989753e-06	   1.3197654e-03	  -2.5493029e-05	  -3.8106606e-12	   2.2402868e+02	
  -1.0834994e-03	   6.8085207e-05	   1.3959930e-03	  -4.8635918e-05	  -3.3319534e-12	   2.2394410e+02	
   3.7310460e-04	  -4.7216704e-05	  -1.0880963e-03	   1.7833228e-05	  -3.7992628e-12	   2.2401975e+02	
   1.5616246e-04	  -1.6890853e-05	  -3.1723890e-03	  -1.0873598e-05	  -1.0865891e-12	   2.2401623e+02	
  -9.6935532e-04	  -3.6372149e-06	   1.3503375e-04	  -1.9123168e-06	  -1.9452225e-12	   2.2419850e+02	
   3.6472795e-04	   1.3306239e-04	   6.3578821e-05	   3.4586179e-06	  -4.0044229e-12	   2.2414367e+02	
  -2.4549487e-04	   1.4396307e-05	   2.1781928e-03	  -5.6557839e-05	  -2.6328890e-12	   2.2401539e+02	
  -7.2601899e-04	   3.2961635e-05	  -2.2539433e-03	   1.1625032e-04	  -1.9338247e-12	   2.2398672e+02	
   7.7680761e-06	  -1.4766371e-05	  -1.1848681e-03	  -5.8028768e-06	   2.9140346e-12	   2.2280803e+02	
   1.2565431e-03	  -4.3135136e-06	  -1.8741838e-03	  -7.3787492e-06	   1.4285228e-12	   2.2326227e+02	
   7.9544337e-04	  -5.0944307e-06	  -6.6089907e-04	  -9.7826710e-06	  -1.8312447e-12	   2.2419181e+02	
   7.3283524e-04	  -3.2324714e-05	  -9.9073642e-04	   5.7283428e-07	  -3.8980436e-12	   2.2405693e+02	
   1.5718919e-05	   7.8783898e-06	  -1.2047378e-04	  -1.8716780e-05	  -3.0850014e-12	   2.2431721e+02	
  -9.9333523e-04	  -1.0751841e-04	  -2.6941264e-03	  -2.1450016e-04	  -3.4573291e-12	   2.2411836e+02	
  -1.2655536e-03	  -5.8994678e-05	   8.9546381e-04	   7.3585651e-05	  -1.8084491e-12	   2.2406382e+02	
   4.7745121e-04	  -1.1824933e-05	   2.4942606e-03	  -1.1499209e-04	  -2.5265097e-12	   2.2399020e+02	
   3.6779052e-03	   2.6012045e-04	  -6.9218041e-04	  -7.1338801e-05	  -2.7126736e-12	   2.2431518e+02	
  -3.2773859e-03	  -3.0735661e-04	   4.8392395e-04	   7.7063478e-05	  -1.1435780e-12	   2.2435463e+02	
   1.3354003e-03	  -3.6094759e-05	   1.1136178e-03	  -4.5903967e-05	  -2.0781968e-12	   2.2404355e+02	
  -2.1589878e-04	   1.1589667e-05	   1.1455078e-03	   7.2921486e-06	   2.9862205e-12	   2.2277706e+02	
   6.4438687e-04	  -2.8237479e-05	   7.1811210e-05	  -3.9851880e-05	  -1.9946129e-12	   2.2408539e+02	
   2.3233936e-04	   1.5969415e-06	   1.7602102e-03	  -1.9913422e-05	  -2.3783385e-12	   2.2416402e+02	
  -1.7960929e-05	  -5.8753757e-05	  -5.5682321e-04	   1.5118544e-05	  -1.8274453e-12	   2.2408942e+02	
  -1.7429682e-04	   6.2291063e-07	  -2.4566348e-04	   4.3566111e-07	  -1.6830735e-12	   2.2421968e+02	
  -1.0851968e-03	   5.6588489e-06	  -1.3998263e-03	   1.4395600e-05	  -2.5189113e-12	   2.2417609e+02	
  -4.5127842e-04	   2.2230567e-07	  -2.9956621e-04	   5.3524624e-05	  -1.8616388e-12	   2.2408956e+02	
   1.2563591e-03	  -3.4947482e-05	  -7.3241578e-04	  -9.1466769e-06	  -3.7574708e-12	   2.2403539e+02	
  -4.1208352e-04	  -1.1253549e-05	  -5.9791026e-04	   4.4350002e-05	  -1.9376240e-12	   2.2408993e+02	
  -3.2743051e-04	  -1.0183309e-04	  -3.2426861e-04	  -6.4020294e-05	  -3.2559681e-12	   2.2432040e+02	
   1.3127205e-04	  -1.9590619e-05	  -2.4744948e-03	  -1.8906338e-04	  -3.1951799e-12	   2.2407419e+02	
  -1.8520170e-04	  -1.1018831e-05	  -3.1943717e-04	   7.0132146e-05	  -4.0044229e-12	   2.2412721e+02	
  -2.1591354e-03	  -1.2530112e-04	   1.6291411e-03	   1.3641458e-04	  -3.0432094e-12	   2.2408695e+02	
   7.1851787e-05	  -1.7952719e-05	  -1.6201375e-03	   4.6452695e-05	  -2.0743975e-12	   2.2405936e+02	
  -2.1443956e-03	   6.3594130e-05	  -1.2577410e-03	   4.3451425e-05	  -2.6480861e-12	   2.2407944e+02	
   6.4398911e-05	   2.8908412e-05	   4.9118112e-04	  -4.7749645e-05	  -2.2985539e-12	   2.2413414e+02	
   1.5876977e-03	  -7.1494915e-05	  -1.1111517e-03	   3.2447517e-05	  -1.9908137e-12	   2.2405719e+02	
  -8.3139948e-04	  -6.2263872e-05	   5.9316142e-04	   8.9801774e-05	  -1.1967678e-12	   2.2406664e+02	
   1.1245142e-03	   1.1416396e-04	   2.3814009e-03	   1.8672160e-04	  -3.2787638e-12	   2.2411022e+02	
  -8.5113934e-05	   4.4073689e-05	   4.0866996e-04	   4.3018076e-05	  -2.3137510e-12	   2.2407326e+02	
   2.0603998e-03	  -1.1015303e-04	  -1.0065448e-03	   4.1827798e-05	  -1.9870145e-12	   2.2402488e+02	
  -1.1099516e-03	   3.9228428e-05	  -1.0088602e-05	   2.6131704e-05	  -3.6510915e-12	   2.2402206e+02	
   2.0266509e-03	   2.2564831e-04	   2.2191202e-03	   2.1538628e-04	   3.3395520e-12	   2.2319710e+02	
   2.9284745e-03	   5.5417605e-05	   1.2331131e-04	  -1.4786965e-05	   9.5741422e-13	   2.2341618e+02	
  -5.0147521e-04	  -1.5951790e-05	  -1.3203506e-04	   4.7070591e-05	  -2.3555429e-12	   2.2406735e+02	
   1.4908340e-03	  -1.6504742e-04	   2.1090133e-03	  -2.6151277e-04	  -2.2263680e-12	   2.2391654e+02	
  -8.7088428e-04	   1.0793690e-05	   1.5688277e-03	  -1.4475166e-05	  -2.6252906e-12	   2.2416823e+02	
   1.3949324e-03	  -1.8547961e-05	   1.3485909e-03	  -2.6829378e-05	  -2.6062943e-12	   2.2409572e+02	
  -1.4198579e-03	   2.6121845e-04	   1.5690864e-03	  -2.5452779e-04	  -1.6488800e-12	   2.2382045e+02	
  -6.2806017e-04	  -1.9326674e-05	   1.7875124e-03	   6.3654219e-05	   6.6487098e-13	   2.2347853e+02	
  -5.2707533e-04	   2.8495792e-05	   1.3483388e-03	  -3.6559597e-05	  -1.9908137e-12	   2.2406326e+02	
  -2.2227763e-04	   5.0637497e-05	   1.6237636e-04	   9.2738278e-05	  -4.0994046e-12	   2.2403233e+02	
   1.5413239e-03	  -1.6280277e-04	   8.1500894e-04	  -1.2160581e-04	  -2.2225687e-12	   2.2387439e+02	
  -2.4047785e-03	  -2.7181014e-05	  -1.3441021e-03	  -7.9178395e-06	   1.2765523e-12	   2.2332716e+02	
  -1.9551567e-04	   1.6911577e-05	   1.4186139e-03	  -1.7665659e-05	  -2.4315282e-12	   2.2398245e+02	
   9.7555944e-04	  -4.0938640e-05	   2.0979823e-03	  -1.0457630e-04	  -1.9224270e-12	   2.2399809e+02	
  -1.9408919e-03	   1.0200827e-04	   4.8530427e-05	   1.4484536e-05	  -3.2521689e-12	   2.2394676e+02	
  -3.4209397e-05	   3.4751579e-05	   1.8213947e-03	  -2.4074634e-04	  -2.0857952e-12	   2.2386032e+02	
   1.4146462e-03	   2.5467343e-04	   3.4414864e-04	   5.3329145e-05	  -3.3851432e-12	   2.2430048e+02	
  -1.8241699e-03	   5.6150771e-05	  -1.2439708e-03	   4.2200007e-05	  -1.9908137e-12	   2.2400087e+02	
  -1.0150595e-03	   9.5787759e-07	  -1.0583551e-03	   1.6668885e-05	  -2.4885172e-12	   2.2392509e+02	
  -1.9088538e-03	   1.8259704e-04	   2.8593945e-03	  -2.5404563e-04	   1.9680181e-12	   2.2311399e+02	
   3.8252150e-04	  -2.4745276e-05	  -1.1289079e-03	   3.0544908e-06	  -2.4163311e-12	   2.2402251e+02	
   1.8539886e-03	  -9.1694203e-05	  -2.9805114e-04	  -9.6668123e-06	  -3.2939609e-12	   2.2394717e+02	
  -1.3125995e-03	  -9.6282881e-05	  -5.2336150e-04	  -1.0921709e-05	  -1.9414233e-12	   2.2406870e+02	
  -6.9850578e-04	  -5.8960807e-06	   6.6268123e-04	   3.3415622e-06	  -1.5197051e-12	   2.2417163e+02	
   5.0705501e-04	  -7.3536911e-07	   1.0597905e-03	  -4.2031488e-05	  -1.9984122e-12	   2.2406872e+02	
  -2.5901099e-07	  -3.9432280e-05	  -7.9172694e-04	   2.6215045e-05	  -1.8464417e-12	   2.2408813e+02	
   1.3450412e-03	   1.1870806e-06	   3.2015945e-04	  -8.7924232e-06	  -2.4809185e-12	   2.2418416e+02	
   9.0890788e-04	  -5.4808143e-05	  -2.0300289e-03	   9.5978814e-05	  -2.0250070e-12	   2.2402711e+02	
  -2.3886112e-04	  -3.2225015e-06	  -2.0202587e-04	  -5.3869358e-06	  -1.2765523e-12	   2.2417085e+02	
   7.0364253e-04	   4.3730408e-07	   7.7850475e-04	  -1.9014332e-05	  -3.5409129e-12	   2.2413515e+02	
   2.3032348e-03	  -1.0480033e-04	   8.8161080e-05	  -1.2528777e-05	  -1.9680181e-12	   2.2402627e+02	
  -1.0770437e-03	  -9.0066339e-05	  -1.2234989e-04	   2.3945339e-05	  -2.1389850e-12	   2.2408012e+02	
   3.5180335e-04	  -2.5451703e-05	  -2.3073388e-03	   1.1721695e-04	  -1.9832152e-12	   2.2401772e+02	
   3.6680984e-03	  -8.3943708e-05	   1.4925555e-03	  -5.3996280e-05	   1.3791324e-12	   2.2331863e+02	
   1.6798295e-04	   3.9295331e-05	   5.4784558e-04	  -1.9462015e-05	  -2.4353274e-12	   2.2405850e+02	
  -6.6008232e-04	   7.3502048e-06	  -1.0641827e-03	   4.1195376e-05	  -1.9376240e-12	   2.2407181e+02	
   9.9333928e-04	  -4.5255055e-05	  -1.4105641e-03	   3.5246767e-05	  -2.0136093e-12	   2.2405991e+02	
   1.9177457e-03	  -5.3993771e-05	  -1.8683361e-03	   4.0865116e-05	   1.9034306e-12	   2.2310561e+02	
   2.0222321e-03	  -3.1984887e-04	  -2.7093598e-04	   1.4546454e-05	  -1.8350440e-12	   2.2384194e+02	
   5.9823972e-04	   1.4946743e-04	   3.0720762e-04	   4.2230086e-05	  -4.2513751e-12	   2.2405363e+02	
  -1.9420551e-03	   9.1663035e-05	  -9.7898030e-04	   5.1358528e-05	  -1.9794158e-12	   2.2403310e+02	
   3.3317762e-03	   3.6271243e-05	  -1.7090408e-04	  -6.9777785e-06	   8.5863338e-13	   2.2345920e+02	
  -1.4553887e-03	   6.9842773e-05	  -1.8446522e-03	   9.4729336e-05	  -1.9528211e-12	   2.2401059e+02	
  -2.6682639e-04	  -1.1139713e-05	   6.2513417e-04	   3.1415632e-05	   6.8386730e-14	   2.2364920e+02	
   3.3151829e-03	  -1.0668363e-04	   2.5571346e-03	  -1.0851306e-04	  -6.1168130e-13	   2.2399621e+02	
  -1.2721677e-03	   2.0304859e-05	  -1.4481523e-03	   3.3871655e-05	  -2.6480861e-12	   2.2409189e+02	
   1.6878555e-03	  -5.9993227e-05	   9.8819398e-04	  -4.7630781e-05	  -2.0174086e-12	   2.2404742e+02	
   7.2826416e-04	  -4.3897167e-07	   1.0985319e-03	  -1.0630031e-05	  -2.0516019e-12	   2.2417907e+02	
   9.5320188e-04	  -2.0938561e-05	   6.9487556e-04	  -3.7315820e-05	  -1.9604196e-12	   2.2407079e+02	
   3.2863745e-03	   2.2909202e-04	  -1.7489625e-03	  -1.4614741e-04	  -2.9862205e-12	   2.2426811e+02	
  -2.1912584e-03	   8.6914280e-05	  -7.1044528e-04	   3.1637157e-05	  -1.9262263e-12	   2.2402793e+02	
  -1.1629649e-03	  -1.9514426e-04	   2.0705431e-04	   7.4744500e-05	  -3.9360362e-12	   2.2415811e+02	
  -3.2566327e-04	  -1.5583108e-05	  -8.0303588e-04	   4.0831061e-05	  -1.8312447e-12	   2.2408817e+02	
  -1.7010607e-03	  -6.0770405e-05	   2.1894104e-03	   1.0897467e-04	  -4.6730932e-13	   2.2398010e+02	
   3.9836165e-05	   1.1226281e-06	   2.9176495e-04	  -3.4332131e-05	  -3.2901616e-12	   2.2421508e+02	
   1.0282947e-03	  -8.2231180e-06	   1.3492137e-03	  -2.4352126e-05	  -2.6860788e-12	   2.2408337e+02	
  -2.1482413e-03	   7.8345872e-05	  -7.8012751e-04	   3.2110982e-05	  -1.9376240e-12	   2.2402122e+02	
   1.0687035e-03	   1.7377111e-04	  -5.2933761e-04	  -1.0668789e-04	  -3.9094413e-12	   2.2414631e+02	
  -3.9026081e-04	  -7.9718710e-06	  -2.9906054e-05	   6.8271502e-05	  -1.6982705e-12	   2.2409097e+02	
  -5.0543889e-04	   1.9480344e-05	   4.3776798e-03	   1.0783492e-04	  -2.5037142e-12	   2.2433277e+02	
  -3.6063778e-04	  -4.1831829e-05	  -3.2451346e-04	   5.1655409e-05	  -1.7286646e-12	   2.2409198e+02	
  -5.5985807e-04	  -1.1547172e-04	  -1.1236209e-03	  -1.3389697e-04	  -3.8942443e-12	   2.2405210e+02	
  -4.2116585e-04	  -5.9656666e-06	  -3.9806516e-04	   5.2195685e-05	  -1.8160476e-12	   2.2409418e+02	
   2.9853943e-03	  -6.0151276e-05	   2.3649534e-03	  -8.9814902e-05	  -1.7818542e-12	   2.2405995e+02	
   5.0868717e-04	   6.7586673e-05	   3.1770697e-03	   2.7390077e-04	  -2.0402041e-12	   2.2437003e+02	
  -2.0789486e-04	  -9.9255949e-07	  -3.4707979e-03	   9.6830611e-05	   1.5994896e-12	   2.2323133e+02	
   9.8875903e-04	   1.6298369e-04	   1.9694983e-04	  -5.2597966e-06	  -3.9398354e-12	   2.2403879e+02	
  -7.0593252e-04	  -1.9582556e-06	  -1.0547742e-03	   3.0000592e-06	  -2.0022115e-12	   2.2418786e+02	
   1.6214603e-03	  -3.9174791e-06	  -3.7391317e-04	  -4.6324235e-06	  -2.1579812e-12	   2.2402005e+02	
   1.9118064e-03	   8.8079903e-05	  -3.5181204e-03	  -2.1843140e-04	  -2.5986957e-12	   2.2432482e+02	
  -2.2939174e-03	  -6.0289770e-05	   1.3097252e-04	   9.2706818e-06	   8.7383043e-13	   2.2343076e+02	
   1.6301787e-03	  -6.6631818e-05	   1.3494895e-03	  -6.7175004e-05	  -2.0326056e-12	   2.2403991e+02	
   3.4415662e-03	  -2.2574758e-05	  -1.5193907e-03	   2.8393635e-06	   1.1169833e-12	   2.2339544e+02	
  -4.6465016e-04	  -4.8614332e-05	  -1.3446440e-04	   5.8080076e-05	  -1.6450807e-12	   2.2408889e+02	
  -1.1279714e-03	  -7.7268461e-05	   3.2318252e-04	   5.5960560e-05	  -2.1503827e-12	   2.2407693e+02	
  -1.6422245e-03	   3.5512670e-05	   1.9344796e-03	  -2.2500547e-05	   1.7970512e-12	   2.2314385e+02	
  -3.9905324e-04	  -5.2716344e-06	  -8.4643052e-04	  -7.5791790e-07	  -2.4809185e-12	   2.2422778e+02	
   3.3910812e-04	  -7.7875119e-06	  -1.2088340e-03	  -4.4715559e-05	   8.7762970e-13	   2.2343338e+02	
   1.3251708e-03	  -2.4520188e-04	  -1.9159215e-03	   3.1567524e-04	  -1.5007088e-12	   2.2380362e+02	
  -7.9942382e-04	  -6.3575392e-05	   1.0802080e-03	   1.6452515e-04	  -3.8182590e-12	   2.2404018e+02	
  -4.1854414e-04	  -5.1911355e-06	  -1.0017161e-03	   4.1798723e-05	  -1.8540402e-12	   2.2408136e+02	
   1.0463059e-03	  -1.2163192e-05	  -1.5256350e-03	   3.2258780e-06	   2.4353274e-12	   2.2298680e+02	
   1.7369049e-03	  -1.8839666e-04	  -6.8241545e-05	  -2.6194646e-05	  -2.2947547e-12	   2.2388325e+02	
   1.3194486e-03	  -5.0950774e-06	  -3.3597521e-03	  -2.6741241e-06	   1.0485965e-12	   2.2341229e+02	
   1.3787310e-04	  -3.9210397e-05	  -4.1506843e-04	  -4.8736857e-05	  -2.4391267e-12	   2.2406652e+02	
  -2.3576667e-03	  -2.7501832e-04	   1.8421657e-03	   2.5092344e-04	   2.2035724e-13	   2.2416512e+02	
   5.4209680e-04	  -3.2012934e-06	   1.9187919e-03	  -3.0797115e-05	  -2.6176920e-12	   2.2408762e+02	
   1.5597343e-03	  -3.4965621e-05	  -7.7366174e-04	  -3.0067077e-06	  -3.5789055e-12	   2.2405936e+02	
   1.7457685e-03	  -5.6887456e-05	   4.2558654e-04	  -2.6826264e-05	  -1.9908137e-12	   2.2406008e+02	
   3.2427618e-03	  -4.5424494e-05	   1.9532956e-03	  -4.9904445e-05	  -7.9404592e-13	   2.2400085e+02	
  -8.3642966e-04	  -2.9256724e-06	  -2.2969556e-04	   8.6943227e-06	   3.0432094e-12	   2.2276547e+02	
   1.7613732e-04	   6.2243603e-05	   4.1909217e-04	   1.0469668e-05	  -2.4125319e-12	   2.2406811e+02	
  -1.8937849e-03	  -2.1182350e-04	  -2.6335821e-03	  -2.3749981e-04	   2.5607031e-12	   2.2351358e+02	
  -2.8451839e-03	  -1.2381404e-04	  -5.7833289e-04	  -5.9783448e-06	  -4.2931669e-13	   2.2397664e+02	
   1.3942843e-03	  -8.4407165e-05	   2.3671144e-03	  -1.6635691e-04	   3.0280124e-12	   2.2276015e+02	
   3.0180012e-04	  -1.3676714e-05	  -1.4998764e-03	   1.3415859e-05	  -2.4961156e-12	   2.2392607e+02	
  -5.6923400e-04	   4.5806335e-07	  -1.6110483e-03	   7.5807241e-05	  -3.3851432e-12	   2.2394386e+02	
  -1.3801870e-03	   2.1245515e-05	  -7.1361915e-04	   2.3019668e-05	  -2.4087326e-12	   2.2398276e+02	
   1.1253500e-03	  -8.7913275e-06	   5.8074034e-04	  -2.0872725e-05	  -2.4733201e-12	   2.2400398e+02	
  -4.4490892e-04	  -6.0228802e-06	  -1.1793064e-03	  -2.9145936e-06	  -2.3023532e-12	   2.2419310e+02	
   3.4720824e-04	   5.6054633e-05	   3.3072787e-04	  -2.2799855e-05	  -2.4543237e-12	   2.2406417e+02	
  -1.2442410e-03	   1.3609789e-05	   2.2131587e-03	   5.5082727e-05	  -2.4049333e-12	   2.2395895e+02	
  -1.9963140e-03	   7.5660178e-05	   9.6785108e-04	  -2.6947653e-05	   3.5637085e-12	   2.2252756e+02	
  -8.1378265e-04	   4.3617921e-06	  -1.0304976e-03	   4.4422485e-05	  -3.6776864e-12	   2.2402179e+02	
  -3.7616606e-04	  -1.1687876e-04	  -5.1967797e-05	   5.4270984e-05	  -4.1525941e-12	   2.2414472e+02	
  -1.8692404e-03	   8.0652598e-05	  -2.7225454e-04	   1.6576193e-05	  -1.8768358e-12	   2.2407171e+02	
  -1.0153870e-03	   3.2353813e-05	  -1.6636311e-03	   6.7402869e-05	  -2.1807768e-12	   2.2387963e+02	
   1.1932207e-03	   2.2200144e-04	  -5.7067660e-04	  -1.1108047e-04	  -2.3213496e-12	   2.2440062e+02	
   5.7162446e-04	  -1.8824500e-05	   2.1118856e-03	  -9.8666101e-05	  -2.0060107e-12	   2.2404192e+02	
   2.8829279e-03	  -8.5489965e-05	  -3.0873803e-03	   4.3345519e-05	  -2.2301673e-12	   2.2417212e+02	
   7.9321318e-04	  -2.7349174e-05	   2.1114440e-03	  -9.0124742e-05	  -1.9186276e-12	   2.2404752e+02	
  -1.2884010e-04	   4.2753499e-05	   4.5699696e-04	  -4.4933744e-05	  -1.8502410e-12	   2.2414153e+02	
   4.0268925e-04	  -9.9249736e-06	   2.2274528e-03	  -8.7947106e-05	  -1.9566204e-12	   2.2402721e+02	
  -1.6099169e-03	   7.5028697e-05	   1.3039207e-03	  -5.2457564e-05	  -1.9794158e-12	   2.2405069e+02	
  -2.7692673e-04	   1.3513834e-05	   6.5822444e-04	   1.3844816e-04	  -3.8410547e-12	   2.2403875e+02	
   3.0831992e-03	   4.0851342e-05	   2.6680114e-03	   1.3844996e-05	  -2.5455060e-13	   2.2396912e+02	
  -1.5486636e-03	  -2.1805665e-04	   1.4036373e-03	   2.2974807e-04	  -1.8730365e-12	   2.2439353e+02	
   1.1901888e-03	   7.1723636e-06	   1.7022245e-04	  -1.1101451e-05	  -2.6214913e-12	   2.2391873e+02	
   3.4513065e-04	  -1.5737879e-06	  -1.4770699e-03	  -2.4637613e-05	   1.9908137e-12	   2.2314477e+02	
  -1.7368299e-03	   7.4895744e-05	  -1.1692388e-03	   5.5984884e-05	  -2.0022115e-12	   2.2405059e+02	
  -2.9665673e-03	  -2.8384455e-04	  -1.5263954e-03	  -1.1258857e-04	  -2.6214913e-12	   2.2433936e+02	
  -3.5980273e-03	   1.0605182e-04	  -1.9583868e-03	   7.9364274e-05	  -6.6867025e-13	   2.2400038e+02	
   2.0088888e-03	  -6.4073824e-05	  -1.8279516e-03	   4.6611056e-05	   1.9718174e-12	   2.2308545e+02	
  -1.5452013e-03	   2.1599638e-04	  -2.3683297e-03	   3.4869537e-04	  -1.1131839e-12	   2.2375540e+02	
  -7.7951460e-04	   2.6036793e-05	   1.2299969e-03	  -1.2405038e-05	  -2.4467252e-12	   2.2398879e+02	
   1.4139793e-03	  -5.7572556e-05	  -9.3067148e-04	   1.8523407e-05	  -1.8616388e-12	   2.2407005e+02	
  -5.2432775e-04	   4.2590752e-06	   1.7409445e-03	  -3.7225478e-06	  -2.9178338e-12	   2.2415451e+02	
   1.3886350e-03	  -5.3834882e-05	   1.7809016e-03	  -8.0667561e-05	  -1.9680181e-12	   2.2403721e+02	
  -2.0426756e-03	   1.4533098e-04	   8.2633926e-04	  -4.2418034e-05	  -3.0584065e-12	   2.2394051e+02	
  -9.3012034e-04	   1.1590002e-04	  -2.6240674e-03	   3.5626286e-04	  -1.1967678e-12	   2.2376861e+02	
   1.8336565e-03	  -7.7404557e-05	  -4.3289677e-04	   4.9792739e-06	  -1.8540402e-12	   2.2407402e+02	
   1.2639892e-04	  -2.4714455e-05	  -1.1502263e-03	   1.6695747e-05	  -2.6062943e-12	   2.2410110e+02	
  -1.6924063e-03	   7.2551168e-05	  -1.1972666e-03	   5.6973068e-05	  -1.9186276e-12	   2.2405615e+02	
   2.6139554e-03	  -1.4579754e-05	   3.5289266e-03	  -5.0019321e-05	  -3.0394102e-13	   2.2398838e+02	
  -7.5195803e-04	  -2.3235968e-05	   2.9715138e-03	   2.0174399e-04	  -3.0242132e-12	   2.2412729e+02	
  -1.9491785e-03	   8.6638863e-05	  -1.0776067e-03	   5.2117079e-05	  -1.9566204e-12	   2.2404474e+02	
   2.3796802e-03	  -2.3829182e-04	   2.4154426e-03	  -2.6315364e-04	   2.0516019e-12	   2.2309309e+02	
   5.0717738e-04	   5.5302409e-06	   1.6920775e-03	  -1.8520098e-05	  -3.6852849e-12	   2.2405189e+02	
  -1.1166386e-03	   2.2806003e-05	   1.0061695e-03	  -8.2765478e-06	  -2.6100936e-12	   2.2409705e+02	
   2.3443086e-03	   7.0654886e-05	  -9.7366591e-05	  -4.2612695e-05	  -2.5796995e-12	   2.2395793e+02	
  -1.0612719e-03	   5.1708620e-05	   2.5799760e-03	  -9.5673045e-05	   2.0743975e-12	   2.2305269e+02	
   6.0284079e-04	  -8.6730094e-05	  -1.5407798e-03	   1.1722097e-04	  -2.4619223e-12	   2.2389586e+02	
   1.8232767e-03	  -7.6631858e-05	  -7.2722227e-04	   1.6470134e-05	  -1.9528211e-12	   2.2406024e+02	
   8.9787022e-04	   5.0768064e-06	   9.1651304e-04	  -5.7315106e-06	  -1.8350440e-12	   2.2415523e+02	
  -2.0505920e-03	   9.2534142e-05	   4.7025545e-04	  -1.6354542e-05	  -1.9300255e-12	   2.2405116e+02	
   1.6307602e-03	  -8.9755532e-07	   7.0527180e-04	  -1.3058454e-05	  -3.6320952e-12	   2.2407623e+02	
   9.9193067e-04	   2.1542821e-06	  -1.1888692e-03	  -9.5758238e-06	  -2.0554011e-12	   2.2404580e+02	
  -2.1343167e-03	   2.9040938e-06	   6.0070342e-04	   1.2778185e-05	   1.5918911e-12	   2.2321596e+02	
   1.5451733e-03	  -3.0236045e-05	  -3.2779944e-04	  -7.7585269e-06	  -2.4657215e-12	   2.2397703e+02	
  -1.6952360e-03	  -7.9510234e-05	   3.5301121e-03	   2.2816251e-04	  -2.8608448e-12	   2.2427343e+02	
   6.6835002e-04	  -3.7389526e-05	  -2.1289036e-03	   9.1024942e-05	  -1.8578394e-12	   2.2405891e+02	
  -1.0914394e-03	  -3.9374530e-06	  -8.1755058e-04	   2.4502445e-06	  -1.9186276e-12	   2.2413574e+02	
  -3.8862660e-04	   6.5806268e-06	  -1.8896925e-03	   7.8329204e-05	  -1.8882335e-12	   2.2406674e+02	
  -2.3072520e-03	   1.8646649e-04	   1.8502706e-03	  -1.3342972e-04	   2.3365466e-12	   2.2296297e+02	
  -4.4399875e-04	   1.7809784e-06	  -1.4677552e-03	   5.0723482e-05	  -1.9262263e-12	   2.2407472e+02	
   1.9335839e-03	  -7.8317545e-05	   1.4792045e-03	  -7.4288605e-05	   2.8912389e-12	   2.2281430e+02	
   2.0345880e-03	  -8.6888506e-05	  -3.5988127e-04	   3.6502247e-06	  -1.9452225e-12	   2.2405758e+02	
  -8.5898937e-05	  -1.0040755e-05	  -1.2287821e-03	  -6.2102423e-06	  -3.5105188e-12	   2.2414416e+02	
  -5.7492255e-04	   1.2800328e-05	   2.8995072e-03	   2.7507328e-05	  -1.2119649e-12	   2.2402791e+02	
  -2.1253960e-03	   4.3319172e-05	   7.4111446e-04	  -6.3604016e-06	   4.0538134e-12	   2.2229983e+02	
   1.1113911e-03	  -4.3044422e-05	  -1.9699088e-03	   6.1142115e-05	  -1.9376240e-12	   2.2403733e+02	
   1.2509029e-03	   2.1315344e-04	  -9.5765264e-04	  -1.7482849e-04	  -2.8114544e-12	   2.2436741e+02	
  -1.0879194e-03	   3.9478143e-05	  -1.9808026e-03	   8.0445096e-05	  -1.8274453e-12	   2.2405312e+02	
   1.5590872e-03	  -2.7421619e-05	  -5.0662910e-06	  -1.3246595e-05	  -2.4733201e-12	   2.2397754e+02	
  -1.5771290e-03	  -5.9142399e-05	  -1.1404210e-03	  -3.5871426e-05	   4.6351006e-13	   2.2354795e+02	
   2.1522543e-03	  -5.6911088e-05	  -2.6809064e-04	  -6.0646248e-07	  -1.9490217e-12	   2.2403693e+02	
   7.1045634e-05	  -7.0551349e-06	   6.6288877e-06	  -6.7860861e-06	  -8.0544371e-13	   2.2407572e+02	
   2.3235069e-03	   1.2225656e-04	   1.3233068e-03	   5.1244219e-05	  -4.1791890e-13	   2.2397521e+02	
  -2.2886236e-05	   5.4219742e-06	   2.8377032e-03	  -1.5606774e-05	   1.6602778e-12	   2.2321461e+02	
  -8.2279230e-05	  -1.5187960e-06	   7.4779055e-04	   1.8037440e-05	  -2.1161893e-12	   2.2407001e+02	
  -2.6919857e-03	  -5.8648191e-06	   1.6223405e-04	   6.7194350e-06	   1.5614970e-12	   2.2324420e+02	
   4.5727604e-04	   7.8237533e-05	   7.5564942e-04	   7.6596238e-05	  -1.0106039e-12	   2.2405609e+02	
  -5.1051978e-03	  -1.6480532e-04	   1.1274853e-03	   7.6352719e-05	   4.7870711e-13	   2.2414333e+02	
   1.1450833e-04	  -1.9722010e-05	  -1.5399439e-03	   4.8781435e-05	  -1.8616388e-12	   2.2407711e+02	
  -1.1207819e-03	   1.4863638e-05	  -1.8570021e-03	   3.5058476e-05	  -2.6442869e-12	   2.2414030e+02	
  -2.1076650e-03	   9.2603395e-05	  -3.5931674e-04	   1.8997045e-05	  -1.8046499e-12	   2.2406433e+02	
  -3.9580829e-04	  -1.2620071e-04	  -1.5775900e-04	   3.6236912e-05	  -4.0386164e-12	   2.2412445e+02	
  -2.0374744e-03	   2.5949626e-05	  -3.2655064e-03	   7.5449547e-05	  -8.0924297e-13	   2.2400725e+02	
   1.6441001e-03	  -7.4814360e-05	  -9.4429367e-04	   2.7210052e-05	  -1.8122483e-12	   2.2407852e+02	
   2.0810963e-04	   8.7450236e-06	   2.2515529e-03	   6.3528946e-05	   8.7762970e-13	   2.2343597e+02	
   3.7924987e-03	  -1.5055201e-04	  -2.3498272e-03	   6.7089916e-05	  -4.5211227e-13	   2.2401443e+02	
   8.1573279e-04	  -2.8881143e-05	  -1.2940848e-03	   1.5373159e-05	  -2.5151119e-12	   2.2411116e+02	
   1.8969615e-04	  -9.9196012e-06	  -2.1857748e-03	   5.3512259e-05	  -1.9186276e-12	   2.2404279e+02	
   2.8549957e-04	  -1.6233339e-06	   3.6939437e-04	  -8.3329992e-06	  -1.5500992e-12	   2.2418519e+02	
   3.9025724e-05	  -1.2014576e-05	  -1.9623142e-03	   7.8717129e-05	  -1.9794158e-12	   2.2406490e+02	
  -2.2929058e-04	   6.4671823e-05	   2.8634130e-04	  -3.3043159e-05	  -4.2437765e-12	   2.2405429e+02	
  -6.4380534e-06	  -1.7117557e-05	  -1.4309306e-03	   4.4788953e-05	  -1.8768358e-12	   2.2407825e+02	
   7.6587305e-04	  -2.9090644e-05	  -1.4930961e-03	   2.4260404e-05	  -2.4429260e-12	   2.2397590e+02	
  -3.8152232e-04	   5.8377474e-07	  -1.5784006e-04	  -4.0851124e-06	  -1.5804933e-12	   2.2419962e+02	
   5.3113085e-04	  -5.5726013e-05	  -6.4269354e-04	  -5.5062684e-05	  -3.0090161e-12	   2.2394294e+02	
  -4.7238755e-04	   7.1935434e-06	  -1.7375097e-03	   4.7462100e-05	  -1.5083073e-12	   2.2413026e+02	
  -2.8667853e-04	  -9.6580369e-06	  -1.1321619e-03	   4.3356495e-05	  -1.7818542e-12	   2.2408404e+02	
  -1.0895725e-04	   5.4357720e-05	   2.0880554e-05	  -2.4938444e-05	  -3.6017011e-12	   2.2420686e+02	
  -1.8857083e-03	   2.7753985e-05	  -9.9187494e-05	   7.5855109e-06	  -3.4231357e-12	   2.2408958e+02	
   1.6384515e-03	  -2.1813440e-05	   8.5257224e-04	  -2.2430236e-05	  -2.7430677e-12	   2.2404480e+02	
  -8.4330536e-04	  -6.7135402e-05	   6.3699095e-04	   9.5222442e-05	  -9.3841790e-13	   2.2405091e+02	
   6.6274623e-05	   3.6273483e-06	   1.5479950e-03	  -7.0378360e-06	  -2.0402041e-12	   2.2415265e+02	
  -4.0210155e-03	   1.6427500e-04	   1.7989653e-03	  -4.9905278e-05	  -4.5591153e-13	   2.2401954e+02	
  -4.8556975e-04	  -6.7610771e-06	   1.3570703e-03	   6.8171385e-05	   8.1304223e-13	   2.2345252e+02	
   1.0079994e-03	  -5.4532152e-05	  -1.7680990e-03	   7.2544548e-05	  -1.8122483e-12	   2.2407686e+02	
   7.4090504e-04	  -3.1428454e-05	  -1.4332069e-03	   2.9276655e-05	  -2.3631414e-12	   2.2412384e+02	
  -1.5811176e-04	   4.7727675e-05	   4.4624450e-04	   1.0367022e-05	  -2.5379075e-12	   2.2405627e+02	
  -1.0347389e-04	   6.1225798e-05	  -4.1525657e-05	   4.1047681e-05	  -4.0006236e-12	   2.2416118e+02	
  -2.5026748e-03	  -2.0965676e-04	   2.7575352e-03	   2.7821800e-04	   1.4133257e-12	   2.2388752e+02	
  -1.0282005e-03	  -9.5737613e-05	  -3.0203839e-04	   6.4709715e-06	  -2.2947547e-12	   2.2407850e+02	
  -1.3786656e-03	  -1.2532807e-04	  -8.3294117e-04	  -4.8832736e-05	  -6.9526509e-13	   2.2401625e+02	
   2.5735862e-04	  -1.2148357e-05	  -4.1650684e-04	  -1.2671369e-04	  -4.0424156e-12	   2.2404633e+02	
   1.8396781e-03	  -2.2398769e-04	  -2.3869592e-04	  -2.2481163e-06	  -2.2377657e-12	   2.2387932e+02	
   7.4762084e-04	   3.8922637e-06	   3.2465713e-05	  -1.0138635e-05	  -3.1533881e-12	   2.2419889e+02	
   2.5598150e-03	  -8.3329348e-05	  -3.6097548e-03	   8.1680488e-05	  -4.3311595e-13	   2.2400914e+02	
  -4.8746347e-04	  -2.5196798e-05	  -5.5755955e-04	  -2.5787650e-05	   2.5075134e-13	   2.2361104e+02	
   9.6054719e-04	  -1.5953566e-05	  -1.6710321e-03	   1.7390899e-05	  -1.8160476e-12	   2.2405204e+02	
  -1.4965251e-03	  -1.7176569e-05	   5.3715209e-04	   1.4245754e-05	  -2.7202721e-12	   2.2403378e+02	
   2.5134432e-03	   1.3672669e-04	   2.8609703e-04	  -1.8215165e-06	  -4.2551743e-13	   2.2397785e+02	
   9.7900302e-04	   3.0429933e-05	   2.5959464e-03	   3.1180986e-05	  -1.3411397e-12	   2.2403668e+02	
  -4.7966066e-03	  -1.4291348e-03	   2.0049850e-03	   6.1772591e-04	  -4.8250637e-13	   2.2371558e+02	
  -3.7820174e-04	  -7.6766318e-05	  -1.6999995e-03	  -1.9797059e-04	  -3.6776864e-12	   2.2410320e+02	
  -1.0702058e-03	   3.9924836e-05	   1.2393596e-03	  -4.1576413e-05	  -2.0174086e-12	   2.2413656e+02	
   1.8629071e-03	  -7.2109450e-05	  -1.4223440e-04	  -7.2875487e-06	  -1.8654381e-12	   2.2407038e+02	
  -1.3231862e-03	  -1.4865784e-04	   1.4980168e-03	   2.1210540e-04	  -3.6700878e-12	   2.2417308e+02	
   3.5053232e-04	  -7.7164230e-06	   1.9795234e-03	  -8.5222194e-05	  -1.8312447e-12	   2.2406789e+02	
   1.2251489e-03	  -7.7428111e-06	  -9.2026682e-04	  -7.4565911e-06	  -2.5075134e-12	   2.2418009e+02	
  -5.5641807e-04	   1.5914669e-05	  -1.8956195e-03	   8.2079094e-05	  -1.8920329e-12	   2.2407065e+02	
   3.1374528e-04	  -3.9189183e-05	  -2.2776813e-03	   1.6916093e-04	  -2.9786220e-12	   2.2393226e+02	
  -2.0287146e-03	   8.7685568e-05	  -5.6877733e-04	   2.7915267e-05	  -1.8350440e-12	   2.2406237e+02	
  -5.4222910e-05	   3.7607585e-06	   9.3143276e-04	   1.5584983e-05	  -1.5083073e-12	   2.2413960e+02	
   1.0776434e-03	   1.9665291e-04	   6.2004722e-04	   9.6262555e-05	  -4.0576126e-12	   2.2415574e+02	
   3.8533339e-03	  -3.0476462e-05	   1.0376968e-03	  -4.0303459e-05	  -2.1465834e-12	   2.2413625e+02	
   1.8841774e-03	  -7.6951353e-05	   7.4622019e-04	  -3.9967146e-05	  -1.7780550e-12	   2.2407631e+02	
   7.2649867e-04	  -2.3980959e-05	  -1.9883355e-03	   3.6910106e-05	  -2.6670825e-12	   2.2407827e+02	
  -1.5434014e-03	   2.9401247e-04	   1.8920794e-03	  -3.3130183e-04	  -1.3639354e-12	   2.2378848e+02	
   6.1069736e-03	   1.5780563e-03	  -2.5175591e-03	  -6.4262094e-04	  -1.8654381e-12	   2.2386858e+02	
  -1.7216039e-04	  -5.0366351e-06	  -1.2411919e-03	  -1.6930984e-05	  -1.7628579e-12	   2.2406079e+02	
   3.1473546e-04	  -2.6743756e-05	  -1.6143793e-03	   5.7967728e-05	  -1.7286646e-12	   2.2408854e+02	
  -1.9773393e-03	   7.6877766e-05	   8.3327471e-04	  -2.2262456e-05	  -3.1533881e-12	   2.2406216e+02	
   1.3871494e-03	  -6.1967013e-05	  -1.1880403e-03	   3.4067695e-05	  -1.8274453e-12	   2.2407451e+02	
  -1.7598948e-04	   7.7971519e-06	   1.5761428e-03	   1.3090579e-04	  -6.8766656e-13	   2.2401562e+02	
  -5.6046914e-05	  -4.7178978e-05	  -7.0211687e-04	  -1.5720105e-04	  -4.1108023e-12	   2.2414281e+02	
  -2.2262901e-03	  -5.9699620e-05	  -1.4542172e-03	  -1.9844752e-05	   1.0182024e-12	   2.2340113e+02	
   1.0334789e-03	  -1.2485899e-05	   1.2741201e-04	  -2.1479059e-05	  -2.5759002e-12	   2.2401854e+02	
   5.5780453e-04	   2.9639664e-05	   1.6876743e-04	  -8.3861343e-05	  -3.5751062e-12	   2.2400096e+02	
  -1.6977056e-03	   6.1157550e-05	   1.2419360e-03	  -4.0847020e-05	  -1.6792741e-12	   2.2406539e+02	
   9.8231510e-04	  -2.8090189e-05	  -1.1651449e-03	   7.4783222e-06	  -2.5834987e-12	   2.2410237e+02	
  -1.8828047e-04	   1.7413521e-05	   1.7856736e-03	  -4.6370680e-05	  -2.4239296e-12	   2.2393543e+02	
   7.3325836e-04	   3.5372553e-05	  -1.8311913e-04	  -8.3572082e-06	   3.9512333e-13	   2.2357286e+02	
   5.8575147e-04	   6.1145399e-06	   1.1609405e-03	   5.8859561e-06	  -1.6298837e-12	   2.2406114e+02	
   8.9296446e-04	   1.8241480e-05	  -2.2019534e-03	  -5.4793805e-05	   9.7261127e-13	   2.2341419e+02	
   1.3836497e-03	   8.2505842e-05	  -3.1423063e-03	  -2.4470103e-04	  -3.0622058e-12	   2.2421175e+02	
   1.7352362e-04	   2.8790109e-05	   4.1153120e-03	  -7.8617626e-05	  -2.2149702e-12	   2.2416398e+02	
  -2.2041862e-03	   4.1288077e-05	   2.1312105e-04	   6.3741386e-07	  -2.4733201e-12	   2.2412054e+02	
   7.5680301e-04	  -1.4183764e-05	  -1.7462738e-03	   1.9487363e-05	  -1.7324638e-12	   2.2405727e+02	
  -2.8243289e-03	  -5.1079841e-05	   5.5209628e-04	   1.7004709e-05	   9.1182306e-13	   2.2343933e+02	
  -2.1500829e-04	  -5.4876048e-06	  -1.1332210e-03	  -1.9590574e-05	  -1.6450807e-12	   2.2406735e+02	
  -2.5335858e-03	  -1.5390226e-05	  -1.4375817e-03	  -1.2144947e-06	   1.3297420e-12	   2.2331485e+02	
  -1.6063027e-03	   2.9603490e-06	   1.5342570e-04	   5.2470860e-07	  -1.6830735e-12	   2.2405427e+02	
   1.0132173e-03	  -1.5920999e-04	   1.9703361e-03	  -3.5978677e-04	  -1.6526793e-12	   2.2382272e+02	
   1.9827404e-03	   5.3148921e-05	  -9.3044550e-04	  -4.3235972e-05	   9.8020979e-13	   2.2341309e+02	
  -2.5268451e-04	  -5.3575996e-05	  -1.0860196e-03	  -1.1112803e-04	  -8.8522822e-13	   2.2404713e+02	
   6.2753108e-04	  -4.9910922e-05	  -2.6714067e-04	  -1.8752740e-05	  -1.4399206e-12	   2.2409645e+02	
   7.4678511e-04	  -9.6449201e-06	   1.5751580e-03	  -3.4906652e-05	  -2.4923164e-12	   2.2411294e+02	
  -1.3875030e-03	   2.4141845e-05	  -2.6857043e-05	   1.4010367e-05	  -2.5189113e-12	   2.2399595e+02	
   1.3772127e-03	  -5.1628584e-06	   1.9876138e-04	  -1.0671449e-05	  -2.2947547e-12	   2.2418482e+02	
   1.9704225e-03	  -3.9472520e-05	  -2.5904595e-04	  -2.4705660e-06	  -1.5994896e-12	   2.2406087e+02	
  -1.5452352e-03	   1.4734494e-04	   2.9944145e-03	  -2.6315489e-04	   2.0743975e-12	   2.2308594e+02	
  -8.4409743e-04	   4.0375869e-05	   9.0840681e-04	  -2.7703825e-05	  -1.5956904e-12	   2.2408940e+02	
   9.2089390e-05	   5.8542757e-06	   1.9824944e-03	  -3.5554918e-05	  -2.7354692e-12	   2.2405232e+02	
   2.2581619e-04	  -1.2232111e-05	  -2.1333364e-03	   5.7871121e-05	  -1.7210660e-12	   2.2406014e+02	
  -9.4499185e-04	  -2.1220810e-05	   8.9453998e-05	   1.3685362e-06	  -1.4779132e-12	   2.2407142e+02	
  -1.3039059e-03	   2.3964695e-05	   7.8104704e-04	  -3.7572850e-06	  -2.6176920e-12	   2.2409431e+02	
   1.9620216e-03	   1.2675348e-04	   1.1651558e-03	   5.5888892e-05	  -4.7490785e-13	   2.2398629e+02	
  -9.4494580e-04	   2.4312322e-05	   6.4122616e-04	  -3.1971895e-06	  -3.8866459e-12	   2.2406001e+02	
  -1.6548446e-03	   2.0359893e-05	  -8.9332738e-04	   1.3248699e-05	  -1.5235043e-12	   2.2406010e+02	
  -3.6021179e-03	  -1.6143917e-04	  -5.4479231e-04	   6.7521664e-06	  -2.6708818e-12	   2.2417251e+02	
   2.8338667e-03	  -4.2893861e-04	  -7.6332704e-04	   9.4710957e-05	   2.6632831e-12	   2.2285099e+02	
  -4.1089437e-03	   1.1793807e-04	   1.4333608e-03	  -1.9049597e-05	  -4.5211227e-13	   2.2401451e+02	
   5.3894141e-04	  -9.1476648e-06	   4.0892298e-04	  -2.7217627e-05	  -3.7612701e-12	   2.2414003e+02	
  -1.0008186e-03	   3.8626841e-05	  -1.7615747e-03	   7.9531483e-05	  -1.8426424e-12	   2.2407343e+02	
   2.7779054e-03	  -3.6802593e-04	   9.8947818e-04	  -1.5220392e-04	   2.6214913e-12	   2.2286563e+02	
   1.5903151e-03	   1.3854077e-04	  -1.8047608e-03	  -1.9147568e-04	  -3.6776864e-12	   2.2409971e+02	
  -4.4323015e-04	   5.3489240e-05	   2.4447550e-04	   1.8227265e-06	  -2.2453643e-12	   2.2413611e+02	
  -1.5841863e-03	   6.7697326e-05	  -1.0816403e-03	   5.0772049e-05	  -1.7058689e-12	   2.2408674e+02	
   1.4748672e-04	  -1.2391809e-05	  -1.9888043e-03	   7.6624403e-05	  -2.2111709e-12	   2.2387914e+02	
  -2.6363841e-04	  -1.1258678e-04	  -1.6892379e-04	   2.8939087e-05	  -3.9246384e-12	   2.2416028e+02	
  -2.5856898e-03	   3.5101978e-05	   3.3290582e-03	  -1.3776300e-05	  -3.7612701e-13	   2.2399738e+02	
   8.7312669e-04	   1.5559034e-05	   6.9077908e-04	  -3.3928744e-08	  -1.7514601e-12	   2.2412727e+02	
   1.6563419e-05	   6.7233556e-05	   5.0442385e-04	   1.1613900e-04	  -4.0386164e-12	   2.2404977e+02	
   6.6496887e-04	  -3.8211549e-05	  -1.5872248e-03	   5.2791680e-05	  -1.7932520e-12	   2.2408067e+02	
  -1.5033701e-03	   2.6867579e-05	  -6.5243327e-04	   2.3377543e-05	  -3.6472923e-12	   2.2404633e+02	
   5.5693814e-04	  -1.1375919e-05	  -1.8385053e-04	  -9.1889720e-06	  -2.0288063e-12	   2.2422134e+02	
   7.1321116e-04	  -1.9280123e-05	   1.9707816e-03	  -6.8742754e-05	  -1.7020697e-12	   2.2406613e+02	
  -3.7390105e-04	  -2.1269238e-05	  -3.0886243e-05	   1.0326475e-04	  -4.1032038e-12	   2.2402928e+02	
  -1.9650650e-04	  -2.8530403e-07	  -1.9659280e-03	   8.4061378e-05	  -1.8274453e-12	   2.2407793e+02	
  -2.0607348e-03	   1.9928638e-05	  -4.5510047e-04	   1.1600035e-05	  -2.6518854e-12	   2.2397920e+02	
   7.3554852e-04	  -1.1196685e-04	   2.1908524e-03	  -4.0189521e-04	  -1.5614970e-12	   2.2381499e+02	
  -1.9059843e-03	  -2.2067291e-04	   1.2407733e-03	   1.7824710e-04	  -3.6928834e-12	   2.2419243e+02	
  -1.0139869e-03	   2.5817109e-05	   4.7773453e-04	  -9.4879894e-08	  -3.8942443e-12	   2.2405963e+02	
  -1.2473375e-03	   1.0780849e-05	  -2.0676551e-03	   3.1669563e-05	   1.8768358e-12	   2.2312545e+02	
  -1.6654934e-03	   2.8964588e-05	  -1.0370937e-03	   2.6826878e-05	  -2.7012759e-12	   2.2406378e+02	
   4.3322635e-04	  -2.1591489e-05	  -3.6679885e-03	   5.1301968e-05	   1.3981287e-12	   2.2331027e+02	
  -1.1519937e-03	  -1.5049025e-05	  -4.7467933e-04	  -5.9845921e-06	  -1.4095265e-12	   2.2405543e+02	
  -1.4107307e-04	  -5.0303609e-06	   5.7757075e-04	   2.8766996e-05	   4.8630563e-13	   2.2354773e+02	
  -1.3789475e-04	  -1.2804351e-05	  -1.2152962e-04	  -7.3046500e-06	  -6.4207541e-13	   2.2406026e+02	
   2.7785352e-03	   2.5952390e-05	  -7.4064733e-04	  -2.7737301e-05	  -1.3677346e-12	   2.2403856e+02	
   1.1225410e-03	  -4.6576245e-05	  -2.5218355e-03	   8.5975857e-05	   2.0933938e-12	   2.2305221e+02	
  -1.0083285e-03	   4.3419871e-05	  -1.9943041e-05	   1.1379106e-05	  -1.5083073e-12	   2.2409457e+02	
  -3.9755857e-03	   1.0564109e-04	   6.5021171e-04	   3.2309739e-06	  -6.8006803e-13	   2.2401055e+02	
   1.3118729e-03	  -1.0588068e-05	   8.7401888e-04	  -1.2788919e-05	  -2.0629997e-12	   2.2413557e+02	
   3.0952778e-03	  -6.4741757e-05	   9.3791730e-04	  -2.7487431e-05	   1.6830735e-12	   2.2321176e+02	
   6.2525309e-05	  -1.1495618e-05	  -2.0404834e-03	   8.7424857e-05	  -1.8654381e-12	   2.2407464e+02	
   1.1539942e-03	   5.1046501e-05	   6.7921764e-05	   1.2917776e-06	   6.7626877e-13	   2.2350039e+02	
  -7.7079265e-04	   3.3424295e-05	  -2.6147152e-04	   4.4718038e-05	  -4.0006236e-12	   2.2401079e+02	
   8.3357216e-04	   1.4934110e-05	  -2.2370068e-03	  -5.0118598e-05	   1.1131839e-12	   2.2337685e+02	
   1.6694702e-03	   9.0888088e-05	  -3.1620968e-03	  -2.2910733e-04	  -2.0174086e-12	   2.2436923e+02	
  -2.0213992e-03	  -2.9794373e-04	   1.3253722e-03	   2.2626502e-04	   2.1351857e-12	   2.2366057e+02	
  -4.7876491e-04	  -8.1329170e-06	  -1.0936972e-03	   2.5354341e-05	  -2.6366884e-12	   2.2409445e+02	
   6.3501825e-04	  -3.3879248e-05	  -1.9882043e-03	   7.6962452e-05	  -1.6716756e-12	   2.2407666e+02	
   3.3074249e-04	   2.0245380e-05	   3.6144229e-03	  -1.5970242e-04	  -1.5083073e-12	   2.2396226e+02	
  -5.4653584e-04	   9.0928562e-06	  -2.6055223e-03	   7.5930961e-05	   2.0478027e-12	   2.2306796e+02	
  -5.0244427e-04	   1.1178205e-04	   2.2225350e-03	  -3.9930869e-04	  -1.6070882e-12	   2.2382061e+02	
  -5.7323781e-05	   3.3949175e-05	   1.5289068e-03	  -5.1653851e-05	  -3.4155373e-12	   2.2392840e+02	
   6.2550184e-04	   9.9819319e-06	  -8.8200794e-04	  -2.1134841e-05	  -1.2233626e-12	   2.2406102e+02	
   3.7632820e-04	   1.3197508e-05	   1.4209526e-03	  -4.7407566e-05	  -3.4725262e-12	   2.2401147e+02	
   1.7395135e-03	  -3.6899585e-05	   2.7516222e-04	  -1.6359841e-05	  -2.4809185e-12	   2.2393607e+02	
   4.7457823e-04	   4.9424166e-08	   1.6051794e-03	  -4.0573626e-05	  -2.5151119e-12	   2.2396670e+02	
   3.7583803e-04	   7.5632136e-05	  -7.2802813e-04	  -1.6545408e-04	  -3.2749645e-12	   2.2432306e+02	
   2.2050504e-03	  -5.4573476e-05	  -3.0625064e-03	   4.1460490e-05	  -8.7762970e-13	   2.2401594e+02	
  -6.3212871e-04	   3.5696693e-05	   8.1625617e-04	  -3.3592181e-05	  -1.7970512e-12	   2.2413707e+02	
   1.3828501e-03	  -2.3850961e-05	  -3.0749015e-03	   6.9044567e-06	  -1.1131839e-12	   2.2402509e+02	
   8.1504458e-04	   4.1860488e-05	   4.2171641e-04	   2.0142085e-05	   4.5971079e-13	   2.2356256e+02	
   4.9062558e-04	   1.2776985e-05	   8.1031527e-05	  -1.0650816e-06	  -1.0599944e-12	   2.2404425e+02	
  -9.9930253e-04	   4.9855085e-05	  -2.5612882e-03	   1.4848971e-04	   3.6890842e-12	   2.2247296e+02	
  -7.8587919e-04	   1.4782952e-05	  -2.1247998e-03	   6.2905574e-05	  -2.6860788e-12	   2.2403138e+02	
  -1.5880350e-03	   2.2010331e-05	   9.7807328e-04	  -1.2328535e-05	  -1.4019279e-12	   2.2406079e+02	
   1.4872455e-03	  -5.6887492e-05	  -9.7974473e-04	   2.3765373e-05	  -2.0098100e-12	   2.2413596e+02	
  -2.8481561e-03	  -3.1338945e-05	   2.4337519e-03	   5.1332756e-05	  -3.9132406e-13	   2.2398956e+02	
   8.9707375e-04	  -4.7420060e-05	  -2.9616625e-04	  -1.2515605e-05	  -1.4779132e-12	   2.2409690e+02	
   3.3529356e-03	   3.6591881e-04	   9.3539498e-04	   8.2270517e-05	   1.1967678e-12	   2.2394284e+02	
   3.9131868e-03	   1.3942207e-05	  -7.7690140e-04	  -2.1737920e-05	  -4.1411964e-13	   2.2399310e+02	
  -1.6734428e-03	   2.9765470e-04	   1.2988926e-03	  -2.0534293e-04	  -1.8616388e-12	   2.2385057e+02	
  -5.2112086e-05	  -5.0113284e-06	  -3.3756436e-03	   2.0409549e-04	   2.0288063e-12	   2.2310297e+02	
  -1.6221139e-04	  -3.5280687e-06	  -1.6418830e-03	  -4.0915260e-07	  -1.3487383e-12	   2.2405556e+02	
   3.6696687e-03	   1.4664057e-05	  -1.8054090e-04	  -3.0873490e-05	  -2.1275871e-12	   2.2410699e+02	
   2.1798043e-03	  -1.5645352e-05	  -2.4067842e-03	  -1.2015867e-05	  -1.1853700e-12	   2.2403008e+02	
  -1.0302577e-03	   9.5478364e-06	  -1.6280795e-03	   2.0566932e-05	  -1.3335413e-12	   2.2406335e+02	
  -3.3343956e-03	  -3.2709630e-05	   2.6536378e-03	   7.2469017e-05	  -2.2263680e-12	   2.2436891e+02	
  -1.2501030e-03	  -1.9859380e-05	   8.5668138e-04	   2.1807044e-05	  -2.6366884e-12	   2.2405866e+02	
  -2.1882260e-03	   3.3895748e-04	  -1.9179620e-03	   3.1203130e-04	   2.7354692e-12	   2.2282559e+02	
  -1.8222522e-03	   5.5884674e-05	   4.2124829e-04	  -1.8320089e-06	  -2.4087326e-12	   2.2393085e+02	
   1.4335154e-03	   1.2532032e-04	   2.6820173e-03	   1.8750244e-04	  -3.1077969e-12	   2.2414619e+02	
  -3.2158813e-04	  -1.2758008e-05	  -2.2584661e-03	  -6.2581437e-05	   8.6623191e-13	   2.2345104e+02	
   1.8469242e-03	  -4.8292902e-05	   8.8929328e-05	  -1.4731243e-05	  -2.3555429e-12	   2.2389695e+02	
  -8.6775645e-04	  -1.3203631e-04	   4.4947802e-04	   1.2352122e-04	  -4.1070030e-12	   2.2409335e+02	
  -2.2597806e-04	  -4.3346869e-05	  -6.3318974e-05	   9.4577858e-05	  -4.0500141e-12	   2.2412504e+02	
  -5.2484441e-04	  -3.1072942e-06	  -1.3852978e-03	   2.7904837e-05	  -2.5721008e-12	   2.2410478e+02	
   3.1546842e-05	   1.4283340e-05	   9.4092524e-04	  -2.6257788e-05	  -3.7916642e-12	   2.2409611e+02	
  -3.0321312e-03	   7.4733788e-05	  -2.8405071e-03	   9.6666742e-05	  -6.4207541e-13	   2.2401672e+02	
  -3.1180638e-03	  -2.8285242e-05	  -3.2860929e-03	   1.8800382e-05	  -2.6100936e-12	   2.2423472e+02	
   1.9828875e-03	   7.3862601e-05	   1.1750521e-03	   2.2067796e-05	  -1.7400623e-12	   2.2405799e+02	
   1.4219878e-03	  -9.5901313e-06	   6.3102773e-04	  -2.3474865e-05	  -3.8296569e-12	   2.2403057e+02	
  -1.9063358e-04	   6.0720330e-05	   7.5828074e-04	   7.5754970e-05	  -3.1609866e-12	   2.2395865e+02	
   1.3471649e-03	   1.5732625e-06	  -1.5055200e-03	  -1.4265277e-05	   1.5311029e-12	   2.2324671e+02	
  -6.4324477e-05	   5.1654876e-06	   2.0073491e-03	  -5.5521230e-05	  -1.4475191e-12	   2.2407085e+02	
  -1.1484024e-03	   2.2376929e-06	  -6.9259168e-04	   2.8262444e-06	  -1.9718174e-12	   2.2418185e+02	
   4.5894795e-04	  -2.2142539e-05	  -2.0545474e-03	   6.5823819e-05	  -1.5956904e-12	   2.2407390e+02	
  -8.9490845e-04	  -4.1446222e-06	   2.4803814e-03	   1.1553404e-04	  -2.8874397e-12	   2.2398965e+02	
  -2.4602670e-03	   2.6105640e-04	  -5.7831173e-04	   7.0756977e-05	  -1.6374823e-12	   2.2383816e+02	
  -1.1233547e-03	   4.6283418e-06	  -1.0882433e-03	   1.9337426e-05	  -3.8638502e-12	   2.2404097e+02	
  -7.5256287e-04	   2.0023744e-05	  -1.3612478e-03	   5.6798448e-05	  -1.6526793e-12	   2.2409711e+02	
   3.2405552e-03	  -1.2484861e-04	  -6.4271049e-05	  -6.5639384e-06	   1.9300255e-12	   2.2313428e+02	
   8.9240142e-04	  -4.3421659e-05	  -1.8724852e-03	   6.9177752e-05	  -1.6754748e-12	   2.2407926e+02	
   4.9916436e-04	  -1.5391214e-05	  -1.9512818e-03	   2.7028611e-05	  -2.4543237e-12	   2.2411439e+02	
   9.6491017e-04	   7.1490879e-05	  -5.0697097e-04	  -7.0497431e-05	  -2.4695208e-12	   2.2407050e+02	
   9.4135621e-04	   4.6159622e-05	   3.7795653e-05	   1.6463018e-06	   6.3827614e-13	   2.2351810e+02	
   1.5459299e-03	  -6.2805292e-06	  -6.6370313e-04	  -3.9873581e-06	  -1.3373405e-12	   2.2405789e+02	
  -1.8295570e-03	  -3.3106301e-04	  -7.6715739e-04	  -1.1067314e-04	   1.5994896e-12	   2.2383069e+02	
   1.5625596e-03	  -4.2409970e-05	   1.2851914e-03	  -4.3172405e-05	  -1.4893110e-12	   2.2407263e+02	
   2.9504388e-03	  -2.0610166e-04	   2.4005474e-03	  -1.9540042e-04	   1.7324638e-12	   2.2321912e+02	
  -4.0465306e-04	   3.0850727e-05	  -1.2303489e-04	   5.3333248e-05	  -1.3829316e-12	   2.2410018e+02	
   7.7118495e-04	   1.6553978e-05	  -2.0078943e-03	  -5.3459190e-05	   1.1131839e-12	   2.2337904e+02	
  -1.4051098e-03	   1.9395696e-05	  -1.3595598e-03	   2.2014653e-05	  -1.3525375e-12	   2.2406433e+02	
   1.9526276e-05	  -5.6413799e-06	   2.2068825e-04	  -4.0088421e-06	  -7.0666287e-13	   2.2407846e+02	
  -1.5242541e-05	  -2.6322624e-06	   1.4181352e-04	   2.9642150e-06	  -5.2809752e-13	   2.2398511e+02	
   3.7626537e-03	  -6.0623327e-06	  -1.3402518e-04	  -3.0180237e-05	  -2.0933938e-12	   2.2411083e+02	
   2.6940128e-03	   6.5087214e-05	   2.3174722e-03	   3.4635187e-05	  -4.5211227e-13	   2.2399190e+02	
  -4.6509634e-04	  -2.6124327e-06	  -2.2687930e-03	   1.7099257e-05	   1.8046499e-12	   2.2315489e+02	
  -3.9340937e-03	  -1.8161428e-04	  -4.9246238e-04	   1.3850656e-05	  -1.5083073e-12	   2.2437524e+02	
  -1.9066522e-03	   3.4942042e-05	  -3.7145872e-03	   1.1027684e-04	  -6.2307909e-13	   2.2401824e+02	
  -6.6832854e-04	  -7.8627950e-07	  -9.3607799e-04	   4.4189021e-05	  -3.8562518e-12	   2.2401938e+02	
  -8.2817256e-04	   3.9009800e-05	   1.3442926e-03	  -4.9716431e-05	  -1.6032889e-12	   2.2409519e+02	
   6.9375337e-04	  -1.8316449e-05	   2.3817862e-03	  -9.9335801e-05	  -2.5227105e-12	   2.2398020e+02	
   3.4903177e-03	  -5.2023809e-05	   1.8573832e-03	  -5.0196851e-05	  -7.0666287e-13	   2.2401136e+02	
  -1.4709838e-03	   5.3109675e-05	   1.3316900e-03	  -4.4433387e-05	  -1.4703147e-12	   2.2408241e+02	
  -2.5628454e-03	   4.3381851e-04	  -6.3063056e-05	   2.1944765e-05	  -1.4095265e-12	   2.2380924e+02	
   1.3489525e-03	  -1.9299404e-06	   1.8378026e-04	  -1.0815765e-05	  -1.9566204e-12	   2.2416480e+02	
   5.5344329e-04	   4.3719735e-05	   7.2433404e-04	  -5.8442967e-05	  -3.0698043e-12	   2.2393433e+02	
  -6.0734916e-04	   2.0906105e-05	   1.1219904e-03	  -1.5550853e-05	  -2.5531046e-12	   2.2410607e+02	
  -1.8520999e-03	   6.4854318e-05	   7.4473678e-04	  -2.3584758e-05	  -1.4741140e-12	   2.2408155e+02	
  -2.2542275e-04	   5.2549559e-06	   1.7377908e-03	  -3.2618749e-05	  -1.9262263e-12	   2.2413351e+02	
   4.1594193e-04	   8.1002956e-06	   1.0311823e-03	   1.7097924e-05	  -1.0827898e-12	   2.2404347e+02	
  -1.9909746e-03	  -7.0956567e-05	  -6.4284043e-04	  -6.0068720e-06	   9.7641048e-13	   2.2341454e+02	
  -9.9764216e-05	  -6.6104348e-05	  -1.1792195e-03	  -9.3946875e-05	  -3.1381910e-12	   2.2396441e+02	
   1.4018057e-03	  -4.4184179e-05	  -1.0335685e-03	   2.0123351e-05	  -1.4361213e-12	   2.2412807e+02	
  -1.9183271e-03	   1.2969186e-04	  -1.3283553e-03	   9.9523501e-05	  -1.9680181e-12	   2.2387507e+02	
  -1.4804834e-03	  -2.2522648e-05	   2.1205766e-03	   4.0772315e-05	   1.1929685e-12	   2.2335900e+02	
   3.4618829e-04	  -6.4062401e-05	  -1.8974624e-03	   2.0728064e-04	  -2.3859370e-12	   2.2389327e+02	
   1.8763818e-03	  -7.5622552e-05	  -3.6259324e-04	   3.3491358e-06	  -1.5500992e-12	   2.2409159e+02	
   3.5432574e-03	   8.7294201e-05	  -3.5914862e-04	  -3.6297986e-05	  -2.4771193e-12	   2.2411823e+02	
   1.5766668e-03	  -2.5525103e-04	   1.6251414e-03	  -2.9546873e-04	  -1.7628579e-12	   2.2384546e+02	
  -5.1365360e-04	   4.8217732e-05	   1.6249517e-03	  -6.2298053e-05	  -3.3395520e-12	   2.2392752e+02	
   9.6286223e-04	   1.1950847e-05	  -8.3134503e-04	  -1.6955251e-05	  -1.0789906e-12	   2.2404453e+02	
  -2.9001981e-03	   2.4690018e-04	  -1.7465364e-03	   1.5989159e-04	   2.1237879e-12	   2.2307559e+02	
   1.5156717e-04	  -6.5192360e-06	  -1.8475699e-03	   1.5109587e-05	  -1.3259427e-12	   2.2406280e+02	
  -8.0875046e-04	   6.6942409e-06	   2.9460456e-03	  -3.6354273e-06	   1.4437198e-12	   2.2328843e+02	
  -1.4184632e-03	   1.6327154e-04	  -1.3353952e-03	   1.7769685e-04	  -2.3213496e-12	   2.2388959e+02	
  -5.0381481e-04	  -9.1013270e-06	   1.4086355e-04	   7.8410217e-07	  -8.4723560e-13	   2.2409643e+02	
  -3.3719531e-03	   9.3113046e-05	   2.3694229e-03	  -4.0308646e-05	  -5.9648425e-13	   2.2401725e+02	
   2.6236997e-04	  -1.5979719e-05	  -2.9867891e-03	  -2.2810636e-05	  -1.3639354e-12	   2.2404030e+02	
  -1.2280411e-03	   2.5845448e-05	  -3.3555984e-04	   1.6217525e-05	  -2.4505244e-12	   2.2411607e+02	
  -1.4551625e-03	   1.8591610e-05	   1.2142230e-03	  -1.4267350e-05	  -1.2385597e-12	   2.2406124e+02	
  -6.8310770e-05	  -4.3817611e-06	  -1.6294759e-03	  -3.4947603e-06	  -1.2765523e-12	   2.2405611e+02	
   2.5700992e-03	  -2.8895210e-04	  -1.9178111e-03	   1.8963620e-04	   2.9748228e-12	   2.2279698e+02	
  -1.5795672e-03	   3.6318315e-05	   2.0306752e-04	   7.9757237e-06	  -2.5455060e-12	   2.2398089e+02	
   5.1807878e-04	  -2.3274585e-05	   3.2626889e-04	  -4.7426330e-05	  -2.2035724e-12	   2.2413921e+02	
   3.8515364e-04	   3.1746023e-05	   2.2120042e-03	   7.4420327e-05	  -1.8008505e-12	   2.2406159e+02	
  -3.0648995e-03	   3.6078512e-04	   4.6513787e-05	   3.8042364e-06	   3.1419904e-12	   2.2268576e+02	
   1.7350903e-03	  -1.4629240e-04	   1.7265318e-03	  -1.6858916e-04	  -1.8388432e-12	   2.2386738e+02	
  -1.9176551e-03	   1.4557755e-04	  -1.4601993e-03	   1.2067338e-04	  -1.9072299e-12	   2.2387224e+02	
  -7.6077341e-04	   6.8226754e-05	  -2.3663450e-03	   2.4589489e-04	  -2.6442869e-12	   2.2392456e+02	
   1.4229487e-03	   3.8802959e-05	  -1.7064603e-03	  -7.7701779e-05	  -1.9034306e-12	   2.2406063e+02	
  -4.3147906e-04	  -1.9911976e-05	   5.0489067e-04	   2.4917972e-05	   8.7762970e-13	   2.2345155e+02	
   1.6681263e-03	  -7.6787604e-06	   6.3718586e-04	  -8.8433913e-06	  -1.1967678e-12	   2.2405746e+02	
   2.0541441e-03	   5.8055722e-05	   6.5275176e-04	   1.4944203e-05	   1.1131839e-12	   2.2338266e+02	
   1.0233188e-04	  -8.0840917e-06	  -4.5280715e-04	  -3.6673269e-06	  -2.6746810e-12	   2.2422654e+02	
  -4.6947002e-04	  -2.1566787e-05	  -6.0250544e-04	  -5.3444260e-06	   2.4049333e-12	   2.2301412e+02	
  -8.9161499e-04	   8.8455810e-06	  -1.7448210e-03	   2.4684973e-05	  -1.2841508e-12	   2.2406543e+02	
  -1.8292678e-03	  -5.3130783e-06	   4.2020793e-04	   8.4951962e-06	  -2.7240714e-12	   2.2400255e+02	
   1.3978737e-03	  -2.3994374e-05	  -7.4149893e-04	  -9.9994591e-06	  -3.8334561e-12	   2.2403781e+02	
   1.4810462e-03	  -1.5229586e-05	   3.9829588e-04	  -2.4022036e-05	  -3.7916642e-12	   2.2403282e+02	
  -4.0087936e-03	   3.7195286e-05	  -4.4947074e-04	   2.3881751e-05	  -5.6229089e-13	   2.2401208e+02	
  -3.7665481e-03	  -1.2611432e-04	   9.9728448e-04	   6.4997303e-05	  -2.6860788e-12	   2.2417768e+02	
   3.3864247e-03	   1.4561543e-04	  -2.1141947e-03	  -1.1931518e-04	  -2.7582648e-12	   2.2423085e+02	
   2.5713059e-03	  -5.3389932e-05	   3.1966376e-04	  -1.7182615e-05	   1.9642188e-12	   2.2310549e+02	
  -1.1322123e-03	   8.5918920e-06	   1.4473700e-03	  -9.8085253e-06	  -1.1511767e-12	   2.2405721e+02	
  -1.0838382e-03	  -1.0492833e-04	  -1.3381176e-03	  -5.6783335e-05	  -2.9672242e-12	   2.2396693e+02	
  -3.8440782e-04	  -2.0092461e-05	  -1.1205356e-03	  -4.6374998e-05	   9.4221716e-13	   2.2343518e+02	
  -1.9016997e-04	   2.7546827e-06	   1.8350629e-03	  -1.3097445e-05	  -1.1245818e-12	   2.2405639e+02	
   1.1122018e-03	  -2.9277863e-05	   2.7258673e-04	  -2.3637550e-05	  -2.3479444e-12	   2.2412515e+02	
   2.6403618e-04	  -1.5326758e-05	  -2.0448992e-03	   6.3963641e-05	  -1.4931102e-12	   2.2408083e+02	
  -3.4707799e-04	  -4.8071127e-06	  -1.6473744e-03	   4.0794027e-05	  -2.5569038e-12	   2.2397965e+02	
   1.3787323e-03	   1.5405766e-05	   1.1360312e-03	   3.8100457e-07	  -2.7582648e-12	   2.2400795e+02	
   6.5562271e-04	   4.6831557e-05	   1.9273920e-03	   7.9470147e-05	  -1.9452225e-12	   2.2406310e+02	
   3.8014668e-03	   6.2277727e-05	  -2.1652459e-03	  -7.2260636e-05	  -2.3251488e-12	   2.2435768e+02	
   7.1372041e-04	  -4.2999257e-05	  -4.1553457e-04	  -5.9915424e-05	  -3.1495888e-12	   2.2394873e+02	
  -1.1190027e-03	   2.3980002e-05	  -1.4496521e-03	   4.7342010e-05	  -2.5151119e-12	   2.2396797e+02	
  -1.8238616e-03	   4.7814328e-05	  -1.1547665e-03	   3.8369648e-05	  -3.2103770e-12	   2.2408241e+02	
   2.2002892e-03	   5.5341946e-05	  -1.0260113e-03	  -4.8381336e-05	  -1.7248653e-12	   2.2405819e+02	
   3.4344431e-05	   5.3314610e-05	   9.0834587e-07	  -6.2084620e-05	  -3.8182590e-12	   2.2418095e+02	
  -1.0538395e-03	   9.9903821e-05	   1.2346424e-03	  -6.4896457e-05	  -2.7354692e-12	   2.2391498e+02	
  -1.5845493e-03	   2.0917914e-06	  -3.3578680e-03	   4.7367188e-05	  -8.8902749e-13	   2.2402406e+02	
  -2.2104499e-03	   8.3406264e-05	   6.2045581e-04	  -1.5639694e-05	  -3.0470087e-12	   2.2407703e+02	
   1.0172394e-03	  -1.6196734e-04	   2.2668364e-03	  -4.1124848e-04	  -1.5159059e-12	   2.2382566e+02	
   1.0188421e-03	  -2.0141863e-05	  -1.7225585e-03	   1.1591822e-05	  -3.2787638e-12	   2.2411553e+02	
  -2.1936410e-04	  -2.9191454e-05	   1.5695740e-03	   2.9873856e-04	   2.8570456e-12	   2.2339898e+02	
  -2.5132111e-04	   3.1136399e-05	   1.4766506e-04	  -2.4455826e-05	  -3.4231357e-12	   2.2420856e+02	
  -2.6341319e-03	  -2.0860149e-04	   5.3587871e-04	   7.5457995e-05	  -3.2141763e-12	   2.2412232e+02	
  -7.3504775e-05	  -4.3078483e-06	  -2.0371727e-03	   7.9483389e-05	  -1.5918911e-12	   2.2408699e+02	
  -8.0984428e-04	   3.4660201e-06	  -1.0023379e-03	   3.6279848e-05	  -3.9550325e-12	   2.2400879e+02	
   1.9213774e-04	  -5.4472474e-06	  -1.8440249e-03	   7.5278826e-08	  -9.8400910e-13	   2.2404658e+02	
  -1.7932813e-03	   9.8088542e-07	   1.8412701e-03	   6.5583640e-06	   1.6906719e-12	   2.2320620e+02	
   1.6665536e-03	  -1.0103872e-05	  -8.6435207e-04	  -3.0294096e-06	  -1.0106039e-12	   2.2405345e+02	
   4.7077720e-04	   3.5591035e-06	   9.0387351e-04	  -1.7174768e-05	  -3.5485114e-12	   2.2413645e+02	
  -9.9249003e-04	  -4.3348586e-05	  -2.2735836e-03	  -5.5907696e-05	  -1.7058689e-12	   2.2405742e+02	
  -5.0459410e-04	  -9.0528428e-05	   5.1667633e-05	   9.6526810e-05	  -4.1981853e-12	   2.2404877e+02	
  -3.1139046e-03	   1.8061171e-05	  -2.0193981e-03	   3.3952382e-05	  -8.3963707e-13	   2.2402100e+02	
  -1.2110859e-04	  -9.2317940e-06	  -3.5310277e-04	  -1.6168854e-05	  -7.5985255e-13	   2.2408210e+02	
   4.7575747e-04	  -8.9383601e-06	   7.9131669e-04	  -5.0015662e-05	  -1.5576977e-12	   2.2410378e+02	
   2.0709008e-03	   5.1050987e-04	  -5.8068678e-03	  -1.4411466e-03	  -2.3897362e-12	   2.2384128e+02	
  -1.2454932e-03	   1.6245759e-05	   3.0142134e-03	   1.0098297e-05	  -1.1017862e-12	   2.2403329e+02	
  -5.0339277e-04	  -1.2753726e-06	  -2.3651921e-04	  -3.6805937e-06	  -1.7096682e-12	   2.2420224e+02	
   1.2280429e-03	   1.1338508e-04	   2.2335487e-04	  -3.8313281e-05	  -3.1419904e-12	   2.2396607e+02	
  -7.5206838e-04	  -3.0178297e-05	   2.5275406e-03	   2.0461178e-04	  -3.3167563e-12	   2.2408378e+02	
   2.3512355e-05	  -4.9231489e-05	  -6.2108961e-04	  -7.6636074e-07	  -2.7126736e-12	   2.2404545e+02	
   1.4445336e-03	   8.9061800e-05	  -9.1697679e-04	  -1.0735785e-04	  -3.3965409e-12	   2.2394494e+02	
   1.0307671e-03	  -1.1767434e-05	  -5.7602146e-04	  -1.2100863e-05	  -3.3433512e-12	   2.2415985e+02	
  -1.9795783e-03	   4.7158967e-05	  -3.1875006e-04	   9.3958192e-06	  -1.2575560e-12	   2.2407502e+02	
   2.6773262e-03	  -6.5136914e-05	   9.9156578e-04	  -3.2179878e-05	   2.0629997e-12	   2.2308921e+02	
  -1.3018009e-03	  -2.7054760e-05	  -6.7981512e-04	  -1.2530616e-05	  -6.8766656e-13	   2.2401547e+02	
  -5.4586797e-04	  -1.0064929e-04	  -1.4851259e-03	  -1.7060636e-04	  -3.7384746e-12	   2.2407983e+02	
   1.8413086e-03	  -7.3208804e-05	  -3.5059973e-04	   2.4708808e-06	  -1.5121066e-12	   2.2409447e+02	
  -5.3998164e-04	   4.2098656e-06	   1.6316886e-03	   4.2013499e-05	   1.2803515e-12	   2.2332796e+02	
  -9.1608948e-04	  -2.5415543e-05	  -8.3564968e-04	  -2.0569124e-05	  -6.8766656e-13	   2.2401051e+02	
   2.8973442e-03	  -1.2601192e-04	   7.1887514e-04	  -4.0824876e-05	   2.2339665e-12	   2.2303154e+02	
   1.8674239e-03	  -7.1594232e-05	  -6.4299622e-05	  -8.1318863e-06	  -1.4969095e-12	   2.2409500e+02	
  -1.7124565e-03	   3.1435110e-05	  -3.3146414e-04	   1.2240748e-05	  -2.5607031e-12	   2.2410496e+02	
   2.8268672e-04	  -5.5961481e-05	  -1.5437379e-04	  -4.9269450e-05	  -1.3867309e-12	   2.2410130e+02	
  -8.2170195e-04	  -1.7740876e-04	   2.4524223e-05	   2.7217395e-05	  -2.0212078e-12	   2.2440754e+02	
  -9.6548772e-04	  -1.9088965e-05	  -1.1616093e-03	  -1.9406843e-05	  -7.2945845e-13	   2.2402030e+02	
   3.0251813e-03	  -1.3889976e-04	   8.7360046e-04	  -5.0146723e-05	   2.1199886e-12	   2.2307446e+02	
   7.1085029e-04	   8.2257949e-06	  -1.2610829e-03	  -2.5005339e-05	  -7.6365181e-13	   2.2402378e+02	
   3.2654476e-04	   7.8603695e-05	   2.6054975e-04	   6.9568762e-05	  -9.3081938e-13	   2.2434772e+02	
   1.1770203e-03	  -4.1413124e-05	   1.4084662e-03	  -6.0903645e-05	  -1.5538984e-12	   2.2409686e+02	
   2.0926855e-03	   4.2141504e-05	   6.0493096e-04	   8.0102731e-06	   1.4551177e-12	   2.2328209e+02	
  -5.6982501e-04	  -2.2150444e-05	   8.8424674e-04	   3.1492651e-05	  -2.5455060e-13	   2.2396208e+02	
  -4.2198790e-05	  -3.9761147e-06	  -6.7535044e-04	  -2.9177785e-05	   1.1055855e-12	   2.2339250e+02	
   1.2854196e-03	  -9.8092564e-05	  -9.5960499e-04	   2.5489914e-05	  -2.8228523e-12	   2.2392421e+02	
   3.1788012e-03	  -1.0183190e-04	  -1.8654532e-03	   1.8751786e-05	  -1.9224270e-12	   2.2403386e+02	
  -1.7412517e-03	   3.4171874e-05	  -8.4175185e-04	   2.6320401e-05	  -2.4353274e-12	   2.2392010e+02	
  -6.9303407e-04	   8.7648941e-07	  -5.9016183e-05	  -3.5797303e-06	  -2.0781968e-12	   2.2422089e+02	
   1.1464613e-03	   8.9428378e-05	   1.5967352e-03	   9.4515845e-05	  -8.0544371e-13	   2.2402723e+02	
  -1.4152527e-04	  -4.4932170e-06	   1.5629508e-04	  -3.3816041e-06	  -5.3189679e-13	   2.2408200e+02	
  -2.6096677e-04	   1.4371608e-06	  -2.0270838e-03	   5.3991344e-05	  -1.3753331e-12	   2.2407901e+02	
  -1.3725183e-05	  -4.0915046e-06	  -8.6763968e-05	  -1.8903532e-05	  -2.7164729e-12	   2.2427443e+02	
   7.2473490e-04	  -3.4149466e-05	   2.7688655e-04	  -4.0083990e-05	  -1.5311029e-12	   2.2410607e+02	
   1.2621478e-03	   5.0818352e-05	   4.9570857e-04	   1.7717393e-05	   1.1891692e-12	   2.2335828e+02	
  -1.5234880e-03	   4.9590862e-05	   1.2101607e-03	  -3.6573796e-05	  -1.3449390e-12	   2.2408392e+02	
   1.9140498e-03	   1.7943620e-05	  -4.8274377e-04	  -1.5420666e-05	   1.4589169e-12	   2.2327722e+02	
   5.8796480e-05	   4.1046206e-05	   7.2860635e-04	   7.9266842e-05	  -2.5948965e-12	   2.2407003e+02	
  -6.3080787e-04	  -3.7826738e-06	  -1.0076510e-03	   1.3083346e-05	  -3.7232775e-12	   2.2411345e+02	
   9.1339112e-04	   3.1124685e-05	  -8.0549550e-05	  -5.9392201e-06	  -3.1913807e-13	   2.2397368e+02	
   4.5523652e-04	   1.6480072e-05	   4.2439672e-04	   1.5015642e-05	  -1.0258009e-13	   2.2393458e+02	
  -1.6974795e-03	   4.2532390e-05	   2.1068820e-03	  -4.3573452e-05	   2.1161893e-12	   2.2306941e+02	
   7.6357768e-04	   6.2263036e-06	   1.6713648e-03	   1.1146225e-06	  -2.6518854e-12	   2.2405443e+02	
  -4.6742904e-04	  -1.3233347e-04	  -3.8925962e-04	   5.1770890e-07	  -4.0234193e-12	   2.2404357e+02	
  -1.2845140e-03	   2.3261913e-04	   1.8853787e-03	  -3.0896089e-04	  -1.8844343e-12	   2.2386807e+02	
   1.6701325e-03	  -6.8949480e-05	  -6.4256401e-04	   1.2804584e-05	  -1.4893110e-12	   2.2409650e+02	
   2.2883002e-03	  -3.9125483e-06	   1.7282865e-04	  -1.0239606e-05	   1.7210660e-12	   2.2319272e+02	
  -3.0105052e-03	   2.7645401e-04	   1.3162065e-03	  -1.0905568e-04	   3.9854266e-12	   2.2233584e+02	
   1.8302548e-03	  -6.6071082e-05	   5.0640642e-04	  -2.7536092e-05	  -1.4855118e-12	   2.2409443e+02	
   2.4478086e-04	  -7.0006161e-06	  -1.5099159e-03	  -9.4518878e-06	  -2.8798412e-12	   2.2417723e+02	
  -2.1119099e-03	   8.5231451e-06	  -2.4822511e-03	   6.0207704e-05	  -1.9642188e-12	   2.2398623e+02	
  -9.7649827e-04	  -4.0015933e-06	   1.5539781e-03	   3.5644744e-05	   1.3867309e-12	   2.2329826e+02	
   4.8016106e-04	   9.9233559e-06	   1.1147148e-04	  -8.4798435e-06	  -1.1739721e-12	   2.2411717e+02	
   1.0010273e-03	   1.3040217e-06	  -9.3977356e-04	  -1.0934696e-05	  -1.0523957e-12	   2.2409093e+02	
  -3.6846337e-03	   2.0445245e-05	   9.8687875e-05	   1.9009298e-05	  -8.0164444e-13	   2.2402183e+02	
   2.1648691e-03	  -2.1981715e-05	   3.8099411e-04	  -1.4297729e-05	  -2.4809185e-12	   2.2410408e+02	
  -6.2099985e-04	   6.4293346e-08	   2.3023880e-03	   7.4540555e-05	  -1.6906719e-12	   2.2406087e+02	
   7.2320216e-04	   9.4483960e-05	   2.8804483e-03	   2.9077115e-04	  -1.8540402e-12	   2.2437690e+02	
   1.6079105e-03	  -6.8299861e-05	  -7.2607541e-04	   1.6165206e-05	  -1.5235043e-12	   2.2409840e+02	
  -6.4632124e-04	   4.6033828e-05	   2.4760741e-04	   8.5206621e-07	  -2.2073716e-12	   2.2413784e+02	
   2.9121478e-04	   2.6543755e-07	  -1.5335459e-03	  -2.9213320e-05	  -5.8888573e-13	   2.2401051e+02	
   3.7773860e-04	  -2.6034325e-05	  -1.4460000e-03	   1.5011781e-05	  -3.9018429e-12	   2.2402672e+02	
  -1.0492293e-03	  -1.2901917e-05	  -1.3860435e-03	  -1.2117456e-05	  -7.2185992e-13	   2.2402472e+02	
  -9.1880835e-04	  -3.4040261e-05	  -7.4875073e-04	  -2.5373494e-05	  -2.6594839e-13	   2.2396592e+02	
   2.3534994e-04	   9.9282308e-06	   6.4699172e-04	   2.7212806e-05	   1.4057272e-12	   2.2330644e+02	
   2.0470966e-03	  -2.6299477e-04	   4.8836163e-04	  -8.7134913e-05	  -2.2871562e-12	   2.2389711e+02	
  -1.8306858e-03	   1.2696462e-05	  -6.6675731e-04	   6.5375566e-06	  -9.7641048e-13	   2.2405799e+02	
   8.8285201e-04	   1.0037730e-04	   1.3744085e-03	   7.6837385e-05	  -3.0204139e-12	   2.2397284e+02	
  -1.8713992e-03	   2.0608758e-05	  -6.1639079e-04	   8.6594286e-06	  -1.0333995e-12	   2.2406304e+02	
  -6.4400501e-04	   5.9790038e-07	   1.4934719e-03	   2.4091300e-06	  -2.7924582e-12	   2.2416715e+02	
   2.9833903e-04	  -4.6142394e-05	  -8.0196709e-04	   2.3799665e-05	  -1.5235043e-12	   2.2410891e+02	
  -9.3402400e-04	  -1.6282041e-04	  -7.4867516e-05	   4.3519986e-05	  -4.1525941e-12	   2.2405535e+02	
  -7.5479320e-04	  -4.1789323e-05	  -2.8366554e-03	  -8.8288865e-05	  -7.8264813e-13	   2.2402611e+02	
  -1.2895500e-03	  -5.3506445e-05	  -1.6701472e-03	  -4.4008940e-05	   1.0106039e-12	   2.2341250e+02	
   3.1640171e-04	   9.5080724e-06	   1.0485663e-03	   3.2810142e-05	  -3.5713070e-13	   2.2397431e+02	
  -1.8900916e-03	   1.2875839e-04	  -2.0018918e-03	   1.4880879e-04	   3.2711652e-12	   2.2265686e+02	
  -3.2612137e-04	   2.8399425e-07	   1.3452195e-05	   7.6783543e-05	  -1.4171250e-12	   2.2410365e+02	
   9.7268858e-04	   1.4644347e-04	  -1.7687877e-03	  -2.9236088e-04	   2.9710235e-12	   2.2335190e+02	
   4.7876862e-04	   1.5110096e-05	   9.5009751e-04	   2.9880139e-05	  -3.5713070e-13	   2.2397615e+02	
  -8.3702779e-04	   5.3765345e-06	   6.2696240e-04	  -2.1346163e-07	  -3.8106606e-12	   2.2410535e+02	
   7.1791088e-05	  -4.9363864e-05	  -4.2796248e-04	  -4.5224684e-05	  -2.7126736e-12	   2.2405776e+02	
   8.1956082e-04	   2.9015516e-05	   2.7744439e-03	   3.5537606e-05	  -1.2651545e-12	   2.2404778e+02	
   1.8741858e-03	  -1.8749759e-04	   2.3194745e-03	  -2.5732394e-04	   2.5759002e-12	   2.2289731e+02	
   1.0631118e-03	   1.0397619e-04	   1.5293534e-04	  -1.3125542e-05	  -2.4619223e-12	   2.2408228e+02	
   9.9273295e-04	  -5.0197169e-05	  -1.5327933e-03	   5.4406390e-05	  -1.5197051e-12	   2.2410010e+02	
   1.8602374e-04	  -1.0108397e-05	  -2.9665339e-04	  -3.8767990e-06	  -1.5842925e-12	   2.2420461e+02	
   3.2536876e-04	  -4.7377059e-05	  -1.6924258e-03	   8.5160884e-05	  -3.1875815e-12	   2.2390605e+02	
  -2.0359768e-03	  -9.7386945e-06	   3.2791539e-04	   1.3497957e-05	   1.6488800e-12	   2.2321655e+02	
  -2.3654382e-03	  -7.7879641e-05	  -6.2267453e-05	   1.8818438e-05	  -1.6526793e-12	   2.2406464e+02	
  -8.7060227e-04	  -2.6900884e-05	  -1.1035409e-03	  -1.8312082e-05	   1.2423590e-12	   2.2334804e+02	
   1.5263413e-04	  -3.3495932e-05	  -2.5930507e-03	   3.6713422e-04	  -1.7248653e-12	   2.2386687e+02	
  -5.6934531e-04	  -1.3425625e-06	   6.9714545e-04	   2.2475406e-07	  -3.0356110e-12	   2.2419983e+02	
  -1.5306002e-03	   3.1656363e-06	   4.4016420e-04	   9.4485558e-06	  -2.6556847e-12	   2.2393959e+02	
   9.5247918e-04	   7.1045671e-05	  -1.5384389e-03	  -1.7657433e-04	  -3.5371137e-12	   2.2406093e+02	
  -3.8413732e-05	  -3.5866406e-05	  -7.9912418e-04	  -8.7014816e-05	  -2.6100936e-12	   2.2407095e+02	
   2.9303239e-04	  -7.0044283e-06	  -1.1769561e-03	  -8.0194209e-06	  -2.5948965e-12	   2.2419817e+02	
   8.6978287e-04	   2.6381225e-05	  -7.6709987e-04	  -2.9722859e-05	  -2.0136093e-13	   2.2395979e+02	
  -4.1968237e-04	  -2.9855576e-06	   5.7631987e-04	  -1.1361190e-06	  -1.6298837e-12	   2.2419038e+02	
   5.4903143e-04	   5.9682917e-05	   2.1989546e-03	   8.9247659e-05	  -2.7354692e-12	   2.2398183e+02	
  -3.5955176e-03	   6.3149307e-05	  -1.9481983e-03	   7.2177054e-05	  -2.1389850e-12	   2.2414167e+02	
   3.6698186e-03	   1.4578951e-04	  -1.7576211e-03	  -1.0041304e-04	  -2.2833569e-12	   2.2435416e+02	
  -1.1271681e-03	  -1.1108301e-04	  -1.0252639e-03	  -7.0353397e-05	  -9.8780832e-13	   2.2405494e+02	
  -1.5674110e-03	   6.5136589e-05	   7.0576376e-04	  -2.5758077e-05	  -1.4931102e-12	   2.2409979e+02	
   2.9237684e-03	  -2.0643776e-04	   2.6448275e-04	  -3.0151100e-05	   2.6974766e-12	   2.2286543e+02	
  -2.8073576e-03	   5.7673853e-06	   9.5885820e-04	   3.7985754e-05	  -2.2263680e-12	   2.2399183e+02	
   5.4239088e-04	  -2.0250253e-06	   2.0460117e-04	  -9.3198428e-06	  -1.7172668e-12	   2.2419502e+02	
  -1.0053568e-03	   1.5254544e-04	  -2.2098907e-03	   3.6106659e-04	  -1.8730365e-12	   2.2387529e+02	
  -2.8775505e-03	  -1.1422639e-04	  -2.5075541e-03	  -5.9674335e-05	  -2.5721008e-12	   2.2417089e+02	
  -1.7616932e-03	   1.9277030e-05	   5.2719544e-05	   9.0327025e-06	  -2.5948965e-12	   2.2394959e+02	
  -3.1460627e-04	  -2.0596358e-05	  -9.2603975e-04	   2.1594721e-05	  -2.7354692e-12	   2.2402969e+02	
  -6.0927237e-04	  -1.0699179e-05	   5.6706956e-04	   9.0337725e-06	  -1.2727531e-12	   2.2414872e+02	
  -2.4880703e-03	   2.9807414e-04	   5.8177545e-04	  -5.9151609e-05	  -1.8312447e-12	   2.2388464e+02	
  -3.0263870e-04	   1.3891650e-05	  -1.5877295e-04	   8.7669664e-05	  -4.2969662e-12	   2.2403288e+02	
   1.5802386e-03	  -6.5267351e-05	  -8.9710877e-04	   2.2729457e-05	  -1.4437198e-12	   2.2409803e+02	
  -9.4584554e-04	   1.4918724e-05	  -2.4412189e-03	   5.7193722e-05	   2.0326056e-12	   2.2308743e+02	
   5.9221183e-04	   7.7251690e-06	  -1.3083538e-03	  -3.0414494e-05	  -5.6609015e-13	   2.2400594e+02	
  -5.1364010e-05	  -3.6687575e-05	  -1.1922867e-04	  -1.1303683e-06	  -3.5143180e-12	   2.2425392e+02	
   1.5546247e-03	  -1.7398603e-04	  -1.6166515e-03	   1.5196851e-04	  -2.6936772e-12	   2.2390507e+02	
   3.1968182e-03	   1.3155633e-05	  -1.1976321e-03	  -2.5859708e-05	  -8.8902749e-13	   2.2402889e+02	
   1.0521598e-03	  -2.5083284e-05	  -2.2774175e-03	   4.0196783e-05	   2.2605614e-12	   2.2302230e+02	
   1.2993756e-03	  -4.4296404e-05	   7.0051252e-04	  -6.5677357e-05	  -2.9558264e-12	   2.2392525e+02	
   2.3543028e-03	  -4.2306193e-05	   1.0938060e-03	  -2.6973471e-05	   2.1921746e-12	   2.2304551e+02	
   4.4450202e-04	  -2.5092358e-05	  -2.0622716e-03	   6.7516753e-05	  -2.4353274e-12	   2.2395049e+02	
   1.9860199e-03	  -3.2736399e-05	  -4.1741339e-04	  -5.6837694e-06	  -3.2407711e-12	   2.2410815e+02	
  -1.1913461e-03	   4.2330060e-05	  -7.4468547e-04	   3.4323759e-05	  -1.6260845e-12	   2.2410566e+02	
  -9.1139569e-04	   4.2922647e-05	  -2.2049136e-03	   1.3011633e-04	  -3.0698043e-12	   2.2399486e+02	
  -1.6565943e-03	   6.6145444e-05	   6.1949677e-04	  -2.1919164e-05	  -1.4513184e-12	   2.2409920e+02	
  -1.6908706e-03	   2.0888704e-04	   1.9041733e-03	  -2.1659627e-04	  -1.8502410e-12	   2.2388732e+02	
   1.4160841e-03	   4.0219376e-06	   4.4824648e-04	  -7.4377218e-06	  -2.6860788e-12	   2.2417682e+02	
  -1.2113986e-03	  -1.0477447e-04	   4.4005762e-04	   7.0696783e-05	  -1.0333995e-12	   2.2406462e+02	
   4.6794387e-03	   1.1647064e-03	   4.7096776e-03	   1.1802114e-03	   3.6244967e-12	   2.2250057e+02	
   2.0820864e-04	  -3.0325911e-07	   7.1526176e-04	  -1.0613090e-05	  -2.6100936e-12	   2.2422701e+02	
  -1.2905833e-03	  -5.9541183e-06	   2.5092422e-04	   1.1195495e-06	  -2.8456478e-12	   2.2418651e+02	
  -3.8707490e-04	   7.2569116e-06	   2.4078400e-03	   7.4360351e-05	  -1.5349022e-12	   2.2406269e+02	
  -7.7464580e-04	  -3.2408442e-05	  -4.1962040e-04	  -1.3607039e-05	   1.6602778e-12	   2.2323350e+02	
  -6.9629937e-04	  -9.5891281e-05	  -8.9652919e-04	  -8.0227926e-05	  -1.0941877e-12	   2.2407445e+02	
   1.7095346e-03	  -3.6955941e-05	  -9.7195256e-05	  -1.1392825e-05	  -2.5948965e-12	   2.2398836e+02	
   2.2418144e-03	   2.1754845e-05	  -1.8272417e-03	  -3.5693321e-05	   1.2233626e-12	   2.2336076e+02	
  -2.1173767e-03	   2.9521844e-04	   3.5702511e-04	  -3.3741404e-05	  -2.2681598e-12	   2.2389995e+02	
  -2.0490350e-03	   1.1525604e-05	  -1.1870921e-03	   1.6782336e-05	   1.8768358e-12	   2.2314240e+02	
  -2.0912287e-03	   2.9821419e-04	  -7.1577356e-04	   1.1494666e-04	  -2.1921746e-12	   2.2389691e+02	
   2.1466355e-04	   1.7949791e-06	   6.6112065e-06	  -1.0714590e-05	  -9.7261127e-13	   2.2409373e+02	
   1.0949760e-03	  -1.7002979e-04	  -1.9234732e-03	   2.5617342e-04	  -2.2225687e-12	   2.2389691e+02	
  -1.4278624e-03	   1.9460211e-04	   1.4782999e-03	  -1.7056328e-04	  -2.3821378e-12	   2.2390218e+02	
   3.2450223e-03	  -1.0141987e-04	   1.7590369e-03	  -7.4399265e-05	   1.6488800e-12	   2.2324362e+02	
  -4.8995345e-05	   1.9437094e-05	   1.3234363e-03	   1.2280000e-04	  -1.0713921e-12	   2.2406513e+02	
   4.4046092e-03	   1.0882407e-03	   4.3388825e-03	   1.0799463e-03	  -2.5151119e-12	   2.2384339e+02	
   1.5067180e-05	   2.3834374e-05	   1.4832667e-03	   1.0604440e-04	  -2.2111709e-12	   2.2408165e+02	
  -5.6685622e-04	   1.1664623e-05	   1.8727557e-03	  -1.7083837e-05	  -3.3509498e-12	   2.2410130e+02	
   2.4805997e-03	   3.0888592e-04	  -4.6163452e-04	  -7.2114498e-05	  -2.3137510e-12	   2.2437629e+02	
   5.7792523e-04	  -1.1671672e-05	  -2.3610065e-03	   2.2463104e-05	   1.8806351e-12	   2.2314088e+02	
  -1.2404136e-04	   3.0932880e-05	   6.5516247e-04	  -3.4311158e-05	  -2.3403459e-12	   2.2413148e+02	
   1.0041436e-04	   4.7469105e-05	  -1.1976479e-04	  -3.2179077e-05	  -3.4269350e-12	   2.2428298e+02	
   1.0074871e-04	   1.0023563e-06	  -3.4623099e-04	  -1.7093198e-05	   4.0272185e-13	   2.2384685e+02	
  -2.2481364e-03	   9.2643245e-05	  -1.4108450e-03	   6.6064515e-05	   2.6290898e-12	   2.2288948e+02	
  -7.9169675e-04	   5.0048334e-05	  -1.7009524e-03	   1.5884653e-04	  -2.6746810e-12	   2.2391251e+02	
   4.9962346e-04	   1.0109751e-04	   1.1829634e-03	   1.5927949e-04	  -3.8220583e-12	   2.2408136e+02	
   1.7225237e-03	   2.2214373e-05	  -2.6282761e-03	  -6.7811090e-05	  -8.5483412e-13	   2.2403228e+02	
  -2.4626219e-04	   3.6469952e-06	  -9.7103930e-05	  -5.1656084e-06	  -2.1313864e-12	   2.2423287e+02	
  -8.6787491e-04	   3.5226353e-05	   1.7065200e-03	  -4.3162506e-05	  -2.5265097e-12	   2.2397143e+02	
   4.5957797e-04	  -5.7574903e-05	  -1.0403453e-04	  -5.1502736e-05	  -4.0386164e-12	   2.2407335e+02	
   3.5978974e-04	   5.5876541e-06	   1.7829380e-03	  -2.6543390e-05	  -2.5872979e-12	   2.2395241e+02	
   2.3606719e-03	  -4.3162678e-05	   2.6910918e-03	  -7.1748474e-05	   1.5842925e-12	   2.2326115e+02	
  -6.1050212e-05	  -6.2181001e-06	  -1.1659813e-03	  -4.2369787e-05	  -1.5956904e-13	   2.2395758e+02	
  -1.7144920e-03	  -7.1127129e-08	   4.6737331e-04	   2.6614507e-06	  -3.1647858e-12	   2.2414071e+02	
   2.0209320e-03	  -1.2458595e-04	   1.3509322e-03	  -1.0114404e-04	  -2.1465834e-12	   2.2391803e+02	
  -1.8043024e-03	  -6.5572701e-05	   1.8380236e-03	   9.4801230e-05	  -8.3583781e-13	   2.2403212e+02	
   6.8806686e-04	  -5.7633205e-05	  -4.1983479e-04	  -2.5904526e-05	  -4.0234193e-12	   2.2401513e+02	
   7.3617720e-04	  -3.4551212e-05	  -1.8713283e-03	   5.3607977e-05	  -2.5075134e-12	   2.2397188e+02	
   8.1812897e-04	   1.9569451e-05	   1.8520852e-03	   1.4387810e-05	   1.5425007e-12	   2.2325822e+02	
  -9.1538056e-04	  -5.4333049e-05	  -2.4870510e-03	  -9.6511941e-05	  -8.8142896e-13	   2.2403601e+02	
  -3.0016231e-04	  -1.3582467e-05	  -6.1377653e-04	  -2.1675712e-05	   1.7552594e-12	   2.2320373e+02	
  -1.7793747e-03	   6.9912033e-05	  -2.2211439e-04	   1.0931930e-05	  -1.4475191e-12	   2.2410071e+02	
  -9.5345943e-04	  -1.0243625e-08	   5.3811601e-04	  -3.2985144e-08	  -3.0546073e-12	   2.2418637e+02	
  -3.3845640e-04	   3.6406868e-06	  -2.1306453e-03	   8.4270918e-05	  -2.4353274e-12	   2.2395856e+02	
  -7.2499632e-04	  -2.4044142e-06	  -7.7349321e-04	   2.5637448e-05	  -2.7392684e-12	   2.2402774e+02	
   1.2823537e-03	   2.3492711e-05	   9.0816966e-04	   1.3037547e-05	   2.0933938e-12	   2.2307770e+02	
  -1.6147513e-03	   5.7495073e-05	  -9.6192830e-04	   3.7270950e-05	  -1.3829316e-12	   2.2409954e+02	
   1.4348931e-03	  -1.3900186e-04	   2.6722213e-03	  -2.8506935e-04	   3.0812021e-12	   2.2271379e+02	
   1.8210157e-04	   1.3455454e-07	  -1.3510600e-03	  -3.6305080e-05	  -3.9892259e-13	   2.2398603e+02	
   8.4989929e-04	  -4.1309389e-06	  -3.4857179e-04	  -1.0487264e-05	  -2.3517437e-12	   2.2421797e+02	
  -2.1522731e-03	   3.2426316e-04	   5.9845834e-04	  -7.4864003e-05	  -2.1655798e-12	   2.2389599e+02	
  -1.9669156e-03	  -6.8307609e-05	  -1.6064889e-03	  -3.2442412e-05	  -1.4399206e-12	   2.2406161e+02	
   7.6974683e-04	  -3.0790246e-06	  -3.0852953e-03	  -6.2251974e-05	  -8.9662601e-13	   2.2403549e+02	
  -1.5254185e-03	  -4.6454873e-06	   5.8351255e-04	   3.0401687e-06	  -2.8912389e-12	   2.2416463e+02	
   2.7550429e-03	   6.6882251e-05	  -3.3359036e-05	  -1.9861387e-05	  -1.2423590e-12	   2.2405437e+02	
  -1.5733837e-04	  -8.2565883e-06	  -2.6143332e-04	  -5.7319353e-06	  -5.6609015e-13	   2.2405652e+02	
  -7.6413102e-04	  -1.3102466e-04	  -2.0143149e-03	  -2.8285615e-04	  -2.1123901e-12	   2.2439124e+02	
  -1.4118277e-03	  -1.2893626e-04	  -9.2904392e-05	   1.8844402e-05	  -9.9160753e-13	   2.2405948e+02	
   7.4788385e-04	   3.8554922e-05	  -3.1802348e-03	  -2.6632986e-04	  -3.1381910e-12	   2.2421195e+02	
  -1.5253972e-03	   6.1754651e-05	   7.8482008e-04	  -2.8495591e-05	  -1.4551177e-12	   2.2410187e+02	
   1.6920454e-03	  -7.4784587e-05	   6.1393834e-04	  -5.3171452e-05	  -3.2787638e-12	   2.2392492e+02	
   9.3843260e-04	   3.1963115e-05	  -5.0756225e-04	  -2.1932430e-05	  -1.1777715e-13	   2.2395503e+02	
  -4.9011781e-04	   1.2567613e-05	  -5.5583426e-04	   4.6650343e-05	  -4.2323787e-12	   2.2404363e+02	
  -2.7274272e-03	  -1.0432104e-04	  -6.0111684e-04	  -3.6544093e-06	  -8.3583781e-13	   2.2403394e+02	
   1.9927601e-03	   9.8825790e-07	  -9.5916280e-04	  -1.0440937e-05	   1.6868727e-12	   2.2321047e+02	
  -2.4588308e-03	  -1.0298206e-04	  -1.2001622e-03	  -2.9787808e-05	  -8.5483412e-13	   2.2403509e+02	
  -1.2726923e-03	   4.5920032e-05	   1.0427891e-03	  -3.6582083e-05	  -1.6070882e-12	   2.2413650e+02	
   7.9473943e-04	   2.6707526e-05	  -7.1475648e-04	  -2.9896136e-05	  -8.7383043e-14	   2.2395040e+02	
   5.7828863e-05	  -4.9057754e-05	  -1.3207331e-04	  -5.8038343e-05	  -3.8942443e-12	   2.2418733e+02	
   5.8237662e-04	  -3.5850872e-05	  -1.5647889e-03	   5.6968800e-05	  -1.5425007e-12	   2.2410774e+02	
  -8.1900953e-04	   7.7279839e-06	   1.3325375e-03	  -1.0551427e-05	  -2.2149702e-12	   2.2417320e+02	
  -9.1933786e-04	   1.7712399e-05	  -1.6870805e-03	   5.3236627e-05	  -2.5455060e-12	   2.2398276e+02	
   2.5306833e-04	   5.1746498e-06	  -1.0770012e-03	  -4.1236418e-05	  -1.3297420e-13	   2.2395719e+02	
  -2.7170782e-04	   1.3827733e-05	   1.5653604e-03	  -1.7928070e-05	  -2.7316700e-12	   2.2406069e+02	
  -2.4932614e-05	   3.7338749e-05	   6.0578807e-04	   7.7580966e-05	  -2.5872979e-12	   2.2408230e+02	
   1.2541245e-03	  -3.7774319e-05	   1.3614442e-03	  -5.0070792e-05	  -1.3639354e-12	   2.2409750e+02	
  -2.8238732e-03	   2.1641473e-04	  -7.0033566e-04	   6.2014477e-05	   3.0963992e-12	   2.2270782e+02	
  -3.6191001e-04	   4.0824242e-05	   6.1979345e-04	  -3.2112127e-05	  -1.4817125e-12	   2.2410999e+02	
  -2.3378699e-03	   1.7283451e-04	  -1.7234725e-03	   1.3682550e-04	   3.1343917e-12	   2.2269265e+02	
  -1.6073615e-04	  -1.0920158e-05	  -6.4993219e-04	  -3.0007106e-05	   2.7734618e-13	   2.2387887e+02	
  -2.0566169e-03	   4.9781306e-05	   5.7768560e-04	  -9.7658154e-06	   3.7802665e-12	   2.2240639e+02	
  -1.5792109e-03	   8.7891826e-05	  -1.8771756e-03	   1.1529174e-04	  -2.1959739e-12	   2.2392511e+02	
  -6.4853421e-04	  -1.6622746e-05	   7.7377408e-04	   2.1228225e-05	   2.1693791e-12	   2.2306469e+02	
  -2.0570685e-03	  -8.6122566e-05	  -1.1011673e-03	  -2.4631748e-05	  -1.5045081e-12	   2.2407075e+02	
  -2.1414706e-04	  -2.8980317e-06	   4.4713515e-04	  -3.3664996e-07	  -9.8400910e-13	   2.2411408e+02	
   1.9354510e-04	   4.3294482e-06	  -8.3591470e-04	  -3.7687352e-05	   1.9756166e-13	   2.2389971e+02	
   5.1540383e-04	   2.9142008e-06	   7.8604578e-04	  -4.0702403e-05	  -3.9778282e-12	   2.2404609e+02	
   4.5409680e-04	   1.5600120e-05	  -6.0926949e-04	  -2.8123433e-05	   3.7232775e-13	   2.2386781e+02	
  -1.0617340e-04	  -5.7030405e-06	  -8.8231736e-04	  -2.4551480e-05	   2.1997732e-12	   2.2306005e+02	
   1.5659432e-03	  -5.8620378e-05	  -1.6518103e-04	  -7.4974237e-06	  -1.4665154e-12	   2.2410510e+02	
  -3.4183120e-05	  -1.3480301e-05	  -2.2437587e-04	   1.9932628e-05	  -3.0508080e-12	   2.2425375e+02	
   3.7245368e-04	   1.2810599e-05	  -2.9119727e-04	  -1.4698265e-05	   4.8630563e-13	   2.2383746e+02	
  -7.2808064e-04	  -1.4356372e-05	   4.0516599e-04	   7.0868770e-06	  -1.2423590e-12	   2.2414531e+02	
  -1.5116008e-03	  -5.1972719e-06	   2.3087903e-04	   1.0743107e-05	  -2.7202721e-12	   2.2395795e+02	
  -1.7271018e-03	   2.6877858e-05	  -1.1696262e-03	   2.4599997e-05	   2.7012759e-12	   2.2286324e+02	
   3.0504391e-04	  -1.4499581e-05	  -1.9326883e-03	   3.2647650e-05	  -2.5493054e-12	   2.2395820e+02	
  -4.3922453e-04	  -8.9945150e-06	   8.6785792e-04	   2.1059261e-05	   2.2947547e-12	   2.2302373e+02	
  -8.0064124e-04	   2.2717734e-05	  -1.1313204e-03	   4.9013621e-05	  -1.5956904e-12	   2.2410962e+02	
   2.5840483e-04	   1.3007403e-05	   2.1439956e-03	   1.1135568e-05	   1.6564786e-12	   2.2322323e+02	
   8.2308561e-06	   3.6403884e-06	   1.8040764e-03	  -6.2821907e-05	  -1.3639354e-12	   2.2410003e+02	
   6.9117279e-04	  -8.8337254e-06	  -1.7839350e-03	   1.0819847e-05	   2.5721008e-12	   2.2291351e+02	
   1.6351945e-03	  -6.1110130e-05	  -1.7326730e-04	  -6.3613312e-06	  -1.4513184e-12	   2.2410414e+02	
   9.3225942e-04	   7.1990272e-06	   1.4064036e-03	  -1.0214590e-06	  -3.3091579e-12	   2.2412887e+02	
  -3.5249076e-04	   6.0462222e-06	  -1.8656667e-03	   7.0146269e-05	  -1.4057272e-12	   2.2410382e+02	
   1.1610644e-03	  -1.4285729e-05	   1.0883199e-03	  -3.9126878e-05	  -3.5713070e-12	   2.2403410e+02	
   1.6964033e-03	   9.4122243e-05	  -5.6097628e-04	  -5.3879857e-05	  -1.8540402e-12	   2.2408523e+02	
   8.2178310e-04	  -1.4959331e-05	   2.5931116e-03	  -8.0843967e-05	   2.1047916e-12	   2.2307236e+02	
  -1.8026073e-05	   1.8576676e-05	   1.9702409e-03	   9.8938754e-05	  -1.7020697e-12	   2.2407819e+02	
   2.6952040e-03	   3.0832529e-04	   2.6396193e-04	   1.4686058e-05	  -3.3737453e-12	   2.2425126e+02	
  -1.9299881e-04	  -5.9481615e-05	  -1.5976036e-03	  -1.6661769e-04	  -3.4231357e-12	   2.2405936e+02	
   1.0886001e-03	  -1.3371634e-05	  -1.4006279e-03	   8.4990460e-06	   2.7392684e-12	   2.2284841e+02	
  -7.3505714e-04	   2.8056341e-05	  -1.5501868e-03	   1.2095943e-04	  -2.8494471e-12	   2.2391339e+02	
  -3.0546373e-03	   1.8921711e-04	  -2.2864919e-03	   1.6307123e-04	   1.7590587e-12	   2.2322409e+02	
   4.2554785e-04	   1.4782388e-05	  -4.1942173e-04	  -2.0200537e-05	   4.4451374e-13	   2.2385028e+02	
   3.5753482e-04	  -3.2341172e-05	  -1.2514793e-03	   4.1437236e-05	  -1.5614970e-12	   2.2410954e+02	
  -2.2207648e-03	   6.8411432e-05	  -3.5333448e-04	   1.6554407e-05	   2.8988375e-12	   2.2278617e+02	
   6.1016996e-04	   1.0333218e-05	  -2.3886516e-03	  -1.1482643e-04	  -9.8020979e-13	   2.2404852e+02	
  -8.0691316e-05	  -3.1180794e-06	   1.7133468e-04	  -2.7670404e-06	  -4.6730932e-13	   2.2406776e+02	
   1.7877835e-03	  -2.4730760e-04	  -1.2945688e-03	   1.5118581e-04	  -2.3175503e-12	   2.2390167e+02	
  -1.8970251e-03	   1.5917519e-04	  -2.3655232e-03	   2.1113227e-04	   3.4573291e-12	   2.2255435e+02	
   2.0018911e-03	  -1.0755930e-04	   1.3575170e-03	  -9.0042094e-05	  -2.2339665e-12	   2.2392854e+02	
  -1.9963137e-03	   8.0901457e-05	  -1.3488834e-03	   6.1713041e-05	   3.0850014e-12	   2.2271128e+02	
  -1.8034615e-03	   2.2599357e-04	   1.8076473e-03	  -2.0938321e-04	  -1.9186276e-12	   2.2389732e+02	
   2.2446328e-03	  -1.0792772e-04	   1.2196497e-03	  -6.8355695e-05	   3.0698043e-12	   2.2271776e+02	
   1.4076061e-03	  -2.1208944e-05	  -1.2984758e-03	   4.8957000e-06	  -2.6784802e-12	   2.2416290e+02	
   4.5657632e-04	  -1.5775487e-05	   2.8771588e-03	  -1.7184139e-04	   2.3441451e-12	   2.2299037e+02	
   3.3802134e-04	   1.0716105e-05	  -4.7758055e-04	  -2.2247801e-05	   4.9010490e-13	   2.2384155e+02	
   2.6363819e-04	   7.6395647e-06	  -6.4568752e-04	  -2.9568344e-05	   3.0014176e-13	   2.2387906e+02	
  -1.0296963e-03	  -1.2277781e-04	  -1.3102085e-03	  -8.2320419e-05	  -3.3547491e-12	   2.2398725e+02	
   2.1612037e-03	   1.2114788e-04	  -2.0268793e-04	  -2.9939454e-05	  -9.4981569e-13	   2.2404605e+02	
  -5.5748775e-04	  -9.0153992e-05	   1.6286586e-04	   1.0745150e-04	  -4.0424156e-12	   2.2407259e+02	
  -1.2941344e-03	  -1.1844141e-04	   2.1448874e-04	   4.9560624e-05	  -1.0561950e-12	   2.2406993e+02	
  -1.0979932e-04	   3.2647143e-05	   5.1476545e-05	   9.3542227e-05	  -3.9816274e-12	   2.2414948e+02	
  -1.2069447e-04	  -9.1567725e-06	  -5.3523959e-04	  -2.4277893e-05	   4.9390416e-13	   2.2384067e+02	
   2.6758178e-04	  -4.3157082e-06	   4.0008916e-04	  -1.3293420e-05	  -1.8996314e-12	   2.2421394e+02	
   1.0208963e-03	   6.0664349e-06	   2.7595001e-04	  -8.2273496e-06	  -1.6754748e-12	   2.2416504e+02	
  -1.8847813e-03	   2.9610205e-05	  -9.1958881e-04	   1.9687970e-05	  -3.0888006e-12	   2.2412484e+02	
  -1.1778742e-03	  -2.4757058e-05	   9.2672370e-05	   1.2980485e-05	   2.0667989e-12	   2.2311861e+02	
  -1.4460758e-03	  -1.2967449e-04	  -8.6574253e-05	   1.8883996e-05	  -1.0220016e-12	   2.2406406e+02	
   1.4448085e-03	  -4.4902164e-05	   1.0352457e-03	  -4.1278175e-05	  -1.3639354e-12	   2.2410198e+02	
  -2.2169015e-03	  -2.2954827e-04	  -6.9921206e-05	   2.6566952e-05	  -3.5865040e-12	   2.2410922e+02	
  -2.0214966e-03	  -2.0750975e-04	  -7.8354521e-05	   2.9203877e-05	  -3.5903033e-12	   2.2407735e+02	
   1.4589734e-03	  -6.9838937e-06	  -8.3385878e-04	  -8.1529793e-06	  -2.1275871e-12	   2.2413795e+02	
  -2.1598666e-03	  -6.9499673e-05	   1.0646515e-03	   5.7306583e-05	  -1.3525375e-12	   2.2406658e+02	
  -4.6587727e-04	  -6.4430695e-06	   2.4945575e-04	   5.2438061e-06	  -1.0485965e-12	   2.2411351e+02	
  -1.5373461e-03	   4.8039049e-05	  -1.4030342e-03	   5.5264815e-05	  -2.4885172e-12	   2.2397460e+02	
   2.8399690e-04	   4.6646862e-07	   2.2196407e-03	  -5.6845116e-05	  -3.0660051e-12	   2.2410102e+02	
  -1.4636247e-03	  -8.9249758e-05	   5.9575959e-04	   6.4992406e-05	  -1.9794158e-12	   2.2409120e+02	
   1.3673456e-04	  -1.9470525e-07	   8.1311024e-04	   4.0916681e-06	  -1.4323220e-12	   2.2414404e+02	
  -5.5648903e-04	  -1.2342181e-04	   1.3414246e-04	   4.9649205e-05	  -1.7400623e-12	   2.2440367e+02	
  -1.4442358e-03	   1.9145205e-05	  -4.4321072e-04	   1.5125421e-05	  -2.6290898e-12	   2.2409116e+02	
   3.3965626e-04	   5.9028921e-05	  -4.6349724e-05	  -7.0219650e-05	  -1.3031472e-12	   2.2409954e+02	
   6.4665095e-04	  -1.8921683e-06	  -2.0347036e-03	  -1.1978761e-04	  -3.0014176e-12	   2.2395476e+02	
   2.2897575e-03	  -4.4674888e-06	   5.1071937e-04	  -1.0933752e-05	   1.8084491e-12	   2.2317769e+02	
  -1.6040379e-03	  -1.6723291e-05	  -6.3369081e-04	  -4.9103979e-06	  -5.8508647e-13	   2.2402361e+02	
  -8.3547629e-04	   1.4762905e-05	   2.2500137e-03	  -9.0013660e-06	   1.8502410e-12	   2.2316097e+02	
  -4.6212747e-06	  -4.4776997e-06	  -9.9683032e-04	  -4.3212056e-05	   1.4057272e-13	   2.2391723e+02	
  -3.0902949e-03	   1.6545807e-04	  -2.2371996e-03	   1.4017271e-04	   1.7438617e-12	   2.2322941e+02	
  -2.8468163e-04	  -7.6557119e-05	  -2.7907730e-04	   3.6958276e-05	  -1.3373405e-12	   2.2410435e+02	
  -1.1184956e-03	  -1.9745434e-04	  -6.1015003e-04	  -6.4138892e-05	  -3.8980436e-12	   2.2413864e+02	
  -3.9317233e-03	  -1.3136875e-04	  -1.6611109e-03	  -2.1060794e-05	  -2.6594839e-12	   2.2425424e+02	
   1.3137503e-03	   2.0851715e-05	  -7.8203724e-04	  -1.9360381e-05	  -3.9132406e-13	   2.2399838e+02	
  -5.7517110e-04	  -6.5248739e-05	  -1.3021599e-03	  -9.4291523e-05	  -2.1085909e-12	   2.2409586e+02	
   6.6084527e-04	   7.4857018e-06	  -7.3690535e-04	  -1.3182785e-05	   2.6442869e-12	   2.2290189e+02	
  -1.9443609e-03	   2.9841122e-04	  -1.4460929e-03	   2.3293324e-04	  -2.0060107e-12	   2.2389002e+02	
   5.9699603e-04	   1.1596169e-04	   1.6154724e-03	   2.8828525e-04	   3.1495888e-12	   2.2327902e+02	
  -1.6841492e-03	   5.7001625e-05	  -7.2583885e-04	   2.6890543e-05	  -1.3297420e-12	   2.2410339e+02	
  -1.2526951e-03	   1.8384674e-05	  -1.2994403e-03	   2.4396819e-05	   3.0394102e-12	   2.2272921e+02	
   3.5843053e-04	  -7.9577638e-06	  -6.0773335e-05	  -5.9152038e-05	  -2.7392684e-12	   2.2407055e+02	
  -8.1459030e-04	  -1.1047201e-05	  -5.5522175e-04	  -5.7021039e-06	   2.7430677e-12	   2.2286162e+02	
   2.9104141e-04	  -5.7180244e-05	  -2.2618952e-03	   3.1587830e-04	  -2.2339665e-12	   2.2389599e+02	
  -1.6709048e-03	  -2.2415198e-05	  -9.7863593e-04	  -2.8957680e-06	   1.6222852e-12	   2.2323688e+02	
  -2.2433435e-03	  -8.0021305e-05	   1.2449721e-03	   6.7247207e-05	  -1.0106039e-12	   2.2404940e+02	
   3.7188345e-04	  -6.7049494e-06	  -1.4489456e-03	   8.4811690e-06	   2.9824212e-12	   2.2275396e+02	
   1.5322899e-03	   9.6941291e-05	   1.4846387e-03	   7.0494205e-05	  -1.0409980e-12	   2.2405396e+02	
   3.1911499e-04	   8.1784921e-06	   5.6528590e-04	   5.9098643e-07	  -1.4627161e-12	   2.2412856e+02	
  -1.1488521e-03	   4.8488005e-05	   3.8748721e-04	  -1.0247447e-05	  -1.4969095e-12	   2.2410917e+02	
  -1.6619557e-03	  -2.8090250e-04	  -3.6669740e-04	  -3.2458325e-05	  -3.2635668e-12	   2.2431124e+02	
   8.5699008e-04	  -2.6256787e-05	   1.3827063e-03	  -5.5460108e-05	  -1.4589169e-12	   2.2410836e+02	
   2.9039544e-03	  -8.0643136e-04	  -1.7956756e-04	  -2.3191924e-04	  -2.6974766e-13	   2.2454774e+02	
  -9.3986987e-04	   3.6839178e-05	  -5.4037665e-04	   3.1756374e-05	  -1.5576977e-12	   2.2411418e+02	
  -6.2860212e-04	   2.8253498e-05	   2.1619647e-03	  -8.1048901e-05	   3.2977601e-12	   2.2262183e+02	
   1.4891597e-03	  -5.1710735e-05	   3.8896921e-04	  -2.5535768e-05	  -1.4627161e-12	   2.2410909e+02	
   2.0290510e-03	  -1.0230699e-04	   1.6499726e-03	  -9.3509175e-05	   3.4915225e-12	   2.2254026e+02	
  -1.2057288e-03	   4.7036586e-05	  -2.8862306e-04	   1.7153828e-05	  -1.5311029e-12	   2.2411085e+02	
  -4.3425481e-04	   8.0275587e-06	   1.6433180e-04	  -1.0059840e-05	  -2.1997732e-12	   2.2423496e+02	
   1.5519197e-03	  -5.7414650e-05	  -1.4402864e-04	  -8.1583644e-06	  -1.4513184e-12	   2.2410919e+02	
   1.6561320e-03	  -4.2819009e-06	  -7.1830535e-04	  -6.0001663e-06	  -7.7125034e-13	   2.2404973e+02	
  -1.4611189e-03	   5.4230274e-06	   9.1969392e-04	  -1.6879940e-06	  -2.7240714e-12	   2.2416856e+02	
   1.8664123e-03	   9.3411361e-05	  -5.9496229e-04	  -5.1264947e-05	  -1.6032889e-12	   2.2408075e+02	
   2.0715792e-03	  -9.8083054e-05	   1.6433535e-03	  -8.7786002e-05	   3.6510915e-12	   2.2246997e+02	
  -1.1394576e-03	   4.1377455e-05	  -6.5490221e-04	   3.1271970e-05	  -1.5614970e-12	   2.2411216e+02	
  -4.4129170e-04	   2.2122345e-05	  -2.8714046e-03	   1.8921249e-04	   3.6814856e-12	   2.2245570e+02	
   3.4749051e-04	   4.8717645e-05	   1.3344301e-03	   1.0088581e-04	  -1.9718174e-12	   2.2409920e+02	
  -6.7916988e-04	   3.7701663e-05	  -2.9406807e-03	   1.9479708e-04	   3.8182590e-12	   2.2239186e+02	
   1.6669425e-04	   2.7126666e-06	  -9.3454079e-04	  -4.0954591e-05	   1.7856535e-13	   2.2391173e+02	
  -8.8470302e-04	  -1.3922992e-05	  -3.4662944e-04	  -3.4189916e-06	   4.1146016e-12	   2.2226425e+02	
  -6.5745599e-04	   2.9198104e-05	   1.9719943e-03	  -5.4393016e-05	  -2.5037142e-12	   2.2396519e+02	
   3.0810651e-04	   3.2000925e-05	  -3.0560383e-04	  -1.2551105e-04	  -4.2893676e-12	   2.2403439e+02	
  -2.0433960e-03	  -8.3596630e-05	   8.8536232e-04	   5.9382126e-05	  -1.3525375e-12	   2.2407265e+02	
   3.6145677e-04	   3.3353298e-07	   1.8717512e-03	  -5.1847639e-05	  -2.5872979e-12	   2.2398672e+02	
  -1.0704863e-04	  -3.6281557e-06	   1.9303377e-04	  -3.0926663e-06	  -4.8630563e-13	   2.2406269e+02	
  -3.0729915e-04	   2.7320871e-05	   9.0607672e-04	  -4.2240402e-05	  -1.5121066e-12	   2.2411353e+02	
   7.5573602e-04	   1.6730699e-04	  -7.5145999e-03	  -1.7260655e-03	  -1.9946129e-12	   2.2391437e+02	
   1.4099075e-03	  -3.1040460e-05	   1.5983689e-04	  -3.0841549e-05	  -3.5979019e-12	   2.2402674e+02	
  -4.3883084e-04	  -9.0898934e-05	  -1.3077055e-04	   7.8576797e-05	  -4.0158207e-12	   2.2406189e+02	
  -2.0059663e-04	   1.4557246e-05	   1.3802036e-03	  -5.3461340e-05	  -1.5121066e-12	   2.2411153e+02	
  -1.6668578e-03	  -9.8359504e-06	   3.8810900e-04	   1.0293589e-05	  -2.7316700e-12	   2.2401656e+02	
   1.7096764e-03	   1.2725711e-04	  -5.5646152e-05	  -2.3627933e-05	  -1.0523957e-12	   2.2406337e+02	
  -2.4153972e-03	  -2.2932711e-04	  -9.1408947e-04	  -5.3494246e-05	  -3.3547491e-12	   2.2412909e+02	
   2.8573918e-04	  -7.9108521e-06	   3.5719721e-04	  -2.9953176e-05	  -3.4687269e-12	   2.2418981e+02	
   1.4441931e-03	  -6.4404186e-07	  -4.8999240e-04	  -1.2706972e-05	  -3.2255740e-12	   2.2415009e+02	
   1.0141066e-03	  -4.9806308e-05	  -8.9511381e-04	   1.8625417e-05	  -1.5083073e-12	   2.2411124e+02	
   2.1481932e-03	  -3.7131477e-05	   1.9739027e-05	  -8.7685735e-06	  -2.6404877e-12	   2.2402098e+02	
   7.7943983e-05	  -1.4993018e-05	  -1.5577908e-03	  -1.1458110e-04	  -1.8882335e-12	   2.2409883e+02	
   5.7427232e-04	   1.3556147e-05	   5.6499642e-05	  -8.2116281e-06	  -2.1275871e-12	   2.2412093e+02	
  -1.2784472e-03	  -3.8495206e-05	  -3.8288285e-04	   1.0922024e-06	   1.2765523e-12	   2.2335058e+02	
  -9.3495912e-04	   5.6600021e-05	  -2.3499554e-03	   1.6112292e-04	  -2.1921746e-12	   2.2392558e+02	
   1.6267228e-03	  -2.8319143e-05	   1.3927416e-03	  -3.3874310e-05	  -2.6252906e-12	   2.2400455e+02	
   2.2107489e-03	   9.7871028e-05	  -7.1630069e-04	  -5.1683660e-05	  -1.1321803e-12	   2.2406118e+02	
   3.9962330e-04	  -3.0455109e-05	  -1.1571915e-03	   2.4970041e-05	  -2.3213496e-12	   2.2412754e+02	
  -1.3156457e-04	  -7.8069732e-06	  -2.9963658e-04	  -1.2536069e-05	  -6.0408278e-13	   2.2408071e+02	
   5.5806433e-04	  -1.7520605e-05	   3.7042926e-04	  -4.2650974e-05	  -2.3935355e-12	   2.2412889e+02	
  -1.3035105e-03	   5.2027256e-05	   6.0682542e-04	  -1.9957342e-05	  -1.4855118e-12	   2.2411241e+02	
  -1.5221814e-03	   1.9576610e-04	  -1.6024174e-03	   2.2350434e-04	  -2.3327473e-12	   2.2389713e+02	
  -7.8429638e-04	   1.7472989e-05	   6.2100544e-04	  -5.6616114e-06	  -3.7498724e-12	   2.2411042e+02	
  -1.4701475e-04	   4.8656196e-05	   2.6723818e-04	   4.3504554e-05	  -2.6328890e-12	   2.2408834e+02	
  -2.1255580e-03	   3.3041347e-04	  -1.2650960e-03	   2.0654474e-04	  -1.9718174e-12	   2.2388950e+02	
   7.9503947e-04	   8.1503560e-06	  -1.4815748e-03	  -3.3104728e-05	   1.3943295e-12	   2.2331113e+02	
   1.1225982e-03	  -1.7265850e-05	   1.0092657e-04	  -2.3763559e-05	  -3.7802665e-12	   2.2408529e+02	
   4.9653732e-04	   8.2175412e-05	  -1.3939019e-03	  -2.6745862e-04	  -3.8372554e-13	   2.2427674e+02	
  -6.9597820e-03	  -1.5330950e-03	   9.2767863e-04	   2.2414365e-04	  -3.3965409e-12	   2.2387813e+02	
   4.7306430e-04	   8.3461372e-05	   6.8985960e-04	   7.5497663e-05	  -1.2499574e-12	   2.2409367e+02	
  -2.5612700e-04	  -5.1097736e-05	  -1.0314907e-03	  -9.9929311e-05	  -2.2035724e-12	   2.2410960e+02	
  -1.6271952e-04	   4.8726571e-06	  -3.7802292e-03	   3.2754611e-04	   4.3121633e-12	   2.2215511e+02	
  -5.5657682e-05	  -1.6395491e-05	  -1.2095754e-03	   4.9188077e-05	  -1.5994896e-12	   2.2411727e+02	
   4.9290148e-04	  -4.8239188e-06	   1.5891605e-03	  -2.3156249e-05	  -2.1199886e-12	   2.2413852e+02	
   2.4892699e-03	  -1.5714944e-04	   1.0566119e-03	  -8.0865635e-05	   3.0622058e-12	   2.2274627e+02	
  -6.5253145e-04	  -3.0557780e-05	  -2.2833720e-03	  -5.7666215e-05	   1.1359796e-12	   2.2339475e+02	
   1.5690154e-05	   2.4959128e-05	   5.1687400e-04	   1.5115106e-04	  -3.6890842e-12	   2.2426518e+02	
  -2.2111521e-04	   2.1100334e-05	   1.1493073e-03	  -1.2392432e-05	  -2.7620641e-12	   2.2403218e+02	
   3.0360108e-03	  -3.3211331e-04	  -1.9259792e-04	   4.3267535e-06	   2.6974766e-12	   2.2287005e+02	
   1.8860587e-03	  -4.5687901e-05	   3.5536303e-04	  -2.0348454e-05	  -2.6062943e-12	   2.2399398e+02	
  -2.3459287e-03	   1.2110905e-04	  -1.9764566e-03	   1.1113760e-04	   4.0462148e-12	   2.2228828e+02	
  -1.1280876e-03	  -7.2345606e-05	  -1.9374219e-03	  -8.8433183e-05	  -1.1701729e-12	   2.2406502e+02	
  -4.1208133e-03	  -1.6927884e-05	   1.7346730e-03	   4.9191013e-05	  -2.4201303e-12	   2.2435819e+02	
  -1.1274165e-03	  -3.8688026e-05	   5.0376913e-04	   1.6318706e-05	  -1.2537567e-13	   2.2395496e+02	
  -2.8454820e-03	   1.6743010e-04	  -5.6609367e-04	   4.3795046e-05	   2.4429260e-12	   2.2296217e+02	
  -1.0064876e-04	   2.2285578e-06	   9.2491782e-04	  -6.4053988e-07	  -3.1723845e-12	   2.2418465e+02	
  -1.1522718e-03	   7.4947672e-06	  -1.3335084e-03	   2.3620807e-05	  -3.7118797e-12	   2.2405177e+02	
   5.6629238e-04	  -4.9863464e-05	  -5.4237085e-05	  -4.3055011e-05	  -4.1905869e-12	   2.2405097e+02	
  -1.4636891e-03	   2.9316058e-05	   1.2733326e-03	  -1.1908750e-05	  -2.5796995e-12	   2.2396586e+02	
  -2.2894523e-04	   5.3244367e-05	   2.7643840e-04	   9.3471992e-05	  -3.8866459e-12	   2.2403044e+02	
  -1.2866687e-04	  -8.7328447e-05	  -3.3168378e-04	  -3.8417370e-06	  -1.3449390e-12	   2.2410772e+02	
   1.7417174e-03	  -5.4765262e-05	   7.2232901e-04	  -4.1501765e-05	  -3.3205557e-12	   2.2402989e+02	
   1.6896389e-03	   2.4590002e-05	  -7.6251843e-04	  -2.2338355e-05	   1.4779132e-12	   2.2328845e+02	
  -2.0487649e-03	   7.5425594e-05	   5.8198652e-04	  -1.1211616e-05	  -2.4847178e-12	   2.2397547e+02	
  -1.3276045e-03	   4.3135028e-05	   1.1698151e-03	  -3.6041155e-05	  -1.2917493e-12	   2.2410486e+02	
  -2.6105725e-04	  -1.7425112e-05	  -5.9070417e-04	   5.4030172e-05	  -1.5614970e-12	   2.2412558e+02	
  -1.6793208e-03	   3.9767151e-05	   7.4747599e-04	  -1.6878308e-05	  -1.1625744e-12	   2.2409513e+02	
   4.5332451e-04	  -2.3665453e-05	  -3.3148755e-04	  -6.6408380e-06	  -3.4041394e-12	   2.2419819e+02	
   2.1548463e-03	  -3.6293625e-05	  -2.6969833e-03	   2.2796645e-05	   1.5197051e-12	   2.2329250e+02	
   1.9566535e-04	  -5.8774710e-07	   4.6285524e-04	  -9.7859571e-06	  -3.0356110e-12	   2.2420907e+02	
   1.1129251e-03	  -2.0798468e-05	   1.6269843e-04	  -2.8433756e-05	  -3.9436347e-12	   2.2404427e+02	
   1.4253255e-03	  -4.6707001e-05	  -1.3503506e-03	   2.5272204e-05	  -2.6024949e-12	   2.2399611e+02	
  -1.1918582e-03	   2.1733088e-05	  -2.4949323e-04	   1.6566397e-05	  -3.9702295e-12	   2.2403376e+02	
   6.3875237e-04	  -1.7585563e-05	   1.1025006e-03	  -4.9955693e-05	  -1.5500992e-12	   2.2411404e+02	
   6.7162629e-05	  -1.5009938e-05	  -2.0134588e-03	  -1.1473461e-04	  -1.3297420e-12	   2.2407772e+02	
  -5.3811799e-04	   7.9578842e-06	   1.5758557e-03	  -1.7593749e-05	   3.6472923e-12	   2.2246797e+02	
  -5.7038638e-04	   2.8261528e-05	   1.1924034e-03	  -4.4698490e-05	  -1.5121066e-12	   2.2411490e+02	
  -3.0027706e-03	   3.6697565e-04	   3.7796295e-04	  -3.4034217e-05	   2.8418485e-12	   2.2281666e+02	
  -1.3468840e-03	  -7.9723580e-05	   8.8872260e-04	   8.2771685e-05	  -1.6374823e-12	   2.2409576e+02	
  -1.3985943e-03	   5.1392411e-05	  -2.6188288e-03	   1.0957086e-04	   4.1297987e-12	   2.2224632e+02	
   7.4450948e-04	  -3.9936784e-05	  -2.6688355e-04	  -1.7567859e-05	  -2.3973349e-12	   2.2412772e+02	
  -3.7112132e-03	  -2.1272033e-04	   4.1008524e-04	   5.3727532e-05	  -2.9558264e-12	   2.2419817e+02	
  -8.6371838e-04	   2.4794436e-05	   2.0208844e-03	  -3.6116425e-05	  -2.6100936e-12	   2.2396502e+02	
   3.9699945e-03	   1.7264277e-04	   7.7509797e-04	   9.7520228e-06	  -2.7126736e-12	   2.2423363e+02	
   1.0201031e-03	  -5.1105132e-05	  -7.2265246e-04	   1.1341942e-05	  -1.5273036e-12	   2.2411555e+02	
  -2.0461646e-03	  -1.1436179e-04	   3.1478953e-05	   2.3262157e-05	  -1.2347603e-12	   2.2407003e+02	
   2.3741071e-03	  -1.3392484e-04	  -2.5010524e-03	   1.2950360e-04	   4.2969662e-12	   2.2216807e+02	
   1.1542296e-03	  -2.6672856e-05	  -9.3352602e-04	  -1.9431891e-06	  -2.7278707e-12	   2.2402535e+02	
   3.0408385e-03	  -1.4143030e-04	   1.0283097e-03	  -5.6182487e-05	   4.2247802e-12	   2.2220020e+02	
  -7.0883288e-04	  -2.4478253e-06	  -1.2602477e-03	   2.4875728e-05	  -2.7430677e-12	   2.2402596e+02	
  -6.9117118e-05	  -2.8100160e-05	  -1.1359949e-03	   3.2318813e-05	  -4.0234193e-12	   2.2401410e+02	
   1.1449328e-03	   3.5143611e-05	  -1.3703422e-04	  -7.9689040e-06	  -1.3677346e-13	   2.2396366e+02	
   6.3203526e-04	   1.3417247e-04	  -1.0024975e-04	  -1.5247862e-05	   3.8182590e-12	   2.2298641e+02	
   8.9961545e-04	  -4.8001372e-05	  -9.7067730e-04	   2.3292318e-05	  -1.5463000e-12	   2.2411754e+02	
  -1.2968995e-03	   1.4747901e-06	   3.4423648e-04	   2.3973408e-06	  -3.4041394e-12	   2.2413977e+02	
  -7.4516266e-04	  -7.6497704e-05	   1.3808905e-04	   6.0851051e-05	  -2.2681598e-12	   2.2411269e+02	
  -1.8910238e-05	  -6.0135534e-06	  -3.4563041e-03	   1.6766508e-04	   4.3539551e-12	   2.2213957e+02	
  -1.8839878e-03	   4.4499205e-05	  -7.4506717e-05	   1.1642734e-05	  -2.6214913e-12	   2.2400519e+02	
  -2.2383391e-03	   1.6241057e-05	   7.2668462e-04	   5.7872043e-06	   1.9528211e-12	   2.2313502e+02	
   8.8947230e-04	  -1.6945302e-05	   1.2374703e-03	  -8.3532571e-05	  -3.0432094e-12	   2.2390488e+02	
  -3.3595729e-04	  -5.2109125e-06	   4.3392519e-04	   8.7406332e-05	  -2.3859370e-12	   2.2410979e+02	
  -7.8122809e-04	  -8.2775531e-06	  -5.2473706e-04	  -2.5658770e-06	   3.5105188e-12	   2.2254652e+02	
   7.6235929e-04	   1.0964752e-04	   4.4165219e-04	   3.5469885e-05	  -1.2461582e-12	   2.2409453e+02	
   2.3602859e-04	  -6.8156073e-05	  -2.9481243e-04	  -2.1192148e-05	  -2.0516019e-12	   2.2414040e+02	
  -1.8338111e-03	   4.0134020e-05	  -1.5104804e-04	   1.3322315e-05	  -2.6404877e-12	   2.2400795e+02	
   2.2179190e-03	  -4.5193315e-05	  -3.4459887e-05	  -5.4753905e-06	   3.9208392e-12	   2.2234435e+02	
   3.9085113e-04	   3.4218000e-05	  -1.2255823e-04	  -7.1058386e-05	  -2.5151119e-12	   2.2410257e+02	
   1.9150263e-03	   2.6529452e-04	  -1.4526055e-03	  -2.1973108e-04	  -6.8766656e-13	   2.2431118e+02	
  -7.6228282e-04	  -1.7358446e-04	  -7.4224905e-04	  -1.2785248e-04	  -3.6624893e-12	   2.2426114e+02	
  -7.9499354e-05	  -6.3888140e-06	  -4.5096015e-04	  -1.1446884e-05	  -8.7003117e-13	   2.2412208e+02	
  -9.8039157e-04	   2.3201320e-05	   3.7844217e-05	   6.5922824e-06	  -3.7992628e-12	   2.2410243e+02	
   4.2982814e-04	   7.5134424e-05	  -7.8691515e-05	  -6.2307286e-05	  -1.3107456e-12	   2.2410324e+02	
   3.0237270e-05	  -2.6462213e-05	  -9.9635937e-04	   4.4015588e-05	  -1.5994896e-12	   2.2412363e+02	
   3.8598516e-04	   2.9301124e-06	   7.5206122e-04	  -2.9658922e-05	  -4.0462148e-12	   2.2407441e+02	
   7.9440915e-04	  -5.1953276e-05	  -5.6988356e-04	   4.8275657e-06	  -1.5159059e-12	   2.2412128e+02	
  -1.3115667e-03	   2.6465074e-05	   1.2029759e-03	  -1.1665755e-05	  -2.6974766e-12	   2.2406554e+02	
  -2.2212879e-04	  -4.7253273e-05	  -2.4547610e-03	  -2.0621958e-04	  -3.4421321e-12	   2.2408112e+02	
   1.9979106e-03	  -2.4427720e-04	   8.8279127e-04	  -1.3108047e-04	  -2.4163311e-12	   2.2389723e+02	
  -1.0842546e-04	   2.9480420e-05	   4.8086117e-04	   8.1328114e-05	  -2.3517437e-12	   2.2411263e+02	
  -3.2988607e-04	   1.0772444e-05	   9.0960114e-05	   6.4716822e-05	  -2.5455060e-12	   2.2410208e+02	
   6.7875865e-03	   1.6532238e-03	  -2.2198341e-03	  -5.3364298e-04	  -2.1997732e-12	   2.2390220e+02	
   1.4930786e-03	  -2.8001988e-05	  -6.3267690e-04	  -5.1852417e-06	  -2.7088743e-12	   2.2402351e+02	
   4.6519061e-04	   5.1365421e-05	   1.6039007e-03	   1.0846682e-04	  -1.3601361e-12	   2.2408617e+02	
  -1.6353208e-04	  -1.1090520e-06	  -2.9646357e-04	   5.4093921e-07	  -1.6260845e-12	   2.2421290e+02	
   6.2259720e-04	  -4.2341139e-05	   1.4680174e-04	  -4.0434186e-05	  -1.5083073e-12	   2.2412212e+02	
  -1.4438451e-03	   6.5060279e-05	   3.3369660e-03	  -1.1818091e-04	   1.7286646e-12	   2.2323371e+02	
   5.8502641e-04	  -1.0321296e-04	  -2.4177579e-03	   3.6533255e-04	  -2.0288063e-12	   2.2388967e+02	
  -8.0572075e-04	  -9.8075553e-05	  -1.4821682e-03	  -8.6122208e-05	  -3.2559681e-12	   2.2394548e+02	
   5.2613672e-03	   1.3621910e-03	   3.9225587e-03	   1.0260466e-03	  -1.8958322e-12	   2.2386865e+02	
  -1.2440683e-03	   4.7115486e-05	  -4.8963604e-04	   2.4041476e-05	  -1.5766941e-12	   2.2411950e+02	
   5.3845713e-05	   1.3465719e-05	   1.9136878e-03	   3.3035118e-05	   1.5387014e-12	   2.2327499e+02	
   2.9346849e-04	   2.7293862e-06	   1.5478239e-03	   1.4957946e-05	  -6.1927983e-13	   2.2403140e+02	
   1.8503462e-04	  -1.2383456e-05	  -5.0441337e-04	  -9.0312541e-05	  -2.3479444e-12	   2.2411333e+02	
  -6.1438992e-05	   4.2829671e-06	   1.8848971e-04	  -2.5597726e-05	  -2.9862205e-12	   2.2423443e+02	
   4.7326499e-04	   3.4436108e-05	  -5.7746300e-04	  -9.6331541e-05	  -2.1883754e-12	   2.2411680e+02	
  -1.2799170e-04	  -3.5577689e-05	  -2.9749910e-03	  -1.5880881e-04	  -2.8418485e-12	   2.2409108e+02	
  -9.3376703e-04	  -2.5745286e-05	   9.0823329e-04	   2.2804538e-05	  -2.8874397e-13	   2.2398674e+02	
   8.9883395e-04	  -6.2161065e-06	  -1.9162463e-04	  -1.1423893e-05	  -2.6974766e-12	   2.2422016e+02	
   5.8582117e-04	  -7.9837601e-07	  -1.2811668e-03	  -1.8558850e-05	  -2.7886589e-12	   2.2398476e+02	
  -1.3572929e-03	   3.0093876e-05	  -1.8254170e-03	   5.2523572e-05	  -2.5910972e-12	   2.2400370e+02	
  -3.9600263e-04	  -3.3522013e-05	   1.2801261e-04	   8.4421312e-05	  -1.4361213e-12	   2.2411476e+02	
   1.5366748e-03	   1.9797428e-04	   8.3721041e-04	   8.3712889e-05	  -3.8980436e-12	   2.2407776e+02	
  -1.4079875e-03	  -8.6915733e-05	   9.0046323e-04	   8.4724603e-05	  -1.3829316e-12	   2.2408872e+02	
   9.4264037e-05	  -1.0218488e-05	  -1.0120726e-04	  -7.8108065e-06	  -1.5576977e-12	   2.2421183e+02	
  -5.7550552e-04	  -9.1078948e-05	  -6.8141722e-04	  -5.9352396e-05	  -2.0781968e-12	   2.2411737e+02	
  -1.2780482e-03	   7.0695016e-07	   1.0577304e-03	   1.1529894e-05	  -2.7278707e-12	   2.2396869e+02	
  -1.5749380e-03	   2.1872954e-05	   7.9081408e-04	  -7.5284530e-06	  -2.2719591e-12	   2.2413273e+02	
   1.5447332e-03	  -6.2002541e-05	  -7.0450449e-04	   1.4460370e-05	  -1.4741140e-12	   2.2411809e+02	
  -7.9224083e-05	  -3.9847447e-05	  -8.2339668e-04	  -9.8760261e-05	  -2.1541820e-12	   2.2411688e+02	
   1.1503880e-03	   9.3525755e-07	   1.2334032e-03	  -1.0876460e-05	  -2.1503827e-12	   2.2413946e+02	
  -1.4081383e-03	  -2.5764194e-04	   1.4285873e-05	   3.2028930e-05	  -3.2939609e-12	   2.2431520e+02	
   1.9171786e-03	   9.3168075e-06	  -9.2006677e-04	  -1.4169401e-05	   1.7134676e-12	   2.2321798e+02	
  -2.5074794e-04	   1.4344435e-05	   1.4645649e-03	  -5.5292062e-05	  -1.4893110e-12	   2.2412001e+02	
  -5.7368218e-04	  -2.7204297e-05	  -1.5115099e-04	  -6.7364704e-06	   3.9132406e-13	   2.2387051e+02	
  -6.6232658e-04	   1.0959749e-04	   2.9086291e-03	  -4.1278682e-04	   2.9292316e-12	   2.2278711e+02	
   2.6785306e-04	   6.2902557e-05	   6.9497405e-04	   7.9520446e-05	  -2.0440034e-12	   2.2412007e+02	
  -1.0858649e-03	   4.6373644e-05	   5.8188478e-04	  -1.9220786e-05	  -1.5083073e-12	   2.2411858e+02	
  -1.6990811e-03	   3.6576256e-06	   4.9048546e-04	   9.1705192e-06	   2.3973349e-12	   2.2299952e+02	
  -1.0730605e-04	  -6.0110159e-05	  -1.1482691e-04	   9.9201752e-06	  -3.6168981e-12	   2.2425206e+02	
   2.6495979e-04	  -4.3960778e-05	  -2.2519128e-04	  -4.5919843e-05	  -2.5417067e-12	   2.2410398e+02	
  -1.4441145e-03	  -2.8981062e-05	   2.0431624e-05	   4.9203591e-07	  -4.4451374e-13	   2.2401361e+02	
  -7.5992777e-04	  -1.1565401e-04	   2.0574971e-04	   1.0109387e-04	  -3.9512333e-12	   2.2406911e+02	
  -9.0908146e-04	   1.6188918e-04	   2.2405579e-03	  -3.5572731e-04	  -2.0250070e-12	   2.2388803e+02	
   6.1470886e-04	   9.8055648e-05	   2.4500773e-04	   3.7069115e-06	  -2.0895945e-12	   2.2411930e+02	
   9.0669588e-05	   1.6615874e-05	   1.4811974e-03	  -3.1667636e-05	  -3.6966826e-12	   2.2402316e+02	
   1.2500055e-03	   9.5104316e-05	  -7.6313020e-04	  -8.4070105e-05	  -1.2613552e-12	   2.2408688e+02	
  -1.8835391e-03	   3.1206804e-06	   6.9261438e-04	   2.6068570e-06	   4.3007654e-12	   2.2216120e+02	
  -9.3885719e-04	   4.2418739e-05	   7.5640126e-04	  -2.6868203e-05	  -1.5083073e-12	   2.2411832e+02	
   1.9749263e-03	   4.3060304e-05	  -2.4762770e-03	  -1.0218022e-04	  -2.4163311e-12	   2.2409744e+02	
   1.8588855e-04	  -4.3173860e-07	  -1.2805806e-03	  -3.3784110e-05	  -3.3433512e-13	   2.2399570e+02	
   8.9176678e-04	  -4.4237996e-05	  -1.3106591e-03	   4.0399404e-05	  -1.8502410e-12	   2.2413966e+02	
  -2.9520721e-03	  -4.4631709e-05	   2.0703400e-03	   7.0163353e-05	  -2.4429260e-12	   2.2412069e+02	
   9.7137355e-04	   1.3944650e-05	   8.1441476e-04	   9.6535550e-06	   4.3273603e-12	   2.2214673e+02	
   1.7383293e-03	  -3.0447164e-05	  -5.4038492e-04	   6.5336208e-07	  -1.1093847e-12	   2.2409482e+02	
   2.0077282e-04	  -4.1877359e-05	  -1.9503126e-03	   1.7758334e-04	  -2.7354692e-12	   2.2389658e+02	
  -2.1836271e-04	   4.4441306e-05	   4.9084662e-04	  -1.0117376e-05	  -2.5796995e-12	   2.2409979e+02	
  -1.3447717e-04	  -7.4402381e-05	  -4.0473976e-04	  -7.4988771e-06	  -2.3973349e-12	   2.2411355e+02	
  -4.6627502e-04	  -4.0669227e-06	  -2.4531851e-03	   4.6715437e-05	   2.5075134e-12	   2.2296635e+02	
   1.7063190e-03	  -2.2261597e-04	  -1.3661045e-03	   1.4968109e-04	  -2.4657215e-12	   2.2389631e+02	
   1.2336451e-03	  -5.2383296e-05	  -3.2597599e-04	  -4.4433732e-06	  -1.5311029e-12	   2.2412030e+02	
   7.6928952e-04	   6.3386380e-06	  -1.6393379e-03	  -3.0265515e-05	   1.5576977e-12	   2.2326710e+02	
  -2.1519372e-03	   2.2056070e-04	   1.3823987e-03	  -1.2955003e-04	  -2.1275871e-12	   2.2391727e+02	
  -1.3503691e-04	   6.6368161e-05	   2.3444661e-04	   8.8409439e-05	  -4.0880067e-12	   2.2403686e+02	
   1.3297078e-03	   1.1371008e-04	  -2.4060167e-04	  -4.3048274e-05	  -1.4665154e-12	   2.2410048e+02	
   8.3595023e-04	  -1.3780818e-06	   9.6556868e-04	  -5.3012478e-06	  -1.5880918e-12	   2.2412942e+02	
  -1.7727046e-04	   1.9861237e-05	   2.5291415e-03	   1.6581418e-04	  -2.7772611e-12	   2.2408973e+02	
  -2.0313782e-04	  -3.4319963e-05	  -6.5478535e-04	   2.8238399e-05	  -2.6290898e-12	   2.2409646e+02	
  -1.8516910e-04	  -3.9583169e-05	  -1.2752043e-03	  -1.1576110e-04	  -1.5804933e-12	   2.2411012e+02	
  -1.6485924e-03	   3.6431961e-05	   7.6010770e-04	  -4.9767446e-06	  -2.6556847e-12	   2.2402239e+02	
  -3.9894647e-04	  -5.7473115e-06	   9.8770818e-04	   1.5196097e-05	   4.2589735e-12	   2.2218450e+02	
  -3.9451527e-04	  -8.9503711e-05	  -4.5374685e-04	  -3.2420246e-05	  -2.1351857e-12	   2.2412159e+02	
   3.1364228e-04	   9.3382526e-05	   1.6468641e-04	  -4.2783418e-06	  -1.3373405e-12	   2.2410885e+02	
   7.1827137e-04	   1.4936052e-04	  -3.9729227e-04	  -1.0018645e-04	  -4.1297987e-12	   2.2414754e+02	
   3.7317162e-03	   5.4606398e-05	  -1.9265368e-03	  -5.9032458e-05	  -2.5721008e-12	   2.2418911e+02	
  -3.3031646e-03	  -1.6732914e-04	  -2.6513491e-03	  -9.1945245e-05	  -2.6062943e-12	   2.2432210e+02	
  -1.0053591e-03	  -3.1138385e-06	  -3.5509066e-04	  -8.0616523e-07	  -2.7848596e-12	   2.2420686e+02	
  -9.3659778e-05	   2.8597710e-05	   5.2858303e-04	   8.7116327e-05	  -2.1351857e-12	   2.2412281e+02	
  -9.4614550e-04	   6.3831959e-06	   1.4469683e-03	   7.8434009e-06	  -2.7126736e-12	   2.2397320e+02	
   3.6890437e-04	  -4.0209575e-05	   2.3631012e-03	  -3.7426796e-04	  -2.0857952e-12	   2.2388828e+02	
   1.9576357e-03	  -3.3509440e-05	   6.2497026e-04	  -1.9475935e-05	  -2.6746810e-12	   2.2406860e+02	
   1.0131107e-03	  -3.1948314e-05	   1.2994827e-03	  -5.1257588e-05	  -1.4589169e-12	   2.2411948e+02	
   2.7703700e-05	   1.3416336e-05	  -3.1188359e-05	  -5.8801897e-05	  -3.7878649e-12	   2.2420281e+02	
  -3.2255183e-04	   1.7035641e-05	   2.8382082e-05	   6.2070724e-05	  -2.4125319e-12	   2.2411680e+02	
  -8.0793276e-04	   1.9193397e-05	  -2.0221262e-03	   7.2387628e-05	  -2.5759002e-12	   2.2399772e+02	
  -1.5843347e-03	   1.1554107e-04	   5.2610910e-04	  -9.0151539e-06	  -2.9786220e-12	   2.2390032e+02	
  -1.2746877e-03	   1.8159380e-04	  -2.0280302e-03	   3.0701723e-04	  -2.1693791e-12	   2.2389049e+02	
  -5.5897317e-04	  -1.9531136e-05	  -2.9760421e-04	  -1.0022865e-05	  -5.8888573e-13	   2.2403754e+02	
  -5.3463844e-05	   1.2579741e-05	   1.5378934e-03	  -1.9299663e-05	  -2.7278707e-12	   2.2403674e+02	
   1.4378859e-03	  -4.6579588e-05	   8.6525953e-04	  -3.7173942e-05	  -1.4361213e-12	   2.2411956e+02	
   1.2366059e-03	  -3.6666125e-05	   6.2299623e-04	  -6.1933134e-05	  -3.1723845e-12	   2.2390278e+02	
   1.0106272e-04	   8.9536763e-06	   1.4715000e-03	   2.0462342e-05	  -2.4543237e-12	   2.2409091e+02	
  -3.5869970e-04	   7.4160722e-06	  -2.9879975e-04	   7.7568619e-05	  -4.0120215e-12	   2.2407279e+02	
   6.8729334e-04	  -5.2555195e-06	  -1.1764975e-03	  -1.1902491e-05	   2.4657215e-12	   2.2298091e+02	
   9.2367397e-04	  -1.8364369e-05	   1.5367236e-03	  -3.7423784e-05	  -1.2195633e-12	   2.2410549e+02	
   1.3310574e-03	  -4.8994635e-05	   1.0488219e-04	  -1.7804521e-05	  -1.8046499e-12	   2.2413602e+02	
   3.2624609e-05	   1.0476279e-05	   1.8600042e-03	  -9.6663885e-06	  -2.6556847e-12	   2.2397417e+02	
   1.6538149e-03	  -1.9841181e-05	   4.8987652e-04	  -1.7429196e-05	  -2.7392684e-12	   2.2405871e+02	
  -1.3981914e-04	  -4.9140507e-05	  -8.1490622e-04	  -1.0569910e-04	  -1.3297420e-12	   2.2410470e+02	
  -2.3304336e-03	   3.5728350e-04	  -7.0066125e-04	   1.1670306e-04	  -2.0971930e-12	   2.2389210e+02	
   7.3133663e-04	  -8.7382430e-06	   3.3960677e-05	  -1.2370323e-05	  -2.5265097e-12	   2.2423063e+02	
  -4.4982820e-04	  -9.3392143e-05	  -2.0363870e-04	   2.8214791e-05	  -1.3563368e-12	   2.2411263e+02	
   4.5114861e-04	   7.7286296e-05	   2.1752337e-05	  -4.5094928e-05	  -2.0895945e-12	   2.2412496e+02	
  -1.9001817e-03	   3.6367827e-05	   1.3208403e-04	   6.3852548e-06	  -2.7088743e-12	   2.2404200e+02	
   4.2187509e-04	   7.3216867e-05	   8.3040020e-04	   8.8546875e-05	  -1.3981287e-12	   2.2410823e+02	
   4.6262653e-04	   1.5114432e-05	   3.9505743e-05	  -3.4206418e-07	   3.9892259e-13	   2.2386997e+02	
   5.1694700e-04	   9.2679363e-05	  -1.7448609e-05	  -4.1870340e-05	  -1.3031472e-12	   2.2410621e+02	
  -4.0775555e-04	  -9.4673141e-05	  -5.1197534e-04	  -5.3378849e-05	  -1.3297420e-12	   2.2410729e+02	
  -9.1164014e-04	   3.1815333e-05	   1.4068150e-03	  -4.6226830e-05	  -1.3601361e-12	   2.2411821e+02	
  -1.3579695e-03	   2.1622697e-05	   7.7932446e-04	  -4.6676364e-07	  -3.8372554e-12	   2.2403151e+02	
  -1.5278022e-03	   2.9046439e-05	   1.4045718e-03	  -1.9466282e-05	  -3.1381910e-12	   2.2411729e+02	
   3.0063556e-04	   7.6027614e-05	   5.3953449e-04	   6.9989436e-05	  -1.3981287e-12	   2.2411067e+02	
   1.2233206e-03	  -3.9203433e-05	   1.0909852e-03	  -4.4511964e-05	  -1.4551177e-12	   2.2412163e+02	
   1.1033665e-04	   7.5860870e-05	   2.2677443e-04	  -6.0747619e-05	  -4.0272185e-12	   2.2405758e+02	
  -5.1355667e-04	   1.1642282e-05	  -1.7561485e-03	   6.1750727e-05	  -1.4285228e-12	   2.2412193e+02	
  -4.4879961e-04	  -9.2467616e-05	  -5.0673348e-04	  -4.3614118e-05	  -1.9224270e-12	   2.2412566e+02	
  -6.5202042e-04	   1.7058418e-05	  -1.6900871e-03	   6.0161032e-05	  -1.4323220e-12	   2.2412367e+02	
  -1.0056000e-03	  -7.0071058e-06	   2.5757580e-04	   2.4568406e-06	  -1.5235043e-12	   2.2414077e+02	
  -1.8048911e-04	   3.6137733e-05	   6.1275399e-04	  -1.7506086e-05	  -2.5455060e-12	   2.2410560e+02	
  -3.4671436e-04	  -1.1566927e-05	  -1.3367136e-03	   2.0328688e-05	  -2.7278707e-12	   2.2405676e+02	
  -1.8751188e-04	   4.3793750e-05	   5.9267229e-04	  -3.9987249e-05	  -3.9778282e-12	   2.2406529e+02	
   7.5887171e-05	  -3.4221382e-05	  -4.2460230e-04	  -9.3462260e-05	  -1.3791324e-12	   2.2411324e+02	
   4.3322408e-04	  -4.1222533e-05	   2.9842236e-03	  -3.9130616e-04	   2.9482279e-12	   2.2278561e+02	
  -2.6149836e-04	  -5.9192592e-05	  -8.6525285e-04	  -9.7564821e-05	  -1.7476609e-12	   2.2412212e+02	
   1.7190573e-04	  -9.9504485e-06	  -1.1750705e-03	  -1.8267931e-04	  -4.0804082e-12	   2.2406102e+02	
  -1.5668179e-04	  -1.7194538e-05	  -8.8651524e-04	   4.8339074e-05	  -1.5956904e-12	   2.2413253e+02	
  -1.3410051e-03	   5.2246695e-05	   2.2914878e-04	  -5.8384426e-06	  -1.5083073e-12	   2.2412533e+02	
   7.9245196e-04	  -6.4457539e-07	   5.3820546e-04	  -1.7098000e-05	  -3.8524524e-12	   2.2410570e+02	
   1.0519947e-03	  -1.3733594e-04	   2.8110137e-03	  -4.1652946e-04	   3.0052169e-12	   2.2276312e+02	
   4.0275984e-04	   4.4649832e-05	  -2.1119129e-03	  -3.3060069e-04	  -6.9526509e-13	   2.2431336e+02	
  -5.3158707e-04	   2.8875128e-05	   1.0085222e-03	  -4.0613698e-05	  -1.4817125e-12	   2.2412267e+02	
  -5.6014364e-05	   1.0277073e-05	   2.0902770e-03	   2.0656086e-05	   1.7514601e-12	   2.2321332e+02	
  -1.1866744e-03	   3.4671998e-05	   1.2476201e-03	  -3.5406445e-05	  -1.2879501e-12	   2.2411484e+02	
  -3.5253895e-03	   1.6455857e-04	  -6.1130148e-04	   6.3962957e-05	  -1.7856535e-12	   2.2397685e+02	
  -3.6084409e-04	  -7.9586777e-05	  -1.5239479e-03	  -1.8810642e-04	  -3.7270767e-12	   2.2409891e+02	
  -7.8986659e-04	   1.7530631e-05	  -2.4062497e-04	   2.4789921e-05	  -2.5834987e-12	   2.2410007e+02	
  -1.7179051e-03	  -5.8964796e-06	   9.2878350e-05	   4.3315631e-06	  -2.1921746e-12	   2.2411275e+02	
  -4.1318490e-05	  -5.3103493e-06	   1.1096404e-04	   5.0023582e-05	  -2.8114544e-12	   2.2436514e+02	
   1.3720126e-03	  -1.2558388e-05	   4.3875660e-04	  -1.8029995e-05	  -2.7316700e-12	   2.2405069e+02	
  -1.1219674e-05	  -3.9164646e-06	   2.6811481e-05	  -9.1948828e-06	  -1.1587751e-12	   2.2416670e+02	
  -1.4879299e-03	   4.7105689e-05	   7.9570285e-04	  -2.4424145e-05	  -1.3373405e-12	   2.2411962e+02	
  -4.7653942e-04	   4.2535820e-05	   2.6659625e-03	  -1.7867846e-04	   3.1001984e-12	   2.2273005e+02	
   1.2774446e-03	   8.3796605e-05	   2.0890831e-03	   7.3408088e-05	  -2.9406294e-12	   2.2395756e+02	
  -2.2302561e-03	  -2.3229407e-04	  -2.1449316e-03	  -1.8490226e-04	  -3.3357527e-12	   2.2422326e+02	
  -1.9214063e-03	   5.2997607e-05	  -2.9445205e-03	   1.4053551e-04	  -1.8958322e-12	   2.2397175e+02	
  -4.7674610e-04	  -2.5812174e-06	  -4.6262299e-04	   4.0926969e-05	  -2.5493054e-12	   2.2411087e+02	
   1.2477884e-03	  -1.7522017e-04	   2.7067702e-03	  -4.2374619e-04	   3.0508080e-12	   2.2274551e+02	
  -8.0644428e-04	  -1.4288860e-04	   2.6293537e-04	   1.0015754e-04	  -4.0386164e-12	   2.2411782e+02	
  -3.0280727e-03	   3.1213452e-04	   1.0053395e-04	   1.0470400e-06	   2.8988375e-12	   2.2280490e+02	
  -7.8288927e-04	  -1.1009825e-04	  -5.3928883e-04	  -3.7142346e-05	  -1.6032889e-12	   2.2411866e+02	
  -2.2653543e-04	   2.4395197e-05	   8.9312843e-04	  -1.4002569e-05	  -2.6366884e-12	   2.2408623e+02	
   1.1149906e-04	  -5.5117133e-06	  -1.3191008e-03	  -1.3949968e-05	  -1.7932520e-12	   2.2414175e+02	
   1.4264329e-04	  -1.9432439e-05	  -1.4386950e-03	   5.2679973e-05	  -1.6070882e-12	   2.2413181e+02	
   1.2954659e-03	  -2.3753056e-05	  -9.8657120e-05	  -1.4695642e-05	  -2.5645024e-12	   2.2410431e+02	
   3.8515923e-04	   2.6561570e-05	  -6.6512511e-04	  -1.1003433e-04	  -1.3905302e-12	   2.2411081e+02	
  -2.2041238e-03	  -7.5077299e-05	  -2.5496138e-03	  -3.9749718e-05	  -2.3023532e-12	   2.2410359e+02	
  -7.0702090e-04	  -6.5115647e-05	   4.4769334e-04	   8.9039763e-05	  -1.5652963e-12	   2.2411905e+02	
   9.0949648e-04	  -2.5017857e-05	  -1.0493333e-03	  -8.3405443e-07	  -2.7126736e-12	   2.2406128e+02	
   4.2928387e-04	  -1.9200946e-05	  -1.8607684e-03	   3.2681950e-05	  -2.6594839e-12	   2.2409059e+02	
   1.8028661e-03	  -2.0387429e-05	   7.9511075e-04	  -1.7545933e-05	  -2.6328890e-12	   2.2398912e+02	
  -9.7941532e-04	   3.0309470e-05	   1.1561362e-04	   7.6009150e-06	  -3.8942443e-12	   2.2407245e+02	
  -6.1267379e-04	  -1.4335360e-04	  -9.0414510e-04	  -1.6832875e-04	  -3.3129571e-12	   2.2431711e+02	
  -4.2125858e-05	  -7.5861705e-05	  -3.7185547e-04	   2.1021592e-05	  -1.4589169e-12	   2.2412613e+02	
   5.6172066e-04	   8.9246425e-06	  -3.6349214e-03	  -2.2422277e-04	  -3.0052169e-12	   2.2419087e+02	
  -3.9979442e-04	  -1.2818685e-05	  -5.6480725e-04	   3.9390847e-05	  -2.5455060e-12	   2.2411234e+02	
  -2.3065458e-04	  -6.0274836e-06	  -1.2064478e-03	   5.1223279e-05	  -1.6260845e-12	   2.2413102e+02	
  -2.1071087e-03	  -7.1392645e-05	   1.8615825e-03	   1.0960825e-04	  -2.6100936e-12	   2.2407030e+02	
   1.2390937e-03	  -3.7129793e-05	   1.0833745e-03	  -4.0981272e-05	  -1.4133257e-12	   2.2412461e+02	
  -1.5386433e-04	   6.4325713e-05	   2.4169068e-04	   4.2829480e-06	  -2.2681598e-12	   2.2412666e+02	
   1.2751674e-03	  -2.5795613e-05	  -1.5381751e-03	   1.6886972e-05	  -2.4619223e-12	   2.2411283e+02	
   1.1285115e-03	  -1.7993584e-05	  -3.8135041e-05	  -1.8474669e-05	  -2.6632831e-12	   2.2407873e+02	
  -2.2254004e-04	  -5.8702797e-06	  -2.0101667e-03	   4.1549351e-05	  -2.7430677e-12	   2.2405179e+02	
   1.1067473e-03	   2.6937409e-06	   1.5708742e-03	  -1.4912933e-05	  -2.6860788e-12	   2.2397138e+02	
  -1.1607219e-03	   4.5179711e-05	  -1.4831555e-04	   1.1533894e-05	  -1.9148284e-12	   2.2413641e+02	
   5.7832741e-04	  -3.3662373e-07	   1.8865364e-03	  -2.7769618e-05	  -2.6366884e-12	   2.2398584e+02	
  -2.2942931e-03	   2.5891112e-04	   1.1506853e-03	  -1.1857421e-04	  -2.1351857e-12	   2.2391208e+02	
   6.4388872e-04	  -4.9040601e-05	   2.1855891e-05	  -3.2012210e-05	  -1.5045081e-12	   2.2413101e+02	
  -7.4231579e-04	   1.8309235e-05	  -2.5716671e-04	   2.7102690e-05	  -2.5531046e-12	   2.2410752e+02	
   1.3717951e-03	  -1.5774966e-05	  -2.8054438e-03	   3.1998789e-06	   1.6032889e-12	   2.2327325e+02	
   1.7663826e-03	  -3.3632382e-05	  -1.0584377e-03	   9.4260758e-06	  -2.6100936e-12	   2.2398909e+02	
   1.1784485e-03	  -5.2427228e-05	  -7.9935552e-04	   1.6077309e-05	  -1.5463000e-12	   2.2412964e+02	
  -3.0260319e-03	  -6.1747220e-05	   1.4935099e-03	   6.7032639e-05	  -2.3935355e-12	   2.2410539e+02	
   4.6420851e-04	  -6.3361056e-06	   3.7807192e-04	  -4.3227382e-05	  -2.5265097e-12	   2.2411324e+02	
   2.0237741e-03	  -2.9424612e-05	  -4.7783223e-04	  -1.8375863e-06	  -2.6480861e-12	   2.2400629e+02	
  -2.2272085e-04	   3.4299439e-06	   1.7874186e-04	  -1.1763568e-05	  -2.8114544e-12	   2.2422682e+02	
  -1.3142279e-03	   2.3683998e-05	   9.3718520e-04	  -2.9252033e-06	  -2.7050751e-12	   2.2404950e+02	
  -3.5203040e-03	  -1.0105776e-03	  -4.3882976e-03	  -1.2313878e-03	  -2.7962574e-12	   2.2384562e+02	
  -5.7937960e-04	   4.5721796e-06	   2.0888300e-03	   1.2877971e-04	  -3.1457896e-12	   2.2394750e+02	
  -2.1294983e-03	   5.4458528e-05	  -5.0164291e-04	   2.0907830e-05	  -2.5493054e-12	   2.2398799e+02	
  -7.5601450e-04	  -5.6568194e-05	   1.6701018e-03	   2.0628548e-04	  -3.6282960e-12	   2.2409731e+02	
   1.8589609e-04	   3.0301772e-05	   3.1026098e-04	  -5.3804042e-05	  -2.3631414e-12	   2.2412402e+02	
   1.6036005e-04	  -2.7569461e-05	  -9.1130623e-04	  -1.5061793e-04	  -3.9664303e-12	   2.2402781e+02	
   9.7112202e-04	   1.0443470e-05	   1.4518611e-03	  -2.9829594e-06	  -2.7430677e-12	   2.2397754e+02	
  -1.7761566e-03	   5.6048208e-06	   3.1015369e-04	   7.7570696e-06	  -2.6974766e-12	   2.2398529e+02	
  -6.4114063e-04	   1.7658796e-06	   7.7226809e-04	  -6.1354107e-07	  -3.2825630e-12	   2.2417087e+02	
  -6.6788337e-04	   2.8795307e-05	  -5.1631280e-04	   4.0289010e-05	  -1.6184859e-12	   2.2413617e+02	
  -3.9780996e-04	  -5.9864737e-05	  -7.3723103e-05	   6.6221443e-05	  -1.5538984e-12	   2.2412697e+02	
   9.8238998e-04	   6.3907607e-05	   3.2600057e-03	   1.1979484e-04	  -2.7050751e-12	   2.2411631e+02	
   5.5140630e-04	  -1.9014879e-05	   7.5211546e-04	  -4.8409927e-05	  -1.5463000e-12	   2.2413171e+02	
  -9.7042267e-05	   1.7598041e-06	   1.0456503e-03	  -1.9206796e-06	  -2.8684434e-12	   2.2419625e+02	
   1.6281479e-03	  -1.9538310e-05	   5.3673155e-04	  -1.8385239e-05	  -2.7316700e-12	   2.2404253e+02	
   1.9079542e-03	   2.4574171e-05	   3.8135062e-04	  -5.5023243e-06	   1.7856535e-12	   2.2320790e+02	
  -9.2445097e-04	   3.0200558e-05	  -1.0988715e-03	   4.6748430e-05	  -1.6374823e-12	   2.2413506e+02	
  -1.7991951e-03	  -1.8171307e-04	  -8.7123283e-04	  -4.4928290e-05	  -3.2635668e-12	   2.2407157e+02	
   1.4115230e-03	  -3.6027824e-05	  -1.2850591e-03	   1.4029538e-05	  -2.7050751e-12	   2.2403273e+02	
   7.4526681e-05	  -2.7892175e-05	  -5.4058054e-04	  -9.9372811e-05	  -1.5766941e-12	   2.2412300e+02	
  -1.5942045e-03	  -3.6828386e-05	   2.4578459e-03	   1.1742859e-04	  -2.5113126e-12	   2.2408290e+02	
  -1.1266677e-03	   7.5434802e-06	  -1.4379182e-03	   1.6326632e-05	  -2.2909555e-12	   2.2416155e+02	
  -1.2650405e-03	  -7.0140480e-06	   2.4132811e-03	   3.3565977e-05	   1.5311029e-12	   2.2329127e+02	
   5.3098963e-04	   2.7875450e-06	   1.8375110e-03	  -1.8765673e-05	  -2.6708818e-12	   2.2398640e+02	
  -9.7633908e-05	  -3.1210314e-05	  -7.1125292e-04	  -1.5183581e-04	  -5.6988941e-13	   2.2430484e+02	
  -1.9488632e-03	   4.2597237e-05	  -1.2021438e-04	   1.1529845e-05	  -2.6708818e-12	   2.2402856e+02	
  -1.5233901e-03	   8.8402409e-05	   3.0718955e-04	   1.2225953e-05	  -3.1305925e-12	   2.2389995e+02	
  -1.0862091e-03	   1.7929312e-05	  -1.6825635e-03	   4.4763891e-05	  -2.6898780e-12	   2.2402494e+02	
  -1.1661359e-03	   3.6309758e-05	  -1.9593304e-03	   7.6421142e-05	  -2.5569038e-12	   2.2399425e+02	
  -1.1628224e-03	  -4.2225168e-06	   3.1179312e-04	   4.7265556e-06	  -1.8274453e-12	   2.2413116e+02	
   8.0884997e-05	  -1.2926785e-05	  -2.1820017e-03	   6.7188541e-05	  -2.6404877e-12	   2.2401079e+02	
  -9.2407129e-04	  -1.7062258e-04	  -1.0108101e-03	  -1.3770327e-04	  -3.8562518e-12	   2.2415962e+02	
   1.2414352e-03	   1.2768873e-04	   1.5405993e-04	  -3.7741489e-05	  -3.4991210e-12	   2.2395259e+02	
   3.0239051e-03	   1.8374153e-04	   2.1140974e-03	   1.0149376e-04	  -2.9634250e-12	   2.2418069e+02	
   2.2748206e-03	  -1.2521513e-05	  -6.9406399e-05	  -1.4762077e-05	   2.3783385e-12	   2.2301428e+02	
   3.9302883e-04	   4.9963634e-06	   6.3338331e-04	  -3.5196952e-05	  -2.5683016e-12	   2.2410748e+02	
  -1.3597101e-03	   2.0977267e-05	   3.3418084e-04	   6.6097784e-06	  -2.6670825e-12	   2.2406772e+02	
  -2.0481018e-03	   8.4781747e-05	   1.6769855e-04	   4.1454049e-06	  -3.2597674e-12	   2.2402609e+02	
  -1.5101366e-03	  -1.7906753e-05	  -3.8731293e-04	   3.9465069e-06	  -2.8076552e-12	   2.2397975e+02	
  -1.3349013e-03	   2.5871356e-06	  -3.9575233e-05	   3.5561048e-06	  -3.4953217e-12	   2.2413075e+02	
   4.5043190e-04	   6.0176776e-05	  -2.2874528e-04	  -7.9676707e-05	  -1.6222852e-12	   2.2412502e+02	
   1.1431697e-03	  -4.4869338e-05	  -2.5750783e-04	  -3.7747877e-05	  -3.4991210e-12	   2.2392746e+02	
   7.4517326e-05	  -4.3870200e-05	  -6.7778208e-04	   3.7355009e-05	  -1.6488800e-12	   2.2413997e+02	
  -3.4980393e-04	  -9.4666192e-05	  -2.9362385e-04	   6.0945485e-06	  -1.6032889e-12	   2.2412709e+02	
   2.1003124e-03	  -1.1285792e-04	  -1.8528323e-03	   8.5718761e-05	   2.5872979e-12	   2.2292860e+02	
   8.1112073e-04	  -1.1578862e-04	  -2.0508685e-03	   2.4066351e-04	  -2.5189113e-12	   2.2388993e+02	
   3.8927258e-04	  -3.2654064e-05	   2.1230829e-05	  -5.1955708e-05	  -2.3593421e-12	   2.2412750e+02	
  -1.1652738e-03	   1.5252740e-05	   1.6798635e-04	   4.3268970e-06	  -3.7308760e-12	   2.2409770e+02	
  -1.5375953e-03	   3.4914630e-05	   7.2331562e-04	  -1.6508205e-05	  -1.2461582e-12	   2.2411827e+02	
  -8.5497110e-04	   1.6963385e-05	  -7.4730047e-04	   3.1030141e-05	  -2.3631414e-12	   2.2412555e+02	
  -1.4132270e-06	   1.7215966e-05	   2.4128281e-03	  -3.7474433e-04	  -2.1427842e-12	   2.2388955e+02	
  -6.0113410e-04	   2.5487091e-05	  -5.0233421e-04	   4.3337941e-05	  -1.7134676e-12	   2.2414009e+02	
   8.4463843e-04	   1.7383896e-07	  -5.6776975e-04	  -1.4868359e-05	  -3.1951799e-12	   2.2418731e+02	
   6.7791128e-04	   4.7567193e-06	   1.6122458e-03	  -9.3561907e-07	  -2.9938191e-12	   2.2415273e+02	
   5.0953587e-04	  -2.6142580e-05	  -2.1143337e-03	   6.1003785e-05	  -2.6518854e-12	   2.2401306e+02	
   1.8762351e-04	  -8.5685630e-05	  -3.8339169e-04	  -3.4342307e-06	  -4.2551743e-12	   2.2405046e+02	
  -1.9787518e-03	   2.2695812e-04	   1.3560409e-03	  -1.3916425e-04	  -2.6024949e-12	   2.2391940e+02	
   1.7829166e-04	  -4.0422498e-05	  -1.3226960e-03	   3.2658285e-05	  -3.4915225e-12	   2.2402889e+02	
   1.3236153e-03	   6.7505900e-06	  -1.2601820e-03	  -2.5955903e-05	   2.2491636e-12	   2.2305704e+02	
   1.0794650e-03	   2.3259235e-05	  -1.3283952e-04	  -1.0172540e-05	  -2.9026367e-12	   2.2400576e+02	
   2.4139702e-03	   1.1760632e-04	   2.0433801e-04	  -2.4274506e-05	  -3.0014176e-12	   2.2396368e+02	
  -3.1796250e-04	  -5.9266330e-05	  -2.0328035e-04	   5.7571988e-05	  -1.7894528e-12	   2.2413645e+02	
   5.2511814e-03	   1.4300939e-03	  -3.0948309e-03	  -8.3633388e-04	  -2.3935355e-12	   2.2385548e+02	
  -1.6386855e-03	  -1.9664870e-05	  -4.0310499e-04	   2.6240387e-06	  -2.7734618e-12	   2.2400083e+02	
   1.2309789e-03	   9.9426337e-05	  -3.0920069e-04	  -8.1376734e-05	  -3.4915225e-12	   2.2393566e+02	
  -3.1012918e-04	  -6.7200056e-06	  -1.8036757e-03	   3.1666165e-05	  -2.7430677e-12	   2.2404298e+02	
   1.5192473e-03	   4.0517161e-05	   1.6455325e-04	  -8.9814890e-06	   1.6222852e-12	   2.2326626e+02	
  -3.4024830e-04	  -1.4678208e-05	  -3.1924070e-04	   5.8856115e-05	  -2.3099518e-12	   2.2413196e+02	
  -2.3452831e-04	  -1.8299825e-05	  -7.2587335e-04	   4.4520994e-05	  -2.2073716e-12	   2.2414114e+02	
   1.5775741e-03	  -1.7256648e-05	   5.8694600e-04	  -1.8429904e-05	  -2.7430677e-12	   2.2404887e+02	
  -1.3395556e-04	  -2.8247258e-06	  -1.9574592e-03	   6.2179994e-05	  -2.1731783e-12	   2.2413140e+02	
  -3.4799184e-04	  -5.4268201e-06	  -2.0510829e-04	   6.4311577e-05	  -2.2529628e-12	   2.2413400e+02	
  -9.4154946e-04	   9.7919144e-05	  -1.9795889e-03	   2.3711366e-04	  -2.5759002e-12	   2.2389151e+02	
  -1.4239918e-04	   1.0150438e-05	   4.7675441e-04	  -2.4245991e-05	  -3.5105188e-12	   2.2418290e+02	
   5.0804635e-04	   3.4538665e-06	   7.9037404e-04	  -3.2537360e-06	  -1.6336830e-12	   2.2417926e+02	
   7.4374461e-04	   1.0690355e-04	   1.6373413e-03	   1.6323744e-04	  -3.6434930e-12	   2.2405468e+02	
   3.8379126e-04	   8.6818447e-06	   9.5310165e-04	   2.4666317e-05	  -2.7354692e-13	   2.2400265e+02	
   3.0425566e-03	  -2.0416980e-04	  -1.6626742e-03	   9.0683394e-05	   2.1237879e-12	   2.2311211e+02	
   1.5187435e-03	   7.2843509e-05	  -2.8666434e-03	  -1.9150636e-04	  -2.9368301e-12	   2.2414821e+02	
  -2.3167028e-04	  -1.2273086e-05	  -6.6211776e-04	  -1.0771377e-05	  -1.4057272e-12	   2.2412418e+02	
  -2.5702843e-03	  -1.1988820e-04	  -7.0207016e-04	   5.7542637e-06	  -2.8532464e-12	   2.2400502e+02	
  -1.8711085e-04	  -2.3898316e-06	  -1.5959265e-03	   6.3115981e-05	  -1.7058689e-12	   2.2413962e+02	
  -5.1567311e-04	  -1.0546962e-05	   3.2915040e-04	   3.1685119e-06	  -8.2064076e-13	   2.2409140e+02	
   1.4891974e-03	  -5.8591987e-05	  -6.0861611e-04	   1.0475753e-05	  -1.5880918e-12	   2.2413543e+02	
   1.7611269e-03	   3.1090841e-04	   4.7110463e-04	   7.8698859e-05	   2.6670825e-12	   2.2347080e+02	
  -1.1035201e-03	   3.9157902e-05	   3.1234997e-04	   1.0282049e-05	  -3.8068613e-12	   2.2402042e+02	
  -2.9557529e-04	  -4.2125240e-05	  -2.3206568e-04	   6.3781600e-05	  -1.9148284e-12	   2.2414083e+02	
  -2.0611863e-03	   3.0627846e-05	  -1.7868233e-04	   1.0497871e-05	  -2.6176920e-12	   2.2399269e+02	
   5.9079544e-04	   8.4299465e-06	   7.7335699e-04	   1.1924328e-06	  -1.5425007e-12	   2.2416132e+02	
   1.3835792e-03	  -2.5612439e-05	  -8.2069234e-04	  -3.2135545e-06	  -2.7278707e-12	   2.2405866e+02	
  -6.5516694e-04	  -3.6357775e-06	  -1.2121927e-03	   2.3300420e-05	  -2.6974766e-12	   2.2407474e+02	
  -1.7644863e-04	   4.6821155e-07	   1.2392907e-04	  -1.0334138e-05	  -1.4361213e-12	   2.2419308e+02	
   1.4791114e-03	  -6.1995614e-05	   1.5795963e-03	  -8.8093236e-05	  -3.1951799e-12	   2.2398605e+02	
   3.1453707e-03	  -1.0417125e-04	   2.2976215e-03	  -1.6017610e-04	   3.8030620e-12	   2.2303772e+02	
  -4.0368592e-05	  -1.0308714e-05	  -6.8688198e-05	  -5.2151004e-06	  -5.9268499e-13	   2.2405570e+02	
   5.0311846e-04	  -2.5445856e-05	  -2.1047830e-03	   5.8642001e-05	  -2.6670825e-12	   2.2401729e+02	
   1.2343776e-03	   7.4727806e-06	   9.9788378e-04	  -2.4456136e-06	  -2.8874397e-12	   2.2416496e+02	
   3.2590380e-05	  -2.6092406e-06	   2.6655369e-04	  -1.0372434e-05	  -1.4817125e-12	   2.2418778e+02	
   1.3544248e-03	  -3.3474046e-05	   1.0162899e-03	  -3.2121219e-05	  -1.3829316e-12	   2.2412529e+02	
  -4.1299789e-05	  -8.9388185e-06	  -4.4890394e-04	  -8.0936212e-06	  -1.0637936e-12	   2.2410588e+02	
  -4.9709140e-04	   1.4180202e-05	  -5.5725095e-04	   4.8577773e-05	  -1.8654381e-12	   2.2414324e+02	
  -1.4832531e-03	   2.1396650e-05	  -1.6331870e-03	   3.2337659e-05	  -2.6252906e-12	   2.2396155e+02	
  -2.5482195e-04	   2.3906624e-05	  -4.1384488e-05	   9.4002475e-05	  -4.3349588e-12	   2.2403459e+02	
   7.0680284e-04	  -1.7506545e-06	  -1.7333002e-03	  -1.1220305e-05	  -2.7582648e-12	   2.2399165e+02	
   2.9033979e-03	   7.3177081e-04	   6.1466106e-03	   1.5581052e-03	  -2.2339665e-12	   2.2389030e+02	
   1.7452584e-03	  -1.1341863e-04	   6.8693309e-04	  -7.0874988e-05	  -2.9938191e-12	   2.2389998e+02	
  -4.1922881e-04	   5.2064720e-05	   1.3531595e-03	  -3.9766759e-05	  -3.3319534e-12	   2.2390883e+02	
   9.8068499e-04	  -4.1019374e-05	  -2.6304442e-04	  -2.8295167e-05	  -3.9816274e-12	   2.2401341e+02	
  -1.3286472e-03	   4.9260068e-05	  -1.0260103e-03	   4.2088707e-05	  -1.6298837e-12	   2.2413815e+02	
  -4.3149176e-04	  -9.5438944e-06	  -1.2262874e-03	   2.3051187e-05	  -2.6822795e-12	   2.2408202e+02	
   2.9020625e-03	  -2.2164945e-04	   1.1783265e-03	  -1.1086461e-04	   2.7810603e-12	   2.2287083e+02	
   5.4050715e-04	  -1.0962578e-06	   1.6558770e-03	  -1.8327245e-05	  -2.4809185e-12	   2.2417014e+02	
   1.3547693e-03	  -8.1868954e-05	  -8.7747858e-04	   1.1255682e-05	  -3.2217748e-12	   2.2390815e+02	
   8.3734416e-04	  -4.1114955e-05	  -4.5124651e-03	   1.7636854e-04	   6.2117947e-12	   2.2113895e+02	
   1.2642586e-04	  -4.0069511e-06	  -4.6756354e-04	   3.7011079e-06	   8.1494186e-12	   2.1976442e+02	
  -3.0451331e-03	   3.2375731e-04	  -1.0634583e-03	   1.2170671e-04	   8.3621773e-12	   2.1962694e+02	
  -2.9458559e-03	   1.5131714e-04	  -1.3812954e-04	   1.3204958e-05	   8.8180888e-12	   2.1924594e+02	
   4.2764101e-05	   6.5904784e-06	   4.4260597e-03	  -2.3603801e-05	   5.3759569e-12	   2.2161892e+02	
   3.0970531e-03	  -2.9766535e-04	  -1.4901369e-04	   3.5199559e-06	   8.2216046e-12	   2.1973254e+02	
   1.1894077e-03	   1.3641206e-05	  -2.6553491e-03	  -4.2316887e-05	   5.7596823e-12	   2.2138649e+02	
   2.6872807e-03	  -5.8584431e-05	  -3.8342194e-04	   4.1214283e-06	   9.2588033e-12	   2.1886065e+02	
   2.2841318e-03	  -4.6143165e-05	   6.6518503e-05	  -5.3053423e-06	   9.0498439e-12	   2.1903621e+02	
   9.9505314e-04	  -2.5587430e-05	  -2.5943170e-03	   5.3292994e-05	   9.3043945e-12	   2.1882278e+02	
  -3.4397778e-03	   7.0309409e-05	  -3.5482717e-03	   8.5750601e-05	   5.3607598e-12	   2.2162732e+02	
   3.8174813e-04	   7.6755238e-05	   1.9293254e-03	   3.1609742e-04	   8.8750778e-12	   2.1972999e+02	
   1.3306106e-03	  -9.0712793e-05	  -2.7852214e-03	   1.7331869e-04	   8.7155088e-12	   2.1933243e+02	
   5.4328752e-04	  -1.9243459e-06	  -1.2534695e-03	  -3.6716397e-06	   9.3157923e-12	   2.1879975e+02	
   2.6938274e-03	   5.6761398e-05	  -8.1099422e-04	  -2.5502449e-05	   5.7330875e-12	   2.2140410e+02	
   1.7380893e-03	   4.0542033e-05	  -9.3185144e-05	  -1.0071988e-05	   6.2573858e-12	   2.2107684e+02	
  -8.0322820e-05	   1.2419885e-05	   2.7269023e-03	  -1.7047001e-04	   7.8302805e-12	   2.2003788e+02	
   4.3612221e-03	  -1.0423592e-04	  -4.4771158e-04	   6.5048368e-06	   9.8324920e-12	   2.1837845e+02	
  -2.7737380e-04	   1.4431904e-04	   4.3553891e-03	  -3.0262140e-04	   6.2991777e-12	   2.2172669e+02	
   3.0092132e-03	  -6.8406490e-05	  -9.6685172e-04	   1.3838416e-05	   4.5553161e-12	   2.2205497e+02	
  -5.4597485e-04	   2.0299415e-05	  -2.5656567e-03	   1.2357566e-04	   8.5787353e-12	   2.1943298e+02	
  -5.3350284e-04	   1.0242104e-05	  -2.1524256e-03	   6.1835554e-05	   8.7724977e-12	   2.1926946e+02	
   1.4709085e-03	  -2.6178240e-05	   1.5492682e-03	  -3.8436328e-05	   7.3059823e-12	   2.2039822e+02	
  -9.6307545e-04	   3.0496555e-05	  -4.2237113e-03	   1.6696878e-04	   1.0827898e-11	   2.1746401e+02	
   1.4129674e-03	   3.1928882e-05	   2.4214182e-03	   4.5033465e-05	   5.5621207e-12	   2.2150035e+02	
  -1.4980595e-04	  -7.5509245e-06	  -2.1572219e-03	  -3.5867038e-05	   4.9656365e-12	   2.2183084e+02	
  -3.1812990e-03	  -7.2792093e-04	   5.9854140e-03	   1.3910190e-03	   8.4533596e-12	   2.1959167e+02	
  -6.9009825e-04	  -1.7356245e-05	   1.4566950e-03	   5.5070136e-05	   5.3303657e-12	   2.2162640e+02	
   1.6470971e-03	  -1.2729415e-04	  -1.3754635e-03	   9.2092223e-05	   1.3814119e-11	   2.1429270e+02	
   5.8412758e-04	  -2.7385796e-06	  -5.9719660e-04	  -1.2379074e-06	   8.9396652e-12	   2.1913090e+02	
  -1.3723569e-03	   1.7092319e-05	   4.9659414e-06	   1.9353281e-06	   8.6281258e-12	   2.1937664e+02	
   3.3111739e-03	  -3.2927371e-04	   1.3252596e-03	  -1.4348776e-04	   8.8408845e-12	   2.1924419e+02	
  -1.1033730e-03	   2.5750610e-05	   3.1844696e-03	  -5.2341378e-05	   6.5917209e-12	   2.2088830e+02	
  -1.8389252e-03	  -1.2352033e-05	  -5.5641847e-05	   3.2654674e-06	   1.0873491e-11	   2.1738347e+02	
  -2.2791136e-03	   3.0221465e-04	   2.2270731e-03	  -2.8312594e-04	   8.2368017e-12	   2.1973224e+02	
   2.7949491e-03	   4.0891461e-06	   5.0641800e-04	  -1.0935774e-06	   9.8134960e-12	   2.1837328e+02	
  -1.2146101e-03	   4.0317894e-05	  -1.8362906e-03	   7.0205670e-05	   7.6859086e-12	   2.2011405e+02	
   2.2802471e-04	  -1.6514936e-06	  -9.3930432e-04	  -5.8759211e-06	   9.2815990e-12	   2.1883908e+02	
   3.4539980e-04	  -5.2768795e-06	  -1.3175981e-04	  -5.4576735e-07	   7.8796710e-12	   2.1996774e+02	
   1.3608017e-03	   1.1291687e-04	   2.8293830e-03	   1.5742772e-04	   1.1941083e-11	   2.1683982e+02	
  -1.6229816e-03	   5.5571713e-05	  -3.9943714e-03	   1.5616292e-04	   9.6501274e-12	   2.1854675e+02	
  -1.4950291e-03	   4.0010343e-05	  -5.8886145e-04	   2.1683040e-05	   7.8340798e-12	   2.2001319e+02	
   2.8294569e-03	  -1.6269486e-05	   2.7404624e-03	  -2.2339039e-05	   9.9426704e-12	   2.1827665e+02	
   2.0200224e-03	  -5.7311870e-04	  -1.2423874e-03	   3.2671406e-04	   1.3031472e-11	   2.1522939e+02	
  -2.9061321e-03	   1.4917349e-04	  -8.3155333e-07	   8.4845860e-06	   7.3477742e-12	   2.2038297e+02	
   3.3348937e-04	  -2.4589647e-05	  -2.7488039e-03	   1.4553768e-04	   7.4693506e-12	   2.2029460e+02	
  -5.3365675e-03	   1.7388738e-04	   1.1154539e-04	   5.3585935e-06	   1.0125035e-11	   2.1812741e+02	
   2.9447156e-03	   1.7696698e-05	   2.0477776e-04	  -2.6339698e-07	   1.0227615e-11	   2.1799649e+02	
   2.4184619e-03	  -3.5145371e-04	   7.4955194e-04	  -1.2191064e-04	   1.2526169e-11	   2.1575184e+02	
   4.2557684e-04	   5.5104574e-04	   5.5716540e-04	  -9.4984557e-04	   1.3631755e-11	   2.1507821e+02	
   1.1139949e-03	  -5.4005958e-06	   3.0776918e-05	  -2.3900498e-06	   8.9130704e-12	   2.1913916e+02	
   4.1631668e-03	  -2.3877050e-04	  -2.0290734e-03	   2.1702536e-05	   4.6047065e-12	   2.2266195e+02	
  -2.2983508e-03	  -4.3757452e-05	   4.0791958e-03	   1.5860236e-04	   5.4443435e-12	   2.2216057e+02	
   2.2159443e-03	  -1.4265861e-04	   3.6957821e-03	  -2.6203623e-04	   4.6806917e-12	   2.2199771e+02	
   5.2673400e-04	   2.4397404e-05	   1.8169061e-03	   5.8091219e-05	   5.8052735e-12	   2.2135138e+02	
   1.2117180e-03	   2.4864242e-04	  -2.3491091e-04	  -4.9176398e-05	   5.7102920e-12	   2.2198284e+02	
  -1.4143837e-03	   1.7974734e-04	   1.6990087e-03	  -2.1029305e-04	   1.2940289e-11	   2.1529205e+02	
  -3.3127788e-04	  -4.0214257e-06	   1.2880004e-03	   2.5272166e-05	   9.7565068e-12	   2.1842242e+02	
   4.9636763e-04	   3.8271379e-07	  -2.6549429e-03	  -5.3081787e-05	   6.0446271e-12	   2.2122007e+02	
   2.0626655e-03	  -1.1427684e-04	  -1.1610872e-03	   5.4271017e-05	   8.1950097e-12	   2.1974768e+02	
   1.5244634e-03	  -4.0872946e-05	  -4.4786606e-03	   1.0284156e-04	   9.9160753e-12	   2.1830671e+02	
  -2.6877451e-03	   2.0116375e-04	   3.2307180e-03	  -2.2741941e-04	   1.1116643e-11	   2.1720438e+02	
  -6.5214025e-05	  -5.2568574e-06	  -2.3448171e-03	   1.3405519e-05	   6.8614685e-12	   2.2069934e+02	
  -1.1989315e-03	   3.1849761e-04	  -2.0385513e-03	   5.6110418e-04	   1.2811114e-11	   2.1546833e+02	
   3.6848423e-03	  -7.0884186e-05	  -1.9185672e-03	   2.5633788e-05	   6.2687836e-12	   2.2110003e+02	
   9.6556413e-05	   5.2450024e-06	   1.3742598e-03	  -2.4896082e-05	   8.3963707e-12	   2.1957876e+02	
  -2.0920660e-03	   4.1317848e-04	   1.6130010e-03	  -3.0840963e-04	   1.2340005e-11	   2.1596685e+02	
  -6.6287584e-04	  -1.1639660e-05	  -8.2073950e-04	  -9.2554542e-06	   7.1084207e-12	   2.2051981e+02	
   1.6158512e-03	  -4.9989702e-05	  -4.2137099e-03	   1.1010223e-04	   6.0636234e-12	   2.2122330e+02	
   3.0992573e-03	  -2.5560316e-04	  -2.3230588e-03	   6.3858961e-05	   7.0704279e-12	   2.2118390e+02	
   3.1425944e-03	  -2.6944924e-04	  -6.9536210e-04	   4.7775315e-05	   7.4845476e-12	   2.2029648e+02	
  -5.1299042e-04	   3.0113696e-05	   3.5410830e-03	  -1.6201280e-04	   9.3271901e-12	   2.1883078e+02	
   1.5476435e-03	  -1.5189295e-05	   1.2145739e-03	  -2.1892046e-05	   9.0802380e-12	   2.1901971e+02	
  -1.7230875e-03	   2.8390537e-05	  -3.2827894e-04	   1.1155033e-05	   8.9320668e-12	   2.1914100e+02	
   5.2595057e-04	   1.9590363e-04	   1.7099483e-03	  -8.9524038e-04	   8.2937907e-12	   2.2038840e+02	
   2.6452017e-03	  -1.4310453e-04	  -4.6700300e-04	   1.2918159e-05	   8.4077684e-12	   2.1958987e+02	
  -3.4982139e-03	   2.0413208e-04	  -8.5684405e-04	   5.9395663e-05	   7.0628295e-12	   2.2057098e+02	
  -4.9565001e-04	  -2.2150304e-07	   8.8726533e-05	   5.9308895e-06	   8.8446837e-12	   2.1922186e+02	
  -2.2194483e-03	   5.8342947e-05	  -3.2763193e-06	   4.1754726e-06	   8.8218881e-12	   2.1922928e+02	
   2.0646910e-03	  -1.0727343e-04	  -3.3922673e-03	   1.5729592e-04	   9.4183724e-12	   2.1875804e+02	
   6.6151203e-04	   1.6213407e-06	   3.4837245e-03	  -2.0822613e-06	   1.0288404e-11	   2.1794848e+02	
   2.3319977e-03	  -1.4732854e-04	  -1.3433782e-03	   6.9873603e-05	   7.8720724e-12	   2.2000489e+02	
   1.0598737e-03	  -3.0298902e-05	  -1.1138973e-03	   1.8372278e-05	   7.6631129e-12	   2.2013947e+02	
   7.4295797e-04	  -6.9127508e-05	   3.7242185e-03	  -4.0103054e-04	   9.0840373e-12	   2.1905583e+02	
  -9.0599938e-04	  -3.6112170e-05	   2.2968883e-04	   1.8477474e-05	   5.2733767e-12	   2.2167096e+02	
   3.3299270e-03	  -8.4064132e-05	   1.1722012e-03	  -3.3870119e-05	   9.5399488e-12	   2.1862968e+02	
  -1.0795033e-03	   1.2860050e-04	  -3.4643281e-03	   4.4583159e-04	   8.9054719e-12	   2.1920740e+02	
   2.1570412e-03	  -1.5381564e-04	   1.1669913e-03	  -9.4980265e-05	   1.2036064e-11	   2.1625513e+02	
   1.1221013e-04	  -2.5000705e-06	   9.8586418e-04	  -6.6183858e-05	   1.2719932e-11	   2.1551730e+02	
   2.1533900e-03	  -1.3620314e-05	   2.8364252e-03	  -2.1502872e-05	   9.8362910e-12	   2.1836068e+02	
  -2.0731531e-03	   2.5167236e-04	  -9.4550551e-04	   1.2066990e-04	   1.2575560e-11	   2.1569438e+02	
  -1.5976075e-03	  -5.0093821e-06	  -7.0534953e-04	   6.3568379e-06	   9.3499856e-12	   2.1878317e+02	
   3.8171169e-03	  -2.5402631e-04	   3.2063409e-04	  -2.9295171e-05	   9.2170115e-12	   2.1892104e+02	
  -2.8529603e-03	  -1.1441159e-05	   1.1423503e-03	   5.8440221e-05	   1.2503374e-11	   2.1625257e+02	
  -1.2517785e-03	   4.0286396e-05	   1.0080664e-03	  -2.8520515e-05	   1.1819507e-11	   2.1645915e+02	
  -1.9844895e-05	  -7.3643490e-06	  -8.4657782e-04	   3.4399047e-05	   1.4106662e-11	   2.1393988e+02	
   2.4639326e-03	   2.0023367e-04	  -1.2711718e-03	  -1.3071019e-04	   1.3096059e-11	   2.1558959e+02	
  -4.9677196e-04	   2.6407136e-05	  -9.1742956e-04	   5.4236547e-05	   1.3559569e-11	   2.1457139e+02	
  -3.4907902e-03	   3.9589480e-05	   1.3369475e-03	   4.3603852e-05	   7.3477742e-12	   2.2095549e+02	
   2.2508433e-03	  -8.9167227e-05	  -5.3253350e-04	   1.3924882e-05	   1.1599149e-11	   2.1669015e+02	
  -2.9947435e-04	  -5.7001337e-07	   2.6184096e-03	   2.7547245e-05	   1.0311199e-11	   2.1792437e+02	
   3.5876026e-03	  -6.1552232e-05	  -2.1804694e-03	   3.2724384e-05	   1.0459370e-11	   2.1779905e+02	
   1.8152979e-03	  -5.6415584e-05	   8.3079955e-04	  -3.0640598e-05	   8.3963707e-12	   2.1956770e+02	
   1.4899724e-03	  -5.6473537e-05	  -3.7551767e-03	   1.1814024e-04	   1.0884888e-11	   2.1741147e+02	
   6.7616227e-03	   1.5591393e-03	  -1.2151236e-03	  -2.7280767e-04	   7.5757299e-12	   2.2025890e+02	
   7.0083619e-04	  -5.3914385e-06	   2.9835313e-04	  -3.9716229e-06	   7.7998864e-12	   2.2003035e+02	
  -4.6566618e-03	  -1.2549703e-03	   3.4387960e-03	   9.4758488e-04	   6.6031187e-12	   2.2090371e+02	
   2.3491096e-03	  -8.8412325e-05	   4.3310794e-03	  -1.7452760e-04	   9.8286930e-12	   2.1839195e+02	
  -2.4182241e-03	   1.4392806e-04	  -1.0019577e-03	   6.5951505e-05	   8.0696341e-12	   2.1983870e+02	
   1.0242822e-03	  -2.8414738e-04	   2.0944832e-03	  -6.2815907e-04	   1.3278424e-11	   2.1495600e+02	
  -6.4439932e-03	  -1.5221744e-03	  -2.0010311e-03	  -4.5268788e-04	   7.0704279e-12	   2.2059685e+02	
   2.3785169e-03	  -5.2064601e-04	   8.3520076e-04	  -2.0347800e-04	   1.3236631e-11	   2.1499048e+02	
  -2.2907500e-03	   2.0233393e-04	  -7.9359987e-04	   7.5260984e-05	   1.2157641e-11	   2.1612709e+02	
   1.3679738e-03	  -9.7288658e-05	   9.6616338e-04	  -8.0461848e-05	   1.3544371e-11	   2.1459824e+02	
  -2.2275693e-03	   2.9232057e-04	  -1.8782895e-03	   2.5521672e-04	   1.3779926e-11	   2.1435362e+02	
  -9.7077376e-04	   1.3713603e-05	  -1.7623801e-03	   3.4289493e-05	   1.1405386e-11	   2.1686870e+02	
   1.0594304e-03	  -6.4172399e-05	   2.4640673e-03	  -1.6406360e-04	   7.9898496e-12	   2.1989945e+02	
   1.3239918e-03	  -9.3191574e-05	   1.0021424e-03	  -8.2335727e-05	   1.3555770e-11	   2.1458591e+02	
   1.1762015e-03	   1.5825318e-04	   2.5471946e-03	   2.9166825e-04	   9.8666851e-12	   2.1885333e+02	
   2.5996455e-03	  -2.4404162e-04	   2.0012369e-03	  -2.0631536e-04	   7.5795293e-12	   2.2023520e+02	
  -1.8148347e-03	   5.7457525e-05	  -5.1650868e-04	   2.0158554e-05	   8.0544371e-12	   2.1983641e+02	
   2.0547220e-03	  -6.7251887e-04	  -8.5401849e-04	   2.4992017e-04	   1.2533768e-11	   2.1577646e+02	
   3.7870726e-03	  -4.9600253e-05	   1.7512306e-03	  -2.9692861e-05	   6.0104337e-12	   2.2125171e+02	
  -2.1796026e-04	   5.2025054e-06	  -2.4126153e-03	   1.2242742e-04	   7.9860503e-12	   2.1989493e+02	
  -1.5580866e-04	  -4.7600632e-06	   6.6932111e-04	   1.5915673e-05	   1.0064247e-11	   2.1814156e+02	
   7.1925499e-04	  -4.1394541e-05	  -2.3059646e-03	   1.1201965e-04	   7.9214628e-12	   2.1994516e+02	
  -7.1500911e-04	   7.2236250e-06	   1.2728142e-03	  -1.7196867e-06	   9.1942159e-12	   2.1891468e+02	
   8.3796115e-04	  -2.0657807e-05	  -1.1174790e-03	   2.0110313e-05	   8.2140061e-12	   2.1970537e+02	
   1.4867644e-03	  -1.4441279e-04	   2.6673352e-03	  -2.8190416e-04	   7.8720724e-12	   2.2001434e+02	
  -2.7532405e-03	   3.3378984e-04	   1.9930611e-03	  -2.2964137e-04	   7.5453358e-12	   2.2024875e+02	
  -1.2193923e-03	   4.5011923e-05	   1.6170363e-03	  -5.5969298e-05	   7.8948680e-12	   2.1996062e+02	
   1.9359293e-03	  -1.1601149e-05	   3.7944319e-03	  -3.4762395e-05	   5.1404025e-12	   2.2174495e+02	
   3.0884805e-03	  -3.0351662e-04	  -8.9151898e-04	   7.5874601e-05	   7.6897078e-12	   2.2013348e+02	
  -8.5204682e-04	   2.8711532e-05	  -3.7553293e-03	   1.6421786e-04	   6.7892826e-12	   2.2075331e+02	
  -1.4922513e-03	   2.5965920e-05	   1.1500145e-03	  -1.7068927e-05	   7.4085624e-12	   2.2030738e+02	
   5.6656798e-05	   3.6096989e-06	   3.4081333e-03	  -1.5597005e-04	   7.0324354e-12	   2.2058814e+02	
   1.0068833e-03	  -1.0104529e-04	  -3.1240059e-03	   2.8488319e-04	   8.5597390e-12	   2.1946627e+02	
   1.2109714e-03	  -1.5044244e-04	   2.9932773e-03	  -4.0309103e-04	   8.3393818e-12	   2.1965062e+02	
   2.3992631e-03	   3.3129558e-04	   3.2189677e-04	   3.1394441e-05	   9.0840373e-12	   2.1954940e+02	
  -4.7701574e-04	  -8.6598610e-05	  -2.5192287e-03	  -3.1791186e-04	   9.0992344e-12	   2.1953702e+02	
  -6.1384634e-03	  -1.3728926e-03	  -4.0289423e-03	  -8.8178190e-04	   1.1789113e-11	   2.1656713e+02	
  -1.6902326e-03	  -2.9904761e-04	   6.5286769e-04	   1.4380248e-04	   5.5621207e-12	   2.2206482e+02	
  -1.3904289e-03	  -1.5437234e-04	   2.2884206e-03	   3.0807085e-04	   1.1185030e-11	   2.1759971e+02	
  -2.5558183e-03	   1.9343659e-04	   2.4571339e-03	  -8.0699590e-05	   8.4761553e-12	   2.2010849e+02	
   6.3121901e-04	  -8.9266369e-05	   3.3284664e-03	  -5.3105682e-04	   1.4129458e-11	   2.1396994e+02	
  -3.1944120e-03	   9.6919471e-05	  -1.6387000e-03	   1.2481069e-04	   7.6935070e-12	   2.2071218e+02	
  -1.5970201e-03	  -1.5954086e-05	   1.8187402e-03	   2.1673416e-05	   1.0311199e-11	   2.1791300e+02	
  -2.4235484e-03	  -3.0987103e-04	  -1.0344774e-03	  -9.7675351e-05	   7.9518569e-12	   2.2047826e+02	
  -1.6484470e-03	   7.8246584e-05	  -2.0305369e-03	   1.0566431e-04	   8.4875530e-12	   2.1950909e+02	
   1.6433175e-03	  -1.1629446e-05	  -3.2152397e-03	   1.3990102e-05	   9.9084773e-12	   2.1829455e+02	
  -2.9343051e-03	   7.1373031e-05	  -2.6984454e-03	   7.9060125e-05	   9.6577259e-12	   2.1854000e+02	
  -2.4900577e-03	   9.4832180e-05	  -2.0593076e-03	   8.7259816e-05	   1.1302807e-11	   2.1699168e+02	
   1.7468044e-03	  -6.1329850e-05	   4.9424791e-03	  -1.9244462e-04	   9.9198753e-12	   2.1831976e+02	
  -2.4004509e-03	   2.2195437e-05	  -7.9676845e-04	   1.2784339e-05	   9.4525657e-12	   2.1869164e+02	
   1.0702494e-04	   3.5920874e-06	   1.4447304e-03	  -9.2404321e-06	   8.9282675e-12	   2.1914112e+02	
  -2.4092679e-03	   5.0528032e-04	   8.1394537e-04	  -1.6246121e-04	   1.3251829e-11	   2.1497467e+02	
  -3.4443164e-03	   2.4075180e-04	  -2.3744016e-03	   1.7718143e-04	   1.1158434e-11	   2.1715880e+02	
   1.5924649e-03	  -8.8202064e-05	   4.1666123e-03	  -2.5392170e-04	   4.7908703e-12	   2.2191403e+02	
   1.9180399e-03	   3.5831957e-05	  -5.8114593e-04	  -2.0781626e-05	   6.4093563e-12	   2.2098850e+02	
  -3.5730806e-03	  -3.3157853e-04	  -4.2421353e-04	  -2.4352176e-06	   5.3607598e-12	   2.2218460e+02	
  -1.5628048e-04	   5.7786685e-06	  -4.6261990e-04	   3.1111100e-05	   1.3639354e-11	   2.1449443e+02	
  -3.3820054e-03	   7.7017267e-05	   7.7169954e-04	  -1.0587119e-05	   4.6616955e-12	   2.2198147e+02	
   4.5607888e-03	  -4.3497976e-05	   2.4013073e-04	  -5.7933439e-05	   4.6161043e-12	   2.2263067e+02	
  -2.6233161e-03	   2.6972270e-04	  -1.1912586e-03	   1.3302842e-04	   1.1986674e-11	   2.1632193e+02	
   1.2344826e-03	   3.2653851e-05	  -1.1867515e-03	  -4.3251298e-05	   5.4139494e-12	   2.2157841e+02	
   1.3003860e-03	  -5.1155856e-05	  -3.5235772e-03	   1.1721518e-04	   6.6601076e-12	   2.2084958e+02	
  -1.5439722e-03	   1.5946134e-04	  -1.3384998e-03	   1.4343275e-04	   1.3050468e-11	   2.1516412e+02	
  -2.0229429e-03	   1.2877452e-04	  -3.2658294e-03	   2.2378741e-04	   4.4413381e-12	   2.2209527e+02	
   3.6448192e-03	  -3.2273594e-04	   1.0003680e-03	  -1.0266504e-04	   9.0270483e-12	   2.1910372e+02	
  -5.4682723e-04	   1.6469318e-05	   3.9482024e-03	  -8.0420615e-05	   4.8630563e-12	   2.2187746e+02	
  -1.9129899e-03	   4.0079617e-05	  -1.0311443e-03	   2.7248309e-05	   7.3857668e-12	   2.2032926e+02	
  -8.9842907e-04	   4.0941443e-05	   3.7855610e-03	  -1.4532415e-04	   4.6730932e-12	   2.2197616e+02	
   3.1220671e-03	  -9.3425350e-05	  -1.2330758e-03	   3.0127012e-05	   4.5173234e-12	   2.2205685e+02	
   5.9796047e-04	  -2.1864408e-05	  -2.6924295e-03	   7.1244269e-05	   7.1502125e-12	   2.2049799e+02	
  -2.4947802e-03	   1.2198389e-04	  -7.0535588e-06	   5.5495623e-06	   7.7125034e-12	   2.2010115e+02	
   3.9721968e-03	   1.5344900e-04	  -1.2694161e-03	  -8.3824796e-05	   1.0261808e-11	   2.1850499e+02	
  -5.6511412e-04	   9.4151202e-06	  -3.2024974e-03	   8.7943676e-05	   4.5021263e-12	   2.2206480e+02	
   1.6970993e-03	   1.8843440e-05	  -2.2546799e-03	  -3.0731696e-05	   5.0112276e-12	   2.2179178e+02	
  -3.1149295e-03	   4.3411693e-05	   2.0071916e-03	  -2.0447520e-05	   4.8630563e-12	   2.2187689e+02	
   1.2549384e-03	  -4.0389706e-05	  -4.6233413e-03	   1.2398308e-04	   5.0454209e-12	   2.2178254e+02	
   8.6459123e-04	   9.5600646e-06	   1.6112543e-04	   3.1046621e-07	   7.1958037e-12	   2.2046581e+02	
   3.6935895e-03	  -6.2949813e-05	  -2.3550633e-03	   3.4139074e-05	   5.0340231e-12	   2.2178728e+02	
   3.5688594e-03	   9.0520672e-06	  -1.1846995e-03	  -6.7243996e-06	   5.1631981e-12	   2.2171413e+02	
  -3.0514437e-03	  -3.8745547e-07	   6.8557120e-04	   6.1465689e-06	   4.8668555e-12	   2.2187237e+02	
  -2.4177167e-03	   3.8352753e-04	   7.4329859e-04	  -1.0976874e-04	   1.3210036e-11	   2.1500864e+02	
  -4.7479538e-05	   1.7702070e-06	   3.1380170e-03	   4.4855899e-05	   5.1593988e-12	   2.2171289e+02	
   2.1501608e-03	  -3.3126132e-05	  -2.8171152e-03	   3.5009080e-05	   4.8022681e-12	   2.2191006e+02	
   5.8139862e-04	   8.6546790e-06	   3.2208102e-03	   3.4035333e-05	   5.1100084e-12	   2.2173904e+02	
  -1.2620676e-03	  -2.3113244e-05	  -9.1257092e-05	   9.2521027e-07	   4.4451374e-12	   2.2208799e+02	
   2.7052841e-04	   5.1122053e-06	   1.3165323e-03	   2.2295510e-05	   4.4717322e-12	   2.2207579e+02	
   2.4890209e-03	  -8.2748523e-05	   4.2892551e-03	  -1.5527597e-04	   5.0378224e-12	   2.2178526e+02	
  -2.1181189e-03	   1.5993422e-05	   1.5671731e-03	  -6.2453242e-06	   4.5287212e-12	   2.2204665e+02	
   2.2853225e-03	   3.0112361e-05	   5.2868317e-04	   4.4200764e-06	   4.8440601e-12	   2.2188070e+02	
  -2.9410687e-04	  -2.9928920e-06	   1.4859349e-03	   1.9507703e-05	   4.4337397e-12	   2.2209118e+02	
  -2.9983043e-04	  -3.1575463e-06	   2.1838521e-03	   3.4652682e-05	   4.8402608e-12	   2.2188106e+02	
  -6.2787569e-04	  -1.4981303e-05	   2.6069756e-04	   7.2398706e-06	   4.4641338e-12	   2.2208992e+02	
  -4.8571116e-03	   1.6301975e-04	  -1.9791499e-03	   7.6779287e-05	   5.2657782e-12	   2.2166099e+02	
  -1.8897163e-03	   2.4618728e-04	  -1.6671688e-03	   2.2587040e-04	   1.2370400e-11	   2.1591668e+02	
  -1.9962178e-04	  -5.4519360e-07	   1.0147931e-03	   1.0558383e-06	   7.3971646e-12	   2.2031389e+02	
  -1.7475218e-03	  -3.2131923e-05	   2.2389796e-03	   4.6844935e-05	   5.2961723e-12	   2.2163610e+02	
   9.0661154e-04	  -7.0298020e-05	   3.7886616e-03	  -3.2959288e-04	   9.1524239e-12	   2.1898409e+02	
  -2.4329853e-03	  -1.6894594e-05	   7.4940345e-04	   1.0360985e-05	   4.7642755e-12	   2.2192348e+02	
   2.1080227e-03	   2.8440271e-05	   5.2916637e-04	   4.5549532e-06	   4.7718740e-12	   2.2191965e+02	
  -2.7162015e-04	  -6.6499463e-06	   1.3324078e-03	   3.4536421e-05	   4.7642755e-12	   2.2192270e+02	
  -2.4891240e-03	  -1.2660634e-05	  -2.6066301e-03	  -3.5709150e-06	   5.0834136e-12	   2.2175736e+02	
  -5.4944369e-04	  -1.1353827e-05	   2.0287810e-03	   4.7436667e-05	   4.9884320e-12	   2.2180244e+02	
  -7.7108090e-05	  -1.4021851e-06	  -1.7934536e-04	   9.8167352e-07	   8.3583781e-12	   2.1959983e+02	
   1.3423960e-03	  -5.0331301e-05	   2.9954159e-03	  -1.2662430e-04	   7.0780266e-12	   2.2055468e+02	
   8.6680517e-04	   1.6505931e-05	  -1.5884616e-03	  -3.6166004e-05	   4.9048483e-12	   2.2184524e+02	
  -1.9921328e-03	   5.5856200e-05	  -4.8454098e-03	   1.5799900e-04	   5.4291464e-12	   2.2157238e+02	
   9.2172132e-04	   2.6726079e-05	   2.0461483e-03	   5.7829939e-05	   5.5013325e-12	   2.2151731e+02	
   3.1050825e-04	   1.1528207e-05	   1.0055169e-03	   3.9811387e-05	   5.0416217e-12	   2.2178031e+02	
   8.0447891e-04	   2.9644839e-05	   9.6562358e-04	   3.6366701e-05	   5.9648425e-12	   2.2124099e+02	
   2.1243967e-03	   5.3202643e-05	   5.1920126e-04	   1.1588513e-05	   5.1062092e-12	   2.2173867e+02	
  -3.7215988e-04	   8.1541516e-05	  -2.3811810e-03	   6.3262766e-04	   1.2704735e-11	   2.1558925e+02	
  -1.4108581e-04	  -3.7869152e-06	   1.9532970e-03	   6.2496415e-05	   5.7292882e-12	   2.2138273e+02	
   1.4539897e-03	   5.0495518e-05	   2.0086556e-04	   6.3456511e-06	   5.1897929e-12	   2.2169236e+02	
   4.7110644e-04	   1.6345927e-05	  -1.0624558e-04	  -3.8656240e-06	   5.0758150e-12	   2.2176323e+02	
   9.1307797e-04	   3.6984181e-05	   1.9126269e-04	   8.2619071e-06	   5.2163877e-12	   2.2168982e+02	
   1.9076127e-04	   6.1879347e-06	   1.6982053e-03	   5.3060724e-05	   5.0872129e-12	   2.2174325e+02	
  -5.2371720e-05	  -5.0158404e-06	  -8.6280042e-04	  -3.3664227e-05	   5.4329457e-12	   2.2156667e+02	
  -7.8512459e-04	  -3.4711683e-05	  -8.5177378e-04	  -3.1706293e-05	   5.4443435e-12	   2.2155663e+02	
  -5.5433041e-04	  -2.2532436e-05	  -1.3953689e-03	  -4.6720555e-05	   5.9116529e-12	   2.2127933e+02	
  -4.4750656e-05	  -3.2419365e-06	   1.9952309e-04	   8.9947711e-06	   5.7064927e-12	   2.2140680e+02	
  -2.6873281e-05	  -2.0747433e-06	   5.7618565e-04	   2.4150203e-05	   5.7482845e-12	   2.2138389e+02	
   7.5037274e-05	   1.1597855e-06	  -3.7381792e-04	  -1.4318156e-05	   5.5621207e-12	   2.2149125e+02	
   1.1575932e-03	   2.6753592e-05	  -1.7136998e-03	  -4.4740785e-05	   6.0788204e-12	   2.2117709e+02	
  -6.1508699e-04	   2.9760287e-06	  -1.8412102e-03	   2.3597104e-05	   7.2793874e-12	   2.2039935e+02	
   1.7999303e-03	   5.0938373e-05	  -1.0137284e-03	  -3.1118486e-05	   5.7634816e-12	   2.2136430e+02	
   2.3453527e-03	  -1.6288844e-04	   2.8119638e-03	  -2.0975027e-04	   7.1540118e-12	   2.2051460e+02	
   3.9305338e-03	  -4.4836298e-05	   1.3266298e-03	  -2.0117413e-05	   6.0142330e-12	   2.2123334e+02	
  -5.2678227e-04	  -2.4075806e-05	  -6.1760870e-04	  -2.2619970e-05	   5.8090727e-12	   2.2134837e+02	
   8.4910342e-04	   1.5731718e-05	  -9.4221086e-04	  -2.1274525e-05	   6.7246951e-12	   2.2076711e+02	
   2.9469770e-04	   1.0134939e-05	   3.5001348e-04	   1.3539597e-05	   6.1130137e-12	   2.2116383e+02	
   5.4508747e-04	   1.8859412e-05	  -5.2776751e-04	  -1.9436953e-05	   6.0142330e-12	   2.2122680e+02	
   4.3664222e-05	   7.4131258e-07	   8.8183521e-04	   2.9205583e-05	   6.6449105e-12	   2.2083169e+02	
  -2.3983670e-03	  -2.2524959e-05	  -1.2830787e-04	   6.7588587e-06	   4.8136660e-12	   2.2191325e+02	
  -2.9561711e-05	  -2.8529335e-06	  -4.8207198e-04	  -1.3452099e-05	   6.5119364e-12	   2.2091506e+02	
   9.0752588e-05	  -3.0778600e-06	  -1.7227757e-04	   5.2503670e-07	   8.3925714e-12	   2.1957064e+02	
  -1.0218855e-03	   8.8291844e-05	   1.4538797e-03	  -1.2340687e-04	   1.2545166e-11	   2.1570697e+02	
  -6.9327056e-04	   5.0510576e-05	  -3.0895430e-03	   2.6056603e-04	   8.5901331e-12	   2.1944964e+02	
  -1.3015123e-03	  -4.7784578e-05	   2.1933325e-04	   1.1345639e-05	   6.0826196e-12	   2.2117236e+02	
   6.6077359e-05	  -1.1077344e-06	  -6.5249910e-04	  -1.2279682e-05	   6.9070597e-12	   2.2065652e+02	
  -2.0348080e-03	   6.5334124e-05	   2.6824373e-04	  -4.9273709e-06	   7.6821093e-12	   2.2011548e+02	
   9.1937137e-05	   6.4907113e-08	  -5.2936965e-04	  -1.2072800e-05	   6.7778848e-12	   2.2074192e+02	
   9.7265125e-04	  -5.0390105e-05	  -4.1836003e-03	   1.7994189e-04	   6.5005386e-12	   2.2094202e+02	
  -1.2350487e-03	  -1.4828210e-05	   2.1473720e-03	   3.1455006e-05	   6.4055570e-12	   2.2097725e+02	
   3.5450847e-04	  -9.3885543e-08	   4.9335520e-04	   2.7804681e-07	   7.3743690e-12	   2.2033659e+02	
  -1.9671819e-03	   5.6909726e-05	   6.7153602e-04	  -1.6123161e-05	   8.6547206e-12	   2.1936273e+02	
   1.4341894e-04	   1.8913137e-07	   4.7017977e-05	  -2.2640056e-07	   7.0894243e-12	   2.2053157e+02	
  -1.8698645e-04	  -5.9847337e-06	  -2.0715888e-03	  -1.5572793e-05	   6.7284944e-12	   2.2077028e+02	
  -2.4720717e-03	   8.2535368e-05	   3.0072152e-03	  -8.8733389e-05	   6.6145164e-12	   2.2086470e+02	
  -1.7007346e-04	   1.5560053e-05	   4.6211013e-03	  -2.6467729e-04	   1.4858917e-11	   2.1307043e+02	
  -1.1995300e-03	   4.0822728e-04	   7.3801493e-05	  -2.7399188e-05	   2.2924751e-11	   2.0100175e+02	
   2.2567588e-04	  -1.0890044e-04	   1.1959344e-03	  -6.9863335e-04	   2.3456649e-11	   2.0008712e+02	
  -5.0852186e-04	   1.1534139e-04	  -1.8701010e-04	   3.6678072e-05	   2.3430054e-11	   2.0008432e+02	
  -7.8506126e-04	   3.5685113e-05	   1.9584676e-03	  -8.2751737e-05	   1.9953728e-11	   2.0589110e+02	
  -1.8434616e-03	   4.5822030e-04	   1.5523154e-03	  -3.7455944e-04	   1.7632378e-11	   2.0947716e+02	
   2.4624619e-03	  -4.4598962e-04	   1.3248437e-04	  -3.7616579e-05	   1.7381627e-11	   2.0980076e+02	
   4.1007434e-04	  -3.7826720e-05	  -7.5462089e-04	   5.1117788e-05	   1.7035894e-11	   2.1022682e+02	
   8.1732267e-04	  -5.0191554e-04	  -9.8926664e-04	   5.5431577e-04	   2.3502239e-11	   2.0001060e+02	
   3.5643428e-03	  -1.9925789e-04	   2.4793368e-03	  -1.4494886e-04	   1.5626367e-11	   2.1211574e+02	
  -2.6480738e-03	   9.8982307e-05	  -8.8027642e-04	   3.8419998e-05	   1.5918911e-11	   2.1170333e+02	
  -2.9093352e-03	   1.4723843e-04	   2.2087535e-03	  -1.0475451e-04	   1.5782137e-11	   2.1190050e+02	
   2.5568702e-03	  -7.0574718e-05	  -7.6458008e-04	   1.8007377e-05	   1.5702353e-11	   2.1197388e+02	
  -1.4919298e-03	   3.3518471e-05	  -2.6636595e-03	   7.0512170e-05	   1.5428806e-11	   2.1232541e+02	
   2.0518556e-03	  -2.4035282e-04	   3.4901106e-03	  -4.2893561e-04	   1.4463794e-11	   2.1357394e+02	
   1.0859037e-04	  -7.6432151e-06	   1.5008047e-03	  -1.7600552e-04	   1.7495605e-11	   2.0959690e+02	
  -2.0180087e-03	   3.0252898e-04	   2.7281728e-04	  -3.8401804e-05	   1.7803346e-11	   2.0917805e+02	
  -1.2891589e-03	   1.5065887e-04	   3.9065315e-04	  -4.6097060e-05	   1.7757754e-11	   2.0922257e+02	
  -3.6311007e-04	   4.8831447e-04	  -6.0883687e-04	   8.6514846e-04	   2.1746980e-11	   2.0310180e+02	
   1.7291467e-03	  -2.1368929e-04	  -3.9794515e-05	  -5.2023475e-06	   1.7476609e-11	   2.0962996e+02	
  -2.6758532e-04	   5.4136407e-05	   8.4315627e-04	  -1.7087170e-04	   2.1895152e-11	   2.0274961e+02	
   3.0715289e-03	  -2.9248819e-04	  -1.4597625e-03	   1.3004937e-04	   1.6367224e-11	   2.1116164e+02	
   1.0980425e-03	  -6.8990844e-05	  -2.0662626e-03	   1.2168343e-04	   1.9585200e-11	   2.0647901e+02	
   9.3021610e-04	  -8.7472242e-05	   2.0449796e-03	  -2.0729910e-04	   1.6883924e-11	   2.1045015e+02	
   2.6093825e-03	  -3.7972270e-04	  -5.4058449e-04	  -2.3807468e-05	   1.7567791e-11	   2.0995681e+02	
   9.7340741e-04	  -2.9204392e-04	   2.2573807e-04	  -8.6623667e-05	   2.2742386e-11	   2.0130769e+02	
   4.5501735e-03	  -3.5936565e-04	  -4.6568884e-05	  -6.3051626e-06	   1.5732747e-11	   2.1200815e+02	
  -2.3861778e-03	   7.4863948e-05	  -8.1796521e-04	   3.1378444e-05	   1.5842925e-11	   2.1179854e+02	
  -1.6838339e-03	   2.3507466e-04	   1.2148205e-03	  -1.6582084e-04	   1.8422625e-11	   2.0827319e+02	
  -2.1511665e-03	   2.0236510e-04	   5.7001780e-04	  -5.0862223e-05	   1.9125488e-11	   2.0720129e+02	
   1.6368283e-03	  -5.2971550e-05	   6.4160145e-04	  -2.2906779e-05	   1.4482790e-11	   2.1347631e+02	
  -2.9938487e-05	   6.9738577e-06	   1.7301545e-03	  -2.0445334e-04	   1.8308647e-11	   2.0843059e+02	
   2.0087386e-03	  -1.5891121e-04	  -3.7948046e-03	   2.8390547e-04	   1.9851148e-11	   2.0610693e+02	
  -3.1740299e-04	   7.4144072e-05	   8.5584465e-05	  -2.7440795e-05	   2.3107116e-11	   2.0066236e+02	
   1.2268572e-03	  -7.7689986e-05	   3.9278289e-03	  -2.6870939e-04	   1.5865721e-11	   2.1181515e+02	
   1.3602173e-03	  -6.4996445e-05	  -1.3442679e-03	   5.7325504e-05	   1.6253247e-11	   2.1126483e+02	
   7.7985131e-04	  -6.7913929e-05	   4.1358140e-03	  -3.9749567e-04	   2.0208279e-11	   2.0555871e+02	
   3.8801623e-04	  -4.7441324e-05	   2.0480960e-03	  -2.8390444e-04	   1.8453019e-11	   2.0823043e+02	
  -1.2707951e-03	   1.2148291e-04	  -2.5941392e-04	   2.6041349e-05	   2.1040317e-11	   2.0415456e+02	
   3.7454632e-03	  -2.2772826e-04	  -1.9109128e-04	   5.7306074e-06	   1.5896115e-11	   2.1176560e+02	
   6.3224242e-04	  -1.0506654e-04	   2.2462871e-03	  -4.0801284e-04	   1.7529799e-11	   2.0958978e+02	
  -1.1108425e-03	   1.3067364e-04	   1.6331061e-03	  -1.8628770e-04	   1.7267649e-11	   2.0992722e+02	
  -1.7812121e-03	   7.3809683e-05	  -5.4751170e-04	   2.8959229e-05	   1.6317834e-11	   2.1118227e+02	
  -3.0065138e-05	  -3.5078851e-07	  -1.3434371e-04	   2.1015012e-05	   2.1697590e-11	   2.0308474e+02	
  -2.5302884e-03	   4.7937756e-04	   5.5373776e-04	  -9.8123381e-05	   1.8464417e-11	   2.0825127e+02	
   2.2268134e-03	  -2.9530200e-04	   1.1625116e-03	  -1.6434686e-04	   1.8851941e-11	   2.0764134e+02	
   1.2428468e-03	  -4.4982902e-04	   9.9856508e-04	  -3.9339247e-04	   2.1917947e-11	   2.0275863e+02	
   1.0571896e-04	  -2.2428619e-05	   3.1532361e-04	  -8.5314839e-05	   2.2620810e-11	   2.0152084e+02	
  -3.7637657e-03	   9.0537008e-05	  -4.8544803e-04	   7.3989110e-05	   1.5975900e-11	   2.1209852e+02	
   1.9698082e-03	  -6.2598253e-05	  -2.8688700e-03	   8.4402278e-05	   1.4980493e-11	   2.1289206e+02	
  -3.9524718e-04	   7.9400508e-06	  -3.2241122e-03	   1.0598097e-04	   1.5546583e-11	   2.1218152e+02	
   8.1253939e-04	  -8.4452959e-05	   1.3328218e-03	  -1.5001818e-04	   1.8415027e-11	   2.0827076e+02	
   6.9068628e-05	  -8.8911291e-06	   1.5919035e-03	  -3.5324891e-04	   2.1758378e-11	   2.0299478e+02	
   3.4365949e-04	  -7.6045758e-05	   6.7467778e-04	  -1.6959539e-04	   2.3551630e-11	   1.9985810e+02	
  -3.3818749e-03	   1.5289342e-04	  -3.0708734e-03	   1.4866384e-04	   1.5193252e-11	   2.1265407e+02	
   1.5866795e-04	  -6.1177369e-06	   2.9808798e-03	  -1.6369430e-04	   1.9767564e-11	   2.0620289e+02	
   1.3168250e-03	  -1.9468010e-05	   1.4352069e-03	  -2.5902578e-05	   1.5516189e-11	   2.1220291e+02	
   2.0286269e-03	  -2.5259789e-04	  -4.1165509e-04	   4.3292303e-05	   2.1112503e-11	   2.0404783e+02	
   8.8892088e-04	  -3.1333529e-04	   8.6101628e-04	  -3.3292690e-04	   2.2601814e-11	   2.0156934e+02	
  -1.8417901e-04	   1.3253511e-05	   1.5046478e-03	  -9.5007775e-05	   1.6743351e-11	   2.1061680e+02	
   2.2206397e-03	  -1.1210574e-04	  -7.1420276e-04	   3.2260127e-05	   2.0124695e-11	   2.0562417e+02	
   3.7463934e-04	  -3.1147992e-05	  -2.9657320e-03	   2.0097753e-04	   1.4308024e-11	   2.1371316e+02	
   6.1497458e-04	  -1.7686265e-04	  -7.2104686e-04	   1.8957190e-04	   2.2730989e-11	   2.0132790e+02	
  -2.2737072e-04	   8.8503877e-06	  -2.5260962e-03	   1.5489205e-04	   1.6378622e-11	   2.1111283e+02	
  -8.9009638e-05	   1.1882266e-05	   3.1874875e-04	  -3.3467176e-05	   2.1241678e-11	   2.0383373e+02	
   3.5336104e-04	  -4.0996921e-05	  -7.2556914e-04	   6.2343448e-05	   1.8529004e-11	   2.0809616e+02	
   1.8272704e-03	   4.1692813e-04	   7.8895351e-03	   1.8107057e-03	   2.1374652e-11	   2.0377596e+02	
  -9.5596491e-04	   2.0195299e-04	  -2.6505313e-03	   5.9420006e-04	   1.8749362e-11	   2.0785148e+02	
   8.5912184e-04	  -1.6216767e-04	  -2.1702021e-05	  -9.3720951e-06	   2.1841961e-11	   2.0283861e+02	
  -2.1575413e-04	  -1.1826742e-03	  -7.1101022e-05	   6.0005480e-05	   2.1663397e-11	   2.0327161e+02	
   2.9883080e-03	  -3.4841798e-04	   2.2942626e-04	  -3.6232306e-05	   1.6690161e-11	   2.1073406e+02	
  -1.9347760e-03	   1.2767440e-04	   3.3541434e-03	  -2.0950037e-04	   1.5907513e-11	   2.1175208e+02	
   1.5589972e-03	  -7.3438753e-05	  -9.8513627e-04	   4.1524576e-05	   1.6333031e-11	   2.1115532e+02	
   4.8053157e-03	  -2.7799087e-04	   1.7448487e-03	  -1.0700042e-04	   1.5071676e-11	   2.1281828e+02	
   2.4603553e-03	  -6.8536641e-04	  -5.9410815e-04	   1.3978349e-04	   1.8422625e-11	   2.0835027e+02	
   1.7405695e-04	  -5.5216586e-06	   1.6017988e-03	  -7.5431244e-05	   1.9699177e-11	   2.0628846e+02	
   9.9741735e-04	  -1.0953850e-04	   9.5859363e-04	  -1.1208881e-04	   1.7552594e-11	   2.0951332e+02	
   8.2191617e-04	  -1.3876517e-04	   2.1409945e-05	  -1.2036944e-05	   2.6230110e-11	   1.9484369e+02	
  -6.5292842e-04	   2.4417370e-04	  -1.6994529e-03	   6.5877285e-04	   2.6370683e-11	   1.9465489e+02	
   3.3878145e-04	  -6.9491815e-05	   3.6021921e-04	  -8.6941692e-05	   2.6693620e-11	   1.9394766e+02	
   4.0442866e-04	  -1.0841302e-04	   2.5456066e-04	  -8.0897511e-05	   3.0815820e-11	   1.8524853e+02	
   7.2838337e-04	  -1.1194687e-04	  -5.5537825e-04	   7.7701987e-05	   2.4201303e-11	   1.9866538e+02	
   2.3155811e-04	  -3.7613036e-05	  -2.9436314e-04	   3.7010187e-05	   2.6176920e-11	   1.9494977e+02	
   6.1342762e-05	  -1.1920997e-04	   4.9760452e-05	  -2.1482449e-04	   3.2913014e-11	   1.8052208e+02	
   5.4338490e-04	  -1.0580834e-04	   8.1042125e-04	  -1.7045797e-04	   2.6496059e-11	   1.9433540e+02	
  -1.7589950e-04	   1.7256850e-05	   1.8089860e-04	  -1.9928324e-05	   2.4664814e-11	   1.9780756e+02	
  -2.9897685e-04	   2.4618360e-05	   3.8988742e-04	  -3.2697307e-05	   2.5227105e-11	   1.9674981e+02	
  -4.3128605e-04	   1.0357790e-04	  -2.0671521e-04	   4.4157618e-05	   3.0736035e-11	   1.8542938e+02	
   3.2119960e-04	  -4.9203528e-05	  -3.1296390e-04	   4.2167032e-05	   2.6268102e-11	   1.9477632e+02	
   3.7462297e-03	   8.6246924e-04	   7.1562299e-03	   1.6600265e-03	   2.4463453e-11	   1.9837091e+02	
  -5.4960656e-04	   1.9597643e-04	  -1.4144698e-03	   5.2169643e-04	   2.6743011e-11	   1.9389898e+02	
   2.4569546e-04	  -6.5163756e-05	  -4.0415076e-04	   8.3827085e-05	   2.6849390e-11	   1.9365109e+02	
   4.0053296e-05	  -5.2461541e-05	  -3.9211785e-04	   3.5558954e-04	   3.1796030e-11	   1.8308648e+02	
  -5.0781383e-04	   4.4194277e-05	  -2.1385591e-03	   2.1030436e-04	   2.5227105e-11	   1.9675921e+02	
   9.5555549e-05	  -3.2136656e-05	  -2.1313769e-06	  -1.1592614e-05	   2.7392684e-11	   1.9256545e+02	
  -2.0974682e-04	   1.0183521e-04	   1.8267016e-03	  -7.8363976e-04	   3.0337113e-11	   1.8637276e+02	
   7.3547588e-04	  -1.3277566e-04	   8.5350470e-05	  -2.8715772e-05	   2.3927756e-11	   1.9917020e+02	
   2.7344157e-04	  -4.1713737e-05	   6.4119688e-04	  -1.0653988e-04	   2.4064531e-11	   1.9892256e+02	
  -1.0507939e-03	   1.7558885e-04	  -2.7600259e-03	   4.8083823e-04	   2.5584236e-11	   1.9613431e+02	
   2.2158339e-04	  -6.6352341e-05	  -1.2393441e-04	   2.6294038e-05	   2.7905585e-11	   1.9152193e+02	
  -2.3223009e-03	   4.9385514e-04	   1.3158475e-04	  -2.5239043e-05	   2.4360873e-11	   1.9840919e+02	
   3.7606061e-04	  -1.0509282e-04	   7.1096985e-04	  -2.1577169e-04	   3.0808221e-11	   1.8526746e+02	
  -1.4432857e-04	   4.4827318e-05	   1.5209361e-04	  -5.9180465e-05	   2.7586447e-11	   1.9218030e+02	
   1.4044497e-04	  -7.2937408e-04	  -2.7678468e-04	   9.6148260e-04	   2.4140515e-11	   1.9891082e+02	
  -7.5969457e-04	   2.8215586e-04	   1.0072350e-03	  -3.7320486e-04	   2.6898780e-11	   1.9357835e+02	
  -4.6429500e-03	  -3.8705730e-04	  -1.1603403e-05	   1.4220199e-05	   2.8410887e-11	   1.5369151e+02	
   1.1513230e-03	  -7.1866195e-04	  -9.0111337e-05	   1.5234118e-05	   2.8604649e-11	   1.9011280e+02	
   2.2998248e-03	  -7.2319732e-04	   1.7314655e-03	  -5.7284404e-04	   2.4687609e-11	   1.9789595e+02	
   1.2914051e-04	  -1.3140701e-04	  -2.6318523e-05	  -2.4830222e-05	   3.2054380e-11	   1.8249803e+02	
   7.9990567e-04	  -1.1868942e-04	   1.2123785e-03	  -1.8841010e-04	   3.0036971e-11	   1.8695459e+02	
   2.1712250e-04	  -7.0782228e-05	  -7.5934835e-05	   1.3011869e-05	   2.8418485e-11	   1.9045094e+02	
   3.7409336e-04	  -1.1753121e-04	   1.1177472e-04	  -5.0793396e-05	   3.0979188e-11	   1.8488830e+02	
   8.1628239e-05	  -6.9082997e-06	   6.0729644e-05	  -4.5518350e-06	   2.5059937e-11	   1.9706892e+02	
   2.2006293e-04	  -6.6393902e-05	   3.4781272e-04	  -1.1923753e-04	   2.8331102e-11	   1.9062639e+02	
   3.8811714e-04	  -7.8015037e-04	  -3.1369546e-04	   5.1699523e-04	   4.0059427e-11	   1.6259471e+02	
   7.2028419e-03	   1.5127809e-03	   4.5608785e-03	   9.6776082e-04	   3.9405953e-11	   1.6451981e+02	
  -5.4983873e-06	  -2.8732464e-04	  -6.7598504e-05	  -2.7753405e-04	   3.8463736e-11	   1.6682287e+02	
   1.4991978e-05	   3.2522295e-05	  -1.0480398e-04	  -3.3225359e-04	   4.0997845e-11	   1.6003048e+02	
  -4.1486799e-04	  -9.2579403e-04	  -1.6191444e-04	  -2.1861599e-04	   3.3722256e-11	   1.7866419e+02	
   2.3241519e-04	  -8.1984031e-05	   1.3961394e-04	  -6.5184644e-05	   3.5671278e-11	   1.7386194e+02	
   8.9980059e-04	  -7.3345554e-04	   4.4277417e-04	  -4.1472834e-04	   3.5572497e-11	   1.7416845e+02	
   2.6729071e-04	  -1.8246936e-04	   9.0791564e-05	  -9.7705231e-05	   3.6187978e-11	   1.7259811e+02	
   3.7274619e-04	   2.1184761e-04	  -2.3438392e-03	  -1.3813472e-03	   4.0929457e-11	   1.6032653e+02	
   1.0005890e-03	   5.8504641e-04	  -2.2971950e-04	  -1.0754950e-04	   4.3201417e-11	   1.5399055e+02	
  -1.5005405e-04	  -1.0453408e-04	   1.9197076e-03	   1.4310400e-03	   3.9162801e-11	   1.6509606e+02	
   4.4192341e-04	  -3.9918012e-04	  -4.9800572e-04	   3.9625528e-04	   3.6089197e-11	   1.7287239e+02	
   4.6138112e-04	  -1.2534115e-04	   9.2764265e-04	  -2.6964385e-04	   3.5082392e-11	   1.7529986e+02	
  -9.1001063e-04	   5.1353230e-04	  -2.0603934e-05	  -2.1889482e-06	   3.4428920e-11	   1.7690939e+02	
  -8.2143797e-05	   5.2756308e-04	  -1.4977065e-04	   8.4703598e-04	   3.6066401e-11	   1.7299235e+02	
   1.8411643e-04	   5.2768280e-05	  -5.8965752e-03	  -1.8776096e-03	   4.1696909e-11	   1.5836871e+02	
   3.4974010e-04	  -6.7844447e-04	   7.9367300e-05	  -2.7665750e-04	   3.4090785e-11	   1.7774990e+02	
  -1.0366906e-03	  -2.3397742e-04	   8.5406270e-03	   1.9415042e-03	   3.9124807e-11	   1.6527112e+02	
   1.2594171e-04	   2.1226819e-04	  -8.7273340e-06	   6.7108564e-05	   4.5876098e-11	   1.4628190e+02	
   2.3999010e-03	   3.6793107e-04	   1.0838086e-02	   1.6602797e-03	   5.2513410e-11	   1.2664773e+02	
  -2.6434100e-03	  -1.1303214e-03	   6.0702748e-04	   2.8471773e-04	   4.8345618e-11	   1.3910224e+02	
  -7.1194052e-04	  -4.5251848e-04	  -2.2115770e-04	  -1.0312062e-04	   4.3433172e-11	   1.5332784e+02	
  -2.2467455e-05	  -1.0667652e-04	  -4.8004706e-06	   1.8568406e-04	   4.5488573e-11	   1.4739038e+02	
   2.0175248e-03	   6.5247323e-04	  -3.9172170e-03	  -1.2597699e-03	   5.6643208e-11	   1.1333584e+02	
   3.0191183e-03	   9.9416762e-04	  -1.6633718e-03	  -5.3288908e-04	   5.4857555e-11	   1.1893858e+02	
   6.7732909e-04	   1.9468754e-04	   4.5127443e-04	   1.4823696e-04	   6.0674226e-11	   1.0024219e+02	
   2.7202597e-03	   9.6762179e-04	  -2.0028717e-04	  -5.3528723e-05	   5.6221491e-11	   1.1460058e+02	
  -6.4893744e-04	  -1.5578927e-04	  -4.4835827e-03	  -1.0388204e-03	   6.3793421e-11	   9.0237529e+01	
  -6.3189223e-04	   2.5094564e-05	  -3.1398562e-04	   5.0582594e-05	   7.2904053e-11	   5.3903915e+01	
