SDDS1
&description text="Twiss parameters--input: BYBL0.ele  lattice: BYBL.lte", contents="Twiss parameters", &end
&column name=x, units=m, type=double,  &end
&column name=xp, symbol=x', type=double,  &end
&column name=y, units=m, type=double,  &end
&column name=yp, symbol=y', type=double,  &end
&column name=t, units=s, type=double,  &end
&column name=p, units="m$be$nc", type=double,  &end
&data mode=ascii, &end
6063
  -1.2185764e-04	  -2.0033732e-05	   8.4330546e-05	  -4.8353597e-06	  -7.4180605e-12	   7.1526271e+01	
   2.5852229e-04	  -2.8645768e-05	  -5.8529662e-04	   6.6074928e-06	  -7.3496738e-12	   7.1550459e+01	
  -7.6332475e-04	  -6.4634355e-05	   3.6872397e-04	   3.7840612e-05	  -7.4256590e-12	   7.1557798e+01	
   5.5659597e-04	   6.5695606e-05	  -1.6443282e-04	  -4.7119206e-05	  -7.3553727e-12	   7.1603079e+01	
  -1.0439967e-03	  -2.0394981e-05	   6.1883744e-05	   2.3642847e-05	  -7.3876664e-12	   7.1535788e+01	
  -7.2234782e-04	  -2.2258192e-04	  -4.7078671e-04	  -1.0180688e-04	  -7.4579528e-12	   7.1482160e+01	
  -4.9511703e-04	  -2.1131234e-04	  -3.9068756e-04	   2.7720432e-05	  -7.4066628e-12	   7.1522231e+01	
  -3.2424948e-04	   7.5441075e-05	   6.6364886e-05	   6.2506127e-05	  -7.3876664e-12	   7.1570960e+01	
   4.0252974e-04	  -1.0980570e-04	  -1.5920733e-04	   1.5896017e-05	  -7.4104620e-12	   7.1483640e+01	
  -6.1043258e-04	  -2.1214754e-04	  -6.7199034e-04	  -1.2197415e-04	  -7.5529344e-12	   7.1477166e+01	
   5.4030740e-04	   1.6237880e-04	   3.8481402e-04	  -2.2075663e-05	  -7.5662318e-12	   7.1507993e+01	
  -4.3395123e-04	   8.5576054e-05	   3.9851232e-04	   4.6919356e-05	  -7.4313580e-12	   7.1542255e+01	
  -5.6604045e-04	  -1.3476503e-04	   7.1574653e-04	   2.3909562e-04	  -7.5130421e-12	   7.1501648e+01	
   1.2336478e-03	   8.4996713e-05	   5.8644968e-04	   2.7348259e-05	  -7.4066628e-12	   7.1546002e+01	
   3.3858151e-04	  -5.0536823e-06	   6.0589029e-04	  -8.6985757e-05	  -7.3762687e-12	   7.1554477e+01	
   5.1486266e-04	  -2.3915717e-05	   7.4879760e-04	  -3.5030137e-05	  -7.3553727e-12	   7.1562936e+01	
   4.5153883e-04	  -7.7724935e-05	   2.7173264e-04	  -5.7521992e-05	  -7.5586333e-12	   7.1434559e+01	
  -6.8114812e-04	  -2.5796924e-04	   1.3203637e-04	   5.3889916e-05	  -7.3458746e-12	   7.1565801e+01	
  -2.0625524e-03	  -3.0605834e-04	   1.6981067e-03	   2.5263932e-04	  -7.4047631e-12	   7.1481624e+01	
  -1.9145346e-04	  -1.3115257e-04	  -6.2170355e-05	   5.1844055e-06	  -7.7637935e-12	   7.1419411e+01	
  -3.1411697e-05	  -1.4653732e-04	  -1.4394571e-04	  -1.0573227e-05	  -7.5985255e-12	   7.1402671e+01	
   6.1977261e-04	   1.7575237e-04	   1.2431694e-04	  -4.4909199e-05	  -7.6403175e-12	   7.1383873e+01	
   7.9526914e-04	   2.5575499e-04	   9.0859909e-05	  -3.5864635e-05	  -7.4997447e-12	   7.1422158e+01	
   5.8852864e-04	   1.8386351e-04	  -3.0337212e-04	  -1.8118822e-04	  -7.4959454e-12	   7.1445251e+01	
   3.8199892e-04	  -5.6860417e-05	  -4.1676817e-04	  -8.1374145e-05	  -7.7675927e-12	   7.1421471e+01	
  -1.2991347e-04	   5.3767951e-06	   6.9029855e-06	   1.5468349e-05	  -7.9632547e-12	   7.1423883e+01	
   1.7187341e-04	   4.2625323e-05	   2.5319670e-04	   2.4945163e-05	  -7.6080237e-12	   7.1331932e+01	
   6.9787842e-04	   7.4197148e-05	   1.1220837e-03	   9.5229402e-05	  -7.5985255e-12	   7.1509717e+01	
  -4.1915453e-04	  -7.2004242e-05	   4.2439534e-04	   8.8603350e-05	  -7.3268782e-12	   7.1325303e+01	
   5.0314785e-04	  -4.1756194e-05	  -4.3877648e-04	  -4.4375913e-06	  -7.5472354e-12	   7.1538051e+01	
   1.1656585e-04	  -2.2946982e-05	  -8.3982428e-05	  -2.3497834e-05	  -7.8929684e-12	   7.1356772e+01	
  -7.3160793e-04	  -1.0746373e-04	  -3.0391170e-03	  -3.2460768e-04	  -7.5244399e-12	   7.1426063e+01	
   1.6310417e-03	   3.2874806e-04	  -3.8959277e-04	  -1.2318664e-04	  -7.4294584e-12	   7.1401567e+01	
  -1.7305403e-03	  -2.2546282e-04	  -2.8965406e-03	  -3.4560845e-04	  -7.3477742e-12	   7.1483049e+01	
   1.1042002e-03	   2.3548375e-04	   1.4209553e-03	   2.6989272e-04	  -7.4712502e-12	   7.1511128e+01	
   5.3303198e-04	   2.4369043e-04	   2.7872060e-04	   3.8287964e-05	  -7.4180605e-12	   7.1561973e+01	
   6.7440236e-05	  -1.0705998e-04	  -1.4648753e-04	  -1.3766982e-05	  -7.7751912e-12	   7.1350462e+01	
   1.6111927e-04	  -7.5869341e-06	  -7.3230540e-04	  -1.7650315e-04	  -7.7504960e-12	   7.1339906e+01	
  -1.2307500e-03	  -2.1596890e-04	  -6.8165255e-04	  -9.2406076e-05	  -7.5263395e-12	   7.1298097e+01	
  -6.4965094e-04	   5.4836741e-05	   5.0512640e-04	  -2.0631204e-05	  -7.4636517e-12	   7.1544517e+01	
   1.1891585e-04	   1.5313725e-04	   2.3685784e-05	  -1.0716363e-04	  -7.6441167e-12	   7.1447304e+01	
   8.8514437e-04	   1.7574902e-04	  -1.9034475e-04	  -5.5357962e-05	  -7.5643322e-12	   7.1300837e+01	
   1.0562183e-04	   1.0134263e-04	  -1.4997550e-05	  -1.0916185e-05	  -7.7466968e-12	   7.1321951e+01	
  -2.6343276e-04	  -1.1818899e-04	  -3.4926537e-05	   5.6926166e-06	  -7.7789905e-12	   7.1328460e+01	
   1.5928748e-04	  -1.1281709e-05	   7.8138089e-05	  -2.2319881e-05	  -8.0449389e-12	   7.1345521e+01	
  -9.3701564e-05	   6.8709012e-06	   1.4866718e-03	   3.4769936e-04	  -7.3933653e-12	   7.1559591e+01	
   8.0301580e-04	   2.9087640e-05	  -2.4716122e-04	  -2.8072271e-05	  -7.8055853e-12	   7.1501290e+01	
  -2.1298754e-04	  -4.5048249e-05	   8.5464012e-05	   6.8286635e-05	  -7.9613551e-12	   7.1261835e+01	
   4.7273675e-05	   4.1979826e-05	   2.0466354e-04	  -8.0579079e-05	  -7.9803514e-12	   7.1324877e+01	
   3.3995724e-05	   1.1060062e-05	   2.2106016e-04	   8.9727878e-05	  -8.0582363e-12	   7.1337667e+01	
  -1.5429177e-04	  -2.0208112e-05	  -6.9174954e-05	   1.1460448e-04	  -7.9176636e-12	   7.1309513e+01	
  -1.8491534e-03	  -2.8808635e-04	   1.2336884e-03	   1.9385101e-04	  -7.7542952e-12	   7.1387650e+01	
  -4.6648400e-05	  -5.3103105e-05	  -4.5237647e-04	  -2.0872011e-04	  -7.8131838e-12	   7.1346282e+01	
  -5.6010532e-04	   3.5667342e-06	   1.1923266e-03	   2.8268589e-06	  -7.5016443e-12	   7.1535260e+01	
   3.0477907e-04	   2.6919383e-05	   1.3710637e-03	   4.9870812e-05	  -7.3420753e-12	   7.1589991e+01	
  -6.1462092e-04	   2.3454436e-05	  -1.0284806e-04	   2.7730476e-05	  -8.0069463e-12	   7.1398125e+01	
   3.4497434e-05	  -4.6348284e-05	  -3.5170694e-04	  -5.6622938e-05	  -8.0924297e-12	   7.1272026e+01	
   2.6290226e-04	   5.0468468e-06	  -1.5878195e-03	  -1.1159706e-04	  -7.5415365e-12	   7.1541388e+01	
   1.0864007e-04	  -2.1171698e-06	  -8.1536395e-04	  -5.7874461e-05	  -7.9271617e-12	   7.1478600e+01	
  -1.1269074e-03	  -1.5420944e-04	   1.8528011e-03	   3.1046834e-04	  -7.6289196e-12	   7.1252995e+01	
  -1.6249048e-04	  -5.7728293e-05	  -6.2610091e-04	  -9.0244345e-05	  -6.4055570e-12	   7.1655534e+01	
   4.2099790e-04	  -3.6822430e-06	  -2.4099622e-04	  -1.3810972e-05	  -6.5822227e-12	   7.1639834e+01	
  -3.7539563e-04	  -4.7906660e-05	   5.4756856e-04	   5.9665498e-05	  -6.4891408e-12	   7.1650539e+01	
  -8.1803742e-04	  -8.6465935e-05	   2.8278640e-04	   3.3650654e-05	  -6.6316132e-12	   7.1633487e+01	
  -7.1345406e-04	  -5.7793838e-05	   2.1320070e-04	   1.5812003e-05	  -6.9165578e-12	   7.1603079e+01	
   2.5520870e-04	   9.6696556e-06	   1.0883237e-03	   5.7399889e-05	  -6.6506094e-12	   7.1600010e+01	
   8.6733943e-05	   2.0880586e-06	  -1.1647272e-03	  -8.3101938e-05	  -6.7094980e-12	   7.1613837e+01	
  -5.9919159e-04	  -1.0139609e-04	   1.1260762e-04	   3.4577163e-05	  -6.5024382e-12	   7.1656460e+01	
  -6.0931283e-04	  -6.3332516e-05	  -2.1218909e-04	  -1.9653397e-05	  -6.8139778e-12	   7.1628582e+01	
   3.6186618e-04	   1.8286983e-05	  -2.9056856e-04	  -5.5308685e-05	  -6.8538700e-12	   7.1642865e+01	
  -1.1238731e-03	   6.9382050e-05	   8.5322718e-04	   1.3296966e-05	  -6.5784235e-12	   7.1595739e+01	
  -2.0988998e-04	   5.3463033e-05	   1.4654064e-03	  -1.9764123e-05	  -6.5005386e-12	   7.1613906e+01	
   1.1357204e-04	   8.6382725e-05	   7.5515317e-04	  -1.3635208e-04	  -6.6639069e-12	   7.1578270e+01	
   4.5565193e-04	  -3.7631741e-05	  -8.9573485e-04	  -3.2986825e-06	  -6.5765239e-12	   7.1629142e+01	
   4.0216015e-04	   3.0893631e-05	   3.0029469e-04	  -1.9803067e-04	  -6.7284944e-12	   7.1573238e+01	
   5.7268881e-04	  -8.1774584e-06	   5.8836496e-04	  -1.1239932e-04	  -6.6297135e-12	   7.1595291e+01	
   1.1738750e-03	   8.7359661e-05	   4.1069454e-04	   1.4307206e-05	  -6.7911822e-12	   7.1606296e+01	
   3.9142524e-04	  -7.6691741e-05	   4.1952482e-05	  -1.5944270e-04	  -6.6525091e-12	   7.1576710e+01	
   9.5909489e-04	  -1.6367505e-05	   5.6369631e-04	  -7.1545469e-05	  -6.5746242e-12	   7.1605946e+01	
   2.1383483e-05	  -2.3925884e-05	  -9.7940033e-04	  -1.4133336e-04	  -6.7436914e-12	   7.1637229e+01	
   2.0613684e-03	   2.1021647e-04	   3.4129555e-04	  -1.7127976e-05	  -6.4378507e-12	   7.1621773e+01	
   1.2890407e-03	   1.2235541e-04	  -1.0447953e-03	  -1.3374470e-04	  -6.4074566e-12	   7.1644290e+01	
   2.0664881e-04	   2.0215398e-04	   2.8280855e-04	  -1.2048711e-04	  -6.6525091e-12	   7.1555536e+01	
  -1.8545515e-04	  -3.5818571e-05	  -1.6719528e-03	  -1.5452072e-04	  -6.5955202e-12	   7.1629412e+01	
   1.2872850e-03	   9.8158957e-05	  -9.4463547e-04	  -1.0816449e-04	  -6.5955202e-12	   7.1630465e+01	
   6.3969844e-04	   1.3868884e-05	   2.9667592e-04	  -3.2531598e-05	  -6.4663452e-12	   7.1566376e+01	
   1.3989863e-03	   6.6622388e-05	   9.3745323e-04	   9.7871609e-06	  -6.3903600e-12	   7.1632720e+01	
  -1.3944999e-04	  -2.4543674e-05	  -1.7595972e-03	  -1.1273561e-04	  -6.5195349e-12	   7.1628813e+01	
   5.2850667e-05	   9.0347715e-05	   5.1375995e-04	  -1.3400454e-04	  -6.5822227e-12	   7.1578845e+01	
  -3.7505043e-05	   7.4820603e-07	   3.9389303e-04	   7.4097186e-05	  -6.9355542e-12	   7.1641237e+01	
   8.6724122e-04	   1.8837297e-05	   9.6341307e-04	  -8.9984863e-05	  -6.6829032e-12	   7.1584272e+01	
  -1.3941340e-03	   2.8687943e-06	   6.4677926e-04	   3.5988576e-05	  -6.4530478e-12	   7.1614741e+01	
   1.1080704e-03	  -4.1661927e-05	   1.3132621e-04	  -1.0414024e-04	  -6.6962006e-12	   7.1600123e+01	
   1.3396593e-04	   1.0282088e-04	   6.4144845e-04	  -1.4383363e-04	  -6.7151970e-12	   7.1565899e+01	
  -1.3160450e-03	   7.0167942e-06	   6.9210017e-04	   3.6752835e-05	  -6.4834419e-12	   7.1614412e+01	
   6.2983212e-04	   2.9974958e-05	  -4.0942462e-04	  -4.4156090e-05	  -7.1065210e-12	   7.1601818e+01	
   1.2611513e-03	   1.3313438e-04	  -6.4937962e-04	  -6.8595592e-05	  -6.4682448e-12	   7.1647136e+01	
   1.2723496e-03	   1.1305861e-04	   4.6426801e-04	   3.2998714e-05	  -6.5024382e-12	   7.1646059e+01	
   4.2412044e-04	   6.9736324e-05	   1.8437923e-03	   1.7213042e-04	  -6.3941593e-12	   7.1636139e+01	
   7.5545502e-04	  -7.7300528e-05	  -1.0104897e-03	  -3.2873208e-05	  -6.8082789e-12	   7.1579368e+01	
   4.6251764e-04	   9.5332187e-05	  -7.2703955e-04	  -2.6074500e-04	  -6.7474907e-12	   7.1550220e+01	
   1.4519427e-03	   8.1217996e-05	   6.7280362e-04	  -4.0103004e-05	  -6.6297135e-12	   7.1617197e+01	
   1.4680541e-03	   1.8884783e-04	   1.2968564e-03	   1.2398060e-04	  -6.4283526e-12	   7.1629001e+01	
   1.4368324e-04	  -1.2101225e-04	  -9.1308316e-04	   3.8507341e-05	  -6.8443719e-12	   7.1579808e+01	
  -4.1722323e-04	  -1.0035953e-04	  -2.2232566e-04	  -3.2905897e-05	  -6.3998581e-12	   7.1671430e+01	
   2.1186472e-04	  -1.1078723e-05	  -1.5957014e-03	  -4.7310920e-05	  -6.6088176e-12	   7.1614099e+01	
  -1.4926757e-04	  -2.1543913e-05	   1.9064127e-03	   2.1627941e-04	  -6.7740856e-12	   7.1597667e+01	
   9.7896290e-04	  -7.8570917e-05	  -3.2174965e-04	  -9.8326159e-05	  -6.8481711e-12	   7.1577389e+01	
   5.2423922e-04	  -9.2777043e-05	  -2.4989824e-04	  -5.4666062e-05	  -6.8405726e-12	   7.1614054e+01	
  -9.0402308e-04	   8.5843300e-05	  -2.3694951e-04	   6.3524281e-05	  -6.5974198e-12	   7.1579293e+01	
   9.3546958e-05	  -2.6085230e-05	  -1.1440326e-03	   2.9252785e-05	  -6.8006803e-12	   7.1594039e+01	
  -8.9306193e-04	  -8.3927958e-05	  -1.4611696e-03	  -1.2211567e-04	  -6.4815423e-12	   7.1640900e+01	
  -5.9567849e-04	  -2.8919852e-05	  -7.7783143e-04	  -3.7005874e-05	  -7.0153387e-12	   7.1561254e+01	
   1.5752111e-03	   1.2409607e-04	   1.1991513e-04	  -1.5284481e-05	  -6.3751629e-12	   7.1650502e+01	
  -6.5483759e-04	   3.4032119e-05	  -7.2114100e-04	   7.9406889e-05	  -6.7094980e-12	   7.1578105e+01	
   1.4119784e-03	   7.8474567e-05	  -1.5793172e-05	  -3.0372533e-05	  -6.4758434e-12	   7.1646948e+01	
  -5.9091177e-05	  -1.1525659e-04	  -5.6196021e-04	  -2.0473565e-04	  -7.0324354e-12	   7.1573678e+01	
  -4.7646119e-04	  -3.0269447e-05	  -1.1371422e-03	   6.3062083e-05	  -6.7949814e-12	   7.1549870e+01	
  -9.7747537e-04	   4.0377929e-05	  -3.0871000e-04	   4.5767019e-05	  -6.7987807e-12	   7.1579710e+01	
   1.2865166e-03	   1.1736697e-04	   6.1655490e-04	   5.5283269e-05	  -6.8576692e-12	   7.1605378e+01	
   1.2176129e-03	  -5.5359081e-05	  -5.1752543e-04	   1.1613041e-05	  -6.6867025e-12	   7.1590925e+01	
  -8.2858699e-04	   2.8676993e-06	  -4.5801149e-04	   4.4033453e-05	  -6.6145164e-12	   7.1637990e+01	
   1.0612308e-03	   2.2131734e-05	   7.7602612e-04	  -8.8088413e-05	  -6.7816840e-12	   7.1557538e+01	
  -4.9411758e-04	  -2.4852810e-05	  -1.1457246e-03	  -2.8685649e-05	  -6.8842641e-12	   7.1608015e+01	
   3.3429825e-04	   3.6500277e-05	  -8.5144555e-04	  -1.0635852e-04	  -6.4891408e-12	   7.1665398e+01	
  -1.4265939e-03	   4.0479527e-05	   2.4903095e-04	   4.6774866e-05	  -6.6924014e-12	   7.1587551e+01	
  -3.8633044e-04	  -8.9495455e-05	  -1.7427705e-03	  -2.5613824e-04	  -6.3732633e-12	   7.1641775e+01	
   1.6689666e-04	  -1.5123660e-04	  -4.5261552e-04	  -2.1111541e-04	  -6.7816840e-12	   7.1549907e+01	
  -6.6297608e-04	  -9.6737005e-05	  -1.0236432e-03	  -1.3233888e-04	  -6.3561665e-12	   7.1660754e+01	
  -1.0866568e-05	  -9.8185917e-05	  -1.2699215e-04	  -1.8738929e-04	  -6.9013608e-12	   7.1572535e+01	
  -4.9814832e-05	   3.8665597e-07	   2.1571964e-03	   1.4595536e-04	  -6.3599659e-12	   7.1617168e+01	
   5.7793052e-04	  -1.3791498e-04	  -6.8810543e-04	  -4.2574766e-05	  -6.8595689e-12	   7.1568177e+01	
  -8.7107832e-04	  -8.2696647e-05	  -1.2513764e-03	  -6.8588145e-05	  -7.0723277e-12	   7.1566862e+01	
   2.8540502e-04	   6.9614138e-05	   4.6500767e-04	  -9.2571189e-05	  -6.9165578e-12	   7.1605826e+01	
  -1.1693031e-03	  -7.9951596e-05	  -1.5118459e-03	  -3.7042949e-05	  -6.7170966e-12	   7.1598503e+01	
  -8.8646571e-04	  -1.1865071e-04	  -1.2040899e-03	  -1.1196105e-04	  -6.9773460e-12	   7.1598293e+01	
  -4.1948258e-04	   7.5794257e-05	   7.6472896e-04	   1.5015535e-05	  -6.3580663e-12	   7.1651115e+01	
  -1.7106915e-03	  -2.0742782e-04	   2.5902765e-04	   5.1302735e-05	  -6.3751629e-12	   7.1646038e+01	
  -6.7827764e-04	  -7.6619535e-05	  -1.2864204e-03	  -8.5002192e-05	  -7.0723277e-12	   7.1577927e+01	
  -4.5659113e-04	   9.6361076e-07	  -7.7940223e-04	   3.8248641e-05	  -6.7322936e-12	   7.1629179e+01	
  -3.2280951e-04	  -3.5245460e-05	  -1.1251027e-04	   7.5916752e-06	  -6.9222567e-12	   7.1649404e+01	
   1.5872797e-03	   1.5552521e-04	  -5.6275596e-04	  -1.0624509e-04	  -6.6468102e-12	   7.1629457e+01	
   1.3743063e-03	   1.4728401e-04	   5.6024535e-04	   3.7304276e-05	  -6.5328323e-12	   7.1643171e+01	
  -8.7007348e-05	   2.7134297e-05	   1.8372381e-03	   2.0393123e-04	  -6.3789622e-12	   7.1646232e+01	
   1.5653660e-03	  -4.2381199e-05	  -7.4037594e-05	  -1.8346681e-05	  -6.4378507e-12	   7.1596651e+01	
  -2.2088117e-04	  -1.7450378e-05	   6.9931599e-04	   1.2817310e-04	  -6.5765239e-12	   7.1661202e+01	
   4.3765367e-04	   6.5429393e-05	   1.5136900e-03	   1.0289589e-04	  -6.4245534e-12	   7.1649412e+01	
   6.4045835e-05	   4.2960516e-05	   6.8453567e-04	  -6.0183257e-05	  -6.6316132e-12	   7.1638789e+01	
   1.5227198e-03	   1.6131824e-04	   3.4099510e-04	  -1.4031009e-05	  -6.4530478e-12	   7.1650025e+01	
   1.2440950e-03	   5.0878944e-05	  -1.5923569e-03	  -1.4778095e-04	  -6.7854833e-12	   7.1593254e+01	
  -8.1972669e-04	  -6.9801606e-05	   1.5205343e-03	   2.0780141e-04	  -6.4701445e-12	   7.1641902e+01	
  -2.0255652e-04	   1.5373513e-05	   1.1801630e-03	  -1.0247564e-05	  -6.6772043e-12	   7.1623513e+01	
   1.3827941e-03	   5.3065271e-05	  -1.0105109e-03	  -5.1976552e-05	  -6.6981003e-12	   7.1578360e+01	
  -4.8200047e-04	   8.3486236e-06	   1.4588500e-03	   1.1728872e-04	  -6.8462715e-12	   7.1609261e+01	
  -5.2369500e-04	  -1.9002302e-05	  -9.7767403e-04	   8.3866718e-06	  -6.3523673e-12	   7.1657826e+01	
  -1.0323588e-03	  -1.4212854e-04	  -2.2315519e-03	  -2.1795527e-04	  -6.3542669e-12	   7.1627919e+01	
   5.6618658e-04	   1.8539013e-05	  -2.3256159e-03	  -2.4872784e-04	  -6.4682448e-12	   7.1620057e+01	
   9.7116706e-04	   8.5749433e-05	   1.8943323e-03	   8.5582328e-05	  -6.5176353e-12	   7.1618988e+01	
   1.0121762e-04	  -2.5019646e-05	  -1.0931897e-03	  -1.7088646e-04	  -6.3998581e-12	   7.1664404e+01	
  -1.0858548e-03	  -1.8031734e-04	  -2.4398706e-04	   1.5959115e-08	  -6.4112559e-12	   7.1662589e+01	
  -3.1108114e-04	   4.2194176e-05	  -7.4614873e-04	   9.8617812e-05	  -6.7778848e-12	   7.1560830e+01	
  -9.9363605e-05	  -4.8697513e-05	  -1.3557185e-03	  -1.7761154e-04	  -6.4682448e-12	   7.1656088e+01	
  -1.0113852e-03	  -4.3813573e-05	  -8.1680787e-04	  -1.2948568e-05	  -6.5480294e-12	   7.1646942e+01	
   1.2311540e-03	   1.5367703e-04	   8.5428255e-04	   6.5182428e-05	  -6.3656648e-12	   7.1657335e+01	
   1.4319464e-04	  -4.5149603e-06	   1.3947697e-03	  -4.5136751e-05	  -6.6905017e-12	   7.1585877e+01	
  -7.8492875e-04	   7.8431682e-05	   7.1344452e-04	  -7.8182277e-05	  -6.6126168e-12	   7.1566085e+01	
   1.5080862e-04	  -9.0039137e-06	  -9.2508485e-04	   5.0759621e-05	  -6.8652679e-12	   7.1604453e+01	
  -1.2986011e-03	  -4.1219927e-05	   2.1406902e-04	   2.7877793e-05	  -6.5689253e-12	   7.1643298e+01	
   2.7299314e-04	   4.5062740e-05	   6.2473739e-04	  -6.9869415e-05	  -7.0742273e-12	   7.1583198e+01	
  -5.3905005e-04	  -2.7769741e-05	  -1.1396685e-03	  -4.3864172e-05	  -6.9735468e-12	   7.1606282e+01	
  -1.2728102e-03	  -9.6491397e-05	  -7.4522307e-04	  -3.9137508e-05	  -6.7759852e-12	   7.1627359e+01	
  -1.4816112e-04	   8.4847629e-05	   7.6478148e-04	  -3.0180766e-05	  -6.8785652e-12	   7.1612845e+01	
   1.8129953e-03	   3.1943210e-04	   1.1059702e-03	   1.7290749e-04	  -7.0856250e-12	   7.1507388e+01	
  -4.0714483e-04	  -6.6339636e-05	  -1.3869246e-03	  -1.3079159e-04	  -6.5556279e-12	   7.1652361e+01	
   7.4863767e-04	   4.8186694e-05	  -1.3690241e-03	  -1.1045242e-04	  -6.5575275e-12	   7.1648606e+01	
  -2.9495927e-03	  -3.8671207e-04	  -1.3668686e-03	  -1.6842314e-04	  -6.8709667e-12	   7.1537602e+01	
  -1.4151166e-03	  -7.2590204e-05	   1.5397024e-04	   4.9444149e-05	  -6.3922596e-12	   7.1657499e+01	
  -1.1904962e-03	  -7.8048809e-05	   1.0697000e-03	   9.9922262e-05	  -6.6715054e-12	   7.1634017e+01	
   3.4478334e-04	   4.7447261e-05	   1.3286783e-03	   2.5456223e-05	  -6.5271334e-12	   7.1645367e+01	
   7.4343910e-04	  -3.1527325e-06	   3.3173690e-04	  -9.1153752e-05	  -6.4625459e-12	   7.1651011e+01	
   2.8999430e-04	   9.9220713e-06	  -1.3484407e-04	  -1.8932771e-04	  -7.0894243e-12	   7.1584646e+01	
  -7.0910687e-04	   6.3323935e-05	   8.8557931e-05	   4.4524682e-05	  -7.1198184e-12	   7.1575350e+01	
   4.2612893e-04	  -1.1537891e-04	  -6.5562437e-05	  -2.1753398e-05	  -7.0153387e-12	   7.1600585e+01	
   2.4973464e-04	  -4.9329226e-05	   2.4392937e-04	  -5.8409393e-05	  -6.7113976e-12	   7.1511569e+01	
  -6.5975199e-04	   7.7288447e-05	  -2.2379666e-04	   4.0689321e-05	  -7.0647291e-12	   7.1563219e+01	
  -4.9700233e-04	  -1.6408134e-04	  -8.4404138e-04	  -2.4938861e-04	  -7.1217180e-12	   7.1550997e+01	
   1.2538699e-04	  -2.0659378e-07	  -7.2415670e-04	   7.1989319e-05	  -7.0400338e-12	   7.1589065e+01	
  -8.9094567e-04	   7.7923690e-05	  -2.2357339e-04	   3.1817913e-05	  -6.9374538e-12	   7.1561090e+01	
  -1.2798946e-03	  -9.4409324e-05	   1.9652959e-04	   3.9344393e-05	  -6.7550892e-12	   7.1639386e+01	
  -9.2954608e-04	  -2.8411071e-05	  -6.3870450e-04	  -5.0219299e-06	  -6.9355542e-12	   7.1620235e+01	
  -2.5557292e-04	   2.5916265e-05	   1.0876553e-03	  -5.7348496e-06	  -7.0381342e-12	   7.1584646e+01	
   7.6747616e-04	   5.8407978e-05	  -1.8390967e-03	  -1.5476333e-04	  -6.4986389e-12	   7.1638213e+01	
   1.2610240e-06	  -2.0606287e-05	  -1.5123145e-03	  -1.2873424e-04	  -6.3960589e-12	   7.1665502e+01	
  -1.8694076e-04	   2.7531840e-05	   1.6317828e-03	   1.7840397e-04	  -6.5461298e-12	   7.1646815e+01	
   7.9196450e-04	   1.2718139e-04	   1.3219796e-03	   1.3212316e-04	  -6.7740856e-12	   7.1626476e+01	
  -1.1011594e-03	  -1.7196738e-04	  -2.0327726e-03	  -2.3718411e-04	  -6.6012191e-12	   7.1620826e+01	
   9.9388627e-04	   2.6234250e-05	  -9.4322612e-04	  -6.4386006e-05	  -6.3694640e-12	   7.1664300e+01	
   9.8664654e-04	   7.2315240e-06	  -5.1584361e-04	  -5.2496197e-05	  -6.7816840e-12	   7.1638646e+01	
   2.6403290e-04	  -5.5497008e-05	  -7.0161989e-04	   1.1647534e-04	  -6.8424722e-12	   7.1549101e+01	
   1.6756343e-03	   5.7420223e-05	   2.1935111e-04	  -5.4059953e-05	  -7.1787070e-12	   7.1514451e+01	
   1.1489418e-03	   3.6053409e-05	   7.4578727e-04	   2.3940140e-06	  -6.7474907e-12	   7.1630942e+01	
  -5.3312405e-04	  -8.8671867e-05	  -1.6666025e-03	  -1.5192725e-04	  -6.8139778e-12	   7.1624850e+01	
   4.5369224e-04	   5.3138700e-05	   1.9572250e-03	   2.3107369e-04	  -6.4606463e-12	   7.1641783e+01	
  -4.0956951e-04	  -7.8391310e-05	  -9.4711748e-04	   5.0223888e-05	  -7.2508930e-12	   7.1486349e+01	
  -1.3938394e-03	  -3.1723482e-05	  -7.6397351e-05	   1.1515667e-05	  -6.5556279e-12	   7.1645239e+01	
  -1.3266353e-03	  -2.9588023e-05	  -2.0619899e-04	   4.9764969e-06	  -6.6221150e-12	   7.1642343e+01	
   6.5519330e-04	   9.8055917e-05	  -1.1048991e-03	  -3.2460078e-04	  -6.7075984e-12	   7.1471365e+01	
  -1.9978535e-04	  -1.1884524e-04	  -1.4964943e-03	  -3.4454767e-04	  -6.6563084e-12	   7.1469648e+01	
   1.5049412e-03	   1.5054738e-04	  -9.3431478e-04	  -1.5531915e-04	  -6.5005386e-12	   7.1649666e+01	
  -4.8037263e-04	   2.2067798e-05	   1.2549604e-03	   3.8581469e-05	  -6.5822227e-12	   7.1646030e+01	
   1.2829585e-03	   1.0178370e-04	   4.2466401e-04	  -4.1929542e-05	  -6.4777430e-12	   7.1657542e+01	
   4.1660105e-04	   1.3767488e-04	   3.1093972e-04	  -1.2103583e-04	  -7.2926849e-12	   7.1503319e+01	
  -9.2416133e-04	   1.7118359e-05	   9.9826184e-04	   7.0094900e-05	  -7.2926849e-12	   7.1527106e+01	
   1.4320772e-03	   1.1473752e-04	   5.0146072e-04	  -3.5960199e-05	  -6.5765239e-12	   7.1646725e+01	
  -1.0203605e-03	  -4.8496409e-05	  -7.0688901e-04	   4.0913500e-05	  -7.2091011e-12	   7.1562621e+01	
   7.8094450e-04	  -4.6876741e-05	   4.0436631e-04	  -5.3980870e-05	  -7.1065210e-12	   7.1583705e+01	
   9.7607488e-05	   1.5377998e-04	   3.5330763e-04	  -7.9978376e-05	  -6.6487098e-12	   7.1639826e+01	
  -4.7442290e-04	  -1.0961365e-04	   8.3105626e-04	   2.5488378e-04	  -7.2774878e-12	   7.1558008e+01	
  -1.4691138e-03	  -9.0643354e-05	   8.9625234e-04	   8.7819845e-05	  -6.5119364e-12	   7.1651213e+01	
  -1.1583631e-03	  -3.2783194e-04	  -6.3055699e-04	  -1.4629280e-04	  -6.6202153e-12	   7.1625791e+01	
  -1.2455360e-03	  -1.1250631e-04	  -8.7202025e-04	  -6.5746771e-05	  -7.0153387e-12	   7.1611463e+01	
   1.0172022e-03	   7.9010659e-05	  -1.1873195e-03	  -1.1120701e-04	  -7.0267365e-12	   7.1606147e+01	
  -1.8492470e-04	  -7.7727008e-05	  -1.4904712e-03	  -3.3720064e-04	  -7.2641904e-12	   7.1533721e+01	
  -3.4350349e-04	  -5.7420663e-06	  -9.9713733e-04	   2.2154310e-05	  -6.7113976e-12	   7.1643351e+01	
  -5.6175082e-04	   6.4013412e-05	   2.1919709e-04	  -1.1705616e-05	  -7.3097816e-12	   7.1491494e+01	
  -1.0714589e-03	  -3.1306253e-04	  -4.2562777e-04	  -9.6876555e-05	  -6.9659483e-12	   7.1600444e+01	
   3.6998750e-04	   7.9397755e-05	   1.2463796e-03	   1.5209536e-05	  -6.6924014e-12	   7.1640460e+01	
  -3.9088211e-04	   7.5982137e-05	   2.8857761e-04	  -2.9211115e-05	  -7.2660900e-12	   7.1472516e+01	
  -1.5815101e-03	  -1.3409111e-04	   3.4921924e-04	   8.5496036e-05	  -6.6658065e-12	   7.1645449e+01	
  -2.6491528e-03	  -3.6745322e-04	   2.3474806e-03	   3.2151491e-04	  -6.6620073e-12	   7.1574217e+01	
  -1.4089669e-03	  -1.0367278e-04	   7.7298711e-04	   1.2154841e-04	  -6.5100368e-12	   7.1657505e+01	
  -9.6954967e-04	  -1.8053001e-04	   1.4605994e-03	   2.8333970e-04	  -7.1198184e-12	   7.1457068e+01	
  -6.7838575e-04	   2.2368441e-05	  -5.6331297e-04	   4.9743581e-05	  -7.2641904e-12	   7.1558119e+01	
  -1.0908991e-03	  -3.9625005e-05	   1.0579409e-03	   6.4814992e-05	  -6.9621490e-12	   7.1611813e+01	
   1.5722244e-03	   2.1219146e-04	   3.1610081e-04	   2.2250094e-05	  -6.9165578e-12	   7.1621078e+01	
  -4.8726084e-04	   1.1613346e-04	   4.3067528e-04	   4.9459967e-05	  -6.7360928e-12	   7.1639722e+01	
  -3.8179952e-04	  -8.0806268e-06	   1.2730394e-03	   3.4731894e-05	  -7.2584915e-12	   7.1558111e+01	
   4.6458882e-04	   5.9014654e-05	   1.0574945e-03	   1.5951347e-05	  -6.5841223e-12	   7.1660589e+01	
  -1.1633507e-03	  -5.9563180e-05	   8.8924090e-04	   5.9528630e-05	  -7.1920044e-12	   7.1585527e+01	
  -3.9663504e-04	   6.3986579e-06	   1.1148813e-03	  -5.8547912e-06	  -7.0951232e-12	   7.1600309e+01	
  -4.1463836e-04	   6.2371163e-05	   5.6250172e-04	  -4.4635354e-05	  -6.9697475e-12	   7.1625842e+01	
  -1.6141009e-03	  -1.1489959e-04	   5.5478568e-04	   4.8839099e-05	  -6.4112559e-12	   7.1666531e+01	
  -1.0060329e-03	  -1.7694643e-05	   1.0978637e-03	   7.1676540e-05	  -6.7227955e-12	   7.1645680e+01	
  -1.0960207e-03	  -7.1250489e-05	   7.4401582e-04	   9.0812898e-05	  -6.9089593e-12	   7.1638542e+01	
   1.9377827e-04	  -9.7755740e-05	  -2.1543162e-04	   1.0597619e-04	  -6.8975616e-12	   7.1633367e+01	
   9.5921998e-04	   7.5792016e-05	   1.2439184e-03	   9.0917344e-05	  -7.3078819e-12	   7.1564130e+01	
   7.9218817e-04	  -7.4414374e-05	  -5.1632371e-05	  -1.4899259e-05	  -7.2660900e-12	   7.1582443e+01	
   1.2100839e-03	   1.0195806e-04	   9.7622553e-04	   1.8778821e-06	  -6.7588885e-12	   7.1640417e+01	
  -6.8783584e-04	  -6.1890836e-05	   3.9429190e-04	   5.0034684e-05	  -7.2755882e-12	   7.1618616e+01	
  -2.0077874e-04	  -2.5364439e-05	  -1.3320960e-03	  -2.6999375e-05	  -6.8082789e-12	   7.1643887e+01	
  -5.0686492e-04	  -1.0148450e-04	  -2.9059356e-04	  -4.8751305e-05	  -7.2812871e-12	   7.1324818e+01	
   1.5038921e-05	  -7.8974496e-07	   8.7327346e-05	   2.4644830e-05	  -7.0552309e-12	   7.1668189e+01	
   3.2557610e-03	   5.0937994e-04	   1.2792232e-03	   1.8733549e-04	  -6.4112559e-12	   7.1620431e+01	
   7.6668916e-04	   1.1592792e-04	   1.4140619e-03	   2.2649757e-04	  -6.9564502e-12	   7.1305779e+01	
   7.4734879e-04	   7.9688539e-05	   8.4286074e-04	   4.6587117e-05	  -7.1806066e-12	   7.1622863e+01	
   2.1090148e-03	   3.6891726e-04	  -5.6952545e-04	  -1.1014579e-04	  -7.2717889e-12	   7.1352104e+01	
   5.2057673e-04	   6.4026618e-05	   8.9312250e-04	   1.0992225e-04	  -7.2356959e-12	   7.1623051e+01	
   1.1809993e-03	   6.8333475e-05	   1.6881431e-04	  -5.3065908e-05	  -7.3040826e-12	   7.1598383e+01	
  -5.7478751e-04	  -1.7415946e-04	   4.0809123e-04	   2.3796939e-04	  -6.7512899e-12	   7.1641834e+01	
   4.1621958e-04	   5.8174529e-05	   1.4639275e-03	   2.0166666e-04	  -7.2888856e-12	   7.1250711e+01	
   5.2686756e-04	   8.2221285e-05	   8.5237945e-04	   1.0426069e-04	  -6.6050183e-12	   7.1684547e+01	
   1.5984652e-03	   1.6448441e-04	  -2.3111626e-04	  -7.1406622e-05	  -6.5803231e-12	   7.1669637e+01	
   3.4039044e-04	   5.8410321e-05	   5.7617328e-04	   4.6157014e-05	  -7.1103203e-12	   7.1656430e+01	
   4.7337976e-04	   3.4042633e-05	  -1.3362704e-03	  -1.6672544e-04	  -6.7683866e-12	   7.1662120e+01	
  -2.0736472e-03	  -3.3311644e-04	   4.6535464e-04	   1.1895928e-04	  -6.3637652e-12	   7.1664120e+01	
   2.8829052e-04	   4.4959505e-05	  -2.7280433e-04	  -5.1051472e-05	  -7.2622908e-12	   7.1650980e+01	
  -9.8426970e-04	  -4.5490958e-05	   1.2705223e-03	   1.2241228e-04	  -6.9526509e-12	   7.1643051e+01	
   8.6509300e-04	   1.0160550e-04	  -1.5219617e-03	  -2.2523901e-04	  -7.1350155e-12	   7.1623147e+01	
  -1.8567122e-03	  -2.9076940e-04	  -1.0755202e-03	  -1.5396026e-04	  -6.5708250e-12	   7.1657894e+01	
  -6.5235170e-04	  -1.2420081e-04	  -1.2730155e-03	  -1.7264447e-04	  -5.6077118e-12	   7.1656743e+01	
  -5.1141715e-04	  -1.0519020e-04	  -8.3526959e-04	  -1.0523375e-04	  -5.8223702e-12	   7.1663030e+01	
   7.0664172e-05	  -2.3886441e-05	  -1.0304132e-03	  -1.9509881e-04	  -5.4405443e-12	   7.1661059e+01	
  -4.4539350e-04	  -1.1829732e-04	  -6.8939088e-04	  -1.2163824e-04	  -5.4994329e-12	   7.1664799e+01	
   1.0333550e-03	   1.2731856e-04	  -5.9016713e-04	  -9.1543838e-05	  -5.5792173e-12	   7.1664762e+01	
  -8.7985921e-04	  -1.2297490e-04	   6.9558086e-04	   1.0951027e-04	  -5.5203287e-12	   7.1662881e+01	
   1.7767343e-04	  -1.2487733e-05	  -5.9594443e-04	  -8.5925802e-05	  -6.2003968e-12	   7.1666741e+01	
   7.5575781e-04	   1.0602006e-04	  -1.0548961e-03	  -1.6504639e-04	  -5.5203287e-12	   7.1662746e+01	
  -2.1550819e-03	  -2.5263480e-04	  -8.9097200e-04	  -7.6318053e-05	  -5.5849163e-12	   7.1638542e+01	
   1.5101925e-03	   1.2037511e-04	  -7.8325828e-04	  -1.0348402e-04	  -6.2117947e-12	   7.1632107e+01	
  -2.4045012e-03	  -2.6170611e-04	   3.8036319e-04	   6.9412677e-05	  -5.7083923e-12	   7.1633457e+01	
  -4.3329584e-04	  -4.5514481e-05	   6.5768021e-04	   8.1658419e-05	  -6.1567053e-12	   7.1660350e+01	
   8.3981444e-04	   9.9272047e-05	   1.9674020e-04	   2.4204264e-05	  -6.1396086e-12	   7.1663083e+01	
  -6.9074097e-04	  -1.3554302e-04	  -1.7190696e-03	  -2.6074450e-04	  -5.4272468e-12	   7.1653311e+01	
   1.0287394e-03	   1.1761168e-04	  -4.3365942e-05	  -4.2893637e-06	  -5.8280691e-12	   7.1661769e+01	
   1.5112344e-03	   1.9302754e-04	  -3.6118397e-04	  -9.0329532e-05	  -5.9059539e-12	   7.1649210e+01	
   2.1745288e-03	   2.7671175e-04	  -5.3703660e-04	  -9.1789635e-05	  -5.4101502e-12	   7.1646844e+01	
   2.5894112e-04	   3.3690931e-05	  -1.4460997e-03	  -1.9912598e-04	  -5.7558831e-12	   7.1658035e+01	
   4.5872819e-05	  -6.9103941e-06	  -2.3245214e-03	  -2.3358850e-04	  -5.7976750e-12	   7.1635921e+01	
   1.0319371e-03	   1.3900123e-04	   1.3763931e-03	   1.8003198e-04	  -5.6495038e-12	   7.1651667e+01	
   3.9080874e-04	   6.3276277e-05	   2.3653936e-03	   1.8922448e-04	  -5.3949531e-12	   7.1645672e+01	
   1.0964194e-03	   1.3234719e-04	  -1.4215386e-03	  -1.8892162e-04	  -5.7577827e-12	   7.1655236e+01	
  -1.5906290e-03	  -2.4047436e-04	  -1.6940181e-03	  -2.3953248e-04	  -5.6343067e-12	   7.1636646e+01	
  -6.0932691e-04	  -1.3202965e-04	   2.9117356e-04	   4.5627331e-05	  -6.0370285e-12	   7.1667069e+01	
   1.9541954e-04	   5.8014130e-05	   1.1521891e-03	   1.6053007e-04	  -6.0180322e-12	   7.1657423e+01	
   1.5745342e-03	   1.1004732e-04	  -1.7934694e-03	  -1.9534683e-04	  -5.5621207e-12	   7.1654475e+01	
  -1.7864066e-03	  -7.7733680e-05	   1.0480311e-03	   8.1231313e-05	  -5.7824779e-12	   7.1626208e+01	
  -8.4864246e-04	  -1.4088353e-04	   1.3918240e-04	   2.5309260e-05	  -5.7406861e-12	   7.1670250e+01	
   7.7681524e-04	   7.7096122e-05	   1.9277072e-03	   9.4386282e-05	  -5.8888573e-12	   7.1627388e+01	
  -9.1034311e-04	  -1.3006853e-04	  -2.0527139e-03	  -2.6591192e-04	  -5.4310461e-12	   7.1651256e+01	
  -1.1699888e-03	  -1.9705994e-04	  -1.0420545e-03	  -1.6780877e-04	  -5.4272468e-12	   7.1657886e+01	
  -9.0212895e-05	   1.8178548e-05	   2.6279254e-03	   2.8850138e-04	  -5.4215480e-12	   7.1647733e+01	
  -1.9363057e-03	  -3.4743203e-04	  -3.8715474e-05	   2.2734968e-05	  -5.4690388e-12	   7.1649966e+01	
   1.7730392e-03	   1.8311193e-04	  -7.1805542e-04	  -1.0477480e-04	  -5.8831584e-12	   7.1649852e+01	
   1.4417050e-03	   1.5150636e-04	   1.7799757e-03	   1.1930867e-04	  -5.8090727e-12	   7.1639006e+01	
  -2.2230106e-03	  -1.7765202e-04	  -6.4264602e-05	   2.3494912e-05	  -6.0332293e-12	   7.1630710e+01	
  -6.9841825e-05	  -6.3370196e-06	  -2.0240857e-03	  -1.6309073e-04	  -6.2744825e-12	   7.1619288e+01	
  -1.1955081e-03	  -3.0777189e-05	   2.0229319e-03	   1.0337908e-04	  -5.7216897e-12	   7.1628291e+01	
   2.3989100e-03	   1.3213318e-04	  -9.8191639e-04	  -7.9968612e-05	  -5.3873546e-12	   7.1635152e+01	
   1.2174544e-03	   1.7829179e-04	  -9.1124428e-04	  -1.8249050e-04	  -5.4595405e-12	   7.1661589e+01	
   8.1438516e-04	   1.2743007e-04	   1.8431331e-03	   2.2884879e-04	  -5.9876381e-12	   7.1640311e+01	
  -2.4558635e-05	  -2.8042175e-06	  -1.8730170e-03	  -1.4986850e-04	  -6.3466684e-12	   7.1621444e+01	
  -1.4975079e-03	  -1.7447629e-04	  -2.0852003e-03	  -2.2081076e-04	  -5.4462432e-12	   7.1645306e+01	
   1.9740962e-03	   1.8818666e-04	  -2.7023708e-04	  -6.1921443e-05	  -6.0332293e-12	   7.1644447e+01	
  -1.9308380e-03	  -1.0573183e-04	   1.3208951e-03	   1.0338646e-04	  -5.8280691e-12	   7.1633540e+01	
   4.0028655e-04	   4.7354539e-05	   1.0795827e-03	   1.4130955e-05	  -6.2250920e-12	   7.1648756e+01	
  -9.4368833e-04	   4.6436242e-06	   1.6840058e-03	   4.3058864e-05	  -6.0674226e-12	   7.1623744e+01	
   1.9113781e-03	   2.4042754e-04	  -2.6080260e-04	  -7.5913786e-05	  -5.5393251e-12	   7.1660223e+01	
  -3.7438634e-04	  -7.2134183e-05	   1.1803076e-03	   2.5017423e-04	  -5.4367451e-12	   7.1658483e+01	
   2.2291142e-03	   1.1321912e-04	  -7.5689686e-04	  -6.6204687e-05	  -5.7482845e-12	   7.1633084e+01	
  -2.6831567e-03	  -3.8774846e-04	   6.3690170e-05	   3.0162935e-05	  -5.5469236e-12	   7.1643200e+01	
   1.6390439e-03	   1.9879991e-04	   9.2433447e-04	   5.3701891e-05	  -5.8679613e-12	   7.1657072e+01	
  -2.6045834e-04	  -6.2809865e-05	  -1.7046055e-03	  -2.4598844e-04	  -5.5184291e-12	   7.1668995e+01	
   3.0576167e-04	   3.8827503e-05	  -3.1225904e-04	  -4.7031883e-05	  -6.2668839e-12	   7.1676074e+01	
   1.8338505e-03	   1.2773923e-05	  -8.1163352e-04	  -3.8744395e-05	  -5.9648425e-12	   7.1615189e+01	
  -8.7972174e-04	  -1.0046171e-04	   1.8114398e-03	   2.9246012e-04	  -5.5963140e-12	   7.1656534e+01	
  -1.4637462e-03	  -1.5691303e-04	  -1.9060715e-03	  -1.8188340e-04	  -5.9192514e-12	   7.1639491e+01	
  -4.6440619e-04	  -3.4109627e-05	  -2.4097769e-03	  -1.2055837e-04	  -5.7520838e-12	   7.1629479e+01	
   1.3733969e-03	   1.5439591e-04	   1.1230481e-03	   7.0392428e-05	  -5.8413665e-12	   7.1660642e+01	
   6.2448376e-04	   3.8667108e-05	  -2.2231551e-03	  -1.8666955e-04	  -5.9496455e-12	   7.1637773e+01	
  -9.6458847e-05	  -3.5127702e-05	  -2.7048393e-05	   2.1300185e-05	  -5.9230507e-12	   7.1688064e+01	
   1.4365848e-03	   1.4330409e-04	   1.7059654e-03	   1.7112003e-04	  -5.9724411e-12	   7.1634855e+01	
   1.4776360e-03	   1.3426062e-04	  -1.4206575e-03	  -1.5709786e-04	  -5.8204705e-12	   7.1655929e+01	
  -5.8220285e-04	  -8.3006494e-05	   4.1137832e-04	   8.5300123e-05	  -6.0313297e-12	   7.1676730e+01	
  -8.7931725e-04	  -1.6184201e-04	  -2.2903978e-04	  -3.9686506e-05	  -5.7368868e-12	   7.1671027e+01	
   6.4215069e-04	   5.3990064e-05	  -1.8175745e-03	  -1.7304065e-04	  -6.2440884e-12	   7.1637736e+01	
  -5.9034555e-04	  -9.3306063e-05	   5.1351061e-04	   7.7989372e-05	  -6.1927983e-12	   7.1668056e+01	
  -9.8008062e-04	  -6.1184817e-05	   2.2652346e-03	   1.6790699e-04	  -5.8565636e-12	   7.1633741e+01	
   1.5492674e-04	   5.2047277e-05	   1.7007609e-03	   1.2934782e-04	  -5.9857385e-12	   7.1657550e+01	
  -1.7750196e-03	  -2.1462060e-04	  -4.7315487e-04	  -2.6029150e-05	  -6.2896795e-12	   7.1642110e+01	
   2.3995977e-03	   2.9952109e-04	   3.1911893e-04	  -1.4044775e-05	  -5.8451657e-12	   7.1641783e+01	
  -1.2045896e-03	  -5.2185046e-05	   1.3642862e-03	   1.1772686e-04	  -6.2440884e-12	   7.1639603e+01	
  -8.1291272e-05	   1.8070127e-05	   1.8093745e-03	   2.8636374e-04	  -5.4918343e-12	   7.1656364e+01	
   2.1423689e-04	   5.5364714e-05	   1.0949604e-03	   1.7404466e-04	  -6.1624042e-12	   7.1658998e+01	
   5.7269884e-04	   1.2679562e-04	   2.1726446e-03	   3.2013591e-04	  -5.5811169e-12	   7.1650950e+01	
  -2.0630584e-03	  -1.8574814e-04	  -6.4327983e-04	  -3.4554964e-05	  -5.9439466e-12	   7.1649226e+01	
   2.3065110e-03	   3.1193397e-04	   8.3554948e-04	   5.7538969e-05	  -5.4196483e-12	   7.1658916e+01	
   1.0302895e-03	   8.8753399e-05	  -1.3158623e-03	  -1.5596127e-04	  -6.3428692e-12	   7.1645672e+01	
   2.8618843e-04	   1.5594186e-05	  -1.1855994e-03	  -2.6821877e-04	  -5.4614402e-12	   7.1666083e+01	
   1.8843027e-03	   2.7575438e-04	   1.2096242e-03	   1.1831407e-04	  -5.8850580e-12	   7.1645247e+01	
   9.5117633e-04	   7.5442311e-05	  -1.5361998e-03	  -1.6331460e-04	  -6.2858802e-12	   7.1645791e+01	
  -2.1245576e-03	  -1.0248938e-04	  -1.7702814e-04	   2.6517549e-05	  -6.2877799e-12	   7.1627754e+01	
  -6.8754333e-04	  -9.9369708e-05	  -1.3973352e-03	  -1.7854156e-04	  -6.0731215e-12	   7.1658178e+01	
  -1.5107197e-03	  -2.2068244e-04	   5.7755737e-04	   1.0318442e-04	  -5.6305074e-12	   7.1661059e+01	
   1.4547858e-03	   1.3672812e-04	   8.6535203e-04	   2.3590809e-05	  -6.3314714e-12	   7.1643088e+01	
  -8.3343859e-04	  -9.8288493e-05	  -1.8831641e-03	  -1.8581615e-04	  -5.9496455e-12	   7.1656818e+01	
   4.5908072e-04	   3.0013208e-05	   6.1003464e-04	  -8.5733608e-05	  -5.9781400e-12	   7.1656916e+01	
   3.6903122e-04	   5.4283263e-05	   1.5509522e-03	   7.3740496e-05	  -6.0997164e-12	   7.1656176e+01	
  -6.0492626e-04	  -1.5716117e-04	  -7.9847922e-04	  -1.4018753e-04	  -5.7121916e-12	   7.1670064e+01	
   1.1493765e-03	   1.0031397e-04	  -1.7359261e-03	  -1.6956811e-04	  -5.9629429e-12	   7.1652391e+01	
   4.7630326e-04	   8.2010275e-05	   2.3691165e-03	   4.0060724e-04	  -5.4006520e-12	   7.1652592e+01	
   9.0547172e-04	   1.6778246e-04	   1.1422753e-03	   1.5927453e-04	  -5.4804365e-12	   7.1664502e+01	
  -1.3782900e-04	  -3.0831866e-05	   1.0041186e-03	   2.0005633e-04	  -6.0199318e-12	   7.1665374e+01	
  -1.0074684e-03	  -1.3777423e-04	  -1.8883269e-03	  -2.3674873e-04	  -5.8090727e-12	   7.1655968e+01	
  -2.8600088e-04	  -1.8805316e-05	  -2.3408176e-03	  -1.8774168e-04	  -5.6267081e-12	   7.1650950e+01	
   2.4887209e-03	   2.8515768e-04	   4.3765111e-04	  -9.4361327e-07	  -5.9952366e-12	   7.1633309e+01	
  -1.6235160e-03	  -1.4519011e-04	  -1.6017105e-03	  -9.8198808e-05	  -6.0864189e-12	   7.1644396e+01	
   1.7752515e-03	   2.3432956e-04	  -1.4109190e-03	  -2.4529116e-04	  -5.5336262e-12	   7.1659022e+01	
  -2.3168220e-03	  -3.8679903e-04	  -5.3064989e-04	  -8.5261100e-05	  -5.5108306e-12	   7.1646404e+01	
   1.6204313e-03	   1.9476677e-04	  -5.0898725e-04	  -7.7343614e-05	  -5.8983554e-12	   7.1664881e+01	
   1.7595432e-03	   1.9168555e-04	  -4.7824346e-05	  -4.3726583e-05	  -6.0123333e-12	   7.1660932e+01	
   8.8753161e-04	   1.6701070e-04	   1.5123460e-03	   2.2301649e-04	  -5.6419052e-12	   7.1657894e+01	
  -2.1724158e-04	  -5.1159075e-05	  -1.8600337e-03	  -2.6455722e-04	  -6.2896795e-12	   7.1635542e+01	
   2.6378767e-04	  -1.9430026e-05	  -2.1042501e-03	  -1.4602812e-04	  -6.3029770e-12	   7.1634996e+01	
   5.6073063e-04	   9.4360707e-05	   1.8728807e-03	   1.8330793e-04	  -6.0788204e-12	   7.1652624e+01	
   1.5676921e-03	   1.2957802e-04	   1.8387139e-03	   1.4839681e-04	  -6.0028352e-12	   7.1629741e+01	
   1.3891164e-03	   1.4966527e-04	   1.1546953e-03	   7.7259353e-05	  -5.5887156e-12	   7.1671138e+01	
  -2.3092633e-03	  -3.4529461e-04	  -1.5401533e-03	  -2.0846550e-04	  -5.6438049e-12	   7.1642335e+01	
  -1.2364864e-03	   4.2371371e-05	   8.4422792e-04	   4.7694841e-06	  -6.3352707e-12	   7.1608073e+01	
  -1.9121828e-03	  -1.9285840e-04	   5.8921280e-04	   8.9499413e-05	  -5.4899346e-12	   7.1670093e+01	
  -5.3878306e-04	  -1.1181615e-04	  -1.2745676e-03	  -2.1414096e-04	  -6.1738019e-12	   7.1652571e+01	
  -6.2149416e-04	  -1.2437769e-04	  -1.4122218e-03	  -2.1300626e-04	  -6.0142330e-12	   7.1659035e+01	
   2.2843151e-03	   3.1898597e-04	  -1.1130448e-03	  -2.0353489e-04	  -5.5108306e-12	   7.1649375e+01	
   2.3610901e-03	   3.3149116e-04	   1.0909802e-03	   1.0251686e-04	  -5.4937340e-12	   7.1649248e+01	
   2.0074119e-03	   2.9109251e-04	   1.1633257e-03	   1.1003467e-04	  -5.6912956e-12	   7.1656409e+01	
  -8.9679251e-04	  -1.1567541e-04	   1.0632731e-03	   1.6569133e-04	  -6.1187127e-12	   7.1657215e+01	
   1.2835414e-03	   8.3698013e-05	  -1.3448557e-03	  -1.0623176e-04	  -6.3029770e-12	   7.1642208e+01	
  -1.7723162e-03	  -7.1069776e-05	   1.2074213e-03	   6.4770965e-05	  -6.2136943e-12	   7.1615248e+01	
  -1.2873595e-03	  -2.3097918e-04	   3.6340008e-04	   6.0101132e-05	  -6.2155939e-12	   7.1651563e+01	
   1.2993067e-03	   1.7902182e-04	   7.6233412e-04	   7.6307796e-05	  -6.1396086e-12	   7.1657356e+01	
  -1.0486694e-03	  -8.7643018e-05	   1.4639520e-03	   1.4915405e-04	  -6.2611850e-12	   7.1639789e+01	
  -6.4242358e-04	  -1.3594584e-04	  -2.6339920e-04	  -4.7368782e-05	  -6.3447688e-12	   7.1666966e+01	
   1.2612638e-03	  -3.4580082e-06	  -7.2212068e-04	   1.8777939e-06	  -6.2934787e-12	   7.1602325e+01	
  -2.0343787e-03	  -2.0729046e-04	  -1.0737024e-03	  -7.6527295e-05	  -6.3466684e-12	   7.1626932e+01	
   1.5878322e-03	   1.3322918e-04	   1.3723272e-03	   5.5505171e-05	  -5.8052735e-12	   7.1660910e+01	
   9.0451759e-04	   1.2195552e-04	  -1.0715275e-03	  -1.4012550e-04	  -6.1757016e-12	   7.1660924e+01	
  -8.2126441e-04	  -1.0114185e-04	  -1.7305043e-03	  -2.2082720e-04	  -5.6419052e-12	   7.1667711e+01	
   1.4857151e-03	   7.3954145e-05	  -1.4280062e-03	  -1.4733680e-04	  -5.8964558e-12	   7.1659417e+01	
   3.7623932e-04	   9.0267213e-05	   2.3425181e-03	   3.7875196e-04	  -5.5374255e-12	   7.1656693e+01	
  -1.8147607e-03	  -2.1191446e-04	   5.5842454e-04	   9.8545142e-05	  -6.0636234e-12	   7.1656364e+01	
  -1.1879939e-03	  -1.6386858e-04	   2.6510168e-03	   3.9092006e-04	  -5.4861354e-12	   7.1651637e+01	
   9.9352000e-04	   9.7909157e-05	   1.3428277e-03	   1.1998415e-04	  -6.0826196e-12	   7.1662388e+01	
   1.9232301e-03	   3.1104164e-04	   8.5318769e-04	   8.6048674e-05	  -5.8964558e-12	   7.1650794e+01	
  -1.2648922e-03	  -1.2294712e-04	   1.2290624e-03	   1.4031351e-04	  -6.3352707e-12	   7.1644396e+01	
   1.6652652e-03	   1.1898496e-04	   1.1976754e-05	  -5.3291635e-08	  -6.2554861e-12	   7.1653086e+01	
   5.1231151e-04	   4.4898260e-05	  -1.7139222e-03	  -2.8611216e-04	  -6.1092145e-12	   7.1652101e+01	
  -5.7377997e-04	  -1.4542768e-04	  -1.0609705e-03	  -1.7657064e-04	  -6.0275303e-12	   7.1666457e+01	
   1.2251424e-03	   1.1751866e-04	   9.6796038e-04	   7.8217859e-05	  -6.3010773e-12	   7.1654690e+01	
  -8.0447691e-04	  -5.1511526e-05	   2.3150597e-03	   2.2921321e-04	  -6.0864189e-12	   7.1639961e+01	
   1.7173252e-04	  -1.8821586e-05	  -2.2843726e-03	  -2.0254861e-04	  -6.3276722e-12	   7.1631882e+01	
   6.9957663e-04	   7.9798908e-05	   1.5108055e-03	   1.0163549e-04	  -6.1491068e-12	   7.1659178e+01	
  -2.4501694e-03	  -2.9361218e-04	   1.6475797e-03	   1.9029012e-04	  -5.6988941e-12	   7.1636638e+01	
   1.0481038e-03	   1.3505839e-04	   2.7531446e-03	   3.4881523e-04	  -5.6039126e-12	   7.1641789e+01	
   1.7047032e-03	   3.0676184e-04	   1.5385006e-04	  -1.3799762e-05	  -5.7748794e-12	   7.1657841e+01	
  -4.6806767e-05	  -4.2495948e-05	  -2.3978157e-03	  -2.6908319e-04	  -5.8698609e-12	   7.1654258e+01	
   1.4274276e-03	   1.8073187e-04	  -1.2894941e-03	  -2.1087880e-04	  -6.2459880e-12	   7.1643805e+01	
   1.3700177e-03	   8.2814443e-05	  -1.8141480e-03	  -1.9127314e-04	  -6.0275303e-12	   7.1651078e+01	
   1.5371520e-03	   1.3393714e-04	  -1.4339490e-03	  -1.2363930e-04	  -6.1301105e-12	   7.1650428e+01	
   3.8144660e-04	   6.3220369e-05	   1.7792475e-03	   2.1187718e-04	  -5.8147716e-12	   7.1668353e+01	
  -1.9363877e-04	   7.7559141e-06	   7.4309359e-04	  -5.2022827e-05	  -6.2649842e-12	   7.1554252e+01	
   1.2562017e-03	   2.0711083e-04	   8.6725885e-04	   1.1487017e-04	  -5.8318684e-12	   7.1664950e+01	
   1.2746353e-03	   6.1363450e-05	   8.5398244e-04	   2.7130777e-05	  -6.2896795e-12	   7.1655154e+01	
  -1.5807831e-03	  -2.1989255e-04	   9.2253695e-04	   1.5106022e-04	  -6.0275303e-12	   7.1654369e+01	
  -3.2711494e-04	  -3.5920723e-06	   1.8708689e-03	   2.7431984e-05	  -6.3409695e-12	   7.1601392e+01	
   1.5302930e-03	   8.7760202e-05	   5.6422804e-05	  -9.5951342e-06	  -6.3371703e-12	   7.1653773e+01	
   3.9726886e-05	  -2.8104770e-05	  -2.2180770e-03	  -3.5806044e-04	  -5.9192514e-12	   7.1649927e+01	
  -2.0566914e-03	  -2.7827871e-04	   1.4474875e-03	   2.2934286e-04	  -5.6533030e-12	   7.1656162e+01	
  -1.6870987e-03	  -1.9893826e-04	  -1.2147872e-04	   1.4921329e-05	  -6.3143747e-12	   7.1655393e+01	
  -1.2992285e-03	  -2.3497553e-04	  -3.0126694e-04	  -2.9276046e-05	  -6.3314714e-12	   7.1652698e+01	
   1.0411928e-03	   1.2630327e-04	  -1.1706894e-03	  -2.1190093e-04	  -6.0864189e-12	   7.1662910e+01	
   2.6999531e-04	  -1.4976232e-04	  -2.0656867e-04	  -4.0411017e-05	  -6.3048766e-12	   7.1651175e+01	
   9.7809706e-05	   8.9929682e-05	   5.3965761e-04	  -9.8167834e-05	  -6.2535865e-12	   7.1651481e+01	
  -3.0894360e-04	   4.6666852e-05	   1.0721354e-03	   1.7714480e-05	  -6.2003968e-12	   7.1658939e+01	
   1.5970714e-03	   2.8420712e-04	   2.1914222e-04	  -2.4495693e-05	  -5.7292882e-12	   7.1665629e+01	
   1.1321080e-03	   8.6818475e-05	  -1.1952984e-03	  -1.1270921e-04	  -6.0902183e-12	   7.1671265e+01	
   1.6602748e-03	   1.9818151e-04	   4.0575499e-04	   1.4150707e-05	  -5.7729798e-12	   7.1676424e+01	
   1.5041571e-03	   1.9709002e-04	   9.5919589e-04	   8.5377765e-05	  -5.5374255e-12	   7.1679194e+01	
   4.2945438e-04	  -2.0779512e-05	   2.1199670e-04	  -1.4086277e-04	  -6.3162743e-12	   7.1650847e+01	
  -4.7693143e-04	   8.6227005e-05	   7.2376797e-04	  -1.4013493e-04	  -5.9781400e-12	   7.1584944e+01	
  -1.0015499e-03	   5.2688617e-05	   7.3969247e-05	   3.8482454e-05	  -5.6438049e-12	   7.1665008e+01	
   4.1442369e-04	  -3.4723041e-05	  -9.1019800e-04	   5.4954716e-05	  -6.3409695e-12	   7.1551706e+01	
   1.2135953e-04	  -2.4758539e-05	  -1.3628176e-03	  -2.5939604e-04	  -6.0142330e-12	   7.1664367e+01	
   1.1497822e-03	   1.7299720e-04	   2.3057458e-03	   2.7934948e-04	  -5.8641621e-12	   7.1648069e+01	
   2.0945269e-04	   3.5952965e-05	   1.3671733e-03	   7.3128086e-05	  -6.3010773e-12	   7.1660298e+01	
  -1.9086736e-04	  -1.8607498e-05	  -1.4150664e-03	  -5.7622094e-05	  -6.1111141e-12	   7.1668704e+01	
   1.3761053e-03	   2.0665860e-04	  -2.0708616e-03	  -3.1571171e-04	  -5.6703996e-12	   7.1649218e+01	
  -9.8572641e-04	  -1.6267988e-04	  -9.4633227e-04	  -1.1143933e-04	  -5.8185709e-12	   7.1679828e+01	
  -1.2308020e-03	  -9.4864922e-05	   1.2005468e-03	   1.2995817e-04	  -6.2839806e-12	   7.1657624e+01	
   2.4198321e-04	  -4.0004012e-07	   1.5174115e-05	   1.5324980e-05	  -6.2288913e-12	   7.1695103e+01	
   5.0901731e-04	   1.0281255e-04	   1.6638626e-03	   1.8842407e-04	  -5.7273886e-12	   7.1674878e+01	
   1.2175165e-03	   7.7287400e-05	   9.8446871e-04	   1.7024787e-05	  -5.8166713e-12	   7.1672244e+01	
   1.6286117e-03	   1.4467524e-04	   9.1635476e-06	  -3.1755659e-05	  -6.0294300e-12	   7.1672817e+01	
   4.5735420e-04	   4.3189701e-05	  -1.0108768e-03	  -2.1040125e-04	  -5.5241281e-12	   7.1683732e+01	
  -5.8187245e-04	  -5.2431734e-05	   1.6932522e-03	   2.3096384e-04	  -5.7140912e-12	   7.1674356e+01	
   1.2328198e-03	   2.4828141e-04	   8.5419307e-04	   8.9175815e-05	  -5.4044513e-12	   7.1675865e+01	
   8.1741017e-04	   9.2319266e-05	  -1.5936799e-03	  -1.9296382e-04	  -5.8337680e-12	   7.1675984e+01	
   1.6471820e-04	  -1.0703420e-05	  -1.0690514e-03	  -1.5545942e-04	  -6.3276722e-12	   7.1671504e+01	
   8.6589513e-04	   8.7970375e-05	   1.3541502e-03	   8.7256184e-05	  -6.1339097e-12	   7.1668130e+01	
  -6.5485629e-04	   7.9782537e-05	   8.3532798e-04	  -1.1036642e-04	  -6.2839806e-12	   7.1579188e+01	
   1.2130687e-03	   2.6909113e-05	  -5.2052835e-04	  -4.6054355e-05	  -6.3371703e-12	   7.1659253e+01	
   1.3712295e-03	   2.8466010e-04	   1.5397419e-03	   2.4298064e-04	  -5.4044513e-12	   7.1669056e+01	
   1.3002363e-03	   3.9230081e-05	   1.3030580e-04	  -3.0326103e-05	  -6.2440884e-12	   7.1662985e+01	
   1.6452096e-03	   1.7735993e-04	   5.0794070e-06	  -3.2524603e-05	  -5.7159908e-12	   7.1681030e+01	
   6.7772267e-04	   8.0772169e-05	   1.4743547e-03	   7.9793497e-05	  -6.1377090e-12	   7.1666486e+01	
   1.7711260e-03	   2.1054662e-04	   2.5627556e-04	  -2.8349838e-05	  -6.1643038e-12	   7.1661701e+01	
   4.9101585e-04	   3.4642907e-05	  -1.7135532e-03	  -1.5846044e-04	  -6.2307909e-12	   7.1663860e+01	
   9.9306141e-04	   9.2749414e-05	   2.1204890e-03	   2.0222250e-04	  -5.7881768e-12	   7.1660163e+01	
   8.0179070e-04	   1.3954816e-05	  -1.0470268e-03	  -2.7509562e-05	  -6.3105754e-12	   7.1658104e+01	
  -6.3034813e-04	  -1.4746511e-04	  -9.4562253e-04	  -1.4026672e-04	  -6.1415082e-12	   7.1672236e+01	
   7.5291937e-05	   9.3824954e-06	  -1.9092170e-03	  -3.3919175e-04	  -5.4994329e-12	   7.1664942e+01	
  -1.1537494e-03	  -1.3237547e-04	  -1.2508243e-03	  -1.2712654e-04	  -6.2630846e-12	   7.1663762e+01	
  -1.4527770e-03	  -2.1608010e-04	  -3.4133659e-04	  -2.8984074e-05	  -5.8109724e-12	   7.1677446e+01	
   1.7972515e-03	   1.8683013e-04	   1.7431392e-04	  -4.1614274e-06	  -5.6988941e-12	   7.1680284e+01	
   1.4972705e-03	   1.3606009e-04	   6.1120445e-04	   3.0022127e-05	  -5.8850580e-12	   7.1678448e+01	
  -9.0722496e-04	  -9.2593601e-05	   1.4502516e-03	   2.2779803e-04	  -5.5811169e-12	   7.1677605e+01	
   1.2727281e-03	   1.6940973e-04	  -1.0209160e-03	  -1.4644304e-04	  -5.4367451e-12	   7.1685831e+01	
   3.6796973e-04	   3.4328389e-05	   1.7537315e-03	   1.1641842e-04	  -5.9325488e-12	   7.1672236e+01	
  -7.8894975e-04	  -1.7286786e-05	   1.4238445e-03	   1.0064687e-04	  -6.3371703e-12	   7.1656006e+01	
   1.9787536e-03	   1.8073479e-04	   6.7556719e-05	  -1.0286810e-06	  -5.8318684e-12	   7.1672743e+01	
  -9.7409430e-04	  -1.6610314e-04	  -9.1634733e-04	  -1.3470674e-04	  -5.5982137e-12	   7.1683897e+01	
   1.4323804e-03	   1.0926568e-04	   3.0179814e-04	  -2.4645368e-05	  -6.2706832e-12	   7.1665725e+01	
  -4.6456679e-04	  -3.5436769e-05	   1.6175754e-03	   2.3369026e-04	  -5.6324070e-12	   7.1678568e+01	
   1.3237310e-03	   8.5187242e-05	   8.7019781e-04	   3.4649916e-05	  -6.0978167e-12	   7.1670982e+01	
   1.9075984e-03	   3.2817047e-04	   7.6410586e-04	   1.2320745e-04	  -5.5450240e-12	   7.1663194e+01	
   1.7299586e-03	   2.4767472e-04	   1.2083144e-03	   1.6759422e-04	  -5.9116529e-12	   7.1659253e+01	
  -1.5765592e-03	  -1.4571969e-04	   1.0063799e-03	   1.3484470e-04	  -5.6533030e-12	   7.1677783e+01	
  -4.2697313e-04	  -5.3297777e-05	   1.3466233e-03	   2.8172296e-04	  -5.5640203e-12	   7.1672408e+01	
   1.2694683e-03	   2.2376231e-04	   8.3415324e-04	   8.2614836e-05	  -5.4139494e-12	   7.1681875e+01	
  -5.4888478e-04	  -2.5209532e-05	   1.7374796e-03	   1.6004096e-04	  -6.3447688e-12	   7.1654542e+01	
   7.8962525e-04	   2.4841024e-05	   1.2233821e-03	   3.4398593e-05	  -6.0522255e-12	   7.1669265e+01	
   1.5115993e-03	   1.2280173e-04	  -1.1286426e-03	  -1.1518868e-04	  -5.6419052e-12	   7.1680045e+01	
   1.8635210e-03	   3.5003426e-04	   1.3415255e-03	   1.9563099e-04	  -5.3968527e-12	   7.1672438e+01	
  -1.2921124e-03	  -2.4595818e-04	  -5.8284534e-04	  -7.6429390e-05	  -5.6571022e-12	   7.1676066e+01	
  -4.4288679e-04	  -9.9955204e-05	  -1.0327191e-04	   1.2187046e-05	  -5.4671392e-12	   7.1698472e+01	
   2.0953034e-03	   2.8505512e-04	   2.2483135e-04	  -2.5239943e-05	  -6.0712219e-12	   7.1660037e+01	
   1.6780298e-03	   1.7066959e-04	   4.0129347e-04	   1.6908075e-05	  -5.6760986e-12	   7.1682883e+01	
   6.2567470e-04	   6.3409558e-05	  -1.6512020e-03	  -2.1959086e-04	  -5.5260277e-12	   7.1686063e+01	
   1.7678701e-03	   1.4672082e-04	  -9.9211657e-05	  -2.1274843e-05	  -6.0978167e-12	   7.1671401e+01	
   1.3866385e-03	   1.8579907e-04	  -1.4350841e-03	  -2.6966788e-04	  -5.8223702e-12	   7.1665560e+01	
   1.2864350e-03	   2.1846202e-05	  -2.3658927e-04	  -1.7985042e-05	  -6.1870994e-12	   7.1667099e+01	
  -1.8152524e-03	  -1.9739471e-04	  -3.9762610e-04	  -1.3205489e-05	  -5.8204705e-12	   7.1677239e+01	
   1.4085878e-03	   2.1482115e-04	  -3.9690038e-05	  -6.3921637e-05	  -5.8109724e-12	   7.1678701e+01	
   6.0903547e-04	   9.8147987e-05	  -1.2807574e-03	  -2.2188989e-04	  -5.7672809e-12	   7.1678231e+01	
   4.3513549e-04	   5.5133862e-05	   1.6776283e-03	   1.0088588e-04	  -6.1548057e-12	   7.1666942e+01	
  -1.7325663e-03	  -2.1402474e-04	  -4.2784976e-06	   3.7364139e-05	  -5.7691805e-12	   7.1679695e+01	
  -2.1709747e-03	  -3.2342102e-04	   1.6807611e-03	   2.7970877e-04	  -5.7406861e-12	   7.1658468e+01	
  -1.3868233e-03	  -1.7226550e-04	  -1.2868187e-03	  -1.4052223e-04	  -5.3797561e-12	   7.1686541e+01	
   5.8861898e-05	   3.2413786e-05	   2.7872972e-03	   4.1213868e-04	  -5.8280691e-12	   7.1655534e+01	
  -1.7010220e-03	  -1.8437338e-04	  -1.1534079e-03	  -9.7868079e-05	  -5.4139494e-12	   7.1683472e+01	
  -1.7378139e-03	  -2.1362501e-04	  -4.5745888e-04	  -3.2059223e-05	  -6.0769208e-12	   7.1670854e+01	
  -1.0201287e-03	  -1.2839004e-04	  -1.1015576e-03	  -1.2085615e-04	  -6.1282108e-12	   7.1678194e+01	
  -1.3029457e-03	  -1.2618571e-04	  -1.3166592e-03	  -9.6903782e-05	  -5.9306491e-12	   7.1677260e+01	
   1.0453293e-03	   1.1658875e-04	  -1.5463056e-03	  -1.8159557e-04	  -5.5032321e-12	   7.1686854e+01	
   1.4678310e-03	   1.1548430e-04	   1.0478968e-03	   6.4630903e-05	  -5.9952366e-12	   7.1674461e+01	
   9.9187871e-04	   1.3567245e-04	   1.3687007e-03	   1.4218658e-04	  -5.6685000e-12	   7.1684823e+01	
   1.0146470e-03	   9.7774427e-05	  -1.5813865e-03	  -1.6678245e-04	  -6.2858802e-12	   7.1663852e+01	
  -1.8495154e-03	  -1.9289601e-04	   2.4779641e-04	   7.4700283e-05	  -6.2649842e-12	   7.1663703e+01	
   1.0941707e-03	   1.5084048e-04	  -1.0051688e-03	  -2.1286448e-04	  -5.5545222e-12	   7.1682674e+01	
  -1.4032742e-03	  -1.6466636e-04	   1.4213015e-03	   1.9795320e-04	  -5.4899346e-12	   7.1683271e+01	
  -2.4680047e-04	  -4.3038786e-05	  -1.1673725e-03	  -1.6936350e-04	  -5.8394668e-12	   7.1690207e+01	
   1.4860713e-03	   1.4547532e-04	   1.0655752e-04	  -5.0760171e-05	  -6.1833002e-12	   7.1674632e+01	
   1.5597706e-03	   1.1797817e-04	  -7.7060243e-04	  -7.0707438e-05	  -6.3067762e-12	   7.1664091e+01	
  -1.3476918e-03	  -1.4754903e-04	  -1.0530248e-03	  -1.0454464e-04	  -5.9800396e-12	   7.1680157e+01	
   9.7889115e-04	   1.2526294e-04	   1.7596884e-03	   2.3049824e-04	  -5.4918343e-12	   7.1681597e+01	
   2.9828378e-04	   5.1872309e-05	  -5.7295413e-04	  -1.4220261e-04	  -5.4671392e-12	   7.1696515e+01	
  -3.1540888e-04	   9.4440609e-06	   1.5809721e-03	   2.1364755e-04	  -6.1757016e-12	   7.1670839e+01	
   1.8707458e-03	   1.7899893e-04	  -3.2758912e-04	  -8.6029725e-05	  -5.7843775e-12	   7.1679799e+01	
  -1.5617303e-03	  -7.0479143e-05	  -6.8095183e-04	  -6.4265965e-07	  -5.5165295e-12	   7.1678515e+01	
  -1.4330987e-03	  -2.0597450e-04	  -3.6745868e-05	   4.1691966e-05	  -5.5165295e-12	   7.1689804e+01	
   1.2825184e-03	   7.9678832e-05	   1.0323824e-03	   1.7824729e-05	  -5.5868159e-12	   7.1680433e+01	
   1.4048541e-04	   3.4686646e-05	   1.0121850e-04	   2.8220723e-05	  -5.5108306e-12	   7.1707631e+01	
   1.2163563e-03	   1.4627185e-04	  -3.1989188e-04	  -8.1462046e-05	  -5.5792173e-12	   7.1694835e+01	
   6.5726173e-04	  -2.1051568e-05	  -1.1855254e-03	  -8.4360937e-06	  -5.7596823e-12	   7.1673743e+01	
  -4.3226464e-04	   3.2115599e-05	   1.2993857e-03	   1.5495412e-05	  -5.7862772e-12	   7.1672722e+01	
  -1.6203905e-03	  -2.7363499e-04	   1.4833246e-04	   5.2600929e-05	  -5.7406861e-12	   7.1677716e+01	
  -1.9107492e-03	  -2.0630978e-04	   3.8687570e-04	   6.6344915e-05	  -5.9002550e-12	   7.1677051e+01	
  -1.6929574e-03	  -2.5975517e-04	  -3.1710045e-04	  -3.3191631e-05	  -5.7330875e-12	   7.1680955e+01	
  -7.1418891e-04	   4.1739414e-05	   1.0444125e-03	   4.0178213e-06	  -5.5222284e-12	   7.1673377e+01	
   5.5678372e-04	   8.9297954e-05	   1.6264577e-03	   9.5728232e-05	  -6.2003968e-12	   7.1669711e+01	
   1.0367295e-05	  -1.8401768e-05	  -1.5826322e-03	  -8.7497067e-05	  -6.2535865e-12	   7.1671123e+01	
  -1.4054801e-03	  -6.7452592e-05	   6.5659414e-04	   6.1770608e-05	  -6.3105754e-12	   7.1666921e+01	
   9.3548161e-04	   7.9592343e-05	  -1.7785050e-03	  -1.8493352e-04	  -5.5716188e-12	   7.1685690e+01	
  -1.4657930e-03	  -9.5886729e-05	  -6.2567910e-04	  -1.9061679e-06	  -6.0408278e-12	   7.1677037e+01	
   1.0757001e-03	   1.7167008e-04	   1.0463075e-03	   6.9830579e-05	  -5.9420470e-12	   7.1681337e+01	
  -9.4723488e-04	  -7.9619667e-05	   7.0532168e-04	   1.4820094e-04	  -5.6609015e-12	   7.1690393e+01	
   1.8440523e-03	   1.7923103e-04	   3.8447911e-04	   2.4019893e-06	  -5.4804365e-12	   7.1688796e+01	
   9.9127528e-04	   1.6601223e-04	   1.3675310e-03	   1.2699663e-04	  -5.7653813e-12	   7.1684040e+01	
   1.2699557e-03	   1.2109353e-04	  -1.4735276e-03	  -2.1241464e-04	  -5.5678196e-12	   7.1687003e+01	
  -2.5063406e-04	  -5.9722684e-05	   2.4504194e-04	   5.3106339e-05	  -6.0332293e-12	   7.1700666e+01	
  -1.3817912e-03	  -2.2945562e-04	  -7.9047193e-04	  -1.1532417e-04	  -5.9439466e-12	   7.1676581e+01	
  -2.3364479e-03	  -4.6197219e-04	  -1.8327604e-03	  -3.5882680e-04	  -5.3892542e-12	   7.1659685e+01	
   5.0123767e-04	   1.0103667e-04	   1.2396550e-03	   2.1698082e-04	  -5.9211510e-12	   7.1679456e+01	
   1.7553059e-03	   5.7859785e-05	   1.3445618e-04	  -2.1289613e-05	  -5.3854550e-12	   7.1679971e+01	
   6.4488900e-04	   1.3488014e-04	   1.4403925e-04	   1.6823971e-05	  -5.6798979e-12	   7.1698591e+01	
  -1.1238999e-03	  -9.5146778e-05	   8.9282805e-04	   1.3790812e-04	  -5.9838389e-12	   7.1684457e+01	
   6.0960588e-04	   6.2038535e-05	  -1.7063712e-03	  -2.3371965e-04	  -5.3835553e-12	   7.1693641e+01	
  -4.1932667e-04	  -7.6837712e-05	   6.2015767e-04	   1.6683323e-04	  -5.9021547e-12	   7.1687713e+01	
  -1.7273653e-03	  -1.9538550e-04	  -1.3440073e-04	   1.0351137e-05	  -5.7178904e-12	   7.1688751e+01	
  -1.6505631e-04	  -2.1272276e-05	   1.5015514e-03	   2.6569100e-04	  -5.8185709e-12	   7.1678753e+01	
   1.3120254e-03	   1.2839251e-04	  -8.2712059e-04	  -1.3070219e-04	  -5.4823362e-12	   7.1694769e+01	
  -1.4757640e-03	  -2.5166279e-04	  -4.2991193e-04	  -3.7877610e-05	  -5.4215480e-12	   7.1690467e+01	
   9.6534294e-04	   1.1051202e-04	   1.3475318e-03	   8.5409233e-05	  -5.9002550e-12	   7.1685189e+01	
   1.6614429e-03	   1.3978455e-04	  -9.9391399e-04	  -9.0770768e-05	  -6.0883185e-12	   7.1676117e+01	
  -2.2855640e-04	  -1.3086192e-05	   2.0274785e-03	   2.4025509e-04	  -5.4177487e-12	   7.1690915e+01	
  -7.7648396e-04	  -9.7181536e-05	   1.8609789e-03	   2.3781820e-04	  -5.4994329e-12	   7.1688451e+01	
  -1.3367847e-03	  -1.9514135e-04	  -7.4826051e-05	   2.9746877e-05	  -5.5944144e-12	   7.1694148e+01	
  -1.0147712e-03	  -1.3743376e-04	   1.0759515e-03	   1.9686976e-04	  -5.3835553e-12	   7.1693671e+01	
   1.3789073e-04	  -4.9131683e-05	   2.7576175e-04	  -1.6105812e-04	  -6.1377090e-12	   7.1666106e+01	
  -1.5796805e-03	  -2.3110707e-04	   2.2843441e-04	   6.1651267e-05	  -5.4747376e-12	   7.1693634e+01	
  -9.8818481e-04	  -1.8953708e-04	  -3.6785399e-04	   1.2010368e-05	  -5.8869577e-12	   7.1688997e+01	
  -1.1253016e-03	  -1.8529660e-04	  -2.9324984e-04	  -8.1779182e-06	  -5.7026934e-12	   7.1695984e+01	
   9.1797103e-04	   1.5030114e-04	  -1.0105182e-03	  -1.8229574e-04	  -5.6400055e-12	   7.1692594e+01	
  -1.2787532e-03	  -2.0342175e-04	   7.6857148e-05	   4.9031464e-05	  -5.6210093e-12	   7.1694522e+01	
  -6.4495991e-04	  -1.1770959e-04	  -1.3628435e-04	  -3.4704369e-06	  -6.1605046e-12	   7.1697628e+01	
   9.8470208e-04	   6.2128248e-05	  -1.6418938e-03	  -1.3602208e-04	  -5.6267081e-12	   7.1690408e+01	
  -5.3546957e-04	  -1.0942028e-04	  -1.2313950e-03	  -1.6720626e-04	  -5.7444853e-12	   7.1693849e+01	
  -1.2908239e-03	  -9.1226725e-05	  -1.5363892e-03	  -1.0795917e-04	  -5.5450240e-12	   7.1690692e+01	
   5.2457244e-04	   1.0180571e-04	   5.1475418e-05	   6.0196025e-08	  -6.1149134e-12	   7.1705175e+01	
  -3.5207200e-05	   1.6357774e-05	   2.4743384e-04	   6.9453502e-05	  -5.5564218e-12	   7.1713283e+01	
  -1.3548298e-03	  -9.6337504e-05	  -1.3703853e-03	  -6.4112016e-05	  -5.4234476e-12	   7.1692634e+01	
  -7.4750188e-04	  -1.8854068e-04	  -4.7450190e-04	  -9.3049933e-05	  -6.0693223e-12	   7.1690326e+01	
  -1.0934642e-03	  -1.7948366e-04	   5.0898312e-04	   9.9300202e-05	  -5.6817975e-12	   7.1700801e+01	
  -1.1862939e-03	  -2.0174100e-04	  -4.6441195e-04	  -7.5403996e-05	  -5.6286078e-12	   7.1700628e+01	
   1.0678790e-03	   9.8701777e-05	  -1.6216681e-03	  -1.6598600e-04	  -5.7881768e-12	   7.1695963e+01	
  -2.2146412e-03	  -5.0997171e-04	  -3.3356530e-04	  -5.5460320e-05	  -5.7501842e-12	   7.1668099e+01	
  -1.4250601e-03	  -7.9436029e-05	   1.0115527e-03	   7.0729058e-05	  -5.8185709e-12	   7.1692602e+01	
   1.6163523e-04	   3.9169509e-05	   6.9063286e-04	  -1.2860905e-04	  -5.8774595e-12	   7.1678687e+01	
  -1.0732127e-03	  -1.6735429e-04	  -7.4556870e-04	  -1.0517932e-04	  -6.1092145e-12	   7.1692469e+01	
  -1.5108212e-03	  -4.1337296e-05	  -2.7619367e-04	   1.6230217e-06	  -5.9534448e-12	   7.1688586e+01	
  -3.8962225e-06	   6.6291143e-05	   2.8402849e-04	   2.4963281e-04	  -6.1908987e-12	   7.1671526e+01	
  -1.1950321e-04	   4.3827010e-05	   1.5468867e-03	   8.6310986e-05	  -5.8736602e-12	   7.1694096e+01	
   2.8934303e-04	   1.9326516e-05	  -1.6412001e-04	  -3.6062302e-05	  -6.0313297e-12	   7.1716607e+01	
   5.5921834e-05	   2.3439323e-05	   8.4197468e-06	  -1.5279241e-05	  -6.3086758e-12	   7.1713867e+01	
  -5.7376577e-04	  -1.1768911e-04	  -8.6153050e-04	  -1.4583778e-04	  -5.9857385e-12	   7.1704212e+01	
  -3.3852304e-04	  -9.5517278e-05	  -4.5681325e-04	  -9.6498736e-05	  -5.6685000e-12	   7.1715785e+01	
  -7.6221737e-04	  -1.7129336e-04	  -2.7397610e-04	  -3.4586833e-05	  -5.7577827e-12	   7.1709894e+01	
   7.0888867e-05	  -2.8826980e-06	  -1.0186641e-03	  -2.2527687e-04	  -5.9591436e-12	   7.1700196e+01	
   2.6666978e-04	  -7.0966851e-06	  -1.7018376e-03	  -2.0498954e-04	  -6.0902183e-12	   7.1699270e+01	
   1.6329578e-03	   1.2763157e-04	   6.1802393e-04	   7.3613748e-06	  -5.8356676e-12	   7.1703233e+01	
  -2.6043283e-03	  -3.3386720e-04	   1.1802599e-03	   1.7588836e-04	  -6.3428692e-12	   7.1664269e+01	
  -2.2314472e-03	  -4.0460336e-04	  -4.0737079e-04	  -4.7092943e-05	  -5.6172100e-12	   7.1703554e+01	
   7.2160480e-04	   1.0521056e-04	  -2.2489296e-03	  -4.0942401e-04	  -5.4709384e-12	   7.1709394e+01	
  -1.4470852e-03	  -2.1172514e-04	   2.6417304e-03	   4.0302795e-04	  -5.7311879e-12	   7.1695000e+01	
   7.1703685e-04	   1.0799218e-04	  -1.4243454e-03	  -2.7953053e-04	  -4.7870711e-12	   7.1649659e+01	
  -4.4454015e-04	  -1.3795217e-04	  -1.0811900e-03	  -2.4623883e-04	  -4.6749928e-12	   7.1642940e+01	
   1.9130894e-03	   3.8561823e-04	   2.3673995e-04	  -3.6114959e-06	  -4.4394385e-12	   7.1635690e+01	
   5.9439448e-04	   9.5416877e-05	  -7.6323395e-04	  -2.1138017e-04	  -4.7604762e-12	   7.1651271e+01	
  -9.6454079e-04	  -2.0410332e-04	  -9.2124363e-04	  -1.3908106e-04	  -5.3664586e-12	   7.1655184e+01	
   1.3640696e-03	   2.2481216e-04	  -1.2000527e-03	  -2.5865109e-04	  -4.9333427e-12	   7.1645030e+01	
   1.3785053e-03	   2.6695906e-04	   2.2193276e-04	   4.6617690e-06	  -4.7509781e-12	   7.1649921e+01	
  -2.5074758e-04	  -1.0550816e-04	  -9.4872182e-04	  -2.0538589e-04	  -4.9770342e-12	   7.1654870e+01	
  -3.0198162e-03	  -2.6166738e-04	   8.4012024e-05	   3.1584868e-05	  -4.7509781e-12	   7.1630471e+01	
  -5.6975971e-04	  -1.7053735e-04	  -3.9117923e-04	  -6.7892873e-05	  -5.0644172e-12	   7.1660253e+01	
   2.3744662e-04	   1.0742690e-05	  -8.3838706e-04	  -2.1175241e-04	  -4.9656365e-12	   7.1656796e+01	
   1.4162307e-03	   2.8707889e-04	   6.9100583e-04	   9.0019986e-05	  -4.8288630e-12	   7.1647083e+01	
   9.5528853e-04	   6.9038021e-05	   2.6830353e-03	   9.4986022e-05	  -4.7129854e-12	   7.1622856e+01	
   1.1593584e-03	   1.7968834e-04	  -1.1106377e-03	  -2.3604532e-04	  -5.2030904e-12	   7.1650085e+01	
   8.3714192e-04	   1.6031827e-04	  -5.0570203e-04	  -1.3175944e-04	  -4.4888290e-12	   7.1654847e+01	
   1.0243309e-03	   2.0228624e-04	  -8.4101377e-04	  -1.9028705e-04	  -4.6332010e-12	   7.1651921e+01	
  -1.5578266e-03	  -1.8755566e-04	  -2.1807091e-03	  -2.2023628e-04	  -5.3322653e-12	   7.1639423e+01	
   2.7158669e-03	   1.7705241e-04	   1.1899275e-03	   2.9710101e-05	  -4.6085057e-12	   7.1626492e+01	
   2.5255739e-04	   6.4141563e-05	   2.3646346e-03	   3.3246048e-04	  -5.0796143e-12	   7.1642200e+01	
   1.5185434e-03	   3.3217548e-04	   7.2979043e-04	   1.0412110e-04	  -4.5743124e-12	   7.1640969e+01	
   2.0352368e-04	  -3.1482810e-06	  -2.9423987e-03	  -3.0059856e-04	  -4.8497589e-12	   7.1639258e+01	
   8.0023688e-04	   1.5255787e-04	   2.2227679e-03	   3.3144679e-04	  -4.7965692e-12	   7.1641484e+01	
   1.1800192e-03	   2.1136727e-04	   4.4353145e-04	   5.3463348e-05	  -5.0416217e-12	   7.1662934e+01	
   3.5336890e-04	   1.0431475e-04	   1.7493760e-03	   3.3473969e-04	  -4.6996880e-12	   7.1642828e+01	
  -1.5910301e-03	  -3.1236925e-04	   5.7697619e-04	   1.3597573e-04	  -4.6806917e-12	   7.1644141e+01	
   1.8514020e-03	   3.1457703e-04	   1.0269329e-03	   1.2875228e-04	  -5.2410830e-12	   7.1643118e+01	
   1.5430377e-03	   2.3119176e-04	   2.5880222e-04	   3.0041131e-05	  -5.3132689e-12	   7.1656730e+01	
  -2.4109465e-04	  -6.3902853e-06	   2.5542094e-03	   3.3428232e-04	  -4.8326622e-12	   7.1638879e+01	
   1.4340234e-03	   2.8517951e-04	  -2.4554589e-04	  -9.8777181e-05	  -4.6028069e-12	   7.1647621e+01	
   3.3787859e-04	   7.5971506e-05	   2.4624862e-03	   3.3432211e-04	  -4.8763538e-12	   7.1641887e+01	
   1.4159083e-03	   2.2336244e-04	   2.2018097e-03	   2.8573416e-04	  -4.5553161e-12	   7.1637751e+01	
   1.4004912e-03	   2.9889152e-04	  -2.6936041e-05	  -5.7338292e-05	  -4.5306208e-12	   7.1646470e+01	
  -4.3765277e-06	   2.9283516e-05	   2.6243301e-03	   3.6415216e-04	  -4.5743124e-12	   7.1637818e+01	
  -2.1590600e-03	  -4.3398321e-04	   2.5831964e-04	   5.7329945e-05	  -4.5743124e-12	   7.1642364e+01	
  -4.4405321e-04	   1.2522297e-05	   2.5844164e-03	   7.3842476e-05	  -4.9656365e-12	   7.1629866e+01	
  -7.7787760e-04	  -1.4626335e-04	  -2.1969400e-03	  -3.3105100e-04	  -5.1214062e-12	   7.1646136e+01	
   1.9631597e-03	   3.1680304e-04	   4.9947659e-04	   4.4536898e-05	  -5.0492202e-12	   7.1649860e+01	
   5.7133367e-04	   7.5519153e-05	  -1.6069542e-03	  -2.7317519e-04	  -5.2296852e-12	   7.1656415e+01	
  -2.7440664e-03	  -2.8674859e-04	  -2.5770602e-04	   1.4060044e-06	  -4.9542386e-12	   7.1651637e+01	
  -1.4240787e-03	  -2.7540345e-04	  -1.7630793e-03	  -2.8283160e-04	  -4.5097249e-12	   7.1658507e+01	
   5.9714765e-04	   3.4548570e-05	  -2.8595250e-03	  -2.8912484e-04	  -4.9675361e-12	   7.1640028e+01	
  -2.8551083e-03	  -2.5024728e-04	  -9.5693087e-04	  -5.6931595e-05	  -4.7509781e-12	   7.1640014e+01	
   8.9172666e-04	   1.2059991e-04	  -1.7416881e-03	  -2.7308948e-04	  -5.3075700e-12	   7.1654661e+01	
  -2.2578431e-03	  -2.3139856e-04	  -1.5014270e-03	  -1.3199731e-04	  -5.1650977e-12	   7.1639378e+01	
   2.4434661e-03	   1.6915945e-04	  -5.4052932e-04	  -8.8484022e-05	  -5.2961723e-12	   7.1649120e+01	
   1.8480221e-03	   3.6577323e-04	   6.1297669e-04	   6.5348305e-05	  -4.4812305e-12	   7.1644956e+01	
   1.6471043e-04	  -9.6740838e-07	  -2.4357800e-03	  -3.4271352e-04	  -5.2087893e-12	   7.1646784e+01	
  -2.7336406e-03	  -3.2544190e-04	   5.1073039e-04	   8.8941507e-05	  -4.6882902e-12	   7.1639937e+01	
  -9.2569317e-04	  -4.9516611e-05	   2.7110834e-03	   2.0579690e-04	  -4.9238445e-12	   7.1633428e+01	
  -2.2447970e-03	  -1.8870569e-04	   1.8814042e-03	   1.8810235e-04	  -4.6825913e-12	   7.1634861e+01	
   2.1876383e-03	   3.0598386e-04	  -7.0270521e-04	  -1.2126640e-04	  -5.1233058e-12	   7.1647367e+01	
   1.8171825e-03	   3.2464949e-04	   1.1091819e-03	   1.5872668e-04	  -4.6597958e-12	   7.1645656e+01	
   2.1596742e-03	   3.0053789e-04	   1.4158988e-03	   1.5664273e-04	  -4.6977884e-12	   7.1643104e+01	
   7.7907195e-04	   6.4259499e-05	   3.0969880e-03	   2.5164834e-04	  -4.5667138e-12	   7.1626768e+01	
   1.8425483e-03	   2.4098680e-04	  -1.5982045e-03	  -2.6604044e-04	  -4.6256024e-12	   7.1656849e+01	
  -1.6997259e-03	  -2.9980044e-04	  -1.9335868e-03	  -3.2622178e-04	  -4.4546356e-12	   7.1638027e+01	
   2.0139554e-04	   1.9065623e-05	  -4.5666875e-04	  -6.8267366e-05	  -4.9865323e-12	   7.1678088e+01	
   1.8610608e-03	   1.4133923e-04	  -1.5482308e-03	  -1.7920221e-04	  -5.1688970e-12	   7.1658722e+01	
   7.7364383e-04	   1.0056519e-04	   2.7026732e-03	   2.6663894e-04	  -4.8383612e-12	   7.1639521e+01	
  -1.4535923e-03	  -2.0691773e-04	   1.7725789e-03	   2.8472388e-04	  -4.4242415e-12	   7.1645165e+01	
   7.4674119e-04	   9.0274766e-05	  -2.2335099e-03	  -3.3912720e-04	  -4.8934504e-12	   7.1652040e+01	
   1.6142582e-03	   1.9603318e-04	  -1.7656619e-03	  -2.3833595e-04	  -5.2828748e-12	   7.1648107e+01	
  -1.7615517e-03	  -1.5710089e-04	   2.2255702e-03	   2.2701308e-04	  -4.6882902e-12	   7.1637839e+01	
  -3.5208567e-04	  -5.5827438e-05	   9.1808597e-04	   2.1156120e-04	  -4.8706549e-12	   7.1661208e+01	
  -1.9622857e-03	  -1.5510149e-04	   2.0606989e-03	   1.9391219e-04	  -4.9333427e-12	   7.1638505e+01	
   4.3472295e-04	   7.9319291e-05	   2.3850745e-03	   3.1403898e-04	  -5.0188261e-12	   7.1647210e+01	
   6.5828716e-04	   6.0565379e-05	   2.9726450e-03	   2.7567346e-04	  -4.8174652e-12	   7.1632271e+01	
  -1.5972678e-03	  -1.9756482e-04	   1.9347443e-03	   2.7086097e-04	  -4.6180039e-12	   7.1645449e+01	
   2.2747559e-03	   2.5985863e-04	   1.1442191e-03	   7.8711176e-05	  -5.1404025e-12	   7.1654444e+01	
   1.6431913e-04	   5.9411238e-05	   2.1046777e-03	   3.1952933e-04	  -4.7794726e-12	   7.1657454e+01	
   1.4918404e-03	   2.3575433e-04	  -1.3170003e-03	  -2.7074601e-04	  -4.6863906e-12	   7.1666106e+01	
  -8.0078485e-04	  -6.6962334e-05	   2.5185014e-03	   2.8258082e-04	  -5.0416217e-12	   7.1644635e+01	
  -5.1804202e-04	  -4.0950037e-05	   2.3975439e-03	   3.2038315e-04	  -4.9067479e-12	   7.1651377e+01	
  -1.3352285e-03	  -1.2866754e-04	   2.6603009e-03	   2.8643161e-04	  -4.5420187e-12	   7.1637378e+01	
  -1.3317422e-03	  -2.2371985e-04	   1.2871241e-03	   2.4993360e-04	  -5.0416217e-12	   7.1650622e+01	
  -5.9265419e-04	  -1.1268395e-04	  -1.2544586e-03	  -2.2052807e-04	  -5.1916925e-12	   7.1659842e+01	
  -9.5319005e-04	  -1.1492265e-04	   1.9940325e-03	   2.8794806e-04	  -4.6407995e-12	   7.1653637e+01	
  -2.3666033e-03	  -3.9980175e-04	   3.1714922e-04	   8.0775176e-05	  -4.8155656e-12	   7.1652489e+01	
  -1.8708447e-03	  -2.4996734e-04	   1.6097285e-03	   2.3956821e-04	  -4.5724128e-12	   7.1647778e+01	
   2.1373670e-03	   2.2797991e-04	   1.5034115e-03	   1.0640586e-04	  -5.2277856e-12	   7.1652518e+01	
   1.0639138e-03	   1.2054352e-04	   2.7721186e-03	   2.6674685e-04	  -4.6559965e-12	   7.1638155e+01	
   1.2217658e-03	   2.2941672e-04	  -1.0277213e-03	  -2.2142716e-04	  -4.5135242e-12	   7.1656781e+01	
  -2.2086289e-03	  -3.8303716e-04	   5.1803391e-06	   4.5212266e-06	  -4.6313014e-12	   7.1640094e+01	
  -2.7263811e-03	  -3.4492505e-04	  -5.7762635e-04	  -6.9558474e-05	  -5.0226254e-12	   7.1639476e+01	
  -2.1422135e-03	  -2.6597992e-04	   1.5366760e-03	   2.1997061e-04	  -5.0929117e-12	   7.1651592e+01	
  -2.3315349e-03	  -2.2172390e-04	  -1.4031603e-03	  -1.0140870e-04	  -5.3493620e-12	   7.1648897e+01	
   3.3018350e-05	   1.8855148e-05	   2.8609197e-03	   2.5877872e-04	  -5.0074283e-12	   7.1640579e+01	
   1.6747884e-03	   3.1349134e-04	   7.2513180e-04	   1.0761946e-04	  -4.7262829e-12	   7.1652481e+01	
  -1.4041234e-03	  -2.6593996e-04	  -1.6604883e-03	  -2.5889033e-04	  -4.8877515e-12	   7.1664605e+01	
   2.0961022e-03	   2.2129311e-04	   1.7534812e-03	   1.5071094e-04	  -5.0701161e-12	   7.1645030e+01	
  -2.3886872e-03	  -3.3982967e-04	   6.3670243e-04	   1.2253983e-04	  -4.8478593e-12	   7.1663597e+01	
   1.7751159e-03	   3.0146118e-04	  -1.3404665e-04	  -4.2566879e-05	  -4.9466401e-12	   7.1658162e+01	
  -1.5966194e-03	  -2.1518476e-04	  -2.4366093e-03	  -3.1466258e-04	  -4.7167847e-12	   7.1637661e+01	
  -4.8289777e-05	   3.5554956e-06	   1.2703124e-03	   2.8935954e-04	  -5.0777147e-12	   7.1653945e+01	
   1.2936855e-03	   2.7207118e-04	   6.9783451e-04	   1.1367532e-04	  -4.4907286e-12	   7.1655422e+01	
   2.2820847e-03	   4.3026615e-04	   7.2818676e-04	   1.0499989e-04	  -4.5648142e-12	   7.1642850e+01	
  -2.2674885e-03	  -2.7478273e-04	   6.9984066e-04	   1.1702012e-04	  -5.2182874e-12	   7.1651242e+01	
   7.6271531e-04	   1.0567134e-04	  -1.6570336e-03	  -2.9470556e-04	  -5.0454209e-12	   7.1660597e+01	
  -2.1323235e-03	  -2.8280438e-04	   7.3463360e-04	   1.3244280e-04	  -5.2087893e-12	   7.1652608e+01	
   9.6406986e-04	   1.9444634e-04	   1.6592271e-03	   2.7763396e-04	  -5.2752763e-12	   7.1647449e+01	
   1.4406402e-03	   2.6514292e-04	   1.5816434e-03	   2.3743711e-04	  -5.0169265e-12	   7.1648157e+01	
  -1.6440851e-03	  -2.6440258e-04	   1.5752956e-03	   2.9187105e-04	  -4.8877515e-12	   7.1660857e+01	
  -1.3751265e-03	  -2.6003372e-04	  -1.6011194e-03	  -2.4704484e-04	  -5.0948113e-12	   7.1665398e+01	
   1.6518675e-03	   2.7954754e-04	  -2.0547654e-04	  -7.7793632e-05	  -5.0549191e-12	   7.1660059e+01	
   5.7232787e-04	   6.7533156e-05	  -1.7245257e-03	  -2.8458592e-04	  -5.3474624e-12	   7.1659894e+01	
   1.2988957e-03	   2.2334217e-04	   1.6674362e-03	   2.0891731e-04	  -5.3113693e-12	   7.1654467e+01	
   1.2120269e-03	   1.9932216e-04	  -7.5316188e-04	  -1.7062778e-04	  -5.1973915e-12	   7.1663545e+01	
   8.6339784e-04	   1.1148730e-04	  -2.0465392e-03	  -3.0316962e-04	  -5.1878933e-12	   7.1655587e+01	
   1.2656220e-03	   2.0465356e-04	   1.6593285e-03	   2.0400808e-04	  -5.1252054e-12	   7.1660671e+01	
   1.3961474e-03	   2.3728628e-04	   1.5501894e-03	   1.9101511e-04	  -5.3037708e-12	   7.1654974e+01	
   1.3906816e-03	   7.6122759e-05	   2.1279819e-03	   7.2278829e-05	  -5.3626594e-12	   7.1631070e+01	
   1.1204190e-03	   2.4367291e-04	   1.8925382e-04	   4.1480445e-08	  -4.9333427e-12	   7.1661627e+01	
  -2.3097549e-03	  -3.1795535e-04	   8.2503880e-04	   1.3603087e-04	  -5.0796143e-12	   7.1650330e+01	
   1.3341003e-03	   1.5458840e-04	   2.1894781e-03	   2.0405659e-04	  -5.2847745e-12	   7.1648420e+01	
  -5.7922846e-04	  -5.2083190e-05	   1.8436582e-03	   2.3846372e-04	  -4.4736319e-12	   7.1651622e+01	
   1.5648981e-03	   1.9855382e-04	  -1.8690658e-03	  -2.6300290e-04	  -5.2125885e-12	   7.1650256e+01	
   9.5357609e-04	   1.0567825e-04	   2.4261467e-03	   2.8405219e-04	  -4.6237027e-12	   7.1645664e+01	
  -2.5848662e-03	  -4.1442887e-04	  -2.3689644e-04	  -1.3619843e-05	  -5.2220866e-12	   7.1652802e+01	
   2.5154260e-03	   3.2679974e-04	  -8.8644249e-04	  -1.2088447e-04	  -4.8060673e-12	   7.1641857e+01	
  -5.6962362e-04	  -1.7142126e-04	   6.0219305e-04	   1.6675830e-04	  -4.8820526e-12	   7.1657207e+01	
   2.3754882e-03	   4.1072092e-04	   1.1905225e-03	   1.7458691e-04	  -4.4185426e-12	   7.1641632e+01	
  -1.5510776e-03	  -1.2002237e-04	   2.3507807e-03	   2.0219469e-04	  -4.9694357e-12	   7.1641767e+01	
   1.5764921e-03	   1.7323877e-04	   1.6488708e-03	   1.4861346e-04	  -5.3151687e-12	   7.1657051e+01	
   3.1480695e-04	  -3.3526003e-06	  -4.2234065e-04	  -3.0398973e-05	  -4.4337397e-12	   7.1662582e+01	
   2.2721215e-03	   3.0981873e-04	  -5.3196990e-04	  -1.0032461e-04	  -5.0663169e-12	   7.1655512e+01	
   1.3341843e-03	   2.1113403e-04	   2.6450656e-03	   4.1019431e-04	  -4.6787921e-12	   7.1648913e+01	
   6.2255481e-04	   9.7712477e-05	  -1.5140106e-03	  -2.7251331e-04	  -5.2961723e-12	   7.1658887e+01	
   1.7402188e-03	   3.6664393e-04	   1.0715028e-03	   1.8597473e-04	  -4.6066061e-12	   7.1646979e+01	
   5.1499912e-04	   9.2317011e-05	   2.4887191e-03	   2.9846188e-04	  -5.2429826e-12	   7.1658701e+01	
   2.3894694e-03	   2.4129719e-04	   1.5453531e-04	  -3.6827749e-05	  -5.2524807e-12	   7.1662613e+01	
   7.1603199e-04	   1.3440128e-04	   1.7971764e-03	   2.5774102e-04	  -5.1669974e-12	   7.1659059e+01	
  -2.2735527e-03	  -3.9969410e-04	  -4.3542605e-05	   2.3760798e-05	  -4.6825913e-12	   7.1665815e+01	
   2.1194767e-03	   2.6863439e-04	   6.3007804e-04	   2.0728182e-05	  -5.3607598e-12	   7.1667435e+01	
   2.3121380e-03	   4.0993235e-04	   9.6910732e-04	   1.3679185e-04	  -4.5857102e-12	   7.1645001e+01	
  -1.0879111e-03	  -1.7785751e-04	  -1.5811667e-03	  -2.3452435e-04	  -5.3189679e-12	   7.1659619e+01	
   1.2875479e-03	   2.2523373e-04	   1.0513481e-03	   1.8114914e-04	  -4.7661751e-12	   7.1660642e+01	
   1.7354073e-03	   2.3111446e-04	   2.0202082e-03	   2.6543308e-04	  -4.8193648e-12	   7.1644828e+01	
   2.4767659e-04	   1.6377614e-05	  -2.4738623e-03	  -4.2908606e-04	  -5.0948113e-12	   7.1657348e+01	
   1.9799661e-03	   3.7105490e-04	   1.6646944e-03	   2.8880287e-04	  -4.5705131e-12	   7.1647441e+01	
   1.8486749e-04	   8.8079668e-05	   7.6918805e-04	   1.8435282e-04	  -5.1252054e-12	   7.1665598e+01	
  -4.4628977e-04	   1.6902499e-05	   1.1938444e-03	   6.4980083e-05	  -4.5021263e-12	   7.1651451e+01	
  -2.4131433e-03	  -3.5959903e-04	   1.5214620e-03	   2.4553994e-04	  -5.0074283e-12	   7.1653839e+01	
   8.0581200e-04	   1.7275245e-04	   1.3854310e-03	   2.1639401e-04	  -5.1726963e-12	   7.1660828e+01	
   1.8729865e-03	   3.4546219e-04	   1.0830109e-03	   1.3598507e-04	  -4.5268216e-12	   7.1668488e+01	
  -1.3025820e-03	  -2.2410309e-04	  -2.4667117e-04	  -2.6228840e-05	  -5.2847745e-12	   7.1666502e+01	
   2.3939089e-05	   3.6701333e-05	   1.4162364e-03	   2.8936196e-04	  -5.2277856e-12	   7.1658401e+01	
   2.2427270e-03	   3.2171250e-04	  -8.8000785e-06	  -5.6058604e-05	  -5.0245250e-12	   7.1668451e+01	
  -1.0890210e-04	  -2.0601456e-05	  -2.0947026e-03	  -3.9387666e-04	  -4.7091862e-12	   7.1650481e+01	
   1.1429322e-03	   2.4778653e-04	   1.3841711e-03	   2.4214213e-04	  -5.1271051e-12	   7.1653728e+01	
   1.9201562e-03	   2.3366793e-04	   5.0396635e-04	   2.9238171e-05	  -4.8706549e-12	   7.1670406e+01	
  -8.6987492e-05	  -1.8729982e-05	  -1.1454775e-03	  -2.1045773e-04	  -5.2125885e-12	   7.1672035e+01	
   1.4858044e-03	   2.8058221e-04	   1.3410723e-03	   2.4310273e-04	  -4.9105471e-12	   7.1656109e+01	
  -6.0722749e-04	  -8.4625213e-05	   1.3703234e-03	   2.5813942e-04	  -5.2695775e-12	   7.1662096e+01	
  -3.0129825e-03	  -4.5158497e-04	   5.8488365e-05	   2.6743875e-05	  -5.0549191e-12	   7.1659149e+01	
   2.0114354e-03	   3.2045042e-04	  -3.1467281e-04	  -5.4037445e-05	  -5.2391834e-12	   7.1659200e+01	
   1.0355553e-03	   2.0836132e-04	   1.8796734e-03	   3.2964337e-04	  -5.2296852e-12	   7.1655722e+01	
   1.8880186e-03	   2.8965929e-04	   1.0664981e-03	   1.5559342e-04	  -5.3645590e-12	   7.1652510e+01	
  -1.5704797e-03	  -1.3782821e-04	   2.1910015e-03	   1.8473935e-04	  -5.0986106e-12	   7.1647367e+01	
  -2.5408125e-04	  -2.8656006e-05	   2.4678847e-03	   2.1523518e-04	  -5.3569605e-12	   7.1655348e+01	
  -8.0986577e-04	  -7.2986547e-05	   1.8459534e-03	   2.4532303e-04	  -5.0872129e-12	   7.1672042e+01	
   1.8469664e-03	   2.3042806e-04	  -2.9064912e-04	  -6.6183408e-05	  -5.1878933e-12	   7.1675186e+01	
   1.3417708e-03	   1.8961956e-04	  -2.4244711e-03	  -3.8486460e-04	  -5.1973915e-12	   7.1648592e+01	
  -2.1441499e-03	  -3.5129600e-04	   1.0799975e-03	   2.0735816e-04	  -5.0986106e-12	   7.1665605e+01	
   2.4559157e-03	   3.8870795e-04	  -3.0378846e-04	  -7.9972628e-05	  -5.2372837e-12	   7.1645515e+01	
   1.1364949e-03	   1.5090560e-04	  -2.5620400e-03	  -4.2194198e-04	  -5.0473206e-12	   7.1665703e+01	
  -3.0311530e-03	  -4.1387459e-04	  -1.7288664e-03	  -2.1639195e-04	  -4.7319818e-12	   7.1663337e+01	
   2.4434862e-03	   3.4003220e-04	  -1.6402997e-03	  -2.7310819e-04	  -5.1328040e-12	   7.1660470e+01	
  -7.7644619e-04	  -6.8968407e-05	   2.3283367e-03	   2.9430699e-04	  -5.0302239e-12	   7.1669518e+01	
   9.4744151e-04	   1.2706313e-04	  -3.1453772e-03	  -5.1367210e-04	  -4.5268216e-12	   7.1673236e+01	
   2.8075848e-03	   3.5494719e-04	  -9.7243202e-04	  -1.5598320e-04	  -5.1916925e-12	   7.1655669e+01	
  -3.5244023e-03	  -4.7179013e-04	  -4.2458238e-04	  -4.6359039e-05	  -4.7908703e-12	   7.1664106e+01	
  -1.4323417e-03	  -2.1242356e-04	   3.2793252e-03	   4.6778351e-04	  -4.4394385e-12	   7.1669451e+01	
   1.7156409e-03	   3.3171086e-04	  -1.0753348e-03	  -2.5791384e-04	  -4.8801530e-12	   7.1675512e+01	
   3.1408471e-03	   4.5478788e-04	   1.2476688e-03	   1.4574365e-04	  -4.6635951e-12	   7.1669107e+01	
   2.2893766e-03	   3.9238554e-04	   3.9100150e-04	   1.6906094e-05	  -5.2429826e-12	   7.1669563e+01	
   2.9149690e-06	  -1.0213394e-05	   2.5362895e-03	   4.6028226e-04	  -5.0682165e-12	   7.1668794e+01	
   1.5825973e-03	   2.3194273e-04	   2.8605781e-03	   3.7344019e-04	  -4.9295435e-12	   7.1665793e+01	
  -2.9315176e-04	  -1.1637361e-04	  -6.5164199e-04	  -1.2538955e-04	  -5.1821944e-12	   7.1688191e+01	
   8.9041677e-04	   1.5214867e-04	   1.4492781e-03	   2.3646074e-04	  -4.9067479e-12	   7.1681045e+01	
   3.0664203e-03	   4.5988605e-04	   5.0791717e-04	   3.9127518e-05	  -5.0530195e-12	   7.1665778e+01	
   1.0832044e-03	   2.2961879e-04	  -3.4481665e-04	  -1.4503913e-04	  -5.2581797e-12	   7.1677186e+01	
  -7.2957229e-05	  -2.3761724e-05	  -3.3690970e-03	  -4.3920192e-04	  -4.9694357e-12	   7.1660030e+01	
   3.6746354e-04	  -1.1567943e-05	  -5.5685164e-04	  -5.3916154e-05	  -4.8478593e-12	   7.1688475e+01	
  -8.3012323e-04	  -1.8194161e-04	   1.3586809e-04	   1.0207885e-04	  -4.9276438e-12	   7.1682359e+01	
  -8.0481681e-04	  -1.0429832e-04	   2.2588792e-03	   3.7287278e-04	  -5.1726963e-12	   7.1670496e+01	
   2.6599238e-03	   3.8427593e-04	   1.8711115e-03	   2.3239655e-04	  -5.0549191e-12	   7.1665942e+01	
   2.1243050e-03	   3.1883539e-04	   2.5984906e-03	   3.5165873e-04	  -4.9086475e-12	   7.1668615e+01	
   7.5359960e-04	   2.2791115e-04	   6.8133997e-04	   1.1367983e-04	  -5.1935922e-12	   7.1678851e+01	
   1.4356314e-03	   9.6896481e-06	   5.8972839e-05	  -3.0978789e-05	  -4.9542386e-12	   7.1667600e+01	
  -2.9093783e-03	  -4.5950547e-04	  -6.1558490e-04	  -6.8656070e-05	  -4.6977884e-12	   7.1672109e+01	
   2.2838428e-03	   4.1664832e-04	   7.7763902e-04	   9.6229662e-05	  -4.6180039e-12	   7.1676297e+01	
   1.9746081e-03	   3.0735881e-04	   5.6394319e-04	   2.8784759e-05	  -4.8174652e-12	   7.1680022e+01	
   1.5834983e-03	   2.8370491e-04	   2.5410928e-03	   4.0038969e-04	  -4.8383612e-12	   7.1673714e+01	
   1.0955692e-03	   1.8204709e-04	  -4.1638301e-04	  -1.1997337e-04	  -5.3436630e-12	   7.1685995e+01	
   7.3429539e-05	  -3.1510913e-05	  -9.5422027e-04	  -2.1147837e-04	  -4.8269633e-12	   7.1687018e+01	
   4.6353371e-04	   9.6220137e-05	  -1.4341056e-03	  -2.9525798e-04	  -5.0397220e-12	   7.1675387e+01	
  -2.8617811e-04	  -1.1422229e-04	  -8.9131629e-04	  -1.8543565e-04	  -4.8155656e-12	   7.1685465e+01	
  -2.3027495e-04	  -9.8977650e-05	  -9.8492806e-04	  -2.1627570e-04	  -4.5914090e-12	   7.1684106e+01	
  -8.3260196e-04	  -1.6684435e-04	  -1.6287233e-03	  -2.7564919e-04	  -4.5572157e-12	   7.1680709e+01	
  -2.8745238e-04	  -2.1829109e-05	  -2.1242176e-03	  -1.8282834e-04	  -5.0492202e-12	   7.1675796e+01	
  -1.3839378e-03	  -3.2340385e-04	  -2.7282232e-04	  -1.3949957e-05	  -5.2049900e-12	   7.1678170e+01	
   4.9644296e-04	   4.3349980e-05	  -4.2297201e-04	  -1.5363881e-04	  -5.2277856e-12	   7.1689093e+01	
  -1.7162851e-03	  -2.2865329e-04	   4.5546974e-04	   1.0007475e-04	  -5.3626594e-12	   7.1681366e+01	
   5.8479367e-05	   3.4345436e-05	   1.8167670e-03	   2.3819620e-04	  -5.2809752e-12	   7.1682770e+01	
  -8.7368796e-04	  -1.1038008e-04	   3.2523714e-03	   4.7241419e-04	  -4.7509781e-12	   7.1673714e+01	
  -5.4847191e-04	  -6.1947573e-05	   3.3351774e-03	   4.7668763e-04	  -4.7319818e-12	   7.1673692e+01	
   4.5111568e-04	   7.2768594e-05	   2.0981876e-03	   3.5744178e-04	  -5.3740572e-12	   7.1664733e+01	
  -1.2633779e-04	  -1.0046131e-04	  -4.5196900e-04	   4.3091497e-06	  -5.1631981e-12	   7.1689220e+01	
   1.7811815e-03	   3.4854382e-04	  -8.4894111e-04	  -1.6860408e-04	  -5.1726963e-12	   7.1672101e+01	
  -7.7378112e-04	  -2.2046470e-04	  -1.5336368e-04	  -1.0758554e-05	  -4.8117663e-12	   7.1683069e+01	
   1.5832225e-03	   3.1310001e-04	   2.1398519e-03	   3.6187688e-04	  -4.8421604e-12	   7.1678194e+01	
   1.6922385e-03	   3.0181637e-04	  -3.5945506e-04	  -7.8234140e-05	  -4.5439183e-12	   7.1682270e+01	
   1.4542629e-03	   2.4176128e-04	   1.4982167e-03	   2.4056633e-04	  -4.6294016e-12	   7.1679613e+01	
   1.0737306e-03	   2.0286876e-04	  -1.1924279e-03	  -2.3835388e-04	  -4.9143464e-12	   7.1680165e+01	
   1.2603398e-03	   2.9225058e-04	   1.8779121e-03	   3.6156990e-04	  -4.5496172e-12	   7.1683300e+01	
  -2.7293737e-04	  -5.3521076e-05	  -1.3611289e-03	  -2.2862464e-04	  -5.3360645e-12	   7.1686398e+01	
   5.6371127e-04	   7.2477344e-05	  -3.3411229e-04	  -1.1508571e-04	  -4.7262829e-12	   7.1692610e+01	
   2.1663888e-03	   2.8377842e-04	   1.9962583e-04	   9.1939113e-07	  -4.9067479e-12	   7.1680748e+01	
   1.3935267e-03	   2.1715965e-04	   1.6202666e-03	   2.0350448e-04	  -4.5933086e-12	   7.1680202e+01	
  -7.7981333e-04	  -1.2692919e-04	  -1.6289349e-03	  -2.5181168e-04	  -5.3740572e-12	   7.1680255e+01	
  -1.2965693e-03	  -2.5064177e-04	  -1.1801551e-03	  -1.8651184e-04	  -4.6407995e-12	   7.1682584e+01	
   1.2951810e-03	   1.3322421e-04	   1.9375338e-03	   1.5141978e-04	  -4.4318400e-12	   7.1669831e+01	
   9.3707060e-04	   2.2203884e-04	   4.1096541e-04	   1.1868461e-05	  -4.6237027e-12	   7.1686525e+01	
   1.9812741e-03	   3.0609254e-04	   2.2493940e-03	   3.0341043e-04	  -5.1195066e-12	   7.1672199e+01	
   8.3019433e-04	   2.3039416e-04	   1.5007219e-03	   2.9161395e-04	  -4.7053869e-12	   7.1681740e+01	
   1.2847205e-03	   2.1971515e-04	   1.6116713e-03	   2.4506651e-04	  -4.4166429e-12	   7.1679791e+01	
   1.9197079e-03	   3.3145009e-04	   6.5312134e-04	   5.3189285e-05	  -4.5876098e-12	   7.1683122e+01	
  -1.6009650e-03	  -2.7562650e-04	  -2.8319746e-04	  -1.9094604e-05	  -5.2638786e-12	   7.1681844e+01	
   1.4083432e-03	   2.4714159e-04	  -5.2660314e-04	  -1.6839920e-04	  -5.2220866e-12	   7.1679732e+01	
   2.2895578e-03	   2.0984735e-04	   9.2005408e-05	  -1.5200563e-05	  -4.5686134e-12	   7.1672990e+01	
  -1.2777845e-03	  -2.6790203e-04	  -6.4871704e-04	  -8.5486509e-05	  -4.7889707e-12	   7.1684048e+01	
   6.7878952e-04	   1.1989301e-04	   1.3905905e-05	  -8.5318958e-05	  -5.1100084e-12	   7.1691586e+01	
  -4.9265469e-04	  -3.9669061e-05	   1.1938244e-03	   2.9467570e-04	  -4.5097249e-12	   7.1684143e+01	
   5.0288229e-05	   9.7537307e-05	   1.1610505e-03	   2.2412266e-04	  -4.6028069e-12	   7.1684398e+01	
   7.8209554e-04	   5.1237936e-05	  -2.2435173e-04	  -9.6677623e-05	  -4.7794726e-12	   7.1688199e+01	
   1.2602525e-03	   2.8046574e-04	   2.0320195e-03	   3.7527693e-04	  -4.5363197e-12	   7.1684472e+01	
   2.7651800e-05	   3.0247795e-05	   3.7732166e-05	   8.1637610e-05	  -4.8630563e-12	   7.1689520e+01	
   1.3492601e-03	   2.8126624e-04	  -3.0931335e-04	  -1.3666664e-04	  -4.8136660e-12	   7.1683568e+01	
   3.3710414e-05	  -2.1238459e-06	  -1.7618367e-03	  -2.5904205e-04	  -5.1821944e-12	   7.1687257e+01	
   2.1136837e-03	   2.9905223e-04	   3.0356054e-04	   1.6947194e-05	  -4.8136660e-12	   7.1682008e+01	
   1.8165595e-04	   1.2100608e-05	  -1.4960787e-03	  -2.7815308e-04	  -5.2182874e-12	   7.1683517e+01	
  -1.4169384e-03	  -2.1727038e-04	  -1.5620603e-03	  -2.3573889e-04	  -4.7433795e-12	   7.1680531e+01	
   1.7534769e-03	   2.8357659e-04	  -1.0571438e-03	  -1.9600066e-04	  -4.5306208e-12	   7.1682225e+01	
   1.3600349e-03	  -4.9644356e-06	   1.4742148e-04	  -3.9178972e-05	  -5.3702579e-12	   7.1671369e+01	
   1.6884724e-03	   2.8975475e-04	  -8.3188912e-04	  -1.5172458e-04	  -4.5230223e-12	   7.1683711e+01	
  -1.6697594e-03	  -2.1472284e-04	   9.9666194e-04	   1.5990311e-04	  -5.3645590e-12	   7.1682045e+01	
   1.3356373e-03	   2.7224606e-04	   2.0550087e-04	  -1.3153624e-05	  -4.4603345e-12	   7.1688833e+01	
  -2.2167257e-04	  -3.9584854e-06	   1.9357037e-03	   3.9614947e-04	  -5.0511199e-12	   7.1681270e+01	
   1.6141226e-03	   3.2129187e-05	  -2.0826533e-04	  -2.7628396e-05	  -4.7395803e-12	   7.1669385e+01	
  -1.4340515e-03	  -2.3360951e-04	   1.3502881e-03	   2.4720971e-04	  -4.4736319e-12	   7.1681613e+01	
   5.2481068e-04	   5.1350888e-05	  -2.0069115e-03	  -2.2081121e-04	  -5.0796143e-12	   7.1685339e+01	
   5.0838624e-04	   5.2489921e-05	   1.8965849e-03	   1.0350759e-04	  -5.2125885e-12	   7.1677223e+01	
  -5.2894371e-04	  -1.7044950e-04	  -2.6097182e-04	   3.3453017e-05	  -4.4641338e-12	   7.1690072e+01	
   1.0113783e-03	   1.6667163e-04	  -6.4354321e-04	  -1.8541858e-04	  -5.2714771e-12	   7.1685966e+01	
   6.7736638e-04	   1.7779617e-04	   8.8876183e-04	   2.1767766e-04	  -4.7680748e-12	   7.1682740e+01	
   1.7446678e-03	   7.1966725e-05	  -9.7471347e-04	  -6.2953534e-05	  -4.6351006e-12	   7.1669870e+01	
  -5.9012956e-04	  -9.9154565e-05	  -1.6807845e-03	  -2.6935569e-04	  -5.3607598e-12	   7.1681427e+01	
   9.3364407e-04	   1.7731996e-04	  -4.5470474e-04	  -1.3218577e-04	  -4.4565352e-12	   7.1693745e+01	
  -1.9507129e-03	  -1.1606710e-04	  -7.8604420e-04	  -2.5635035e-05	  -4.8288630e-12	   7.1673602e+01	
   5.0819715e-04	   1.4000397e-04	   9.2549706e-04	   1.0742973e-04	  -4.4166429e-12	   7.1690220e+01	
   1.7506938e-03	   1.1707493e-04	  -1.1188030e-03	  -1.0005554e-04	  -5.0815140e-12	   7.1679979e+01	
   2.0306488e-03	   3.1362042e-04	  -5.4010821e-04	  -8.6991606e-05	  -4.6711936e-12	   7.1682719e+01	
   1.9059562e-03	   1.6504690e-04	  -1.1956821e-03	  -1.2712121e-04	  -4.7034873e-12	   7.1677746e+01	
  -1.8735116e-03	  -1.2083573e-04	   1.2234188e-03	   1.0578382e-04	  -4.6294016e-12	   7.1672228e+01	
  -1.1804813e-03	  -6.0513046e-05	   1.6424551e-03	   1.1941647e-04	  -4.9637368e-12	   7.1675714e+01	
  -1.8112194e-03	  -2.5801403e-04	  -1.3347268e-03	  -1.6172566e-04	  -4.6540968e-12	   7.1682501e+01	
   8.2702105e-04	   9.0290904e-05	  -4.4103665e-04	  -1.2269554e-04	  -4.4489367e-12	   7.1692498e+01	
  -6.6039602e-04	  -1.2027683e-04	   7.6744514e-05	   8.9919629e-05	  -4.8136660e-12	   7.1692318e+01	
  -1.2659552e-05	  -4.7248400e-05	  -1.7093464e-04	  -9.5147111e-05	  -4.5420187e-12	   7.1689377e+01	
   6.5745679e-04	   1.6035371e-04	   7.3721910e-04	   1.1400253e-04	  -4.9352424e-12	   7.1693700e+01	
  -3.3795639e-04	  -1.5490610e-04	  -2.4638243e-04	  -8.6093273e-05	  -4.6692939e-12	   7.1686257e+01	
   8.5531858e-04	   1.5134510e-04	  -6.6055012e-04	  -1.6260089e-04	  -4.6104054e-12	   7.1694745e+01	
  -2.3256598e-03	  -2.0976126e-04	  -7.3360708e-05	   1.5301389e-05	  -4.6332010e-12	   7.1675229e+01	
  -1.3612161e-04	  -4.6488172e-05	   4.2632854e-04	   1.6189950e-04	  -5.1669974e-12	   7.1689528e+01	
   7.5878454e-04	   5.9551395e-05	   1.9075529e-03	   8.1702206e-05	  -4.4774311e-12	   7.1668817e+01	
   2.1802875e-03	   2.7625334e-04	  -1.9223157e-04	  -3.6767437e-05	  -4.9048483e-12	   7.1684130e+01	
   2.2227259e-04	  -2.1211774e-05	  -9.0424826e-04	  -1.8659868e-04	  -5.1176070e-12	   7.1695066e+01	
   7.6513042e-04	   1.7472546e-04	  -1.1528265e-03	  -2.6070323e-04	  -4.4831301e-12	   7.1685220e+01	
   6.6443642e-04	   2.0324148e-04	  -3.4485763e-04	  -1.1195756e-04	  -4.6237027e-12	   7.1687496e+01	
   8.3701772e-04	   2.0476823e-04	   1.0030200e-03	   1.2721317e-04	  -4.8706549e-12	   7.1689347e+01	
   7.2760006e-04	   1.1484902e-04	   3.4793446e-04	   1.4040809e-05	  -4.7566770e-12	   7.1696679e+01	
   2.0998739e-03	   2.2780036e-04	  -9.6813088e-04	  -1.2772673e-04	  -4.5591153e-12	   7.1680910e+01	
   2.1250167e-03	   2.8144261e-04	  -8.5827257e-05	  -1.8301290e-05	  -5.0948113e-12	   7.1685883e+01	
   6.4938960e-04	   1.5304700e-04	   1.5513363e-03	   2.2364668e-04	  -5.0112276e-12	   7.1688578e+01	
   9.3045746e-04	   2.1470545e-04	   1.1796194e-03	   1.8235114e-04	  -4.5249220e-12	   7.1689117e+01	
  -1.7450651e-03	  -1.4405931e-04	  -1.2842973e-03	  -7.8956213e-05	  -4.8174652e-12	   7.1679337e+01	
   1.2336096e-03	   1.7710223e-04	   1.3124177e-03	   1.6316962e-04	  -5.1859936e-12	   7.1690072e+01	
   9.4351617e-04	   1.5681614e-04	   1.8620047e-03	   2.3661036e-04	  -4.8193648e-12	   7.1687758e+01	
   7.5071727e-04	   8.2148009e-05	  -7.1810191e-04	  -1.6119377e-04	  -4.5382193e-12	   7.1694939e+01	
   1.6623415e-04	  -2.0275679e-05	  -1.1770947e-04	  -6.3288214e-05	  -4.4394385e-12	   7.1692960e+01	
   3.0986085e-04	   7.6510095e-05	  -1.0438462e-03	  -2.6138490e-04	  -4.8459597e-12	   7.1686377e+01	
  -1.8589146e-03	  -2.8545909e-04	  -5.1712578e-04	  -5.1538553e-05	  -5.1992911e-12	   7.1687839e+01	
   1.3491995e-03	   1.8246307e-04	   1.9268013e-03	   2.5720379e-04	  -4.5952083e-12	   7.1682971e+01	
   1.4075067e-03	   2.6254151e-04	   4.6513053e-04	   2.1439720e-05	  -4.7072866e-12	   7.1690661e+01	
  -1.1406520e-03	  -1.6977267e-04	   6.6443088e-04	   1.7150401e-04	  -4.7585766e-12	   7.1691536e+01	
  -1.6870864e-04	   1.2221627e-05	   2.1497896e-03	   3.2908476e-04	  -4.7091862e-12	   7.1688085e+01	
   1.0282658e-03	   1.5139050e-04	   2.4920780e-05	  -6.2530102e-05	  -5.1309043e-12	   7.1697344e+01	
  -1.0134053e-03	  -2.3205673e-04	  -5.6112425e-04	  -8.4821130e-05	  -5.1688970e-12	   7.1690804e+01	
  -1.1580486e-03	  -2.2290476e-04	  -4.5330399e-04	  -2.7737599e-05	  -4.4603345e-12	   7.1693223e+01	
   2.1596344e-03	   2.3866947e-04	   9.9735394e-04	   8.2162679e-05	  -4.5306208e-12	   7.1681329e+01	
  -7.5696612e-05	  -4.8469109e-05	  -2.9075000e-04	  -7.1694146e-05	  -4.7224837e-12	   7.1700090e+01	
  -8.8364099e-05	  -2.6660700e-05	  -2.2380115e-03	  -2.8580267e-04	  -4.8535582e-12	   7.1688653e+01	
  -2.0426876e-03	  -2.4560208e-04	  -8.3378140e-05	   1.0857349e-05	  -5.2144881e-12	   7.1689236e+01	
   2.5730458e-04	   2.4741718e-05	  -3.0451994e-04	  -4.5276944e-05	  -4.9352424e-12	   7.1706549e+01	
  -1.1555360e-03	  -1.6504075e-04	  -1.9888547e-03	  -2.4539658e-04	  -4.6844909e-12	   7.1686809e+01	
   1.7585937e-03	   2.5599186e-04	   7.6951193e-04	   7.4785608e-05	  -4.8972496e-12	   7.1692050e+01	
  -6.9715495e-04	  -7.6547088e-05	   1.6492615e-03	   3.0146513e-04	  -4.7927700e-12	   7.1690997e+01	
  -1.5871293e-03	  -2.3533667e-04	  -1.7959759e-03	  -2.2560364e-04	  -4.4622341e-12	   7.1685913e+01	
   1.0269306e-03	   1.0547462e-04	  -8.4832554e-04	  -1.5102353e-04	  -4.7775729e-12	   7.1695708e+01	
  -1.3827474e-03	  -2.0301886e-04	   3.3265187e-04	   1.1329713e-04	  -4.4603345e-12	   7.1692857e+01	
   8.9539995e-04	   8.7655603e-05	  -9.5921104e-04	  -1.7205062e-04	  -4.9599376e-12	   7.1696695e+01	
  -1.0494267e-03	  -1.6153387e-04	  -3.7183972e-04	   1.9632159e-05	  -5.2125885e-12	   7.1696374e+01	
   6.0562005e-04	   6.1364410e-05	  -1.3368552e-03	  -2.6283209e-04	  -4.8269633e-12	   7.1693117e+01	
   1.3691617e-03	   1.9166840e-04	  -1.2007915e-05	  -4.2115130e-05	  -4.6218031e-12	   7.1695477e+01	
   1.4983208e-03	   2.3507052e-04	   3.8527249e-04	   7.1885199e-06	  -4.4698326e-12	   7.1693528e+01	
  -2.1936291e-03	  -2.4778994e-04	   6.3362422e-04	   1.0007679e-04	  -4.7946696e-12	   7.1685159e+01	
  -9.2387679e-04	  -1.5126926e-04	  -1.6176370e-03	  -2.4187713e-04	  -5.0815140e-12	   7.1692387e+01	
  -1.5955944e-03	  -3.0981038e-04	   3.7388174e-04	   9.8262112e-05	  -4.4888290e-12	   7.1689684e+01	
   1.5032097e-03	   2.4218399e-04	   1.3568355e-03	   1.4939605e-04	  -4.9732349e-12	   7.1691080e+01	
   1.2076765e-03	   1.3341181e-04	  -4.6452181e-04	  -9.1399214e-05	  -4.9922313e-12	   7.1698515e+01	
   2.0264662e-03	   2.0568755e-04	  -8.1064825e-04	  -9.7408253e-05	  -5.2999716e-12	   7.1687676e+01	
   1.5665620e-04	   2.8784244e-05	   2.0975002e-03	   2.9066587e-04	  -5.1252054e-12	   7.1690095e+01	
   1.7359114e-03	   1.2129766e-04	  -9.5107963e-04	  -8.8561736e-05	  -5.3455628e-12	   7.1686690e+01	
  -1.3976646e-03	  -2.1706410e-04	   7.0324498e-04	   1.6307667e-04	  -4.8687553e-12	   7.1692356e+01	
  -1.3471952e-04	   1.2675090e-05	   2.0131217e-03	   2.1523593e-04	  -5.3170683e-12	   7.1689692e+01	
  -2.1369144e-03	  -2.9460994e-04	  -5.4393569e-04	  -3.8418521e-05	  -4.9124467e-12	   7.1689138e+01	
  -1.9285252e-03	  -2.5028808e-04	   9.3320268e-04	   1.4899991e-04	  -4.9865323e-12	   7.1689729e+01	
   2.6096028e-04	   8.8833639e-05	   7.7801684e-04	   1.9246309e-04	  -5.2372837e-12	   7.1693477e+01	
   3.0891051e-04	   2.6217963e-05	  -1.2909608e-04	  -7.9412911e-05	  -4.5838105e-12	   7.1697464e+01	
   1.7453272e-03	   1.1711870e-04	   1.4255182e-03	   7.2425811e-05	  -4.5971079e-12	   7.1676305e+01	
   2.4615548e-03	   2.5372002e-04	   1.4963104e-04	  -2.7630970e-06	  -4.4204422e-12	   7.1680470e+01	
   1.3518766e-03	   1.9817808e-04	  -1.8138020e-03	  -2.9492631e-04	  -4.4451374e-12	   7.1689758e+01	
   3.3401434e-04	   8.3768095e-05	   1.2010841e-04	  -1.8258830e-05	  -4.9295435e-12	   7.1702443e+01	
  -1.1637889e-03	  -2.2236095e-04	  -1.3349997e-03	  -2.0793760e-04	  -4.8212644e-12	   7.1692342e+01	
   2.1608160e-04	   6.6155454e-05	  -1.4949235e-04	  -8.1782406e-05	  -4.8440601e-12	   7.1699217e+01	
  -2.0221762e-03	  -2.9292058e-04	  -3.0465176e-04	  -1.6483801e-05	  -5.0739154e-12	   7.1690833e+01	
  -1.3688757e-03	  -2.5280232e-04	  -7.5500794e-05	   2.3014495e-05	  -4.7452791e-12	   7.1694700e+01	
  -7.1489888e-04	  -9.6900335e-05	  -2.0552905e-03	  -2.5602069e-04	  -5.1688970e-12	   7.1690371e+01	
  -1.5562823e-03	  -2.2802477e-04	   3.9947762e-04	   1.0762662e-04	  -5.0055287e-12	   7.1694326e+01	
  -9.1427157e-04	  -1.6282569e-04	  -1.3761726e-03	  -1.8979666e-04	  -5.1859936e-12	   7.1695536e+01	
   2.1599667e-03	   2.7845976e-04	   9.6133019e-06	  -2.5538143e-05	  -4.9523390e-12	   7.1691631e+01	
  -6.3549298e-04	  -1.3086426e-04	  -1.2412342e-03	  -2.1546412e-04	  -4.5496172e-12	   7.1696597e+01	
  -9.7004550e-04	  -1.8485660e-04	  -1.3726273e-03	  -2.1110729e-04	  -4.9770342e-12	   7.1694469e+01	
  -8.2401532e-04	  -2.0440457e-04	  -1.1871537e-03	  -2.3553917e-04	  -4.4185426e-12	   7.1692117e+01	
  -5.0629704e-04	  -9.6113142e-05	  -1.7084304e-03	  -2.6051618e-04	  -5.1688970e-12	   7.1694148e+01	
  -1.3574766e-04	  -5.0914071e-05	  -1.6447425e-03	  -2.9083216e-04	  -4.6540968e-12	   7.1694514e+01	
   7.2831211e-04	   9.5940477e-05	  -1.8716444e-03	  -2.9421533e-04	  -4.8725545e-12	   7.1693700e+01	
   1.3098482e-03	   2.2314582e-04	   1.2376466e-03	   1.5433927e-04	  -4.7585766e-12	   7.1694037e+01	
   1.4235247e-03	   2.1839030e-04	   7.3637734e-04	   6.2143333e-05	  -4.9333427e-12	   7.1696053e+01	
  -1.2738250e-03	  -2.2974116e-04	  -9.7301667e-04	  -1.3984383e-04	  -5.1328040e-12	   7.1694051e+01	
   1.7781312e-03	   3.0982568e-04	  -7.6395427e-04	  -1.5040046e-04	  -4.4565352e-12	   7.1692639e+01	
  -7.8494902e-04	  -1.7234007e-04	  -1.0907321e-03	  -1.7734711e-04	  -4.7357810e-12	   7.1696963e+01	
   1.6209490e-03	   1.6999859e-04	   1.9530344e-03	   2.0497195e-04	  -4.4907286e-12	   7.1682703e+01	
  -1.0703501e-03	  -1.8650964e-04	   1.1895838e-03	   2.5797478e-04	  -4.4299404e-12	   7.1693148e+01	
  -1.4820240e-03	  -2.6659270e-04	  -7.6895078e-04	  -1.2809346e-04	  -5.0055287e-12	   7.1692326e+01	
  -1.3040551e-03	  -2.4456291e-04	   1.6113835e-04	   7.4045941e-05	  -4.5781116e-12	   7.1696111e+01	
  -6.4768175e-04	  -5.3848967e-05	   1.5362762e-03	   2.5564307e-04	  -4.8706549e-12	   7.1693955e+01	
   1.2233999e-03	   2.1628312e-04	  -9.8488746e-05	  -8.8137162e-05	  -4.5382193e-12	   7.1697180e+01	
   1.0720973e-03	   1.5702696e-04	  -1.1261082e-03	  -1.9141196e-04	  -4.8250637e-12	   7.1698560e+01	
   6.1908202e-04	   1.6208853e-04	   1.4452500e-03	   2.1875129e-04	  -4.9618372e-12	   7.1693722e+01	
  -5.2698809e-04	  -6.7635939e-05	   1.7889720e-03	   3.2352787e-04	  -4.5743124e-12	   7.1693931e+01	
  -1.0276314e-03	  -1.6548526e-04	  -8.2603557e-04	  -7.7340078e-05	  -5.2163877e-12	   7.1699740e+01	
   1.1872548e-04	   4.1591723e-05	   2.1858239e-03	   3.4131541e-04	  -4.4394385e-12	   7.1692512e+01	
   1.3295463e-03	   1.7735536e-04	   1.6220414e-03	   1.7961102e-04	  -5.3531612e-12	   7.1692042e+01	
  -1.1565961e-03	  -1.6069469e-04	  -3.7012806e-04	   7.9981804e-07	  -5.1688970e-12	   7.1700084e+01	
  -1.5350453e-03	  -2.3360062e-04	   1.1158251e-03	   2.0694065e-04	  -4.7490785e-12	   7.1694141e+01	
   1.3228353e-03	   1.6627404e-04	  -5.0415935e-04	  -1.0231505e-04	  -4.5743124e-12	   7.1697978e+01	
  -7.0926229e-05	   4.9626035e-05	   1.3546850e-03	   1.8246060e-04	  -5.2182874e-12	   7.1696605e+01	
  -8.1091764e-04	  -1.6627745e-04	  -1.2481353e-03	  -2.1091457e-04	  -5.0815140e-12	   7.1695597e+01	
   2.2111183e-03	   2.7736895e-04	   1.4558169e-04	  -6.6650332e-06	  -4.9694357e-12	   7.1692902e+01	
  -4.4264289e-04	  -1.7835804e-05	   1.3603581e-03	   2.5633557e-04	  -5.1062092e-12	   7.1694037e+01	
  -7.2143937e-04	  -8.5688587e-05	   2.2068207e-03	   3.2253936e-04	  -4.5097249e-12	   7.1691252e+01	
   1.8566645e-03	   2.7520682e-04	  -1.1062976e-03	  -1.8478794e-04	  -4.6388998e-12	   7.1693827e+01	
   1.6577271e-03	   2.5364266e-04	  -1.4664816e-03	  -2.4720431e-04	  -4.4679330e-12	   7.1693313e+01	
   1.9376146e-03	   2.9298667e-04	  -6.1141505e-05	  -3.7900006e-05	  -4.7775729e-12	   7.1695649e+01	
   1.5846458e-05	  -1.4213362e-05	  -1.0322483e-03	  -2.4270819e-04	  -4.6161043e-12	   7.1698403e+01	
   2.3464364e-04	  -5.4581889e-05	  -9.0194499e-04	  -1.3886184e-04	  -4.8269633e-12	   7.1697806e+01	
  -6.1669159e-04	  -1.6826327e-04	  -4.6933153e-04	  -7.1466481e-05	  -4.4413381e-12	   7.1701644e+01	
  -1.9856729e-04	  -6.2315537e-05	  -1.5849342e-03	  -2.6349653e-04	  -4.9238445e-12	   7.1697859e+01	
  -1.1216092e-03	  -2.2044216e-04	   1.2859727e-03	   2.5409757e-04	  -4.5857102e-12	   7.1694289e+01	
  -3.9127654e-04	  -1.1582608e-04	  -2.3226255e-04	  -3.8885065e-05	  -5.2144881e-12	   7.1706997e+01	
  -5.9741943e-04	  -1.5016862e-04	  -8.5091205e-05	   1.7946551e-05	  -5.2448822e-12	   7.1703907e+01	
   1.6101237e-03	   2.6402161e-04	  -1.1013845e-03	  -2.1336844e-04	  -4.4584349e-12	   7.1696059e+01	
  -1.0595678e-03	  -2.4775241e-04	  -4.7485174e-04	  -5.8599456e-05	  -4.6388998e-12	   7.1697530e+01	
   5.4798228e-04	   9.5885517e-05	  -9.2976426e-04	  -2.3545691e-04	  -4.5002267e-12	   7.1699583e+01	
   3.6947076e-04	   1.0661975e-04	  -1.4388147e-05	  -6.2143715e-06	  -5.0568188e-12	   7.1708639e+01	
   1.2974854e-03	   2.4294383e-04	   2.1053166e-04	   1.8635635e-05	  -5.1309043e-12	   7.1699427e+01	
   1.7683684e-03	   2.7674822e-04	   1.2940977e-03	   1.8127183e-04	  -4.4945279e-12	   7.1694984e+01	
   3.4658690e-04	   2.7823457e-05	  -7.6605668e-04	  -1.9372298e-04	  -4.5325204e-12	   7.1701785e+01	
   5.1606593e-04	   8.7754651e-05	  -8.9500231e-04	  -1.8630798e-04	  -5.1442018e-12	   7.1703554e+01	
   4.8541100e-04	   8.9749260e-05	  -5.9583025e-05	  -3.6328257e-05	  -5.0606180e-12	   7.1711275e+01	
  -3.3480051e-04	  -6.1088112e-05	   4.4960859e-04	   1.1102919e-04	  -5.3759569e-12	   7.1708663e+01	
  -3.1098871e-04	  -5.7575621e-05	  -2.1164377e-03	  -3.1133296e-04	  -4.7946696e-12	   7.1697403e+01	
  -1.8516170e-03	  -3.0020015e-04	   3.6442302e-05	   1.4629816e-05	  -5.0568188e-12	   7.1697217e+01	
  -1.9232596e-03	  -2.5951701e-04	  -1.2543179e-03	  -1.6331546e-04	  -4.7908703e-12	   7.1695096e+01	
  -9.7381155e-04	  -1.1175141e-04	  -2.1778466e-03	  -2.5568131e-04	  -4.7680748e-12	   7.1693364e+01	
   5.9314628e-04	   1.1986642e-04	  -1.2009528e-04	  -7.0149438e-05	  -4.9276438e-12	   7.1708140e+01	
   1.2868927e-03	   2.4738411e-04	   1.1108843e-03	   1.3584517e-04	  -4.8858519e-12	   7.1699695e+01	
   1.8766620e-03	   2.7592336e-04	   1.1310197e-04	  -3.9342946e-05	  -5.0492202e-12	   7.1698814e+01	
  -3.4852664e-04	  -7.0489526e-05	  -4.5649265e-04	  -3.8563269e-05	  -4.4546356e-12	   7.1710095e+01	
  -4.5117969e-04	  -5.5377231e-05	  -5.7495395e-05	   3.4971127e-05	  -4.7528778e-12	   7.1710395e+01	
  -2.1710011e-03	  -3.2114111e-04	   1.2651453e-04	   2.5079037e-05	  -4.6635951e-12	   7.1699724e+01	
   1.6915547e-04	   8.1274610e-05	   2.0522789e-04	   3.9728831e-06	  -4.7946696e-12	   7.1710445e+01	
   1.9361127e-03	   3.3762348e-04	  -2.7621974e-03	  -5.2663244e-04	  -5.3208675e-12	   7.1673258e+01	
  -1.0147858e-04	   6.6092393e-05	   1.2235047e-04	   8.8421647e-05	  -5.2353841e-12	   7.1704437e+01	
  -8.8897476e-05	  -7.6908361e-05	  -3.0982544e-05	   4.5157384e-05	  -4.4109440e-12	   7.1709684e+01	
  -1.4835269e-03	  -2.6456996e-04	  -1.1373840e-03	  -1.5278136e-04	  -4.4242415e-12	   7.1707819e+01	
  -1.5134209e-03	  -2.2438821e-04	  -1.1906752e-03	  -1.6925977e-04	  -5.1195066e-12	   7.1704639e+01	
   2.9185836e-04	   1.2617119e-04	   1.1342288e-04	   1.0800207e-05	  -4.8402608e-12	   7.1710700e+01	
   4.4782818e-05	   1.8006670e-05	   1.2669135e-04	  -5.2450498e-06	  -4.7395803e-12	   7.1715732e+01	
  -1.2194244e-03	  -2.4446678e-04	   7.0991593e-04	   1.5224745e-04	  -4.6863906e-12	   7.1708663e+01	
  -1.3272750e-04	  -1.9105735e-05	   4.0730482e-04	   1.2472048e-04	  -4.6483980e-12	   7.1716904e+01	
  -3.6427270e-05	   1.7491006e-05	   2.2372511e-07	   2.6271916e-05	  -4.4622341e-12	   7.1718472e+01	
   3.3829302e-05	   1.2618721e-05	   1.4680581e-04	   2.2249636e-05	  -4.6275020e-12	   7.1720914e+01	
  -2.0013712e-03	  -1.5906211e-04	  -6.7181466e-04	  -1.6796051e-05	  -4.8231641e-12	   7.1702302e+01	
  -6.5956491e-04	  -1.0033136e-04	   8.9543019e-05	   3.6677372e-05	  -4.6768925e-12	   7.1724662e+01	
   1.9440080e-04	   6.3205584e-05	   4.5851441e-04	   1.0042636e-04	  -4.4489367e-12	   7.1721861e+01	
   1.7840480e-03	   7.6981846e-05	  -4.9119042e-04	  -5.2681650e-05	  -5.1631981e-12	   7.1699531e+01	
  -1.0226822e-04	   1.2575908e-06	   5.0432166e-04	   7.8034745e-05	  -4.8250637e-12	   7.1726559e+01	
   2.4377055e-04	   5.0366706e-05	   5.0232279e-04	   4.9690684e-05	  -4.6825913e-12	   7.1724930e+01	
   4.5988881e-04	   1.8062083e-04	   7.2285930e-04	   1.2230699e-04	  -4.6009073e-12	   7.1720989e+01	
  -7.7665130e-04	  -2.1277034e-04	  -1.2673742e-04	   5.1619424e-05	  -5.1404025e-12	   7.1711774e+01	
   2.4983191e-04	  -1.6413058e-06	  -1.3161965e-03	  -3.0537866e-04	  -5.1631981e-12	   7.1707535e+01	
   8.0126591e-05	   3.2725947e-05	   1.1128701e-03	   2.2721506e-04	  -5.2144881e-12	   7.1714105e+01	
   5.0690514e-04	   1.2422264e-04	   3.2278916e-04	   3.4725033e-05	  -5.3075700e-12	   7.1720816e+01	
   1.0648031e-03	   1.7696310e-04	   1.4336368e-03	   2.0384304e-04	  -4.8706549e-12	   7.1716538e+01	
  -1.6178253e-04	  -8.2806296e-05	  -9.0505831e-05	  -1.2382543e-05	  -4.8022681e-12	   7.1724535e+01	
  -3.3063493e-04	   7.4974203e-06	   3.4132453e-04	   5.1942841e-05	  -4.4318400e-12	   7.1729461e+01	
   3.9129769e-04	   3.6324766e-05	  -1.6344836e-05	  -7.3161770e-06	  -4.5306208e-12	   7.1729111e+01	
   7.9755870e-04	   2.1253041e-04	   1.2170853e-03	   2.3351965e-04	  -5.0511199e-12	   7.1716262e+01	
  -2.3146835e-04	  -7.2337816e-05	  -7.7703891e-04	  -2.1874385e-04	  -4.9295435e-12	   7.1719824e+01	
   1.7396790e-03	   2.4182455e-04	   1.4371321e-04	   8.0326164e-06	  -5.2657782e-12	   7.1717076e+01	
   2.0060520e-04	  -4.1118842e-05	  -1.3734605e-04	   1.8008826e-05	  -4.9884320e-12	   7.1724870e+01	
   3.0129563e-05	  -1.8266361e-07	  -4.5752411e-04	  -1.9038010e-04	  -4.6616955e-12	   7.1726893e+01	
   3.4484745e-05	   2.5969339e-05	   4.4134692e-05	  -3.5025748e-05	  -4.6028069e-12	   7.1732493e+01	
   2.0249335e-03	   4.2539947e-04	   4.5244364e-04	   5.3549896e-05	  -4.5781116e-12	   7.1733553e+01	
   6.8742974e-05	   3.8905930e-05	   3.6393611e-04	   4.2412653e-05	  -4.6692939e-12	   7.1732784e+01	
  -2.7346744e-04	  -3.5674263e-05	  -2.7230110e-05	   1.7021629e-05	  -5.0017294e-12	   7.1736025e+01	
   3.0795868e-04	  -4.8186900e-05	  -1.9149968e-04	  -7.2205100e-05	  -5.2581797e-12	   7.1723124e+01	
  -1.9788402e-04	  -4.2933397e-05	   1.7055477e-03	   3.8809108e-04	  -4.6047065e-12	   7.1733389e+01	
  -2.0781332e-05	  -9.9948126e-07	   1.9979109e-04	   7.5143134e-05	  -5.3417634e-12	   7.1731432e+01	
  -2.1490310e-04	  -1.0673931e-05	   2.0421291e-04	   3.3848811e-05	  -4.4185426e-12	   7.1743132e+01	
  -7.2172004e-04	  -2.1211655e-04	   2.9740984e-04	   9.9302392e-05	  -4.4660334e-12	   7.1740548e+01	
   2.8858354e-04	   1.3917369e-05	  -1.4285468e-03	  -2.9441941e-04	  -4.6256024e-12	   7.1736270e+01	
   1.1560371e-03	   1.2983350e-04	  -2.8497745e-03	  -3.6330166e-04	  -5.0169265e-12	   7.1729238e+01	
  -2.9695549e-03	  -4.8614877e-04	  -9.6434367e-04	  -1.4707690e-04	  -4.9371420e-12	   7.1731164e+01	
  -2.2747997e-03	  -4.6715421e-04	  -3.1700110e-04	  -4.7516400e-05	  -4.0614118e-12	   7.1620317e+01	
   1.0553202e-04	  -5.9712847e-05	  -4.9555802e-04	  -1.0672783e-04	  -3.6529912e-12	   7.1596338e+01	
   1.1830415e-03	   2.4667625e-04	  -6.1381174e-04	  -1.7865267e-04	  -4.0348171e-12	   7.1622206e+01	
   1.5838835e-03	   3.5341691e-04	   6.9540123e-04	   8.8387698e-05	  -3.6036007e-12	   7.1589752e+01	
   1.7594661e-04	   5.9473684e-06	  -2.2700878e-03	  -4.6184350e-04	  -4.0120215e-12	   7.1617033e+01	
  -2.0966757e-03	  -4.2829894e-04	   1.9703721e-05	   3.7197811e-05	  -4.1297987e-12	   7.1625224e+01	
  -2.7265152e-03	  -4.3941960e-04	  -1.7012585e-04	   3.2140035e-06	  -3.7954635e-12	   7.1602818e+01	
   2.0873109e-03	   4.1719178e-04	   6.4588042e-04	   7.4705550e-05	  -3.6092996e-12	   7.1593792e+01	
   8.6560405e-05	  -1.2425973e-05	  -1.6595441e-03	  -3.3555337e-04	  -4.1222000e-12	   7.1628977e+01	
   1.2733876e-03	   2.7924559e-04	   1.1667938e-03	   1.8941789e-04	  -3.5447121e-12	   7.1590790e+01	
  -9.0268592e-04	  -2.1916913e-04	  -1.3098203e-03	  -2.5565561e-04	  -3.8334561e-12	   7.1607797e+01	
   2.5096158e-03	   4.5997721e-04	  -6.7988274e-04	  -1.6120287e-04	  -3.4421321e-12	   7.1582480e+01	
   2.4411454e-03	   4.6216509e-04	  -3.8679529e-05	  -5.2313887e-05	  -3.5542103e-12	   7.1592126e+01	
   2.4232968e-03	   3.7879469e-04	  -1.2133414e-03	  -2.3148443e-04	  -3.7194783e-12	   7.1603310e+01	
  -1.0903314e-03	  -2.8678989e-04	  -7.1791267e-04	  -1.3182591e-04	  -4.0120215e-12	   7.1619840e+01	
  -1.4489330e-03	  -2.6057747e-04	   1.8205075e-03	   3.7547993e-04	  -3.6871845e-12	   7.1600182e+01	
  -5.9627986e-04	  -1.6282857e-04	  -1.3669478e-03	  -2.8636839e-04	  -4.3425574e-12	   7.1638295e+01	
   2.1902108e-04	   5.2741382e-05	   3.1507502e-03	   4.1045645e-04	  -3.6795860e-12	   7.1598562e+01	
  -8.4063868e-04	  -2.1237067e-04	  -5.2352858e-04	  -9.8293679e-05	  -4.0025233e-12	   7.1622670e+01	
  -4.6048372e-04	  -1.4599336e-04	  -1.5778533e-03	  -3.6618951e-04	  -3.5314148e-12	   7.1589633e+01	
   1.7666333e-03	   3.3159244e-04	   1.7851367e-03	   2.7516551e-04	  -4.0557130e-12	   7.1619781e+01	
  -1.0658470e-03	  -9.7942558e-05	   2.9991053e-03	   3.3293866e-04	  -4.1791890e-12	   7.1621012e+01	
   1.1853316e-03	   2.3773096e-04	   3.2251595e-04	   4.4261892e-05	  -4.3425574e-12	   7.1646091e+01	
   4.7111900e-04	   1.2818593e-04	   1.5576281e-03	   3.0017871e-04	  -4.0101219e-12	   7.1621028e+01	
   1.5798496e-03	   3.4968999e-04	   1.8871945e-04	  -1.2517870e-05	  -4.3615536e-12	   7.1637354e+01	
  -1.1306251e-03	  -2.7732704e-04	  -1.2804851e-03	  -2.6919663e-04	  -3.6510915e-12	   7.1592590e+01	
  -1.5860701e-03	  -3.6438574e-04	  -3.8565399e-04	  -4.8332821e-05	  -4.1013042e-12	   7.1624768e+01	
  -1.3814984e-03	  -3.3745430e-04	  -5.5010343e-04	  -9.6418752e-05	  -3.6263963e-12	   7.1591776e+01	
   1.1752282e-03	   2.6283455e-04	   1.8883771e-03	   3.4177338e-04	  -3.9018429e-12	   7.1613628e+01	
   6.2067595e-04	   1.5976869e-04	   1.6062282e-03	   3.0679553e-04	  -4.2760703e-12	   7.1634144e+01	
   1.6766814e-03	   3.7853465e-04	   1.2119515e-03	   2.1668450e-04	  -3.5504110e-12	   7.1592917e+01	
   9.7689112e-04	   2.0545926e-04	  -4.1566817e-04	  -1.5820024e-04	  -4.2285794e-12	   7.1638049e+01	
   1.1943421e-03	   1.6852331e-04	   2.8813331e-03	   3.2565100e-04	  -4.0329174e-12	   7.1616563e+01	
  -7.4174392e-04	  -1.9237949e-04	   2.4040012e-04	   7.1600928e-05	  -3.5618089e-12	   7.1586490e+01	
   3.7877173e-04	   4.6483702e-05	  -7.2496032e-04	  -2.1323733e-04	  -4.0253189e-12	   7.1628142e+01	
   6.5226202e-04	   1.4716058e-04	   2.4390974e-03	   4.1804390e-04	  -3.5922030e-12	   7.1594851e+01	
   9.6414347e-04	   2.2168277e-04	  -9.2951921e-04	  -2.4516626e-04	  -3.9322370e-12	   7.1617622e+01	
  -1.3686467e-03	  -3.2172101e-04	  -7.5599951e-04	  -1.4946266e-04	  -3.6605897e-12	   7.1592917e+01	
   5.9419272e-04	   1.5442302e-04	   2.0985219e-03	   4.0072215e-04	  -3.9227388e-12	   7.1616450e+01	
  -3.4259758e-04	  -7.3008462e-05	   1.0280411e-03	   2.5037045e-04	  -3.9664303e-12	   7.1619288e+01	
  -8.4640871e-04	  -1.7259819e-04	   1.3172741e-03	   3.2252507e-04	  -4.2209810e-12	   7.1632449e+01	
  -1.8958580e-04	  -5.5704223e-06	   1.5303099e-03	   3.5700656e-04	  -4.1468953e-12	   7.1628694e+01	
  -4.2006112e-04	  -1.6493810e-04	  -4.8467243e-04	  -9.8995656e-05	  -3.5371137e-12	   7.1593023e+01	
  -4.9279420e-04	  -9.4150081e-05	   1.6952477e-03	   3.6743930e-04	  -4.1544939e-12	   7.1626283e+01	
  -1.2864416e-03	  -2.6432010e-04	  -1.3325131e-03	  -2.2342923e-04	  -3.6643889e-12	   7.1600466e+01	
   1.4626936e-03	   2.9114967e-04	   7.5878332e-04	   1.4432144e-04	  -4.3539551e-12	   7.1638916e+01	
   1.7555272e-03	   3.7403342e-04	   3.5769352e-05	  -4.8259060e-06	  -4.1981853e-12	   7.1630651e+01	
   3.9774475e-04	   8.7134841e-05	   6.0640375e-04	   1.3464054e-04	  -4.2912673e-12	   7.1646911e+01	
   6.8700095e-04	   1.6071544e-04	   1.8445507e-03	   3.9082824e-04	  -3.5618089e-12	   7.1589543e+01	
  -9.0899768e-04	  -1.4007205e-04	   2.4678989e-03	   4.3391157e-04	  -3.6681882e-12	   7.1600951e+01	
  -7.7748838e-04	  -1.5858696e-04	   1.7890538e-03	   4.2481630e-04	  -3.5257158e-12	   7.1593119e+01	
  -4.6396090e-04	  -1.1354873e-04	   1.3253492e-03	   3.2702650e-04	  -3.4820243e-12	   7.1579293e+01	
  -2.6173939e-04	  -3.8960098e-05	   1.9122813e-03	   3.8933751e-04	  -3.9512333e-12	   7.1615959e+01	
  -1.1159667e-03	  -2.1226343e-04	   1.7837599e-03	   3.5919040e-04	  -3.8258576e-12	   7.1605805e+01	
  -1.2564129e-04	  -4.5172806e-05	  -1.8737942e-03	  -3.3505680e-04	  -4.2608732e-12	   7.1639035e+01	
  -1.7720492e-03	  -3.5984990e-04	   7.2243581e-04	   1.6531874e-04	  -4.0481145e-12	   7.1620482e+01	
   3.2537191e-04	   6.6840354e-05	   2.5540329e-03	   4.5593572e-04	  -4.2418768e-12	   7.1631980e+01	
   1.7932414e-03	   3.5522105e-04	   1.8745442e-03	   3.3040875e-04	  -3.8296569e-12	   7.1611890e+01	
   1.2349608e-03	   3.0296175e-04	   8.0396669e-04	   1.3188245e-04	  -4.1316983e-12	   7.1630075e+01	
   7.9373491e-04	   1.2614643e-04	   1.8448847e-03	   2.8375027e-04	  -3.8695491e-12	   7.1617086e+01	
   1.1121613e-03	   2.7910170e-04	   1.0948558e-03	   1.9374116e-04	  -4.1829883e-12	   7.1633046e+01	
   2.0500152e-03	   4.0999557e-04	   4.2289826e-04	   7.4524219e-05	  -3.9151403e-12	   7.1613508e+01	
   2.7875564e-03	   2.3574111e-04	  -1.9746690e-03	  -1.9707689e-04	  -3.8467535e-12	   7.1600243e+01	
   2.7756632e-03	   1.1169829e-04	   1.9195834e-03	   5.2798762e-05	  -3.5542103e-12	   7.1584535e+01	
   1.5840473e-03	   3.5874832e-04	   7.9870390e-04	   1.4162244e-04	  -4.0006236e-12	   7.1621460e+01	
   1.7904919e-03	   3.6892788e-04	  -5.2876638e-04	  -1.3372594e-04	  -4.3064644e-12	   7.1637706e+01	
   1.2647821e-03	   1.7003245e-04	  -2.8848608e-03	  -4.2822558e-04	  -3.6130989e-12	   7.1601174e+01	
   2.5198070e-03	   3.2248821e-04	  -5.3204460e-04	  -1.1580294e-04	  -4.2722710e-12	   7.1654056e+01	
   3.1385464e-03	   2.3555710e-04	  -1.5496563e-03	  -1.4610000e-04	  -3.6434930e-12	   7.1595172e+01	
  -1.7167168e-03	  -2.3756683e-04	   2.2994456e-03	   3.4050425e-04	  -3.7175786e-12	   7.1602975e+01	
   2.8155438e-03	   4.5891970e-05	  -1.3429740e-03	  -5.7307304e-05	  -3.6700878e-12	   7.1581413e+01	
   1.3906791e-03	   2.5859436e-04	  -1.2018413e-03	  -2.2175107e-04	  -3.8429543e-12	   7.1614622e+01	
   1.3581229e-03	   2.9556053e-04	  -1.1300012e-03	  -2.5076211e-04	  -4.1981853e-12	   7.1632181e+01	
   1.7456672e-03	   2.9417572e-05	   2.3878246e-03	   1.8314187e-05	  -3.9531329e-12	   7.1591760e+01	
  -4.0386229e-04	  -8.4425610e-06	   3.0896552e-03	   5.3560446e-05	  -3.4706266e-12	   7.1571498e+01	
  -1.7461303e-04	  -7.1544380e-05	   3.0379979e-04	   1.2210147e-04	  -3.9493337e-12	   7.1623969e+01	
   3.1022922e-03	   5.9857385e-05	   1.1046156e-04	  -2.9583961e-05	  -3.8543520e-12	   7.1588461e+01	
   3.1392641e-04	   1.0438809e-04	   6.5498317e-04	   1.5078683e-04	  -3.8087609e-12	   7.1618280e+01	
   2.5335786e-03	   3.6514223e-04	   1.7248833e-03	   2.4249326e-04	  -3.4687269e-12	   7.1589991e+01	
   1.8130953e-03	   2.6269724e-04	  -2.2378326e-03	  -3.5872057e-04	  -4.2342783e-12	   7.1631136e+01	
   3.2990352e-03	   3.5979422e-04	   4.0321814e-04	   1.4101587e-05	  -3.9911255e-12	   7.1617256e+01	
  -1.0551403e-03	  -2.1980764e-04	   1.4734565e-03	   3.5173082e-04	  -4.1089027e-12	   7.1634868e+01	
   9.9856709e-04	   1.3037142e-04	  -3.5308253e-05	  -1.2513235e-05	  -3.9132406e-12	   7.1629903e+01	
   2.8789248e-04	   3.3995412e-05	  -1.0153766e-03	  -1.2312455e-04	  -3.7194783e-12	   7.1616646e+01	
   2.2280060e-03	   3.7844690e-04	   2.1802139e-03	   3.5244064e-04	  -3.6643889e-12	   7.1610208e+01	
  -1.0242509e-04	  -4.6531977e-05	  -3.2010806e-04	   3.0976758e-05	  -4.3425574e-12	   7.1659364e+01	
   2.1812408e-03	   3.6492328e-04	   1.8660918e-03	   2.8931324e-04	  -4.2266798e-12	   7.1637579e+01	
   6.9741917e-04	   1.1794083e-04	   2.8418927e-03	   4.8014571e-04	  -3.9968244e-12	   7.1626283e+01	
  -2.2450855e-03	  -3.8623701e-04	  -9.7218243e-04	  -1.3099108e-04	  -4.2855684e-12	   7.1663568e+01	
  -2.0166621e-04	  -1.5421401e-05	  -3.1622128e-03	  -2.8190162e-04	  -4.4052452e-12	   7.1630606e+01	
  -2.1714927e-04	   8.0816239e-05	   5.6493683e-04	   4.7974293e-05	  -4.3995463e-12	   7.1656311e+01	
   4.0926443e-04	   7.9173532e-05	  -4.8960369e-05	  -1.4035798e-04	  -3.9588318e-12	   7.1641311e+01	
   8.6473105e-04	   1.0285446e-04	   2.2283864e-03	   2.2223048e-04	  -4.1829883e-12	   7.1652996e+01	
   2.7568502e-03	   3.6603185e-04	   2.0657952e-03	   2.4037351e-04	  -3.9797278e-12	   7.1662701e+01	
   3.4312666e-03	   4.4738229e-04	   1.3310486e-03	   1.4010251e-04	  -3.6947830e-12	   7.1663343e+01	
  -3.3341207e-03	  -4.3005288e-04	   2.1475026e-03	   2.8215882e-04	  -3.5466118e-12	   7.1665337e+01	
  -4.2915261e-04	  -9.4189044e-05	  -5.3114893e-04	  -4.6061085e-05	  -4.2684717e-12	   7.1682740e+01	
   1.1766096e-03	   2.3451992e-04	   2.7808209e-03	   4.8433952e-04	  -4.2798695e-12	   7.1679202e+01	
   7.6909376e-04	   1.3840056e-04	   6.5945963e-04	   3.9238186e-05	  -4.1165012e-12	   7.1677746e+01	
  -7.2060565e-04	  -1.3077363e-04	   1.3535070e-03	   3.4991754e-04	  -4.3653529e-12	   7.1681270e+01	
  -6.3054780e-04	  -1.3091900e-04	   1.3356718e-03	   3.6659194e-04	  -3.8847461e-12	   7.1675088e+01	
   8.4127505e-04	   7.3174439e-05	  -6.2654880e-04	  -1.1397223e-04	  -4.3501558e-12	   7.1683263e+01	
   1.4625660e-03	   2.8890323e-04	   1.1605092e-03	   1.8171780e-04	  -4.1658916e-12	   7.1674303e+01	
   2.4096954e-03	   2.3466816e-04	   1.3609180e-04	  -7.1148015e-06	  -4.3691522e-12	   7.1668563e+01	
  -6.4116138e-04	  -8.3207005e-05	   1.2309740e-03	   2.8503334e-04	  -4.3824496e-12	   7.1679918e+01	
   5.3941396e-04	   1.6870770e-04	   6.4855444e-04	   8.5920129e-05	  -4.2114827e-12	   7.1680687e+01	
  -3.2805478e-03	  -4.8234604e-04	   1.2444892e-03	   2.0393118e-04	  -3.5504110e-12	   7.1675499e+01	
  -2.1484185e-03	  -2.4390265e-04	   1.0290431e-03	   1.4897147e-04	  -4.3045647e-12	   7.1669668e+01	
   2.0403144e-03	   2.7170176e-04	   1.4679062e-03	   1.7396747e-04	  -3.9968244e-12	   7.1661276e+01	
   1.2019548e-03	   1.0660729e-04	  -3.6775132e-04	  -7.4927392e-05	  -4.3767507e-12	   7.1683568e+01	
  -3.7068791e-04	  -4.4664129e-05	   1.5936872e-03	   4.0222187e-04	  -4.0215196e-12	   7.1681151e+01	
   1.0928304e-03	   2.2471265e-04	  -1.3501272e-03	  -3.5910602e-04	  -3.7403742e-12	   7.1677642e+01	
  -2.7508166e-04	  -2.2141824e-05	   1.6394920e-03	   4.0936945e-04	  -4.0538134e-12	   7.1681875e+01	
   6.0810265e-04	   9.9904477e-05	  -1.1606708e-03	  -3.3182825e-04	  -3.5694074e-12	   7.1674767e+01	
  -4.3974276e-04	  -1.5083423e-04	  -6.2833139e-04	  -6.1556503e-05	  -4.3425574e-12	   7.1685891e+01	
   3.8662997e-04	  -2.7259867e-06	  -6.3908739e-04	  -1.4445078e-04	  -4.3976467e-12	   7.1688377e+01	
   5.3992340e-04	   8.3514746e-05	   2.4523212e-03	   2.6670148e-04	  -4.0329174e-12	   7.1662597e+01	
  -1.3623019e-05	   1.4348804e-06	   2.2296966e-04	   1.2685861e-05	  -4.1563935e-12	   7.1681390e+01	
  -6.8270656e-04	  -1.4075963e-04	   1.0368650e-04	   1.1634692e-04	  -3.5884037e-12	   7.1677350e+01	
   8.3008942e-04	   1.5654528e-04	   6.0015774e-04	   4.9349660e-05	  -3.9607314e-12	   7.1679141e+01	
   8.9204525e-04	   1.8607142e-04	  -8.2277124e-04	  -2.1418402e-04	  -4.2836688e-12	   7.1684666e+01	
  -1.8161298e-03	  -3.0646600e-04	   8.7830814e-04	   1.8640634e-04	  -4.2969662e-12	   7.1679395e+01	
   1.3543405e-03	   3.2909536e-04	   1.5937658e-03	   3.0599558e-04	  -4.2247802e-12	   7.1686369e+01	
   4.7844943e-06	   2.8179579e-05	   2.5261201e-03	   5.3889290e-04	  -3.6776864e-12	   7.1681695e+01	
   1.5651243e-03	   2.3291383e-04	   1.8094334e-03	   2.4046228e-04	  -4.3349588e-12	   7.1676849e+01	
   2.4357504e-04	  -1.0427071e-05	  -2.6768047e-04	  -6.2799917e-05	  -4.2627728e-12	   7.1687764e+01	
   6.0599324e-04	   7.2640711e-05	   2.3957473e-04	   1.4543636e-05	  -3.7289764e-12	   7.1669616e+01	
   1.0906723e-03	   2.4359462e-04	  -3.9119912e-04	  -1.7593386e-04	  -3.4592287e-12	   7.1678724e+01	
  -1.0551699e-03	  -2.8908016e-04	   2.0560675e-04	   6.8631283e-05	  -4.3748511e-12	   7.1683517e+01	
   9.1217210e-04	   1.5644975e-04	  -3.7606840e-03	  -6.6297812e-04	  -4.3672526e-12	   7.1662321e+01	
   4.4412972e-04	   1.4380547e-04	   9.2633875e-04	   1.9286503e-04	  -4.1354975e-12	   7.1681971e+01	
   4.7377983e-05	   3.9577683e-05	   2.2451691e-03	   3.5697205e-04	  -4.1601928e-12	   7.1677162e+01	
  -8.3184655e-04	  -1.3846951e-04	   1.8273556e-03	   3.6186012e-04	  -3.8790472e-12	   7.1668570e+01	
   2.5371361e-04	   4.5961535e-05	  -2.9743855e-04	  -1.1729837e-04	  -4.0994046e-12	   7.1683539e+01	
  -4.7060764e-04	  -1.1205689e-04	  -7.1079945e-04	  -7.9701395e-05	  -3.8220583e-12	   7.1675708e+01	
  -8.5734430e-04	  -1.1371655e-04	   2.7499700e-04	   1.1292997e-04	  -4.0785086e-12	   7.1680650e+01	
   1.1228628e-03	   1.9656350e-04	  -2.0442683e-03	  -3.6452175e-04	  -3.6434930e-12	   7.1661873e+01	
   7.6073771e-04	   2.0746027e-04	   2.0488699e-03	   4.3591918e-04	  -4.0614118e-12	   7.1687191e+01	
   4.1470845e-04	   1.3035413e-04	   1.2410085e-03	   2.1158345e-04	  -3.7023815e-12	   7.1677170e+01	
  -1.0904133e-03	  -2.6342239e-04	  -9.8335592e-04	  -2.2202685e-04	  -3.8733484e-12	   7.1667621e+01	
   3.8612385e-04	   3.1189268e-05	  -9.9964736e-04	  -2.1880651e-04	  -3.8847461e-12	   7.1681024e+01	
   2.3162804e-03	   2.5878682e-04	  -9.9802574e-04	  -1.3284562e-04	  -4.0196200e-12	   7.1665486e+01	
   2.4283515e-04	   6.4107163e-05	   2.3411278e-03	   3.5475890e-04	  -4.0994046e-12	   7.1676178e+01	
   6.1602344e-04	   1.6152434e-04	   1.5421733e-03	   2.6388330e-04	  -4.2494754e-12	   7.1685674e+01	
  -4.1191271e-04	  -1.2280247e-04	  -4.3784519e-04	  -4.3335566e-05	  -4.3843492e-12	   7.1692133e+01	
   4.1570206e-04	   7.4190250e-05	  -1.9301111e-03	  -3.5650440e-04	  -4.2722710e-12	   7.1682740e+01	
   1.1606346e-03	   1.6568311e-04	  -1.9460768e-03	  -3.0652483e-04	  -4.3501558e-12	   7.1683016e+01	
   1.3249303e-03	   5.8959153e-05	   1.0017969e-03	   2.7072094e-06	  -4.3216614e-12	   7.1666786e+01	
  -7.4046003e-04	  -5.6646274e-05	   1.1976349e-03	   2.2401994e-04	  -3.9455344e-12	   7.1681419e+01	
   5.8426787e-04	   3.2015828e-05	  -1.0120066e-03	  -1.7441265e-04	  -3.5903033e-12	   7.1679104e+01	
  -7.0418614e-04	  -1.6290597e-04	  -1.0459580e-03	  -1.2991250e-04	  -3.6776864e-12	   7.1678701e+01	
   1.2117505e-03	   2.5464433e-04	   1.1617560e-04	  -2.9913363e-05	  -3.7384746e-12	   7.1678693e+01	
  -1.7852924e-04	   5.1551901e-05	   1.2221074e-03	   2.2920662e-04	  -3.9968244e-12	   7.1683689e+01	
   1.1847709e-03	   2.3971598e-04	  -2.9119674e-04	  -9.4449703e-05	  -3.8619506e-12	   7.1681053e+01	
   8.0343013e-04	   1.4350105e-04	  -1.3319691e-03	  -2.8364797e-04	  -4.3482562e-12	   7.1688997e+01	
  -3.0160899e-05	   5.7390697e-05	   1.3777879e-03	   2.6631748e-04	  -3.7935638e-12	   7.1678149e+01	
  -1.6476741e-03	  -2.5777331e-04	  -1.5952702e-03	  -2.2992694e-04	  -4.3539551e-12	   7.1681441e+01	
  -8.2492756e-04	  -1.6848665e-04	  -1.0955530e-03	  -1.2907805e-04	  -3.4364331e-12	   7.1678650e+01	
   1.3023731e-04	  -1.7347846e-05	  -1.1059646e-03	  -2.4707247e-04	  -4.1127019e-12	   7.1686899e+01	
  -1.0823421e-03	  -1.9843321e-04	  -1.3682039e-05	   8.0619696e-05	  -3.7308760e-12	   7.1680822e+01	
  -2.0945146e-03	  -2.8319103e-04	   1.2760196e-03	   1.9468712e-04	  -4.3311595e-12	   7.1680008e+01	
   1.1598335e-03	   2.5554617e-04	   3.3898855e-04	   2.6650233e-05	  -3.9379358e-12	   7.1682605e+01	
   1.1714298e-03	   2.5436435e-04	   3.0382511e-04	   1.8995587e-05	  -3.9626311e-12	   7.1683382e+01	
   1.0289366e-03	   1.1863911e-04	   2.2153117e-03	   2.1834442e-04	  -4.3007654e-12	   7.1674430e+01	
   1.0512087e-03	   1.2756933e-04	   2.3021366e-03	   2.4789429e-04	  -4.2931669e-12	   7.1676141e+01	
   1.9678540e-03	   3.3041338e-04	  -3.8780646e-04	  -1.1551922e-04	  -4.3425574e-12	   7.1688780e+01	
   4.3154632e-04	   9.6569207e-05	  -8.0326950e-04	  -2.0033643e-04	  -3.5827048e-12	   7.1676640e+01	
   1.6685339e-03	   2.9684296e-04	   9.6496055e-04	   1.5068961e-04	  -4.3881485e-12	   7.1688048e+01	
   3.3300971e-04	   6.0792491e-05	  -1.6396044e-03	  -3.2610033e-04	  -4.4052452e-12	   7.1688676e+01	
  -1.0881230e-04	   1.3039443e-05	   2.4259308e-03	   4.0122424e-04	  -3.5637085e-12	   7.1672451e+01	
   7.2677669e-04	   8.7873183e-05	  -3.4682335e-04	  -5.6985353e-05	  -3.8676495e-12	   7.1679769e+01	
   1.2614293e-03	   2.7719191e-04	  -1.7676640e-04	  -5.2422095e-05	  -4.1127019e-12	   7.1686488e+01	
  -1.2207320e-03	  -2.8096709e-04	  -1.4369555e-05	   3.3613354e-05	  -4.1373971e-12	   7.1684891e+01	
  -1.0246509e-03	  -2.2302648e-04	  -1.5143200e-04	   5.1647466e-05	  -4.1278990e-12	   7.1687750e+01	
  -3.0540949e-04	  -1.9420208e-05	   2.5819944e-03	   2.8720437e-04	  -3.8904451e-12	   7.1665173e+01	
  -1.9185034e-03	  -3.4825808e-04	  -5.8163417e-04	  -8.2008572e-05	  -4.3520555e-12	   7.1686101e+01	
   1.8561738e-03	   3.1974150e-04	  -1.2649931e-03	  -2.1892137e-04	  -3.9892259e-12	   7.1676618e+01	
  -1.0684389e-04	  -4.0955206e-05	  -2.0342104e-03	  -3.7886755e-04	  -4.0348171e-12	   7.1681037e+01	
  -2.2755282e-03	  -1.9628476e-04	   1.3603277e-03	   1.2692984e-04	  -3.6017011e-12	   7.1656088e+01	
  -1.9916839e-04	  -6.3916458e-05	   3.8576717e-04	   1.5691111e-04	  -3.5295151e-12	   7.1677096e+01	
   1.6124246e-04	   1.2072433e-05	  -1.7068522e-03	  -3.7194197e-04	  -3.8467535e-12	   7.1676753e+01	
  -2.2562661e-04	  -8.6292216e-06	   2.0741826e-03	   3.6398310e-04	  -4.1222000e-12	   7.1683286e+01	
   1.0741254e-03	   2.2128181e-04	   1.9041139e-03	   2.9932778e-04	  -4.0614118e-12	   7.1682531e+01	
  -1.9226127e-04	   2.5464388e-05	   1.4678635e-03	   2.7126220e-04	  -3.7840657e-12	   7.1680180e+01	
   2.1571607e-03	   3.2746639e-04	  -1.1221455e-03	  -1.9379194e-04	  -3.9455344e-12	   7.1676149e+01	
   7.7057083e-04	   1.1920258e-04	  -1.0727468e-03	  -2.3589733e-04	  -3.6263963e-12	   7.1679485e+01	
  -1.7417280e-03	  -3.5095656e-04	  -4.8461387e-04	  -7.9131673e-05	  -4.2494754e-12	   7.1684817e+01	
   1.0740508e-03	   1.5322186e-04	   2.3419142e-03	   2.9113484e-04	  -4.2228806e-12	   7.1679268e+01	
   2.4757240e-03	   2.4724605e-04	  -2.2621415e-04	  -3.4942629e-05	  -4.1924865e-12	   7.1673056e+01	
  -9.5934826e-04	  -1.3252019e-04	   1.0713769e-03	   2.4328879e-04	  -3.8353558e-12	   7.1680456e+01	
   6.1609448e-04	   4.3055791e-05	  -3.5911841e-04	  -4.3212231e-05	  -4.0519137e-12	   7.1685825e+01	
   1.2338126e-03	   2.1544599e-04	  -3.3977201e-04	  -9.5555940e-05	  -3.9683299e-12	   7.1685406e+01	
   3.3193984e-04	   3.0845191e-05	   8.2140215e-05	  -1.1668797e-06	  -4.0405160e-12	   7.1686451e+01	
  -1.3100230e-03	  -1.7315486e-04	   7.5233655e-04	   1.7939709e-04	  -3.5048199e-12	   7.1682315e+01	
   1.1619628e-04	  -8.5804392e-07	  -1.8660921e-03	  -3.5380324e-04	  -4.2722710e-12	   7.1688369e+01	
   4.1103288e-05	  -2.1071911e-05	  -7.5097425e-04	  -1.1186924e-04	  -4.1032038e-12	   7.1689653e+01	
  -1.3414020e-03	  -2.7021796e-04	   5.7858656e-04	   1.6654519e-04	  -3.9740288e-12	   7.1681082e+01	
  -9.9197711e-04	  -2.0463344e-04	  -1.0114785e-03	  -1.3549198e-04	  -3.6415933e-12	   7.1680777e+01	
   1.3536482e-03	   2.1319517e-04	  -5.7051150e-04	  -1.3809789e-04	  -3.9778282e-12	   7.1685995e+01	
  -1.3598549e-03	  -2.7054369e-04	  -8.7710513e-05	   4.0126602e-05	  -4.2095831e-12	   7.1688698e+01	
   1.3184840e-03	   2.5138598e-04	  -9.8737185e-04	  -2.2036313e-04	  -4.1639920e-12	   7.1686928e+01	
   1.4975928e-03	   2.6875247e-04	   4.2935009e-04	   3.3494894e-05	  -3.4839239e-12	   7.1681069e+01	
   9.9521076e-05	   4.2579070e-05	   4.1082414e-04	   1.3110646e-05	  -4.1810886e-12	   7.1691446e+01	
  -3.7526659e-04	  -1.3329605e-04	  -1.1620281e-03	  -2.4818681e-04	  -3.4497306e-12	   7.1677387e+01	
   2.3075507e-04	   1.7107876e-05	  -1.5230194e-03	  -3.2539910e-04	  -3.9797278e-12	   7.1682687e+01	
   1.1345227e-03	   2.5375573e-04	  -4.1527534e-04	  -1.2193685e-04	  -3.6149985e-12	   7.1678284e+01	
  -1.8820233e-03	  -3.2078375e-04	   6.8381170e-04	   1.5295230e-04	  -4.3349588e-12	   7.1688130e+01	
  -1.3542309e-04	   6.0800410e-06	   4.0252926e-04	   4.7571562e-05	  -3.8391550e-12	   7.1682822e+01	
  -1.2908829e-03	  -2.4371298e-04	   1.2709421e-03	   2.7308677e-04	  -4.0158207e-12	   7.1681218e+01	
   1.1953926e-03	   2.1932488e-04	  -9.2969676e-04	  -2.1853132e-04	  -4.1013042e-12	   7.1687772e+01	
   2.1061847e-03	   2.6930131e-04	   1.4777836e-03	   1.6148860e-04	  -3.9987240e-12	   7.1674385e+01	
   1.9538333e-03	   2.5352732e-04	   1.8513219e-03	   2.0396716e-04	  -3.7574708e-12	   7.1672326e+01	
  -7.5736458e-04	  -2.0728233e-04	  -2.0227966e-04	   8.2356193e-06	  -4.3558547e-12	   7.1693573e+01	
  -1.1965080e-03	  -2.0647980e-04	   1.9064991e-03	   3.5926991e-04	  -3.6149985e-12	   7.1674141e+01	
   2.4062832e-03	   3.3621020e-04	  -2.6795266e-04	  -5.6898275e-05	  -4.1981853e-12	   7.1682576e+01	
   1.6100217e-03	   3.0289985e-04	  -8.2369832e-04	  -1.9630858e-04	  -3.8296569e-12	   7.1680732e+01	
   2.3971948e-04	   3.8794750e-05	   2.6218287e-03	   2.8656019e-04	  -3.9721292e-12	   7.1671250e+01	
  -1.5049892e-03	  -3.1568793e-04	   2.0308208e-04	   9.6786872e-05	  -3.4896228e-12	   7.1679037e+01	
   1.2169527e-03	   2.2258973e-04	   1.8625641e-03	   2.8744058e-04	  -4.1335979e-12	   7.1685809e+01	
  -9.6446710e-04	  -1.3846824e-04	  -3.2252924e-04	  -2.7003579e-05	  -3.9721292e-12	   7.1685488e+01	
   4.3074728e-04	   6.2215050e-05	  -7.0030776e-04	  -1.2467241e-04	  -3.5409129e-12	   7.1677693e+01	
   1.1671793e-03	   2.1011875e-04	   2.0015009e-03	   3.0178318e-04	  -4.0006236e-12	   7.1682038e+01	
   2.3461384e-03	   3.3304184e-04	  -3.7332480e-04	  -7.0164783e-05	  -4.2950665e-12	   7.1685578e+01	
   3.4272780e-04	   4.5291696e-05	  -2.4243540e-03	  -3.7301014e-04	  -4.1013042e-12	   7.1681082e+01	
   1.4942082e-04	   5.8602253e-05	  -3.5527343e-04	  -1.3821065e-04	  -4.2304791e-12	   7.1692849e+01	
   1.8033351e-04	  -5.1790500e-06	  -5.0640376e-04	  -6.6888648e-05	  -3.7840657e-12	   7.1683740e+01	
  -1.4251366e-03	  -2.3912895e-04	   8.2174482e-04	   1.9631506e-04	  -4.2057839e-12	   7.1690034e+01	
  -4.6687829e-04	  -1.2697413e-04	  -1.6038102e-03	  -3.2516720e-04	  -3.9341366e-12	   7.1682777e+01	
   1.0200462e-03	   1.2121121e-04	   2.2953428e-03	   2.4385037e-04	  -4.3387581e-12	   7.1680552e+01	
  -1.2603132e-03	  -2.8453621e-04	  -7.7407611e-04	  -1.0848102e-04	  -3.7916642e-12	   7.1682308e+01	
   1.3121942e-03	   2.2347719e-04	   1.9769958e-03	   2.8266158e-04	  -3.9246384e-12	   7.1680030e+01	
  -1.2286121e-03	  -2.2046794e-04	   2.9843733e-04	   1.3019356e-04	  -3.9094413e-12	   7.1686907e+01	
   1.2975014e-03	   2.2577958e-04	  -7.7377451e-04	  -1.7402616e-04	  -4.0101219e-12	   7.1687833e+01	
  -9.5899324e-04	  -1.3221264e-04	   1.1901435e-03	   2.6392119e-04	  -4.2000850e-12	   7.1691117e+01	
   1.0621580e-04	  -1.8185622e-05	  -6.9173110e-04	  -8.9985838e-05	  -3.9835270e-12	   7.1688496e+01	
   1.4464337e-03	   3.0884256e-04	   1.8782072e-04	  -1.5552298e-05	  -3.4915225e-12	   7.1684053e+01	
  -3.1593210e-04	  -2.4318545e-05	   2.1312286e-03	   3.9467967e-04	  -3.6434930e-12	   7.1680523e+01	
   1.5286337e-04	   3.5960281e-05	   3.7530715e-04	  -3.7486445e-06	  -4.2361780e-12	   7.1694133e+01	
  -1.0948178e-03	  -1.8538728e-04	   8.9861999e-04	   2.0982434e-04	  -3.7878649e-12	   7.1682883e+01	
   5.1347700e-04	   7.4462851e-05	   2.3484795e-04	  -1.3596367e-05	  -3.7726679e-12	   7.1685032e+01	
  -1.4747252e-03	  -2.4556784e-04	   9.2149241e-05	   5.5139242e-05	  -3.7726679e-12	   7.1683987e+01	
   2.8759818e-04	   5.0684629e-05	   1.5609719e-04	  -5.1339694e-05	  -4.2855684e-12	   7.1695238e+01	
   5.4751531e-04	   9.2303754e-05	  -1.5070342e-03	  -3.4632897e-04	  -3.4554295e-12	   7.1679462e+01	
   6.4323438e-04	   1.3594047e-04	  -1.2169616e-03	  -2.9409810e-04	  -3.4364331e-12	   7.1678462e+01	
  -8.6222480e-04	  -2.3493340e-04	  -6.0661940e-04	  -8.1762507e-05	  -3.5143180e-12	   7.1684748e+01	
  -1.3528239e-03	  -2.4595823e-04	   4.5973471e-04	   1.3928509e-04	  -3.8771476e-12	   7.1685077e+01	
  -1.7271871e-04	  -1.9438051e-06	   2.0303455e-03	   3.6764983e-04	  -3.9797278e-12	   7.1684539e+01	
  -4.5931644e-04	  -7.3458648e-05	  -3.7026057e-04	  -2.5965551e-05	  -3.8771476e-12	   7.1686578e+01	
   1.0118920e-03	   1.9918526e-04	  -1.2535266e-03	  -3.0212328e-04	  -3.5960022e-12	   7.1682435e+01	
   2.2585607e-03	   2.0318868e-04	  -1.4445120e-03	  -1.4024472e-04	  -3.7365749e-12	   7.1667181e+01	
  -1.3261966e-03	  -2.7760952e-04	  -3.9696635e-04	  -3.7654893e-05	  -4.2209810e-12	   7.1692639e+01	
   1.4940639e-03	   2.3090657e-04	  -6.3348485e-04	  -1.2965099e-04	  -3.6415933e-12	   7.1685899e+01	
  -5.7792275e-04	  -4.5242790e-05	   1.1760535e-03	   2.6191192e-04	  -4.2266798e-12	   7.1694753e+01	
  -4.3655741e-04	  -9.0298844e-05	  -8.4699234e-04	  -1.1871908e-04	  -3.7498724e-12	   7.1684048e+01	
   1.9590817e-03	   3.2386633e-04	   8.5348437e-04	   1.2341526e-04	  -4.3197617e-12	   7.1691334e+01	
   4.7677149e-04	   3.8504148e-05	  -2.4812193e-04	  -5.0015146e-05	  -4.0861071e-12	   7.1692475e+01	
   1.4177453e-03	   2.9649709e-04	   9.4164202e-04	   1.5869610e-04	  -4.1981853e-12	   7.1691342e+01	
   8.5332480e-04	   2.2193089e-04	   9.4268727e-04	   1.3241245e-04	  -3.6852849e-12	   7.1688833e+01	
   1.3743146e-03	   5.8408007e-05	  -1.2462516e-03	  -5.7146116e-05	  -3.4516302e-12	   7.1664419e+01	
   1.5871703e-03	   2.6143236e-04	   1.7893891e-03	   2.4518639e-04	  -4.0880067e-12	   7.1685645e+01	
   1.0605796e-03	   2.4621068e-04	   1.1963849e-03	   2.0747156e-04	  -3.5599092e-12	   7.1684666e+01	
   1.5063148e-03	   3.0491354e-04	   2.3929350e-04	   2.4622678e-05	  -3.9208392e-12	   7.1685944e+01	
  -4.8696632e-04	  -4.1688452e-05	   1.8970146e-05	   5.7864888e-05	  -4.0101219e-12	   7.1691162e+01	
   1.5613144e-03	   3.2691161e-04	   7.1463140e-04	   1.2517607e-04	  -3.6624893e-12	   7.1681194e+01	
   4.4727692e-04	   4.5061387e-05	  -1.2959668e-03	  -2.6931421e-04	  -3.6624893e-12	   7.1686533e+01	
   5.9851260e-04	   1.2149311e-04	   2.1872812e-03	   3.9625156e-04	  -3.5599092e-12	   7.1679568e+01	
  -8.2084979e-04	  -1.9770557e-04	  -1.0688096e-03	  -1.8284446e-04	  -4.0291181e-12	   7.1690318e+01	
  -1.4188219e-03	  -2.4775506e-04	   2.1582511e-04	   8.1070449e-05	  -3.7403742e-12	   7.1686167e+01	
   4.0241924e-04	   5.5541796e-05	  -6.2594745e-05	  -4.9051820e-05	  -3.8505528e-12	   7.1687114e+01	
  -3.0405371e-04	  -1.0684293e-04	  -1.2971354e-03	  -2.4737131e-04	  -3.6377941e-12	   7.1686369e+01	
   1.4925001e-03	   3.1903751e-04	  -2.0841395e-04	  -6.4590021e-05	  -3.9702295e-12	   7.1686541e+01	
  -4.7226096e-04	  -6.1436528e-05	   1.4444931e-03	   3.0506309e-04	  -3.8562518e-12	   7.1685032e+01	
   1.4971355e-03	   2.7671830e-04	   5.9351037e-04	   7.0454157e-05	  -3.4459314e-12	   7.1686549e+01	
   1.5064843e-04	   1.6634528e-05	  -1.4025721e-03	  -3.0742667e-04	  -3.9265381e-12	   7.1686406e+01	
  -1.2590730e-03	  -2.0055223e-04	   7.5658122e-04	   1.9286966e-04	  -3.4782251e-12	   7.1687361e+01	
  -1.3795214e-03	  -2.9766346e-04	  -4.2746553e-04	  -4.9130841e-05	  -4.1734901e-12	   7.1691931e+01	
   1.4629803e-03	   2.5876179e-04	   1.1538159e-04	  -3.0735357e-05	  -3.8733484e-12	   7.1689244e+01	
   7.5588302e-05	   2.4813273e-05	   2.9873975e-04	  -2.0534105e-05	  -4.3406577e-12	   7.1697546e+01	
  -8.5835204e-05	  -5.6445170e-05	  -7.0215573e-04	  -2.0437175e-04	  -3.5960022e-12	   7.1682398e+01	
  -2.9135809e-04	  -3.9210679e-05	   3.3907755e-04	   5.9943709e-05	  -3.8695491e-12	   7.1685785e+01	
   3.3347805e-04	   4.0212063e-05	   2.7231826e-03	   3.5275865e-04	  -3.6738871e-12	   7.1673759e+01	
  -1.5202735e-03	  -2.3569371e-04	   1.3325163e-04	   7.2851564e-05	  -3.7194783e-12	   7.1688854e+01	
  -1.6366731e-03	  -3.7928914e-04	   1.9705084e-04	   6.1133197e-05	  -3.4896228e-12	   7.1678037e+01	
  -5.1515753e-04	  -1.0064040e-04	   8.7094227e-04	   2.3723222e-04	  -3.8068613e-12	   7.1687377e+01	
   1.8848348e-03	   3.3911648e-04	   7.0686514e-04	   1.0204248e-04	  -4.2475758e-12	   7.1692371e+01	
  -2.4619525e-05	  -4.6609233e-05	  -1.3868360e-03	  -3.0343065e-04	  -3.6434930e-12	   7.1686018e+01	
  -9.6365231e-04	  -2.1323411e-04	  -1.3412234e-03	  -2.4774136e-04	  -4.2646724e-12	   7.1693820e+01	
   1.4205239e-03	   2.8878198e-04	  -4.8813122e-05	  -5.3114464e-05	  -3.5314148e-12	   7.1687077e+01	
   1.3331916e-03	   2.6381180e-04	  -4.2753039e-04	  -1.3067529e-04	  -3.5333144e-12	   7.1687114e+01	
   9.4503139e-04	   1.7623495e-04	  -1.0802760e-03	  -2.5567366e-04	  -3.8448539e-12	   7.1687512e+01	
   1.5821590e-03	   3.1912666e-04	  -4.1917802e-04	  -1.3032624e-04	  -3.4668272e-12	   7.1686562e+01	
   8.0629041e-04	   1.4582336e-04	  -1.1455064e-03	  -2.7246595e-04	  -3.6662885e-12	   7.1686517e+01	
  -9.1610996e-06	  -3.0968707e-05	  -1.5542273e-03	  -3.0808846e-04	  -4.3349588e-12	   7.1696149e+01	
  -1.1361300e-03	  -1.8157684e-04	   2.1493850e-03	   3.4797416e-04	  -4.0766089e-12	   7.1684748e+01	
  -1.5843705e-03	  -2.6481941e-04	   1.2946293e-03	   2.5185003e-04	  -4.2437765e-12	   7.1692305e+01	
  -3.6828033e-04	  -4.8710256e-05	   2.1428919e-03	   3.9198040e-04	  -3.9113410e-12	   7.1685883e+01	
   7.3405472e-04	   1.4468762e-04	   1.8413223e-03	   3.1835374e-04	  -4.2152821e-12	   7.1691631e+01	
   3.1829904e-04	   8.1270979e-05	   1.9378666e-03	   3.6982927e-04	  -4.0766089e-12	   7.1689751e+01	
   1.8790959e-03	   2.5721088e-04	   1.7501944e-03	   2.1252786e-04	  -4.1810886e-12	   7.1685697e+01	
  -4.5343811e-04	  -1.1658952e-04	   1.6076379e-04	   9.8059102e-05	  -4.0481145e-12	   7.1693387e+01	
   1.2964723e-03	   2.9669305e-04	   9.4980611e-05	  -1.6578248e-05	  -4.2228806e-12	   7.1695544e+01	
   3.5626074e-04	   3.4964351e-05	  -3.0293697e-04	  -1.2454897e-04	  -3.6947830e-12	   7.1687435e+01	
  -1.9685624e-03	  -3.4699163e-04	   7.0512304e-04	   1.3663585e-04	  -4.3862488e-12	   7.1692207e+01	
   2.9648726e-04	   1.2532665e-04	   8.0457556e-04	   1.8536339e-04	  -3.6168981e-12	   7.1687212e+01	
  -1.2165419e-04	  -5.8746479e-05	  -4.9448521e-04	  -9.0134398e-05	  -3.7099801e-12	   7.1688130e+01	
  -2.6041537e-03	  -3.6388241e-04	   8.1542138e-05	   1.7360432e-05	  -3.9645307e-12	   7.1678268e+01	
   1.4960337e-03	   1.6143145e-04	   2.3372133e-03	   2.5377225e-04	  -3.6928834e-12	   7.1672804e+01	
   1.4281193e-03	   2.1876149e-04	   1.0127796e-03	   1.0249698e-04	  -3.6339948e-12	   7.1691058e+01	
  -1.9141364e-04	  -6.7446160e-05	  -1.0659087e-05	   6.9061757e-05	  -4.1848880e-12	   7.1696626e+01	
   2.7311896e-04	   7.0899196e-05	   1.0327533e-04	  -4.7237557e-05	  -3.6263963e-12	   7.1687480e+01	
   2.3427614e-03	   4.2538291e-04	  -6.9734455e-05	  -1.9566383e-05	  -3.5219166e-12	   7.1680934e+01	
   1.3592031e-03	   2.8837038e-05	   1.2452670e-04	  -4.3633820e-06	  -3.6453926e-12	   7.1664083e+01	
  -1.1889583e-03	  -1.8385996e-04	  -1.0278934e-03	  -8.9908894e-05	  -3.6092996e-12	   7.1693708e+01	
   8.2908523e-04	   1.2775523e-04	   2.4941976e-03	   3.2791819e-04	  -3.6662885e-12	   7.1680867e+01	
  -3.3866054e-04	  -3.7604859e-06	   4.8073193e-04	   1.1599019e-04	  -3.5865040e-12	   7.1689048e+01	
  -6.0261844e-04	  -1.2274476e-04	  -1.9185345e-04	   3.5992654e-05	  -3.7783668e-12	   7.1691265e+01	
   5.8719532e-04	   1.7585415e-04	   5.7676068e-04	   9.6213472e-05	  -4.3881485e-12	   7.1700411e+01	
   1.6673487e-03	   2.8747042e-04	   1.3889025e-03	   2.3623111e-04	  -4.3862488e-12	   7.1693708e+01	
   2.8077946e-04	  -3.4934742e-05	  -1.1222639e-03	  -1.6329888e-04	  -4.3767507e-12	   7.1697955e+01	
  -1.1368387e-03	  -1.8211587e-04	  -1.1298364e-03	  -1.1249367e-04	  -3.7555712e-12	   7.1693037e+01	
  -2.0472462e-04	   1.8511927e-05	   6.9304811e-04	   1.7198091e-04	  -4.0633115e-12	   7.1696186e+01	
  -3.7901426e-04	  -1.2815672e-04	  -4.8971122e-04	  -5.1991758e-05	  -3.5295151e-12	   7.1689772e+01	
  -5.2011567e-04	  -1.6529157e-04	  -4.3018369e-04	  -6.4280261e-05	  -4.0728097e-12	   7.1695013e+01	
   1.1552229e-04	   6.1484274e-05	   3.4168313e-04	   1.3148964e-04	  -3.6966826e-12	   7.1687488e+01	
  -2.8752784e-04	  -1.2760757e-05	   1.9872509e-03	   3.7908758e-04	  -3.4801247e-12	   7.1689602e+01	
  -8.5930525e-05	   4.0372025e-05	   5.1658342e-04	   1.0800240e-04	  -3.6567904e-12	   7.1690385e+01	
   1.7617687e-03	   3.2505033e-04	   1.3586804e-03	   2.0338554e-04	  -3.4858236e-12	   7.1689483e+01	
   2.3795947e-03	   3.8196910e-04	  -2.0803993e-04	  -4.3466908e-05	  -4.2874680e-12	   7.1691663e+01	
   6.1856133e-05	  -4.7407776e-05	  -6.9834439e-04	  -1.3191915e-04	  -3.7840657e-12	   7.1692215e+01	
  -1.1474150e-03	  -2.5403239e-04	   8.1847834e-04	   2.2129406e-04	  -3.5295151e-12	   7.1686242e+01	
  -1.2238854e-03	  -2.1329086e-04	   1.7039737e-03	   3.2409787e-04	  -3.9398354e-12	   7.1687191e+01	
  -6.7970465e-04	  -1.2478289e-04	  -2.3622050e-03	  -3.8338027e-04	  -3.5808051e-12	   7.1684525e+01	
  -1.4975625e-03	  -3.1412205e-04	  -1.2058103e-03	  -2.0333595e-04	  -3.6263963e-12	   7.1687743e+01	
   3.3698906e-04	   6.3543436e-05	   2.4726079e-03	   3.8787190e-04	  -3.5599092e-12	   7.1684093e+01	
   2.3212445e-03	   2.0557659e-04	   1.1293048e-03	   6.3788216e-05	  -3.6092996e-12	   7.1680626e+01	
  -2.0392873e-03	  -3.5837047e-04	   5.6103809e-04	   1.2771746e-04	  -4.1259994e-12	   7.1691722e+01	
  -1.2597073e-03	  -2.2641382e-04	  -1.9623749e-03	  -3.0903908e-04	  -3.8106606e-12	   7.1685846e+01	
  -3.2772626e-04	  -1.0954045e-04	  -5.7516409e-04	  -5.9095996e-05	  -3.7194783e-12	   7.1692655e+01	
  -6.5488292e-05	  -9.7731795e-05	  -1.1530671e-04	   2.0307099e-06	  -4.0994046e-12	   7.1696477e+01	
   1.9029549e-03	   1.5061818e-04	   1.5398341e-03	   8.8847771e-05	  -4.1924865e-12	   7.1679523e+01	
   1.3466405e-03	   2.7266577e-04	  -3.3801271e-05	  -7.0735793e-05	  -3.4516302e-12	   7.1692618e+01	
   2.5687656e-03	   3.0596937e-04	  -4.4992523e-04	  -7.9762237e-05	  -3.6890842e-12	   7.1682196e+01	
  -1.4004430e-03	  -2.4646404e-04	   1.5497917e-03	   2.8404876e-04	  -4.1924865e-12	   7.1692350e+01	
  -4.8870343e-04	  -2.4152331e-05	  -2.1095300e-03	  -9.7715589e-05	  -4.2741706e-12	   7.1677104e+01	
   1.9241124e-03	   2.0594657e-04	   1.8914872e-03	   1.6854014e-04	  -3.5713070e-12	   7.1682263e+01	
  -6.1695958e-04	  -1.9044790e-04	  -8.0961918e-04	  -2.0735629e-04	  -3.6415933e-12	   7.1687316e+01	
   2.6505426e-03	   2.6160480e-04	  -9.5515843e-05	  -3.7328666e-05	  -3.4440317e-12	   7.1685809e+01	
  -2.2535326e-03	  -3.6792796e-04	  -4.0868168e-04	  -3.6182874e-05	  -4.1791890e-12	   7.1691095e+01	
   2.5760434e-03	   3.2089521e-04	   2.9152872e-04	   9.6550531e-06	  -4.1013042e-12	   7.1685286e+01	
   1.8064085e-03	   2.7016249e-04	   1.8644316e-03	   2.5701229e-04	  -3.6700878e-12	   7.1684003e+01	
   1.7149009e-03	   9.9133227e-05	  -1.7835508e-03	  -1.5572207e-04	  -3.5409129e-12	   7.1688602e+01	
  -1.4890628e-03	  -3.8122251e-04	   3.6919469e-04	   1.0600924e-04	  -3.5067196e-12	   7.1687825e+01	
   7.7840720e-04	   2.0297071e-04	   1.2699067e-04	  -2.9989746e-05	  -3.7194783e-12	   7.1692042e+01	
   5.2675308e-05	  -5.9231942e-05	  -7.8678539e-04	  -1.4793426e-04	  -3.6130989e-12	   7.1692371e+01	
  -5.7375512e-04	  -1.7020875e-04	  -1.2399697e-03	  -2.1508502e-04	  -3.6244967e-12	   7.1694984e+01	
   6.0814192e-04	   8.8659176e-05	   2.5577549e-03	   3.1097463e-04	  -3.5048199e-12	   7.1684891e+01	
   2.2784009e-03	   3.7412710e-04	   8.0239842e-04	   1.0338829e-04	  -3.7004819e-12	   7.1688048e+01	
   1.2450157e-03	   2.5345561e-04	   1.7128847e-03	   3.4486049e-04	  -3.4915225e-12	   7.1686265e+01	
  -9.0502295e-04	  -2.3200239e-04	   1.7555665e-05	   5.6090769e-05	  -3.6719874e-12	   7.1691827e+01	
  -9.8194363e-04	  -1.5202032e-04	   9.0541901e-04	   2.3039617e-04	  -4.3159625e-12	   7.1700077e+01	
   2.4457659e-03	   3.7086663e-04	   6.4322794e-04	   7.0427731e-05	  -3.5675078e-12	   7.1689833e+01	
   2.9323102e-04	   1.1839570e-04	   2.7840360e-04	   4.2351284e-05	  -3.9208392e-12	   7.1694730e+01	
   4.4509831e-05	  -6.1153326e-05	  -6.4094280e-04	  -1.1961709e-04	  -3.6282960e-12	   7.1693170e+01	
  -1.1329001e-04	  -5.2400105e-05	  -6.6180235e-05	   6.0843607e-05	  -3.8220583e-12	   7.1692976e+01	
   8.3462578e-04	   1.8055428e-04	  -6.8211911e-04	  -1.9635708e-04	  -3.9664303e-12	   7.1693955e+01	
   2.9482245e-04	   1.1565574e-04	   9.5334115e-04	   2.2386866e-04	  -3.7517720e-12	   7.1694215e+01	
   7.3524219e-04	   5.6064224e-05	  -2.4668120e-03	  -2.8599769e-04	  -3.8087609e-12	   7.1687159e+01	
   1.7927521e-03	   2.1312049e-04	  -1.8694985e-03	  -2.3372208e-04	  -3.7080805e-12	   7.1681472e+01	
   2.4403974e-03	   2.5410544e-04	   1.0868341e-03	   1.1085524e-04	  -4.3045647e-12	   7.1685987e+01	
  -9.1013740e-04	  -8.4842102e-05	  -2.2469098e-03	  -1.5014701e-04	  -3.9854266e-12	   7.1680889e+01	
  -1.5612520e-03	  -3.9564054e-05	   5.0066660e-04	   6.5920603e-05	  -4.1867876e-12	   7.1681329e+01	
  -1.0095126e-03	  -4.9492328e-06	   1.2238028e-03	   9.4417912e-05	  -3.5390133e-12	   7.1686220e+01	
   1.4795496e-03	   3.2622523e-04	   1.2513303e-04	  -6.4839358e-06	  -4.1203004e-12	   7.1696021e+01	
  -3.7198460e-04	  -9.1630509e-06	   2.6147051e-03	   2.8153300e-04	  -3.5599092e-12	   7.1694297e+01	
  -5.5578056e-04	  -4.4045735e-05	  -1.7420216e-03	  -5.9166787e-05	  -4.0462148e-12	   7.1679902e+01	
   2.2539390e-04	  -8.9364087e-05	  -3.2359575e-04	  -1.1865141e-04	  -3.6434930e-12	   7.1684854e+01	
   2.7897316e-04	   5.9106470e-05	   2.3920376e-03	   3.5142451e-04	  -4.1203004e-12	   7.1692671e+01	
  -7.4706475e-04	  -2.1008018e-04	  -5.2963858e-04	  -7.7979285e-05	  -3.9113410e-12	   7.1696904e+01	
  -1.5124642e-03	  -3.3806729e-04	  -5.5549407e-04	  -8.6866700e-05	  -3.6472923e-12	   7.1692902e+01	
  -1.0081493e-03	  -2.3925145e-04	  -1.3153410e-03	  -2.6041618e-04	  -3.7574708e-12	   7.1692827e+01	
   1.1769393e-03	   9.8429907e-05	  -2.1626750e-03	  -2.1976202e-04	  -4.1259994e-12	   7.1687750e+01	
   5.2470890e-05	   5.9782559e-05	   9.3468609e-04	   1.3050813e-04	  -3.6453926e-12	   7.1698329e+01	
   2.5564770e-03	   3.0687144e-04	   6.3248532e-04	   6.4836732e-05	  -3.7631697e-12	   7.1683045e+01	
  -1.4998498e-03	  -3.0609178e-04	  -1.0214840e-03	  -2.0006353e-04	  -4.2437765e-12	   7.1695761e+01	
   3.7427974e-04	   5.3155348e-05	   2.4941604e-03	   1.8017662e-04	  -4.0044229e-12	   7.1683584e+01	
   1.4467818e-03	   2.3099143e-04	   2.0515403e-03	   2.8238984e-04	  -3.8087609e-12	   7.1693364e+01	
  -1.5829238e-03	  -6.9950785e-05	   1.3414746e-03	   9.4745542e-05	  -3.5979019e-12	   7.1685637e+01	
   2.2031552e-04	   1.0618677e-05	  -2.5106795e-03	  -1.9859586e-04	  -3.8220583e-12	   7.1681995e+01	
   9.3260308e-04	   1.4633545e-04	  -1.6106834e-03	  -3.4275223e-04	  -3.4630280e-12	   7.1698904e+01	
  -1.6296146e-03	  -9.3425170e-05	  -1.1513568e-03	  -5.3358376e-05	  -3.4649276e-12	   7.1688886e+01	
   1.7714956e-04	   3.2904593e-05	  -4.6911137e-04	  -1.6295316e-04	  -4.2247802e-12	   7.1703093e+01	
   1.1552772e-03	   5.7549124e-05	  -2.1840675e-03	  -1.6205790e-04	  -3.7764672e-12	   7.1685234e+01	
  -5.4971176e-04	  -3.9576637e-06	   1.9939890e-03	   1.0833265e-04	  -4.0519137e-12	   7.1681313e+01	
   1.8851303e-03	   1.2107055e-04	   1.3588986e-03	   5.4763875e-05	  -3.6548908e-12	   7.1686398e+01	
   1.7972935e-03	   1.0161657e-04	  -1.4465094e-03	  -1.0679272e-04	  -3.5238162e-12	   7.1689692e+01	
   1.0684542e-03	   6.3097864e-05	  -2.1610503e-03	  -1.4826249e-04	  -3.6339948e-12	   7.1684316e+01	
  -3.3980024e-05	   6.1164554e-05	   2.2240453e-04	   2.3909605e-05	  -3.8847461e-12	   7.1698830e+01	
  -1.2086246e-03	  -1.9009008e-04	  -2.1690715e-03	  -3.0590489e-04	  -3.7365749e-12	   7.1693358e+01	
  -1.0222719e-03	  -2.4775665e-04	   5.8060030e-04	   1.5433197e-04	  -3.8676495e-12	   7.1695350e+01	
  -2.1160887e-03	  -3.5273853e-04	  -9.5641752e-04	  -1.3472640e-04	  -3.7042812e-12	   7.1695209e+01	
  -1.3558439e-03	  -2.8547317e-04	  -5.2108900e-04	  -8.3645735e-05	  -3.7156790e-12	   7.1695096e+01	
   4.5793143e-04	   4.6458167e-05	   2.1701573e-03	   1.1546609e-04	  -3.4459314e-12	   7.1691737e+01	
   1.6441757e-03	   6.2584487e-05	  -1.0369569e-05	  -1.7689319e-05	  -3.5884037e-12	   7.1686048e+01	
   1.6835267e-03	   3.1926854e-04	  -1.0846398e-04	  -3.9285999e-05	  -3.4687269e-12	   7.1695649e+01	
  -1.4230831e-04	  -1.0608666e-05	   3.6596856e-04	   1.4063949e-04	  -4.2608732e-12	   7.1704676e+01	
   6.6785720e-04	   1.5909034e-04	   1.8849669e-03	   3.1560826e-04	  -4.0234193e-12	   7.1701689e+01	
   2.3031352e-03	   3.5378944e-04	  -7.4833331e-04	  -1.4980256e-04	  -3.6036007e-12	   7.1698157e+01	
   1.8880058e-03	   2.2284951e-04	   1.8832120e-03	   1.7299297e-04	  -3.5656081e-12	   7.1697358e+01	
  -1.5017105e-03	  -1.0529683e-04	   2.1161280e-03	   1.9246676e-04	  -3.5067196e-12	   7.1693886e+01	
  -4.5440517e-05	  -7.4215980e-05	  -9.8072564e-04	  -1.9685198e-04	  -4.1032038e-12	   7.1704093e+01	
   2.2469804e-03	   3.8714222e-04	   2.0656307e-04	  -1.0602687e-06	  -3.6301956e-12	   7.1700143e+01	
  -2.0582306e-03	  -3.5615171e-04	  -8.5355287e-04	  -1.3431077e-04	  -3.5162177e-12	   7.1695851e+01	
   1.4967190e-05	  -4.1952678e-05	  -5.9519330e-04	  -1.6409901e-04	  -3.9797278e-12	   7.1699666e+01	
  -2.6228676e-04	  -6.4853267e-05	  -1.5468291e-03	  -3.5774734e-04	  -3.4801247e-12	   7.1692931e+01	
   2.6264628e-04	   1.1239495e-04	  -2.1575040e-05	  -4.4308296e-05	  -4.3159625e-12	   7.1705421e+01	
   8.4659619e-04	   1.3275961e-04	   1.5258102e-04	  -8.8578032e-07	  -4.0576126e-12	   7.1702636e+01	
   1.4891706e-03	   3.8853060e-05	  -8.8944165e-04	  -3.0410882e-05	  -3.8600510e-12	   7.1678934e+01	
   1.4401383e-04	  -1.5593039e-05	  -2.6257241e-05	  -2.4351476e-05	  -3.8543520e-12	   7.1700249e+01	
   4.9570610e-04	   7.8166896e-05	  -1.7523372e-04	  -7.0182464e-05	  -3.6092996e-12	   7.1699069e+01	
   1.2215420e-03	   2.3448707e-04	  -4.9038639e-04	  -1.5739273e-04	  -4.4014459e-12	   7.1705915e+01	
   1.6232001e-04	   3.8899615e-05	  -1.1203824e-04	  -8.7845302e-05	  -3.6149985e-12	   7.1699321e+01	
  -6.8221639e-04	  -1.4471155e-05	   1.7609601e-03	   8.2275835e-05	  -3.4402325e-12	   7.1692671e+01	
   4.5190648e-04	   1.1611663e-04	  -6.1388274e-04	  -1.7469817e-04	  -3.9911255e-12	   7.1704279e+01	
  -8.6393830e-05	  -5.5380149e-05	  -3.6012692e-04	  -3.0001555e-05	  -4.3406577e-12	   7.1710811e+01	
  -7.3336731e-04	  -8.2709991e-05	   4.4785915e-04	   8.0566101e-05	  -4.0937056e-12	   7.1704915e+01	
   5.7624997e-04	   1.5455442e-04	   1.5235596e-04	   4.0737870e-06	  -4.3862488e-12	   7.1710901e+01	
  -1.1306825e-03	  -1.1570764e-04	  -4.9692014e-04	  -2.6054075e-05	  -3.7707683e-12	   7.1701143e+01	
   5.7481231e-05	   6.0422683e-05	   1.8964922e-04	  -2.8996003e-06	  -3.7365749e-12	   7.1702233e+01	
  -2.1069114e-04	  -6.9491497e-05	  -4.2181788e-04	  -6.3806567e-05	  -3.6947830e-12	   7.1701360e+01	
  -5.0040713e-04	  -1.4078804e-04	  -6.2282597e-04	  -5.7231383e-05	  -3.8942443e-12	   7.1704063e+01	
   4.8714583e-04	   1.6424517e-04	   3.5463669e-05	  -1.3176413e-04	  -4.1278990e-12	   7.1693238e+01	
  -1.8239814e-04	  -1.4137048e-05	  -4.3470805e-04	  -2.4807580e-05	  -3.9246384e-12	   7.1703801e+01	
   2.4875039e-03	   2.8514005e-04	   8.2846331e-04	   5.4998168e-05	  -3.4611284e-12	   7.1704443e+01	
  -1.4402188e-03	  -1.2077769e-04	   2.0385438e-03	   2.0916217e-04	  -3.9189396e-12	   7.1692393e+01	
  -4.1409979e-04	  -7.6696609e-05	   2.8494420e-04	   1.0581203e-04	  -3.5314148e-12	   7.1701337e+01	
   1.4413295e-04	   9.2069017e-05	   6.5498533e-05	  -1.2376634e-05	  -4.1468953e-12	   7.1707811e+01	
   3.1088854e-04	   8.0098044e-05	   2.3412303e-03	   3.3868928e-04	  -3.8866459e-12	   7.1703562e+01	
   5.7749552e-04	   2.6522054e-04	   3.9158022e-04	   1.1382540e-04	  -4.2095831e-12	   7.1694976e+01	
   4.4010756e-04	  -5.9005649e-05	  -2.7784010e-04	  -7.7093903e-05	  -3.6719874e-12	   7.1692087e+01	
   1.9050699e-03	   3.0157192e-04	   1.4937045e-03	   2.1080225e-04	  -3.7593705e-12	   7.1699957e+01	
   5.3584730e-04	   1.1716434e-04	   1.8235938e-03	   3.1528628e-04	  -3.8144598e-12	   7.1702891e+01	
   1.8328645e-03	   3.3243811e-04	  -5.0711998e-04	  -1.1011660e-04	  -3.4934221e-12	   7.1703271e+01	
   3.6704508e-04	   3.9463571e-05	   1.2323950e-03	   1.5875771e-05	  -3.8125602e-12	   7.1688758e+01	
   2.4534603e-03	   2.8977419e-04	  -6.1433153e-04	  -1.1473871e-04	  -3.8163594e-12	   7.1701390e+01	
   2.1912990e-03	   2.3648290e-04	   1.4002414e-03	   1.0650753e-04	  -3.6795860e-12	   7.1700867e+01	
  -1.0546204e-03	  -2.4831847e-04	  -9.2016806e-04	  -1.3629002e-04	  -3.5846044e-12	   7.1706631e+01	
  -1.1478996e-03	  -2.6410730e-04	  -1.0148485e-03	  -1.5890355e-04	  -3.7517720e-12	   7.1705286e+01	
   8.0084276e-05	  -4.5376551e-06	  -4.1792007e-04	  -2.1124845e-05	  -3.8049617e-12	   7.1704331e+01	
  -1.9508421e-03	  -2.8346382e-04	  -1.4326057e-03	  -1.6348266e-04	  -3.9892259e-12	   7.1703010e+01	
   2.6085902e-03	   2.9507790e-04	  -3.2201854e-04	  -5.7975328e-05	  -3.6966826e-12	   7.1700531e+01	
   1.1353248e-03	  -1.0568847e-05	  -1.2714519e-03	  -6.8281249e-05	  -4.4014459e-12	   7.1692005e+01	
   1.7313356e-03	   5.9572880e-05	  -4.5098291e-04	  -4.2137329e-05	  -3.4364331e-12	   7.1699920e+01	
  -5.8494060e-04	  -1.5104706e-04	  -5.0397327e-04	  -5.2548351e-05	  -3.7992628e-12	   7.1707422e+01	
  -3.7610649e-04	  -1.2540037e-04	  -6.7986725e-04	  -1.1587551e-04	  -3.9151403e-12	   7.1707931e+01	
   1.8538009e-04	   8.0905908e-05	  -7.7463375e-05	  -7.1785655e-05	  -4.3425574e-12	   7.1712268e+01	
  -3.4751094e-05	   5.9418848e-05	   2.4074415e-04	   3.3968977e-05	  -4.1449957e-12	   7.1710633e+01	
   6.3934711e-04	   2.8739431e-05	  -2.3662283e-03	  -2.3536033e-04	  -4.3197617e-12	   7.1700464e+01	
   2.2523195e-03	   3.6388704e-04	   2.9760072e-05	  -7.3105004e-06	  -4.1222000e-12	   7.1706116e+01	
  -7.1283947e-04	  -4.3783520e-05	  -2.0715152e-03	  -1.0287616e-04	  -4.3767507e-12	   7.1691647e+01	
   5.9328053e-05	  -7.5754117e-06	  -3.2576433e-05	  -1.3320685e-06	  -4.1810886e-12	   7.1710976e+01	
  -1.1493955e-04	  -5.9801828e-05	  -6.9912342e-04	  -1.4104951e-04	  -3.7175786e-12	   7.1705742e+01	
  -7.8969533e-04	  -1.0430354e-04	  -2.3557720e-03	  -2.1636513e-04	  -4.2171817e-12	   7.1700204e+01	
  -8.6461040e-04	  -2.8042465e-04	  -1.5026450e-03	  -4.1625253e-04	  -3.7612701e-12	   7.1697016e+01	
  -2.1542647e-04	   5.3231404e-06	   1.6894700e-04	   1.7580923e-04	  -3.6415933e-12	   7.1699912e+01	
   2.9833730e-04	   9.6125307e-05	   6.5492334e-04	   1.7187251e-04	  -3.6700878e-12	   7.1707050e+01	
  -8.4302398e-04	  -8.2247066e-05	   2.4419680e-03	   2.7940734e-04	  -3.8125602e-12	   7.1699687e+01	
  -1.9252389e-03	  -7.9259048e-05	   5.6175093e-04	   4.4903399e-05	  -3.6966826e-12	   7.1695738e+01	
  -2.2590299e-04	  -2.7293755e-05	  -2.4898602e-03	  -1.9892647e-04	  -4.2323787e-12	   7.1696172e+01	
  -1.7614601e-03	  -2.1034494e-04	   1.5861671e-03	   2.3539854e-04	  -4.1354975e-12	   7.1705878e+01	
  -1.9824695e-03	  -3.6103618e-04	   5.3489941e-04	   1.0258955e-04	  -3.8980436e-12	   7.1705684e+01	
  -2.5976273e-03	  -2.8637935e-04	   3.2441220e-04	   6.5549660e-05	  -3.5333144e-12	   7.1707721e+01	
   8.5269240e-04	   9.6828337e-05	   2.4097723e-03	   1.8654322e-04	  -3.9835270e-12	   7.1701069e+01	
  -4.5386406e-04	  -6.3752643e-06	   1.7795150e-03	   5.0947275e-05	  -3.9094413e-12	   7.1691273e+01	
  -2.2683577e-03	  -1.7529036e-04	  -1.2495349e-03	  -9.0843418e-05	  -3.4440317e-12	   7.1705273e+01	
  -1.5332943e-03	  -3.0203395e-04	   9.3519183e-04	   1.8975901e-04	  -4.0614118e-12	   7.1708572e+01	
  -4.8220142e-04	   8.3189896e-06	  -8.3493283e-04	   2.3691436e-05	  -4.1316983e-12	   7.1693156e+01	
   2.3503003e-04	   7.3323075e-07	  -1.3932257e-04	  -7.0192825e-05	  -4.1924865e-12	   7.1713604e+01	
   1.9061064e-04	   6.6284966e-05	   3.1687348e-04	   3.7229752e-05	  -4.0633115e-12	   7.1712387e+01	
   2.5314440e-04	   6.4168142e-05	   8.2394140e-05	   3.9221617e-07	  -3.6529912e-12	   7.1709244e+01	
  -1.1124961e-03	  -2.1727913e-04	  -1.6737464e-03	  -3.0218425e-04	  -3.7612701e-12	   7.1709745e+01	
  -2.1453752e-03	  -2.4928636e-04	  -1.0468529e-03	  -1.0126528e-04	  -4.2076835e-12	   7.1704257e+01	
  -1.1205336e-04	   6.8000520e-05	   3.7409159e-04	   2.0953904e-04	  -4.2836688e-12	   7.1703294e+01	
  -1.4393754e-03	  -1.0235376e-04	   1.8998045e-03	   1.7244615e-04	  -4.1924865e-12	   7.1699695e+01	
   8.9482074e-04	   5.8430082e-05	   2.1179437e-03	   1.0682131e-04	  -3.9284377e-12	   7.1695626e+01	
   5.9930888e-04	   1.5298350e-04	   8.8960128e-04	   1.9568141e-04	  -4.2589735e-12	   7.1716524e+01	
  -3.2804533e-04	  -2.2952706e-05	  -1.1540858e-03	  -7.5450897e-06	  -3.7099801e-12	   7.1700135e+01	
   1.0537479e-03	  -4.6378656e-06	  -4.0890427e-04	  -3.6054144e-05	  -3.8334561e-12	   7.1700390e+01	
  -4.2895495e-04	  -2.7211928e-05	  -1.1202478e-03	  -1.4313817e-05	  -3.6643889e-12	   7.1703756e+01	
  -1.7971211e-04	  -3.1724568e-05	  -4.8900192e-04	   6.5551763e-05	  -4.2133824e-12	   7.1702130e+01	
  -1.4415579e-03	  -4.3454534e-05	  -5.4243898e-04	  -2.1207041e-06	  -3.7251771e-12	   7.1700718e+01	
   2.2962332e-03	   2.8347828e-04	   9.0658548e-04	   8.8955702e-05	  -3.5295151e-12	   7.1717427e+01	
  -2.3484501e-03	  -1.8331048e-04	   8.8921430e-04	   7.7061222e-05	  -4.0120215e-12	   7.1698352e+01	
  -2.4740505e-03	  -1.9002440e-04	   3.7882323e-04	   3.6077007e-05	  -4.0405160e-12	   7.1698074e+01	
   1.3331846e-03	   2.0058559e-04	   1.8861320e-03	   2.8369916e-04	  -4.1715905e-12	   7.1710700e+01	
  -1.7252127e-04	  -3.6846440e-05	   3.8585404e-04	   1.0285019e-04	  -4.1411964e-12	   7.1718390e+01	
   2.1811481e-04	   8.5948765e-05	  -1.8358971e-05	  -4.3957057e-05	  -3.7954635e-12	   7.1714851e+01	
  -7.2960107e-05	   3.6365737e-05	   1.1874026e-03	   2.0282730e-05	  -3.8030620e-12	   7.1700636e+01	
  -3.5770810e-04	  -1.0095896e-04	   1.1980221e-03	   3.9414349e-04	  -4.2342783e-12	   7.1705310e+01	
  -2.0863221e-03	  -3.1116842e-04	  -7.9562841e-04	  -9.6329745e-05	  -3.6928834e-12	   7.1716718e+01	
  -2.4848070e-03	  -2.1951029e-04	  -4.4610487e-04	  -3.0572354e-05	  -4.0614118e-12	   7.1700570e+01	
   2.3977100e-03	   3.0985063e-04	  -1.5121976e-04	  -4.1793580e-05	  -3.4611284e-12	   7.1719936e+01	
  -5.8226208e-04	  -1.3929527e-04	  -2.7278257e-04	  -5.2471255e-05	  -3.5485114e-12	   7.1717613e+01	
   1.7604562e-05	   2.3687868e-05	   2.3882094e-03	   3.1387722e-04	  -3.4687269e-12	   7.1720196e+01	
  -1.5814535e-03	  -1.0094524e-04	   1.8790004e-03	   1.5960292e-04	  -3.5504110e-12	   7.1712865e+01	
  -2.0481780e-03	  -3.3081546e-04	  -1.0250123e-03	  -1.3074083e-04	  -3.6681882e-12	   7.1721496e+01	
  -5.0570800e-04	  -7.9186209e-05	   1.2850571e-04	   2.5668506e-05	  -3.8315565e-12	   7.1728185e+01	
   5.7649278e-04	   1.9508067e-04	   1.0409215e-03	   2.2373344e-04	  -4.2760703e-12	   7.1724071e+01	
   1.1679479e-04	  -2.4467586e-05	  -1.2700120e-04	  -4.4077383e-05	  -3.4478310e-12	   7.1724803e+01	
   5.1222571e-04	   1.8863729e-04	   1.0042879e-03	   1.8255886e-04	  -4.0424156e-12	   7.1727058e+01	
  -5.7321071e-04	  -1.3128235e-04	   5.1135620e-04	   1.4989532e-04	  -4.1981853e-12	   7.1720309e+01	
  -1.9578939e-03	  -2.5086109e-04	   1.4195733e-03	   2.2292472e-04	  -3.5618089e-12	   7.1722766e+01	
  -1.2505386e-03	  -9.8644018e-05	  -2.0191232e-03	  -1.3047684e-04	  -3.9265381e-12	   7.1706692e+01	
   2.3976670e-04	  -8.1351866e-06	  -2.9177297e-04	  -7.3298836e-05	  -3.7270767e-12	   7.1727283e+01	
  -3.5214863e-04	  -3.0554212e-05	   2.3773618e-04	   8.6305362e-05	  -3.6282960e-12	   7.1728111e+01	
  -7.7254499e-04	  -1.2325632e-04	   5.8704278e-04	   1.1308443e-04	  -3.5922030e-12	   7.1729745e+01	
   8.7363308e-04	   1.8570853e-04	  -1.2656092e-04	  -1.1585416e-04	  -4.2969662e-12	   7.1725625e+01	
  -3.0531223e-04	   8.5424724e-06	   8.7601965e-05	   4.2165693e-05	  -3.8334561e-12	   7.1726527e+01	
  -7.6649043e-04	  -1.0285940e-04	   7.0685679e-04	   1.8918384e-04	  -3.4744258e-12	   7.1727633e+01	
  -8.7047088e-04	  -6.2448894e-05	   2.3486574e-03	   2.2382073e-04	  -3.6434930e-12	   7.1716427e+01	
  -8.6674084e-05	  -9.5946753e-06	  -6.0121403e-06	   4.7404011e-05	  -3.8733484e-12	   7.1727692e+01	
   2.6389033e-03	   2.2295426e-04	  -4.5926423e-04	  -5.4290572e-05	  -3.4725262e-12	   7.1718697e+01	
   1.5080281e-03	   4.6428768e-05	  -1.2786934e-03	  -7.1002748e-05	  -3.9284377e-12	   7.1706572e+01	
   2.0982963e-03	   3.0809654e-04	   1.3799123e-03	   1.9149670e-04	  -3.4364331e-12	   7.1722779e+01	
   1.0685669e-03	   2.3837377e-04	   1.0108251e-03	   1.9791814e-04	  -4.1696909e-12	   7.1724026e+01	
  -7.1032353e-05	  -6.5662503e-05	  -2.0274976e-04	   2.1408126e-05	  -4.3425574e-12	   7.1726453e+01	
   1.1126135e-03	   2.5425757e-04	   6.6615122e-04	   6.1498101e-05	  -4.3881485e-12	   7.1724938e+01	
   1.0559884e-04	  -3.0165661e-05	  -4.7183405e-05	  -2.1823150e-06	  -4.0424156e-12	   7.1728909e+01	
  -6.1318691e-04	  -4.4469646e-05	   2.6011706e-04	   5.9273426e-05	  -3.9854266e-12	   7.1730007e+01	
  -1.2880519e-04	   6.1368747e-05	   2.6368196e-04	   6.5545593e-05	  -4.2456762e-12	   7.1728708e+01	
   2.3163483e-03	   3.3148438e-04	  -1.1335549e-04	  -5.9900430e-05	  -3.8828465e-12	   7.1726453e+01	
   5.8241953e-04	   5.1796544e-05	  -3.4144146e-04	  -5.8578821e-05	  -3.7137794e-12	   7.1732800e+01	
   3.2936414e-04	   1.0519074e-04	   2.0900805e-04	  -2.9952677e-05	  -3.8619506e-12	   7.1730829e+01	
   3.7410037e-05	  -4.1097375e-05	  -1.7430225e-04	  -1.4126235e-05	  -4.3938474e-12	   7.1728580e+01	
   7.8537890e-05	  -2.2181828e-05	   2.2972486e-05	  -3.7293825e-05	  -4.4033456e-12	   7.1727983e+01	
  -8.9053693e-04	  -1.6648161e-04	   4.1503253e-04	   1.6370362e-04	  -4.0006236e-12	   7.1731336e+01	
  -6.2585513e-04	  -1.7349649e-04	   9.3263137e-04	   2.6403240e-04	  -4.1563935e-12	   7.1731381e+01	
  -3.5181473e-04	  -6.5008278e-05	  -3.1069986e-04	   1.5803781e-05	  -3.9341366e-12	   7.1731508e+01	
   6.1479301e-04	   1.6634790e-04	  -8.3910180e-04	  -2.5101220e-04	  -3.7365749e-12	   7.1733896e+01	
  -7.4206505e-05	  -5.0606174e-05	  -4.1737025e-04	  -4.6454300e-05	  -3.5485114e-12	   7.1733180e+01	
  -1.1816113e-04	  -4.0979384e-05	  -2.7250124e-04	  -2.8139887e-05	  -3.8068613e-12	   7.1733479e+01	
   3.4037628e-04	   1.4096450e-04	   6.5403887e-05	  -1.4808630e-05	  -3.5865040e-12	   7.1730761e+01	
  -8.9187170e-04	  -2.5400716e-04	   2.2646850e-04	   8.9572143e-05	  -4.3767507e-12	   7.1729410e+01	
   2.6464672e-04	   4.4258721e-05	  -4.9513118e-04	  -1.8833161e-04	  -3.6852849e-12	   7.1734935e+01	
  -3.9676222e-04	  -1.5569205e-04	  -1.6561171e-04	  -3.8314368e-06	  -4.0386164e-12	   7.1731365e+01	
   4.8279268e-04	   4.0568945e-05	  -2.5595825e-04	  -5.8739216e-05	  -3.9588318e-12	   7.1734254e+01	
  -1.2266408e-03	  -1.0343653e-04	  -2.3023784e-03	  -1.6610883e-04	  -3.5219166e-12	   7.1724705e+01	
   4.8322670e-05	   9.5902931e-06	   1.3689346e-04	   1.6767878e-05	  -4.2247802e-12	   7.1732896e+01	
   1.7260986e-03	   1.9182579e-04	  -1.8450490e-03	  -2.3836711e-04	  -3.6548908e-12	   7.1727991e+01	
  -1.5174216e-04	  -1.5327570e-04	   9.1711007e-05	   1.2787144e-04	  -4.0101219e-12	   7.1712230e+01	
   8.2066682e-04	   1.0996219e-04	   2.1127407e-04	   6.5549277e-06	  -3.8277573e-12	   7.1735665e+01	
  -6.1958032e-04	  -1.7074394e-04	   1.2522516e-03	   3.3217744e-04	  -3.8904451e-12	   7.1738742e+01	
  -8.1078592e-04	  -2.5163185e-04	  -2.8248151e-04	  -5.8776454e-05	  -4.0804082e-12	   7.1736659e+01	
  -2.0686553e-03	  -2.0592472e-04	  -1.7669523e-03	  -1.5957812e-04	  -3.5428125e-12	   7.1727999e+01	
  -9.9657307e-05	   2.2515930e-06	   2.6337914e-03	   2.5653481e-04	  -3.8923447e-12	   7.1723190e+01	
  -5.2897195e-04	  -7.2183136e-05	  -2.6538824e-03	  -2.6188590e-04	  -3.6472923e-12	   7.1729209e+01	
   1.1624619e-03	   2.5057718e-04	   5.2130124e-04	   2.9523000e-05	  -4.0196200e-12	   7.1742930e+01	
  -7.1821817e-05	  -8.0098270e-06	  -5.2019404e-04	  -3.6827035e-05	  -3.6396937e-12	   7.1741713e+01	
  -6.3136051e-05	  -1.7462264e-05	   8.2880835e-04	   2.5510782e-04	  -3.7346753e-12	   7.1742190e+01	
   2.3422620e-03	   2.0535945e-04	  -1.0364447e-03	  -1.1794045e-04	  -3.9873263e-12	   7.1724744e+01	
   6.3259659e-04	   1.8433589e-04	   1.3494903e-03	   2.4153156e-04	  -3.8562518e-12	   7.1742505e+01	
   3.2595032e-04	   5.6501677e-05	  -1.5753947e-03	  -3.5440220e-04	  -3.6605897e-12	   7.1734972e+01	
   1.4151084e-03	   1.7745918e-04	  -2.0580787e-03	  -2.9585114e-04	  -3.5371137e-12	   7.1734248e+01	
   3.0955401e-04	   2.1318069e-05	  -2.1513152e-04	  -4.0498146e-05	  -3.5086192e-12	   7.1742349e+01	
  -9.7876015e-04	  -1.2862936e-04	  -4.2083741e-05	   2.3127971e-05	  -3.8239579e-12	   7.1748081e+01	
  -2.1106361e-04	  -4.2560428e-05	  -3.3016732e-04	   1.9408058e-05	  -3.9056421e-12	   7.1749657e+01	
  -1.1461511e-04	  -2.5673305e-05	   6.7400011e-04	   2.1310481e-04	  -4.1620924e-12	   7.1745455e+01	
   2.4292789e-04	   9.4528247e-05	   6.4969631e-04	   2.0565624e-04	  -3.9265381e-12	   7.1750328e+01	
   5.4068607e-04	   8.0085944e-05	  -3.7555439e-04	  -6.8576558e-05	  -3.9816274e-12	   7.1750702e+01	
   2.0546316e-04	  -2.8118407e-05	  -4.8040902e-04	  -1.2902154e-04	  -3.4535298e-12	   7.1744222e+01	
   4.7064238e-04	   6.9014359e-05	   4.7991986e-04	   4.5361450e-05	  -4.3729515e-12	   7.1742885e+01	
  -4.4113180e-04	  -8.2518830e-05	  -1.9343594e-03	  -2.4333108e-04	  -3.6985823e-12	   7.1753248e+01	
  -1.6714170e-03	  -2.9880954e-04	  -4.7544075e-04	  -6.3110677e-05	  -3.6871845e-12	   7.1749373e+01	
   2.8381662e-04	   6.6946154e-05	  -1.4516819e-03	  -3.8648513e-04	  -3.8999432e-12	   7.1751763e+01	
  -1.0606811e-03	  -1.3969718e-04	   5.2080365e-04	   9.8539422e-05	  -3.4554295e-12	   7.1748516e+01	
   1.1144618e-03	   1.5902641e-04	   3.1664143e-04	   2.1524692e-05	  -3.6263963e-12	   7.1752845e+01	
   4.5608659e-04	   1.6854286e-04	   8.3034965e-04	   2.0224124e-04	  -3.8258576e-12	   7.1759280e+01	
  -3.3114231e-04	  -6.2010307e-05	  -6.6203659e-04	  -9.6207429e-05	  -3.5523107e-12	   7.1752322e+01	
   3.1075800e-03	   4.7804996e-04	   2.5319778e-04	   2.5696155e-05	  -4.0063226e-12	   7.1758691e+01	
  -5.8770723e-04	  -1.1992648e-04	  -2.7410986e-03	  -5.3091536e-04	  -3.7612701e-12	   7.1760378e+01	
  -8.3617608e-04	  -1.1836081e-04	   3.0710666e-03	   4.2905996e-04	  -4.0633115e-12	   7.1756413e+01	
  -1.9478112e-03	  -4.2893864e-04	  -6.4172634e-05	  -9.5556818e-06	  -4.1089027e-12	   7.1758758e+01	
  -5.8349884e-04	  -1.2868046e-04	   2.2366324e-03	   4.5510486e-04	  -4.1089027e-12	   7.1762640e+01	
  -2.9240292e-03	  -3.2674610e-04	  -8.5948174e-04	  -9.1416400e-05	  -4.3368585e-12	   7.1745654e+01	
  -1.4927087e-03	  -2.5467151e-04	  -2.4301541e-03	  -4.1186437e-04	  -3.5010207e-12	   7.1755346e+01	
   5.0255248e-04	   3.7723656e-05	  -5.3129648e-04	  -1.3111848e-04	  -3.0147150e-12	   7.1549063e+01	
   6.6362147e-04	   9.7070267e-05	  -3.5370750e-04	  -9.5861464e-05	  -2.9045364e-12	   7.1542509e+01	
  -6.9652292e-04	  -2.2407178e-04	  -4.1904544e-04	  -8.4653325e-05	  -2.6081939e-12	   7.1525711e+01	
   1.0133553e-03	   1.8285498e-04	  -1.3652061e-03	  -3.1565234e-04	  -3.2331727e-12	   7.1563891e+01	
   6.0325814e-04	   6.8425589e-05	  -3.9073070e-04	  -8.8409443e-05	  -2.8095548e-12	   7.1538372e+01	
   2.6883235e-05	  -2.0631473e-05	  -3.5099493e-04	  -1.7779284e-05	  -3.2236744e-12	   7.1563159e+01	
  -1.6354021e-03	  -2.6467339e-04	   1.7272080e-03	   3.3068788e-04	  -2.7753614e-12	   7.1537745e+01	
   8.4165392e-04	   1.5529925e-04	  -7.0863241e-05	  -3.9901016e-05	  -3.0584065e-12	   7.1553782e+01	
  -2.6640909e-03	  -4.7593292e-04	  -1.0802473e-03	  -1.7970425e-04	  -2.5322086e-12	   7.1527688e+01	
  -4.7471001e-04	  -1.5334843e-04	  -1.1345932e-03	  -2.4336797e-04	  -2.4961156e-12	   7.1514847e+01	
   1.1153883e-03	   1.6711613e-04	   2.9247130e-03	   3.4954568e-04	  -2.6347887e-12	   7.1535199e+01	
  -2.5914987e-03	  -4.7992078e-04	  -4.0617248e-04	  -6.1334011e-05	  -2.9596257e-12	   7.1548623e+01	
   2.6297212e-03	   3.5546020e-04	   1.8038234e-03	   1.9519050e-04	  -2.8950382e-12	   7.1551721e+01	
  -1.6032802e-03	  -3.6883627e-04	   3.8188408e-04	   1.2343042e-04	  -2.8152537e-12	   7.1536910e+01	
   1.7725655e-03	   2.3244961e-04	   2.6960797e-03	   3.0418401e-04	  -2.4980153e-12	   7.1528279e+01	
   5.1429098e-04	   5.2516733e-05	  -3.1197195e-03	  -4.4477315e-04	  -2.8874397e-12	   7.1550042e+01	
   5.4153313e-04	   1.0952102e-04	   2.9722471e-03	   4.3024423e-04	  -3.3110575e-12	   7.1574941e+01	
   1.1620444e-03	   2.6864827e-04	   1.8640384e-03	   3.3653842e-04	  -3.3471504e-12	   7.1575716e+01	
   4.2878621e-04	   1.4559577e-04	   1.0772454e-03	   2.1995852e-04	  -2.6233909e-12	   7.1525157e+01	
   8.4679005e-04	   1.6026180e-04	   1.5207518e-04	   1.5895259e-06	  -3.3604479e-12	   7.1577718e+01	
  -6.4564328e-04	  -1.1970024e-04	  -2.8720908e-03	  -4.5826335e-04	  -3.1001984e-12	   7.1558381e+01	
  -7.1308779e-04	  -1.2243241e-04	   1.6245198e-03	   3.6957278e-04	  -2.5986957e-12	   7.1522828e+01	
  -1.6796226e-03	  -3.6205897e-04	  -2.2491451e-04	  -1.2538858e-05	  -2.4828182e-12	   7.1512950e+01	
   2.3819554e-04	   9.8960347e-05	   1.2493881e-03	   2.6699688e-04	  -2.4999149e-12	   7.1516242e+01	
   3.1325037e-03	   3.6321040e-04	   1.2096987e-03	   1.0165356e-04	  -2.7886589e-12	   7.1547466e+01	
  -6.8354281e-04	  -9.5864595e-05	  -3.2798843e-03	  -3.8762684e-04	  -2.6442869e-12	   7.1539045e+01	
   9.6906540e-04	   2.4306927e-04	   1.7987238e-03	   3.6121044e-04	  -3.2521689e-12	   7.1566280e+01	
   2.4471084e-03	   3.8348326e-04	   1.4820568e-03	   1.8276742e-04	  -2.4904168e-12	   7.1537647e+01	
   2.4797941e-03	   4.6411315e-04	   7.2452011e-04	   8.7749080e-05	  -3.3471504e-12	   7.1579495e+01	
   2.9168931e-03	   4.7186691e-04	  -6.0739504e-05	  -4.6135656e-05	  -3.1742841e-12	   7.1566018e+01	
   2.2945150e-03	   3.5600328e-04	   2.0430481e-03	   2.7361486e-04	  -3.0774028e-12	   7.1560920e+01	
  -3.8592315e-04	  -4.4224599e-05	   1.5314132e-03	   3.2395032e-04	  -2.8741423e-12	   7.1539133e+01	
   6.6297730e-04	   1.4214018e-04	  -1.2170053e-03	  -2.9845256e-04	  -2.9330309e-12	   7.1542157e+01	
  -1.3982909e-03	  -2.3474172e-04	   1.7703798e-03	   3.5113399e-04	  -2.4866175e-12	   7.1531966e+01	
  -7.7355417e-04	  -1.7946479e-04	   9.5790493e-04	   2.5455863e-04	  -2.7924582e-12	   7.1532257e+01	
   9.2051317e-04	   2.2420325e-04	   2.9261632e-04	   7.0784420e-05	  -3.1704847e-12	   7.1557828e+01	
   8.2650637e-04	   1.0566094e-04	  -6.1641783e-05	  -5.7060005e-05	  -3.2521689e-12	   7.1576628e+01	
  -8.9489604e-04	  -1.9544257e-04	   1.4049776e-03	   3.3113983e-04	  -2.9577260e-12	   7.1543554e+01	
  -7.4350091e-04	  -1.3940617e-04	   1.5772068e-03	   3.4177263e-04	  -2.5037142e-12	   7.1513616e+01	
  -8.3905841e-04	  -1.9122994e-04	   8.2394031e-06	   1.5130086e-05	  -2.5398071e-12	   7.1507545e+01	
  -1.2539949e-03	  -3.0241821e-04	  -9.6273621e-04	  -1.9809066e-04	  -3.2464700e-12	   7.1562734e+01	
   4.4134663e-04	   1.1548283e-04	   1.6202172e-03	   3.4346467e-04	  -2.7905585e-12	   7.1532758e+01	
   6.7729888e-04	   1.5822254e-04	   2.1844266e-04	   4.7452822e-05	  -2.7867593e-12	   7.1527300e+01	
   3.7928359e-04	   1.4039852e-04	   1.2128557e-03	   2.8219252e-04	  -3.4250354e-12	   7.1583638e+01	
  -2.3185060e-03	  -4.2192317e-04	   2.6913317e-04	   7.3192348e-05	  -2.4657215e-12	   7.1529876e+01	
  -2.5192671e-03	  -4.6175545e-04	  -1.2526827e-04	   6.0265913e-06	  -3.0812021e-12	   7.1564376e+01	
   1.7707306e-04	   5.6707419e-05	   1.7826342e-03	   3.6949868e-04	  -3.1419904e-12	   7.1557493e+01	
  -2.1409351e-03	  -3.7700263e-04	   1.0035440e-03	   2.0096066e-04	  -2.4752197e-12	   7.1530862e+01	
  -2.2342519e-03	  -4.3331810e-04	  -3.6238553e-04	  -4.2408591e-05	  -2.6765806e-12	   7.1539836e+01	
  -8.8694627e-04	  -1.7938359e-04	   1.4344647e-03	   3.1800175e-04	  -3.0052169e-12	   7.1547435e+01	
  -1.0906764e-03	  -2.7037629e-04	  -1.0796686e-03	  -2.3974218e-04	  -3.3471504e-12	   7.1571811e+01	
  -8.1194999e-04	  -2.0014779e-04	  -1.3971111e-03	  -3.1683215e-04	  -3.1818826e-12	   7.1559127e+01	
  -2.0589007e-03	  -3.5981315e-04	   1.4095902e-03	   2.7119654e-04	  -2.5113126e-12	   7.1535549e+01	
  -1.9733716e-03	  -4.2779617e-04	   6.5056155e-04	   1.6470326e-04	  -3.1856818e-12	   7.1569161e+01	
  -2.0936965e-03	  -3.1214311e-04	   1.9860078e-03	   3.2322540e-04	  -3.1932803e-12	   7.1573678e+01	
   1.5279623e-04	   4.4991214e-05	   1.7902000e-03	   3.9191835e-04	  -3.3623475e-12	   7.1574172e+01	
  -6.5767307e-05	  -1.1841086e-05	   1.7249349e-03	   4.0157046e-04	  -3.1989792e-12	   7.1566204e+01	
   1.4970123e-03	   3.6065322e-04	  -6.9613253e-04	  -1.7453987e-04	  -3.3357527e-12	   7.1576358e+01	
  -2.8324878e-03	  -4.2238944e-04	  -1.4995161e-03	  -2.1431895e-04	  -2.7563652e-12	   7.1551833e+01	
   8.4475775e-04	   1.7844411e-04	   1.5493899e-03	   3.3481937e-04	  -3.2141763e-12	   7.1564756e+01	
  -1.1981477e-04	  -1.8374477e-05	   1.6143820e-03	   3.7650927e-04	  -2.9501275e-12	   7.1551573e+01	
  -4.6074259e-04	  -1.0852778e-04	  -2.1107288e-03	  -4.1307267e-04	  -2.5664020e-12	   7.1535244e+01	
   1.8868706e-03	   7.6781859e-05	  -3.0094485e-03	  -1.5820433e-04	  -3.1856818e-12	   7.1566631e+01	
  -1.2602132e-03	  -2.2852828e-04	   1.9194440e-03	   3.8409027e-04	  -3.1343917e-12	   7.1568893e+01	
  -2.1865579e-03	  -4.2452348e-04	  -9.0903116e-04	  -1.5061444e-04	  -3.4250354e-12	   7.1585840e+01	
   2.8918175e-03	   2.9197334e-04	  -1.9927380e-03	  -2.2932746e-04	  -3.3262546e-12	   7.1579413e+01	
   1.8626749e-03	   4.2483736e-04	  -1.8800934e-04	  -4.7713397e-05	  -3.2768641e-12	   7.1573066e+01	
  -1.8194222e-03	  -3.7761357e-04	   6.0618082e-04	   1.5364033e-04	  -3.3357527e-12	   7.1579652e+01	
   1.5084017e-03	   3.4190395e-04	   9.9172878e-04	   2.1735499e-04	  -2.9159342e-12	   7.1551326e+01	
  -3.2061043e-04	  -4.3595586e-05	   3.1877376e-03	   3.9927161e-04	  -3.2027786e-12	   7.1576180e+01	
   1.8600542e-03	   3.7026508e-04	  -1.5090005e-03	  -3.0406844e-04	  -3.3205557e-12	   7.1580018e+01	
  -2.5193533e-03	  -5.0956007e-04	   6.1246144e-04	   1.2433887e-04	  -3.4193365e-12	   7.1592485e+01	
   1.7015798e-03	   1.1550035e-04	  -8.4807632e-04	  -7.4263810e-05	  -3.2673660e-12	   7.1631943e+01	
  -3.7874686e-03	  -5.4763079e-04	   4.8254807e-05	   2.8105090e-05	  -3.3794442e-12	   7.1679448e+01	
  -2.6697155e-03	  -3.9813352e-04	   2.0966042e-03	   3.3459233e-04	  -3.0850014e-12	   7.1675648e+01	
   3.5745994e-03	   5.2294267e-04	  -2.3632645e-04	  -6.7056217e-05	  -3.3205557e-12	   7.1677507e+01	
  -1.1066331e-03	  -3.2165148e-04	  -1.0591473e-03	  -2.4275997e-04	  -3.3528494e-12	   7.1672146e+01	
   8.2618942e-04	   5.4050245e-07	   4.1004075e-04	  -8.1054007e-06	  -2.8627445e-12	   7.1644284e+01	
  -1.8527914e-03	  -2.9120232e-04	  -4.0418635e-03	  -6.3731186e-04	  -3.1514885e-12	   7.1654356e+01	
   1.6659405e-03	   2.1599776e-04	  -1.7061978e-05	  -3.4545565e-05	  -3.3946413e-12	   7.1677417e+01	
   9.4028947e-04	   1.5474627e-04	  -9.3016600e-04	  -2.0488053e-04	  -3.3091579e-12	   7.1674602e+01	
  -1.4389326e-04	  -1.2065415e-05	   1.5732164e-04	   1.1181757e-04	  -3.1609866e-12	   7.1670533e+01	
   4.1923368e-04	   1.2843619e-04	   1.2441011e-03	   1.7042191e-04	  -2.5948965e-12	   7.1684241e+01	
  -3.7466123e-04	  -1.0207656e-04	  -1.1910875e-03	  -1.8057484e-04	  -2.6670825e-12	   7.1680881e+01	
  -2.7934858e-03	  -6.1101835e-04	   1.3155104e-03	   2.8793694e-04	  -3.0736035e-12	   7.1662568e+01	
  -7.7341887e-04	  -1.9508906e-04	  -4.2019887e-04	  -2.2132066e-05	  -2.7012759e-12	   7.1682128e+01	
   5.1916749e-04	   1.8875151e-04	  -5.5215114e-06	  -6.1055348e-06	  -3.2692656e-12	   7.1671952e+01	
  -5.2720639e-04	   1.4863154e-05	   1.2700628e-03	   6.5069105e-05	  -3.2901616e-12	   7.1653213e+01	
  -1.6906611e-04	   6.8521174e-06	   1.5725468e-04	   1.1863616e-04	  -3.3832435e-12	   7.1677252e+01	
  -8.2535217e-04	  -1.4003925e-04	   5.8081566e-04	   1.8813048e-04	  -2.5436064e-12	   7.1683098e+01	
  -7.8072424e-04	  -1.7150484e-04	  -3.0309542e-03	  -6.6126321e-04	  -3.0508080e-12	   7.1647993e+01	
  -1.1699618e-03	  -2.8608136e-04	   3.5813949e-04	   1.2352162e-04	  -2.7373688e-12	   7.1678440e+01	
   2.7037040e-03	   3.3388902e-04	  -7.5670076e-04	  -1.1217902e-04	  -3.2046782e-12	   7.1666159e+01	
  -9.9903271e-04	  -1.9666685e-04	  -1.1177921e-03	  -1.4515310e-04	  -3.3585483e-12	   7.1679836e+01	
  -1.3228754e-03	  -1.7475536e-04	   3.6716314e-04	   1.2455631e-04	  -2.8950382e-12	   7.1686921e+01	
   1.2167524e-03	   2.0041401e-04	  -7.7960332e-04	  -1.7206149e-04	  -3.0280124e-12	   7.1680098e+01	
  -6.7726689e-04	  -7.0418265e-05	   1.2164739e-03	   2.6246711e-04	  -3.0071165e-12	   7.1681568e+01	
  -1.3264667e-03	  -1.6517585e-04	   4.3249941e-04	   1.2339576e-04	  -2.6936772e-12	   7.1688974e+01	
   4.2101824e-04	   6.2836155e-05	   1.0502481e-04	   1.2661986e-05	  -2.8342500e-12	   7.1673093e+01	
   2.5971634e-04	   5.8158410e-06	  -1.2644212e-03	  -2.3854778e-04	  -2.7145732e-12	   7.1683689e+01	
   1.1492371e-03	   2.3431887e-04	  -3.5250136e-04	  -1.1197220e-04	  -2.9007371e-12	   7.1681337e+01	
  -1.1932112e-04	  -5.4874433e-05	   1.2354928e-04	   9.8534602e-05	  -2.7240714e-12	   7.1682785e+01	
   1.4505543e-03	   2.6791416e-04	   5.5236483e-04	   8.1925105e-05	  -3.3471504e-12	   7.1676955e+01	
   1.3749269e-03	   2.8556147e-04	   1.4725109e-04	   8.6017346e-06	  -3.1780833e-12	   7.1676880e+01	
  -4.6555347e-05	   3.5670308e-05	   1.9579626e-03	   3.8473049e-04	  -2.9007371e-12	   7.1685114e+01	
   1.5098306e-03	   3.0494244e-04	  -6.6946996e-04	  -1.8260360e-04	  -3.2749645e-12	   7.1678000e+01	
   1.1509078e-03	   2.9359477e-04	  -4.3010180e-04	  -1.2815768e-04	  -2.6993762e-12	   7.1683069e+01	
   5.5498452e-04	   1.0798160e-04	   2.6710935e-04	   2.4615075e-05	  -3.2825630e-12	   7.1674565e+01	
  -5.0348720e-04	  -4.5364891e-05	   2.6821275e-03	   2.3339760e-04	  -3.2312730e-12	   7.1665629e+01	
   2.6373313e-03	   2.2911756e-04	   7.2969081e-04	   2.9911448e-05	  -3.1324921e-12	   7.1677335e+01	
   1.3963851e-04	  -1.8129661e-05	  -1.4036264e-03	  -3.1183037e-04	  -3.2825630e-12	   7.1680478e+01	
   1.4962121e-03	   2.9915663e-04	   1.5306228e-03	   2.6142734e-04	  -3.3262546e-12	   7.1678491e+01	
  -1.0289209e-04	   1.3015708e-05	   2.1824953e-03	   3.9833403e-04	  -3.2084774e-12	   7.1678857e+01	
  -4.0801900e-04	  -2.8822188e-05	   1.6006696e-03	   3.4575694e-04	  -3.0793024e-12	   7.1687324e+01	
   1.2355606e-03	   2.5835736e-04	  -3.2546723e-04	  -1.3376806e-04	  -3.2901616e-12	   7.1684464e+01	
   4.2285507e-04	   9.9014817e-05	   2.3012449e-03	   3.9426249e-04	  -3.3566487e-12	   7.1677894e+01	
   2.9147501e-04	   6.9152952e-05	  -3.7709774e-04	  -8.2829308e-05	  -3.1913807e-12	   7.1675252e+01	
  -9.6328216e-04	  -1.2478464e-04	   6.3680256e-04	   1.8035624e-04	  -2.5398071e-12	   7.1696663e+01	
   1.3135812e-03	   1.6216292e-04	   2.5532336e-03	   3.2192833e-04	  -3.2426708e-12	   7.1670825e+01	
  -7.8575360e-04	  -1.9635026e-04	  -9.0071899e-04	  -1.1989803e-04	  -3.0584065e-12	   7.1688968e+01	
  -5.1498174e-04	  -1.1130117e-04	  -9.6717489e-04	  -1.6090298e-04	  -3.1267933e-12	   7.1679873e+01	
   6.6259255e-04	   1.8997704e-04	   1.5827295e-03	   2.9935540e-04	  -3.3794442e-12	   7.1686242e+01	
   1.7579743e-04	  -4.0326883e-05	  -8.3525588e-04	  -1.9438627e-04	  -2.9748228e-12	   7.1688743e+01	
   1.3193863e-03	   2.9339471e-04	   4.4672573e-04	   7.5748384e-05	  -2.9881201e-12	   7.1680955e+01	
   1.8071364e-03	   3.7773016e-04	   2.2936566e-04	   2.4792874e-05	  -3.2882619e-12	   7.1677642e+01	
   7.9960314e-04	   8.4584298e-05	  -9.8804494e-04	  -2.1051566e-04	  -3.1134959e-12	   7.1689952e+01	
   1.2884774e-03	   2.8749277e-04	  -2.9825911e-04	  -8.6790062e-05	  -3.0812021e-12	   7.1679388e+01	
  -3.4224282e-04	  -1.1655840e-04	  -1.2752137e-03	  -3.0550925e-04	  -3.2008789e-12	   7.1677642e+01	
  -6.2023814e-04	  -1.9760036e-04	  -7.9984760e-04	  -1.6805582e-04	  -3.1267933e-12	   7.1680358e+01	
   2.1001881e-03	   3.9633621e-04	   7.3195884e-04	   1.0186067e-04	  -3.2673660e-12	   7.1683682e+01	
  -1.3763113e-03	  -2.6160521e-04	  -1.1946292e-04	   4.5844722e-05	  -3.4288346e-12	   7.1686764e+01	
   5.7055981e-04	   1.2117889e-04	   3.6928220e-04	   5.4665708e-05	  -3.0888006e-12	   7.1678814e+01	
   2.5156782e-04	  -5.2930781e-06	  -1.4197949e-03	  -2.4925569e-04	  -3.0622058e-12	   7.1690175e+01	
  -7.7022719e-04	  -1.5744630e-04	  -7.1035882e-04	  -1.1311713e-04	  -3.3832435e-12	   7.1680748e+01	
   9.1556629e-05	  -3.4599788e-05	  -1.2444836e-04	  -5.7315311e-05	  -3.1457896e-12	   7.1680732e+01	
  -1.3750278e-03	  -2.7465444e-04	  -4.2658316e-04	  -4.9207551e-05	  -3.3794442e-12	   7.1684331e+01	
  -1.0779500e-03	  -2.4422902e-04	  -6.8148499e-04	  -1.1638315e-04	  -2.6499858e-12	   7.1690586e+01	
   1.3000194e-04	  -2.6812309e-05	  -4.2649911e-04	  -5.8707285e-05	  -3.4041394e-12	   7.1683562e+01	
  -1.3987873e-04	   2.6720378e-05	   5.2457905e-04	   1.0799796e-04	  -3.2350723e-12	   7.1683300e+01	
  -1.2563732e-03	  -1.5395084e-04	   9.3855525e-04	   1.9679516e-04	  -3.2046782e-12	   7.1692931e+01	
   8.6695288e-04	   1.4164118e-04	  -2.2727865e-04	  -5.4350544e-05	  -2.8608448e-12	   7.1682629e+01	
  -3.1015827e-04	  -7.4052148e-05	  -5.5906547e-04	  -1.0015143e-04	  -3.1286929e-12	   7.1678902e+01	
  -5.0193957e-04	  -1.1404594e-04	  -4.7935057e-05	   2.6865933e-05	  -3.1457896e-12	   7.1682404e+01	
  -1.1248829e-03	  -2.9484865e-04	   4.2180350e-04	   1.2257777e-04	  -3.0280124e-12	   7.1681658e+01	
  -2.5673898e-03	  -2.6440450e-04	  -7.0556236e-04	  -7.0281409e-05	  -2.7088743e-12	   7.1687167e+01	
   1.9650329e-03	   2.7201352e-04	  -4.3329559e-03	  -6.1284486e-04	  -2.9463283e-12	   7.1695544e+01	
  -1.4216258e-03	  -2.8707479e-04	  -3.1428815e-04	  -2.7960030e-06	  -3.3186560e-12	   7.1689072e+01	
  -1.8748688e-04	  -7.9867100e-05	  -1.4216077e-03	  -2.9594169e-04	  -3.1913807e-12	   7.1687316e+01	
   1.8954075e-04	  -1.8249637e-06	  -3.3181926e-04	  -1.3236972e-04	  -3.2711652e-12	   7.1682703e+01	
   5.4378891e-04	   9.6238237e-05	  -1.4646854e-04	  -4.6420980e-05	  -3.3946413e-12	   7.1680351e+01	
   1.7930825e-04	   2.3792211e-05	  -3.2580385e-04	  -1.1219590e-04	  -2.9577260e-12	   7.1684480e+01	
  -4.6503111e-04	  -7.3706132e-05	   2.9123325e-04	   1.3079336e-04	  -3.4269350e-12	   7.1687294e+01	
   3.4045239e-04	   1.6304137e-05	  -1.4411889e-03	  -2.5028971e-04	  -2.7088743e-12	   7.1695761e+01	
  -3.0292197e-04	  -9.7205431e-05	  -1.4234148e-03	  -2.5407824e-04	  -2.9976183e-12	   7.1692626e+01	
  -6.0647907e-04	  -9.4516644e-05	  -8.0209961e-04	  -1.0525976e-04	  -2.5113126e-12	   7.1687758e+01	
   5.0415375e-04	   1.4408900e-04	   1.4877479e-03	   2.4988406e-04	  -2.6347887e-12	   7.1697292e+01	
   1.6132001e-03	   2.3147593e-04	  -8.0248778e-04	  -1.4492788e-04	  -3.2730649e-12	   7.1692178e+01	
   9.7924774e-04	   2.1023884e-04	   1.3415173e-03	   2.0949291e-04	  -2.6404877e-12	   7.1696612e+01	
  -1.1156687e-03	  -2.3135415e-04	   1.1038540e-03	   2.7220705e-04	  -3.1381910e-12	   7.1686727e+01	
   5.8462558e-04	   1.1184509e-04	  -2.5558225e-04	  -9.6789520e-05	  -3.4060390e-12	   7.1688167e+01	
  -7.4881646e-04	  -6.5240534e-05	   1.2726140e-03	   2.3078430e-04	  -2.6214913e-12	   7.1698658e+01	
  -3.4082937e-03	  -4.7589715e-04	   3.4972595e-03	   4.8172995e-04	  -3.2635668e-12	   7.1687398e+01	
   8.2442162e-04	   1.4084132e-04	  -1.1565939e-03	  -2.6014351e-04	  -2.9900198e-12	   7.1691692e+01	
  -1.1597161e-03	  -2.3825608e-04	  -9.5283715e-04	  -1.3242684e-04	  -3.3680464e-12	   7.1690624e+01	
  -1.1832033e-03	  -2.2925763e-04	   5.2631757e-04	   1.5580369e-04	  -2.8570456e-12	   7.1694350e+01	
  -5.7185261e-04	  -1.6282186e-04	  -4.0948396e-04	  -3.9144524e-05	  -3.1134959e-12	   7.1690676e+01	
  -9.5106113e-04	  -2.3506581e-04	  -1.0948192e-03	  -2.0495070e-04	  -3.0831018e-12	   7.1689989e+01	
  -1.4425372e-03	  -1.9073871e-04	  -2.0662078e-04	   3.5461523e-05	  -2.5379075e-12	   7.1702503e+01	
   5.5966177e-04	   8.5012505e-06	  -7.9604154e-04	  -1.7674202e-05	  -3.4307343e-12	   7.1670056e+01	
   1.1405949e-04	   5.2183654e-05	   2.3227790e-03	   3.7647953e-04	  -3.1362914e-12	   7.1692655e+01	
   1.4836342e-03	   2.9926463e-04	   2.4221892e-04	  -8.4448432e-06	  -2.9995180e-12	   7.1694485e+01	
   1.4357225e-03	   2.4549437e-04	   2.0085125e-03	   2.9562664e-04	  -3.3642472e-12	   7.1689445e+01	
  -1.5470364e-03	  -3.0874515e-04	   9.9741178e-05	   6.7918151e-05	  -2.8760419e-12	   7.1694597e+01	
   1.7086083e-03	   3.0289487e-04	  -2.8908176e-04	  -9.4408477e-05	  -2.6404877e-12	   7.1696620e+01	
  -1.3342212e-03	  -2.4260009e-04	   7.0061842e-04	   1.9677173e-04	  -3.1343917e-12	   7.1694769e+01	
  -1.2650303e-03	  -2.9799050e-04	  -8.0782888e-04	  -1.4173203e-04	  -3.0963992e-12	   7.1689101e+01	
   1.6234743e-03	   2.5487553e-04	  -1.0682164e-03	  -2.0986190e-04	  -2.5113126e-12	   7.1697949e+01	
   5.0241389e-04	   8.8547330e-05	  -1.6492994e-03	  -3.4236480e-04	  -2.7544655e-12	   7.1693215e+01	
   9.4362361e-04	   1.5432226e-04	  -1.1749179e-03	  -2.8280593e-04	  -3.3680464e-12	   7.1692551e+01	
  -9.7846138e-04	  -1.4899207e-04	   1.4721073e-03	   2.9831441e-04	  -2.6157924e-12	   7.1696687e+01	
   2.6706079e-03	   2.4911317e-04	   1.7401517e-04	  -7.3352703e-06	  -3.4098384e-12	   7.1684181e+01	
   1.4455021e-03	   2.5796900e-04	   1.7405522e-03	   2.8933276e-04	  -3.0280124e-12	   7.1692178e+01	
  -7.7643382e-04	  -1.5701491e-04	   1.1202942e-03	   2.8909682e-04	  -3.3357527e-12	   7.1688512e+01	
   3.7920513e-04	   1.3168578e-04	   1.1157670e-03	   2.5302626e-04	  -3.2027786e-12	   7.1689400e+01	
   3.6455889e-04	   6.6122465e-05	  -4.8232248e-04	  -1.4640318e-04	  -3.0451091e-12	   7.1690183e+01	
   6.0292382e-05	  -1.2351585e-05	  -2.4208979e-03	  -3.0305184e-04	  -2.4923164e-12	   7.1700711e+01	
   1.9949266e-04	   4.7009292e-09	  -3.6053544e-04	  -1.1801838e-04	  -3.1533881e-12	   7.1688668e+01	
   7.8732317e-04	   2.1908704e-04	   5.7606047e-04	   1.0210969e-04	  -3.1191947e-12	   7.1691438e+01	
  -1.3122889e-03	  -2.7109198e-04	  -5.9792595e-04	  -5.8894154e-05	  -3.1571874e-12	   7.1694244e+01	
  -8.9956539e-04	  -1.7200671e-04	  -1.3792555e-03	  -1.7476747e-04	  -3.0755032e-12	   7.1699942e+01	
   9.3833498e-05	   2.9783818e-05	   1.9080084e-03	   3.6977945e-04	  -3.0755032e-12	   7.1689713e+01	
  -1.7563038e-03	  -3.2061154e-04	   4.4627550e-04	   1.3394052e-04	  -2.9235327e-12	   7.1699987e+01	
  -1.1906520e-03	  -2.3613013e-04	  -7.7716788e-04	  -8.7301948e-05	  -2.4866175e-12	   7.1697329e+01	
   4.4953109e-04	   1.5716049e-04	   8.1036197e-04	   1.6360493e-04	  -3.3129571e-12	   7.1691902e+01	
  -8.5144567e-04	  -6.1160373e-05	   2.4298295e-03	   2.5277704e-04	  -2.9596257e-12	   7.1698119e+01	
  -2.1798859e-03	  -2.9311599e-04	   8.3026546e-04	   1.4578263e-04	  -2.5607031e-12	   7.1700255e+01	
  -1.3882171e-03	  -2.4123938e-04	   6.7477564e-04	   1.8052543e-04	  -2.6670825e-12	   7.1699329e+01	
   2.2633492e-03	   1.6236614e-04	  -6.2995048e-04	  -7.7407802e-05	  -2.4619223e-12	   7.1706116e+01	
   1.7282946e-03	   2.3081622e-04	  -1.8335845e-03	  -2.7480084e-04	  -3.0280124e-12	   7.1694313e+01	
   2.1468548e-03	   3.8082395e-04	   2.7142539e-05	  -1.2486760e-05	  -3.1286929e-12	   7.1692191e+01	
  -8.5432189e-04	  -1.7097059e-04	  -2.1216302e-03	  -3.5959165e-04	  -3.1400906e-12	   7.1693931e+01	
   1.4773109e-03	   1.2735408e-04	  -2.0439838e-03	  -2.1086885e-04	  -2.7772611e-12	   7.1702069e+01	
   1.6282840e-05	   3.1051211e-06	   6.9797377e-04	   1.4975353e-04	  -3.0736035e-12	   7.1685780e+01	
   1.8312741e-03	   3.2700838e-04	  -1.2540388e-04	  -4.0901911e-05	  -2.6442869e-12	   7.1695618e+01	
   2.4348762e-03	   1.9899801e-04	   7.5492705e-04	   2.7838284e-05	  -2.7943578e-12	   7.1703756e+01	
  -1.3262686e-03	  -1.1121997e-04	  -3.5921158e-04	  -2.6573446e-05	  -2.5815991e-12	   7.1703838e+01	
   2.2927336e-03	   2.4434704e-04	  -1.2425689e-03	  -1.6691441e-04	  -2.7658633e-12	   7.1701771e+01	
   2.5097931e-03	   2.8406073e-04	  -5.9076747e-04	  -8.6445779e-05	  -2.8855401e-12	   7.1698411e+01	
   2.0034697e-03	   3.2760722e-04	  -2.6789192e-04	  -6.4480605e-05	  -2.5834987e-12	   7.1698037e+01	
   2.5216851e-03	   2.9663551e-04	  -5.6751059e-04	  -9.2146550e-05	  -2.8969378e-12	   7.1698777e+01	
   1.2586805e-03	   2.3157638e-04	  -1.6218415e-03	  -3.1455903e-04	  -3.2274737e-12	   7.1690087e+01	
   2.3895442e-03	   3.0412576e-04	  -1.1650884e-03	  -1.7501753e-04	  -3.3262546e-12	   7.1692042e+01	
   4.2533133e-05	  -2.6633166e-05	  -1.9436018e-04	   9.9840182e-05	  -3.1457896e-12	   7.1686525e+01	
   2.4025780e-04	   1.1050362e-04	   8.4554511e-04	   1.8701663e-04	  -3.0774028e-12	   7.1696493e+01	
   1.6152397e-03	   2.8444473e-04	  -1.0000479e-03	  -2.3167669e-04	  -3.1210944e-12	   7.1697567e+01	
  -6.1464409e-04	  -1.6823216e-04	  -1.4908214e-03	  -2.7634037e-04	  -3.0755032e-12	   7.1697135e+01	
   9.7693888e-04	   1.8060475e-04	   1.8425158e-03	   3.0607448e-04	  -2.8665437e-12	   7.1697552e+01	
   2.9939543e-04	   1.3538658e-04	   8.9490390e-05	   2.1747460e-05	  -3.3357527e-12	   7.1690079e+01	
   6.6641403e-04	   8.0832377e-05	   2.2444266e-03	   1.4270346e-04	  -3.4022398e-12	   7.1691729e+01	
   2.2808062e-03	   2.0197974e-04	   1.1912836e-03	   9.4740802e-05	  -2.9292316e-12	   7.1699069e+01	
   2.3145134e-03	   3.2207365e-04	   1.1954174e-03	   1.2214716e-04	  -3.3281542e-12	   7.1696432e+01	
  -1.6879580e-03	  -3.3410250e-04	   2.9819048e-05	   5.8109760e-05	  -3.1951799e-12	   7.1697358e+01	
  -2.1963238e-04	   2.2737426e-05	   2.0233458e-03	   1.1159589e-04	  -2.8532464e-12	   7.1703793e+01	
   7.6444891e-04	   2.1511665e-04	   1.8489145e-04	   4.1132281e-05	  -3.4117380e-12	   7.1690856e+01	
   4.1767718e-04	   1.3454548e-04	   3.6597817e-04	   6.7720820e-05	  -3.2217748e-12	   7.1690766e+01	
  -7.3231797e-04	  -1.3921040e-04	  -8.6071553e-05	  -1.2907304e-05	  -3.4079386e-12	   7.1688936e+01	
  -2.0979761e-04	  -5.5121074e-05	  -7.3413638e-04	  -1.4223254e-04	  -2.7848596e-12	   7.1691453e+01	
  -2.3581589e-04	  -7.9186114e-05	  -7.7858893e-04	  -1.7858756e-04	  -3.2008789e-12	   7.1690849e+01	
  -4.2988012e-04	  -1.4429914e-04	  -1.3004650e-03	  -2.6392110e-04	  -2.5436064e-12	   7.1699159e+01	
  -1.1890186e-03	  -2.4413651e-04	   8.3721901e-04	   2.1418551e-04	  -2.9482279e-12	   7.1695536e+01	
   2.4444248e-04	   2.4844273e-05	  -2.7328787e-04	  -1.0643102e-04	  -3.1419904e-12	   7.1692148e+01	
   4.2154071e-05	  -6.6296542e-06	  -1.0486379e-03	  -2.6298710e-04	  -3.1875815e-12	   7.1691356e+01	
   1.0081422e-04	   5.6273903e-05	   2.8038871e-04	   4.6428487e-06	  -3.3490501e-12	   7.1692461e+01	
  -1.8660099e-05	  -3.8576857e-06	   3.1690425e-04	   1.4090547e-04	  -3.3851432e-12	   7.1691722e+01	
   5.8963870e-04	   4.9303892e-05	  -2.5096236e-03	  -2.5811026e-04	  -2.8076552e-12	   7.1701822e+01	
   4.2088182e-04	   1.0714891e-04	   5.6455115e-04	   1.0993248e-04	  -2.9558264e-12	   7.1692902e+01	
   2.4624651e-03	   2.5676623e-04	   8.2836399e-04	   5.3037923e-05	  -2.6594839e-12	   7.1705697e+01	
   1.5908434e-03	   6.6202769e-05	  -1.5098643e-04	  -5.1890375e-05	  -3.3167563e-12	   7.1693544e+01	
   1.7890425e-04	   3.6791264e-05	  -7.9072933e-05	  -1.9349459e-05	  -3.3357527e-12	   7.1687339e+01	
  -1.8100046e-03	  -3.5625430e-04	  -7.5731715e-04	  -1.1147998e-04	  -3.1020980e-12	   7.1697225e+01	
  -2.5726532e-03	  -2.5571395e-04	   3.6196722e-04	   6.5960279e-05	  -3.1438900e-12	   7.1698620e+01	
   1.1850949e-04	  -1.5372059e-06	  -6.8906312e-04	  -1.5538667e-04	  -3.3718457e-12	   7.1692992e+01	
   1.0072279e-03	   5.3236689e-05	   7.6800013e-04	  -1.9670052e-05	  -2.9653246e-12	   7.1699883e+01	
   2.4762032e-03	   3.1905908e-04	  -4.1211209e-05	  -4.0096699e-05	  -2.6670825e-12	   7.1705175e+01	
   2.4141102e-03	   3.3763387e-04	  -6.4745215e-04	  -1.2968425e-04	  -3.2597674e-12	   7.1698934e+01	
   4.1397271e-04	   1.5698628e-04	   3.6798949e-04	  -8.7560010e-06	  -2.7772611e-12	   7.1706212e+01	
  -3.9140413e-04	  -7.9606883e-05	  -1.0054792e-03	  -1.8994097e-04	  -3.1324921e-12	   7.1689772e+01	
   2.0826916e-04	   6.6602525e-05	   4.8781077e-04	   1.1251727e-04	  -3.4155373e-12	   7.1692923e+01	
   1.4295272e-03	   3.0751932e-05	  -4.5543210e-04	  -3.6748598e-05	  -2.6480861e-12	   7.1706050e+01	
   1.8758536e-03	   2.6914921e-04	  -1.5404304e-03	  -2.6685404e-04	  -3.3984405e-12	   7.1698321e+01	
   1.7405108e-03	   2.1091233e-04	  -1.8661618e-03	  -2.7216421e-04	  -3.1951799e-12	   7.1699337e+01	
  -8.7816528e-05	  -1.2332691e-05	   1.1780252e-03	   2.1987775e-04	  -3.2996597e-12	   7.1690117e+01	
  -2.2626346e-03	  -2.2225782e-04	   9.3378457e-04	   1.0716970e-04	  -2.5075134e-12	   7.1702711e+01	
   1.3836134e-03	   2.0061074e-04	  -2.0117532e-03	  -3.4522431e-04	  -3.1913807e-12	   7.1697321e+01	
  -9.6712763e-05	  -3.6694544e-05	  -2.1011815e-03	  -3.9732957e-04	  -3.1001984e-12	   7.1695963e+01	
  -2.6903064e-04	  -9.7240319e-05	  -1.2427946e-03	  -2.8999330e-04	  -3.3053586e-12	   7.1692923e+01	
  -1.3374069e-03	  -1.8209875e-04	   1.9387174e-03	   3.2578549e-04	  -3.1419904e-12	   7.1701607e+01	
   5.9949094e-04	   3.3459905e-05	  -2.5054467e-03	  -2.1971004e-04	  -3.0641054e-12	   7.1701180e+01	
  -1.5947890e-03	  -2.1081855e-04	   1.6317135e-03	   2.5554394e-04	  -2.7240714e-12	   7.1703920e+01	
  -1.5056922e-03	  -3.3889288e-04	  -3.2297762e-04	  -4.0131580e-05	  -3.2312730e-12	   7.1693334e+01	
   1.6600808e-03	   1.2709193e-04	   1.5653914e-03	   8.2717733e-05	  -2.5132123e-12	   7.1709214e+01	
  -1.8360006e-03	  -2.1130034e-04	   1.7292796e-03	   2.3834041e-04	  -2.9615253e-12	   7.1701615e+01	
   3.7766264e-04	   7.9446380e-05	   6.5263229e-04	   1.1925034e-04	  -3.0963992e-12	   7.1692984e+01	
   2.3082004e-03	   2.5247044e-04	   1.3432528e-03	   1.1768402e-04	  -3.0850014e-12	   7.1700525e+01	
  -5.1335132e-04	  -6.3802102e-05	   2.3882884e-03	   3.7895137e-04	  -3.2160759e-12	   7.1696149e+01	
  -1.5271858e-03	  -2.0719669e-04	   1.6573451e-03	   2.7130763e-04	  -2.8038559e-12	   7.1704071e+01	
  -6.4504732e-05	  -2.9918170e-05	  -1.9679456e-03	  -3.8697137e-04	  -3.1647858e-12	   7.1695454e+01	
   2.5204042e-03	   3.3326603e-04	   7.6466578e-04	   6.0056989e-05	  -3.3718457e-12	   7.1699403e+01	
   3.8186458e-04	   7.5097649e-05	   1.7303219e-04	   2.1426854e-05	  -3.2274737e-12	   7.1691475e+01	
   2.2278798e-03	   3.8870961e-04	   3.5713917e-04	   1.5756164e-05	  -3.3680464e-12	   7.1701495e+01	
  -2.4738357e-03	  -3.7071759e-04	  -8.1834002e-05	   1.2587633e-05	  -3.4326339e-12	   7.1695753e+01	
   1.4174946e-03	   2.3165965e-04	   2.0456031e-03	   2.9944521e-04	  -3.2046782e-12	   7.1697530e+01	
   8.9805243e-04	   9.8871987e-05	   2.5064887e-03	   2.2690857e-04	  -3.2046782e-12	   7.1696984e+01	
   2.7783382e-04	   1.2280537e-04	   9.0056906e-04	   1.6148058e-04	  -3.1419904e-12	   7.1701331e+01	
  -1.9034410e-03	  -2.9329835e-04	   1.4886576e-03	   2.6264417e-04	  -3.2521689e-12	   7.1698523e+01	
  -9.7402300e-04	  -2.2484597e-04	   3.1431010e-04	   1.3795238e-04	  -2.5702012e-12	   7.1704369e+01	
  -6.7114997e-04	  -5.8009640e-05	  -1.4205535e-03	  -4.0158352e-05	  -3.1210944e-12	   7.1701456e+01	
  -5.7531281e-04	  -1.3902359e-04	  -1.3010463e-03	  -2.7146894e-04	  -2.6860788e-12	   7.1697106e+01	
   4.2620127e-04	   4.6246637e-05	  -1.2410863e-03	  -2.9840730e-04	  -3.3737453e-12	   7.1697650e+01	
  -7.9429145e-04	  -2.1240505e-04	  -6.3078237e-04	  -8.6207571e-05	  -3.3148567e-12	   7.1699031e+01	
  -1.0422450e-03	  -1.9362816e-04	   8.1765311e-04	   2.1242947e-04	  -2.6594839e-12	   7.1702212e+01	
   2.4361063e-03	   2.4242959e-04	   5.5795936e-04	   3.4777594e-05	  -2.6974766e-12	   7.1707856e+01	
   1.3750314e-03	   2.0169999e-04	   1.2530266e-03	   1.4906777e-04	  -2.9501275e-12	   7.1705899e+01	
  -1.9359479e-04	  -3.9022804e-07	   1.8016240e-03	   2.9852975e-04	  -2.4790189e-12	   7.1702055e+01	
   2.2171200e-03	   3.0144756e-04	   7.4505525e-04	   7.8974726e-05	  -2.6499858e-12	   7.1705870e+01	
   3.6668081e-05	   2.8065641e-05	   1.9715915e-03	   9.2454562e-05	  -3.1267933e-12	   7.1700323e+01	
   2.9423334e-05	  -5.4584126e-05	  -1.0665863e-03	  -1.9580832e-05	  -2.9957187e-12	   7.1703228e+01	
  -7.8345786e-04	   1.1461902e-05	   1.2926058e-03	   7.9290539e-05	  -3.3224553e-12	   7.1695066e+01	
   5.1141177e-04	   1.2973294e-04	  -4.1859360e-04	  -1.3845376e-04	  -3.1381910e-12	   7.1696716e+01	
   1.9178478e-03	   1.3929330e-04	  -1.6780652e-03	  -1.6349891e-04	  -2.7677629e-12	   7.1709715e+01	
  -8.8205728e-04	  -5.2797326e-06	   1.5095907e-03	   8.4205870e-05	  -3.2958605e-12	   7.1695305e+01	
   2.0411207e-03	   2.1764134e-04	   1.3934462e-03	   1.2515649e-04	  -2.5929968e-12	   7.1708347e+01	
   5.0772348e-04	   1.5218698e-04	   1.2771854e-03	   2.7284981e-04	  -3.3357527e-12	   7.1698560e+01	
  -8.3644564e-04	  -3.0075741e-07	   1.7055097e-03	   8.8330501e-05	  -2.5303090e-12	   7.1710880e+01	
  -1.2047647e-03	  -2.4547640e-05	   1.3779953e-03	   8.3322598e-05	  -3.1096965e-12	   7.1701666e+01	
   1.9976770e-04	  -6.7478967e-05	  -6.8846961e-04	  -3.3777688e-05	  -3.0812021e-12	   7.1701249e+01	
   1.1312530e-03	   5.6763029e-05	   9.7910429e-04	   4.1937157e-06	  -3.1381910e-12	   7.1699523e+01	
  -1.7815349e-03	  -3.5404858e-04	   5.6214651e-04	   1.4802651e-04	  -3.2673660e-12	   7.1699352e+01	
  -3.6892663e-04	  -8.8872080e-05	   8.0260160e-04	   2.1719341e-04	  -2.9691239e-12	   7.1698926e+01	
  -1.6995515e-04	  -5.7770490e-05	  -4.1599588e-04	  -1.3419539e-04	  -2.8209526e-12	   7.1699793e+01	
  -3.3656864e-04	  -8.8185433e-05	  -9.8315877e-04	  -2.5348886e-04	  -3.2407711e-12	   7.1696538e+01	
  -6.8860839e-04	  -1.9615860e-04	  -3.4120241e-04	  -8.2656074e-05	  -3.2407711e-12	   7.1697209e+01	
  -1.0164565e-03	  -2.4956047e-04	  -1.0405899e-03	  -1.8862643e-04	  -2.9349305e-12	   7.1702920e+01	
  -6.0925557e-04	  -1.7701255e-04	  -7.7337658e-04	  -1.2669316e-04	  -2.6594839e-12	   7.1704480e+01	
  -8.4335240e-04	  -2.1648452e-04	  -9.0030355e-04	  -1.5660422e-04	  -2.7677629e-12	   7.1704116e+01	
   1.5425291e-03	   1.8284666e-04	  -8.1106966e-04	  -1.1859932e-04	  -2.7202721e-12	   7.1707878e+01	
  -7.1868310e-04	  -1.9273060e-04	  -8.5439106e-04	  -1.4771630e-04	  -2.7943578e-12	   7.1704369e+01	
   4.5486362e-04	   1.7389467e-04	   3.1790061e-04	  -7.4492883e-06	  -2.9102353e-12	   7.1711252e+01	
   8.8979510e-04	   5.9677349e-05	  -2.3073606e-03	  -2.4183893e-04	  -2.5037142e-12	   7.1712193e+01	
   1.3164902e-03	   7.8083506e-05	   7.2168412e-04	  -2.7448824e-05	  -3.0356110e-12	   7.1707087e+01	
  -2.6141404e-03	  -2.8342421e-04	  -6.3585428e-04	  -6.0415134e-05	  -3.3319534e-12	   7.1695820e+01	
   1.5395153e-03	   1.6205813e-04	   8.0672050e-04	   5.6865157e-05	  -3.1856818e-12	   7.1708416e+01	
  -1.7185102e-04	  -1.8019759e-04	  -3.6270326e-04	  -5.1404065e-05	  -3.3338531e-12	   7.1696201e+01	
  -9.2090982e-05	  -2.6009081e-05	  -2.3867503e-03	  -1.4917325e-04	  -3.1172951e-12	   7.1703607e+01	
  -3.5674619e-04	  -5.4296140e-05	  -1.5742119e-03	  -1.6033429e-04	  -2.5151119e-12	   7.1708841e+01	
   2.5603633e-04	   2.6626751e-05	  -1.6363067e-03	  -2.9488612e-04	  -3.0394102e-12	   7.1701771e+01	
   1.6241478e-03	   3.1650798e-04	   1.1219390e-03	   1.7756770e-04	  -2.8608448e-12	   7.1705952e+01	
  -1.5511330e-03	  -2.8471211e-04	   3.9394429e-04	   1.0501006e-04	  -3.1248936e-12	   7.1701345e+01	
   1.4106997e-03	   2.5716102e-04	   1.6551046e-03	   2.5789190e-04	  -2.7753614e-12	   7.1707490e+01	
   1.4007797e-03	   3.0122064e-04	   1.2426007e-04	  -2.4900831e-05	  -2.8836405e-12	   7.1705220e+01	
  -2.1925808e-03	  -1.2766427e-04	  -3.4178579e-04	   6.2452920e-06	  -2.7601644e-12	   7.1710633e+01	
  -1.2278369e-04	   3.6611025e-06	   2.1454923e-03	   3.5265167e-04	  -2.9197334e-12	   7.1706042e+01	
  -5.9382974e-06	   3.7950863e-05	   4.7504025e-04	   1.0350620e-04	  -3.2293733e-12	   7.1699419e+01	
  -1.7026004e-03	  -3.5611728e-04	  -5.5676205e-04	  -1.0268636e-04	  -3.1172951e-12	   7.1698777e+01	
   1.1197124e-04	   5.9976114e-05	   4.6769595e-04	   1.3573379e-04	  -3.2597674e-12	   7.1699196e+01	
  -1.9257895e-03	  -3.5410460e-04	   3.4571765e-04	   9.9235042e-05	  -2.9045364e-12	   7.1705257e+01	
  -1.8039022e-04	   1.0726646e-06	   7.8496387e-05	   3.3372665e-05	  -3.3908420e-12	   7.1697716e+01	
  -6.4919189e-05	   1.9866790e-05	   1.6952546e-03	   3.3254570e-04	  -3.3205557e-12	   7.1700368e+01	
   2.4530088e-03	   2.2850922e-04	   3.5975149e-04	   1.2786032e-05	  -2.6651829e-12	   7.1710528e+01	
  -1.6542494e-03	  -2.9802534e-04	  -8.8913655e-04	  -1.3752581e-04	  -2.7563652e-12	   7.1704116e+01	
  -1.3836002e-03	  -1.7886848e-04	   1.3544163e-03	   2.3947962e-04	  -2.5531046e-12	   7.1710753e+01	
   1.8542575e-03	   2.5583898e-04	   1.3009803e-03	   1.5312364e-04	  -2.4733201e-12	   7.1708647e+01	
   4.6329623e-06	   3.2518167e-05	   1.7356865e-03	   2.8566079e-04	  -2.4619223e-12	   7.1703928e+01	
   6.9228654e-04	   1.4326763e-04	   1.7810087e-03	   2.3790158e-04	  -2.5436064e-12	   7.1711559e+01	
   6.6254740e-04	   8.6730130e-05	  -3.8471436e-04	  -7.3969505e-05	  -2.9482279e-12	   7.1703347e+01	
  -1.7303173e-03	  -2.5788961e-04	   1.5638834e-03	   2.5617800e-04	  -3.0963992e-12	   7.1702779e+01	
   6.3611173e-04	   1.3747946e-04	  -2.4318320e-04	  -7.2013560e-05	  -2.7753614e-12	   7.1701315e+01	
  -1.3074304e-03	  -7.2809341e-05	   2.1315469e-03	   1.6905075e-04	  -3.3661468e-12	   7.1699151e+01	
  -1.6490450e-05	   4.6626844e-06	   6.8155857e-04	   1.5285300e-04	  -2.7202721e-12	   7.1700554e+01	
   6.5357568e-06	   4.5672712e-06	  -3.8657421e-04	  -1.1705654e-04	  -2.8228523e-12	   7.1701480e+01	
  -9.1216284e-04	  -1.4831689e-04	  -1.4111772e-03	  -2.0023476e-04	  -2.7392684e-12	   7.1707206e+01	
  -1.7570759e-03	  -3.2064443e-04	  -7.1498869e-04	  -8.6070317e-05	  -3.1324921e-12	   7.1709849e+01	
   9.9147749e-04	   1.6880904e-04	   2.1991365e-03	   2.8794018e-04	  -3.1856818e-12	   7.1710626e+01	
  -6.4797218e-04	  -1.5555477e-04	  -8.8233826e-04	  -2.0267647e-04	  -2.6689821e-12	   7.1701838e+01	
   2.0586755e-03	   9.4439897e-05	  -1.6782460e-04	  -3.9641177e-05	  -2.7240714e-12	   7.1713246e+01	
   1.6055746e-03	   2.6264142e-04	   9.2940184e-04	   1.2540524e-04	  -3.0204139e-12	   7.1708893e+01	
   1.6978817e-03	   2.0476452e-04	   1.9636263e-03	   2.0524005e-04	  -2.8190530e-12	   7.1710700e+01	
   6.7835753e-04	   1.2784374e-04	  -2.2202547e-04	  -6.0249857e-05	  -3.3433512e-12	   7.1698591e+01	
   1.8023772e-05	  -1.4024690e-05	  -4.7078831e-04	  -1.2123339e-04	  -3.2046782e-12	   7.1699942e+01	
   4.6426130e-04	  -2.4931543e-05	   1.4226963e-04	  -5.6734089e-05	  -3.0963992e-12	   7.1704795e+01	
  -2.4125248e-03	  -2.4980417e-04	  -9.8261466e-04	  -8.9799231e-05	  -3.3642472e-12	   7.1702546e+01	
  -5.7229346e-04	  -9.2588763e-05	  -2.4130541e-03	  -3.2933114e-04	  -2.9045364e-12	   7.1708639e+01	
   6.6837226e-04	  -5.1889399e-05	  -3.2280782e-04	  -5.4374856e-05	  -2.6100936e-12	   7.1710461e+01	
  -7.3937949e-05	  -5.7687515e-05	  -1.0310315e-03	  -2.2896254e-04	  -3.0318117e-12	   7.1705474e+01	
   2.5542780e-04	   6.5635456e-05	  -8.9994414e-05	  -3.8149585e-05	  -3.4117380e-12	   7.1698971e+01	
   8.7272060e-04	   1.3888052e-04	  -3.6988100e-04	  -8.4687485e-05	  -3.3300538e-12	   7.1700562e+01	
  -6.6874969e-04	  -2.2965768e-05	   2.2108166e-03	   1.3991987e-04	  -2.9083357e-12	   7.1710066e+01	
   3.1788214e-04	   1.0176433e-05	  -2.4099301e-03	  -1.6506393e-04	  -2.9444287e-12	   7.1710193e+01	
  -1.2132210e-03	  -2.8038387e-04	  -3.1978679e-04	  -5.2567945e-05	  -2.9748228e-12	   7.1703705e+01	
  -1.3072710e-04	  -1.4959187e-04	  -3.4481423e-04	  -1.6145190e-04	  -3.0356110e-12	   7.1705660e+01	
   7.7410286e-04	   1.2088794e-04	  -9.6295677e-05	  -5.3345243e-05	  -2.5967961e-12	   7.1703361e+01	
  -7.1755941e-04	  -1.7241585e-04	  -1.8251781e-03	  -3.2267175e-04	  -3.1951799e-12	   7.1709230e+01	
   5.0997989e-04	  -3.5949420e-05	  -7.6908705e-04	  -1.1424838e-05	  -2.8228523e-12	   7.1709214e+01	
   8.2525482e-04	  -2.6034363e-06	  -1.2687008e-03	  -4.3316085e-05	  -2.7164729e-12	   7.1712679e+01	
   2.9375262e-04	   8.3291949e-05	   6.1190347e-04	   9.4866782e-05	  -3.2768641e-12	   7.1702652e+01	
  -2.1570519e-04	   1.1729759e-05	   1.5893507e-03	   3.0972329e-04	  -2.7848596e-12	   7.1710684e+01	
   7.0285437e-04	   1.8515637e-04	   8.9161614e-04	   1.6425777e-04	  -2.8684434e-12	   7.1708297e+01	
  -2.5797947e-04	   7.3701474e-06	   2.0454818e-03	   1.0241541e-04	  -3.1875815e-12	   7.1704286e+01	
   1.3369173e-03	   8.6807415e-05	  -2.1392025e-03	  -1.6269419e-04	  -3.1343917e-12	   7.1707347e+01	
   2.1227033e-03	   2.7467038e-04	   1.4276035e-03	   1.3752657e-04	  -2.9083357e-12	   7.1713872e+01	
   2.0224417e-03	   3.0744691e-04	   1.3876024e-03	   1.9156617e-04	  -3.0337113e-12	   7.1708475e+01	
  -6.8470525e-04	  -1.7496701e-04	  -5.6991489e-04	  -1.0585764e-04	  -2.9558264e-12	   7.1705727e+01	
  -8.3088401e-04	  -2.0000208e-04	  -2.3634582e-04	  -2.4945632e-05	  -3.1780833e-12	   7.1705870e+01	
   3.4621106e-04	   1.2165510e-04	   3.1293264e-04	   4.9489788e-05	  -3.3623475e-12	   7.1703018e+01	
   1.3871849e-05	  -2.5927594e-05	  -1.7659444e-04	  -8.2676098e-05	  -3.2027786e-12	   7.1702809e+01	
  -6.7812751e-04	  -1.3561723e-04	  -2.3459014e-03	  -3.4973005e-04	  -3.3642472e-12	   7.1709154e+01	
  -2.0696772e-03	  -2.7953046e-04	   7.9208324e-04	   1.4514191e-04	  -2.8418485e-12	   7.1713589e+01	
   2.2991711e-04	  -1.1313730e-05	  -1.9038659e-03	  -8.2404035e-05	  -2.8171534e-12	   7.1713992e+01	
   8.7436539e-04	   5.8567641e-05	   4.3208069e-04	  -4.4293912e-05	  -3.3091579e-12	   7.1701427e+01	
   1.0752295e-03	   2.2107955e-04	   3.6358143e-04	   2.7311861e-05	  -2.4676212e-12	   7.1704668e+01	
  -1.2671793e-03	  -1.6874656e-04	   2.0744124e-03	   3.0746655e-04	  -2.9235327e-12	   7.1709281e+01	
   1.2800104e-03	   1.4956524e-04	  -2.2149240e-03	  -2.9328727e-04	  -2.9235327e-12	   7.1709782e+01	
   1.0032683e-03	   2.3293259e-04	   6.7726234e-04	   1.1118534e-04	  -2.8133540e-12	   7.1707886e+01	
  -7.6015266e-04	  -1.6264990e-04	  -4.8704629e-04	  -8.5274429e-05	  -2.6746810e-12	   7.1702443e+01	
   2.1293511e-03	   2.1900014e-04	   1.5596969e-03	   1.1423552e-04	  -3.1096965e-12	   7.1713403e+01	
  -3.3386021e-04	  -9.7238565e-05	  -4.4587908e-04	  -1.0613247e-04	  -3.2217748e-12	   7.1704153e+01	
   2.4081621e-03	   1.6032820e-04	  -5.3568339e-04	  -7.8183245e-05	  -3.3072582e-12	   7.1709355e+01	
   2.2658668e-03	   2.9146221e-04	  -4.2665453e-04	  -1.0125444e-04	  -2.6176920e-12	   7.1715941e+01	
  -1.7836955e-03	  -3.1692400e-04	   7.0321942e-04	   1.7248134e-04	  -3.1989792e-12	   7.1711678e+01	
  -1.3013593e-03	  -9.4918634e-05	   2.1242109e-03	   2.1743926e-04	  -2.7050751e-12	   7.1716360e+01	
   9.7258766e-04	   1.7023214e-04	  -8.6473530e-05	  -2.5151222e-05	  -2.8570456e-12	   7.1705907e+01	
  -1.0113443e-03	  -1.9367090e-04	  -7.8644929e-04	  -1.2804456e-04	  -3.0451091e-12	   7.1707705e+01	
  -8.5044250e-05	  -1.0844488e-05	   7.0938589e-04	   1.2149716e-04	  -2.7962574e-12	   7.1705944e+01	
  -1.5878337e-04	  -3.1298746e-05	  -1.8844941e-03	  -8.5938870e-05	  -2.8114544e-12	   7.1717337e+01	
   1.7109663e-03	   6.6345967e-05	  -2.0838276e-05	  -5.5055893e-05	  -2.6651829e-12	   7.1718480e+01	
   1.4747559e-03	   3.7694931e-05	  -4.2724097e-04	  -5.3493374e-05	  -2.8874397e-12	   7.1715970e+01	
   2.4798022e-04	  -2.1103866e-05	  -2.1961309e-03	  -1.3135394e-04	  -2.5417067e-12	   7.1718771e+01	
   6.5084462e-04	   3.5439242e-05	   2.4177000e-04	  -7.1189820e-05	  -3.1248936e-12	   7.1707743e+01	
  -3.1114458e-04	   5.7565815e-05	   9.1567407e-04	   2.8311331e-05	  -2.9387298e-12	   7.1710931e+01	
   1.4908473e-05	   6.3445493e-06	   1.7999033e-03	   5.2528875e-05	  -2.7069747e-12	   7.1712970e+01	
   2.2410171e-03	   2.6459769e-04	  -1.2465532e-03	  -1.6577408e-04	  -2.8988375e-12	   7.1711663e+01	
  -8.6101512e-04	  -1.8110273e-04	  -7.8402085e-04	  -1.3877435e-04	  -2.9824212e-12	   7.1707631e+01	
   2.9664994e-04	  -9.1490268e-05	  -4.0686870e-04	  -1.2484579e-04	  -2.8988375e-12	   7.1713835e+01	
  -1.2900513e-03	  -1.9874284e-04	   1.8088728e-03	   3.3152101e-04	  -3.3870428e-12	   7.1712044e+01	
  -2.4626977e-03	  -3.1140655e-04	  -1.0632895e-04	   3.3206399e-06	  -2.7392684e-12	   7.1712140e+01	
  -6.2439020e-04	  -1.6062656e-04	  -9.5753638e-04	  -1.9463112e-04	  -2.7924582e-12	   7.1707662e+01	
   1.0106879e-04	   3.9820049e-05	   1.1572536e-03	   1.9784276e-04	  -2.7772611e-12	   7.1708618e+01	
   4.9095028e-04	   1.4382886e-04	   7.1622873e-04	   1.6090130e-04	  -3.2388715e-12	   7.1709602e+01	
  -9.2309336e-04	  -2.0954116e-04	   2.4150104e-05	   3.4966489e-05	  -3.3414516e-12	   7.1709042e+01	
   3.5978184e-04	   9.0991295e-05	   1.2286716e-03	   2.2824329e-04	  -3.2084774e-12	   7.1710207e+01	
  -4.0880034e-04	  -1.2136596e-04	   2.8738667e-04	   9.0346174e-05	  -3.1761837e-12	   7.1708870e+01	
  -2.5717702e-03	  -3.2238507e-04	  -3.6486407e-04	  -2.7891789e-05	  -3.4288346e-12	   7.1708207e+01	
  -2.4142944e-03	  -1.9431848e-04	   3.8106965e-04	   5.9727926e-05	  -2.4695208e-12	   7.1718442e+01	
  -9.6468645e-04	  -7.6056092e-05	  -2.0646867e-03	  -1.0737046e-04	  -2.8760419e-12	   7.1717076e+01	
   1.3653462e-03	   3.0586390e-04	  -8.2934527e-06	  -3.6287091e-05	  -3.4022398e-12	   7.1710947e+01	
  -8.6450579e-04	  -1.6354973e-04	   8.8627728e-04	   2.0830102e-04	  -3.2464700e-12	   7.1710984e+01	
   1.3292394e-03	   2.3099845e-04	  -1.0555444e-03	  -2.1898305e-04	  -2.5986957e-12	   7.1708901e+01	
   1.7830283e-03	   2.9037495e-04	   1.2620011e-03	   1.7681407e-04	  -2.7715622e-12	   7.1714328e+01	
  -4.2302328e-04	  -1.0753445e-04	  -9.3246979e-04	  -1.6354074e-04	  -2.6670825e-12	   7.1707490e+01	
   1.5004971e-03	   7.6649866e-05	   1.0337591e-03	   1.0872432e-05	  -2.4961156e-12	   7.1719458e+01	
  -6.6546316e-04	  -1.7433708e-04	  -5.1930109e-04	  -1.1951617e-04	  -2.5759002e-12	   7.1707944e+01	
  -4.5850552e-04	  -9.6583336e-05	   8.3963493e-04	   2.1983386e-04	  -3.2692656e-12	   7.1711283e+01	
  -2.3403207e-03	  -2.1573686e-04	   9.9594644e-04	   1.1511677e-04	  -3.1419904e-12	   7.1714798e+01	
  -2.0138198e-03	  -1.2983446e-04	   1.1229915e-03	   9.7443252e-05	  -2.5683016e-12	   7.1718726e+01	
   7.5408970e-04	   1.5676312e-04	  -5.2293354e-04	  -1.5179290e-04	  -3.2597674e-12	   7.1712575e+01	
  -1.2777333e-04	  -6.1897908e-05	  -9.3158362e-04	  -2.1246541e-04	  -3.0527077e-12	   7.1711530e+01	
   2.4432767e-03	   2.0101135e-04	   5.6999104e-04	   5.7367926e-06	  -2.7943578e-12	   7.1720914e+01	
   3.9263246e-04	   1.2031679e-04	   9.2912006e-04	   2.1195172e-04	  -3.3623475e-12	   7.1712596e+01	
  -7.3511059e-04	  -1.7939432e-04	   3.5039703e-04	   1.1151221e-04	  -3.2692656e-12	   7.1711917e+01	
   1.4228482e-03	   3.1157721e-04	   3.8663956e-04	   6.2230499e-05	  -2.9197334e-12	   7.1710559e+01	
  -8.0016467e-04	  -1.8711436e-04	   8.6853305e-04	   2.1892484e-04	  -3.1533881e-12	   7.1710490e+01	
   3.4747514e-05	   2.6409626e-05	   1.1123427e-03	   2.5442202e-04	  -2.8000566e-12	   7.1710745e+01	
  -1.3281346e-03	  -3.0436892e-04	  -3.2013604e-04	  -5.2959530e-05	  -3.0565069e-12	   7.1709931e+01	
  -4.4424995e-04	  -1.2426718e-04	  -2.9822943e-05	   9.9839119e-06	  -3.3110575e-12	   7.1712082e+01	
   1.0836742e-03	   1.1819982e-04	   2.3136261e-03	   1.7956972e-04	  -2.8551460e-12	   7.1720405e+01	
   5.6256456e-04	   1.2412904e-04	  -5.7406483e-04	  -1.5978057e-04	  -2.5702012e-12	   7.1709708e+01	
   3.2009461e-04	   6.9945435e-05	   7.2288024e-04	   1.4654080e-04	  -2.7221717e-12	   7.1707968e+01	
   1.9750913e-04	   8.4999245e-05	   1.4784464e-03	   2.9547906e-04	  -2.6803799e-12	   7.1713925e+01	
  -1.8337239e-03	  -7.2674569e-05	   6.3146072e-04	   6.8966515e-05	  -3.1609866e-12	   7.1715315e+01	
   4.1770340e-04	   9.6871657e-05	  -1.2265124e-05	  -7.3873777e-06	  -2.5493054e-12	   7.1704652e+01	
   1.8974585e-03	   8.5163668e-05	   5.9185809e-04	  -1.1753434e-05	  -2.6518854e-12	   7.1720063e+01	
  -2.4958719e-04	  -6.6172802e-05	  -6.3158055e-04	  -1.2046398e-04	  -2.4695208e-12	   7.1704392e+01	
  -7.5181956e-04	  -1.5538956e-04	  -1.3187969e-04	  -1.3162116e-05	  -2.8171534e-12	   7.1709946e+01	
  -3.9327058e-04	  -1.1111986e-04	   2.1752654e-04	   6.6499252e-05	  -3.1780833e-12	   7.1712544e+01	
   1.8180101e-03	   1.4284093e-04	   1.5174942e-03	   8.4253156e-05	  -2.6689821e-12	   7.1721310e+01	
   4.1364995e-04	   7.6231578e-05	   5.2621881e-05	   2.6884594e-07	  -2.5664020e-12	   7.1703862e+01	
   1.7115550e-03	   3.3805093e-04	   3.4041191e-04	   4.9633695e-05	  -2.8532464e-12	   7.1711342e+01	
   1.4508082e-04	  -9.1061983e-05	  -6.7414386e-04	  -2.2061488e-05	  -2.8494471e-12	   7.1717039e+01	
  -1.7935116e-03	  -1.9990234e-04	   1.2159094e-03	   1.6841557e-04	  -2.5018145e-12	   7.1719323e+01	
   7.2863476e-05	   2.2229825e-05	  -6.3497746e-05	  -5.1071015e-05	  -3.0470087e-12	   7.1716246e+01	
  -1.7422793e-03	  -2.9369160e-04	  -1.2443012e-03	  -1.6170712e-04	  -2.9805216e-12	   7.1721519e+01	
  -2.0587240e-03	  -2.2348594e-04	  -1.3904636e-03	  -1.1554070e-04	  -2.5550042e-12	   7.1720503e+01	
   1.4650554e-03	   9.5678477e-05	   1.5596026e-03	   6.8683982e-05	  -3.2236744e-12	   7.1715710e+01	
   4.3274705e-04	   9.6972107e-05	  -4.6689836e-04	  -1.3232740e-04	  -3.1533881e-12	   7.1713358e+01	
  -8.2208763e-04	  -9.9507529e-05	  -2.4616668e-03	  -2.4897908e-04	  -3.2958605e-12	   7.1717941e+01	
  -5.9065324e-05	  -2.1463063e-06	   7.8735048e-04	   1.8768618e-04	  -2.7012759e-12	   7.1710894e+01	
  -9.7879040e-05	   1.0983708e-05	   2.5571452e-03	   2.8301426e-04	  -3.3585483e-12	   7.1717538e+01	
  -2.3128990e-03	  -3.0598733e-04	  -8.1722132e-05	   1.7190808e-05	  -2.5436064e-12	   7.1717368e+01	
   2.0856957e-04	   4.6041076e-05	   2.8768782e-04	   3.9010230e-05	  -3.1989792e-12	   7.1719196e+01	
   1.1060642e-04	   5.8610665e-06	  -2.6555584e-04	  -5.7318985e-05	  -2.4980153e-12	   7.1704392e+01	
   1.3277488e-03	   5.3600785e-05	   6.2776382e-04	  -2.2188488e-05	  -3.1020980e-12	   7.1715978e+01	
  -2.4378190e-03	  -1.9641336e-04	  -2.7196135e-04	   1.5287143e-06	  -2.6803799e-12	   7.1721347e+01	
   3.9601312e-04	   1.2829885e-04	   2.2165006e-04	   4.4776765e-05	  -3.1115962e-12	   7.1715434e+01	
   5.4575318e-04	   1.3412774e-04	  -4.8904234e-04	  -1.4999053e-04	  -3.0204139e-12	   7.1715270e+01	
  -2.2238170e-03	  -2.1407785e-04	   1.2336951e-03	   1.4834761e-04	  -2.8399489e-12	   7.1719808e+01	
  -9.9190761e-04	  -1.2509264e-04	  -2.4663705e-03	  -2.6040509e-04	  -3.1020980e-12	   7.1718323e+01	
   1.7422391e-03	   2.1612402e-04	   1.8299852e-03	   1.9399241e-04	  -3.3376523e-12	   7.1719943e+01	
   1.0761215e-03	   2.2028340e-04	  -3.6699801e-05	  -7.7951316e-05	  -3.4079386e-12	   7.1720750e+01	
  -1.4304087e-03	  -1.4511010e-04	   1.8946139e-03	   2.3485310e-04	  -2.5379075e-12	   7.1719668e+01	
  -4.8362179e-04	  -1.3317159e-04	   3.7648263e-05	   4.1464505e-05	  -3.3813439e-12	   7.1716965e+01	
   2.2846436e-03	   3.1228568e-04	  -2.5949139e-04	  -6.1959475e-05	  -3.2179756e-12	   7.1722586e+01	
  -2.1746213e-03	  -1.1816681e-04	  -3.8384111e-04	  -1.2368090e-05	  -2.6708818e-12	   7.1720384e+01	
   1.3636041e-03	   3.1813025e-05	  -1.3217282e-03	  -8.2369642e-05	  -3.2008789e-12	   7.1716524e+01	
   1.6103817e-04	   4.2392100e-05	   1.2081059e-04	   2.3155864e-06	  -2.4638219e-12	   7.1705885e+01	
   5.9813430e-04	   7.9641543e-05	  -1.2089452e-03	  -2.8624269e-04	  -2.8532464e-12	   7.1719376e+01	
  -1.5897630e-03	  -2.3240563e-04	  -1.7187241e-03	  -2.3146088e-04	  -3.3338531e-12	   7.1721079e+01	
  -1.2018095e-03	  -2.6089202e-04	  -1.1751434e-03	  -1.9947588e-04	  -2.7582648e-12	   7.1717368e+01	
  -4.0625802e-04	  -2.3338654e-05	   2.4425989e-03	   2.7587996e-04	  -2.7772611e-12	   7.1720846e+01	
  -4.5663803e-04	  -2.9397045e-05	   2.4078120e-03	   2.4203403e-04	  -2.7449673e-12	   7.1720466e+01	
   1.8018874e-03	   1.3883553e-04	   1.6325131e-03	   9.2874312e-05	  -2.8874397e-12	   7.1721705e+01	
  -1.9632440e-03	  -2.8235336e-04	   1.0620540e-03	   1.7542698e-04	  -3.2654664e-12	   7.1721227e+01	
  -3.9334710e-04	  -1.2016018e-04	  -2.6628920e-04	  -4.4359748e-05	  -2.6651829e-12	   7.1714642e+01	
  -1.8692262e-03	  -2.1925691e-04	   1.3121675e-03	   1.7893949e-04	  -2.8950382e-12	   7.1722182e+01	
   2.2598075e-03	   2.3695259e-04	   6.1030897e-04	   3.8414762e-05	  -2.4980153e-12	   7.1722212e+01	
  -2.4234801e-03	  -2.9129414e-04	  -3.2642861e-04	  -1.3009703e-05	  -2.5493054e-12	   7.1720219e+01	
   2.4752521e-04	   4.7248034e-05	  -9.2724463e-04	  -2.3608577e-04	  -2.4790189e-12	   7.1714978e+01	
   3.1022883e-04	   3.5245200e-06	  -2.6508005e-03	  -2.3469176e-04	  -3.0337113e-12	   7.1721488e+01	
   2.5379482e-04	   6.1508874e-05	   1.4149120e-04	   2.4211951e-05	  -2.8931386e-12	   7.1715493e+01	
   4.2171911e-05	   3.1771919e-05	   2.3618144e-03	   3.7148746e-04	  -3.4155373e-12	   7.1722817e+01	
   1.1792959e-03	   2.7010836e-04	  -3.5733553e-05	  -2.2819319e-05	  -2.7373688e-12	   7.1715636e+01	
  -4.9677814e-04	  -1.3203579e-04	  -7.4508233e-04	  -1.8781390e-04	  -2.7297703e-12	   7.1715516e+01	
  -1.8958665e-03	  -2.4296752e-04	   1.1986164e-03	   1.8108529e-04	  -3.0052169e-12	   7.1722527e+01	
  -2.2610148e-03	  -2.7903357e-04	  -2.0882520e-04	  -6.9276098e-06	  -2.7753614e-12	   7.1721877e+01	
   7.8940881e-04	   1.1767278e-04	   2.1442960e-03	   2.4674382e-04	  -2.7487666e-12	   7.1723437e+01	
   1.2796856e-03	   1.3250169e-04	   2.1930386e-03	   1.9847622e-04	  -2.6442869e-12	   7.1721541e+01	
  -4.7133564e-04	  -1.5138684e-04	  -4.2712001e-04	  -1.0348569e-04	  -2.5986957e-12	   7.1717151e+01	
  -8.5551041e-04	  -1.1003328e-04	   1.7728564e-03	   3.1957135e-04	  -2.6100936e-12	   7.1721347e+01	
  -2.1800206e-03	  -2.9590282e-04	   1.3217144e-04	   3.7533945e-05	  -2.8665437e-12	   7.1722190e+01	
   1.0194043e-03	   6.4799797e-05	  -2.2897795e-03	  -2.2456469e-04	  -2.4714204e-12	   7.1724511e+01	
  -5.7147977e-05	  -1.5810754e-06	   1.9457725e-03	   3.8212075e-04	  -3.3832435e-12	   7.1718331e+01	
  -1.9581836e-03	  -2.5148223e-04	   8.8036077e-04	   1.3588973e-04	  -2.7088743e-12	   7.1721384e+01	
   5.0212470e-04	   1.8193946e-05	  -2.4951379e-03	  -1.9488844e-04	  -3.4136376e-12	   7.1718487e+01	
  -2.2739983e-03	  -2.6852456e-04	  -1.3000670e-03	  -1.2096514e-04	  -3.1875815e-12	   7.1722631e+01	
  -1.3766805e-03	  -1.5342439e-04	   1.7978604e-03	   2.3217476e-04	  -2.5948965e-12	   7.1721100e+01	
  -1.9790712e-04	  -2.9889648e-05	   7.6717707e-04	   2.1278912e-04	  -3.4060390e-12	   7.1722235e+01	
   4.9622045e-04	   8.2073037e-05	   2.3397139e-03	   3.6137077e-04	  -3.2160759e-12	   7.1720533e+01	
  -2.1362215e-03	  -2.2843642e-04	  -1.6370131e-03	  -1.6761129e-04	  -3.4269350e-12	   7.1717994e+01	
  -1.7497739e-03	  -2.8056167e-04	  -1.6143771e-03	  -2.4963477e-04	  -3.3034590e-12	   7.1720315e+01	
  -6.7479665e-04	  -4.2080313e-05	  -2.1845760e-03	  -1.1465938e-04	  -3.0052169e-12	   7.1720973e+01	
   1.8907004e-04	   2.2373208e-05	  -5.7152124e-04	  -1.7641473e-04	  -3.4041394e-12	   7.1722779e+01	
   1.1223911e-03	   7.8053151e-05	   2.2135131e-03	   1.3610033e-04	  -3.1913807e-12	   7.1718480e+01	
  -8.4411810e-04	  -2.1509416e-04	  -5.2743664e-04	  -5.6994568e-05	  -2.7867593e-12	   7.1722660e+01	
   5.0975987e-04	   3.8808316e-05	  -2.4025646e-03	  -2.6259734e-04	  -2.7487666e-12	   7.1722877e+01	
  -1.5943384e-03	  -1.6209614e-04	   2.0005530e-03	   2.4112832e-04	  -2.7601644e-12	   7.1722212e+01	
   1.1398420e-03	   7.8620930e-05	  -2.2336342e-03	  -1.9108841e-04	  -2.5740005e-12	   7.1723899e+01	
   1.9137775e-03	   1.0377203e-04	  -1.4256407e-03	  -1.0194848e-04	  -3.1438900e-12	   7.1720466e+01	
   1.6045912e-03	   9.1147248e-05	  -1.8864626e-03	  -1.4879071e-04	  -3.0109157e-12	   7.1723736e+01	
   1.3081729e-03	   1.1054687e-04	   2.1084301e-03	   1.4928251e-04	  -2.4885172e-12	   7.1724705e+01	
  -1.1557558e-04	   7.6662616e-06	   3.8116014e-04	   8.1299969e-05	  -2.7905585e-12	   7.1717450e+01	
  -1.2425453e-03	  -1.2527384e-04	  -2.2318177e-03	  -1.9734037e-04	  -2.8931386e-12	   7.1724288e+01	
  -1.9838000e-04	  -3.9742089e-05	  -2.6847829e-03	  -2.7261281e-04	  -3.0185142e-12	   7.1722750e+01	
   3.2124742e-04	   1.1066154e-04	   2.5950108e-04	   8.9991674e-06	  -3.3756449e-12	   7.1725960e+01	
   9.3450350e-04	   2.2127347e-04	   4.2739833e-04	   5.8328992e-05	  -2.6252906e-12	   7.1719031e+01	
  -2.0314933e-03	  -2.0239307e-04	   1.3181639e-03	   1.5434275e-04	  -2.4999149e-12	   7.1722347e+01	
  -6.0968171e-04	  -1.7304933e-04	  -6.4869878e-04	  -1.4942823e-04	  -3.1229940e-12	   7.1721190e+01	
  -2.1386352e-03	  -2.0381691e-04	   1.4167577e-03	   1.5665722e-04	  -3.1001984e-12	   7.1722564e+01	
  -9.1976362e-04	  -2.2910642e-04	  -1.2864021e-03	  -2.4959504e-04	  -3.1837822e-12	   7.1722249e+01	
   4.2481334e-04	  -2.1805315e-06	  -2.2086081e-03	  -1.2277675e-04	  -2.7696625e-12	   7.1725153e+01	
   4.3682081e-04	   5.9295208e-05	   2.0224736e-04	  -3.3694444e-06	  -2.9349305e-12	   7.1722623e+01	
  -1.0279422e-03	  -1.9064032e-04	   1.1306741e-03	   2.7166691e-04	  -2.9729231e-12	   7.1722533e+01	
   2.4069186e-03	   1.7079852e-04	  -4.7059239e-04	  -6.2243186e-05	  -3.4060390e-12	   7.1722623e+01	
   4.9568017e-04	   4.5596555e-05	   5.1463916e-05	  -1.7988801e-05	  -2.9178338e-12	   7.1724042e+01	
   8.3740224e-04	   9.7831077e-05	   2.3029366e-03	   2.0742283e-04	  -2.5702012e-12	   7.1724737e+01	
   6.8668005e-04	   2.0029432e-04	   7.5650255e-04	   1.1051230e-04	  -3.1286929e-12	   7.1727888e+01	
  -1.1752927e-03	  -2.7658521e-04	  -5.6064522e-04	  -6.1966194e-05	  -2.9900198e-12	   7.1725206e+01	
  -2.4465326e-03	  -3.5539248e-04	  -5.4181018e-04	  -6.3649676e-05	  -3.2901616e-12	   7.1721795e+01	
  -1.4003784e-03	  -3.1647810e-04	  -5.7743551e-04	  -7.1452104e-05	  -3.2483697e-12	   7.1725639e+01	
   2.3409488e-03	   2.4385161e-04	   6.5701621e-04	   4.2157984e-05	  -2.6024949e-12	   7.1725153e+01	
   6.0479776e-04	   1.1600723e-04	  -7.4188513e-04	  -2.0597913e-04	  -2.5853983e-12	   7.1721421e+01	
  -1.2754653e-04	  -6.1269203e-05	  -1.8772143e-03	  -3.4118476e-04	  -2.5018145e-12	   7.1721159e+01	
   2.0267419e-04	   1.1162067e-05	  -1.2182543e-05	  -5.4992800e-05	  -3.0318117e-12	   7.1724915e+01	
  -4.6304012e-04	  -1.4624190e-04	  -1.3591843e-03	  -2.7282606e-04	  -2.5777998e-12	   7.1720838e+01	
   4.4740525e-04	   1.6478028e-04	   1.1615304e-03	   2.6072574e-04	  -3.1666855e-12	   7.1728835e+01	
   5.5257277e-04	   1.7347566e-04	   5.0431738e-04	   8.5239536e-05	  -2.8038559e-12	   7.1725355e+01	
   7.8381715e-04	   1.9362589e-04	  -6.3286459e-04	  -1.7038588e-04	  -2.9900198e-12	   7.1723415e+01	
  -7.6532977e-05	  -6.1468513e-05	  -1.8771793e-04	   1.2430636e-05	  -2.9672242e-12	   7.1726275e+01	
   1.9237890e-03	   2.1391404e-04	  -1.3081707e-03	  -1.8025304e-04	  -2.7126736e-12	   7.1726028e+01	
   4.1908701e-04	   9.3827627e-05	   6.6740289e-05	  -5.9219353e-05	  -3.0755032e-12	   7.1727835e+01	
   4.6908450e-04	   1.6286975e-04	   1.7943494e-04	  -3.0558597e-06	  -3.1628862e-12	   7.1728604e+01	
   2.5423647e-03	   1.7377685e-04	  -1.9165285e-04	  -5.3536517e-05	  -2.7943578e-12	   7.1728663e+01	
   2.0790301e-04	   2.1815493e-05	  -4.4101687e-04	  -1.6284390e-04	  -2.7506662e-12	   7.1724856e+01	
   1.0643678e-03	   2.6766186e-04	   7.3490726e-04	   1.4950901e-04	  -3.4269350e-12	   7.1726946e+01	
   5.5810397e-04	   1.8264729e-04	   7.5140754e-04	   9.9189222e-05	  -2.7753614e-12	   7.1729768e+01	
   4.4383054e-04	   1.3594331e-04	   2.0847055e-04	  -7.5291106e-06	  -2.8361496e-12	   7.1726349e+01	
  -1.4582359e-04	  -7.9361725e-06	   3.5274508e-04	   1.2151986e-04	  -2.7202721e-12	   7.1722116e+01	
  -5.0012744e-04	  -1.0359526e-04	   4.7410412e-04	   1.3991351e-04	  -2.4790189e-12	   7.1719076e+01	
  -2.4187204e-04	   9.4648920e-06	   9.8442527e-04	   2.4030521e-04	  -2.7525658e-12	   7.1727670e+01	
  -6.9953053e-05	   2.5831813e-05	   4.6344666e-04	   9.9114882e-05	  -2.5341083e-12	   7.1716777e+01	
   4.3286407e-04	   1.0469088e-04	  -5.2723424e-04	  -1.9378730e-04	  -3.3813439e-12	   7.1733105e+01	
  -8.6093404e-05	   2.8483197e-05	   1.8706505e-04	   9.0101775e-05	  -3.0451091e-12	   7.1728371e+01	
   7.8022313e-04	   1.4709275e-04	  -1.2941629e-04	  -8.0903885e-05	  -2.7867593e-12	   7.1724967e+01	
   1.0750215e-04	  -1.3785530e-05	  -5.1722442e-04	  -1.7663835e-04	  -2.6689821e-12	   7.1725930e+01	
  -1.9717828e-03	  -2.1505621e-04	   1.4684307e-03	   1.8668791e-04	  -2.6765806e-12	   7.1725662e+01	
  -4.4077857e-04	  -1.4892435e-04	  -6.4867859e-04	  -1.6035620e-04	  -2.5740005e-12	   7.1724302e+01	
  -2.5138085e-03	  -2.8125158e-04	   1.4771161e-04	   3.8667136e-05	  -2.4961156e-12	   7.1726819e+01	
  -6.0232038e-04	  -1.6255917e-04	  -9.7833870e-04	  -1.2459632e-04	  -3.0698043e-12	   7.1734509e+01	
  -1.4586119e-05	  -3.3398968e-05	  -2.2277078e-03	  -3.7073187e-04	  -2.8361496e-12	   7.1726968e+01	
  -1.8145352e-03	  -2.6127980e-04	  -1.9101457e-03	  -2.6217123e-04	  -3.2958605e-12	   7.1724416e+01	
  -8.5043785e-05	   1.2072759e-05	   2.5968428e-03	   2.6710451e-04	  -2.5910972e-12	   7.1728163e+01	
   1.3157224e-03	   3.0214093e-04	  -4.6973723e-05	  -8.7441282e-05	  -3.3661468e-12	   7.1738092e+01	
   1.2309107e-03	   2.8495736e-04	   6.9139416e-04	   1.2300848e-04	  -2.6784802e-12	   7.1722862e+01	
  -2.0299032e-03	  -2.7126553e-04	  -1.2957648e-03	  -1.4809325e-04	  -2.4771193e-12	   7.1725878e+01	
  -4.5310569e-05	  -5.9195628e-05	  -5.3758652e-04	  -1.7383226e-04	  -2.9672242e-12	   7.1728946e+01	
   1.8091672e-03	   2.4532804e-04	  -1.3007647e-03	  -2.1120727e-04	  -2.7791607e-12	   7.1727962e+01	
   7.5189081e-04	   2.0085335e-04	   1.4185256e-03	   2.5579296e-04	  -2.8228523e-12	   7.1729530e+01	
  -2.7689216e-04	  -4.8793628e-05	   4.3497598e-04	   1.5203191e-04	  -2.7905585e-12	   7.1728073e+01	
  -5.0022366e-04	  -1.1605190e-04	   1.3359120e-03	   3.2652152e-04	  -2.7677629e-12	   7.1727259e+01	
  -1.5685447e-04	   5.7059049e-06	   2.4793902e-03	   3.3609662e-04	  -2.6081939e-12	   7.1728655e+01	
  -5.9525235e-04	  -1.9697656e-04	   3.7136412e-04	   1.2244963e-04	  -3.3167563e-12	   7.1733569e+01	
  -5.9467385e-05	  -8.3331555e-05	  -3.6541359e-04	  -5.1283651e-05	  -3.3300538e-12	   7.1735516e+01	
  -5.6807621e-04	  -4.5624432e-05	   1.0061970e-04	   1.7347861e-05	  -2.9596257e-12	   7.1731859e+01	
   1.3745639e-03	   3.1542631e-04	   8.3080361e-04	   1.1667167e-04	  -3.2445704e-12	   7.1736286e+01	
  -2.7801700e-05	  -1.3760932e-05	   1.9079812e-04	   1.1151962e-04	  -3.3395520e-12	   7.1735137e+01	
   1.0293156e-03	   2.1061471e-04	   1.3865544e-03	   2.7711070e-04	  -2.4847178e-12	   7.1723803e+01	
  -4.5614335e-04	  -4.0795502e-05	   1.3655446e-03	   3.0907316e-04	  -3.2692656e-12	   7.1736667e+01	
   1.4598683e-03	   3.1987198e-04	   5.5626976e-04	   5.0707630e-05	  -2.5740005e-12	   7.1732097e+01	
  -1.8963979e-03	  -3.1983013e-04	   6.6757383e-04	   1.3924668e-04	  -2.7221717e-12	   7.1728066e+01	
   1.9215590e-03	   3.0828010e-04	  -7.2737528e-04	  -1.5166601e-04	  -2.7012759e-12	   7.1729418e+01	
  -3.5052518e-04	  -2.4622975e-06	   1.0262981e-04	   3.6191920e-05	  -3.4003402e-12	   7.1738928e+01	
   6.7998675e-04	   7.7710955e-05	  -1.1453491e-03	  -2.7636601e-04	  -3.2654664e-12	   7.1737607e+01	
  -2.3950233e-04	  -5.7725572e-05	  -9.1800341e-05	   4.3200850e-05	  -3.1210944e-12	   7.1735301e+01	
  -9.8478431e-04	  -1.8184787e-04	   1.2614551e-03	   3.0471274e-04	  -3.1058973e-12	   7.1733739e+01	
  -4.7539206e-06	  -4.5468031e-05	   5.0542000e-05	   7.0535721e-05	  -2.4619223e-12	   7.1725923e+01	
  -2.5220931e-04	  -3.8857955e-05	  -1.0819080e-04	   1.6525785e-05	  -3.3205557e-12	   7.1737479e+01	
  -1.8744143e-04	  -3.8071951e-05	   4.6428090e-04	   1.5477537e-04	  -2.6879784e-12	   7.1729954e+01	
   7.0000832e-04	   1.1735639e-04	   2.3117319e-03	   3.2562553e-04	  -2.4619223e-12	   7.1731365e+01	
  -7.2299431e-04	  -1.4379100e-04	   1.5748185e-03	   3.4688489e-04	  -2.9729231e-12	   7.1731193e+01	
   4.0467889e-04	   6.8322889e-05	  -1.0713594e-03	  -2.8117641e-04	  -3.0622058e-12	   7.1733896e+01	
  -1.0990621e-03	  -1.2944140e-04	   8.5556837e-04	   1.2441099e-04	  -3.4288346e-12	   7.1744095e+01	
  -3.1366288e-04	  -5.8556570e-05	   3.9355619e-05	   8.4886107e-05	  -3.3281542e-12	   7.1742065e+01	
   1.4994389e-03	   3.2616562e-04	  -6.8704372e-04	  -1.8112345e-04	  -3.4060390e-12	   7.1736532e+01	
   1.8367018e-03	   3.5665532e-04	  -6.8190856e-04	  -1.6184518e-04	  -2.9349305e-12	   7.1732620e+01	
  -2.9975607e-04	  -4.3603127e-05	   1.8619160e-04	   1.0974716e-04	  -2.9634250e-12	   7.1737562e+01	
  -2.0152465e-04	   3.4852847e-05	   6.6646884e-04	   1.1839406e-04	  -3.1229940e-12	   7.1740959e+01	
   1.4872008e-03	   2.0430422e-04	  -1.9430585e-03	  -3.1604725e-04	  -2.7715622e-12	   7.1733771e+01	
   7.1768095e-04	   1.1168030e-04	   5.4866860e-04	   7.7498994e-05	  -3.0090161e-12	   7.1732583e+01	
  -1.3811266e-03	  -2.5199914e-04	   8.2270096e-04	   1.7820398e-04	  -2.5550042e-12	   7.1728551e+01	
  -2.2583519e-04	  -2.2446845e-05	  -3.2895663e-07	   4.1133227e-05	  -2.8798412e-12	   7.1732060e+01	
   7.1391442e-05	  -1.5690852e-05	  -1.7471223e-03	  -3.4892125e-04	  -2.7050751e-12	   7.1731962e+01	
  -1.3753141e-03	  -2.1233960e-04	   1.0334783e-03	   1.9049681e-04	  -2.7829599e-12	   7.1733777e+01	
   1.7271814e-03	   3.2015990e-04	   6.5019342e-04	   8.2780044e-05	  -3.4098384e-12	   7.1744535e+01	
  -7.9869407e-04	  -1.4217221e-04	   1.3625717e-03	   2.8389742e-04	  -2.6689821e-12	   7.1730790e+01	
   8.1641038e-05	   4.2989969e-05	   2.8905139e-04	   1.1340970e-04	  -2.4771193e-12	   7.1728962e+01	
  -1.6264144e-03	  -3.0953677e-04	  -7.2756087e-04	  -1.1731215e-04	  -3.3946413e-12	   7.1742811e+01	
   5.3129607e-04	   1.0044986e-04	   1.7605421e-03	   2.2001720e-04	  -2.6765806e-12	   7.1737726e+01	
  -4.1201210e-04	  -1.7383219e-04	  -1.7585067e-04	  -4.5209282e-05	  -2.9520271e-12	   7.1740108e+01	
   4.0736665e-04	   5.2706359e-05	  -5.7559158e-05	  -9.3037716e-05	  -2.6176920e-12	   7.1738644e+01	
  -1.8889201e-04	  -1.2546248e-05	   7.1451227e-04	   1.2021320e-04	  -3.1799829e-12	   7.1739981e+01	
  -4.2285210e-05	  -6.2759632e-05	  -3.1779775e-04	  -1.3242922e-04	  -3.3053586e-12	   7.1746431e+01	
  -9.6020418e-05	  -2.6406312e-05	  -3.5061406e-04	  -3.2121302e-05	  -3.2255740e-12	   7.1741347e+01	
   3.6543393e-04	   6.3855873e-05	   1.2321250e-05	  -6.5939271e-05	  -2.5948965e-12	   7.1734628e+01	
  -5.7672270e-05	  -7.1549065e-05	   2.1381832e-06	   9.1406957e-06	  -2.5777998e-12	   7.1732516e+01	
  -9.9876991e-04	  -1.5397654e-04	  -3.2128384e-04	  -2.6089715e-05	  -3.3737453e-12	   7.1748477e+01	
   1.0752804e-03	   1.7297173e-04	  -1.3853756e-03	  -2.6779010e-04	  -3.0052169e-12	   7.1740182e+01	
   1.2620825e-05	  -2.0570507e-05	  -1.7025693e-03	  -3.3388188e-04	  -2.4828182e-12	   7.1732919e+01	
   3.2297404e-04	   6.5870556e-05	   2.9082630e-03	   5.1600600e-04	  -2.4847178e-12	   7.1751450e+01	
  -9.1165441e-04	  -2.4087342e-04	  -1.1294020e-03	  -2.8083290e-04	  -3.3908420e-12	   7.1745095e+01	
   9.1729810e-04	   2.7889859e-04	   4.4875710e-04	   1.1126840e-04	  -3.1533881e-12	   7.1748829e+01	
  -6.4901764e-05	  -1.8572253e-05	   2.0998201e-03	   4.5418155e-04	  -2.4980153e-12	   7.1743752e+01	
  -9.6140767e-04	  -2.6164293e-04	   6.2384034e-04	   1.7254167e-04	  -2.6290898e-12	   7.1742333e+01	
   1.3480044e-03	   2.8020971e-04	  -1.4056684e-04	  -8.8606127e-05	  -2.5834987e-12	   7.1743684e+01	
  -7.9200323e-04	  -1.1786363e-04	   1.3295290e-03	   2.6731118e-04	  -3.0014176e-12	   7.1745991e+01	
   1.3536195e-03	   2.5042494e-04	  -1.6272400e-03	  -3.4631349e-04	  -2.7145732e-12	   7.1747418e+01	
   4.4357536e-04	   7.2607373e-05	  -1.4669205e-03	  -3.6287374e-04	  -3.0850014e-12	   7.1747962e+01	
   1.2312076e-03	   3.2632887e-04	  -5.0335725e-04	  -1.4804284e-04	  -3.1476892e-12	   7.1751702e+01	
  -4.3771758e-04	  -1.1735824e-04	  -1.5968713e-03	  -3.9534794e-04	  -2.9577260e-12	   7.1748187e+01	
  -6.2460842e-05	  -3.9961347e-06	   1.3101911e-03	   3.3491731e-04	  -2.6993762e-12	   7.1746588e+01	
  -7.6122115e-05	  -3.0970439e-05	  -6.0571001e-04	  -1.5125189e-04	  -2.4980153e-12	   7.1735532e+01	
  -2.0460784e-03	  -3.8905184e-04	  -2.7826022e-03	  -4.7965595e-04	  -3.2008789e-12	   7.1774301e+01	
  -1.9749773e-03	  -4.0687293e-04	   1.5052113e-03	   3.5112055e-04	  -2.6461865e-12	   7.1762678e+01	
   2.7695245e-04	   8.0126857e-05	   3.0188127e-03	   5.7877877e-04	  -2.9140346e-12	   7.1769397e+01	
   6.0659100e-04	   1.0942019e-04	   7.5371648e-04	   1.2418346e-04	  -2.9767224e-12	   7.1749187e+01	
  -1.4119095e-03	  -1.9048876e-04	   2.9362748e-03	   3.9334741e-04	  -2.7639637e-12	   7.1766768e+01	
  -5.7880147e-04	  -1.2276887e-04	  -2.4278088e-03	  -3.9742831e-04	  -1.7172668e-12	   7.1491083e+01	
  -2.2176259e-04	  -9.1005594e-05	  -1.5167178e-03	  -3.1871020e-04	  -1.9984122e-12	   7.1489001e+01	
  -7.7228430e-04	  -2.3321461e-04	  -6.6721534e-04	  -1.4190262e-04	  -2.4049333e-12	   7.1511009e+01	
   1.7998452e-03	   3.0561066e-04	  -3.6967584e-04	  -1.1996728e-04	  -1.5747944e-12	   7.1484826e+01	
   1.5047722e-03	   2.7859762e-04	   8.6267630e-04	   8.4291959e-05	  -1.8540402e-12	   7.1489731e+01	
   1.0186343e-03	   2.2580550e-04	   5.3853005e-05	  -5.6821139e-05	  -1.7457613e-12	   7.1488813e+01	
   1.4565714e-03	   3.1857272e-04	  -2.0383617e-04	  -9.3383331e-05	  -2.1161893e-12	   7.1498354e+01	
   1.7168502e-03	   3.5243293e-04	  -4.2837100e-04	  -1.3511766e-04	  -2.1275871e-12	   7.1498004e+01	
  -1.3805687e-03	  -2.4066151e-04	  -2.4502733e-03	  -3.8123759e-04	  -2.0800964e-12	   7.1508621e+01	
   7.8257744e-04	   1.5628875e-04	  -8.3108408e-04	  -2.4388346e-04	  -2.4467252e-12	   7.1512526e+01	
   2.4179678e-03	   4.3270959e-04	  -2.3762650e-04	  -8.2356989e-05	  -2.0288063e-12	   7.1502335e+01	
  -3.3033262e-04	  -4.5302583e-05	   1.5210618e-03	   3.4612286e-04	  -2.0060107e-12	   7.1492441e+01	
   2.4601705e-03	   4.2713554e-04	  -2.5255331e-04	  -8.4499809e-05	  -1.9946129e-12	   7.1502581e+01	
   1.8997601e-03	   2.7452437e-04	   2.4354188e-03	   2.9391397e-04	  -2.4106322e-12	   7.1525666e+01	
   9.0519448e-04	   1.4498440e-04	   2.8658901e-03	   3.6470828e-04	  -2.0060107e-12	   7.1509860e+01	
   1.0693840e-03	   1.5859937e-04	   2.9873757e-03	   3.6019000e-04	  -2.4600227e-12	   7.1527181e+01	
  -1.3891295e-03	  -2.8846514e-04	  -1.3103269e-03	  -2.1142362e-04	  -2.1142897e-12	   7.1496459e+01	
   2.1887871e-03	   3.5946963e-04	   8.6263510e-04	   8.4550860e-05	  -1.7761554e-12	   7.1495168e+01	
  -1.2693646e-03	  -2.9109438e-04	  -8.3399592e-04	  -1.4181786e-04	  -1.9585200e-12	   7.1494815e+01	
   2.0841682e-04	   1.6472059e-05	  -1.2249013e-03	  -2.5790900e-04	  -2.1408846e-12	   7.1494584e+01	
   1.7392907e-03	   3.8216739e-04	   1.5036194e-04	  -1.1233692e-05	  -2.3099518e-12	   7.1505955e+01	
  -1.9256654e-03	  -4.0196614e-04	  -4.6131456e-04	  -5.7506574e-05	  -2.4049333e-12	   7.1509658e+01	
  -7.7122803e-04	  -1.5906153e-04	  -3.6971064e-04	  -3.1754728e-05	  -1.5216047e-12	   7.1477688e+01	
   6.6764859e-04	   1.9037869e-04	   2.9101510e-04	  -2.2791590e-06	  -2.3403459e-12	   7.1509815e+01	
   2.2538041e-03	   2.0036494e-04	   2.4857025e-03	   1.7241387e-04	  -2.1199886e-12	   7.1517550e+01	
   8.2635832e-04	   1.7886959e-04	   8.6599464e-04	   1.2028555e-04	  -1.8084491e-12	   7.1485259e+01	
  -4.4052600e-04	  -3.3130383e-05	   1.3449138e-03	   2.5395895e-04	  -1.8616388e-12	   7.1486985e+01	
   2.8867540e-03	   3.8272860e-04	   8.4885518e-04	   7.1610678e-05	  -1.9376240e-12	   7.1508046e+01	
   2.5374628e-03	   2.0771436e-04	   2.0627491e-03	   1.2317271e-04	  -1.6165863e-12	   7.1510382e+01	
   6.1061782e-04	   1.4951519e-04	   1.1460028e-03	   1.8117338e-04	  -1.6602778e-12	   7.1483325e+01	
  -1.1130018e-03	  -1.6211574e-04	  -2.7619566e-03	  -3.5304299e-04	  -1.7419620e-12	   7.1499908e+01	
   1.1108430e-03	   2.0292820e-04	   3.2197118e-06	  -8.1593806e-06	  -1.7419620e-12	   7.1482834e+01	
  -8.0520841e-04	  -1.7231143e-04	  -7.5648544e-04	  -1.2546906e-04	  -1.5140062e-12	   7.1479630e+01	
  -1.4553652e-03	  -3.4671153e-04	  -6.4545234e-04	  -1.2683847e-04	  -2.4258292e-12	   7.1511204e+01	
  -7.5735959e-04	  -2.0098238e-04	  -1.1665467e-03	  -2.4293414e-04	  -2.1541820e-12	   7.1498550e+01	
   1.0016995e-03	   1.7206998e-04	   9.6947180e-04	   1.3526608e-04	  -1.5652963e-12	   7.1479988e+01	
   4.1771298e-04	   9.8752117e-05	   1.5321235e-03	   2.5249520e-04	  -1.7343634e-12	   7.1485319e+01	
   1.3363757e-03	   2.3013155e-04	  -1.7431043e-04	  -4.4043426e-05	  -1.8502410e-12	   7.1484617e+01	
   2.1243677e-03	   3.4753555e-04	  -1.5172793e-03	  -2.8736313e-04	  -2.2852566e-12	   7.1509950e+01	
   1.3249352e-03	   2.3916644e-04	  -4.4836936e-04	  -9.3732468e-05	  -1.9186276e-12	   7.1486417e+01	
  -1.7026555e-03	  -2.9318016e-04	   1.2606472e-03	   2.4614949e-04	  -1.9547207e-12	   7.1498115e+01	
  -1.7951956e-03	  -3.9094420e-04	   2.8281831e-04	   7.6801455e-05	  -2.3118514e-12	   7.1504640e+01	
  -7.4014428e-04	  -1.1287957e-04	   1.3189165e-03	   2.7529252e-04	  -1.8483413e-12	   7.1488776e+01	
  -5.0108275e-04	  -6.1570173e-05	   1.3963543e-03	   2.8512953e-04	  -1.9053303e-12	   7.1489717e+01	
   3.0155664e-04	   7.4784347e-05	   1.7983125e-03	   3.1971661e-04	  -1.6982705e-12	   7.1485237e+01	
  -3.0955589e-04	  -6.0139120e-05	   1.3187128e-03	   2.8936801e-04	  -1.6887723e-12	   7.1488163e+01	
  -4.1280734e-04	  -1.2275857e-04	  -2.1259980e-04	  -4.3227271e-05	  -2.0440034e-12	   7.1491911e+01	
  -4.8567767e-04	  -8.1307005e-05	   1.3639428e-03	   2.9840577e-04	  -2.1655798e-12	   7.1491009e+01	
   6.8631326e-04	   1.7169601e-04	   1.0507357e-03	   1.9888817e-04	  -2.3992345e-12	   7.1507202e+01	
  -4.2352407e-04	  -5.8373674e-05	   1.5583405e-03	   3.2755197e-04	  -2.3840374e-12	   7.1506725e+01	
  -1.4139194e-03	  -2.7822428e-04	  -1.2978842e-03	  -2.4070222e-04	  -1.6716756e-12	   7.1496996e+01	
   1.2070040e-03	   1.1637810e-04	   5.3046262e-04	   4.7955045e-05	  -1.7514601e-12	   7.1495406e+01	
  -4.0390509e-04	  -7.6985574e-05	   1.3823208e-03	   3.1365763e-04	  -2.2301673e-12	   7.1493547e+01	
   1.2299263e-03	   2.7311193e-04	   1.0376488e-03	   2.0581619e-04	  -2.2814573e-12	   7.1501826e+01	
  -1.2872828e-03	  -2.3447612e-04	   1.2704550e-03	   2.4982222e-04	  -1.8407428e-12	   7.1489202e+01	
  -6.8127940e-04	  -1.4454736e-04	   4.7182130e-04	   1.2319446e-04	  -1.9832152e-12	   7.1487776e+01	
  -1.5939624e-03	  -3.2252116e-04	   6.0400313e-04	   1.4087453e-04	  -2.2795577e-12	   7.1500319e+01	
  -1.3537581e-03	  -2.8050835e-04	   6.8479063e-04	   1.5134116e-04	  -1.9148284e-12	   7.1488171e+01	
  -5.1932032e-04	  -1.0130659e-04	   1.8427408e-03	   3.5736317e-04	  -2.0307059e-12	   7.1493420e+01	
  -8.7493623e-04	  -1.6409133e-04	   1.5171718e-03	   2.8702853e-04	  -1.7438617e-12	   7.1487059e+01	
  -4.9744501e-04	  -1.0052934e-04	   1.4557788e-03	   3.1536463e-04	  -2.2320669e-12	   7.1527120e+01	
   1.1041728e-03	   2.3410312e-04	   1.2777252e-03	   2.7140338e-04	  -2.2244684e-12	   7.1526680e+01	
  -1.0945860e-03	  -1.9562041e-04	   1.2694175e-04	   9.4142962e-05	  -2.4524241e-12	   7.1682480e+01	
  -4.0314537e-03	  -6.7116508e-04	   7.5348173e-05	   1.2548762e-05	  -1.9072299e-12	   7.1721683e+01	
  -7.5140851e-04	  -1.8342911e-04	  -9.6552139e-04	  -1.6840326e-04	  -1.7457613e-12	   7.1713814e+01	
   1.0061661e-03	   2.2562194e-04	  -8.7863503e-04	  -2.1358435e-04	  -2.3707400e-12	   7.1679740e+01	
  -2.3044835e-04	  -1.4806633e-05	   4.2646205e-04	   8.7269266e-05	  -2.3536433e-12	   7.1675894e+01	
  -3.6261475e-04	  -1.2105036e-04	  -1.1094853e-03	  -1.4798929e-04	  -2.4220300e-12	   7.1695209e+01	
  -1.3599897e-03	  -2.0246228e-04	   1.9576686e-03	   2.9098118e-04	  -1.9186276e-12	   7.1715575e+01	
  -1.2988778e-03	  -2.1884529e-04	  -2.9101858e-04	   1.2361542e-05	  -2.2396654e-12	   7.1697703e+01	
  -2.1090255e-04	  -7.5822221e-05	  -5.7530874e-04	  -1.3702194e-04	  -2.4163311e-12	   7.1684024e+01	
   6.8092381e-04	   1.5440625e-04	  -9.5915822e-04	  -2.5470939e-04	  -2.4334278e-12	   7.1689332e+01	
   1.8049755e-03	   2.8394371e-04	   3.4924997e-04	   9.2062903e-06	  -2.1104905e-12	   7.1709633e+01	
   3.5203722e-04	  -1.6325328e-06	   1.0597356e-04	  -5.3948445e-05	  -1.5349022e-12	   7.1726275e+01	
   3.3329723e-04	   1.1031000e-05	  -4.8676157e-04	  -4.7999877e-05	  -1.9737170e-12	   7.1703689e+01	
  -5.4343517e-04	  -1.1055107e-04	  -1.3837685e-03	  -1.9916131e-04	  -1.8673377e-12	   7.1717352e+01	
  -8.5223424e-04	  -1.7038209e-04	  -1.1708900e-03	  -1.7778101e-04	  -2.1256875e-12	   7.1701920e+01	
  -1.0446752e-03	  -1.1348981e-04	   9.7296076e-04	   1.9453265e-04	  -2.4448256e-12	   7.1698045e+01	
  -1.1228033e-03	  -1.7940026e-04	  -7.1958279e-04	  -6.3279723e-05	  -2.0611000e-12	   7.1706668e+01	
   1.4851989e-03	   2.5543950e-04	   3.7576659e-04	   1.3246573e-05	  -2.2966543e-12	   7.1697509e+01	
  -1.1820217e-03	  -1.2299469e-04	   6.8559045e-04	   1.5014956e-04	  -2.4467252e-12	   7.1700613e+01	
  -4.6888701e-04	  -1.0050854e-04	  -7.4572628e-04	   5.7648616e-07	  -1.7229657e-12	   7.1729731e+01	
   1.3167616e-03	   2.2740054e-04	   7.9195576e-04	   6.1424839e-05	  -1.9319251e-12	   7.1719644e+01	
  -1.3860574e-03	  -2.4933893e-04	  -3.6479530e-04	  -1.3759414e-05	  -2.4144315e-12	   7.1694679e+01	
  -4.3361059e-04	   1.9236483e-05	   1.1666400e-03	   1.6542807e-04	  -2.1731783e-12	   7.1708185e+01	
  -3.1860071e-04	  -1.0039191e-04	  -1.0005832e-03	  -1.9231913e-04	  -2.3992345e-12	   7.1691751e+01	
  -1.3337112e-03	  -1.9380264e-04	   4.7270334e-04	   1.3042132e-04	  -2.1959739e-12	   7.1702384e+01	
  -2.7211495e-04	   4.7412154e-05	   1.1680890e-03	   1.4430260e-04	  -1.9224270e-12	   7.1720816e+01	
   6.0293411e-04	   1.4427851e-04	   1.1459528e-03	   1.0553222e-04	  -2.1028920e-12	   7.1711626e+01	
   5.9423936e-04	   1.0881098e-04	   1.7954187e-03	   2.6491037e-04	  -1.8483413e-12	   7.1724251e+01	
   1.4658495e-03	   2.1326534e-04	   6.9677139e-04	   3.8263251e-05	  -1.8008505e-12	   7.1727917e+01	
  -1.2055917e-04	  -1.6258524e-05	   8.8789480e-04	   2.1242649e-04	  -2.0326056e-12	   7.1708931e+01	
  -2.3657889e-04	   1.0373797e-05	   1.9237180e-03	   2.8951350e-04	  -2.0743975e-12	   7.1716336e+01	
  -1.3490690e-03	  -1.6705673e-04	  -2.9799336e-04	   2.8045394e-05	  -2.4581231e-12	   7.1704145e+01	
   1.9466232e-03	   3.1981732e-04	  -1.0212032e-04	  -3.3137033e-05	  -2.4049333e-12	   7.1696268e+01	
  -1.9181510e-03	  -3.2413930e-04	  -7.0034584e-04	  -8.2195222e-05	  -2.1978735e-12	   7.1707461e+01	
  -9.8115819e-05	  -2.9893995e-05	  -2.3990846e-03	  -2.0160095e-04	  -2.3194499e-12	   7.1708355e+01	
  -3.2002547e-05	   3.2706520e-05	   2.3445043e-03	   2.4356513e-04	  -2.2130705e-12	   7.1712671e+01	
  -1.8064641e-03	  -2.4874743e-04	  -1.4218657e-03	  -1.6384815e-04	  -2.2187695e-12	   7.1708318e+01	
   1.0141678e-03	   6.5308656e-05	  -1.9978386e-03	  -1.6245160e-04	  -1.8160476e-12	   7.1735426e+01	
  -9.8564161e-04	  -1.4118442e-04	   1.0604311e-03	   2.0101549e-04	  -1.6982705e-12	   7.1729267e+01	
  -3.3741019e-04	  -1.2599201e-05	   2.1290919e-03	   1.8178845e-04	  -1.5937908e-12	   7.1745827e+01	
   1.2029018e-03	   2.2560190e-04	   9.2293041e-04	   1.2936160e-04	  -1.8692373e-12	   7.1721503e+01	
   1.9513423e-03	   3.1794749e-04	   3.9737365e-04	   3.7598072e-05	  -2.1180890e-12	   7.1711902e+01	
   1.7851797e-03	   2.7745474e-04	   1.1331975e-03	   1.5293944e-04	  -2.4182307e-12	   7.1700411e+01	
   4.0620172e-04	   5.0996960e-05	  -7.0097534e-04	  -2.5157303e-04	  -2.2396654e-12	   7.1707385e+01	
  -2.1281182e-03	  -2.9166277e-04	   3.0130789e-04	   7.6005990e-05	  -2.2339665e-12	   7.1710925e+01	
   1.1877172e-03	   8.7574258e-05	  -2.0069578e-03	  -1.6367523e-04	  -2.2833569e-12	   7.1708901e+01	
  -1.8752144e-03	  -2.3790823e-04	   1.0345739e-03	   1.5104430e-04	  -2.0402041e-12	   7.1717374e+01	
   1.5131270e-03	   1.9813760e-04	   1.9460918e-05	  -1.4604014e-05	  -2.1123901e-12	   7.1706018e+01	
   1.2553303e-03	   1.6680629e-04	   7.8882756e-04	   7.5002016e-05	  -1.9832152e-12	   7.1714283e+01	
   3.8017572e-04	   2.4348314e-05	  -2.2990112e-03	  -2.5453599e-04	  -2.1997732e-12	   7.1713925e+01	
  -1.0126652e-03	  -2.1724441e-04	  -1.1789365e-03	  -1.6769908e-04	  -2.1959739e-12	   7.1710723e+01	
  -6.1158608e-04	  -8.5333280e-05	   3.5773771e-05	   3.7940388e-05	  -1.8217465e-12	   7.1718390e+01	
  -6.3704851e-04	  -2.8517320e-05	  -3.9438439e-04	   2.7787778e-05	  -2.0345052e-12	   7.1719257e+01	
   8.1502256e-04	   2.4481538e-04	   8.5317606e-04	   2.2139969e-04	  -2.0364048e-12	   7.1719212e+01	
   1.1966114e-03	  -1.8248668e-05	  -2.3942515e-04	  -6.9594995e-05	  -2.0516019e-12	   7.1726930e+01	
  -6.3161286e-04	  -1.1861627e-04	   1.1575797e-03	   2.3172022e-04	  -1.9585200e-12	   7.1716016e+01	
  -1.0975299e-03	  -4.9862532e-05	   2.8287767e-04	   4.9418043e-05	  -1.7476609e-12	   7.1732710e+01	
   7.6164541e-04	   6.0315195e-05	  -1.0909041e-03	  -1.2049867e-04	  -1.7761554e-12	   7.1727925e+01	
   6.2464250e-04	   1.3008342e-04	   1.7573307e-03	   2.6212074e-04	  -1.9775162e-12	   7.1725564e+01	
   2.2177509e-03	   4.8216093e-04	  -9.4682263e-05	  -3.9983722e-05	  -1.9129288e-12	   7.1729029e+01	
   8.8000600e-04	   8.1662047e-05	  -1.0639079e-03	  -1.2857529e-04	  -1.8559398e-12	   7.1724108e+01	
   1.5526838e-03	   1.8027390e-04	  -1.3012709e-03	  -2.1346756e-04	  -2.0592004e-12	   7.1725864e+01	
   1.2717592e-03	   1.4040552e-04	  -1.9207536e-03	  -2.4385747e-04	  -2.3441451e-12	   7.1709087e+01	
  -2.0503516e-04	   5.6253283e-05	   1.1458581e-03	   2.0655972e-06	  -2.2947547e-12	   7.1712223e+01	
  -5.8913997e-04	  -2.6287341e-04	   7.7287031e-06	   9.9393792e-05	  -1.7571590e-12	   7.1738116e+01	
   1.6204078e-03	   2.4918451e-04	   9.9198120e-04	   1.1396983e-04	  -1.8597391e-12	   7.1732418e+01	
  -1.6426643e-05	  -4.2183344e-05	  -1.9441903e-03	  -2.8120176e-04	  -2.0971930e-12	   7.1721220e+01	
   1.4159470e-03	   2.0382831e-04	   1.1874291e-03	   1.4482686e-04	  -2.1066912e-12	   7.1715740e+01	
  -2.0160597e-03	  -2.8300304e-04	   3.7051911e-04	   9.4305222e-05	  -2.2453643e-12	   7.1714135e+01	
   1.8088580e-03	   8.5896415e-05	  -1.0798603e-03	  -1.0478456e-04	  -1.5159059e-12	   7.1758116e+01	
  -8.0202210e-04	  -2.6844281e-05	  -7.1253633e-04	   4.7636729e-05	  -2.3574425e-12	   7.1710350e+01	
   1.3102601e-03	   1.2413534e-04	  -1.9594775e-03	  -2.5042311e-04	  -2.3213496e-12	   7.1714307e+01	
  -1.8092188e-03	  -1.2762813e-04	   1.5910107e-03	   1.5303653e-04	  -2.2586617e-12	   7.1717016e+01	
   6.1178704e-04	   5.8890272e-05	   2.0202309e-03	   1.1265712e-04	  -1.8217465e-12	   7.1741317e+01	
  -4.7580774e-04	  -1.6448186e-04	   2.9013258e-04	   2.0500159e-04	  -2.3631414e-12	   7.1707766e+01	
  -1.6188579e-03	  -4.6507249e-05	   9.3266564e-04	   7.3405111e-05	  -2.4543237e-12	   7.1712350e+01	
   1.0952329e-04	   3.7922970e-05	   6.4807402e-04	   1.2448326e-04	  -2.4125319e-12	   7.1694655e+01	
   7.7574444e-04	   1.6044857e-04	   1.2836681e-03	   1.7097239e-04	  -1.5387014e-12	   7.1743917e+01	
  -9.5421600e-04	  -3.1178254e-04	   3.0280345e-04	   1.6111814e-04	  -2.1807768e-12	   7.1715015e+01	
  -5.7560569e-04	  -2.1001524e-04	  -1.2683350e-03	  -3.6616190e-04	  -2.1617805e-12	   7.1714254e+01	
  -1.8526701e-03	  -2.5739473e-04	  -1.2568549e-04	  -3.2884411e-06	  -2.0971930e-12	   7.1716246e+01	
  -6.2201510e-04	  -2.1187691e-04	   4.3789996e-04	   2.2098015e-04	  -2.1712787e-12	   7.1716315e+01	
  -1.5928245e-03	  -2.1139634e-04	   4.9473247e-05	   5.6868628e-05	  -2.1484831e-12	   7.1716702e+01	
  -1.1899443e-03	  -1.7877275e-04	  -1.2642163e-03	  -1.2356931e-04	  -1.7267649e-12	   7.1741198e+01	
  -7.2996068e-04	  -2.2841136e-04	  -1.6497877e-03	  -4.3710298e-04	  -2.2092713e-12	   7.1711976e+01	
   9.1873010e-04	   1.4132399e-04	   1.9178608e-03	   1.9635797e-04	  -2.1066912e-12	   7.1726498e+01	
   6.8826203e-04	   4.6076514e-05	  -2.0767138e-03	  -1.9317894e-04	  -1.7704564e-12	   7.1742498e+01	
  -2.4611433e-04	  -2.1424741e-04	  -2.6454951e-04	  -3.8008707e-05	  -2.3517437e-12	   7.1709244e+01	
   1.8585940e-03	   1.5363269e-04	   1.3796262e-03	   8.7685095e-05	  -2.2225687e-12	   7.1719532e+01	
   2.2001698e-03	   1.6315206e-04	   7.3523412e-04	   2.4815113e-05	  -1.9091295e-12	   7.1738153e+01	
   8.6415489e-04	   5.8430657e-05	  -1.9341748e-03	  -2.2425777e-04	  -1.8787354e-12	   7.1738585e+01	
   1.7924950e-03	   1.9679755e-04	   1.2027233e-03	   7.6158261e-05	  -1.6792741e-12	   7.1750524e+01	
  -9.1497589e-05	  -2.9967119e-05	  -1.5729281e-03	  -1.8803944e-04	  -1.7856535e-12	   7.1731843e+01	
  -1.3432673e-03	  -1.3741122e-04	   7.5268077e-04	   1.1134755e-04	  -1.7058689e-12	   7.1737339e+01	
  -1.6090968e-03	  -2.0805300e-04	  -3.8680443e-04	  -2.8162062e-05	  -1.9091295e-12	   7.1726835e+01	
   1.0175213e-03	   1.3546376e-04	   2.1253012e-03	   2.3603824e-04	  -2.3992345e-12	   7.1710954e+01	
  -9.9053491e-04	  -3.7454968e-05	  -1.6207516e-03	  -5.6173870e-05	  -1.8103487e-12	   7.1742386e+01	
   6.2538241e-04	   2.8103167e-05	  -1.9597477e-03	  -1.2387558e-04	  -1.5254040e-12	   7.1755973e+01	
  -5.0102885e-04	  -5.2212237e-05	  -1.9646011e-03	  -1.7797039e-04	  -1.5140062e-12	   7.1753636e+01	
   5.4306031e-04	  -1.0111296e-04	  -6.5477779e-04	  -1.2934884e-05	  -1.8692373e-12	   7.1738084e+01	
  -4.7023128e-04	  -1.3871053e-04	   1.1230580e-03	   3.6174161e-04	  -1.6336830e-12	   7.1741959e+01	
  -5.9752582e-04	  -9.3468644e-05	  -9.1040453e-04	  -1.3976096e-04	  -1.6203855e-12	   7.1731925e+01	
  -1.6177955e-03	  -1.2742044e-04	   1.6176122e-03	   1.7359300e-04	  -1.8236461e-12	   7.1742004e+01	
   9.3270016e-04	   4.2269584e-05	  -8.1098308e-04	  -6.6270738e-05	  -1.8236461e-12	   7.1731806e+01	
  -1.1370250e-03	  -5.0778615e-05	  -1.3128555e-03	  -1.6780922e-05	  -1.7894528e-12	   7.1745768e+01	
   1.4938833e-03	   4.7277512e-05	  -1.2363153e-03	  -8.6845120e-05	  -1.8692373e-12	   7.1742505e+01	
  -7.0004317e-04	  -1.5996127e-05	   1.6607623e-03	   1.6457663e-04	  -1.6583782e-12	   7.1750038e+01	
   2.5231040e-04	   4.7972824e-06	  -4.1436614e-04	  -5.2639500e-05	  -2.2567621e-12	   7.1700957e+01	
   1.0180464e-03	  -3.4529135e-05	  -1.0017304e-05	  -6.7358828e-05	  -2.0288063e-12	   7.1729954e+01	
  -7.1927364e-04	  -1.0812436e-04	   2.0623636e-04	   4.2329704e-05	  -2.1275871e-12	   7.1703727e+01	
   1.1348184e-03	   1.3389827e-04	  -2.1418877e-03	  -2.5833523e-04	  -2.2016728e-12	   7.1716785e+01	
   1.6817295e-03	   1.7906156e-04	  -1.3504507e-03	  -1.9293472e-04	  -2.3403459e-12	   7.1715896e+01	
   1.6219347e-03	   2.9297724e-04	  -4.8568332e-04	  -1.0035723e-04	  -2.2510632e-12	   7.1707655e+01	
   1.0123359e-03	   7.9173590e-05	  -1.6800830e-03	  -1.9563036e-04	  -2.0098100e-12	   7.1731299e+01	
  -1.2154167e-03	  -1.2735365e-04	   1.7650054e-03	   2.4505292e-04	  -2.4296286e-12	   7.1713395e+01	
   8.6935018e-04	   8.2845744e-05	   1.9442834e-03	   9.8454702e-05	  -2.1522823e-12	   7.1727148e+01	
   6.7302657e-04	  -5.6123919e-05	   1.2572755e-04	  -1.2567250e-04	  -1.6412815e-12	   7.1749755e+01	
   1.8556694e-03	   2.0996888e-04	   1.3331355e-03	   1.2423056e-04	  -1.8806351e-12	   7.1738256e+01	
  -8.0354537e-04	  -1.6717054e-04	  -1.3281045e-03	  -2.2640024e-04	  -2.2149702e-12	   7.1708684e+01	
  -1.2776920e-03	  -1.5999936e-04	   2.6344171e-04	   1.0060593e-04	  -1.6583782e-12	   7.1740169e+01	
  -3.0538774e-04	  -4.8232437e-06	   2.2938517e-03	   1.6198513e-04	  -2.0781968e-12	   7.1729485e+01	
  -5.3352530e-04	  -9.7184229e-05	  -6.6707139e-04	  -7.3347498e-05	  -1.9794158e-12	   7.1715761e+01	
  -2.0304050e-03	  -1.8305695e-04	  -2.0866217e-04	   9.0843961e-06	  -1.6887723e-12	   7.1748702e+01	
  -1.4211013e-03	  -9.7564739e-05	   1.8449342e-03	   1.6154045e-04	  -2.0155089e-12	   7.1732546e+01	
   1.7077743e-03	   2.3932273e-04	  -8.3122944e-04	  -1.3901172e-04	  -1.9680181e-12	   7.1727641e+01	
   8.7023807e-04	   1.9010897e-04	   8.1760670e-04	   1.3719837e-04	  -2.4410263e-12	   7.1703032e+01	
   1.9870113e-04	   2.8182533e-05	   2.3720421e-03	   1.9315123e-04	  -1.9927133e-12	   7.1734270e+01	
  -1.7436903e-03	  -1.3583814e-04	   1.4196652e-03	   1.5924259e-04	  -2.1484831e-12	   7.1727021e+01	
   1.2619613e-03	   9.2755838e-05	   1.4091076e-03	   3.7993593e-05	  -1.8407428e-12	   7.1746044e+01	
   7.6295969e-04	   3.3946638e-05	   9.4278159e-04	  -4.0849448e-05	  -2.2187695e-12	   7.1721450e+01	
   1.1183184e-03	   2.0563951e-05	  -1.4811194e-03	  -7.8988708e-05	  -2.2434646e-12	   7.1724042e+01	
   1.9547929e-03	   9.2485493e-05	  -4.1724672e-04	  -5.3868079e-05	  -2.2434646e-12	   7.1724511e+01	
   6.4546925e-04	   1.2853642e-05	  -2.0369141e-03	  -1.3901906e-04	  -2.3479444e-12	   7.1720989e+01	
  -6.1981785e-04	  -1.0440822e-04	  -1.6531487e-03	  -2.2302026e-04	  -1.8236461e-12	   7.1734575e+01	
  -1.6224773e-03	  -6.7112321e-05	   1.1834924e-03	   9.2003062e-05	  -2.1750779e-12	   7.1727506e+01	
   1.2451715e-03	  -8.0445581e-06	  -2.4480356e-05	  -7.7941829e-05	  -2.0079103e-12	   7.1735718e+01	
   5.0765597e-04	   1.0109626e-04	   9.1227802e-04	   1.2971611e-04	  -2.0648993e-12	   7.1713665e+01	
   1.1033959e-04	   4.0768706e-05	   1.4089762e-03	   5.0146356e-06	  -2.1731783e-12	   7.1725588e+01	
   1.4396507e-03	   2.1809948e-04	   2.6409636e-04	   1.2667926e-06	  -1.7096682e-12	   7.1737039e+01	
  -2.0229957e-04	   4.6980904e-05	   1.4505263e-03	   1.5360857e-05	  -1.5576977e-12	   7.1758116e+01	
   1.2831309e-03	  -7.7865332e-06	  -7.4197230e-04	  -4.1293070e-05	  -2.0838956e-12	   7.1731933e+01	
  -1.7238694e-03	  -5.1729622e-05	   2.9017968e-04	   4.4536698e-05	  -1.5425007e-12	   7.1759452e+01	
   6.6445385e-04	  -3.3307372e-05	   3.9040914e-04	  -1.1158430e-04	  -1.5842925e-12	   7.1753927e+01	
   1.7218644e-03	   1.7984414e-04	   1.5594233e-03	   1.3782777e-04	  -1.9661185e-12	   7.1736278e+01	
  -1.7600396e-04	   2.7093198e-05	   1.8061556e-03	   8.2484910e-05	  -1.5140062e-12	   7.1760319e+01	
  -1.2537129e-03	  -1.1749889e-04	  -1.8772920e-03	  -1.1831934e-04	  -1.7875531e-12	   7.1749126e+01	
   6.7885180e-04	   8.7774783e-05	  -6.5736202e-04	  -1.2423438e-04	  -1.9281259e-12	   7.1721227e+01	
  -7.1016262e-04	  -1.4025063e-04	  -1.5358940e-03	  -2.5397719e-04	  -2.3080522e-12	   7.1708647e+01	
  -1.4239050e-03	  -1.9164657e-04	  -1.1568707e-03	  -1.3825904e-04	  -1.7951516e-12	   7.1738010e+01	
   1.1158980e-03	  -1.7428012e-05	  -1.2790911e-03	  -6.3484497e-05	  -1.6146866e-12	   7.1758691e+01	
  -9.0816247e-04	  -5.3771511e-05	   2.2432150e-03	   1.8117689e-04	  -2.4220300e-12	   7.1717920e+01	
   6.0518787e-04	   7.1250494e-05	  -2.2164952e-04	  -3.4478183e-05	  -1.9965126e-12	   7.1715150e+01	
  -7.8109031e-06	   2.8122590e-05	   1.1248218e-03	   2.0539580e-04	  -2.2985539e-12	   7.1706034e+01	
  -6.8996924e-04	  -7.3524786e-05	   4.6788609e-04	   7.4956716e-05	  -1.5387014e-12	   7.1739437e+01	
  -2.1278585e-03	  -2.3867769e-04	  -9.3407726e-04	  -6.4430182e-05	  -2.0781968e-12	   7.1732888e+01	
  -2.6999111e-04	  -3.7254148e-05	  -2.1101613e-03	  -1.1910144e-04	  -2.0667989e-12	   7.1734904e+01	
  -1.7750391e-03	  -2.3404436e-04	  -1.0329373e-03	  -1.3719122e-04	  -1.9300255e-12	   7.1732299e+01	
  -1.7488442e-03	  -9.7580965e-05	  -1.1048251e-03	  -4.1884802e-05	  -2.0781968e-12	   7.1734023e+01	
  -5.8472994e-04	  -1.4096053e-05	   2.0593627e-03	   1.3910259e-04	  -1.8445421e-12	   7.1745856e+01	
   1.8584331e-03	   7.6667437e-05	   3.3405530e-04	  -1.6869694e-05	  -1.7267649e-12	   7.1753009e+01	
   1.3100078e-03	   1.4249861e-04	  -1.8834721e-03	  -2.3602166e-04	  -2.1484831e-12	   7.1724774e+01	
  -1.3971522e-03	  -2.3423811e-04	   2.4135836e-04	   6.0704614e-05	  -2.0269067e-12	   7.1720018e+01	
  -1.8232011e-03	  -1.3289700e-04	  -1.2865265e-03	  -6.5557967e-05	  -1.7704564e-12	   7.1750927e+01	
   6.1503788e-04	   1.0642777e-05	  -2.0222405e-03	  -1.2617336e-04	  -1.7134676e-12	   7.1754137e+01	
   1.0908370e-03	   1.2729336e-04	  -1.0996223e-03	  -1.5616906e-04	  -1.4969095e-12	   7.1749941e+01	
   1.9553866e-03	   1.4128025e-04	  -1.6084719e-04	  -4.0655358e-05	  -1.6203855e-12	   7.1756280e+01	
   8.0286969e-05	   3.0901849e-05	   2.3455945e-03	   2.1421441e-04	  -2.2358661e-12	   7.1724930e+01	
   2.2809932e-03	   2.0594420e-04	  -4.3859524e-04	  -6.7892254e-05	  -2.2491636e-12	   7.1724750e+01	
  -1.8315853e-03	  -2.0626602e-04	   1.3648051e-03	   1.9801755e-04	  -2.4144315e-12	   7.1719376e+01	
   2.0916665e-03	   1.2953412e-04	  -2.5313010e-04	  -4.9415993e-05	  -1.5956904e-12	   7.1759407e+01	
   8.9861279e-04	   1.6883797e-04	   9.7226994e-04	   1.6102671e-04	  -1.8749362e-12	   7.1730044e+01	
   7.4312260e-04	   8.6544295e-05	   2.1308032e-03	   1.7440107e-04	  -1.9585200e-12	   7.1740333e+01	
  -8.8762308e-04	  -1.8545655e-04	   2.6561829e-04	   7.0183688e-05	  -2.2567621e-12	   7.1709072e+01	
   3.4593535e-04	   4.2346035e-06	  -2.1985762e-03	  -1.4564369e-04	  -2.0459030e-12	   7.1737055e+01	
   2.1247693e-03	   1.5640959e-04	  -1.1738707e-04	  -3.6206512e-05	  -1.6754748e-12	   7.1755010e+01	
   1.5835998e-03	   2.3875233e-05	  -4.5162026e-05	  -3.1156382e-05	  -2.0952934e-12	   7.1734307e+01	
  -1.6918957e-03	  -2.3060831e-04	   8.4954570e-04	   1.4622032e-04	  -2.4068330e-12	   7.1714986e+01	
   2.9137028e-04	   5.4043258e-05	  -7.4867887e-04	  -1.6049180e-04	  -2.2339665e-12	   7.1708708e+01	
   3.8954732e-04	   5.5645515e-05	   2.0846082e-03	   1.6370774e-04	  -1.6260845e-12	   7.1756338e+01	
   1.4496219e-04	   4.3980816e-05	   1.8594955e-03	   1.5900954e-04	  -1.6678764e-12	   7.1753516e+01	
  -1.2522594e-03	  -2.2341166e-04	  -8.5807776e-04	  -1.3900114e-04	  -2.1142897e-12	   7.1716196e+01	
  -3.5693659e-04	  -4.6277344e-05	   1.4098877e-03	   2.4183138e-04	  -1.9775162e-12	   7.1724901e+01	
   1.3681429e-03	   2.4817088e-04	  -5.7291394e-05	  -2.7868748e-05	  -2.0098100e-12	   7.1723087e+01	
  -1.2412343e-03	  -2.0968568e-04	  -1.3475758e-04	  -3.2334481e-06	  -1.7305642e-12	   7.1737487e+01	
  -6.7164997e-04	  -1.2549614e-04	  -1.8959561e-03	  -2.7086728e-04	  -2.2472639e-12	   7.1720278e+01	
   7.2071125e-04	   4.8750821e-05	  -1.8566121e-03	  -1.9642281e-04	  -2.0611000e-12	   7.1734532e+01	
   1.4477832e-03	   7.0881508e-05	   1.2811299e-03	   3.6718823e-05	  -2.1066912e-12	   7.1734912e+01	
  -2.6319451e-04	  -5.8430041e-05	  -3.9943797e-04	  -7.0644087e-05	  -1.8882335e-12	   7.1724145e+01	
   4.8349981e-04	   7.4415623e-05	  -9.7517436e-04	  -1.7041684e-04	  -1.6260845e-12	   7.1742094e+01	
  -1.2592242e-03	  -1.9205571e-04	   1.1424905e-03	   2.2641929e-04	  -2.1655798e-12	   7.1723161e+01	
  -1.6261879e-03	  -2.0716955e-04	   8.4930050e-04	   1.5937547e-04	  -1.6697760e-12	   7.1752882e+01	
   2.2416442e-03	   1.9443391e-04	  -5.0668245e-04	  -8.0400629e-05	  -1.7077686e-12	   7.1754630e+01	
  -9.3978721e-04	  -7.9612856e-05	  -2.0850112e-03	  -1.3201576e-04	  -2.2301673e-12	   7.1728461e+01	
   2.9294801e-04	   4.1539641e-05	  -1.5067950e-03	  -2.6354525e-04	  -1.9794158e-12	   7.1726774e+01	
   1.7969457e-03	   1.3544464e-04	   1.4550304e-03	   7.4939356e-05	  -1.9604196e-12	   7.1744118e+01	
  -1.7033423e-04	  -9.1669358e-06	   2.6339075e-04	   5.5591384e-05	  -2.2890558e-12	   7.1707385e+01	
  -1.5614230e-03	  -2.1100197e-04	   5.4169769e-04	   8.5675548e-05	  -1.6754748e-12	   7.1744924e+01	
  -9.1623875e-04	  -1.0058016e-04	  -1.8396661e-03	  -1.8627582e-04	  -1.4988091e-12	   7.1758914e+01	
  -2.2734767e-03	  -1.8499843e-04	  -5.6414106e-04	  -3.8239731e-05	  -1.9566204e-12	   7.1740951e+01	
  -2.5084364e-04	  -2.9527109e-05	   6.1795647e-04	   1.4544661e-04	  -2.3327473e-12	   7.1711305e+01	
   1.5798134e-03	   2.0070640e-04	   1.8003358e-03	   1.9136911e-04	  -2.2491636e-12	   7.1725355e+01	
   1.0818841e-04	   4.2420280e-05	   6.1848501e-04	   9.3610032e-05	  -1.6792741e-12	   7.1739354e+01	
   1.9269628e-03	   1.5927823e-04	   1.1449999e-04	  -1.7446568e-05	  -1.9395236e-12	   7.1743439e+01	
  -2.0357742e-03	  -2.1271481e-04	  -1.1590858e-03	  -1.1429059e-04	  -2.0364048e-12	   7.1734262e+01	
   7.7902717e-04	   1.7509471e-04	  -3.5059342e-04	  -9.4316466e-05	  -2.2928551e-12	   7.1712962e+01	
   1.7645445e-03	   1.3459133e-04	  -1.0728625e-03	  -1.0896336e-04	  -1.6260845e-12	   7.1758041e+01	
   1.9063977e-03	   1.2243844e-04	   1.2225492e-03	   5.9038289e-05	  -2.4068330e-12	   7.1723564e+01	
   1.4007386e-03	   1.9279202e-04	   1.6164663e-03	   1.5894494e-04	  -1.7172668e-12	   7.1754659e+01	
   1.1228093e-03	   1.9283287e-04	   5.3127678e-04	   6.7395250e-05	  -1.6659767e-12	   7.1744662e+01	
  -4.0666147e-04	  -5.9403520e-05	  -1.9276549e-03	  -2.3522302e-04	  -1.6697760e-12	   7.1751307e+01	
  -3.1940761e-04	  -7.3824206e-05	   7.0566329e-04	   1.6715606e-04	  -2.2833569e-12	   7.1712387e+01	
  -1.6374480e-03	  -1.7039903e-04	  -1.5897043e-03	  -1.5330683e-04	  -1.7438617e-12	   7.1751060e+01	
  -1.9911199e-03	  -2.4185494e-04	  -9.9842561e-04	  -9.6023820e-05	  -2.2415650e-12	   7.1725236e+01	
   1.8346840e-04	   4.7639354e-07	  -2.2368288e-03	  -2.4145010e-04	  -2.1788772e-12	   7.1728843e+01	
   1.4950257e-03	   2.9010438e-04	  -3.2194751e-05	  -2.0320729e-05	  -2.2852566e-12	   7.1714148e+01	
   8.1458640e-04	   1.6638794e-04	  -7.5288450e-04	  -1.8322623e-04	  -2.2263680e-12	   7.1719450e+01	
  -9.6651937e-04	  -2.1524614e-04	  -1.0440135e-03	  -1.4058733e-04	  -2.0629997e-12	   7.1731493e+01	
  -4.7701302e-04	  -2.9120941e-05	   2.0735608e-03	   2.3140504e-04	  -2.1256875e-12	   7.1731843e+01	
   4.4679568e-04	   8.4544884e-05	  -9.2927841e-04	  -2.1197011e-04	  -2.1142897e-12	   7.1724371e+01	
   2.0245432e-03	   1.8743840e-04	   2.8313684e-06	  -3.2919227e-05	  -1.8236461e-12	   7.1749224e+01	
  -7.0074325e-06	   7.7796765e-06	   7.9806390e-04	   1.8372579e-04	  -2.1636802e-12	   7.1720323e+01	
  -3.3795046e-04	  -5.3548357e-05	  -2.0400274e-03	  -2.0956153e-04	  -1.9357244e-12	   7.1742139e+01	
   2.3234914e-04	   7.3140361e-06	  -2.1973562e-03	  -2.3890778e-04	  -2.0838956e-12	   7.1734254e+01	
  -6.8127083e-04	  -5.7807692e-05	   2.0744087e-03	   2.4200639e-04	  -2.2035724e-12	   7.1727707e+01	
   3.6101003e-04	  -1.1746986e-06	  -2.2653394e-03	  -2.3625201e-04	  -1.5538984e-12	   7.1763147e+01	
   1.4211496e-03	   1.0364739e-04	   1.7649709e-03	   8.8647609e-05	  -1.4969095e-12	   7.1767651e+01	
  -2.1777687e-03	  -1.6423059e-04	   5.0366057e-04	   6.4462595e-05	  -1.6640771e-12	   7.1758511e+01	
  -2.2034279e-03	  -1.6178013e-04	   4.5801735e-04	   5.9862859e-05	  -1.7970512e-12	   7.1752344e+01	
   7.4763303e-04	   6.6077936e-05	   2.0652112e-03	   1.1010359e-04	  -1.7419620e-12	   7.1756773e+01	
   1.5786526e-03	   1.0531552e-04	   1.5179168e-03	   6.4503188e-05	  -1.9205273e-12	   7.1748328e+01	
  -1.7272683e-03	  -2.2553670e-04	  -1.2442006e-03	  -1.1462677e-04	  -1.6659767e-12	   7.1756614e+01	
  -4.3680544e-04	  -9.7008980e-05	  -2.1885583e-03	  -2.9387479e-04	  -2.2225687e-12	   7.1728522e+01	
   1.4398632e-03	   2.0219473e-04	   1.7954537e-03	   1.9034352e-04	  -2.0326056e-12	   7.1740400e+01	
  -2.3213823e-03	  -2.0914905e-04	  -8.2604607e-04	  -5.2588674e-05	  -2.3080522e-12	   7.1727042e+01	
   1.7146534e-03	   1.2579160e-04	   1.5594494e-03	   8.0933996e-05	  -2.2567621e-12	   7.1731031e+01	
   3.7129198e-04	  -3.4047260e-06	  -2.3200448e-03	  -1.8263321e-04	  -2.1066912e-12	   7.1738869e+01	
  -1.3950766e-03	  -2.1880039e-04	   1.2536351e-03	   2.1081117e-04	  -2.1408846e-12	   7.1725713e+01	
   1.0304669e-03	   6.1620466e-05	  -1.8644631e-03	  -1.6135900e-04	  -1.6336830e-12	   7.1759707e+01	
   5.6134612e-04	   3.0668328e-05	  -2.0604982e-03	  -2.7230446e-04	  -1.7001701e-12	   7.1755869e+01	
  -2.3844779e-03	  -2.4185496e-04	   6.9708826e-04	   9.8147692e-05	  -2.3042528e-12	   7.1725872e+01	
  -2.4121671e-03	  -2.1683166e-04	  -5.0802810e-04	  -2.1648031e-05	  -2.2016728e-12	   7.1731792e+01	
   1.1874551e-04	   1.4625655e-06	  -2.5646804e-03	  -2.5768194e-04	  -2.4087326e-12	   7.1723668e+01	
  -1.8213122e-03	  -1.5386146e-04	   1.6732907e-03	   1.7597701e-04	  -2.2491636e-12	   7.1729007e+01	
  -1.5856309e-03	  -1.0061679e-04	  -1.4611750e-03	  -6.4326653e-05	  -1.7305642e-12	   7.1757975e+01	
   8.0614318e-04	   1.5461247e-04	   8.5291030e-04	   1.1967743e-04	  -1.9395236e-12	   7.1732829e+01	
   2.2450251e-03	   2.2486168e-04	   6.9404507e-04	   4.2028832e-05	  -2.3384463e-12	   7.1726244e+01	
  -6.8144399e-04	  -1.7593244e-04	  -1.3999298e-03	  -2.5459408e-04	  -2.4011341e-12	   7.1718620e+01	
   9.4447370e-05	  -3.5696753e-05	  -1.7683782e-03	  -2.9474398e-04	  -1.8084491e-12	   7.1748119e+01	
  -2.0088110e-03	  -1.5764563e-04	  -1.5192475e-03	  -1.1301348e-04	  -2.2054720e-12	   7.1732440e+01	
  -2.1735115e-03	  -2.8779953e-04	  -2.1985907e-04	  -1.6734662e-05	  -2.0212078e-12	   7.1736039e+01	
  -2.1109852e-03	  -1.0458011e-04	   3.7860642e-04	   4.6533726e-05	  -1.5804933e-12	   7.1765089e+01	
  -1.6817155e-03	  -1.3508499e-04	   6.2827016e-04	   7.6504618e-05	  -1.5159059e-12	   7.1761402e+01	
   7.1422477e-04	   1.8781658e-04	   1.3796948e-03	   2.3482291e-04	  -2.2966543e-12	   7.1724363e+01	
  -3.4482653e-04	  -3.6376491e-05	  -2.1512085e-03	  -1.3847784e-04	  -1.6887723e-12	   7.1759176e+01	
  -1.1400171e-04	  -3.8532661e-05	  -2.3385424e-03	  -2.8246623e-04	  -1.9281259e-12	   7.1744588e+01	
  -1.7177063e-03	  -1.6892252e-04	   1.1580586e-03	   1.4262676e-04	  -1.9965126e-12	   7.1740623e+01	
   1.6592099e-03	   1.4200441e-04	   1.3982256e-03	   8.6356985e-05	  -1.7039693e-12	   7.1758184e+01	
   2.1977865e-03	   2.0388076e-04	   3.9661667e-04	   8.6794182e-06	  -1.9965126e-12	   7.1743378e+01	
  -1.4833663e-03	  -1.5891913e-04	   1.5938365e-03	   2.0730731e-04	  -2.3574425e-12	   7.1724153e+01	
   1.1817519e-03	   1.8322392e-04	   1.7561436e-03	   2.1751369e-04	  -1.7362630e-12	   7.1753898e+01	
  -1.7129559e-03	  -2.8289402e-04	  -1.0001109e-03	  -1.4537507e-04	  -2.2662602e-12	   7.1722227e+01	
  -2.0347387e-03	  -2.1983775e-04	   2.8409249e-04	   5.6155518e-05	  -2.0440034e-12	   7.1738519e+01	
  -1.8905946e-03	  -1.7363331e-04	  -7.1374104e-05	   1.5395002e-05	  -1.5083073e-12	   7.1762171e+01	
   9.5197802e-04	   5.7394095e-05	  -1.9879575e-03	  -1.7262362e-04	  -1.6925716e-12	   7.1758758e+01	
   2.1348043e-03	   2.2698536e-04	   4.3097007e-04	   1.5257037e-05	  -2.1959739e-12	   7.1732434e+01	
  -1.6819333e-03	  -2.1465212e-04	  -1.2582657e-03	  -1.4221864e-04	  -1.5159059e-12	   7.1760752e+01	
  -9.2714662e-04	  -2.1375559e-04	  -1.2994890e-03	  -1.9984151e-04	  -1.8749362e-12	   7.1745036e+01	
   1.0796732e-03	   2.4682532e-04	   8.1075695e-05	  -1.9943957e-05	  -2.3745392e-12	   7.1720511e+01	
   1.9771302e-03	   6.9547767e-05	  -5.3537162e-04	  -4.7466447e-05	  -1.7096682e-12	   7.1761155e+01	
  -1.0214192e-03	  -9.8958966e-05	   1.8142655e-03	   2.2558532e-04	  -2.2947547e-12	   7.1726469e+01	
   7.1381998e-04	   7.8499472e-05	  -2.0842397e-03	  -3.3030464e-04	  -2.3384463e-12	   7.1724326e+01	
  -2.1999677e-03	  -2.7245998e-04	  -3.4516133e-05	   2.6995859e-05	  -1.6469804e-12	   7.1757922e+01	
   1.8959945e-03	   2.1475827e-04	   1.7755096e-03	   1.5500968e-04	  -2.4543237e-12	   7.1728066e+01	
  -1.0278905e-03	  -1.3158497e-04	  -1.7742342e-03	  -1.8637423e-04	  -2.1256875e-12	   7.1734689e+01	
   1.9569700e-03	   1.9666322e-04	   7.7900017e-04	   5.0307093e-05	  -1.9338247e-12	   7.1746341e+01	
   6.5870104e-04	   1.2635457e-04	  -1.0048399e-03	  -2.4419163e-04	  -2.3346469e-12	   7.1720824e+01	
   2.4869288e-03	   2.4132927e-04	   1.2156006e-04	  -8.0446863e-06	  -2.0364048e-12	   7.1742087e+01	
   4.2564414e-06	  -1.8070435e-05	  -6.7142462e-04	  -2.0731787e-04	  -2.3365466e-12	   7.1723504e+01	
   1.9438685e-03	   2.4933698e-04	  -1.1530143e-03	  -1.9159203e-04	  -2.0193082e-12	   7.1741511e+01	
   5.2114283e-04	   5.5454798e-05	   2.3314389e-03	   1.4524802e-04	  -1.8464417e-12	   7.1755630e+01	
  -1.2359297e-04	   7.1311794e-05	   8.9082012e-04	   1.3325298e-04	  -1.6374823e-12	   7.1756063e+01	
   9.3595264e-04	   5.5659208e-05	   1.7400952e-03	   4.1265009e-05	  -1.7989509e-12	   7.1758049e+01	
   1.3575508e-03	   9.1218625e-05	   1.6275443e-03	   6.7452301e-05	  -1.6849731e-12	   7.1762819e+01	
  -4.3675183e-04	  -6.8127386e-05	   8.2062232e-04	   1.5900021e-04	  -1.8635384e-12	   7.1738002e+01	
   1.0227468e-03	   2.1501956e-04	  -8.2060603e-04	  -2.0823271e-04	  -2.4163311e-12	   7.1720906e+01	
   1.9497792e-03	   1.4903374e-04	  -1.4023027e-03	  -1.5962093e-04	  -1.6051885e-12	   7.1766269e+01	
   2.6655822e-04	   3.4528307e-05	  -1.2863037e-03	  -2.8905991e-04	  -2.2567621e-12	   7.1724095e+01	
  -3.1408145e-04	  -9.5150642e-05	  -1.1986632e-03	  -2.6193732e-04	  -2.2814573e-12	   7.1722885e+01	
  -1.3320617e-03	  -2.7902502e-04	  -1.3189778e-04	   9.7702125e-07	  -2.1978735e-12	   7.1725551e+01	
   7.6541868e-04	   1.3677931e-04	   8.3509805e-04	   9.0723826e-05	  -1.6450807e-12	   7.1750158e+01	
  -6.9604876e-04	  -1.7296655e-04	   7.7740731e-04	   1.9138905e-04	  -2.4410263e-12	   7.1720630e+01	
   1.0686271e-03	   1.4731112e-05	  -1.7356828e-03	  -9.0257864e-05	  -1.8806351e-12	   7.1754839e+01	
  -2.1132871e-03	  -1.1466583e-04	   8.2872229e-04	   7.2691616e-05	  -2.0800964e-12	   7.1743774e+01	
  -5.9918075e-05	   2.6664499e-05	   1.0384402e-03	   1.7609305e-04	  -2.0003118e-12	   7.1733240e+01	
   2.9279634e-04	   8.4825168e-05	   5.3421589e-04	   9.6189972e-05	  -2.2358661e-12	   7.1718413e+01	
   1.1686607e-03	   1.0291889e-04	   2.1616927e-03	   1.4318762e-04	  -2.1579812e-12	   7.1740869e+01	
  -9.7793500e-04	  -1.1364156e-04	  -2.2050773e-03	  -1.8295063e-04	  -1.6564786e-12	   7.1764187e+01	
  -1.2188935e-03	  -1.8667977e-04	   6.0897353e-04	   1.5924667e-04	  -2.0705982e-12	   7.1737235e+01	
   7.5711918e-04	   7.4110789e-05	   2.3264722e-03	   1.7056923e-04	  -2.4486248e-12	   7.1729588e+01	
  -9.8878091e-04	  -1.8271165e-04	   2.0564294e-04	   5.2344437e-05	  -1.7723561e-12	   7.1743633e+01	
  -8.1673349e-04	  -7.4122281e-05	   2.4233901e-03	   2.9833382e-04	  -2.4543237e-12	   7.1727745e+01	
   2.3809483e-03	   2.1418658e-04	  -6.5354718e-04	  -9.0862321e-05	  -2.1465834e-12	   7.1739803e+01	
   7.3541341e-04	   5.2290938e-05	  -2.2689694e-03	  -2.3823234e-04	  -1.8825347e-12	   7.1751792e+01	
  -1.3374625e-03	  -1.5315303e-04	   1.7929479e-03	   2.4534334e-04	  -2.0648993e-12	   7.1739869e+01	
  -8.4734800e-04	  -8.6990321e-05	   1.0842505e-03	   2.0209066e-04	  -1.8084491e-12	   7.1749672e+01	
  -1.7287715e-04	  -6.6335020e-05	  -1.9686306e-03	  -3.3896867e-04	  -2.1769775e-12	   7.1732806e+01	
  -2.1962307e-03	  -2.2467182e-04	   5.9717814e-04	   9.4476872e-05	  -1.5861922e-12	   7.1764357e+01	
   1.6049812e-03	   1.2905094e-04	  -1.9257160e-03	  -2.0286598e-04	  -2.1997732e-12	   7.1737211e+01	
  -1.2815812e-03	  -2.7698027e-04	   4.2943569e-04	   1.1461860e-04	  -2.3935355e-12	   7.1721034e+01	
  -1.6013008e-03	  -2.7006846e-04	   9.3581522e-04	   1.7531839e-04	  -1.9642188e-12	   7.1741214e+01	
  -2.9337448e-04	  -2.7645037e-05	   2.4542664e-03	   3.2655915e-04	  -2.4068330e-12	   7.1726087e+01	
   8.7249135e-04	   1.3361040e-04	   2.0479283e-03	   2.4974888e-04	  -2.1313864e-12	   7.1737190e+01	
   2.0029677e-03	   3.2971751e-04	   5.1105203e-04	   4.2518835e-05	  -1.9224270e-12	   7.1748156e+01	
   1.5994155e-03	   2.5889183e-04	   8.9374654e-05	  -1.1878217e-05	  -1.6089878e-12	   7.1756736e+01	
   2.3272119e-03	   2.8336675e-04	   2.8359071e-04	  -1.0608019e-05	  -1.5880918e-12	   7.1766022e+01	
  -1.3186195e-03	  -1.1958862e-04	  -2.0381379e-03	  -1.4813337e-04	  -1.8103487e-12	   7.1758386e+01	
  -1.1127041e-03	  -7.6925016e-05	   2.2325970e-03	   1.7244548e-04	  -1.9528211e-12	   7.1750694e+01	
   2.3534479e-03	   1.8909032e-04	  -3.4200364e-04	  -5.9616794e-05	  -1.7989509e-12	   7.1758795e+01	
  -9.2483128e-04	  -2.1574005e-04	   1.9180542e-04	   5.2286193e-05	  -2.1465834e-12	   7.1729387e+01	
   1.2441600e-03	   2.2476339e-04	   9.2652107e-04	   1.5885977e-04	  -1.7514601e-12	   7.1749291e+01	
  -6.1705532e-04	  -1.3225845e-04	   6.3112544e-04	   1.5070543e-04	  -1.8331443e-12	   7.1744259e+01	
   1.0426683e-03	   1.5332487e-04	   2.2580539e-03	   3.2452730e-04	  -2.1256875e-12	   7.1738891e+01	
  -6.5651308e-04	  -1.7815297e-04	  -8.2337623e-04	  -1.7629761e-04	  -2.2757584e-12	   7.1727169e+01	
   5.4301434e-04	   7.1942801e-05	  -5.6395506e-04	  -1.1418785e-04	  -1.6811737e-12	   7.1747582e+01	
   4.4267834e-04	   1.0052808e-04	   7.8241783e-04	   1.4905907e-04	  -2.0193082e-12	   7.1733530e+01	
   5.2137693e-04	   1.2942690e-04	   5.4237398e-04	   1.1077537e-04	  -2.2282676e-12	   7.1723474e+01	
   7.4799589e-05	  -1.4758012e-05	  -2.3832221e-03	  -2.3372094e-04	  -1.6108874e-12	   7.1765754e+01	
  -1.8866615e-05	   2.5096822e-06	   1.2612264e-03	   2.2327088e-04	  -1.6982705e-12	   7.1751211e+01	
  -1.1858766e-04	  -2.9863716e-05	   4.3425700e-04	   1.1342184e-04	  -2.3574425e-12	   7.1715060e+01	
   1.6977646e-03	   1.6776795e-04	   1.8561697e-03	   1.4907104e-04	  -1.9262263e-12	   7.1753906e+01	
  -2.1089541e-03	  -2.0735420e-04	   1.1364335e-03	   1.2985841e-04	  -1.6697760e-12	   7.1762492e+01	
  -6.8214717e-04	  -1.0236014e-04	  -2.3887077e-03	  -2.9254955e-04	  -2.3802381e-12	   7.1728843e+01	
  -1.9497574e-03	  -2.2304928e-04	  -1.6165298e-03	  -1.6080971e-04	  -2.2358661e-12	   7.1734978e+01	
  -1.4669479e-03	  -1.7017167e-04	   1.6302244e-03	   2.1992281e-04	  -1.6260845e-12	   7.1762139e+01	
  -1.6852815e-03	  -2.5692741e-04	   1.2280900e-03	   2.2882904e-04	  -2.2453643e-12	   7.1732508e+01	
   3.2136620e-04	   4.2380626e-05	  -1.4546442e-03	  -2.8987284e-04	  -1.8027502e-12	   7.1749763e+01	
   1.1902416e-03	   1.4366489e-04	  -1.6462706e-03	  -2.8188558e-04	  -1.5045081e-12	   7.1768105e+01	
  -5.8544884e-04	  -1.4202614e-04	   3.5160462e-04	   1.1664190e-04	  -2.3783385e-12	   7.1724214e+01	
   1.8089639e-03	   2.5141270e-04	  -1.3296925e-03	  -2.3435481e-04	  -1.6317834e-12	   7.1764500e+01	
  -1.8169356e-03	  -2.9591027e-04	  -6.6842829e-04	  -1.0078951e-04	  -1.6925716e-12	   7.1755585e+01	
   1.3985328e-03	   2.2536845e-04	   1.7642821e-03	   2.2236919e-04	  -1.7058689e-12	   7.1762603e+01	
  -2.0986249e-03	  -3.2212756e-04	   9.8308752e-04	   1.8189773e-04	  -2.3935355e-12	   7.1728888e+01	
   4.3721670e-04	   1.1897601e-04	   8.2929621e-04	   1.8323223e-04	  -2.3631414e-12	   7.1724265e+01	
  -1.4222955e-03	  -2.7541818e-04	   7.9312785e-05	   7.0376545e-05	  -2.3821378e-12	   7.1727439e+01	
   2.4776194e-03	   3.0186061e-04	  -2.9011733e-04	  -7.1063589e-05	  -1.6393819e-12	   7.1766163e+01	
  -1.7646626e-05	   8.8228051e-06	   1.4095051e-03	   2.4772686e-04	  -1.8445421e-12	   7.1745551e+01	
  -1.3021548e-05	   7.1358779e-06	   1.3893859e-03	   2.4707456e-04	  -1.8692373e-12	   7.1744147e+01	
   7.7488256e-05	   2.6266057e-05	   1.5793171e-03	   2.6629563e-04	  -1.7951516e-12	   7.1749567e+01	
   7.2097209e-04	   1.4773682e-04	   2.0262036e-03	   3.0630091e-04	  -2.1294868e-12	   7.1741265e+01	
   7.2192450e-04	   8.8477408e-05	  -1.8344836e-03	  -3.1033598e-04	  -2.3080522e-12	   7.1729328e+01	
   1.6437732e-03	   2.4009384e-04	   1.5892134e-03	   2.0012733e-04	  -2.1256875e-12	   7.1739922e+01	
  -1.9102685e-03	  -3.4458564e-04	   4.0475851e-05	   4.5042664e-05	  -1.8426424e-12	   7.1753996e+01	
   1.0462177e-03	   1.5490816e-04	   2.0740247e-03	   2.6798304e-04	  -2.0686985e-12	   7.1743012e+01	
   1.6514166e-03	   2.3272626e-04	   1.0824907e-03	   1.2097119e-04	  -1.5444003e-12	   7.1765619e+01	
   5.7777004e-04	   1.2648431e-04	   2.0404291e-03	   3.4516305e-04	  -2.1598809e-12	   7.1739944e+01	
  -2.1686284e-03	  -2.8927143e-04	   9.3782643e-04	   1.4816191e-04	  -2.2605614e-12	   7.1732800e+01	
   2.4555008e-04	   4.4641044e-05	  -2.2843664e-04	  -9.1376775e-05	  -2.3878366e-12	   7.1719989e+01	
  -4.4718004e-04	  -6.7290309e-05	   1.0144503e-03	   1.7585758e-04	  -1.6602778e-12	   7.1753375e+01	
  -4.0091283e-04	  -5.5843893e-05	   1.2366862e-03	   2.1227844e-04	  -1.6222852e-12	   7.1757025e+01	
  -1.9909091e-03	  -2.8479581e-04	   1.0405864e-03	   1.7364453e-04	  -2.2510632e-12	   7.1732814e+01	
   1.0933605e-04	  -2.0363684e-06	  -4.3363405e-04	  -1.2152385e-04	  -2.2833569e-12	   7.1723363e+01	
  -2.3661754e-03	  -2.9671302e-04	   2.1888778e-04	   4.5667742e-05	  -1.9205273e-12	   7.1750493e+01	
  -2.3311924e-03	  -3.0046563e-04	   4.1784810e-04	   6.9362160e-05	  -1.5899914e-12	   7.1766052e+01	
  -1.4958329e-03	  -2.0815173e-04	  -2.0715174e-03	  -2.4272797e-04	  -1.5785937e-12	   7.1769808e+01	
  -1.1836209e-04	  -3.4767439e-05	  -2.2308117e-03	  -3.5282189e-04	  -1.8084491e-12	   7.1756466e+01	
  -1.2205083e-03	  -1.7388146e-04	  -2.0308007e-03	  -2.4555376e-04	  -1.7267649e-12	   7.1761543e+01	
  -5.2524551e-04	  -1.1701581e-04	  -1.3602354e-03	  -2.4415986e-04	  -1.8065495e-12	   7.1750508e+01	
   5.6113408e-04	   1.2258917e-04	  -1.8720289e-04	  -9.2969701e-05	  -2.4049333e-12	   7.1726408e+01	
  -9.9857871e-04	  -2.2564686e-04	   4.3969823e-04	   1.2199951e-04	  -2.3137510e-12	   7.1728925e+01	
   1.9911636e-03	   2.4774660e-04	   1.4648002e-03	   1.5049460e-04	  -1.9167280e-12	   7.1754285e+01	
  -8.1490756e-06	   1.5730870e-05	   1.5371255e-03	   3.1557487e-04	  -2.2073716e-12	   7.1732710e+01	
  -7.1906495e-04	  -1.7599357e-04	   6.7096012e-04	   1.6531497e-04	  -2.2909555e-12	   7.1728917e+01	
   2.5447031e-04	   5.1209491e-05	   8.6546230e-04	   1.7979933e-04	  -1.9509215e-12	   7.1742259e+01	
   6.9758144e-04	   1.4618925e-04	   3.0786822e-04	   2.1403718e-05	  -1.8027502e-12	   7.1749612e+01	
  -9.8581461e-04	  -1.2016647e-04	   2.1758132e-03	   2.9671571e-04	  -2.0060107e-12	   7.1747649e+01	
   5.7960821e-04	   3.9130663e-05	  -2.4697952e-03	  -2.7541438e-04	  -1.9566204e-12	   7.1753585e+01	
  -7.5512345e-04	  -1.0375553e-04	  -2.4205436e-03	  -2.5691659e-04	  -1.7514601e-12	   7.1764290e+01	
  -4.1175353e-04	  -6.7146252e-05	  -2.5565450e-03	  -3.2680685e-04	  -2.0914941e-12	   7.1745349e+01	
   2.5161303e-03	   2.4344249e-04	   6.1395312e-04	   2.9220378e-05	  -1.5823929e-12	   7.1773773e+01	
   9.2656818e-04	   1.5226126e-04	   2.1589236e-03	   3.2073990e-04	  -1.8939325e-12	   7.1754935e+01	
  -1.4335334e-03	  -2.5657525e-04	  -1.5883424e-03	  -2.7141752e-04	  -1.9433229e-12	   7.1750142e+01	
   2.1134554e-03	   2.2268957e-04	  -1.3258682e-03	  -1.7955841e-04	  -1.5197051e-12	   7.1773354e+01	
   2.0792510e-04	   1.5288363e-05	  -1.2339084e-04	  -1.7208841e-05	  -1.8597391e-12	   7.1735047e+01	
   9.6128580e-04	   1.9036062e-04	   1.1365871e-03	   1.7524864e-04	  -1.8255457e-12	   7.1752442e+01	
  -1.6331149e-03	  -2.5459625e-04	   1.4111669e-03	   2.4716271e-04	  -2.1541820e-12	   7.1739691e+01	
   2.4280517e-03	   3.0936011e-04	  -7.1600174e-04	  -1.2419879e-04	  -2.2168698e-12	   7.1740407e+01	
   1.2188815e-03	   2.0877807e-04	  -4.4381978e-04	  -1.1696613e-04	  -1.8293450e-12	   7.1751882e+01	
  -2.4955602e-05	  -1.3354404e-06	   1.6349020e-03	   2.8821020e-04	  -1.6146866e-12	   7.1761386e+01	
   9.0445784e-04	   1.0910010e-04	  -2.1548870e-03	  -3.3352282e-04	  -2.0060107e-12	   7.1749776e+01	
  -1.9954276e-04	  -1.4227434e-05	   2.5937186e-03	   3.1014343e-04	  -1.8369436e-12	   7.1760073e+01	
   2.0932429e-03	   2.6219683e-04	  -1.2357228e-03	  -1.9157101e-04	  -1.7628579e-12	   7.1762909e+01	
  -7.8120637e-04	  -1.1253367e-04	   1.8801807e-03	   3.2833484e-04	  -2.0895945e-12	   7.1743580e+01	
  -3.3210120e-04	  -7.0170497e-05	  -1.2994372e-03	  -2.0747060e-04	  -1.5026084e-12	   7.1761208e+01	
  -1.8385463e-04	  -9.4909579e-06	   2.0684731e-03	   3.5158350e-04	  -2.1598809e-12	   7.1740392e+01	
  -1.7022033e-05	   4.1966966e-05	   1.6760969e-03	   2.9432820e-04	  -2.3099518e-12	   7.1733015e+01	
  -1.5798362e-03	  -2.0760227e-04	   1.7751050e-03	   2.5244250e-04	  -1.5614970e-12	   7.1769598e+01	
  -9.5830577e-04	  -1.5126408e-04	   1.7774591e-03	   3.3050127e-04	  -2.3118514e-12	   7.1733158e+01	
   1.0700077e-04	   3.8435088e-05	   4.7888151e-04	   1.0593781e-04	  -2.1465834e-12	   7.1729222e+01	
   1.2197610e-03	   3.1218609e-04	   7.7099020e-04	   1.3312859e-04	  -2.4068330e-12	   7.1735352e+01	
  -1.3264933e-03	  -2.2096919e-04	  -1.7208402e-03	  -2.4045787e-04	  -1.5311029e-12	   7.1769829e+01	
   2.3167703e-04	   2.6239368e-05	  -5.4502589e-04	  -1.1659520e-04	  -1.7248653e-12	   7.1750561e+01	
  -7.4341128e-04	  -8.3129836e-05	   1.4469690e-03	   2.2987898e-04	  -2.0041111e-12	   7.1745925e+01	
  -1.5055303e-03	  -2.6578938e-04	  -7.2000606e-04	  -9.8439860e-05	  -2.1864757e-12	   7.1734875e+01	
   1.7354118e-03	   2.0478891e-04	  -9.9727154e-05	  -6.6083076e-05	  -2.3175503e-12	   7.1738421e+01	
  -5.7613539e-04	  -7.7476388e-05	   1.2738918e-03	   2.7390162e-04	  -1.5614970e-12	   7.1767858e+01	
   5.3389748e-04	   6.8727279e-05	  -1.9058259e-03	  -3.4319755e-04	  -2.2244684e-12	   7.1736076e+01	
  -8.2468445e-04	  -1.3744913e-04	  -1.4068729e-03	  -1.7289970e-04	  -2.0705982e-12	   7.1743601e+01	
  -5.4010226e-04	  -1.0990184e-04	   1.2841385e-03	   2.6391604e-04	  -1.9509215e-12	   7.1746760e+01	
  -8.8027733e-04	  -1.6524764e-04	  -3.9467090e-04	  -6.4581613e-05	  -1.5444003e-12	   7.1759959e+01	
  -1.7819136e-03	  -2.8140626e-04	  -1.0712887e-03	  -1.4838102e-04	  -1.5444003e-12	   7.1768195e+01	
  -1.0345532e-03	  -8.8692735e-05	   1.0867742e-03	   1.2935527e-04	  -1.8882335e-12	   7.1753712e+01	
  -5.2377197e-04	  -8.4037439e-05	   1.7080769e-03	   3.3312987e-04	  -2.3821378e-12	   7.1730029e+01	
  -1.5720845e-03	  -3.1714946e-04	  -7.2441524e-04	  -1.0641498e-04	  -2.0781968e-12	   7.1743864e+01	
   1.5063450e-03	   2.4869390e-04	   1.4302491e-03	   2.0214838e-04	  -1.5899914e-12	   7.1768635e+01	
  -9.0893100e-04	  -1.6893690e-04	   1.1357904e-03	   2.7519814e-04	  -1.7856535e-12	   7.1762327e+01	
  -7.7006104e-04	  -1.5894119e-04	  -6.8039378e-04	  -1.2975103e-04	  -1.7799546e-12	   7.1752412e+01	
   3.4075727e-04	   8.4735055e-05	   4.1180084e-04	   1.0178706e-04	  -1.6355826e-12	   7.1756988e+01	
   1.7823244e-03	   2.8491144e-04	  -1.8434574e-04	  -7.2770980e-05	  -1.7324638e-12	   7.1762012e+01	
  -5.6568044e-04	  -4.9441577e-05	   1.1690598e-03	   2.2947962e-04	  -1.9243266e-12	   7.1753383e+01	
  -1.5657839e-03	  -2.1224654e-04	   2.4128516e-04	   6.3687713e-05	  -1.8122483e-12	   7.1755973e+01	
   2.8666140e-04	  -1.0373589e-05	  -1.5377833e-03	  -1.6452114e-04	  -1.9870145e-12	   7.1752434e+01	
   1.3341539e-03	   2.3750370e-04	  -6.6440476e-04	  -1.4098640e-04	  -1.6925716e-12	   7.1759699e+01	
  -1.3578069e-03	  -2.1367532e-04	   8.8682810e-04	   1.6000725e-04	  -2.1617805e-12	   7.1736458e+01	
  -1.0503883e-03	  -1.6768601e-04	   1.2644113e-03	   2.3039620e-04	  -2.4277290e-12	   7.1728259e+01	
   1.8246557e-03	   2.7475487e-04	  -1.3525561e-03	  -2.5113561e-04	  -1.5595973e-12	   7.1774452e+01	
  -5.8839886e-04	  -1.2867595e-04	  -1.4038623e-03	  -2.4894986e-04	  -1.6773745e-12	   7.1760885e+01	
  -6.7592392e-04	  -6.0610482e-05	   1.4243632e-03	   1.8863184e-04	  -1.8768358e-12	   7.1754293e+01	
  -1.3418456e-03	  -1.5531680e-04	   7.5091402e-04	   1.1351305e-04	  -1.5557981e-12	   7.1765553e+01	
   8.7015283e-04	   1.6575769e-04	   1.5351069e-03	   2.4042794e-04	  -1.7362630e-12	   7.1761319e+01	
  -1.5338502e-03	  -2.9910552e-04	  -1.0184707e-04	   3.5199243e-05	  -1.8540402e-12	   7.1758810e+01	
   1.9906636e-03	   3.4965369e-04	   4.1667306e-05	  -3.0256326e-05	  -1.9319251e-12	   7.1756638e+01	
  -4.1578336e-04	  -1.4164881e-04	  -3.9326889e-04	  -1.0601415e-04	  -2.3859370e-12	   7.1730506e+01	
   2.0072322e-03	   2.8483649e-04	  -1.1182934e-03	  -1.9692020e-04	  -1.5368018e-12	   7.1774325e+01	
  -1.4329951e-03	  -3.1180417e-04	  -7.4308259e-04	  -1.1823771e-04	  -2.0724979e-12	   7.1747208e+01	
   1.9638105e-03	   3.1600766e-04	   5.1540489e-04	   5.4477078e-05	  -1.5159059e-12	   7.1772428e+01	
  -4.7986049e-05	  -2.8886672e-05	  -3.2933911e-04	  -1.0189713e-04	  -2.2966543e-12	   7.1725609e+01	
   1.0108000e-03	   1.8613292e-04	   1.5346038e-03	   2.4764976e-04	  -1.6488800e-12	   7.1766150e+01	
  -1.3005591e-03	  -2.1106051e-04	   1.1291124e-03	   1.9700932e-04	  -1.5102070e-12	   7.1768224e+01	
  -5.4377897e-04	  -1.3778657e-04	  -4.4844338e-04	  -5.7169155e-05	  -1.7115678e-12	   7.1759580e+01	
  -1.5237063e-03	  -2.9203047e-04	  -1.3095512e-04	   2.2430215e-06	  -1.7742558e-12	   7.1759259e+01	
   1.0229415e-03	   1.3249852e-04	  -1.3636750e-03	  -2.5877321e-04	  -2.4030337e-12	   7.1734702e+01	
   1.8681561e-03	   3.3594838e-04	   3.6741278e-04	   3.5959803e-05	  -1.8274453e-12	   7.1760773e+01	
   8.0563204e-05	   1.6438592e-05	   1.7091407e-03	   3.3806631e-04	  -1.8787354e-12	   7.1755354e+01	
  -1.4993873e-04	  -1.4247727e-05	   1.8696858e-04	   7.5002278e-05	  -2.4448256e-12	   7.1725602e+01	
  -5.0171870e-04	  -1.1848306e-04	  -1.9347692e-03	  -3.3863936e-04	  -2.1560816e-12	   7.1744723e+01	
   1.2654541e-03	   2.5539419e-04	  -3.5169573e-04	  -1.1965631e-04	  -2.2776580e-12	   7.1738047e+01	
   2.9956153e-05	  -1.2781800e-05	  -2.7114444e-03	  -3.7174253e-04	  -2.0117097e-12	   7.1757840e+01	
  -1.0584652e-03	  -2.1943862e-04	   1.3309558e-03	   2.8650149e-04	  -1.5216047e-12	   7.1772659e+01	
   2.6148838e-03	   4.7035310e-04	  -6.0100002e-04	  -1.2019112e-04	  -1.9186276e-12	   7.1767426e+01	
   9.3895686e-04	   5.7111293e-05	  -2.3249200e-03	  -1.6097202e-04	  -1.7381627e-12	   7.1773174e+01	
   2.2166449e-04	  -1.5771838e-05	  -1.7554715e-03	  -2.9529654e-04	  -1.5026084e-12	   7.1773272e+01	
  -6.8580339e-04	  -1.5237778e-04	   3.1407493e-04	   9.6048692e-05	  -1.9566204e-12	   7.1751166e+01	
   2.1291978e-03	   3.3654798e-04	   1.3903789e-03	   1.9785056e-04	  -2.3460448e-12	   7.1740638e+01	
  -1.3560262e-03	  -2.0472903e-04	   9.1484437e-04	   1.7962035e-04	  -2.3080522e-12	   7.1736323e+01	
  -2.6807016e-03	  -4.0949624e-04	   1.6481676e-04	   3.1439920e-05	  -2.3612418e-12	   7.1739861e+01	
  -1.4004624e-05	   3.7619017e-05	   4.4805734e-04	   9.6219272e-05	  -2.0895945e-12	   7.1740683e+01	
  -4.1061755e-05	  -6.1037799e-05	  -1.4400709e-03	  -1.1521281e-04	  -1.9642188e-12	   7.1760288e+01	
   9.4101538e-04	   2.3652521e-04	   6.9236214e-04	   1.1382459e-04	  -1.8141480e-12	   7.1763574e+01	
  -1.7377975e-03	  -3.1037779e-04	   2.1933694e-04	   5.3357098e-05	  -1.5481996e-12	   7.1769598e+01	
  -1.9845664e-03	  -3.3490891e-04	  -8.1120004e-04	  -1.2234621e-04	  -1.5975900e-12	   7.1771354e+01	
  -3.2724804e-04	  -8.4843371e-08	   1.4635531e-03	   1.7398029e-04	  -1.6659767e-12	   7.1767240e+01	
  -3.1934998e-04	  -6.6976093e-05	   1.4159952e-04	   7.5393499e-05	  -2.2966543e-12	   7.1731917e+01	
   1.5737029e-03	   2.3728398e-04	   2.2926702e-04	  -2.5886312e-05	  -2.3764389e-12	   7.1741227e+01	
   5.6519733e-04	   8.2814043e-05	  -8.8056197e-04	  -2.1744080e-04	  -1.7951516e-12	   7.1763147e+01	
   2.8508018e-04	  -1.6887466e-05	  -1.2450696e-03	  -8.2962268e-05	  -2.0611000e-12	   7.1755368e+01	
  -1.5179837e-05	   2.9093148e-05	   1.1399042e-03	   2.3591149e-04	  -1.7742558e-12	   7.1763537e+01	
  -1.4703638e-03	  -2.4271118e-04	  -4.3722184e-04	  -2.9607149e-05	  -1.9566204e-12	   7.1756004e+01	
  -9.9500901e-04	  -1.7218784e-04	   1.7602323e-03	   3.1915336e-04	  -1.8540402e-12	   7.1764834e+01	
   9.5118528e-05	   6.2208545e-05	   1.4870338e-03	   2.3993847e-04	  -1.8065495e-12	   7.1764357e+01	
  -1.7138396e-04	   1.5670571e-05	   2.3277125e-04	   6.0864605e-05	  -2.2168698e-12	   7.1735315e+01	
  -1.3560134e-03	  -2.2982792e-04	   5.6173860e-04	   1.3873916e-04	  -1.9414233e-12	   7.1757863e+01	
  -4.2560111e-04	  -1.1668586e-04	  -1.6588715e-03	  -2.7612224e-04	  -1.5576977e-12	   7.1774070e+01	
   9.3936366e-04	   2.2601436e-04	   1.3584031e-03	   2.4487367e-04	  -2.1161893e-12	   7.1754211e+01	
   5.6168464e-04	   1.4626472e-04	   1.3809323e-03	   2.3361501e-04	  -2.1826764e-12	   7.1747784e+01	
  -1.2072040e-03	  -2.2667287e-04	   7.0970247e-04	   1.7112763e-04	  -2.2130705e-12	   7.1744453e+01	
   1.3842185e-03	   2.2345841e-04	  -1.0881394e-03	  -2.3223331e-04	  -1.6906719e-12	   7.1771226e+01	
  -8.0129045e-04	  -2.0820346e-04	  -8.7334668e-04	  -1.6184020e-04	  -1.8958322e-12	   7.1760722e+01	
  -8.4679852e-04	  -1.9584004e-04	  -1.2385786e-03	  -2.0752425e-04	  -2.0857952e-12	   7.1751710e+01	
   1.0812795e-03	   2.0329541e-04	   1.2422263e-03	   1.6508185e-04	  -1.5557981e-12	   7.1774630e+01	
  -1.1646923e-03	  -2.3197213e-04	  -1.0658168e-03	  -1.4881072e-04	  -1.7704564e-12	   7.1766598e+01	
  -6.3511531e-04	  -1.4581054e-04	   2.7203050e-04	   7.6334346e-05	  -2.3289480e-12	   7.1735323e+01	
  -4.4470544e-04	  -8.5020879e-05	  -7.9775689e-04	  -1.2220062e-04	  -1.6184859e-12	   7.1763932e+01	
   6.3794331e-04	   1.2967897e-04	  -1.7427595e-03	  -3.6746668e-04	  -1.9509215e-12	   7.1760640e+01	
  -1.9369573e-03	  -3.6529168e-04	   4.8120873e-04	   1.0102023e-04	  -2.0269067e-12	   7.1757556e+01	
  -3.9442803e-04	  -1.3011185e-04	  -4.5797040e-04	  -1.0603414e-04	  -2.3327473e-12	   7.1738689e+01	
  -5.0667434e-05	  -8.4471128e-06	   9.4864606e-05	   2.2179768e-05	  -1.6602778e-12	   7.1754681e+01	
  -4.4116861e-04	  -1.1126515e-04	  -1.8589288e-03	  -3.9674653e-04	  -2.2833569e-12	   7.1747604e+01	
   4.4896455e-04	   5.2251244e-05	  -2.5152032e-03	  -5.0295904e-04	  -1.7875531e-12	   7.1781081e+01	
   3.7175131e-04	   5.3918101e-05	   5.7004759e-04	   4.9783114e-05	  -1.7324638e-12	   7.1762163e+01	
  -2.4572537e-04	  -6.3112880e-05	  -1.0984071e-03	  -7.1478261e-05	  -1.6374823e-12	   7.1772831e+01	
   1.7537398e-03	   2.8900131e-04	  -2.3642942e-03	  -4.3857092e-04	  -1.5918911e-12	   7.1791444e+01	
  -1.7977754e-03	  -3.8527353e-04	   4.5532810e-04	   1.4462542e-04	  -1.6944712e-12	   7.1780402e+01	
  -2.6225665e-03	  -3.8482312e-04	   7.7110099e-04	   1.3467766e-04	  -1.6811737e-12	   7.1785545e+01	
   1.1251795e-03	   1.8447371e-04	  -1.2180083e-03	  -2.6658812e-04	  -1.5595973e-12	   7.1780059e+01	
  -6.4619992e-05	  -4.6373688e-05	  -2.2194822e-03	  -4.2541211e-04	  -2.2415650e-12	   7.1758116e+01	
   5.0188531e-04	   4.8568366e-05	  -1.3635554e-03	  -2.4999589e-04	  -1.6811737e-12	   7.1772152e+01	
  -1.4057500e-03	  -2.4500644e-04	   2.6475095e-04	   6.4023186e-05	  -1.5937908e-12	   7.1773667e+01	
  -1.4198310e-03	  -3.3372453e-04	  -7.2307637e-04	  -1.4276692e-04	  -2.1484831e-12	   7.1758288e+01	
  -2.0172831e-04	  -9.1483091e-06	  -2.7968721e-03	  -1.7239791e-04	  -2.3897362e-12	   7.1758908e+01	
   1.9672502e-03	   3.8021088e-04	   4.9797697e-04	   6.9503284e-05	  -1.8065495e-12	   7.1778736e+01	
  -2.2300308e-03	  -2.9674151e-04	   2.1878531e-03	   2.9375876e-04	  -2.0402041e-12	   7.1780298e+01	
   4.3597446e-04	   4.6126238e-05	  -7.3455518e-04	  -1.0603108e-04	  -1.8160476e-12	   7.1766500e+01	
  -3.1886372e-04	  -5.9152540e-05	  -2.1156069e-04	  -2.7978804e-05	  -1.7495605e-12	   7.1768823e+01	
   1.1184310e-03	   2.0454255e-04	   1.3141449e-03	   1.4296733e-04	  -1.0675928e-12	   7.1484245e+01	
   4.6636448e-04	   3.9699785e-05	  -2.0549435e-03	  -3.3914225e-04	  -6.0978167e-13	   7.1485259e+01	
   1.5844127e-03	   2.5907192e-04	   1.5031163e-03	   1.7249014e-04	  -6.1548057e-13	   7.1487253e+01	
  -2.0303764e-03	  -3.2351776e-04	  -6.0469215e-04	  -6.0979276e-05	  -6.1358094e-13	   7.1481064e+01	
   5.7096866e-04	   1.2791474e-04	   1.6491462e-03	   1.9822292e-04	  -1.1036858e-12	   7.1483274e+01	
  -1.3569021e-03	  -2.2571384e-04	  -2.3516095e-03	  -3.4350241e-04	  -1.0770910e-12	   7.1489529e+01	
  -1.7166110e-03	  -2.2620244e-04	   1.1578357e-03	   1.9606651e-04	  -6.5537282e-13	   7.1482616e+01	
  -1.4049339e-05	  -4.0511791e-05	  -1.8732399e-03	  -3.2769557e-04	  -1.3924298e-12	   7.1482669e+01	
   1.1469490e-03	   1.6261630e-04	  -2.0775625e-03	  -3.6634953e-04	  -1.4722143e-12	   7.1488964e+01	
   1.7351297e-03	   2.6007260e-04	   1.2246575e-04	  -4.6977990e-05	  -1.0580947e-12	   7.1483065e+01	
   7.4582470e-04	   9.5677797e-05	  -1.6336376e-03	  -3.0783887e-04	  -1.0960873e-12	   7.1480855e+01	
   1.2070556e-04	   3.7893746e-05	   2.7695082e-03	   2.9546317e-04	  -7.9404592e-13	   7.1492322e+01	
  -9.7009110e-04	  -1.3326052e-04	   2.4260691e-03	   3.9531949e-04	  -1.1435780e-12	   7.1487648e+01	
  -5.1434598e-04	  -1.2933352e-04	  -7.1757709e-04	  -1.0682128e-04	  -6.2117947e-13	   7.1480182e+01	
   1.2819403e-03	   2.2659487e-04	   1.0640374e-03	   1.0212643e-04	  -1.3430394e-12	   7.1480744e+01	
   9.5070263e-04	   1.4407842e-04	  -5.7441407e-04	  -1.5382279e-04	  -8.8142896e-13	   7.1479354e+01	
   1.1437528e-03	   2.2862092e-04	   1.1230770e-03	   1.4655340e-04	  -6.3257724e-13	   7.1481399e+01	
   1.0792702e-03	   1.6637827e-04	  -2.1115966e-03	  -3.8536981e-04	  -1.2689538e-12	   7.1488783e+01	
   1.1313618e-03	   1.7703729e-04	  -4.5449463e-04	  -1.2647495e-04	  -8.9662601e-13	   7.1478033e+01	
   4.8596752e-04	   7.0770907e-05	   2.9517542e-03	   2.7006318e-04	  -1.1796711e-12	   7.1498489e+01	
   1.4342200e-03	   2.3499438e-04	   4.2288451e-04	   7.9137127e-06	  -5.6419052e-13	   7.1479786e+01	
   1.3066538e-03	   2.3809114e-04	   8.7088483e-04	   9.0152568e-05	  -6.4777430e-13	   7.1479704e+01	
  -3.6232344e-04	  -1.2523533e-04	   1.3851470e-04	   5.4039793e-05	  -1.2290615e-12	   7.1480407e+01	
   2.5329355e-03	   2.7481829e-04	   1.8356401e-03	   1.4833670e-04	  -1.4703147e-12	   7.1506449e+01	
  -1.2199898e-03	  -8.9832026e-05	   3.0351467e-03	   2.5393823e-04	  -1.4741140e-12	   7.1511234e+01	
  -2.4795822e-03	  -3.0161474e-04	   1.2810269e-03	   1.5682471e-04	  -7.5795293e-13	   7.1491433e+01	
  -1.0533350e-03	  -1.3709603e-04	   1.2214986e-03	   2.2373324e-04	  -8.0354408e-13	   7.1476174e+01	
  -1.0589271e-03	  -2.0260729e-04	   1.6412267e-03	   3.2522090e-04	  -1.3867309e-12	   7.1485619e+01	
   1.6402202e-03	   2.7970651e-04	  -1.1680734e-03	  -2.3266139e-04	  -6.0598242e-13	   7.1488776e+01	
   1.9417020e-03	   2.3188592e-04	   2.4536575e-03	   2.5877063e-04	  -1.4190247e-12	   7.1507298e+01	
  -2.0813217e-03	  -3.0671880e-04	   1.7754230e-03	   2.5614733e-04	  -8.6433228e-13	   7.1487805e+01	
   1.0499135e-03	   2.1832518e-04	   1.2185699e-04	  -3.8781766e-05	  -1.1397788e-12	   7.1480407e+01	
  -1.2450281e-04	  -4.4977283e-05	  -1.3183588e-03	  -2.0917147e-04	  -1.4285228e-12	   7.1476314e+01	
  -1.9746595e-03	  -1.6986671e-04	  -2.2832984e-03	  -1.8545124e-04	  -9.5361495e-13	   7.1498004e+01	
   3.0472345e-04	   4.6656520e-05	   2.6964716e-03	   3.6552164e-04	  -1.0447973e-12	   7.1488277e+01	
  -1.2091612e-03	  -1.9172309e-04	   2.5078557e-03	   3.9098462e-04	  -1.4836121e-12	   7.1492181e+01	
  -6.9745744e-04	  -8.6204728e-05	  -1.2592542e-03	  -1.4287684e-04	  -5.9268499e-13	   7.1484654e+01	
  -9.3802872e-04	  -1.8901378e-04	  -5.6165548e-04	  -7.0403944e-05	  -1.3354409e-12	   7.1476144e+01	
   6.5057968e-04	   8.8015908e-05	  -1.1085041e-03	  -1.7883416e-04	  -1.3696342e-12	   7.1472038e+01	
  -3.1460861e-04	  -6.5106601e-05	  -4.6409634e-04	  -5.0396774e-05	  -6.2307909e-13	   7.1477189e+01	
  -1.1211088e-03	  -1.5516918e-04	   1.0593077e-03	   1.9396510e-04	  -1.0618940e-12	   7.1474762e+01	
  -2.8503381e-04	  -2.9072996e-05	   1.4298716e-03	   2.6936588e-04	  -1.3848313e-12	   7.1481041e+01	
  -6.6158633e-04	  -2.7007217e-05	   7.6700295e-04	   5.9234827e-05	  -7.9784518e-13	   7.1482773e+01	
  -1.2221165e-03	  -1.8793650e-04	  -9.6907390e-04	  -1.2688405e-04	  -5.6609015e-13	   7.1474829e+01	
   5.9951388e-04	   7.8382380e-05	   9.8137627e-04	   1.0104155e-04	  -5.6609015e-13	   7.1475166e+01	
   9.5021484e-05	   1.0601693e-05	  -1.2589547e-03	  -2.2825840e-04	  -1.2537567e-12	   7.1475890e+01	
  -3.9183720e-04	  -6.1368687e-05	   1.6696882e-03	   2.9987603e-04	  -1.4209243e-12	   7.1481571e+01	
  -8.9108395e-04	  -6.0858868e-05	  -4.8923796e-04	  -1.1562565e-05	  -6.7626877e-13	   7.1479256e+01	
   1.5794029e-04	   2.7410248e-05	   1.4166415e-03	   2.0931212e-04	  -1.0428976e-12	   7.1476712e+01	
   8.6767537e-04	   1.2316198e-04	  -1.3086967e-03	  -1.8875600e-04	  -9.3271901e-13	   7.1476688e+01	
  -4.5944056e-04	  -7.7884700e-05	   1.3148123e-03	   2.2609947e-04	  -1.1587751e-12	   7.1470985e+01	
   4.2193425e-04	   6.4136536e-05	  -1.1524252e-03	  -2.0963159e-04	  -1.0220016e-12	   7.1741728e+01	
  -1.8408092e-03	  -2.9055491e-04	  -1.1461212e-04	  -1.2442104e-05	  -1.1625744e-12	   7.1749126e+01	
   2.0978802e-06	  -6.3356872e-05	  -1.5226885e-04	   3.3729762e-05	  -9.6691237e-13	   7.1745625e+01	
   1.2953703e-04	   1.6612302e-04	   3.0402106e-04	   6.4276476e-05	  -9.3081938e-13	   7.1757937e+01	
   1.4983695e-03	   1.4404004e-04	   3.0753970e-05	  -3.6610131e-05	  -1.0903885e-12	   7.1756235e+01	
  -6.4615073e-04	  -1.6286692e-06	   7.0716413e-04	   6.8454593e-05	  -1.1758718e-12	   7.1748246e+01	
   1.4165128e-03	   1.1533449e-04	  -9.6832771e-05	  -7.2987127e-05	  -1.1625744e-12	   7.1755787e+01	
  -3.7198099e-04	  -1.2153138e-05	   1.3920429e-03	   1.4425615e-04	  -9.5741422e-13	   7.1758938e+01	
  -8.8513317e-04	  -4.6248778e-06	   4.9748568e-04	   4.2768513e-05	  -5.5659199e-13	   7.1764715e+01	
  -1.1860673e-03	  -6.6823229e-05	   1.7635275e-03	   1.5630217e-04	  -1.4627161e-12	   7.1752688e+01	
  -3.2816122e-04	  -3.2412735e-05	  -1.0541061e-03	  -1.0815504e-04	  -9.0612416e-13	   7.1754779e+01	
   1.2215528e-04	  -2.3316177e-06	  -1.7458007e-03	  -1.6977735e-04	  -1.2271619e-12	   7.1756712e+01	
  -2.9358520e-03	  -5.2554657e-04	  -7.2482129e-04	  -1.1937036e-04	  -1.2062660e-12	   7.1756779e+01	
   9.5851806e-04	   7.0734294e-05	  -1.8342675e-03	  -2.0469517e-04	  -1.2632548e-12	   7.1759460e+01	
  -2.0023099e-03	  -3.8087151e-04	  -2.1269126e-03	  -3.8186207e-04	  -1.4247236e-12	   7.1747193e+01	
  -8.2280065e-04	  -4.7565177e-05	  -1.4739967e-03	  -2.5218519e-05	  -7.1426140e-13	   7.1776558e+01	
   7.7225034e-04	   6.4308394e-05	   1.7377324e-03	   5.7946000e-05	  -1.2499574e-12	   7.1763423e+01	
  -1.9617055e-03	  -1.3418528e-04	  -2.6102325e-04	   1.1082341e-05	  -1.0618940e-12	   7.1768120e+01	
  -1.1438786e-03	  -1.0644417e-04	  -1.7015495e-03	  -1.2039851e-04	  -1.1416784e-12	   7.1765232e+01	
  -3.4064024e-04	   9.1798581e-06	   1.9936406e-03	   1.5829140e-04	  -1.3297420e-12	   7.1758728e+01	
   3.9707334e-04	   5.8081898e-05	   1.4914921e-04	   1.7843989e-05	  -1.3563368e-12	   7.1732665e+01	
   7.6623042e-04	  -6.4800239e-06	   7.2309064e-04	  -9.2029647e-05	  -8.7193081e-13	   7.1772407e+01	
  -1.0670618e-03	  -1.5257953e-04	  -6.6961033e-04	  -5.3617840e-05	  -1.1017862e-12	   7.1752442e+01	
  -8.6995373e-04	  -8.3338903e-05	   6.3463511e-04	   1.1353925e-04	  -9.7451087e-13	   7.1756108e+01	
   4.0746202e-04	   5.2584269e-05	   8.3008336e-04	  -3.1671153e-05	  -5.8318684e-13	   7.1766418e+01	
   1.4146011e-05	  -1.3087639e-05	  -1.8326634e-03	  -7.1604178e-05	  -1.1948681e-12	   7.1764940e+01	
   1.0295355e-03	  -4.7024086e-05	  -7.4549606e-04	  -1.8072609e-05	  -1.3316416e-12	   7.1761498e+01	
  -2.9897435e-04	  -4.3546407e-05	  -9.3609323e-04	   7.7546586e-05	  -1.4741140e-12	   7.1754890e+01	
  -8.4508593e-04	   9.0555319e-05	   5.7226317e-04	   3.0895296e-05	  -1.3107456e-12	   7.1761654e+01	
  -3.2868291e-04	   8.9551077e-05	   5.3173537e-04	   8.3476600e-06	  -7.4275587e-13	   7.1767927e+01	
   1.1606635e-04	  -1.5065224e-04	  -4.2462797e-04	  -1.8993603e-04	  -1.4076268e-12	   7.1755325e+01	
  -1.3961289e-04	  -3.3671632e-05	  -5.5196942e-04	   6.2969853e-05	  -1.1910689e-12	   7.1755749e+01	
  -4.4616106e-04	  -1.6589473e-04	   3.2365995e-04	   1.6857326e-04	  -5.2619789e-13	   7.1769487e+01	
  -2.3850201e-04	   3.1712638e-05	   1.8029770e-03	   1.0020219e-04	  -5.2999716e-13	   7.1780447e+01	
  -1.0366884e-03	  -3.2715664e-04	   4.0482136e-04	   1.8144633e-04	  -1.0846895e-12	   7.1764797e+01	
  -3.6901611e-04	   5.8445228e-06	   1.4978547e-03	   1.5843549e-04	  -8.8142896e-13	   7.1768606e+01	
  -3.5505506e-04	  -6.9348881e-05	  -1.6158751e-03	  -8.9479067e-05	  -7.3895660e-13	   7.1776558e+01	
  -1.0034159e-03	  -5.0960917e-05	  -6.5688131e-04	  -5.6234858e-06	  -9.2322085e-13	   7.1765948e+01	
   3.0040230e-04	   1.5286814e-04	   5.5503140e-04	   2.6735681e-04	  -8.5673376e-13	   7.1772861e+01	
   1.6894754e-03	   4.4758609e-05	   3.1440547e-04	  -9.7370078e-06	  -1.1891692e-12	   7.1768762e+01	
  -8.3255701e-05	  -1.7812307e-04	  -3.6411015e-04	   1.1258037e-04	  -6.7436914e-13	   7.1779820e+01	
   1.1556715e-04	  -6.9745385e-05	  -4.1174227e-04	   7.1128260e-05	  -8.8902749e-13	   7.1766887e+01	
  -9.5606009e-04	  -3.1369221e-05	  -1.2416253e-03	   5.4334334e-06	  -1.0087043e-12	   7.1775497e+01	
   2.1226638e-03	   4.4774655e-04	   6.0711703e-04	   1.1399038e-04	  -1.4095265e-12	   7.1751031e+01	
  -1.5776922e-05	  -2.6184650e-05	  -1.9287026e-03	  -1.4496028e-04	  -1.3886306e-12	   7.1761163e+01	
  -1.7781874e-03	  -1.5277071e-04	  -1.2388478e-03	  -8.5064147e-05	  -1.4456195e-12	   7.1759415e+01	
   8.4609931e-04	   1.5899991e-05	  -1.3704777e-03	  -1.0191868e-04	  -1.3278424e-12	   7.1762259e+01	
  -2.4446306e-04	  -8.0299510e-05	  -5.1638523e-04	  -7.0892735e-05	  -1.4779132e-12	   7.1739264e+01	
   1.1812422e-03	   1.3419022e-04	  -1.3438512e-04	  -6.2287759e-05	  -1.3525375e-12	   7.1748805e+01	
   9.6917969e-04	  -1.8890013e-05	   7.1703071e-04	  -6.9288416e-05	  -1.0144032e-12	   7.1774951e+01	
   6.5551427e-04	   1.1766125e-05	  -1.9526242e-03	  -1.0341940e-04	  -1.4646158e-12	   7.1761521e+01	
   1.2754162e-03	   1.4395566e-05	  -9.8660005e-04	  -6.7505995e-05	  -7.5605329e-13	   7.1778632e+01	
   1.3844419e-03	  -4.5762501e-06	  -7.4761791e-04	  -4.1802620e-05	  -9.5361495e-13	   7.1777550e+01	
   9.5682648e-04	   8.5034025e-05	   6.3414002e-04	   9.6151136e-06	  -7.2375955e-13	   7.1766837e+01	
  -9.1660621e-04	   5.3303772e-06	   1.2819628e-03	   7.2988708e-05	  -6.2877799e-13	   7.1779035e+01	
   9.3948578e-04	   9.2553705e-05	   4.4556184e-04	  -1.5891922e-06	  -1.0296003e-12	   7.1759609e+01	
   9.9951518e-04	   1.2130658e-04	  -7.2598895e-04	  -1.0343628e-04	  -1.2632548e-12	   7.1750291e+01	
  -1.6231003e-04	  -1.8866826e-05	  -6.6710872e-04	  -5.9791880e-05	  -1.4532180e-12	   7.1739100e+01	
   1.3964412e-03	  -1.3103899e-05	  -5.1288807e-04	  -5.6966465e-05	  -1.2005670e-12	   7.1770882e+01	
  -1.0052896e-03	  -4.2140980e-05	  -1.1883264e-03	   1.3852315e-06	  -5.7178904e-13	   7.1781507e+01	
   3.3602522e-04	   5.8907115e-06	  -1.5025953e-03	  -1.6449386e-04	  -1.2081656e-12	   7.1759922e+01	
   7.6491696e-04	  -2.6729432e-05	  -1.2280678e-03	  -5.1390862e-05	  -5.5659199e-13	   7.1780110e+01	
  -4.8662084e-04	  -3.4790620e-05	  -4.3254284e-04	   1.5516732e-05	  -7.6175218e-13	   7.1764253e+01	
  -4.3015498e-04	   7.8043590e-05	   1.0385073e-03	  -2.0997307e-05	  -1.1150836e-12	   7.1771958e+01	
  -3.0906807e-04	   6.0582689e-05	   1.2237999e-03	  -8.7932180e-06	  -1.3905302e-12	   7.1762895e+01	
   5.8779630e-05	   6.7732736e-05	   1.0341710e-03	  -8.2035180e-05	  -7.0286361e-13	   7.1780977e+01	
  -1.1695521e-03	  -3.3687639e-05	   9.7198809e-04	   9.7929702e-05	  -6.5537282e-13	   7.1777364e+01	
  -1.3324411e-03	  -1.3557452e-04	  -1.6112169e-04	   1.3498372e-05	  -1.1169833e-12	   7.1760521e+01	
   5.3796646e-04	   4.1835707e-05	   1.6777488e-04	  -9.2788739e-06	  -1.0618940e-12	   7.1755227e+01	
   3.7794774e-05	   5.0039368e-05	   1.3719255e-03	  -5.5554028e-06	  -6.7816840e-13	   7.1780096e+01	
  -9.9212721e-04	  -5.7191782e-05	  -1.5922436e-03	  -5.6657550e-05	  -7.5035440e-13	   7.1781089e+01	
   3.8547476e-05	  -3.5599141e-05	  -1.4233887e-03	  -2.6403793e-06	  -8.2444002e-13	   7.1779237e+01	
   3.7521118e-04	   7.5699311e-07	  -1.6222978e-03	  -1.9894758e-04	  -1.3905302e-12	   7.1756519e+01	
  -8.4624681e-04	   9.9813877e-05	   4.0164201e-04	   5.8059551e-06	  -8.4913523e-13	   7.1778176e+01	
  -3.5958907e-04	  -2.6588002e-05	  -1.6410801e-03	  -2.0131970e-05	  -7.7694923e-13	   7.1781820e+01	
   1.2827485e-03	  -5.0980843e-05	  -4.6076981e-04	  -5.4417744e-05	  -8.2633966e-13	   7.1781977e+01	
  -1.2624895e-03	  -5.7818695e-06	   1.2441319e-03	   6.2817305e-05	  -9.4221716e-13	   7.1779574e+01	
   3.5755662e-04	  -1.4272437e-04	  -2.9592308e-05	  -1.4884105e-04	  -6.8006803e-13	   7.1781513e+01	
  -2.5187502e-04	  -3.0234363e-05	  -1.1546277e-04	   9.4662202e-06	  -9.8210940e-13	   7.1755293e+01	
  -1.5142781e-03	  -9.4961205e-05	   8.5434685e-04	   1.0816021e-04	  -1.1264814e-12	   7.1770434e+01	
  -1.2417260e-04	   4.3544764e-05	   1.4725253e-03	  -8.4562769e-06	  -9.1372269e-13	   7.1780229e+01	
  -1.8048308e-03	  -1.0228168e-04	   9.6831959e-05	   3.3833109e-05	  -1.0713921e-12	   7.1773458e+01	
  -1.5409262e-03	  -1.0505090e-04	   1.4503376e-03	   1.4746437e-04	  -1.3069464e-12	   7.1767038e+01	
  -8.7107430e-04	  -7.3340348e-05	   1.1595967e-03	   1.3826278e-04	  -1.2955486e-12	   7.1756816e+01	
   9.7377797e-04	  -6.5113048e-05	  -9.4921542e-04	  -3.3437773e-05	  -1.1416784e-12	   7.1775407e+01	
   1.2088042e-03	   2.0825041e-05	  -1.5586564e-03	  -9.1429868e-05	  -9.9160753e-13	   7.1779550e+01	
  -1.8638077e-03	  -1.5437074e-04	  -6.1587268e-04	  -6.0522514e-06	  -8.3393818e-13	   7.1780865e+01	
   2.0076070e-03	   2.2120306e-04	   2.7520111e-05	  -4.8218745e-05	  -1.4646158e-12	   7.1762171e+01	
   1.2186542e-03	   2.9789963e-05	   1.0672739e-03	  -2.6637676e-05	  -1.1093847e-12	   7.1776945e+01	
  -1.1402250e-03	  -2.5933400e-06	   1.1227973e-03	   4.1491244e-05	  -6.2307909e-13	   7.1782335e+01	
  -1.3493904e-04	  -1.3201431e-07	   2.0365862e-03	   1.9394512e-04	  -1.4076268e-12	   7.1761386e+01	
  -1.0651785e-03	  -2.9117092e-05	  -1.2068680e-03	   1.7181713e-05	  -5.8128720e-13	   7.1786255e+01	
  -1.5075984e-03	  -9.0397004e-05	   1.4294071e-03	   1.3693035e-04	  -1.1967678e-12	   7.1772242e+01	
  -1.8262821e-03	  -1.0800172e-04	   1.0348391e-03	   1.0369159e-04	  -1.2081656e-12	   7.1772712e+01	
   9.4106582e-04	  -1.0313497e-04	  -1.5555616e-04	  -3.7016632e-05	  -6.4017577e-13	   7.1782776e+01	
  -8.5780467e-04	  -2.4784188e-06	  -1.1541083e-03	   2.6833846e-05	  -7.8644739e-13	   7.1782680e+01	
  -1.1267638e-03	  -1.4220663e-04	  -8.2085130e-04	  -8.6275194e-05	  -1.2537567e-12	   7.1757407e+01	
   2.7003716e-04	   5.1126542e-06	  -1.9900797e-03	  -1.5045929e-04	  -9.0232491e-13	   7.1778834e+01	
  -1.4770805e-03	  -1.8790701e-04	  -6.6388292e-04	  -6.6775315e-05	  -1.4570173e-12	   7.1753471e+01	
  -5.3565468e-05	  -3.2946487e-05	  -1.6124009e-03	  -9.0322387e-05	  -1.0656932e-12	   7.1773399e+01	
  -1.3265943e-03	  -1.4681985e-04	  -1.3250183e-03	  -8.4744114e-05	  -5.6609015e-13	   7.1783441e+01	
  -1.5234035e-03	  -1.1811912e-04	  -3.7537058e-04	  -9.1593965e-06	  -1.4247236e-12	   7.1760049e+01	
   1.3278917e-03	   1.7784755e-04	  -1.6876801e-04	  -4.3270195e-05	  -1.2271619e-12	   7.1759638e+01	
   1.1517093e-03	   1.6213365e-04	   8.4291662e-04	   1.0273186e-04	  -1.2328607e-12	   7.1759967e+01	
  -1.7887595e-03	  -1.8549453e-04	  -9.3732429e-04	  -5.4019444e-05	  -1.1644740e-12	   7.1773004e+01	
  -3.9035036e-04	  -8.6861333e-06	  -1.4347260e-03	   8.1752179e-06	  -1.3810320e-12	   7.1767688e+01	
  -1.1593249e-03	  -1.7654278e-04	  -1.1072932e-03	  -1.1181873e-04	  -1.1150836e-12	   7.1769001e+01	
   1.4316564e-03	   1.0493285e-04	   1.0583168e-03	   3.7492978e-05	  -1.2442586e-12	   7.1770375e+01	
   8.2850029e-04	   1.4047798e-05	  -1.7405018e-03	  -1.0604100e-04	  -7.9214628e-13	   7.1783693e+01	
   1.0648432e-03	   7.9661770e-05	   1.7035490e-03	   7.3757544e-05	  -9.3461864e-13	   7.1782179e+01	
  -1.5761323e-03	  -1.3354700e-04	  -1.2023203e-03	  -7.5593571e-05	  -1.2442586e-12	   7.1770449e+01	
  -1.2561017e-03	  -1.5309185e-04	  -8.0964682e-04	  -9.7447201e-05	  -1.1359796e-12	   7.1763386e+01	
   1.6509709e-03	   8.8467658e-05	  -1.3116416e-03	  -9.5984705e-05	  -1.1036858e-12	   7.1777483e+01	
   1.6103322e-03	   2.1088688e-04	   1.1082407e-04	   5.1036470e-06	  -1.3658350e-12	   7.1757108e+01	
  -1.2260613e-04	  -1.9708747e-05	  -6.4890487e-04	  -9.2585312e-05	  -1.2822512e-12	   7.1753323e+01	
  -4.3873171e-04	  -6.4255416e-05	  -1.8387135e-03	  -2.1892278e-04	  -1.3487383e-12	   7.1762983e+01	
   1.7379608e-03	   1.3801722e-04	   1.1151866e-03	   5.0052594e-05	  -1.3601361e-12	   7.1769144e+01	
  -1.7011806e-03	  -2.2250726e-04	  -8.7072253e-06	   4.8313939e-05	  -1.2556563e-12	   7.1766903e+01	
  -2.0137815e-03	  -1.9146754e-04	  -4.3160410e-04	  -3.0849185e-06	  -1.2727531e-12	   7.1770434e+01	
   7.1358537e-04	   1.9362788e-05	  -1.4867498e-03	  -1.1185131e-04	  -1.0201020e-12	   7.1775839e+01	
   2.1732779e-03	   1.9305061e-04	  -4.9207793e-04	  -9.4257036e-05	  -1.3867309e-12	   7.1769203e+01	
   4.4272182e-04	   5.6742773e-05	  -3.1610394e-04	  -5.2644517e-05	  -1.3107456e-12	   7.1751614e+01	
   1.5198075e-03	   1.3504144e-04	  -1.2526031e-03	  -1.6347263e-04	  -8.3583781e-13	   7.1781380e+01	
  -2.1378803e-03	  -1.8404208e-04	  -1.6240117e-05	   2.6455991e-05	  -1.0637936e-12	   7.1777938e+01	
  -1.1923800e-03	  -1.6410101e-05	  -1.0021596e-03	   8.4825126e-06	  -5.7558831e-13	   7.1787152e+01	
   2.1521447e-03	   2.0310702e-04	  -3.8727371e-04	  -5.5874802e-05	  -1.3145449e-12	   7.1769285e+01	
   1.0533188e-03	   1.4599235e-05	  -1.7685115e-03	  -9.4037091e-05	  -1.4646158e-12	   7.1769868e+01	
   1.8428049e-03	   5.8106135e-05	  -5.1975796e-04	  -6.8867756e-05	  -1.3335413e-12	   7.1773593e+01	
   5.2457293e-05	   3.1766750e-05	   2.0243862e-03	   1.6181097e-04	  -1.3848313e-12	   7.1767396e+01	
  -1.9717764e-03	  -1.0544325e-04	   2.5900297e-04	   3.2953497e-05	  -1.0998866e-12	   7.1778131e+01	
  -1.1288763e-03	  -1.8130297e-05	   1.4478609e-03	   5.7572591e-05	  -9.4411679e-13	   7.1783500e+01	
   1.6656179e-03	   9.4945197e-05	  -1.5420367e-03	  -1.3572965e-04	  -1.3050468e-12	   7.1774272e+01	
  -1.9633142e-03	  -8.3575321e-05	   2.7434159e-04	   3.9555112e-05	  -1.2480578e-12	   7.1775505e+01	
  -6.0243449e-04	  -1.0338192e-04	  -1.4254467e-03	  -1.9288370e-04	  -1.2974483e-12	   7.1762954e+01	
  -1.3835979e-03	  -2.0309555e-04	  -5.4864795e-04	  -6.9750472e-05	  -1.3810320e-12	   7.1758108e+01	
  -2.6012991e-04	  -4.7617968e-05	  -1.8243963e-03	  -2.1401945e-04	  -7.6175218e-13	   7.1780306e+01	
   1.7695789e-04	   3.8254172e-05	   2.0752008e-03	   1.4196676e-04	  -1.2898497e-12	   7.1772839e+01	
   4.2485421e-04	   9.2158177e-06	  -2.1921392e-03	  -1.3523285e-04	  -1.3715338e-12	   7.1772293e+01	
   1.3416765e-03	   7.8025946e-05	   1.4042143e-03	   3.5665199e-05	  -1.2385597e-12	   7.1776393e+01	
  -2.1357689e-03	  -1.4064172e-04	  -5.3165814e-04	  -2.0235310e-05	  -1.1625744e-12	   7.1778094e+01	
  -1.2930442e-03	  -3.2342910e-05	   1.5263137e-03	   8.5107368e-05	  -9.3081938e-13	   7.1785643e+01	
  -3.7537101e-04	   2.6171138e-05	   1.1529603e-03	   1.2993736e-04	  -5.7178904e-13	   7.1780380e+01	
  -9.8416912e-04	  -1.0991108e-04	  -2.0438655e-03	  -1.6913091e-04	  -1.0258009e-12	   7.1781656e+01	
   1.5920471e-03	   1.7462102e-05	  -7.9130878e-04	  -4.4003230e-05	  -1.2290615e-12	   7.1777744e+01	
   1.0575551e-03	   9.8969617e-05	   1.5083647e-03	   8.7193764e-05	  -9.9540684e-13	   7.1779685e+01	
   9.9784327e-04	   7.8186453e-05	   1.7346161e-03	   8.9091603e-05	  -1.0922881e-12	   7.1779476e+01	
  -1.7394053e-03	  -1.2587937e-04	  -5.6071603e-05	   1.6701098e-05	  -9.0042527e-13	   7.1780051e+01	
  -1.2121877e-03	  -6.6957267e-05	  -1.4712382e-03	  -4.4266710e-05	  -9.1942159e-13	   7.1785030e+01	
   1.9284072e-03	   8.6248295e-05	   5.6870362e-04	  -2.5217451e-05	  -1.2461582e-12	   7.1778961e+01	
  -1.8734080e-03	  -1.3893648e-04	   5.6359703e-04	   6.9253872e-05	  -1.0314999e-12	   7.1779192e+01	
  -3.3284197e-04	  -1.1059841e-04	  -1.3686505e-03	  -1.7672596e-04	  -1.4076268e-12	   7.1763290e+01	
   5.2237963e-04	  -4.2363258e-06	  -1.1157625e-03	  -1.7871582e-04	  -1.3240430e-12	   7.1765680e+01	
   1.9810703e-03	   1.0973780e-04	  -1.0373615e-03	  -8.3544061e-05	  -1.4152254e-12	   7.1771606e+01	
  -1.3849623e-03	  -1.8635973e-04	  -7.9561957e-05	   7.3341191e-06	  -1.1264814e-12	   7.1768306e+01	
   3.2901687e-04	   2.5651518e-05	  -7.8498086e-04	  -1.1189440e-04	  -1.3354409e-12	   7.1756996e+01	
  -9.7492109e-04	  -1.4366606e-04	  -6.4194753e-05	   8.3372787e-05	  -1.4190247e-12	   7.1762781e+01	
   1.2448939e-03	   4.7108739e-05	  -1.6277532e-03	  -1.1603878e-04	  -1.0922881e-12	   7.1781357e+01	
   9.9576890e-05	   3.9579760e-05	   2.8831762e-04	   4.6623483e-06	  -8.8902749e-13	   7.1767046e+01	
   7.9614555e-04	   1.3980049e-05	  -1.9045895e-03	  -1.1776910e-04	  -1.3658350e-12	   7.1773301e+01	
  -3.9504024e-04	  -3.2574412e-05	  -1.4273907e-03	   1.7845000e-05	  -6.1548057e-13	   7.1789608e+01	
   3.1125608e-04	  -3.2632116e-05	  -1.6170068e-03	  -3.3341545e-05	  -6.3827614e-13	   7.1789271e+01	
  -1.7177879e-03	  -2.0774622e-05	   5.1566748e-05	   3.2025722e-05	  -5.5089310e-13	   7.1791876e+01	
   1.4634351e-04	   3.2511466e-05	   1.6941582e-03	   3.0656441e-05	  -5.6609015e-13	   7.1789772e+01	
  -9.3534718e-04	  -1.5358682e-05	   1.6127576e-03	   7.6445566e-05	  -6.5537282e-13	   7.1788502e+01	
   1.4479057e-03	   7.7782711e-05	   1.4709601e-03	   4.7623108e-05	  -5.6988941e-13	   7.1791683e+01	
  -8.7475705e-04	  -1.5451769e-04	  -1.6894268e-03	  -2.1427589e-04	  -9.8400910e-13	   7.1780081e+01	
  -8.6221749e-05	  -2.9014607e-05	  -1.5658040e-03	  -2.2028111e-04	  -1.0409980e-12	   7.1773227e+01	
   1.3599288e-03	   1.7146750e-04	  -9.3600442e-04	  -1.4682590e-04	  -8.9282675e-13	   7.1778200e+01	
  -1.3901664e-03	  -1.5247342e-05	   1.2119084e-03	   5.5981346e-05	  -5.3379641e-13	   7.1792444e+01	
   1.0954800e-03	   1.4851067e-04	   6.3853929e-04	   4.1657820e-05	  -1.2499574e-12	   7.1764768e+01	
   1.4275650e-03	  -1.3458295e-05	   2.9276198e-04	  -5.3263574e-05	  -9.4601643e-13	   7.1787025e+01	
  -1.6856360e-03	  -2.4893636e-04	  -5.4086050e-04	  -7.6761377e-05	  -1.2309611e-12	   7.1768412e+01	
  -1.1264353e-03	  -1.4503506e-04	  -1.2894598e-03	  -1.6166508e-04	  -6.7056987e-13	   7.1781073e+01	
  -1.2899435e-03	  -9.6248460e-05	   1.7629278e-03	   1.6648670e-04	  -1.3791324e-12	   7.1770913e+01	
  -1.3508275e-03	  -3.2473791e-05	  -1.0263916e-03	   1.4833196e-06	  -7.5225403e-13	   7.1789160e+01	
   4.2354287e-04	  -4.7698174e-05	  -1.3210339e-03	   2.0219547e-05	  -6.2497872e-13	   7.1791510e+01	
   1.5326702e-03	   1.7696321e-04	   1.7168201e-03	   1.8037633e-04	  -1.3126453e-12	   7.1772144e+01	
   1.3626156e-03	   1.8948102e-04	   4.5083797e-04	   4.4437625e-05	  -1.0182024e-12	   7.1773174e+01	
  -7.6976540e-04	  -7.6711801e-05	  -2.1957055e-03	  -1.8872962e-04	  -7.9214628e-13	   7.1787987e+01	
  -1.8354713e-03	  -1.3799350e-04	   1.2174225e-03	   1.2293834e-04	  -1.0637936e-12	   7.1782515e+01	
   4.0888407e-04	   6.3724367e-05	   1.9203830e-03	   2.5329038e-04	  -9.6121348e-13	   7.1781149e+01	
  -1.5246221e-03	  -1.1083461e-04	  -1.6158986e-03	  -8.0265675e-05	  -7.7504960e-13	   7.1790555e+01	
  -1.8991201e-03	  -2.0223305e-04	   1.2477213e-03	   1.7047873e-04	  -1.3297420e-12	   7.1773137e+01	
  -9.8504611e-04	  -8.6890291e-05	   5.3330908e-04	   5.4360532e-05	  -6.4967393e-13	   7.1775967e+01	
  -1.7977265e-03	  -1.8043358e-04	   1.2374189e-03	   1.4607448e-04	  -1.4076268e-12	   7.1769001e+01	
  -2.2758395e-03	  -2.3016895e-04	   4.9924182e-04	   6.4362194e-05	  -1.2423590e-12	   7.1775789e+01	
  -4.5804365e-04	  -7.9276336e-05	   1.6643673e-03	   2.9700989e-04	  -1.3981287e-12	   7.1765739e+01	
  -7.3584456e-05	  -2.9694692e-05	  -1.4260332e-03	  -1.8488271e-04	  -8.7003117e-13	   7.1776863e+01	
  -1.8002022e-03	  -2.0847003e-04	   1.0252533e-03	   1.3323031e-04	  -5.4899346e-13	   7.1788121e+01	
  -2.2533263e-03	  -1.9577641e-04	  -6.4190199e-04	  -3.9791251e-05	  -1.2195633e-12	   7.1778595e+01	
  -9.2171567e-04	  -1.4408944e-04	  -4.4103490e-04	  -6.0528516e-05	  -1.3981287e-12	   7.1757049e+01	
   4.4724151e-06	   2.8945737e-05	   2.3598198e-03	   2.9090198e-04	  -1.1644740e-12	   7.1781364e+01	
  -4.7374456e-04	  -7.1469263e-05	  -2.3494649e-03	  -1.9914958e-04	  -1.4513184e-12	   7.1772892e+01	
   1.4223435e-03	   8.5683986e-05	   1.5477657e-03	   5.2698172e-05	  -1.0865891e-12	   7.1785613e+01	
  -2.2920058e-03	  -2.5654199e-04	   1.4739345e-04	   3.2139714e-05	  -1.1929685e-12	   7.1776937e+01	
   1.6252828e-03	   1.0531938e-04	  -1.6700204e-03	  -1.5508817e-04	  -1.4475191e-12	   7.1773160e+01	
   1.1629809e-03	   1.4613534e-04	  -4.5178370e-04	  -7.5488558e-05	  -1.2708534e-12	   7.1764052e+01	
  -1.2775863e-03	  -1.2016719e-04	  -1.9297464e-03	  -1.4794757e-04	  -1.3126453e-12	   7.1776587e+01	
   4.0866637e-04	   1.4986089e-05	  -2.2424421e-03	  -2.1951186e-04	  -1.1074851e-12	   7.1782171e+01	
  -3.2487354e-04	  -8.0368159e-05	  -2.2429198e-03	  -2.7407481e-04	  -7.8644739e-13	   7.1789078e+01	
  -1.5246519e-03	  -9.3586522e-05	  -1.5028174e-03	  -6.8975153e-05	  -9.3461864e-13	   7.1788950e+01	
   5.4998023e-04	   1.7724814e-05	  -2.1420749e-03	  -1.8172781e-04	  -6.4207541e-13	   7.1791086e+01	
  -5.2029854e-04	  -2.6228328e-05	   8.2723799e-04	   5.3349247e-05	  -5.3759569e-13	   7.1778080e+01	
  -1.9152028e-03	  -1.1417032e-04	  -8.9291578e-04	  -2.7638932e-05	  -5.1859936e-13	   7.1794072e+01	
  -1.9422528e-03	  -2.7961530e-04	  -4.6781549e-04	  -2.4582336e-05	  -1.1074851e-12	   7.1779656e+01	
  -9.6479396e-04	  -1.0286229e-04	   7.1438963e-04	   7.8278744e-05	  -1.0220016e-12	   7.1771524e+01	
  -2.1926984e-03	  -1.4713899e-04	   1.1632042e-03	   7.9035669e-05	  -1.4361213e-12	   7.1775473e+01	
   2.4280735e-03	   2.3504576e-04	  -3.7421824e-04	  -6.0184694e-05	  -1.2252622e-12	   7.1780171e+01	
  -1.2941910e-03	  -2.2740757e-04	  -1.5246229e-03	  -1.9683555e-04	  -1.2423590e-12	   7.1776714e+01	
   1.4414608e-03	   1.0527402e-04	   1.7099781e-03	   9.1778622e-05	  -1.0352991e-12	   7.1787226e+01	
  -6.1600695e-04	  -1.0822627e-04	  -1.2411019e-03	  -1.7391896e-04	  -1.2366601e-12	   7.1767216e+01	
  -4.5171401e-04	  -8.1422453e-05	  -1.3908613e-03	  -2.0594333e-04	  -1.3772327e-12	   7.1762864e+01	
  -4.9790333e-04	  -3.1494355e-05	   2.3955174e-03	   2.5239331e-04	  -1.1397788e-12	   7.1783089e+01	
  -7.9333613e-04	  -7.5670670e-05	   1.9462839e-03	   2.3285501e-04	  -9.2322085e-13	   7.1784619e+01	
  -1.6731887e-03	  -1.6228741e-04	  -1.4638761e-03	  -1.1929841e-04	  -7.3325771e-13	   7.1788868e+01	
  -2.0599371e-03	  -2.5728571e-04	   7.3585818e-04	   9.3967152e-05	  -8.4913523e-13	   7.1785157e+01	
   1.1898227e-03	   1.2529881e-04	  -1.8295868e-03	  -2.4872114e-04	  -1.2765523e-12	   7.1775436e+01	
   1.4923919e-03	   1.6857784e-04	   1.7599465e-03	   1.6019782e-04	  -1.0030054e-12	   7.1785993e+01	
   2.5559339e-04	   4.7393433e-05	   1.3064682e-03	   1.4874131e-04	  -1.1454777e-12	   7.1770577e+01	
   1.6430973e-03	   2.4234260e-04	   3.7429525e-04	   4.4439240e-05	  -1.2898497e-12	   7.1768935e+01	
   2.4046869e-03	   1.9785753e-04	  -3.5176014e-04	  -5.2099104e-05	  -1.2290615e-12	   7.1781447e+01	
  -1.4245362e-03	  -1.7131766e-04	   1.8421128e-03	   2.3130480e-04	  -1.0998866e-12	   7.1781351e+01	
   6.3593147e-04	   5.4455499e-05	  -1.1729235e-03	  -1.4277916e-04	  -8.1114260e-13	   7.1777773e+01	
  -1.0678531e-03	  -1.6610063e-04	  -9.8391374e-04	  -1.3062054e-04	  -1.4456195e-12	   7.1761200e+01	
   6.6785951e-04	   9.2241246e-05	   1.4161807e-03	   1.5918134e-04	  -8.8142896e-13	   7.1779850e+01	
  -1.9115739e-03	  -1.8967201e-04	  -1.5182144e-03	  -1.2600044e-04	  -1.2727531e-12	   7.1779491e+01	
   1.4096867e-03	   2.5063941e-04	   3.1872681e-04	  -2.3070477e-06	  -1.2727531e-12	   7.1772495e+01	
   1.7394812e-03	   1.9691935e-04	   7.4128399e-04	   5.1767141e-05	  -7.8644739e-13	   7.1786062e+01	
  -7.2155434e-04	  -9.3153202e-05	  -1.5252569e-03	  -1.4128240e-04	  -6.0978167e-13	   7.1785837e+01	
  -1.5374587e-03	  -1.5645700e-04	  -1.9068517e-03	  -1.6157853e-04	  -1.2708534e-12	   7.1780036e+01	
   7.9514397e-04	   8.5987903e-05	  -1.2374004e-03	  -1.6970708e-04	  -9.4981569e-13	   7.1777855e+01	
   1.4174793e-03	   2.0870242e-04	  -2.9744416e-04	  -1.0332889e-04	  -7.9404592e-13	   7.1783611e+01	
  -2.2368585e-04	  -4.1489338e-05	  -1.1312217e-03	  -1.5881398e-04	  -9.8400910e-13	   7.1773921e+01	
  -2.2590806e-03	  -2.3956478e-04	  -9.4017146e-04	  -7.6597857e-05	  -1.2214630e-12	   7.1781224e+01	
   5.5752737e-04	   9.8521877e-05	   5.8025798e-04	   7.4807734e-05	  -1.4741140e-12	   7.1758333e+01	
   1.5623558e-03	   1.2173406e-04	   1.7758502e-03	   1.0027378e-04	  -5.2429826e-13	   7.1798313e+01	
   6.8912697e-04	   8.8996111e-05	  -6.3137253e-04	  -1.0789027e-04	  -1.1663737e-12	   7.1768919e+01	
   2.4433612e-03	   3.0419648e-04	   4.9934509e-04	   2.7609532e-05	  -1.2404593e-12	   7.1781879e+01	
   1.2314396e-03	   2.1366890e-04	   7.4279467e-04	   6.4295074e-05	  -1.0239013e-12	   7.1779521e+01	
  -2.0148247e-03	  -1.6846038e-04	  -1.1556810e-03	  -6.1464946e-05	  -7.3895660e-13	   7.1793923e+01	
  -1.9679073e-03	  -1.6081966e-04	   1.2166551e-03	   1.1809338e-04	  -7.0856250e-13	   7.1792369e+01	
  -9.3018862e-04	  -1.0429878e-04	   9.4564507e-04	   1.2369837e-04	  -8.9092711e-13	   7.1777401e+01	
   2.2473320e-03	   1.5264030e-04	  -6.3265709e-04	  -7.5866369e-05	  -6.6677062e-13	   7.1795528e+01	
   1.1756270e-03	   1.0632235e-04	   2.0950076e-03	   1.5417820e-04	  -9.0612416e-13	   7.1792094e+01	
  -5.2739310e-04	  -8.6436002e-05	  -1.0891596e-03	  -1.3472467e-04	  -1.0409980e-12	   7.1773152e+01	
  -4.5245933e-04	  -3.2597661e-05	   2.5308965e-03	   2.8725757e-04	  -1.1682733e-12	   7.1785337e+01	
  -2.8937732e-04	  -4.6988159e-07	   1.6838561e-03	   2.4186261e-04	  -9.6691237e-13	   7.1783179e+01	
   1.2814447e-04	  -2.9864427e-06	  -1.2896569e-03	  -1.5222191e-04	  -6.6677062e-13	   7.1780051e+01	
   2.0750671e-03	   1.5190408e-04	  -1.2234172e-03	  -1.2237737e-04	  -8.9282675e-13	   7.1792818e+01	
   2.3705644e-03	   1.6998692e-04	   2.6553864e-04	  -1.6537089e-05	  -9.3651827e-13	   7.1793340e+01	
   2.1626081e-03	   1.9754717e-04	   1.2504198e-03	   8.7702302e-05	  -9.8970792e-13	   7.1791340e+01	
  -1.4977110e-03	  -1.8667443e-04	  -1.8649200e-03	  -2.0074598e-04	  -1.4304224e-12	   7.1772884e+01	
   2.3230336e-04	   4.7064902e-05	   2.3536150e-03	   2.8076323e-04	  -1.4323220e-12	   7.1773131e+01	
  -2.0931245e-03	  -2.8393870e-04	  -1.0000267e-03	  -1.2929975e-04	  -1.0618940e-12	   7.1782680e+01	
  -6.5507318e-04	  -1.1015008e-04	  -1.0667045e-03	  -1.4507654e-04	  -1.1644740e-12	   7.1770725e+01	
  -2.5502291e-03	  -2.4096632e-04	  -5.9015998e-04	  -2.6909097e-05	  -7.3515735e-13	   7.1797133e+01	
   2.1738852e-03	   1.1753115e-04	  -5.0328025e-04	  -5.9594370e-05	  -5.2809752e-13	   7.1798178e+01	
  -1.9508184e-03	  -1.5276033e-04	  -1.3746330e-03	  -7.9256914e-05	  -8.1114260e-13	   7.1794616e+01	
   1.9989587e-03	   2.7829381e-04	  -1.0091133e-03	  -1.8742674e-04	  -1.2765523e-12	   7.1779468e+01	
  -1.5705257e-03	  -2.2057728e-04	  -1.7714462e-03	  -1.9397637e-04	  -7.9214628e-13	   7.1791974e+01	
  -1.9481204e-03	  -1.3519297e-04	   1.1901034e-03	   9.8245462e-05	  -5.8888573e-13	   7.1795528e+01	
   1.1861879e-03	   1.0569452e-04	   2.0795043e-03	   1.3986221e-04	  -9.8210940e-13	   7.1792489e+01	
  -8.8721434e-04	  -5.1927994e-05	   2.1398122e-03	   1.5633070e-04	  -8.3773743e-13	   7.1793197e+01	
   2.5245530e-03	   2.6677914e-04	   5.1100931e-04	   2.7646246e-05	  -1.0542954e-12	   7.1789674e+01	
   7.3295457e-04	   2.1977669e-05	  -2.2537555e-03	  -1.7350646e-04	  -5.4899346e-13	   7.1799141e+01	
   1.3088908e-03	   8.9219774e-05	  -2.0214488e-03	  -1.9195632e-04	  -1.0751914e-12	   7.1788988e+01	
   2.0215126e-03	   1.6090993e-04	  -1.3775914e-03	  -1.5285634e-04	  -9.1752196e-13	   7.1793242e+01	
   1.4199901e-03	   1.9643202e-04	  -1.3402679e-04	  -5.3497736e-05	  -1.3183442e-12	   7.1768741e+01	
  -2.0009545e-03	  -1.6220534e-04	  -1.3240883e-03	  -8.5182287e-05	  -6.3067762e-13	   7.1797215e+01	
   1.6234463e-03	   2.0746045e-04	   1.5475540e-03	   1.8686177e-04	  -5.8698609e-13	   7.1793280e+01	
   1.3086238e-03	   1.7486109e-04	   1.4308373e-03	   1.8241792e-04	  -5.8318684e-13	   7.1790399e+01	
   9.5529770e-04	   1.4279435e-04	   2.1475352e-03	   2.8611452e-04	  -1.1948681e-12	   7.1782320e+01	
  -5.5753126e-04	  -4.2934325e-05	   6.1562499e-04	   9.5250812e-05	  -8.2064076e-13	   7.1778282e+01	
  -1.5148584e-03	  -1.9222457e-04	  -6.1349457e-04	  -6.6989490e-05	  -5.5279274e-13	   7.1786531e+01	
  -1.6248732e-03	  -2.7511244e-04	   2.7388184e-04	   5.4960588e-05	  -1.4076268e-12	   7.1767261e+01	
   1.5577500e-03	   1.6058743e-04	  -1.9231989e-03	  -2.4965667e-04	  -1.0637936e-12	   7.1788712e+01	
   1.3949548e-03	   1.3350960e-04	  -2.1298064e-03	  -2.4857028e-04	  -1.1720725e-12	   7.1786136e+01	
  -2.2353376e-03	  -3.1679774e-04	   4.8303040e-04	   9.4748722e-05	  -1.3563368e-12	   7.1776274e+01	
   2.3468139e-03	   2.7125173e-04	   8.2710678e-04	   6.3049648e-05	  -9.9920615e-13	   7.1790906e+01	
   2.0181859e-03	   1.8673789e-04	  -1.5743497e-03	  -1.8026636e-04	  -9.0422454e-13	   7.1793990e+01	
  -1.4355313e-03	  -1.7426370e-04	   1.7712253e-03	   2.5106859e-04	  -9.4031754e-13	   7.1789481e+01	
   3.6595728e-05	  -2.3005993e-05	  -2.4437246e-03	  -2.9339091e-04	  -9.4031754e-13	   7.1790966e+01	
   1.5703139e-03	   2.0887540e-04	   3.3832024e-05	  -6.3601491e-05	  -1.1758718e-12	   7.1779701e+01	
   2.0403104e-03	   2.4336470e-04	   1.2382340e-03	   1.1666246e-04	  -8.3393818e-13	   7.1792608e+01	
   1.1346199e-03	   1.5424980e-04	   2.0136292e-03	   2.3270129e-04	  -9.2891974e-13	   7.1790160e+01	
  -9.3504759e-04	  -1.0213669e-04	  -7.7646693e-04	   1.0678763e-07	  -9.5361495e-13	   7.1783239e+01	
   6.4889101e-04	   1.3065917e-04	   1.5986937e-03	   2.2251770e-04	  -8.3393818e-13	   7.1787995e+01	
  -5.4859164e-04	  -8.6933234e-05	  -2.4655689e-03	  -2.7599928e-04	  -6.7056987e-13	   7.1796706e+01	
   2.7136105e-04	   5.3125112e-05	   2.3195940e-03	   2.8884778e-04	  -8.0354408e-13	   7.1792765e+01	
  -8.2268554e-04	  -1.6798712e-04	  -1.8318150e-03	  -2.5666531e-04	  -1.0011058e-12	   7.1789144e+01	
  -8.3178776e-04	  -1.0038561e-04	   1.6261968e-03	   2.5282777e-04	  -1.1986674e-12	   7.1779171e+01	
   2.0311720e-03	   2.3918239e-04	  -7.8107094e-04	  -1.3284813e-04	  -5.2049900e-13	   7.1796327e+01	
   1.3027098e-03	   1.3712422e-04	  -1.9672206e-03	  -2.4713263e-04	  -6.8956620e-13	   7.1794624e+01	
   1.3095836e-04	   3.1487466e-05	   5.0053036e-04	   5.3206638e-05	  -5.9078536e-13	   7.1779625e+01	
  -5.3244001e-04	  -6.3426499e-05	   1.3530250e-03	   1.7505337e-04	  -8.4913523e-13	   7.1781224e+01	
   7.9347891e-04	   1.1636836e-04	   1.1376596e-03	   5.4654968e-05	  -1.4779132e-12	   7.1771279e+01	
   1.0894461e-03	   1.3178603e-04	   9.0931433e-04	   2.7946962e-05	  -1.1188829e-12	   7.1781237e+01	
  -1.6256816e-03	  -2.4628225e-04	   7.0649626e-04	   1.3923302e-04	  -1.3221434e-12	   7.1774624e+01	
   1.3227761e-03	   1.5589082e-04	  -4.2434236e-04	  -8.4208465e-05	  -7.1616103e-13	   7.1784335e+01	
  -5.2388492e-04	  -1.2469468e-04	  -1.7563215e-03	  -2.4286312e-04	  -1.0239013e-12	   7.1786494e+01	
   5.2677752e-04	   9.0040298e-05	   2.2627243e-03	   2.9540246e-04	  -7.9784518e-13	   7.1794274e+01	
  -4.1609141e-04	  -6.2633915e-05	   7.2075898e-04	   1.2045070e-04	  -1.3563368e-12	   7.1765932e+01	
  -1.5733058e-04	  -4.8904015e-05	  -2.3791234e-03	  -3.1611757e-04	  -8.1874113e-13	   7.1794250e+01	
   1.7248871e-03	   3.1734579e-04	  -9.1905896e-06	  -5.0465797e-05	  -1.3867309e-12	   7.1776184e+01	
   2.1636105e-03	   3.1968504e-04	   2.2249950e-04	  -4.7969836e-06	  -9.8020979e-13	   7.1791144e+01	
   2.1009620e-03	   2.9726057e-04	  -7.3784699e-04	  -1.4454052e-04	  -9.6691237e-13	   7.1791990e+01	
   1.1493422e-03	   1.1869982e-04	  -1.7666213e-03	  -2.6337252e-04	  -9.4411679e-13	   7.1790667e+01	
   1.7505451e-03	   2.7884113e-04	   1.2289975e-03	   1.5561015e-04	  -1.1074851e-12	   7.1787412e+01	
   4.7128809e-04	   6.7039468e-05	   5.9648189e-06	  -1.9872100e-05	  -1.2556563e-12	   7.1767351e+01	
   1.4057980e-03	   2.3664709e-04	   1.6204342e-03	   2.2247817e-04	  -9.0232491e-13	   7.1793011e+01	
   1.6854253e-03	   2.5763044e-04	   7.8424426e-04	   9.3721102e-05	  -9.7451087e-13	   7.1786553e+01	
   3.7521267e-04	   7.1439240e-05	   1.7395204e-03	   2.4286501e-04	  -1.2290615e-12	   7.1777969e+01	
   6.8152678e-04	   7.9439504e-05	  -1.7525697e-03	  -2.7350025e-04	  -1.2366601e-12	   7.1778566e+01	
   2.0020496e-05	   2.8646030e-05	   2.4057233e-03	   3.0590061e-04	  -8.8142896e-13	   7.1795789e+01	
  -2.0011611e-03	  -2.6730386e-04	   1.3619099e-03	   2.0946609e-04	  -1.3335413e-12	   7.1781664e+01	
   4.2435636e-04	   9.3968607e-05	   1.6127665e-03	   1.8180063e-04	  -5.8318684e-13	   7.1791929e+01	
  -8.8097269e-04	  -8.0567673e-05	   1.0334401e-03	   1.7595792e-04	  -1.0675928e-12	   7.1781439e+01	
   2.0034679e-03	   2.7423956e-04	   2.8262807e-04	  -1.4976493e-05	  -6.5157357e-13	   7.1796125e+01	
  -1.2634102e-03	  -1.8546521e-04	  -1.8563502e-03	  -2.2918895e-04	  -9.0612416e-13	   7.1791407e+01	
  -1.7905440e-03	  -2.8325785e-04	  -4.7587072e-04	  -3.3924741e-05	  -7.3135808e-13	   7.1792027e+01	
  -3.6406378e-04	  -9.2646621e-05	  -1.9323674e-03	  -2.7545946e-04	  -7.0476325e-13	   7.1793520e+01	
  -1.3917864e-03	  -1.8186713e-04	  -1.3004136e-03	  -1.4223401e-04	  -6.2497872e-13	   7.1791900e+01	
   9.1370215e-04	   1.9179118e-04	   1.5163898e-03	   2.2495112e-04	  -1.4684150e-12	   7.1774041e+01	
   1.4677564e-03	   1.5621127e-04	  -1.7886159e-03	  -2.3465017e-04	  -6.6677062e-13	   7.1796603e+01	
  -1.1045193e-03	  -1.5966481e-04	   7.8971306e-04	   1.0989691e-04	  -8.4153671e-13	   7.1781476e+01	
   3.8679649e-04	   5.6953514e-05	   2.4741934e-03	   2.6829011e-04	  -7.5605329e-13	   7.1797752e+01	
   1.9065118e-03	   2.5783015e-04	  -1.0204866e-03	  -1.9507642e-04	  -1.0390984e-12	   7.1791497e+01	
  -1.5082414e-03	  -1.3476730e-04	   2.2106954e-03	   2.2971170e-04	  -7.5605329e-13	   7.1801860e+01	
  -1.0321000e-03	  -1.8089031e-04	  -1.5812501e-03	  -2.1081345e-04	  -1.3012475e-12	   7.1778319e+01	
   8.2897765e-04	   1.2342402e-04	   2.3670058e-03	   3.0887089e-04	  -1.3221434e-12	   7.1783463e+01	
   8.4964109e-04	   1.2966113e-04	   1.9754921e-03	   2.7040098e-04	  -9.8970792e-13	   7.1789943e+01	
  -1.9262754e-03	  -2.2778500e-04	   1.1121952e-03	   1.4547960e-04	  -6.0978167e-13	   7.1795953e+01	
   2.6506812e-04	   2.2380655e-05	  -8.7886644e-04	  -2.1093052e-04	  -1.1435780e-12	   7.1780558e+01	
   1.4540660e-03	   1.6754454e-04	   4.9251805e-04	  -1.0406636e-05	  -8.1684149e-13	   7.1788749e+01	
  -8.2760806e-04	  -4.6656988e-05	   1.1060864e-03	   1.1693649e-04	  -1.0144032e-12	   7.1783335e+01	
  -2.5807073e-03	  -2.8151703e-04	  -9.3116080e-04	  -8.1754234e-05	  -1.1169833e-12	   7.1794468e+01	
  -3.7031899e-04	  -9.0259358e-05	  -2.1951805e-03	  -2.8928919e-04	  -6.9906435e-13	   7.1797380e+01	
   7.6675435e-04	   7.3366823e-05	  -2.3426111e-03	  -3.0712416e-04	  -1.1302807e-12	   7.1789526e+01	
  -2.0382524e-03	  -2.2290596e-04	   1.4712866e-03	   1.7698751e-04	  -7.7884887e-13	   7.1797812e+01	
   5.8222586e-04	   7.5722705e-05	  -4.4525081e-04	  -1.1853221e-04	  -1.4076268e-12	   7.1768770e+01	
   1.1975337e-03	   1.9315623e-04	   1.4119252e-03	   1.6886468e-04	  -6.4207541e-13	   7.1794475e+01	
  -1.1949322e-03	  -1.7384732e-04	  -8.8098889e-04	  -1.0217033e-04	  -8.7762970e-13	   7.1784128e+01	
  -5.6306793e-04	  -7.3355868e-05	   1.8858684e-03	   2.6812792e-04	  -7.6365181e-13	   7.1791945e+01	
  -1.4369131e-03	  -1.9058665e-04	   8.6067187e-04	   1.4996276e-04	  -7.1426140e-13	   7.1790645e+01	
   1.4529761e-03	   1.7804991e-04	   5.2126969e-04	  -3.2134983e-06	  -8.5673376e-13	   7.1788770e+01	
  -2.4104675e-03	  -3.0204324e-04	  -1.2686611e-04	   1.1118668e-05	  -9.0612416e-13	   7.1795460e+01	
   1.1906297e-03	   1.4349943e-04	   2.3090716e-03	   2.4168715e-04	  -6.0408278e-13	   7.1802905e+01	
  -7.7049176e-04	  -1.3371170e-04	  -2.0520172e-03	  -2.5968734e-04	  -8.4343633e-13	   7.1794475e+01	
   6.8223086e-04	   1.2176698e-04	   1.0942452e-03	   1.6940419e-04	  -1.0732917e-12	   7.1780587e+01	
  -2.4714602e-03	  -2.4936343e-04	   9.3451003e-04	   1.1301138e-04	  -7.4085624e-13	   7.1802075e+01	
   1.1948273e-04	   4.6047024e-05	   1.8328275e-03	   2.1814216e-04	  -6.9146582e-13	   7.1793640e+01	
   6.1853987e-04	   1.0689553e-04	   1.4322507e-03	   1.7661037e-04	  -7.0476325e-13	   7.1789510e+01	
  -1.2036067e-03	  -2.4829722e-04	   6.7875478e-05	   5.3510031e-05	  -1.3734335e-12	   7.1775123e+01	
  -5.9629447e-04	  -1.1043769e-04	  -1.1363048e-03	  -1.5678534e-04	  -7.4845476e-13	   7.1785187e+01	
   2.1223481e-04	   4.9178073e-05	   1.5368455e-03	   2.1779699e-04	  -1.1283810e-12	   7.1781030e+01	
  -3.2209678e-04	  -3.1311919e-05	   2.8387622e-03	   2.0694595e-04	  -5.2809752e-13	   7.1810199e+01	
   1.3545156e-04	  -2.0493890e-05	  -2.1743442e-03	  -2.7928324e-04	  -5.8888573e-13	   7.1799067e+01	
   1.2817395e-03	   2.2569675e-04	  -9.9588126e-06	  -3.8706249e-05	  -1.4152254e-12	   7.1771935e+01	
  -1.2131935e-03	  -2.0883604e-04	  -2.9002389e-04	  -3.3161702e-05	  -1.0049050e-12	   7.1782022e+01	
  -2.3152437e-03	  -2.8807706e-04	   9.1523299e-04	   1.2468139e-04	  -8.3013891e-13	   7.1797268e+01	
   1.5159068e-03	   2.5060396e-04	  -6.9114303e-04	  -1.5845526e-04	  -1.1397788e-12	   7.1784807e+01	
  -1.8680515e-03	  -2.6028040e-04	   9.0104843e-04	   1.6720846e-04	  -5.9268499e-13	   7.1800523e+01	
   1.4931682e-03	   1.5463053e-04	  -2.3489338e-03	  -2.7559954e-04	  -1.2366601e-12	   7.1792884e+01	
  -2.1591938e-03	  -3.4543358e-04	  -6.1695726e-04	  -9.0408658e-05	  -1.1682733e-12	   7.1787038e+01	
   8.2307642e-04	   1.3534688e-04	   1.5196803e-03	   1.8004401e-04	  -1.1264814e-12	   7.1784889e+01	
   3.2923487e-04	   1.1142990e-05	  -1.9820574e-03	  -2.6790847e-04	  -7.4085624e-13	   7.1794924e+01	
  -6.2719608e-04	  -4.5461774e-05	   1.4333355e-03	   2.1217777e-04	  -5.5659199e-13	   7.1794616e+01	
   1.3651162e-03	   2.0410400e-04	   1.5112352e-03	   2.0070197e-04	  -7.6555145e-13	   7.1794788e+01	
   1.0182181e-03	   1.6833977e-04	   1.3422587e-03	   1.8098002e-04	  -7.0666287e-13	   7.1792003e+01	
  -2.9301868e-04	   1.5475410e-05	   1.2354909e-03	   1.6853561e-04	  -7.6745108e-13	   7.1788443e+01	
  -2.1528969e-03	  -2.7904984e-04	  -1.1264528e-03	  -1.1829782e-04	  -7.0476325e-13	   7.1799597e+01	
   1.4236287e-03	   2.0632426e-04	   1.6865958e-03	   1.9572841e-04	  -7.6365181e-13	   7.1798433e+01	
   2.4875662e-03	   2.9072397e-04	  -7.1495795e-05	  -4.7387572e-05	  -6.8956620e-13	   7.1802963e+01	
  -1.6797081e-03	  -2.0310181e-04	  -2.1299176e-03	  -2.2385020e-04	  -5.4139494e-13	   7.1807181e+01	
   6.4607022e-04	   9.3759807e-05	  -8.6607208e-04	  -1.7987149e-04	  -7.5605329e-13	   7.1787786e+01	
   3.0442393e-03	   2.4448529e-04	   2.6571183e-04	   8.8840035e-06	  -1.1720725e-12	   7.1803239e+01	
  -1.2474536e-03	  -9.1772051e-05	   3.2263013e-04	   4.3287049e-05	  -1.3221434e-12	   7.1775736e+01	
  -5.9299367e-04	  -1.6590904e-04	  -5.0496822e-04	  -1.0164400e-04	  -1.4133257e-12	   7.1772898e+01	
   7.7382413e-04	   3.1558588e-05	  -1.2950319e-03	  -1.5926726e-04	  -5.6039126e-13	   7.1794035e+01	
   7.5619315e-04	   1.5048431e-04	   6.5773035e-04	   7.3548353e-05	  -1.4133257e-12	   7.1772047e+01	
  -2.0713921e-05	  -4.7508494e-05	  -1.6530049e-03	  -2.2783570e-04	  -1.2233626e-12	   7.1782521e+01	
  -5.9380925e-04	  -1.0884758e-04	  -1.6028804e-03	  -1.8174942e-04	  -6.9526509e-13	   7.1793616e+01	
  -3.0984684e-03	  -2.3596658e-04	   2.6627552e-04	   2.0895253e-05	  -1.2214630e-12	   7.1802412e+01	
   2.3965231e-03	   3.3056344e-04	   5.1865759e-04	   5.1429493e-05	  -9.2322085e-13	   7.1798149e+01	
   1.5444523e-04	   2.1942181e-05	   2.7801920e-03	   3.1998597e-04	  -9.0992344e-13	   7.1803300e+01	
   1.5686985e-03	   2.7723775e-04	  -5.3165416e-05	  -2.4362528e-05	  -1.1416784e-12	   7.1783560e+01	
  -4.0289673e-04	  -4.4371865e-05	   3.7803011e-04	   6.1989672e-05	  -1.1815708e-12	   7.1773593e+01	
  -1.2019026e-03	  -2.0848813e-04	   6.2905463e-04	   1.1108586e-04	  -1.1093847e-12	   7.1781529e+01	
   4.2709918e-04	   1.0323846e-04	   1.4583824e-03	   1.9628588e-04	  -1.4228239e-12	   7.1776481e+01	
   1.0939230e-03	   2.0425941e-04	   1.4097847e-03	   2.0509117e-04	  -1.4095265e-12	   7.1779372e+01	
  -5.2718530e-04	  -2.0938961e-05	   1.3170360e-04	   3.8742911e-05	  -5.5089310e-13	   7.1786927e+01	
   5.8085085e-04	   5.5577041e-05	  -1.6056911e-04	  -6.4866813e-05	  -7.3135808e-13	   7.1784613e+01	
  -8.8656905e-04	  -1.2277461e-04	  -2.5681646e-03	  -2.9491074e-04	  -7.8074850e-13	   7.1805361e+01	
  -1.8196400e-03	  -2.5538886e-04	   3.7508803e-04	   8.1027150e-05	  -7.5795293e-13	   7.1796335e+01	
   5.0993314e-06	  -1.6745508e-05	  -7.2632027e-04	  -7.0476056e-05	  -8.4343633e-13	   7.1782985e+01	
  -4.7886963e-04	  -1.2713405e-04	  -9.8718537e-04	  -6.8458698e-05	  -9.3081938e-13	   7.1790489e+01	
   5.3730940e-04	   6.3024071e-05	   3.6832611e-04	   2.8500742e-05	  -9.8780832e-13	   7.1780349e+01	
  -1.5448610e-03	  -2.1491734e-04	  -2.1565121e-05	   2.8945230e-05	  -1.2024666e-12	   7.1783179e+01	
   8.8437197e-04	   2.3890745e-04	  -7.4934342e-06	  -8.3535876e-05	  -8.4723560e-13	   7.1797260e+01	
  -1.1291746e-03	  -1.5307791e-04	   1.2115140e-03	   1.9132546e-04	  -1.1055855e-12	   7.1787195e+01	
   4.3172118e-04	   7.2916805e-05	   1.8043341e-03	   3.2607332e-04	  -1.2917493e-12	   7.1784059e+01	
   3.2900197e-04	   2.3140274e-05	   3.7204976e-04	  -2.1857986e-05	  -7.0856250e-13	   7.1787032e+01	
   5.4598027e-04	  -5.3834098e-06	  -5.3737366e-04	  -1.8592941e-04	  -5.1859936e-13	   7.1802247e+01	
   9.9494678e-04	   5.2467562e-05	   2.9593046e-03	   1.6768465e-04	  -9.8210940e-13	   7.1815477e+01	
   1.2322177e-03	   2.0759244e-04	   1.1743492e-03	   1.3383151e-04	  -7.7694923e-13	   7.1797574e+01	
   7.5119299e-04	   6.6277719e-05	  -1.4133272e-03	  -2.2009096e-04	  -9.3651827e-13	   7.1792176e+01	
  -8.2829062e-05	  -1.0964912e-05	  -5.9941468e-04	  -3.2352703e-05	  -8.6053301e-13	   7.1783836e+01	
  -9.6281211e-04	  -1.3584784e-04	  -1.1608255e-03	  -1.1671029e-04	  -7.1426140e-13	   7.1792959e+01	
   1.1584550e-03	   1.7384060e-04	   1.1030772e-03	   1.1604071e-04	  -8.0924297e-13	   7.1794131e+01	
   2.0571083e-03	   3.8868408e-04	  -5.8214372e-04	  -1.4853690e-04	  -7.8264813e-13	   7.1803390e+01	
   1.3177415e-03	   1.9410267e-04	   6.7906993e-04	   4.7586936e-05	  -9.7451087e-13	   7.1791362e+01	
   5.2828879e-04	   6.1777103e-05	  -2.2250511e-03	  -4.3843046e-04	  -1.0504961e-12	   7.1799873e+01	
  -6.4395855e-04	  -4.7673276e-05	   1.0306083e-03	   1.2351910e-04	  -1.3715338e-12	   7.1777139e+01	
   1.4039118e-03	   1.8118438e-04	  -4.7939153e-04	  -1.1318055e-04	  -1.1929685e-12	   7.1785874e+01	
  -1.2470893e-03	  -1.4917176e-04	   5.3462992e-04	   8.8295679e-05	  -1.0960873e-12	   7.1785672e+01	
   1.0916603e-03	   8.7755313e-05	  -4.5806413e-04	  -1.2658754e-04	  -8.2444002e-13	   7.1793878e+01	
   3.8349119e-04	   3.7122277e-05	   8.6154784e-04	   7.8371316e-05	  -7.6555145e-13	   7.1787144e+01	
  -9.6739407e-04	  -1.1467152e-04	  -5.9517370e-04	  -9.3804153e-06	  -6.8006803e-13	   7.1793117e+01	
  -1.1285222e-03	  -1.6880869e-04	  -1.7055339e-03	  -2.2537661e-04	  -5.4329457e-13	   7.1801777e+01	
  -4.3217591e-04	  -8.1230025e-05	  -7.4139742e-04	   1.1411780e-05	  -1.3126453e-12	   7.1784097e+01	
   1.8210982e-03	   2.5057314e-04	  -5.7377135e-04	  -1.1448090e-04	  -6.1358094e-13	   7.1801500e+01	
   7.5340805e-06	  -2.6070157e-05	  -3.0325625e-04	   4.4788659e-06	  -5.2429826e-13	   7.1790017e+01	
   6.7444344e-04	   8.0612330e-05	   6.8661349e-04	  -8.7489824e-06	  -1.1454777e-12	   7.1787091e+01	
  -2.1987715e-04	   4.9649202e-05	   7.0774453e-04	   2.5545888e-05	  -5.6039126e-13	   7.1795364e+01	
  -1.3059857e-03	  -1.5668050e-04	  -1.3930019e-05	   2.5043105e-05	  -1.0258009e-12	   7.1787285e+01	
  -4.9007884e-04	   7.1208385e-06	   5.3441095e-04	   1.7614362e-04	  -7.7125034e-13	   7.1800611e+01	
   1.5667290e-03	   2.0770817e-04	  -2.6003271e-04	  -7.7770552e-05	  -7.8264813e-13	   7.1795871e+01	
   4.7191774e-04	  -2.2319769e-05	  -8.8710202e-04	  -8.9804084e-05	  -7.7884887e-13	   7.1792191e+01	
   7.8309213e-04	   1.0581306e-04	   1.1242937e-03	   1.4348222e-04	  -6.1358094e-13	   7.1793056e+01	
  -1.1745023e-04	  -5.1995824e-05	  -1.3466284e-03	  -1.6209790e-04	  -1.0352991e-12	   7.1788046e+01	
  -2.5965524e-04	   8.9643352e-06	   2.1888208e-04	  -1.0712446e-05	  -1.3506379e-12	   7.1773749e+01	
   1.7041968e-04	   4.2913979e-05	   1.0996732e-03	   7.8688810e-05	  -5.5849163e-13	   7.1794370e+01	
   5.8250587e-05	   3.1623956e-06	  -1.4868649e-04	  -1.0076068e-05	  -6.7246951e-13	   7.1782096e+01	
  -1.0674825e-03	  -1.4434349e-04	   1.2191555e-03	   1.7540480e-04	  -5.9838389e-13	   7.1798170e+01	
   1.1196439e-03	   1.4401380e-04	  -3.0432602e-04	  -5.2473878e-05	  -9.5931384e-13	   7.1786725e+01	
   2.1485030e-05	  -9.0395338e-05	  -1.0021947e-03	  -1.2257346e-04	  -1.0770910e-12	   7.1791749e+01	
  -1.5023536e-03	  -2.6087019e-04	   1.6349972e-04	   5.6379552e-05	  -1.4171250e-12	   7.1780343e+01	
  -1.1991225e-03	  -2.5710305e-04	   3.6517637e-04	   1.5118710e-04	  -1.0618940e-12	   7.1796775e+01	
   3.1700201e-04	   3.2936567e-05	  -2.7039807e-04	  -3.6927752e-05	  -1.3031472e-12	   7.1774847e+01	
  -2.7663972e-05	   2.0580529e-05	   1.3159090e-03	   1.5975558e-04	  -1.1530763e-12	   7.1785882e+01	
  -1.0480643e-04	  -7.5870004e-06	  -1.9178161e-04	  -4.5981071e-06	  -1.0979869e-12	   7.1779834e+01	
  -1.4329354e-03	  -1.9665374e-04	  -2.1987507e-03	  -2.7154301e-04	  -5.8128720e-13	   7.1811048e+01	
   1.5669008e-03	   3.1241441e-04	  -5.2751613e-04	  -1.5646979e-04	  -1.0030054e-12	   7.1799351e+01	
  -6.5594586e-04	  -1.0164441e-04	  -2.5573860e-03	  -3.3825822e-04	  -7.4275587e-13	   7.1808990e+01	
  -6.6341544e-04	  -1.2446766e-04	  -1.5160361e-03	  -1.9085132e-04	  -6.4017577e-13	   7.1799566e+01	
   2.1075182e-03	   3.5144701e-04	   9.1955060e-05	  -1.8657350e-05	  -1.2860504e-12	   7.1793117e+01	
  -1.1958007e-03	  -1.9915545e-04	   1.5560978e-04	   4.6897295e-05	  -1.1891692e-12	   7.1786927e+01	
   1.6177248e-03	   2.3527462e-04	   3.8090544e-04	   3.6140356e-05	  -5.3949531e-13	   7.1802091e+01	
   1.0663361e-03	   1.3274536e-04	  -4.2778166e-04	  -9.4967526e-05	  -1.0922881e-12	   7.1789152e+01	
  -2.7142611e-03	  -3.5176958e-04	  -4.1100418e-04	  -3.8954990e-05	  -7.5225403e-13	   7.1812714e+01	
  -8.7340752e-04	  -1.4602803e-04	  -9.9991841e-04	  -1.4110858e-04	  -8.9852564e-13	   7.1792542e+01	
  -7.8393551e-04	  -1.2140037e-04	  -1.1512194e-03	  -1.5415827e-04	  -5.7178904e-13	   7.1798812e+01	
  -1.1512012e-03	  -2.1857447e-04	  -3.7206710e-05	   6.7414523e-06	  -1.4551177e-12	   7.1780730e+01	
  -1.2710374e-03	  -1.0001542e-04	   2.9839946e-03	   2.2596921e-04	  -8.1874113e-13	   7.1824316e+01	
  -9.7585636e-05	  -5.4684947e-06	  -9.4297906e-05	  -1.0326348e-05	   0.0000000e+00	   7.1790473e+01	
  -1.8568009e-03	  -2.3405456e-04	   1.0680998e-03	   1.7516497e-04	   3.7042812e-13	   7.1484439e+01	
  -2.4624422e-03	  -3.5094370e-04	  -8.7708981e-06	   2.5262261e-05	   2.2605614e-13	   7.1489619e+01	
   1.8307986e-03	   2.8156537e-04	   1.0978144e-03	   1.0235034e-04	   2.0895945e-13	   7.1486208e+01	
  -3.8569708e-05	   3.4084441e-05	   2.0723983e-03	   2.7370473e-04	  -1.8236461e-13	   7.1486834e+01	
  -5.3766443e-04	  -1.2287452e-04	  -2.0607852e-03	  -3.3852938e-04	  -4.6161043e-13	   7.1488171e+01	
   1.5890399e-03	   2.5706154e-04	   1.5817907e-03	   1.8236801e-04	  -1.5766941e-13	   7.1486245e+01	
   1.1401521e-03	   1.3943636e-04	  -1.1391514e-03	  -1.9283379e-04	   3.7992628e-14	   7.1485820e+01	
  -1.6426278e-03	  -1.9253323e-04	   1.7467780e-03	   2.4324039e-04	  -3.4573291e-13	   7.1486274e+01	
   1.5658680e-03	   2.4607476e-04	  -5.4857803e-04	  -1.3460610e-04	   1.0637936e-13	   7.1483826e+01	
   1.8780533e-03	   3.0461089e-04	  -4.5522453e-04	  -1.1714013e-04	   1.2347603e-13	   7.1485468e+01	
  -2.5512900e-03	  -3.0256402e-04	  -9.2543495e-04	  -9.6896411e-05	   4.4261411e-13	   7.1483155e+01	
   2.0042236e-04	   6.6207739e-05	   1.9952632e-03	   2.9983517e-04	  -1.8426424e-13	   7.1485969e+01	
   1.3831151e-03	   2.0414423e-04	   2.1893532e-03	   2.6495839e-04	   2.1655798e-13	   7.1488799e+01	
   2.3963275e-05	   4.6962322e-05	   2.0610319e-03	   3.3459772e-04	  -4.9390416e-13	   7.1487200e+01	
   7.5009835e-04	   1.1718804e-04	   2.5756694e-03	   3.2868519e-04	   2.6594839e-13	   7.1485924e+01	
   1.8069278e-03	   2.5893740e-04	  -1.8639235e-03	  -3.0968291e-04	  -3.5713070e-13	   7.1492457e+01	
   2.4189547e-03	   2.2223468e-04	  -1.0969812e-03	  -1.4153485e-04	   4.4831301e-13	   7.1484147e+01	
  -1.4090750e-03	  -1.8695324e-04	   1.2029778e-03	   2.0734233e-04	   3.0394102e-14	   7.1481004e+01	
  -9.2872592e-04	  -2.0037416e-04	   1.9761892e-04	   6.1006989e-05	   1.5007088e-13	   7.1489322e+01	
   1.7014491e-03	   2.7448176e-04	   1.9658176e-03	   2.6469145e-04	  -3.0963992e-13	   7.1490680e+01	
   2.0884798e-03	   2.7801747e-04	  -1.8811061e-03	  -2.8850022e-04	  -8.3583781e-14	   7.1494457e+01	
   2.8889653e-04	   8.9609161e-05	   1.8000433e-03	   2.5610213e-04	  -2.4885172e-13	   7.1482759e+01	
   1.5455436e-03	   2.7562650e-04	   7.7556285e-04	   7.6134738e-05	  -4.6540968e-13	   7.1485744e+01	
  -1.2028608e-03	  -1.8542803e-04	  -7.7287247e-04	  -7.0762190e-05	  -1.3107456e-13	   7.1476479e+01	
  -1.3599589e-03	  -2.5070519e-04	  -2.3734709e-04	  -6.5297895e-06	  -4.0462148e-13	   7.1480526e+01	
  -7.9383607e-04	  -1.7232874e-04	   4.7760742e-04	   1.2729822e-04	  -4.9390416e-13	   7.1487126e+01	
   2.5292922e-03	   3.4764844e-04	   3.7928077e-04	   9.8520224e-06	  -4.0082223e-13	   7.1488239e+01	
  -1.8576645e-03	  -2.0134921e-04	  -1.4869061e-03	  -1.4431613e-04	   4.1981853e-13	   7.1484826e+01	
  -1.7518322e-03	  -2.6042956e-04	   2.1013765e-03	   3.1365545e-04	  -1.2157641e-13	   7.1495293e+01	
   1.2057822e-03	   1.9947161e-04	   2.3176786e-03	   3.4500560e-04	  -3.3433512e-13	   7.1492845e+01	
   2.0945079e-03	   2.0089603e-04	  -1.2608031e-03	  -1.6498292e-04	   3.2483697e-13	   7.1486133e+01	
   2.3170409e-03	   2.6207788e-04	  -1.3778493e-03	  -1.9571722e-04	  -3.3623475e-13	   7.1488799e+01	
   1.0927420e-03	   1.7738332e-04	   3.3642432e-04	   3.8049338e-05	   4.3121633e-13	   7.1478205e+01	
   3.8049122e-04	   5.4512990e-05	  -9.3596404e-04	  -1.4545252e-04	   3.9892259e-14	   7.1486118e+01	
  -2.6352301e-03	  -2.7421185e-04	  -6.5620048e-04	  -6.0908081e-05	  -4.9010490e-13	   7.1493950e+01	
  -5.3705594e-04	   1.0764234e-05	   4.0811839e-04	   3.7368163e-05	   5.1290047e-14	   7.1479197e+01	
  -1.5835612e-04	  -5.5002541e-05	  -8.3398093e-05	  -8.9970832e-07	   1.1587751e-13	   7.1486507e+01	
   1.2964485e-03	   1.2408868e-04	  -2.0767595e-03	  -2.4643288e-04	  -2.4695208e-13	   7.1487545e+01	
  -8.9101205e-04	  -1.4812933e-04	   1.1877920e-03	   2.1962586e-04	   3.0394102e-14	   7.1483221e+01	
   4.1533929e-05	  -3.0909487e-06	  -6.9661883e-04	  -1.0589625e-04	   2.0705982e-13	   7.1481654e+01	
  -9.4979132e-04	  -1.6203856e-04	   1.4585699e-04	   3.8027877e-05	   2.0326056e-13	   7.1481407e+01	
   1.1041307e-03	   1.4801156e-04	  -8.6528753e-04	  -1.1386641e-04	  -2.5645024e-13	   7.1478279e+01	
   1.4943228e-03	   2.5080966e-04	   1.6678460e-04	   2.7208088e-05	   1.2727531e-13	   7.1478033e+01	
   1.5321814e-03	   2.0951737e-04	   3.0363806e-04	   3.6666124e-05	  -2.6404877e-13	   7.1477248e+01	
  -1.4175937e-03	  -2.1783554e-04	  -4.4722220e-04	  -5.1063404e-05	  -8.7383043e-14	   7.1477054e+01	
   1.5436698e-03	   2.4749931e-04	  -5.3473455e-04	  -8.9921627e-05	  -5.1480011e-13	   7.1478712e+01	
   1.4889511e-03	   2.3673510e-04	   5.2550620e-04	   8.1962692e-05	  -8.7383043e-14	   7.1476428e+01	
   1.1462903e-03	   1.5729062e-04	   1.1256933e-03	   1.5948894e-04	  -1.4247236e-13	   7.1477197e+01	
   5.9739140e-04	   6.1545487e-05	   1.3311216e-03	   1.4169849e-04	  -2.1845761e-13	   7.1475935e+01	
  -2.3678447e-04	   1.2828079e-04	   4.6242027e-04	   7.2656000e-05	   2.4695208e-14	   7.1766739e+01	
  -9.4012077e-04	  -1.1078993e-05	   1.3324051e-04	   9.0669700e-05	  -1.9946129e-13	   7.1768651e+01	
   3.5512821e-04	   4.9147346e-05	   8.9545722e-04	  -1.1132331e-04	   3.0014176e-13	   7.1774428e+01	
  -7.5758274e-04	   3.0945112e-05	   1.3664590e-03	   5.9624207e-05	  -2.3365466e-13	   7.1778274e+01	
  -2.3838072e-03	  -4.0784244e-04	  -1.9997516e-03	  -3.2339187e-04	  -5.0720158e-13	   7.1774362e+01	
  -5.6729841e-04	   4.3483141e-05	   9.8064961e-04	   7.5516798e-05	  -1.5576977e-13	   7.1771890e+01	
  -3.3486682e-04	   7.5422834e-05	   7.0636155e-04	  -8.5493730e-06	  -1.4817125e-13	   7.1769113e+01	
  -6.8145412e-04	   3.1535840e-05	   7.4777032e-04	   8.7040598e-05	  -3.3433512e-13	   7.1771643e+01	
  -2.0379283e-03	  -4.3855053e-04	   1.4018234e-03	   3.2715802e-04	  -1.7476609e-13	   7.1777810e+01	
   1.3906642e-03	   6.6320727e-05	  -7.8321253e-04	  -9.3881458e-05	  -3.7992628e-13	   7.1777333e+01	
  -9.9579621e-04	  -6.7701066e-05	   6.6874849e-04	   1.1031263e-04	  -4.8060673e-13	   7.1769218e+01	
   1.0287941e-03	   4.4616378e-05	   2.3695481e-05	  -6.9079992e-05	   1.9946129e-13	   7.1766970e+01	
   1.1270808e-03	   8.3451584e-05	   2.1701254e-04	  -4.7218083e-05	  -1.8236461e-13	   7.1769853e+01	
   1.7463611e-05	  -1.3597519e-04	  -6.8175634e-04	  -2.1246719e-04	   2.9824212e-13	   7.1771211e+01	
   1.6655164e-04	   1.0705063e-05	   2.3205705e-04	  -3.2632816e-05	  -2.1085909e-13	   7.1761983e+01	
  -2.6261014e-04	  -1.2673287e-05	  -1.1143749e-03	  -5.8961722e-05	  -2.9064360e-13	   7.1769704e+01	
   6.0843856e-04	  -7.3801345e-05	  -8.8952234e-04	  -2.1395898e-05	  -3.1343917e-13	   7.1778439e+01	
   1.4390797e-03	   7.7900676e-05	  -4.0729237e-04	  -3.2419061e-05	  -2.8114544e-13	   7.1775518e+01	
  -1.4559440e-03	  -1.9563979e-05	  -3.8786498e-04	   2.5720704e-05	  -2.2795577e-13	   7.1781961e+01	
   1.8271246e-04	   1.2449846e-05	   7.1116383e-04	  -2.9827107e-05	   4.4831301e-13	   7.1762081e+01	
   4.6950535e-04	   7.1033387e-05	   3.1170832e-04	  -3.5016817e-06	   1.2347603e-13	   7.1762834e+01	
  -1.4527940e-03	  -6.2252873e-05	   9.4449515e-04	   6.8154867e-05	  -4.3121633e-13	   7.1780850e+01	
  -5.3695428e-04	  -2.7814290e-05	  -1.0270215e-03	   6.5876976e-05	   6.8386730e-14	   7.1779088e+01	
   6.3554705e-04	   2.0832574e-06	   6.5081420e-04	  -1.3163021e-04	  -4.3881485e-13	   7.1783171e+01	
   1.5866399e-04	   9.8832647e-05	   3.7226679e-04	  -1.8382609e-04	   3.9512333e-13	   7.1777863e+01	
   1.9282838e-04	   9.1029443e-05	   5.2799350e-04	  -1.5658872e-04	   4.2361780e-13	   7.1775489e+01	
   1.9314288e-04	  -2.1437208e-04	  -3.1927785e-04	   7.3638450e-06	   1.2347603e-13	   7.1782635e+01	
   2.4877443e-04	   1.2727129e-05	   1.0975026e-03	  -8.1856774e-05	   8.9282675e-14	   7.1780991e+01	
   1.1579194e-04	  -6.3276509e-05	  -1.2830325e-03	   3.2921894e-05	   1.4627161e-13	   7.1782163e+01	
  -1.3545735e-04	   2.0860304e-04	   1.6786442e-04	   8.9526123e-05	  -3.4573291e-13	   7.1784791e+01	
  -5.2920694e-04	   1.2253939e-04	   6.0919645e-04	  -2.9315201e-05	  -5.8888573e-14	   7.1781306e+01	
  -3.3016964e-04	   1.8754315e-04	   2.8232531e-05	   7.3022716e-05	   7.2185992e-14	   7.1782940e+01	
   3.2421555e-04	   1.5644633e-04	  -1.4619006e-04	  -2.3461935e-04	  -7.5985255e-15	   7.1783327e+01	
   4.4977171e-04	  -1.5521562e-04	  -4.4968804e-04	   1.9952470e-05	  -1.3297420e-13	   7.1782709e+01	
  -3.8471571e-04	  -2.6381355e-04	  -4.6459308e-04	  -1.8175508e-04	  -2.5265097e-13	   7.1784253e+01	
   6.8322984e-04	   4.1361519e-05	   1.3546336e-03	  -2.7593602e-05	  -1.8236461e-13	   7.1785531e+01	
  -1.1525677e-03	   2.6983863e-05	   9.3466269e-04	   4.5756821e-05	  -2.2795577e-14	   7.1782723e+01	
   8.3184859e-05	  -6.4055653e-06	  -9.7967399e-04	  -4.7185788e-05	  -1.2727531e-13	   7.1769622e+01	
  -1.9551621e-04	  -1.6979406e-04	  -7.5571334e-04	  -3.0459219e-04	   4.5021263e-13	   7.1778505e+01	
  -5.4548139e-04	   2.4122836e-05	   1.4190733e-03	   3.5929393e-05	  -4.1791890e-13	   7.1783418e+01	
  -8.9696686e-04	   5.4466224e-05	   8.3007859e-04	   3.4403842e-07	  -8.3583781e-14	   7.1782059e+01	
  -1.1498060e-03	   4.6272099e-05	   7.1367020e-04	   2.8988508e-05	   3.3053586e-13	   7.1778961e+01	
  -8.3364161e-04	   1.3960401e-05	  -8.2823975e-04	   7.8616596e-05	   1.5956904e-13	   7.1783187e+01	
  -1.2498524e-03	  -6.7030616e-06	  -8.0181410e-04	   1.5905248e-05	   5.6988941e-14	   7.1781961e+01	
  -1.1086221e-04	  -7.7189970e-05	  -5.3043259e-04	   1.5825447e-04	   3.2103770e-13	   7.1780059e+01	
   3.7034177e-04	  -9.0432365e-05	  -1.0019883e-03	   5.0082185e-05	  -4.7680748e-13	   7.1786300e+01	
   1.6019288e-03	   1.7290520e-04	   6.0132651e-04	   1.4118069e-05	  -2.6974766e-13	   7.1781237e+01	
   7.8580608e-04	  -6.1729393e-05	  -9.2679282e-04	   9.6111318e-06	  -4.7870711e-13	   7.1784412e+01	
   5.1567999e-04	  -4.5866321e-05	   4.8675316e-04	  -1.4325343e-04	  -1.6526793e-13	   7.1783971e+01	
  -8.1681272e-05	  -1.2170373e-04	  -4.7256814e-04	   1.5855019e-04	  -5.8888573e-14	   7.1786629e+01	
   1.2489141e-03	   1.0606907e-06	   6.2514650e-04	  -6.6533032e-05	   1.3297420e-13	   7.1784619e+01	
   1.6261094e-03	   1.3784473e-04	  -3.8402298e-04	  -8.0243629e-05	  -4.6730932e-13	   7.1780895e+01	
   4.1964409e-04	   3.9787234e-05	   1.1153121e-03	   5.1755859e-05	   2.6594839e-14	   7.1772757e+01	
  -1.7020697e-03	  -1.9621504e-04	  -1.2796780e-04	   2.5922710e-05	  -3.9892259e-14	   7.1779805e+01	
  -1.6280451e-03	  -1.3041687e-04	   5.5768842e-04	   9.5510172e-05	  -2.4505244e-13	   7.1782911e+01	
  -4.3403725e-04	  -9.2394968e-05	  -1.3751237e-03	  -8.6721508e-05	   3.0394102e-13	   7.1775190e+01	
  -1.2440915e-03	  -8.8383900e-05	   3.6727613e-05	   6.1373423e-06	  -1.9566204e-13	   7.1774019e+01	
   1.3296466e-04	  -2.9012413e-05	  -1.8520747e-03	  -6.7930224e-05	  -3.8752480e-13	   7.1788115e+01	
  -6.7877601e-04	  -2.9371363e-05	   1.0073655e-03	   5.1946406e-05	   2.2225687e-13	   7.1771643e+01	
   1.6397870e-03	   1.1645435e-04	   1.0088963e-03	   1.4972523e-05	  -2.1655798e-13	   7.1787158e+01	
  -1.8713779e-04	  -2.9560329e-05	  -1.6539975e-03	  -5.9569384e-05	  -3.8372554e-13	   7.1785210e+01	
   1.3576139e-03	   3.5316919e-05	  -1.2328132e-03	  -5.8957782e-05	  -3.7232775e-13	   7.1787367e+01	
  -1.6367967e-03	  -1.3493544e-04	   4.0303553e-04	   8.4028257e-05	  -3.6092996e-14	   7.1781409e+01	
   9.3539697e-04	   6.6718883e-06	  -1.3191198e-03	  -7.2003454e-05	  -4.1032038e-13	   7.1784889e+01	
   1.3426239e-03	  -1.5706403e-05	  -8.0364642e-04	  -4.6325770e-05	  -1.7286646e-13	   7.1787510e+01	
  -1.3137383e-03	  -3.3415722e-06	   8.6185487e-04	   2.7441894e-05	   2.0705982e-13	   7.1782844e+01	
   6.5224027e-04	  -1.1295859e-04	  -6.4337572e-04	   4.6593233e-05	  -4.1981853e-13	   7.1789040e+01	
   1.3923874e-03	  -4.4541016e-05	  -1.8547128e-04	  -5.0591573e-05	  -4.6351006e-13	   7.1790929e+01	
   1.4839087e-03	  -7.4579809e-06	  -7.6196564e-04	  -5.0838141e-05	  -5.6988941e-14	   7.1788682e+01	
   5.5687715e-04	   2.5777720e-05	   1.2961267e-03	  -4.6258959e-05	  -3.9512333e-13	   7.1789913e+01	
  -1.0610816e-03	   4.0417318e-05	  -4.7202875e-04	   5.4298723e-05	  -1.1397788e-14	   7.1785136e+01	
  -3.7457022e-04	   5.4375329e-05	   1.4011925e-03	  -1.9847241e-06	  -2.0895945e-13	   7.1789078e+01	
   1.7744016e-05	   6.8583611e-06	   4.9803758e-04	  -1.9001311e-06	   1.9376240e-13	   7.1770725e+01	
   4.1817987e-04	  -1.8596834e-04	  -3.2516764e-04	  -2.0276059e-05	   3.3243550e-13	   7.1783232e+01	
   1.9889138e-03	   1.2350302e-04	   2.1026658e-04	  -4.2498511e-05	   2.9064360e-13	   7.1783515e+01	
   7.6022607e-04	  -6.2032378e-05	   3.8773211e-04	  -1.1174405e-04	   3.2293733e-13	   7.1780961e+01	
   1.2851123e-03	   2.1870352e-05	   7.7629263e-04	  -6.0052664e-05	  -3.4193365e-14	   7.1788868e+01	
   4.0190832e-04	   9.7421023e-06	  -1.9517481e-04	  -2.3043552e-05	  -1.1017862e-13	   7.1771420e+01	
   2.0028483e-03	   1.3271536e-04	  -1.8864767e-04	  -6.7972151e-05	   3.7992628e-15	   7.1786844e+01	
   1.5081537e-03	   4.6288979e-05	  -4.1577996e-04	  -5.4192888e-05	  -3.8562518e-13	   7.1785314e+01	
  -1.0620441e-03	   5.4996354e-05	   8.4660473e-04	   1.1953486e-05	   3.6662885e-13	   7.1782762e+01	
   5.0325190e-04	  -3.9796488e-05	  -1.6314741e-03	  -3.5582235e-05	  -4.0842075e-13	   7.1792669e+01	
   3.5351404e-04	  -1.2917469e-04	  -7.7705888e-04	   6.4010366e-05	   2.0895945e-13	   7.1787621e+01	
  -1.1154109e-04	   6.0550682e-05	   1.1609025e-03	  -6.5847532e-05	   1.9376240e-13	   7.1787099e+01	
  -6.8914632e-04	  -7.4344741e-06	   1.8711889e-03	   1.2388206e-04	  -2.7734618e-13	   7.1789608e+01	
  -1.0884295e-04	   3.5555614e-05	   1.2879160e-03	  -4.8029239e-05	  -4.2171817e-13	   7.1790399e+01	
  -3.2786592e-04	  -4.3360514e-05	  -1.8360439e-03	  -4.7095090e-05	  -4.5591153e-14	   7.1789929e+01	
   1.2388410e-03	   7.5155122e-05	  -1.3913150e-04	  -1.7845819e-05	   7.9784518e-14	   7.1776595e+01	
   9.2533072e-04	   6.3869399e-05	   1.3711102e-03	   2.9012660e-05	  -7.4085624e-14	   7.1785038e+01	
   7.0135449e-04	  -3.9462685e-05	   5.3641556e-04	  -1.2386232e-04	   1.2347603e-13	   7.1786478e+01	
   6.6746158e-04	  -8.4004915e-05	  -9.7457623e-04	   1.1616813e-05	  -1.3677346e-13	   7.1789256e+01	
  -1.1783556e-03	  -3.3497237e-05	  -1.0187359e-03	   4.4693190e-06	   2.3365466e-13	   7.1783537e+01	
  -6.3330057e-04	  -1.4067885e-05	   2.0307322e-03	   1.3926081e-04	  -3.0014176e-13	   7.1790996e+01	
   1.6481032e-03	   6.5856281e-05	  -5.5617688e-04	  -6.0583486e-05	  -3.7992628e-13	   7.1787845e+01	
  -1.0709383e-03	  -7.4098190e-05	  -1.4851299e-03	  -6.4280621e-05	  -4.0652112e-13	   7.1788189e+01	
  -7.7066655e-04	   3.0810129e-05	  -7.5600607e-04	   7.3904657e-05	   3.9132406e-13	   7.1780582e+01	
   3.0429603e-04	  -4.5833750e-05	  -1.3430859e-03	   7.7300949e-06	   4.5021263e-13	   7.1779253e+01	
  -1.1022880e-04	  -4.0073982e-05	  -1.6800860e-03	  -1.1275509e-05	   3.2673660e-13	   7.1785948e+01	
   4.9855680e-04	  -1.7343735e-04	  -4.5538677e-04	   3.0387911e-06	  -4.9390416e-14	   7.1790817e+01	
  -3.6056752e-04	  -1.3441722e-04	  -8.0303637e-04	  -4.3783423e-05	  -2.6594839e-13	   7.1782552e+01	
  -1.0975797e-03	  -1.3725546e-04	  -1.4945528e-03	  -1.5974520e-04	  -3.6282960e-13	   7.1785606e+01	
   8.1252602e-04	  -9.6146102e-05	   1.8214116e-04	  -1.0327540e-04	  -4.0272185e-13	   7.1790996e+01	
   7.7186597e-04	  -1.3228081e-04	  -4.7752184e-04	  -1.5976908e-05	  -3.7232775e-13	   7.1791958e+01	
   3.3945755e-04	   3.9610960e-05	   4.8802717e-04	  -7.0527806e-06	   1.0447973e-13	   7.1773720e+01	
   8.7709037e-04	  -4.5646311e-05	   5.1850683e-04	  -9.4696300e-05	  -7.0286361e-14	   7.1788600e+01	
  -1.8277648e-04	  -7.4358269e-05	  -1.2854301e-04	   2.2388158e-04	   3.7422738e-13	   7.1785905e+01	
   1.5781592e-03	   1.0298465e-04	   1.4087692e-03	   4.6908773e-05	   2.9444287e-13	   7.1786494e+01	
  -9.3662846e-04	  -1.7086061e-05	  -1.1913593e-03	   3.8828880e-05	  -1.3297420e-14	   7.1791683e+01	
   3.5198048e-05	   2.7260305e-05	   2.0961690e-03	   1.0894781e-04	  -4.5211227e-13	   7.1792706e+01	
   6.3205415e-04	   3.3339306e-05	   1.5232102e-03	  -1.5062738e-05	  -1.7286646e-13	   7.1793385e+01	
   8.6604466e-04	  -1.2188957e-04	  -6.0577407e-05	  -7.8526277e-05	  -2.8494471e-14	   7.1791197e+01	
   1.1466960e-03	   9.8207097e-05	  -1.6006470e-03	  -2.2324388e-04	  -5.0910121e-13	   7.1789062e+01	
  -1.5648156e-03	   9.0179281e-06	   1.7810529e-04	   3.4240676e-05	   4.2361780e-13	   7.1783993e+01	
   6.5209163e-04	   5.6727232e-05	  -1.3424681e-03	  -1.5839183e-04	  -4.5971079e-13	   7.1781977e+01	
  -1.1165708e-03	  -1.1561711e-04	  -1.8865205e-03	  -1.3494662e-04	   4.4261411e-13	   7.1780492e+01	
   1.0695619e-03	  -9.6352630e-05	  -3.1822854e-04	  -2.8976546e-05	  -7.2185992e-14	   7.1791945e+01	
  -1.8349915e-03	  -1.3113168e-04	  -1.2477557e-03	  -7.6067404e-05	  -3.4383327e-13	   7.1792555e+01	
   1.1012550e-04	  -4.7342646e-05	  -1.4701954e-03	   1.4173068e-05	   1.8046499e-13	   7.1790457e+01	
  -1.1069495e-03	  -8.8561593e-05	  -1.9106627e-03	  -9.6877988e-05	  -1.2157641e-13	   7.1793385e+01	
   1.3638837e-03	  -5.6336038e-05	  -4.0109528e-05	  -3.3397321e-05	   2.7924582e-13	   7.1789226e+01	
   3.4284251e-05	  -2.6694653e-05	  -1.8435270e-03	  -6.1598856e-05	   2.2985539e-13	   7.1788136e+01	
   1.8647031e-04	   1.2875442e-05	   2.1666880e-03	   1.9663226e-04	  -1.7096682e-14	   7.1787539e+01	
  -1.0083690e-03	   1.5252392e-05	  -8.1287926e-04	   5.7713985e-05	   4.4071448e-13	   7.1783126e+01	
  -2.0911276e-03	  -1.0324664e-04	   1.8665569e-04	   2.2063040e-05	  -4.1981853e-13	   7.1793826e+01	
  -1.7861725e-03	  -3.0552255e-05	  -1.5461282e-04	   3.4682661e-05	   2.0136093e-13	   7.1791473e+01	
   2.1293493e-03	   1.6970381e-04	  -3.1108353e-04	  -5.1403472e-05	   3.0394102e-13	   7.1784343e+01	
  -1.2747254e-03	  -6.2857905e-05	   1.8929773e-03	   1.3912584e-04	  -6.4587467e-14	   7.1793362e+01	
   9.5329215e-04	   9.3671037e-05	   2.1635291e-03	   1.5248619e-04	  -3.1343917e-13	   7.1795207e+01	
  -2.0128087e-03	  -2.4700068e-04	  -4.6723118e-04	  -1.4530209e-05	  -4.2361780e-13	   7.1790982e+01	
   1.3111474e-03	  -2.8078531e-05	  -1.0821793e-03	  -4.5267285e-05	   3.9512333e-13	   7.1787794e+01	
   2.2689243e-03	   1.6111800e-04	   1.0122963e-04	  -4.2285303e-05	   3.9892259e-13	   7.1785598e+01	
  -1.4154694e-03	  -1.2355061e-04	  -1.6897938e-03	  -9.5332539e-05	  -3.5713070e-13	   7.1794364e+01	
   2.0683893e-03	   8.2449066e-05	  -1.7275424e-04	  -4.8049033e-05	  -3.5523107e-13	   7.1796431e+01	
   1.7636456e-03	   1.7409082e-04	   3.5367078e-04	  -1.2069836e-05	   2.2415650e-13	   7.1783889e+01	
   9.0129790e-04	  -4.9931253e-05	  -1.1132505e-03	  -6.9579267e-06	  -4.7490785e-14	   7.1792505e+01	
   1.6606089e-03	   2.0992048e-04	   1.4637054e-03	   1.4212000e-04	  -5.1290047e-13	   7.1791929e+01	
  -3.0152403e-06	  -7.3322325e-06	  -2.7264354e-04	  -1.8892963e-05	  -3.0774028e-13	   7.1771913e+01	
  -1.5072961e-03	  -1.1522411e-04	   1.4971776e-03	   1.4236605e-04	  -2.1085909e-13	   7.1790645e+01	
  -1.0555552e-03	   4.1343274e-05	   9.5522033e-04	  -6.7548347e-06	   3.3053586e-13	   7.1787621e+01	
   1.7719111e-03	   3.4433570e-05	  -7.9541532e-04	  -4.8524648e-05	  -1.7856535e-13	   7.1795483e+01	
   1.3161792e-04	   2.5734824e-05	   9.7647714e-04	   5.5442038e-05	   3.4763255e-13	   7.1772980e+01	
   1.3412505e-04	   2.8694375e-05	   2.0830324e-03	   1.1042007e-04	   3.7992628e-15	   7.1791839e+01	
   1.4860647e-03	   9.2455901e-05	  -1.5915549e-03	  -1.4680291e-04	  -4.4261411e-13	   7.1793736e+01	
   7.2756735e-04	   6.4563263e-05	  -2.1428633e-03	  -2.3953545e-04	  -2.6594839e-13	   7.1791765e+01	
   2.0880508e-03	   1.3794405e-04	  -5.1578628e-04	  -7.0569253e-05	  -1.9946129e-13	   7.1793117e+01	
  -8.2663591e-04	  -5.3527679e-05	  -1.7699842e-03	  -4.5271156e-05	   2.7164729e-13	   7.1790123e+01	
  -1.2919093e-03	  -1.3612569e-04	  -1.9022423e-03	  -1.7957184e-04	  -7.0286361e-14	   7.1790383e+01	
  -1.9347749e-03	  -7.7002250e-05	   6.8029547e-04	   4.0148593e-05	   3.5523107e-13	   7.1786987e+01	
  -2.1362414e-03	  -1.8990116e-04	   1.1258105e-03	   1.2661220e-04	  -2.2225687e-13	   7.1795043e+01	
  -1.1930975e-03	  -1.0140926e-04	  -1.8268624e-03	  -1.1359174e-04	   8.5483412e-14	   7.1790937e+01	
  -5.2631135e-04	  -6.9591993e-05	  -2.4116905e-03	  -2.0884716e-04	  -4.6730932e-13	   7.1797147e+01	
   5.6455628e-04	   1.8984629e-05	  -2.3966222e-03	  -2.0356908e-04	  -4.7680748e-13	   7.1797574e+01	
   8.1871074e-05	  -2.3121447e-05	  -2.5516711e-03	  -2.2804532e-04	  -3.9322370e-13	   7.1799417e+01	
  -8.6127716e-04	  -3.9266362e-05	   3.2748389e-04	   3.0414577e-05	   2.5455060e-13	   7.1775929e+01	
  -1.1692324e-03	  -8.8520658e-05	   1.6994482e-04	   2.6160870e-05	  -2.3745392e-13	   7.1781282e+01	
  -2.3687098e-03	  -1.9164047e-04	  -1.9450927e-04	  -6.8722691e-06	  -8.3583781e-14	   7.1793274e+01	
   9.6088109e-05	  -1.5610339e-05	  -2.1879707e-03	  -1.6341364e-04	   1.5007088e-13	   7.1790943e+01	
  -3.4696481e-04	  -4.0867080e-05	  -1.0454691e-03	  -6.8118907e-05	   1.5387014e-13	   7.1777983e+01	
  -6.4652598e-05	   3.5249256e-06	   1.1123957e-03	   9.9232312e-05	  -3.7612701e-13	   7.1781447e+01	
  -1.1779572e-03	  -5.7536018e-05	   1.8346116e-03	   1.2902399e-04	   2.8494471e-14	   7.1793520e+01	
  -1.9687993e-03	  -1.3333470e-04	   9.6794257e-04	   8.8100617e-05	   2.6594839e-14	   7.1792467e+01	
  -4.2657911e-04	  -5.2068064e-05	  -9.6215380e-04	  -7.6624153e-05	  -1.6146866e-13	   7.1780640e+01	
  -1.3518717e-03	  -1.4297621e-04	  -3.9071643e-04	  -2.4875283e-05	  -4.2361780e-13	   7.1784173e+01	
  -5.7045086e-04	  -5.2447286e-05	  -2.0051690e-03	  -9.1298799e-05	   1.2537567e-13	   7.1793990e+01	
  -1.9800357e-03	  -1.2750524e-04	  -1.0994582e-03	  -3.9185831e-05	  -2.2035724e-13	   7.1798231e+01	
   1.4034056e-03	   3.3196064e-05	  -1.7303409e-03	  -1.1567345e-04	   3.9512333e-13	   7.1790876e+01	
   1.6121874e-04	  -2.5323793e-05	  -2.4557407e-03	  -1.7462749e-04	   2.1275871e-13	   7.1795542e+01	
   1.6975319e-03	   5.0940117e-05	   7.9063641e-04	  -1.6775084e-05	  -1.4627161e-13	   7.1797669e+01	
  -8.5472467e-04	  -6.0054486e-05	   2.8668462e-04	   2.6296447e-05	   1.9186276e-13	   7.1777632e+01	
  -3.3796019e-04	   1.3124699e-05	   2.0164062e-03	   7.9195478e-05	   0.0000000e+00	   7.1797043e+01	
   8.6410863e-04	   6.3400056e-05	  -2.4867441e-03	  -2.0538729e-04	  -1.8236461e-13	   7.1799932e+01	
  -2.0286881e-03	  -8.5911333e-05	  -4.9322748e-04	   5.6631073e-07	   1.8996314e-15	   7.1796894e+01	
  -2.4363840e-03	  -1.7126688e-04	  -3.3535791e-04	   3.4258448e-06	   2.0895945e-14	   7.1798544e+01	
   2.1745429e-03	   1.3515504e-04	  -1.2401381e-03	  -1.1218076e-04	   2.2795577e-14	   7.1799261e+01	
  -2.0549513e-03	  -1.5833923e-04	  -1.2173037e-03	  -7.2528822e-05	  -4.8250637e-13	   7.1799245e+01	
   2.3092299e-04	   3.3154821e-05	   8.6618955e-04	   8.6303958e-05	  -5.0530195e-13	   7.1781656e+01	
   1.6914632e-03	   1.8586984e-04	   2.8645622e-04	  -1.8428284e-06	  -2.3555429e-13	   7.1789211e+01	
  -1.7388309e-03	  -1.9755827e-04	  -1.8373057e-03	  -1.6582956e-04	  -3.4953217e-13	   7.1799552e+01	
   1.7576959e-03	   1.3672278e-04	  -1.7302889e-03	  -1.8360821e-04	  -1.3867309e-13	   7.1798425e+01	
   2.4690982e-03	   2.3718537e-04	   4.4742594e-04	   1.3967222e-05	  -3.7992628e-13	   7.1799932e+01	
  -1.5503173e-03	  -1.9574740e-04	   5.1250888e-04	   1.0794438e-04	  -5.0340231e-13	   7.1790287e+01	
  -1.7445325e-03	  -2.5668375e-04	  -1.3146839e-04	   2.3278580e-05	  -4.5781116e-13	   7.1793325e+01	
   6.0419311e-04	   6.3913426e-05	   8.9194993e-04	   4.6100603e-05	   4.7490785e-14	   7.1781388e+01	
   2.1726914e-03	   2.0287520e-04	  -1.2575013e-03	  -1.5895761e-04	  -3.0014176e-13	   7.1799910e+01	
  -2.6153227e-05	  -1.2436825e-05	  -1.2065817e-03	  -1.3089939e-04	  -2.1275871e-13	   7.1782635e+01	
   1.5749013e-03	   1.3438165e-04	  -1.9369064e-03	  -2.2434997e-04	   2.4695208e-14	   7.1798200e+01	
  -6.6622692e-04	  -6.4786285e-05	  -6.6605946e-04	  -5.3627212e-05	   1.9186276e-13	   7.1778722e+01	
  -4.0152262e-05	   6.4704571e-06	   4.1555128e-04	   3.7969197e-05	  -3.8562518e-13	   7.1779977e+01	
  -9.4885024e-04	  -1.5649638e-04	  -1.6946738e-03	  -1.9938893e-04	   2.1085909e-13	   7.1789481e+01	
   9.5081811e-04	   1.0139488e-04	   1.1919276e-03	   1.0476563e-04	  -1.9566204e-13	   7.1786471e+01	
   9.0548200e-04	   6.6699070e-05	  -1.2305453e-03	  -1.3094640e-04	   5.6988941e-14	   7.1785099e+01	
   2.5846970e-04	   2.0273514e-05	  -2.0519279e-03	  -2.2536190e-04	   1.8616388e-13	   7.1788367e+01	
  -1.1860756e-03	  -1.0054371e-04	  -4.9224333e-04	   2.7760766e-05	   9.8780832e-14	   7.1786666e+01	
   5.1916615e-04	   8.0559485e-05	   2.1969624e-03	   2.4671713e-04	  -2.5645024e-13	   7.1796865e+01	
  -8.2440349e-04	  -1.0451512e-04	  -2.2460981e-03	  -2.4115386e-04	  -3.9322370e-13	   7.1797566e+01	
  -1.2687754e-03	  -1.2088575e-04	   2.0044932e-05	   2.0353372e-05	   7.4085624e-14	   7.1783253e+01	
   1.2399556e-03	   1.2303539e-04	  -2.2435061e-06	  -3.2718250e-05	  -1.3487383e-13	   7.1784985e+01	
   1.9243153e-03	   2.0739286e-04	   3.8631814e-04	   1.4187003e-05	   1.3107456e-13	   7.1790720e+01	
   1.0218116e-03	   1.4311158e-04	   2.1473218e-03	   2.4546555e-04	  -3.6092996e-13	   7.1799634e+01	
  -1.4787465e-03	  -1.5377201e-04	  -2.7649104e-04	   3.3900670e-05	   4.2361780e-13	   7.1780948e+01	
   8.0306438e-05	   9.1871678e-05	   4.5776768e-04	  -8.5204508e-05	   3.0584065e-13	   7.1783791e+01	
   9.8428709e-04	   4.9159413e-05	  -1.1657903e-03	  -1.6376917e-04	   2.3175503e-13	   7.1786539e+01	
  -1.4545200e-03	  -1.3601160e-04	   5.9053494e-04	   6.3187091e-05	   3.6662885e-13	   7.1780155e+01	
  -1.6577014e-03	  -1.6815899e-04	   3.3435190e-04	   4.1652206e-05	   2.7544655e-13	   7.1783627e+01	
  -8.3789724e-04	  -1.1066952e-04	  -1.7788452e-03	  -1.8430118e-04	  -1.5766941e-13	   7.1793094e+01	
   5.0635807e-05	  -2.6143641e-05	  -1.6664356e-03	  -1.4882551e-04	  -7.5985255e-15	   7.1789526e+01	
   1.8035845e-03	   2.2886890e-04	  -7.7142110e-04	  -1.4698387e-04	  -1.8996314e-15	   7.1794603e+01	
  -1.6063527e-03	  -1.5955582e-04	   8.2740600e-04	   9.7800232e-05	   2.2795577e-14	   7.1790189e+01	
  -1.6158099e-03	  -2.2720800e-04	  -1.4211749e-03	  -1.5128351e-04	   8.7383043e-14	   7.1794542e+01	
   1.4966021e-04	  -6.5672806e-05	  -8.8841220e-04	  -1.9614414e-07	   5.8888573e-14	   7.1786471e+01	
  -2.2426496e-03	  -2.0356482e-04	   6.5461802e-04	   7.9223112e-05	   6.8386730e-14	   7.1796744e+01	
   1.4076052e-03	   1.7020268e-04	   1.8008393e-03	   1.8543731e-04	  -4.4071448e-13	   7.1798879e+01	
  -8.1919421e-05	  -3.3951455e-05	  -2.5914084e-03	  -2.2841959e-04	  -3.1913807e-13	   7.1804465e+01	
  -1.7702655e-03	  -1.5976322e-04	  -1.9196969e-03	  -1.4237019e-04	  -2.5075134e-13	   7.1804815e+01	
   3.9189202e-04	   1.3214251e-05	  -2.4254945e-03	  -2.5569019e-04	  -3.8562518e-13	   7.1801366e+01	
  -4.5246727e-04	  -6.6999624e-05	  -2.4644379e-03	  -2.6190889e-04	  -4.8250637e-13	   7.1801022e+01	
  -3.9521045e-04	  -6.6108719e-05	  -2.2376919e-03	  -2.0338273e-04	   1.1587751e-13	   7.1796020e+01	
   7.8605187e-04	   4.7333410e-05	  -2.2301585e-03	  -2.5904426e-04	  -9.6881200e-14	   7.1799857e+01	
   2.2425172e-03	   2.2018223e-04	   1.1046495e-03	   9.4779542e-05	   1.5576977e-13	   7.1796759e+01	
  -1.3638138e-03	  -1.3803732e-04	  -1.8344291e-03	  -1.4473816e-04	   2.4315282e-13	   7.1793460e+01	
  -9.5822009e-04	  -1.1066631e-04	   5.4621997e-04	   8.1607502e-05	  -4.5021263e-13	   7.1786762e+01	
   2.2621020e-03	   2.3975373e-04	  -9.2911673e-04	  -1.3809524e-04	  -3.3433512e-13	   7.1802141e+01	
   1.3227009e-03	   1.7476622e-04	   1.6536800e-03	   1.5525184e-04	  -2.8494471e-14	   7.1797200e+01	
   2.5184540e-03	   2.4780725e-04	   4.8145157e-05	  -2.8755318e-05	  -1.9376240e-13	   7.1802746e+01	
  -2.8432636e-04	  -2.7879373e-05	   1.8484399e-03	   2.3040940e-04	  -3.9512333e-13	   7.1794558e+01	
   1.8990909e-03	   1.0685160e-04	  -1.6705498e-03	  -1.4623068e-04	   1.0068046e-13	   7.1804838e+01	
  -2.3755092e-03	  -2.1862198e-04	  -1.6026729e-05	   2.1382420e-05	   4.5211227e-13	   7.1789682e+01	
  -8.5800472e-04	  -6.9526706e-05	   2.0428036e-03	   2.1134896e-04	  -6.4587467e-14	   7.1797730e+01	
   1.5141743e-03	   1.0610578e-04	  -7.7036110e-04	  -9.3584235e-05	   1.4627161e-13	   7.1791138e+01	
   4.2807550e-04	   2.2268362e-05	  -7.7178498e-04	  -1.1458350e-04	  -4.1601928e-13	   7.1787502e+01	
  -6.3016820e-04	  -4.8179963e-05	   7.2024035e-04	   7.5925197e-05	   3.0584065e-13	   7.1779536e+01	
   2.4187421e-03	   2.3554658e-04	   1.1073268e-03	   7.3839864e-05	  -4.1601928e-13	   7.1807481e+01	
  -2.1897335e-03	  -2.0248362e-04	  -1.5679768e-03	  -1.1850179e-04	  -2.6214913e-13	   7.1807369e+01	
   1.8404030e-04	  -1.2437203e-05	  -2.3815011e-03	  -2.7441015e-04	  -4.7680748e-13	   7.1802075e+01	
  -2.2527158e-03	  -1.8893970e-04	   1.9874143e-04	   4.4063510e-05	   3.9892259e-13	   7.1791070e+01	
   1.4805557e-03	   1.5260240e-04	  -1.8603185e-03	  -2.4125624e-04	  -2.6974766e-13	   7.1801411e+01	
   1.2884552e-03	   1.3078474e-04	  -1.2612927e-03	  -1.8290226e-04	  -1.2157641e-13	   7.1793900e+01	
   9.3671886e-04	   1.0341649e-04	   2.4547309e-03	   2.2214982e-04	  -4.1791890e-13	   7.1806659e+01	
  -1.0616289e-03	  -8.5789410e-05	   1.2498194e-03	   1.6956876e-04	   2.0895945e-13	   7.1790324e+01	
  -2.0751787e-03	  -2.1668039e-04	  -2.6269834e-04	   4.0760216e-06	   5.5089310e-14	   7.1796462e+01	
   7.4258861e-04	   4.0910853e-05	  -1.2515674e-03	  -1.3665926e-04	   4.3501558e-13	   7.1780059e+01	
   1.6748670e-03	   1.1938016e-04	  -1.8838114e-03	  -1.8642777e-04	   3.6092996e-14	   7.1803635e+01	
  -4.1195589e-04	  -4.3061348e-05	   2.4346657e-03	   2.8359425e-04	  -4.9960306e-13	   7.1802136e+01	
  -4.2779700e-05	  -8.8751756e-06	   1.9692945e-03	   2.8445086e-04	  -4.5021263e-13	   7.1797446e+01	
   1.0217102e-03	   1.2888775e-04	   1.0687937e-03	   9.4630222e-05	  -2.3365466e-13	   7.1790377e+01	
  -1.2426736e-03	  -1.4855511e-04	  -9.1537429e-04	  -8.4425136e-05	  -1.0637936e-13	   7.1789406e+01	
   1.6105840e-03	   1.6255714e-04	  -5.7262824e-04	  -1.2595991e-04	   2.4505244e-13	   7.1790958e+01	
  -2.0825391e-03	  -2.0541626e-04	  -6.1782153e-04	  -3.3177869e-05	   2.9824212e-13	   7.1792616e+01	
   1.5721926e-04	  -7.5357870e-06	  -1.6840658e-03	  -2.2797906e-04	  -4.9010490e-13	   7.1793833e+01	
  -1.4266040e-03	  -2.3519846e-04	   7.7045055e-04	   1.3830632e-04	  -2.3555429e-13	   7.1793714e+01	
  -1.1322108e-03	  -1.6301834e-04	  -1.7136169e-03	  -2.3137129e-04	  -2.1845761e-13	   7.1796566e+01	
   1.2742446e-03	   1.2800733e-04	  -1.4454839e-03	  -1.8681210e-04	   7.2185992e-14	   7.1794131e+01	
   2.2102814e-03	   2.4141003e-04	  -4.4244768e-04	  -8.2709676e-05	   2.6974766e-13	   7.1793982e+01	
   5.9776114e-04	   1.0719082e-04	   1.2830081e-03	   1.0467719e-04	   1.2537567e-13	   7.1790383e+01	
   1.1468352e-03	   1.4146643e-04	   1.5734248e-03	   1.6175251e-04	   7.4085624e-14	   7.1794401e+01	
   1.8178601e-03	   1.9438205e-04	  -1.7886197e-04	  -4.8593155e-05	   1.4437198e-13	   7.1792027e+01	
   1.4802837e-03	   1.3840971e-04	  -1.7904289e-03	  -2.2509203e-04	  -2.5075134e-13	   7.1801956e+01	
  -1.7905780e-03	  -2.0048463e-04	   1.0392798e-03	   1.2612454e-04	  -2.6784802e-13	   7.1797664e+01	
   2.0551947e-03	   2.4458098e-04	  -1.0314100e-03	  -1.7881815e-04	  -2.9064360e-13	   7.1804061e+01	
  -1.3640569e-04	   3.9598172e-05	   1.3030998e-03	   1.4117247e-04	   6.6487098e-14	   7.1791592e+01	
  -1.7738923e-03	  -1.9100191e-04	   1.3162215e-04	   4.8178275e-05	  -2.1655798e-13	   7.1796192e+01	
  -1.8647208e-03	  -2.2184174e-04	   1.3207915e-03	   1.7725626e-04	  -4.4451374e-13	   7.1801417e+01	
  -1.7173707e-03	  -1.9754592e-04	   1.6844284e-03	   2.1328878e-04	  -1.6146866e-13	   7.1801934e+01	
  -2.0806535e-04	  -3.4417454e-05	  -2.3459165e-03	  -2.2287157e-04	   3.8942443e-13	   7.1791982e+01	
  -1.4923019e-03	  -2.0358927e-04	  -1.3206521e-03	  -1.5937036e-04	  -8.3583781e-14	   7.1795603e+01	
  -2.0296381e-03	  -2.6790241e-04	  -2.0740026e-04	   1.6819603e-05	  -5.5089310e-14	   7.1799133e+01	
   1.4237172e-03	   1.7277445e-04	   9.9109853e-04	   6.4831341e-05	  -3.0774028e-13	   7.1797117e+01	
   1.0461981e-05	  -7.6703488e-06	   2.8777860e-03	   2.3729870e-04	  -1.4817125e-13	   7.1810117e+01	
  -1.1487840e-04	  -4.8817740e-05	  -7.7757468e-04	  -6.5234085e-05	  -1.3677346e-13	   7.1786412e+01	
  -1.8452215e-04	  -1.6796803e-05	   2.6915483e-03	   1.2838686e-04	  -1.2537567e-13	   7.1813101e+01	
   9.3304855e-04	  -1.2068155e-05	  -2.6268398e-04	  -4.4107512e-05	  -3.4193365e-13	   7.1791542e+01	
   1.1635387e-03	   1.2286928e-04	  -3.3153994e-04	  -1.2531882e-04	  -5.1669974e-13	   7.1795006e+01	
  -1.4360338e-03	  -1.1766498e-04	  -3.7780704e-04	   1.1569543e-05	   3.8562518e-13	   7.1785539e+01	
   1.3180777e-03	   9.5920647e-05	  -5.8159729e-04	  -1.1684084e-04	  -2.4695208e-13	   7.1794520e+01	
  -2.8077608e-03	  -2.3147976e-04	   1.6262764e-04	   1.6222911e-05	   1.8806351e-13	   7.1804942e+01	
  -1.5725360e-03	  -1.9396960e-04	  -1.2274583e-03	  -1.1007413e-04	  -6.6487098e-14	   7.1797879e+01	
   2.0174901e-04	   6.3513736e-05	   1.4413737e-03	   1.2057062e-04	  -1.5197051e-13	   7.1793362e+01	
   1.3279492e-03	   1.4245942e-04	   2.0440760e-03	   1.9958722e-04	  -3.9892259e-14	   7.1802433e+01	
   8.0778112e-04	   9.8118537e-05	   1.7640401e-03	   1.5366679e-04	   2.9254323e-13	   7.1792056e+01	
   2.1867471e-03	   2.3439545e-04	   1.0781588e-03	   8.0727489e-05	  -7.0286361e-14	   7.1803950e+01	
  -1.8449647e-03	  -1.9122422e-04	   1.5766543e-03	   1.7019274e-04	  -3.9892259e-14	   7.1802128e+01	
   2.0130613e-03	   1.6634755e-04	  -1.7981967e-03	  -1.7807328e-04	   1.9756166e-13	   7.1804032e+01	
  -2.8921279e-04	  -7.7598555e-06	   3.5586531e-04	   3.8681960e-05	  -4.0842075e-13	   7.1785494e+01	
  -1.1078622e-03	  -1.0032624e-04	   2.5038411e-03	   2.4308969e-04	  -1.0258009e-13	   7.1808496e+01	
  -1.5246920e-03	  -2.0436562e-04	  -6.1961038e-04	  -2.9172594e-05	  -3.3053586e-13	   7.1797566e+01	
   6.6195463e-04	   5.3388906e-05	  -1.0564383e-03	  -1.1696310e-04	   7.5985255e-14	   7.1786980e+01	
   5.8095512e-04	   6.6696327e-05	  -1.7021749e-03	  -2.5189112e-04	  -4.8820526e-13	   7.1796804e+01	
   2.0128359e-04	  -1.7524424e-06	  -8.1415971e-04	  -1.2420115e-04	  -6.6487098e-14	   7.1786711e+01	
  -6.1451228e-05	  -5.1739503e-05	  -1.7827617e-03	  -1.8296367e-04	   2.3175503e-13	   7.1792690e+01	
  -1.3299816e-03	  -1.2949095e-04	  -2.1828711e-03	  -1.8242853e-04	   3.8372554e-13	   7.1797528e+01	
   8.8688870e-04	   5.8069973e-05	  -3.8858929e-04	  -4.9050387e-05	   1.7096682e-14	   7.1787614e+01	
   8.2098303e-04	   5.7207387e-05	  -1.0501067e-03	  -1.3701473e-04	  -6.8386730e-14	   7.1790264e+01	
   4.4924871e-04	  -1.0378979e-05	  -7.4804863e-04	  -2.1146241e-04	   1.8046499e-13	   7.1796505e+01	
  -2.6088705e-03	  -2.3551453e-04	   1.2014241e-04	   2.8880652e-05	   1.7096682e-13	   7.1804285e+01	
  -1.1190038e-03	  -1.0415639e-04	   1.3899428e-03	   1.3747919e-04	   1.8426424e-13	   7.1792324e+01	
  -3.3004380e-04	  -1.4436462e-04	  -7.3483837e-04	  -4.1860380e-05	  -2.8684434e-13	   7.1798133e+01	
  -2.4186950e-03	  -1.7723226e-04	   1.3066737e-03	   1.0929350e-04	   2.5645024e-13	   7.1806480e+01	
   6.8195601e-04	   1.1034158e-04	   1.8881174e-05	  -1.2851514e-04	  -4.2551743e-13	   7.1801141e+01	
   5.3960272e-04	  -5.2799102e-06	  -1.2972209e-03	  -1.6157406e-04	  -2.8874397e-13	   7.1796072e+01	
  -2.1529717e-03	  -2.8629585e-04	  -3.6614289e-04	  -2.6697476e-05	  -3.9322370e-13	   7.1803232e+01	
  -1.0253035e-03	  -1.6501571e-04	  -1.9672474e-03	  -2.4152422e-04	  -3.7802665e-13	   7.1804703e+01	
   5.4933118e-05	   3.4415762e-05	   1.6616021e-03	   1.9043025e-04	  -3.9702295e-13	   7.1798073e+01	
  -5.2872727e-04	  -9.3277701e-05	  -2.2334685e-03	  -2.5507997e-04	  -1.3297420e-14	   7.1803284e+01	
  -2.2691471e-03	  -3.0048470e-04	   1.0986899e-04	   2.9421151e-05	  -4.6920896e-13	   7.1803934e+01	
   1.5155207e-03	   1.9841506e-04	   1.5758589e-03	   1.6365736e-04	   1.1967678e-13	   7.1800650e+01	
  -2.2307164e-03	  -2.9356349e-04	  -1.7682524e-04	  -1.8694170e-05	  -7.4085624e-14	   7.1800388e+01	
  -2.3581607e-03	  -2.6073410e-04	   2.3100444e-04	   5.0127009e-05	   3.3433512e-13	   7.1796879e+01	
  -1.7304903e-03	  -2.2403867e-04	  -1.2183251e-03	  -1.2434215e-04	  -6.8386730e-14	   7.1801314e+01	
  -2.1496571e-03	  -2.2309803e-04	   5.9285036e-04	   7.9818962e-05	   4.3121633e-13	   7.1792810e+01	
  -2.0701174e-03	  -2.1705510e-04	   6.7181932e-04	   8.8806778e-05	   3.9322370e-13	   7.1793340e+01	
  -7.3538634e-04	  -7.1188942e-05	   4.3965685e-04	   1.7075485e-04	  -1.3297420e-13	   7.1800454e+01	
   2.8330351e-03	   2.3294415e-04	   9.8448227e-04	   6.8108942e-05	  -1.8616388e-13	   7.1815812e+01	
  -1.5956268e-04	   7.1561796e-05	   8.5128637e-04	   1.4611914e-04	   4.1791890e-13	   7.1793348e+01	
  -7.0505383e-04	  -2.1547791e-04	  -4.1688872e-04	   2.7598837e-06	  -3.2293733e-14	   7.1803226e+01	
   2.4382456e-03	   2.5708617e-04	   4.2211159e-04	   1.2381536e-05	   1.8806351e-13	   7.1802799e+01	
   1.2787575e-03	   1.5718885e-04	   1.9705698e-03	   2.1392951e-04	  -1.5197051e-14	   7.1803367e+01	
   2.2308575e-03	   2.1851893e-04	  -1.1171739e-03	  -1.4476526e-04	   1.8806351e-13	   7.1803239e+01	
  -2.3455814e-03	  -2.5542580e-04	   1.7932747e-04	   3.5293154e-05	   2.3555429e-13	   7.1799253e+01	
   1.1881804e-03	   1.7681029e-04	   1.5757833e-03	   1.9338128e-04	  -5.1669974e-13	   7.1802359e+01	
  -1.7715959e-03	  -2.0165750e-04	   4.7664164e-04	   6.7964317e-05	  -4.3691522e-14	   7.1797746e+01	
  -2.7747914e-03	  -1.5371363e-04	   8.4839257e-04	   6.8444014e-05	   4.0842075e-13	   7.1810714e+01	
   1.3259404e-03	   1.5550734e-04	  -1.7009077e-03	  -2.5032999e-04	  -3.7992628e-13	   7.1805234e+01	
   5.0638364e-04	   9.6926977e-05	   1.8183818e-03	   2.4699269e-04	  -4.6351006e-13	   7.1803515e+01	
  -2.4095788e-03	  -2.2387578e-04	   1.6220289e-03	   1.7020968e-04	  -2.3365466e-13	   7.1816491e+01	
  -1.5680272e-03	  -3.4026859e-04	  -5.9103338e-04	  -6.9185188e-05	  -4.1601928e-13	   7.1804120e+01	
   1.5091350e-03	   3.7027052e-05	  -2.4429782e-03	  -1.1999840e-04	   5.5089310e-14	   7.1822271e+01	
   2.1154187e-03	   1.3603351e-04	   2.1380506e-03	   1.0683101e-04	   7.5985255e-15	   7.1821329e+01	
  -5.5719016e-05	   4.9520210e-05	   1.3599599e-04	  -4.5827647e-05	  -2.9444287e-13	   7.1791369e+01	
   3.7383390e-04	   8.7216739e-05	   1.3384846e-03	   1.3419343e-04	  -3.9702295e-13	   7.1798836e+01	
   7.7722349e-05	  -2.1809680e-05	  -2.9248248e-03	  -1.5935463e-04	   2.6594839e-14	   7.1821830e+01	
  -2.2484026e-03	  -1.4070458e-04	  -1.8618488e-03	  -8.5110036e-05	   7.2185992e-14	   7.1820135e+01	
  -2.5356113e-03	  -1.3374556e-04	  -1.4320450e-03	  -4.7608256e-05	  -2.4885172e-13	   7.1824369e+01	
  -2.7551829e-03	  -1.0523351e-04	   5.0215440e-04	   4.1937009e-05	   7.5985255e-14	   7.1821584e+01	
   5.9449156e-04	   5.7465402e-06	  -2.7949129e-03	  -1.5614167e-04	   3.5903033e-13	   7.1813775e+01	
  -5.8706804e-04	  -1.1529723e-04	  -1.7677951e-03	  -2.2512796e-04	  -2.6404877e-13	   7.1802778e+01	
  -1.4352249e-03	  -1.2441704e-04	   2.6667757e-03	   2.1472924e-04	  -1.9756166e-13	   7.1816791e+01	
  -2.3263811e-03	  -1.2273901e-04	  -1.4151973e-03	  -4.3694114e-05	  -2.4885172e-13	   7.1822815e+01	
   4.2001144e-04	   1.7462548e-05	   2.8535749e-03	   1.4641338e-04	   3.2863622e-13	   7.1811056e+01	
   2.1543497e-03	   2.6194083e-04	  -5.8266999e-04	  -9.8124236e-05	  -6.6487098e-14	   7.1804592e+01	
  -2.6398029e-03	  -1.2202252e-04	   1.0537929e-03	   6.9347863e-05	   2.6974766e-13	   7.1816536e+01	
  -8.2627895e-04	  -8.3185432e-05	   1.5172919e-03	   1.9198364e-04	  -2.8494471e-14	   7.1800022e+01	
   6.0504836e-04	   9.1866469e-05	   1.8475886e-03	   2.4331187e-04	  -3.4383327e-13	   7.1803001e+01	
   8.0312197e-04	   5.7721237e-05	   2.8515177e-04	   4.8089190e-07	  -2.1465834e-13	   7.1792049e+01	
  -2.3854328e-03	  -1.2851315e-04	  -1.5298785e-03	  -5.1850579e-05	  -1.5197051e-14	   7.1822860e+01	
   2.0746551e-03	   2.9316863e-04	   4.9171841e-04	   3.3160975e-05	  -3.5713070e-13	   7.1807502e+01	
   1.0264630e-03	   1.1333631e-04	  -2.0689747e-03	  -2.7511222e-04	  -8.7383043e-14	   7.1805929e+01	
   7.8561721e-04	   9.4219327e-05	   1.1184037e-03	   7.0119849e-05	   2.1465834e-13	   7.1793041e+01	
   3.0898231e-04	   4.8590641e-05	   1.2391209e-03	   8.4970973e-05	   2.6404877e-13	   7.1790892e+01	
  -1.4422623e-03	  -1.3954929e-04	   4.8589128e-04	   6.0792064e-05	   2.4505244e-13	   7.1792579e+01	
   1.4629099e-03	   1.7218434e-04	  -1.2265510e-03	  -1.9282524e-04	  -2.3365466e-13	   7.1803876e+01	
   1.3283915e-03	   1.4002736e-04	   1.8188946e-04	  -5.4397223e-05	   2.4695208e-14	   7.1798947e+01	
  -1.6190980e-03	  -2.2167352e-04	   1.0044909e-03	   1.4495387e-04	  -2.3555429e-13	   7.1802828e+01	
   1.0033354e-03	   2.6246159e-04	   5.2707350e-04	   5.6886548e-05	  -3.2483697e-13	   7.1806696e+01	
   3.6024600e-05	  -5.8429688e-05	  -1.5200293e-03	  -1.8439529e-04	  -3.9892259e-14	   7.1800858e+01	
   6.5107894e-04	   5.7834385e-05	  -7.6601630e-04	  -2.1737584e-04	   1.2157641e-13	   7.1804688e+01	
   4.4113127e-04	   7.4054583e-05	   1.1161394e-03	   7.6720358e-05	  -3.4953217e-13	   7.1796783e+01	
  -2.5009760e-03	  -2.6219124e-04	  -3.9341257e-04	  -3.0824313e-05	   4.5401190e-13	   7.1798783e+01	
  -2.2723829e-03	  -2.9536714e-04	   7.6989437e-04	   1.1913500e-04	  -4.2931669e-13	   7.1809952e+01	
   2.3226166e-03	   2.9001957e-04	   1.3121077e-03	   1.3245842e-04	  -4.2741706e-13	   7.1814066e+01	
   9.7430033e-05	  -6.6694076e-06	  -2.3743801e-03	  -2.7915116e-04	   2.2795577e-13	   7.1802650e+01	
  -1.4615905e-03	  -1.8097158e-04	   1.3414432e-03	   1.7125199e-04	   1.8616388e-13	   7.1799812e+01	
  -1.9728483e-03	  -2.3629749e-04	  -3.5368727e-04	  -1.6255474e-05	   2.4505244e-13	   7.1799141e+01	
   3.6528666e-05	   2.0014288e-05	   1.5522390e-03	   1.5016234e-04	   2.1655798e-13	   7.1794468e+01	
   9.8015917e-04	   1.3845328e-04	   2.2472611e-03	   2.6829931e-04	  -1.2537567e-13	   7.1810318e+01	
  -2.8474145e-03	  -2.2313120e-04	  -1.0548839e-03	  -7.3367536e-05	  -6.8386730e-14	   7.1820106e+01	
  -2.3360281e-04	   1.8112539e-05	  -1.1816505e-04	   3.2463676e-05	  -2.6974766e-13	   7.1792049e+01	
  -1.3463601e-03	  -1.7946087e-04	  -1.4206088e-03	  -1.5407255e-04	   1.0258009e-13	   7.1801247e+01	
  -4.8992771e-04	  -8.5640296e-05	  -1.9095816e-03	  -2.2171193e-04	   1.3487383e-13	   7.1801239e+01	
  -1.8055373e-03	  -1.6379405e-04	  -2.3054356e-03	  -1.9333552e-04	   2.9444287e-13	   7.1810966e+01	
  -2.1107162e-03	  -3.1106662e-04	  -7.1874110e-04	  -9.0214339e-05	  -4.2931669e-13	   7.1808422e+01	
  -1.5135587e-04	   5.4724367e-06	   3.4926938e-04	   2.3395126e-05	   2.1275871e-13	   7.1790234e+01	
   1.1769795e-03	   1.4879404e-04	   1.6657510e-03	   1.6187933e-04	   4.5211227e-13	   7.1795982e+01	
  -5.5006294e-04	  -7.1328480e-05	  -2.8307544e-03	  -2.2039814e-04	   3.7042812e-13	   7.1812886e+01	
   4.5084343e-04	   7.6702929e-05	   1.0028545e-03	   5.3162058e-05	  -3.5333144e-13	   7.1797677e+01	
  -3.9874821e-04	  -5.6516249e-05	  -2.8651033e-03	  -3.0317483e-04	  -2.6594839e-13	   7.1817321e+01	
   1.3640692e-03	   1.0129358e-04	  -2.2881305e-03	  -2.3501068e-04	   3.7612701e-13	   7.1807743e+01	
   2.2207462e-03	   2.7382384e-04	  -1.7461735e-04	  -5.5133189e-05	  -8.9282675e-14	   7.1808287e+01	
   1.1611140e-03	   1.4141973e-04	   2.1599240e-03	   2.1869601e-04	   2.5834987e-13	   7.1806361e+01	
   8.0930283e-04	   9.4676247e-05	  -1.9499165e-03	  -2.7664931e-04	   4.1791890e-14	   7.1805361e+01	
   1.0642282e-03	   1.2270549e-04	   1.0568062e-03	   1.0123445e-04	   3.5903033e-13	   7.1791765e+01	
  -2.8196561e-03	  -2.3635350e-04	   2.3899407e-04	   4.3680336e-05	   2.3175503e-13	   7.1815491e+01	
  -2.2745232e-03	  -2.2862766e-04	   1.3344090e-03	   1.4080349e-04	   3.7232775e-13	   7.1805324e+01	
  -3.0637013e-03	  -2.5508755e-04	  -3.3138292e-04	  -4.3268494e-06	  -2.7544655e-13	   7.1825220e+01	
  -2.1980212e-03	  -2.3505125e-04	  -1.2519189e-03	  -1.0180070e-04	   3.4763255e-13	   7.1806353e+01	
  -1.0136286e-04	   3.3333870e-06	  -3.2601022e-05	   4.0509441e-06	   3.8942443e-13	   7.1783791e+01	
  -1.5483164e-03	  -2.2333923e-04	  -1.4034495e-03	  -1.7103471e-04	   9.4981569e-14	   7.1805801e+01	
   2.6833815e-03	   2.5879023e-04	  -7.8064380e-04	  -1.0507007e-04	   3.6092996e-14	   7.1816932e+01	
   1.9353338e-03	   2.1892025e-04	   1.6338572e-03	   1.5206322e-04	   1.0447973e-13	   7.1811504e+01	
  -5.3729201e-04	  -7.6293332e-05	  -1.3539253e-03	  -1.6317637e-04	  -9.3081938e-14	   7.1797887e+01	
  -1.2049205e-03	  -1.7829082e-04	  -1.4610809e-03	  -2.0233288e-04	  -1.5766941e-13	   7.1804382e+01	
  -2.3955261e-03	  -2.8943901e-04	   3.2283189e-04	   3.9917109e-05	   1.3487383e-13	   7.1806621e+01	
   8.6617519e-04	   1.0703050e-04	   2.2950503e-03	   2.3735693e-04	   2.1655798e-13	   7.1808115e+01	
   1.8954869e-03	   1.8104813e-04	  -1.8418938e-03	  -2.1216110e-04	   2.7354692e-13	   7.1809393e+01	
   7.4492690e-04	   8.3735033e-05	   2.5844391e-03	   2.6369185e-04	   1.0827898e-13	   7.1813409e+01	
   8.8948739e-04	   1.1381515e-04	  -2.0714705e-03	  -3.1236020e-04	  -3.6092996e-13	   7.1811855e+01	
   7.6172156e-04	   6.4701645e-05	  -1.0827823e-03	  -1.2801835e-04	   2.6974766e-13	   7.1794154e+01	
   7.6560346e-04	   8.5446266e-05	  -1.5956061e-03	  -2.1813315e-04	   2.7544655e-13	   7.1799441e+01	
  -2.8577023e-03	  -2.4692448e-04	   2.6827457e-04	   3.4098966e-05	   2.7354692e-13	   7.1814260e+01	
  -1.1714725e-03	  -1.0051534e-04	  -2.7941670e-03	  -2.1263610e-04	   2.4315282e-13	   7.1817955e+01	
  -5.1809250e-04	  -2.0068525e-05	   1.0408952e-04	   1.1455174e-05	  -2.3745392e-13	   7.1795669e+01	
  -9.2676262e-04	  -8.7382859e-05	   3.5852632e-04	   5.7321578e-05	   1.3297420e-14	   7.1798282e+01	
  -4.8001225e-04	  -3.8176805e-05	   5.8531136e-05	   7.7839551e-06	   1.6716756e-13	   7.1795125e+01	
  -1.1138279e-03	  -1.5388830e-04	  -1.0981834e-03	  -1.3122192e-04	   1.5197051e-13	   7.1799327e+01	
   1.2684282e-03	   1.6476800e-04	   1.4794510e-03	   1.4038731e-04	   4.2171817e-13	   7.1800253e+01	
   2.9861416e-04	   2.8143243e-05	   1.8275345e-04	  -1.8370263e-05	  -5.1100084e-13	   7.1795990e+01	
   1.5408062e-04	   4.2323434e-06	  -3.2391117e-04	  -4.3940966e-05	  -4.2551743e-13	   7.1796297e+01	
   1.4007430e-03	   1.3656102e-04	  -2.0863459e-03	  -2.4727391e-04	   3.1153955e-13	   7.1808019e+01	
  -4.8277403e-04	  -4.4872058e-05	   2.1213785e-04	   2.5236056e-05	   3.7802665e-13	   7.1793616e+01	
  -1.4064119e-03	  -1.9589497e-04	   1.9654541e-03	   2.5740458e-04	  -2.7924582e-13	   7.1818807e+01	
  -2.2205920e-03	  -2.9987474e-04	   1.8194817e-04	   6.0090662e-05	   1.4152254e-12	   7.1438546e+01	
   1.6819238e-03	   2.5405526e-04	   5.9385868e-04	   1.9238292e-05	   4.6161043e-13	   7.1479481e+01	
   1.3331195e-03	   1.6579382e-04	  -1.7089348e-03	  -2.7527689e-04	   1.0713921e-12	   7.1455254e+01	
   9.8754418e-04	   1.5297709e-04	   2.1143468e-03	   2.2637591e-04	   1.2138645e-12	   7.1448498e+01	
  -1.5747800e-03	  -1.6934778e-04	   1.9121291e-03	   2.4714653e-04	   4.8630563e-13	   7.1479436e+01	
  -4.9742474e-04	  -2.4704340e-05	   2.4897243e-03	   2.6905339e-04	   9.4031754e-13	   7.1462145e+01	
  -9.8454836e-04	  -1.7846817e-04	  -1.4590630e-03	  -2.1583739e-04	   1.3544371e-12	   7.1436373e+01	
   1.4712790e-03	   2.0296396e-04	  -9.1641834e-04	  -1.7166759e-04	   1.4171250e-12	   7.1434888e+01	
  -1.8186603e-03	  -2.2652488e-04	   1.9940756e-03	   2.8120948e-04	   6.5157357e-13	   7.1477054e+01	
  -8.9473772e-04	  -9.0751125e-05	   1.6787338e-03	   2.5352682e-04	   1.2860504e-12	   7.1444219e+01	
   1.1481029e-03	   1.1201735e-04	  -2.6545744e-03	  -3.1235529e-04	   1.2936489e-12	   7.1447930e+01	
   1.3845270e-03	   1.7248343e-04	  -2.3119109e-03	  -3.3037338e-04	   1.1549759e-12	   7.1451723e+01	
   2.4819427e-03	   3.4812129e-04	   2.1597339e-04	  -8.1363833e-06	   1.0201020e-12	   7.1459025e+01	
   5.3296735e-04	   6.4790957e-05	  -1.6094247e-03	  -2.9570804e-04	   7.6175218e-13	   7.1467081e+01	
  -1.1700386e-03	  -1.4125822e-04	  -2.5279595e-03	  -2.7248976e-04	   1.4133257e-12	   7.1440278e+01	
   1.6608899e-03	   2.5434304e-04	  -7.2556411e-04	  -1.5481064e-04	   6.8196767e-13	   7.1470073e+01	
   1.5021443e-04	   6.3681897e-05	   2.0805459e-03	   3.0132084e-04	   8.2064076e-13	   7.1465274e+01	
   1.0786277e-03	   1.4416307e-04	   2.4240416e-03	   2.5524065e-04	   1.2708534e-12	   7.1446736e+01	
   2.3150856e-03	   2.1476183e-04	  -1.3696370e-03	  -1.6567211e-04	   1.4285228e-12	   7.1439135e+01	
   1.2950931e-03	   2.0797469e-04	   8.3275253e-04	   6.1134165e-05	   7.2375955e-13	   7.1467588e+01	
  -2.5644445e-03	  -3.5713044e-04	   2.0046095e-04	   4.6665854e-05	   8.0924297e-13	   7.1468431e+01	
  -1.5527629e-03	  -1.8931486e-04	   2.4529570e-03	   3.1900942e-04	   1.0960873e-12	   7.1458816e+01	
   5.1625298e-04	   7.9536813e-05	   2.6705931e-03	   3.0553976e-04	   1.2936489e-12	   7.1444622e+01	
  -1.8674974e-03	  -2.6239925e-04	   9.5733250e-04	   1.6803110e-04	   7.8834703e-13	   7.1466057e+01	
  -5.2915768e-05	  -4.3600588e-05	  -1.1522363e-03	  -1.9928268e-04	   5.3189679e-13	   7.1476763e+01	
  -2.7693706e-03	  -3.0095702e-04	  -4.4450821e-04	  -4.1190981e-05	   1.1929685e-12	   7.1452111e+01	
  -2.8492975e-04	  -4.7919724e-05	  -2.7514772e-03	  -2.9124491e-04	   7.4085624e-13	   7.1473614e+01	
  -1.3802859e-03	  -2.6015590e-04	  -5.1295703e-04	  -6.7131178e-05	   6.2877799e-13	   7.1471381e+01	
   2.4170000e-03	   3.0309170e-04	  -1.6219364e-03	  -2.2744515e-04	   1.4095265e-12	   7.1441853e+01	
  -1.1834488e-03	  -2.3979857e-04	   1.7544233e-04	   4.8879248e-05	   7.6365181e-13	   7.1470633e+01	
   2.6339964e-03	   3.1228129e-04	   6.4500602e-04	   4.0902328e-05	   1.3354409e-12	   7.1441808e+01	
   1.3150441e-03	   1.6636387e-04	   2.3679417e-03	   2.4932128e-04	   9.2132121e-13	   7.1463675e+01	
   1.4888083e-03	   1.2047877e-04	  -2.1944365e-03	  -2.2598807e-04	   6.8386730e-13	   7.1473620e+01	
  -1.1502485e-03	  -1.8986997e-04	   1.4543344e-03	   2.6218721e-04	   7.2565919e-13	   7.1467983e+01	
   6.3676504e-04	   4.3317547e-05	  -2.4751645e-03	  -2.5315028e-04	   5.7748794e-13	   7.1477630e+01	
   1.4964256e-03	   2.0193393e-04	   2.3593123e-03	   2.7609879e-04	   8.9472638e-13	   7.1464399e+01	
  -1.5530359e-03	  -2.6342315e-04	   8.7910163e-04	   1.5033513e-04	   1.3050468e-12	   7.1438530e+01	
   8.0935356e-04	   1.1588668e-04	   1.3119151e-04	   6.1094335e-06	   1.0979869e-12	   7.1449678e+01	
  -1.7902165e-04	  -5.4494013e-05	  -2.6897519e-04	  -4.0094287e-05	   7.3515735e-13	   7.1467312e+01	
  -9.4368047e-05	   1.9159104e-06	   2.4260928e-03	   3.6490109e-04	   6.3827614e-13	   7.1474449e+01	
  -1.4013220e-03	  -2.3075131e-04	   1.0785808e-03	   1.9257296e-04	   8.3203854e-13	   7.1464885e+01	
   1.2277941e-03	   1.9858585e-04	  -5.4533032e-04	  -9.3555779e-05	   1.0846895e-12	   7.1447206e+01	
   6.0103917e-04	   4.3039838e-05	  -2.6901738e-03	  -2.5150522e-04	   6.1738019e-13	   7.1477741e+01	
   1.0592857e-03	   1.5527256e-04	   1.2094575e-03	   1.6490348e-04	   8.3963707e-13	   7.1464147e+01	
   1.1738523e-03	   1.9093606e-04	   1.5443623e-03	   2.1802196e-04	   1.2290615e-12	   7.1445458e+01	
   8.4135203e-05	   2.0412074e-05	   2.4407972e-03	   3.4215930e-04	   8.7573006e-13	   7.1461025e+01	
   6.4205443e-04	   6.6543502e-05	   1.0185499e-03	   9.2034032e-05	   1.2290615e-12	   7.1444339e+01	
   3.9925830e-04	   6.1927417e-05	  -5.7411292e-04	  -8.0258806e-05	   1.2043662e-12	   7.1447034e+01	
  -9.0515974e-04	  -1.4128993e-04	   1.6486131e-03	   2.7936447e-04	   6.5917209e-13	   7.1468834e+01	
  -1.7502544e-05	   1.1363418e-05	   8.7219740e-04	   6.0416275e-05	   8.7762970e-13	   7.1460219e+01	
   6.6970040e-04	   1.0499017e-04	  -4.9393041e-04	  -8.3603760e-05	   8.5863338e-13	   7.1461182e+01	
  -1.4949412e-03	  -2.6511554e-04	   5.3536473e-04	   1.0517086e-04	   4.5781116e-13	   7.1475359e+01	
   6.1381628e-04	   9.0451033e-05	   1.5421913e-03	   2.2738063e-04	   7.9404592e-13	   7.1464564e+01	
   1.0831960e-03	   1.9599033e-04	   1.2016245e-03	   1.7581032e-04	   5.0340231e-13	   7.1474898e+01	
  -4.8357895e-04	  -8.3237811e-05	  -5.6806644e-04	  -8.1352979e-05	   4.7300821e-13	   7.1478518e+01	
   2.6817667e-04	   5.5811349e-05	   2.2388828e-03	   3.4538910e-04	   5.0530195e-13	   7.1477794e+01	
  -1.8063458e-03	  -2.5826374e-04	   8.0622459e-04	   1.2293097e-04	   7.1996030e-13	   7.1464511e+01	
  -1.7115078e-03	  -2.7575465e-04	  -7.1075176e-04	  -1.0631828e-04	   1.0618940e-12	   7.1449185e+01	
  -6.6519052e-05	  -9.3860906e-05	  -1.5321251e-04	  -8.2062043e-05	   6.9716472e-13	   7.1737869e+01	
   2.8345391e-05	  -1.6699765e-05	  -8.7135207e-05	  -2.6338728e-04	   4.6730932e-13	   7.1770837e+01	
  -1.7153795e-04	  -1.5281519e-04	  -5.7192804e-04	  -1.9705362e-04	   7.1996030e-13	   7.1752516e+01	
  -2.4031098e-04	   9.9839637e-05	   8.7553488e-04	   6.8706071e-07	   9.3461864e-13	   7.1745185e+01	
  -6.9941762e-04	   1.0852883e-05	   2.6406644e-04	   4.6005591e-06	   5.2429826e-13	   7.1755832e+01	
  -6.1184089e-04	   2.5344982e-05	  -3.6983365e-04	   2.8546279e-05	   8.6623191e-13	   7.1743609e+01	
   4.8427770e-05	  -2.1922136e-05	  -3.2980384e-04	   1.6062431e-05	   9.4221716e-13	   7.1734800e+01	
  -4.3061978e-04	  -3.3218473e-05	  -5.4976558e-04	   1.3564711e-04	   1.3905302e-12	   7.1720920e+01	
  -3.7848222e-04	  -6.3632984e-05	  -9.5861977e-04	   5.0270018e-05	   7.1996030e-13	   7.1756280e+01	
  -5.5532246e-04	  -4.3206060e-05	  -6.5192571e-04	   9.4818012e-05	   8.1684149e-13	   7.1752622e+01	
   5.2161806e-04	  -3.6010243e-05	   5.3814738e-04	  -1.1814016e-04	   5.4139494e-13	   7.1766747e+01	
  -1.4601099e-04	   1.6945120e-04	   2.2859976e-04	   1.1717354e-04	   1.4114261e-12	   7.1722243e+01	
   1.0001408e-03	   2.5534637e-04	  -5.6986218e-04	  -1.9217047e-04	   1.1625744e-12	   7.1734800e+01	
   1.4487704e-04	  -2.0103599e-04	  -3.0905278e-04	  -1.3291210e-04	   7.4465550e-13	   7.1764216e+01	
  -4.2236755e-04	   1.3864811e-04	   4.3125233e-04	   3.0460776e-05	   5.1480011e-13	   7.1767574e+01	
  -2.7563450e-04	   1.6353279e-04	   3.1829024e-04	   1.2601172e-05	   9.0042527e-13	   7.1751829e+01	
  -1.3941818e-05	  -9.9364040e-05	  -7.5142568e-04	  -3.1478831e-04	   1.4114261e-12	   7.1726827e+01	
  -1.3111024e-04	  -2.3201254e-04	  -2.9876075e-04	  -5.9810468e-06	   1.3221434e-12	   7.1729283e+01	
   1.1885558e-04	   1.2773463e-04	   4.7672710e-04	  -1.2420353e-04	   1.0068046e-12	   7.1748320e+01	
   4.6871753e-04	  -1.6802829e-04	  -3.8198610e-04	  -5.9927711e-05	   5.7368868e-13	   7.1769763e+01	
  -2.9097297e-04	   9.2890836e-05	  -5.9425934e-05	   1.8930952e-04	   8.7193081e-13	   7.1758877e+01	
   2.9526838e-04	   1.1910431e-04	   2.6826037e-04	  -1.8200047e-04	   9.7071164e-13	   7.1752823e+01	
  -2.8726836e-04	  -1.4781053e-05	  -1.6009189e-04	   2.0331911e-04	   1.0713921e-12	   7.1746842e+01	
  -2.4266693e-04	   1.0423521e-04	   9.6295965e-05	   4.5138820e-05	   8.6433228e-13	   7.1747529e+01	
   5.9502346e-04	  -1.5671971e-04	  -3.6946902e-04	  -1.2855412e-05	   4.7110858e-13	   7.1774667e+01	
  -7.1176658e-04	   4.7930330e-05	   7.2702112e-04	   1.9281549e-05	   6.2877799e-13	   7.1759609e+01	
  -1.9824263e-04	  -3.2408857e-05	  -1.2307719e-03	   2.9939148e-05	   5.9458462e-13	   7.1765791e+01	
   7.8481657e-04	  -8.0993193e-05	   1.6912948e-05	  -1.3017058e-04	   1.0789906e-12	   7.1745148e+01	
  -6.2644402e-04	   3.9660705e-05	  -7.3603427e-04	   7.7143556e-05	   8.5293448e-13	   7.1755092e+01	
  -1.4153932e-05	   1.0052944e-04	   4.4985040e-04	  -1.6093462e-04	   5.0720158e-13	   7.1774115e+01	
   7.2625724e-04	   1.9279451e-04	  -7.2397222e-04	  -3.0947910e-04	   1.3050468e-12	   7.1735105e+01	
   6.1284733e-04	  -1.1061382e-04	  -2.5813210e-05	  -1.1588834e-04	   1.2632548e-12	   7.1732246e+01	
   9.7567630e-04	   3.5774089e-04	   5.1246694e-04	   1.3356736e-04	   7.7504960e-13	   7.1765112e+01	
   1.3812642e-04	  -7.2768305e-05	  -3.7383729e-04	   4.9782638e-05	   8.8902749e-13	   7.1746065e+01	
  -9.9813871e-04	   7.1532161e-05	   4.7575107e-04	   3.5445676e-05	   8.1494186e-13	   7.1757503e+01	
  -4.0366045e-04	  -7.3460467e-05	   1.7798221e-03	   4.6613673e-04	   1.1606748e-12	   7.1745132e+01	
   9.9094139e-05	   2.1653242e-04	   2.1977548e-04	  -8.8734889e-05	   5.4899346e-13	   7.1773017e+01	
   5.2634658e-04	   2.3812668e-04	   8.1389370e-04	   2.7799516e-04	   1.1150836e-12	   7.1749516e+01	
   1.1349610e-03	   2.8377729e-05	   7.2395431e-04	  -6.1241050e-05	   1.0580947e-12	   7.1745469e+01	
   4.3850918e-04	  -4.2168698e-05	  -3.3643471e-04	  -3.2080039e-07	   5.6419052e-13	   7.1759229e+01	
   1.4786624e-03	   4.1419746e-04	  -3.6052348e-04	  -1.3263614e-04	   1.1055855e-12	   7.1748254e+01	
   6.5480788e-04	  -1.1543129e-04	  -1.1159078e-04	  -1.3127854e-04	   1.1587751e-12	   7.1741914e+01	
  -1.5386457e-04	   2.9565711e-05	  -3.1703161e-04	   6.3783341e-05	   1.2993479e-12	   7.1721525e+01	
   5.6665466e-04	   5.0546797e-05	   1.2992495e-03	  -1.0749606e-05	   1.0390984e-12	   7.1745723e+01	
   3.8847718e-05	   8.1890898e-05	   7.3330732e-04	  -1.2899962e-04	   5.6229089e-13	   7.1772444e+01	
  -4.3521966e-04	   5.6707550e-05	  -3.3884467e-04	   1.6655238e-04	   6.8956620e-13	   7.1768105e+01	
  -3.2301313e-04	   1.7050653e-04	  -3.5508681e-05	   9.9918962e-05	   7.8644739e-13	   7.1763768e+01	
   1.6933208e-03	   1.2402469e-04	   1.4611869e-04	  -4.0862031e-05	   9.0612416e-13	   7.1753195e+01	
  -1.4508950e-03	  -4.2882668e-04	  -4.8627607e-05	   1.5297333e-05	   1.2575560e-12	   7.1739264e+01	
  -3.6338488e-04	   1.9660491e-05	   1.3049841e-03	   9.2365312e-05	   1.3107456e-12	   7.1724169e+01	
  -2.4414192e-04	  -2.6896833e-04	  -2.1720320e-04	   3.9717980e-05	   6.6487098e-13	   7.1772123e+01	
  -7.6126928e-04	  -1.0015646e-04	  -1.2291856e-03	  -4.6927281e-05	   6.8766656e-13	   7.1761961e+01	
  -1.3717488e-03	  -1.0399525e-04	  -4.8775771e-04	   1.1244446e-05	   5.8318684e-13	   7.1765940e+01	
  -6.4530627e-06	   1.6309766e-04	   4.0704722e-04	  -1.2208438e-04	   1.2974483e-12	   7.1737108e+01	
  -2.2176379e-05	   6.2114583e-05	   9.1324063e-04	  -8.5699302e-05	   9.6881200e-13	   7.1752397e+01	
  -3.6804369e-04	  -3.6998686e-05	  -1.3114663e-03	   4.5614194e-05	   7.2565919e-13	   7.1768017e+01	
   1.2646247e-04	  -5.0266020e-05	  -3.0534703e-04	  -3.9434938e-05	   5.3759569e-13	   7.1761357e+01	
  -9.5719437e-04	  -9.0557169e-06	  -8.5942221e-04	   3.8351046e-05	   5.8318684e-13	   7.1769972e+01	
  -2.8830263e-04	  -2.6593909e-04	  -3.8760965e-04	  -1.2041050e-04	   1.3696342e-12	   7.1733710e+01	
   9.9811565e-05	  -4.0739663e-05	  -3.7353089e-04	  -6.8039687e-05	   1.1188829e-12	   7.1733501e+01	
  -1.6173092e-05	   2.0210798e-04	   3.6934445e-04	  -7.4143415e-05	   1.2974483e-12	   7.1737898e+01	
   1.1508639e-03	   2.8012337e-05	  -1.2119423e-03	  -1.0059579e-04	   1.0333995e-12	   7.1747850e+01	
   1.0980223e-04	   1.3684842e-04	   2.6646372e-05	  -2.1037792e-04	   1.2556563e-12	   7.1742243e+01	
   6.5685419e-04	  -1.4856062e-04	  -4.8914102e-04	  -3.9257366e-05	   4.5781116e-13	   7.1779863e+01	
  -5.6006460e-04	   2.9367164e-05	   5.3528240e-04	   2.7413045e-06	   8.5673376e-13	   7.1751935e+01	
   3.0366630e-04	   9.5528765e-06	  -1.1860127e-04	  -3.7891660e-05	   1.1416784e-12	   7.1730500e+01	
   7.4478673e-05	   5.0272140e-05	   9.9358613e-04	  -7.4160739e-05	   1.2518571e-12	   7.1734330e+01	
   1.1939342e-04	   1.3606659e-04	   4.6666230e-04	  -1.4073492e-04	   1.3772327e-12	   7.1732283e+01	
  -4.4156580e-04	   1.7692527e-04	   2.2027860e-04	  -2.4266260e-05	   8.2064076e-13	   7.1765754e+01	
   3.2655855e-04	  -1.8095097e-04	  -5.5342385e-04	   9.9486289e-06	   8.6813154e-13	   7.1763648e+01	
  -2.9366229e-04	  -9.0299827e-05	   9.3238758e-05	   2.5007941e-04	   8.7573006e-13	   7.1765672e+01	
   7.9415177e-04	  -5.4972138e-05	   3.0450434e-04	  -1.4101984e-04	   1.2176637e-12	   7.1742087e+01	
  -1.9113241e-03	  -9.5338347e-05	  -3.2595796e-04	   2.9041055e-05	   1.3829316e-12	   7.1729657e+01	
   4.2065249e-04	  -1.5260511e-04	   7.1506453e-05	  -1.3180064e-04	   7.0286361e-13	   7.1772600e+01	
  -7.3518145e-04	  -2.5106168e-05	   1.6951172e-03	   1.5277991e-04	   6.1548057e-13	   7.1770009e+01	
   1.4309464e-03	   6.2201065e-05	   1.1536556e-03	  -1.4778421e-05	   7.4465550e-13	   7.1770800e+01	
   7.9031709e-05	   6.1461057e-05	   1.1029898e-03	  -8.5423849e-05	   7.6555145e-13	   7.1769083e+01	
  -2.9335481e-04	  -7.7650072e-05	  -3.6157893e-04	   1.9707845e-04	   6.8576692e-13	   7.1774847e+01	
  -1.0237139e-03	  -3.7256359e-04	  -5.2721175e-05	   5.3562469e-05	   1.3145449e-12	   7.1742071e+01	
  -9.8866791e-04	  -3.5462615e-04	  -7.0654695e-04	  -1.8571538e-04	   1.1359796e-12	   7.1751628e+01	
  -2.4002292e-04	  -1.0603044e-04	  -1.4969925e-04	   2.0491322e-04	   1.0751914e-12	   7.1753980e+01	
   4.4260384e-04	  -1.5355407e-04	   4.8091113e-05	  -1.2866977e-04	   4.6920896e-13	   7.1782118e+01	
  -1.0093562e-03	   1.5812838e-05	   1.0828104e-03	   2.7529995e-05	   7.7125034e-13	   7.1764269e+01	
  -3.2994191e-04	   5.7622596e-05	   2.8857716e-04	   6.8532110e-06	   1.4057272e-12	   7.1718726e+01	
   1.2754833e-04	   3.2763138e-05	   1.0932084e-03	   1.0903107e-05	   1.3886306e-12	   7.1720331e+01	
  -1.0773175e-04	   8.2451468e-06	   1.2051185e-03	  -7.0861747e-05	   1.1929685e-12	   7.1743118e+01	
  -4.4658681e-05	  -1.9510713e-04	  -3.6102211e-04	  -2.0146437e-04	   8.8142896e-13	   7.1765940e+01	
   4.8170363e-04	   9.1461642e-05	   7.6523753e-04	  -3.5984051e-05	   6.7246951e-13	   7.1764558e+01	
   7.3571515e-04	  -3.6232653e-05	  -2.8838011e-05	  -6.1940070e-05	   9.1372269e-13	   7.1752823e+01	
  -1.3276532e-03	  -9.3206026e-05	  -1.5957363e-03	  -5.2313668e-05	   5.0340231e-13	   7.1781470e+01	
  -1.4932586e-03	   1.8350240e-05	  -3.5043092e-05	   4.7710347e-05	   1.1739721e-12	   7.1747052e+01	
   6.5034126e-04	  -4.7138719e-05	  -1.5565890e-03	  -3.4479882e-05	   7.9404592e-13	   7.1770598e+01	
  -9.2839448e-05	  -7.4393492e-05	  -1.3598977e-03	  -7.1776560e-05	   1.2746527e-12	   7.1732307e+01	
  -1.3146474e-03	  -1.0378779e-04	  -5.3726749e-04	   2.6683681e-05	   1.1321803e-12	   7.1742020e+01	
  -9.1992791e-04	   8.8810409e-06	  -7.2978517e-05	   7.3360035e-06	   1.3810320e-12	   7.1721310e+01	
   9.3157386e-04	  -6.7264960e-05	  -1.1676940e-03	  -2.2701746e-05	   1.2765523e-12	   7.1742901e+01	
   1.0709356e-03	  -2.2094036e-05	  -1.3093609e-03	  -2.2656516e-05	   5.5469236e-13	   7.1781842e+01	
  -6.1852562e-04	   8.2475689e-05	  -3.5092475e-04	   1.3005246e-04	   1.3658350e-12	   7.1736585e+01	
  -1.7048570e-03	  -6.1214422e-05	  -1.0689669e-03	  -2.3140769e-05	   8.3963707e-13	   7.1768203e+01	
  -8.8386553e-04	   2.0613951e-05	  -8.2763409e-04	   7.8835595e-05	   8.0354408e-13	   7.1770404e+01	
  -1.2258449e-03	  -7.2118249e-05	  -4.6640874e-04	  -7.4807453e-06	   7.0286361e-13	   7.1762365e+01	
   9.7854515e-04	   4.3936869e-05	   9.6260401e-04	   2.4125170e-05	   1.1910689e-12	   7.1736383e+01	
  -7.8206467e-04	   6.2735514e-06	   1.6393278e-03	   4.5429338e-05	   1.0808902e-12	   7.1753434e+01	
   6.9579912e-04	   3.3740702e-05	  -1.6131570e-03	  -1.0721723e-04	   1.2404593e-12	   7.1736196e+01	
   6.8171797e-04	  -5.5393791e-05	  -1.1609098e-03	   2.0264200e-05	   5.5279274e-13	   7.1781402e+01	
   1.0449643e-03	   4.0224297e-05	   5.0396754e-04	   4.3650445e-06	   6.8956620e-13	   7.1763275e+01	
  -1.7977177e-03	  -1.4472699e-04	   9.4438354e-04	   8.3826276e-05	   7.1426140e-13	   7.1768733e+01	
  -4.6337700e-04	  -3.5757053e-05	   2.0891113e-05	   1.4003111e-05	   7.9784518e-13	   7.1754757e+01	
  -2.4542370e-04	   3.2268471e-05	   1.6654736e-03	   8.9747693e-06	   5.5089310e-13	   7.1783791e+01	
  -1.5255059e-03	   2.3695388e-05	   1.2816875e-04	   3.3688398e-05	   7.7504960e-13	   7.1774123e+01	
   6.7398590e-04	  -9.4227629e-05	  -1.1061432e-03	   5.2875877e-06	   1.1853700e-12	   7.1751054e+01	
   2.1979272e-03	   1.5422194e-04	  -3.0749846e-04	  -7.5172643e-05	   9.4411679e-13	   7.1763962e+01	
   4.5580448e-04	   1.2318064e-05	  -2.1088460e-03	  -7.2692480e-05	   4.7490785e-13	   7.1788577e+01	
  -1.1914577e-03	  -7.4922381e-05	   1.2754328e-03	   1.3911334e-04	   6.6867025e-13	   7.1770988e+01	
   5.8452775e-04	  -6.6196092e-05	  -1.3893570e-03	   8.2109502e-06	   1.1910689e-12	   7.1751747e+01	
  -2.1260869e-03	  -7.7492308e-05	   2.7534571e-04	   4.0330347e-05	   5.5089310e-13	   7.1785576e+01	
  -1.2956856e-03	   3.0903232e-05	   8.2370395e-04	   1.2128635e-05	   1.2195633e-12	   7.1747275e+01	
   1.9839354e-03	   3.8314286e-05	  -3.7357783e-04	  -5.4951574e-05	   6.1548057e-13	   7.1783993e+01	
   1.8007248e-04	  -2.8236025e-05	  -2.0885071e-03	  -1.8998122e-04	   6.9146582e-13	   7.1774011e+01	
  -1.2062472e-03	  -9.6180491e-06	   1.3969977e-03	   4.1688841e-05	   8.1494186e-13	   7.1771786e+01	
   3.4433254e-04	   3.7979960e-06	   8.3522471e-04	  -1.3486748e-04	   1.2689538e-12	   7.1745148e+01	
   7.2718200e-04	   1.5691902e-05	  -1.5467680e-03	  -1.5049950e-04	   1.1226822e-12	   7.1746962e+01	
  -2.1359851e-03	  -2.0014242e-04	  -3.4654228e-04	  -1.2349758e-05	   5.2239863e-13	   7.1779662e+01	
   4.4719876e-04	   3.1932783e-05	   2.1735079e-03	   9.1218512e-05	   1.2119649e-12	   7.1748792e+01	
   2.0730489e-03	   1.0022777e-04	   7.2491790e-04	  -5.6831075e-06	   1.3221434e-12	   7.1743057e+01	
   1.0512642e-03	   4.5632458e-05	  -1.2463445e-03	  -1.5213582e-04	   4.9390416e-13	   7.1778863e+01	
   4.9294037e-04	   7.7981002e-05	   1.5393592e-03	   9.0858598e-05	   8.1684149e-13	   7.1764797e+01	
  -1.2819258e-03	  -1.5357415e-04	  -1.0413399e-03	  -5.2703834e-05	   4.9010490e-13	   7.1778908e+01	
  -2.1057315e-03	  -2.0214422e-04	  -2.7251515e-04	   8.3670267e-06	   6.5347319e-13	   7.1775243e+01	
   9.2994278e-04	   9.2724646e-05	   2.1180804e-03	   1.5364072e-04	   4.6730932e-13	   7.1785948e+01	
  -2.2967406e-03	  -1.4743209e-04	  -7.8245749e-04	  -3.4148904e-05	   6.1738019e-13	   7.1782977e+01	
  -1.6019739e-03	  -1.1761841e-04	  -9.5217717e-04	  -4.8929508e-05	   1.3848313e-12	   7.1730224e+01	
   1.9051529e-03	   1.1221892e-04	  -1.2554696e-03	  -1.0852569e-04	   8.7003117e-13	   7.1769449e+01	
  -3.0755265e-04	  -3.0685574e-05	  -2.0373237e-03	  -1.5897085e-04	   1.1340799e-12	   7.1748283e+01	
  -1.2758420e-03	  -1.1373705e-04	  -4.7449285e-04	   2.8159460e-05	   7.0096397e-13	   7.1768927e+01	
  -6.3168811e-04	   1.7977084e-05	   9.0860041e-04	   8.6483318e-05	   7.4085624e-13	   7.1765829e+01	
   2.0605021e-03	   1.3318902e-04	   2.9854717e-04	  -7.8016267e-06	   1.2423590e-12	   7.1743572e+01	
  -1.4790318e-03	  -1.3576048e-04	  -1.8105847e-03	  -1.4476149e-04	   5.6039126e-13	   7.1781783e+01	
   1.0429136e-03	   8.3076021e-05	   9.4277965e-04	   4.0732544e-05	   6.6867025e-13	   7.1768396e+01	
  -1.2491555e-03	  -8.1029398e-05	   3.9475041e-04	   4.1101194e-05	   5.0150268e-13	   7.1773824e+01	
   1.2480354e-03	   6.5810857e-05	   1.9197874e-04	  -1.1830830e-05	   1.1796711e-12	   7.1738429e+01	
   7.7977401e-04	   1.0084040e-04	   1.3198918e-03	   6.5053170e-05	   4.7870711e-13	   7.1779842e+01	
  -9.8172719e-04	  -6.1058757e-05	  -2.9638078e-04	  -1.3707646e-05	   9.4601643e-13	   7.1751784e+01	
  -1.2608604e-03	  -9.1004641e-05	   3.3389910e-04	   2.3740101e-05	   5.9458462e-13	   7.1769121e+01	
   1.0685064e-03	   1.3133307e-04	   9.4426947e-04	   3.1957499e-05	   5.0150268e-13	   7.1778057e+01	
  -3.3357481e-04	  -2.1732712e-05	  -6.9088069e-04	  -4.0469494e-05	   9.7261127e-13	   7.1750530e+01	
   8.9981446e-05	   4.2427471e-06	  -5.2358560e-05	  -1.8688994e-05	   1.1929685e-12	   7.1733315e+01	
  -1.2321862e-03	  -7.3158514e-05	  -1.1413691e-03	  -3.8169718e-05	   1.3886306e-12	   7.1732150e+01	
  -2.1559727e-03	  -1.5087040e-04	   4.9173871e-04	   5.9780961e-05	   6.5157357e-13	   7.1780200e+01	
   2.3534969e-03	   1.5346585e-04	  -3.6354075e-05	  -4.0261056e-05	   7.9974481e-13	   7.1776967e+01	
  -1.5356080e-03	  -1.1428178e-04	   1.2491508e-03	   1.2030243e-04	   4.9960306e-13	   7.1782844e+01	
  -9.7734461e-04	  -5.5003450e-05	   1.5619458e-03	   1.2767091e-04	   6.6487098e-13	   7.1775213e+01	
  -3.6653447e-04	  -4.9369254e-05	  -2.0105982e-03	  -6.2858106e-05	   1.2955486e-12	   7.1748604e+01	
   1.9427163e-03	   1.5121011e-04	  -2.9613830e-05	  -6.0966761e-05	   1.1036858e-12	   7.1755444e+01	
  -1.4489912e-03	  -1.2088038e-04	  -1.6832730e-03	  -1.1250039e-04	   1.0618940e-12	   7.1758227e+01	
   1.7357276e-03	   1.0959866e-04	  -6.6493434e-04	  -1.0504545e-04	   1.3069464e-12	   7.1741429e+01	
  -1.8630388e-03	  -9.2835898e-05	  -1.2854774e-03	  -4.9634483e-05	   1.1150836e-12	   7.1759415e+01	
   1.4999857e-03	   2.7010034e-05	   1.6456497e-03	   2.6129395e-05	   1.0808902e-12	   7.1766277e+01	
  -1.6964305e-03	  -1.1534742e-04	  -1.5309604e-03	  -8.8354735e-05	   1.0694925e-12	   7.1759863e+01	
  -2.2888947e-03	  -1.3603541e-04	   7.6998251e-04	   6.6861224e-05	   5.7178904e-13	   7.1789757e+01	
  -1.6773529e-03	  -1.7840226e-04	  -6.1086179e-04	  -8.0524660e-06	   9.2891974e-13	   7.1764118e+01	
  -1.7279043e-03	  -1.9178882e-05	   8.3974244e-04	   9.0465357e-06	   6.5917209e-13	   7.1786942e+01	
  -2.0604732e-03	  -1.4343913e-04	  -8.3578555e-04	  -2.9793574e-05	   1.1967678e-12	   7.1752532e+01	
  -2.1057411e-03	  -1.8404305e-04	  -1.1874630e-03	  -7.7000924e-05	   5.8888573e-13	   7.1786428e+01	
   1.9459506e-03	   1.2283257e-04	  -1.3795233e-03	  -1.3228322e-04	   6.0028352e-13	   7.1787412e+01	
   8.5944065e-05	   7.3914506e-05	   1.0452512e-03	   7.0522944e-05	   1.3430394e-12	   7.1733964e+01	
   1.7768911e-03	   1.3810370e-04	  -1.5304059e-03	  -1.6334267e-04	   6.1358094e-13	   7.1784380e+01	
   7.1186071e-04	   1.0632943e-04	   1.1057024e-03	   5.3091969e-05	   5.2239863e-13	   7.1778855e+01	
  -1.4473341e-03	  -9.7161382e-05	  -1.5501964e-03	  -6.8041771e-05	   1.2613552e-12	   7.1748559e+01	
  -1.5720769e-03	  -1.5694332e-04	  -1.2162573e-03	  -8.5305469e-05	   4.7490785e-13	   7.1786181e+01	
  -2.1091502e-03	  -1.8049407e-04	   7.1641588e-05	   2.1409370e-05	   1.0087043e-12	   7.1761163e+01	
  -9.1157752e-04	  -3.1848503e-05	   8.2786167e-04	   1.0151696e-04	   4.9960306e-13	   7.1779266e+01	
   1.3273703e-03	   7.5855804e-05	  -7.1324063e-04	  -1.1709747e-04	   5.8888573e-13	   7.1778550e+01	
   1.1390532e-03	   3.6054752e-05	  -1.3511616e-05	  -8.2939007e-05	   1.2347603e-12	   7.1742318e+01	
  -1.4326034e-03	  -1.2061105e-04	  -1.8670806e-03	  -1.0464344e-04	   1.3563368e-12	   7.1746020e+01	
  -2.0230689e-03	  -1.2668245e-04	  -7.7065622e-04	  -3.4149166e-05	   1.1587751e-12	   7.1754428e+01	
  -1.9972236e-03	  -1.7091340e-04	   5.6324916e-04	   5.5436341e-05	   9.5551459e-13	   7.1764059e+01	
  -2.1265764e-03	  -1.8495260e-04	   4.9732220e-05	   2.0177767e-05	   1.0637936e-12	   7.1757892e+01	
  -2.8757772e-04	  -7.5323497e-05	  -1.0923474e-03	  -1.1978639e-04	   6.3637652e-13	   7.1771391e+01	
   8.5397353e-04	   1.1218605e-04	   1.5306924e-03	   1.1285961e-04	   1.3582365e-12	   7.1739728e+01	
  -5.5602840e-04	  -1.5458553e-05	   1.7605345e-03	   1.2559469e-04	   1.0751914e-12	   7.1756511e+01	
  -2.1748297e-05	   3.6949982e-05	   1.5049477e-03	   8.5636483e-05	   1.0865891e-12	   7.1753166e+01	
  -9.7495916e-04	  -7.3261055e-05	   1.9754188e-03	   1.8020119e-04	   7.9594555e-13	   7.1775235e+01	
   1.6544414e-03	   1.0105996e-04	  -1.7264991e-03	  -1.5452626e-04	   1.1416784e-12	   7.1759266e+01	
  -1.1914581e-03	  -1.0888613e-04	  -1.0290852e-03	  -3.5236776e-05	   8.5863338e-13	   7.1767895e+01	
   7.8561311e-04	   2.0233758e-05	  -2.0711765e-03	  -1.5053565e-04	   1.1549759e-12	   7.1756988e+01	
  -1.7067459e-03	  -1.7121501e-04	  -1.5560474e-03	  -1.3152229e-04	   5.6419052e-13	   7.1785664e+01	
  -7.3550406e-04	  -4.4625748e-05	   2.2008072e-03	   1.7161557e-04	   1.0656932e-12	   7.1762259e+01	
   1.6130047e-03	  -1.2457382e-05	  -9.4285762e-04	  -1.0294052e-05	   1.2062660e-12	   7.1759938e+01	
   2.2231918e-03	   1.8545599e-04	  -2.0718662e-04	  -6.9069369e-05	   1.2917493e-12	   7.1749328e+01	
   1.3069328e-03	   9.7432697e-05	  -1.7287426e-03	  -1.6668705e-04	   5.4139494e-13	   7.1785934e+01	
   7.6932983e-05	  -1.5059272e-05	  -1.1444237e-03	   9.1964862e-05	   1.2917493e-12	   7.1752771e+01	
  -3.6144162e-04	  -7.6704809e-05	  -3.9943104e-04	  -3.3124838e-05	   6.3257724e-13	   7.1770017e+01	
  -1.7667932e-03	  -1.4065638e-04	  -1.2206176e-03	  -6.3193804e-05	   1.0466969e-12	   7.1762901e+01	
  -1.6730853e-03	  -1.4958473e-04	   4.6449909e-04	   9.0831473e-05	   1.1758718e-12	   7.1750904e+01	
   1.3399535e-03	   9.2595032e-05	  -9.7702516e-04	  -1.4945707e-04	   1.1891692e-12	   7.1750410e+01	
   1.4054002e-03	   1.1560776e-04	  -4.6721199e-04	  -8.3356181e-05	   7.4465550e-13	   7.1771062e+01	
   8.3837775e-04	   1.1894444e-04	   2.7075833e-04	  -6.4366471e-05	   1.1530763e-12	   7.1752187e+01	
  -1.0642315e-03	  -5.1314158e-05	   1.3595146e-03	   1.1580008e-04	   1.1340799e-12	   7.1752704e+01	
  -1.1570159e-03	  -1.4100410e-04	  -1.5295456e-03	  -1.4416020e-04	   8.0164444e-13	   7.1772383e+01	
   1.9234615e-03	   1.2925319e-04	  -8.7645514e-04	  -1.1130727e-04	   9.9920615e-13	   7.1766314e+01	
   1.6990448e-03	   8.9389274e-05	  -1.0216868e-03	  -1.0585145e-04	   1.2195633e-12	   7.1751545e+01	
  -3.3566690e-04	  -9.0132188e-05	  -1.5882942e-03	  -1.4755341e-04	   7.1426140e-13	   7.1776468e+01	
  -9.1384242e-04	  -1.3588075e-04	   7.7979830e-06	   1.0365005e-04	   5.9458462e-13	   7.1782693e+01	
  -2.4253204e-03	  -2.1408721e-04	  -5.9515094e-04	  -3.7695629e-05	   4.8440601e-13	   7.1793475e+01	
  -6.1702969e-04	  -4.8724870e-05	   8.5826839e-04	   6.2257085e-05	   7.0286361e-13	   7.1767755e+01	
   2.1633609e-03	   1.3258392e-04	  -1.5647081e-03	  -1.3353889e-04	   6.0788204e-13	   7.1794661e+01	
   2.0251039e-03	   1.7384805e-04	  -1.7342984e-04	  -4.1621281e-05	   5.6419052e-13	   7.1784919e+01	
  -8.9721302e-04	  -7.6258451e-05	  -2.4669933e-03	  -1.8161608e-04	   6.6107172e-13	   7.1789913e+01	
  -2.5849836e-03	  -1.5604844e-04	  -3.2827200e-04	  -1.7864311e-06	   9.7071164e-13	   7.1777080e+01	
   1.3329190e-04	   5.0552392e-05	   3.8047033e-04	   3.5597493e-05	   1.0466969e-12	   7.1750821e+01	
   7.8965959e-04	   7.1764701e-05	   9.2078457e-04	   4.9149066e-05	   6.4587467e-13	   7.1773213e+01	
  -5.5215779e-04	  -5.5972928e-05	  -2.7579652e-03	  -1.9003573e-04	   4.6161043e-13	   7.1802672e+01	
  -9.1144341e-04	  -8.8691454e-05	   1.7191364e-03	   1.8887459e-04	   7.2565919e-13	   7.1777534e+01	
   2.7170277e-03	   1.9215324e-04	   3.8589126e-04	  -7.4152082e-07	   4.7870711e-13	   7.1801329e+01	
   2.1030220e-03	   1.7497875e-04	  -6.4034802e-04	  -9.8270934e-05	   1.2100652e-12	   7.1754951e+01	
  -2.9116534e-04	   4.6082524e-05	   1.5235581e-04	   3.7527946e-05	   6.8766656e-13	   7.1773332e+01	
   4.9587892e-04	   5.2795046e-05	   1.5115036e-03	   1.1866151e-04	   1.1359796e-12	   7.1750023e+01	
  -2.4466849e-03	  -2.4610796e-04	  -4.9983730e-04	  -2.4131059e-05	   4.9390416e-13	   7.1794319e+01	
  -1.4591872e-03	  -1.3879084e-04	   5.0084988e-04	   5.8502946e-05	   8.6813154e-13	   7.1766328e+01	
  -7.6524759e-04	  -4.7116847e-05	   8.8865893e-04	   7.6892390e-05	   7.5035440e-13	   7.1769173e+01	
   1.4566843e-04	  -1.0796697e-05	  -1.2569120e-04	  -3.1376164e-06	   6.4967393e-13	   7.1769181e+01	
  -1.6532543e-03	  -1.3818981e-04	  -1.7156401e-03	  -1.1110343e-04	   1.2936489e-12	   7.1752465e+01	
  -2.9149837e-04	  -5.3689256e-05	  -2.6995723e-03	  -2.3422607e-04	   6.0788204e-13	   7.1795125e+01	
   2.4773417e-03	   2.0838926e-04	  -7.4581472e-05	  -3.0357286e-05	   9.3461864e-13	   7.1774221e+01	
   2.0175552e-03	   3.1236209e-05	   9.9861904e-04	  -2.4799773e-05	   1.1207826e-12	   7.1776571e+01	
   1.9775247e-03	   1.4130163e-04	  -1.7697099e-03	  -1.5657629e-04	   6.2307909e-13	   7.1793191e+01	
   1.1357758e-04	  -1.8728707e-05	  -1.4916868e-04	  -5.5760337e-05	   5.8508647e-13	   7.1774399e+01	
  -9.5567199e-04	  -6.0723710e-05	   3.8885681e-04	   4.1702902e-05	   6.0218314e-13	   7.1775152e+01	
   2.4200878e-03	   2.0379660e-04	   3.3696358e-05	  -2.4992862e-05	   9.5741422e-13	   7.1772362e+01	
   5.1539605e-04	  -1.1893751e-06	  -2.7604719e-03	  -1.5288801e-04	   6.2497872e-13	   7.1802979e+01	
   9.2277964e-04	   2.8066587e-05	  -2.3667921e-03	  -8.9989017e-05	   1.2271619e-12	   7.1765007e+01	
   1.1759625e-03	   9.7523367e-05	  -1.0618450e-03	  -1.2311556e-04	   7.5795293e-13	   7.1772935e+01	
   1.1303634e-03	   9.3330464e-05	  -1.0790941e-03	  -1.2521651e-04	   6.9146582e-13	   7.1775563e+01	
   2.6818973e-03	   9.8418777e-05	   3.2793692e-04	  -5.9410131e-06	   4.5971079e-13	   7.1808549e+01	
  -2.5532171e-03	  -7.8741277e-05	   5.9079511e-04	   1.9585306e-05	   7.3135808e-13	   7.1797491e+01	
   1.1764559e-03	   1.1650656e-04	  -1.6255480e-03	  -1.9535524e-04	   5.2049900e-13	   7.1788234e+01	
  -2.1512444e-03	  -2.1969357e-04	   9.5420601e-04	   9.8710792e-05	   7.5985255e-13	   7.1781224e+01	
  -6.8630787e-04	  -1.1332760e-05	  -2.0737156e-03	  -2.2769428e-05	   1.0011058e-12	   7.1780208e+01	
  -6.4006860e-04	  -2.3365717e-05	   9.8807583e-04	   7.8503084e-05	   4.8820526e-13	   7.1784470e+01	
  -1.4679328e-03	  -1.7247476e-04	  -4.8225825e-04	   4.1662017e-06	   5.9458462e-13	   7.1785889e+01	
   2.7261812e-03	   1.7656700e-04	  -5.4711753e-04	  -5.6564163e-05	   8.5483412e-13	   7.1788144e+01	
  -1.5472948e-03	  -1.6963046e-04	  -8.2422925e-04	  -6.0131558e-05	   5.7938757e-13	   7.1785553e+01	
   1.8464083e-03	   1.6452887e-04	  -1.2822366e-03	  -1.4160042e-04	   1.2727531e-12	   7.1754158e+01	
  -2.7535334e-03	  -1.7461648e-04	  -2.2345731e-04	  -1.0250738e-05	   1.0447973e-12	   7.1776407e+01	
   6.0600472e-04	   1.9922558e-05	  -2.6786025e-03	  -1.3455281e-04	   1.2062660e-12	   7.1770054e+01	
   1.6112002e-03	   1.3930911e-04	   1.8044856e-03	   1.4236087e-04	   1.3392401e-12	   7.1751994e+01	
  -9.3281346e-04	  -4.6285896e-05	  -2.6331704e-03	  -1.1871604e-04	   4.9580379e-13	   7.1806860e+01	
  -9.1569022e-05	  -8.1009123e-06	  -2.5323089e-03	  -7.7638508e-05	   1.1663737e-12	   7.1771861e+01	
  -2.0581436e-03	  -2.1594303e-04	  -7.1634693e-04	  -5.1901806e-05	   8.0734333e-13	   7.1780603e+01	
  -2.4927317e-03	  -1.0207914e-04	  -7.8430367e-04	  -3.1263641e-05	   1.2993479e-12	   7.1762813e+01	
  -1.4908590e-03	  -1.6148237e-04	  -1.8321297e-03	  -1.9058834e-04	   6.5537282e-13	   7.1786248e+01	
  -9.5527845e-04	  -8.7846381e-05	  -2.8034939e-03	  -1.8125390e-04	   5.9458462e-13	   7.1805958e+01	
  -7.8149016e-04	  -3.1714945e-05	   7.4380720e-04	   1.2508524e-04	   5.2429826e-13	   7.1788226e+01	
  -1.1743441e-03	  -1.1085461e-04	   2.1832158e-03	   2.0121795e-04	   9.4031754e-13	   7.1776587e+01	
  -2.5726780e-03	  -2.0477572e-04	   8.0754104e-04	   6.7749946e-05	   9.0612416e-13	   7.1783120e+01	
   1.9125879e-03	   1.5072814e-04	  -2.0260333e-03	  -1.7722603e-04	   5.5089310e-13	   7.1799940e+01	
  -3.1794860e-04	  -9.5747041e-06	   3.2453350e-05	   6.8260790e-06	   8.8332859e-13	   7.1766404e+01	
   1.3764418e-03	   1.3369194e-04	   1.4205813e-03	   1.2800166e-04	   1.3278424e-12	   7.1747582e+01	
   1.4300132e-04	  -2.2819845e-05	  -2.6753889e-03	  -8.8023133e-05	   6.4017577e-13	   7.1809197e+01	
   1.2123326e-03	   7.0441117e-05	  -2.5828941e-03	  -1.7696980e-04	   9.0802380e-13	   7.1786741e+01	
  -9.3391913e-04	  -7.8296883e-05	   2.4311884e-03	   1.9252967e-04	   1.0675928e-12	   7.1772540e+01	
   1.7307796e-03	   2.0289674e-04	   1.7004961e-03	   1.6103502e-04	   6.4587467e-13	   7.1793892e+01	
  -3.7955668e-05	  -4.4329162e-05	  -1.5214401e-04	   3.0847579e-06	   1.2632548e-12	   7.1745535e+01	
  -1.8136434e-03	  -1.7068682e-04	   1.2671515e-03	   1.1986478e-04	   1.3335413e-12	   7.1750941e+01	
  -6.8319346e-04	  -8.7162885e-05	  -8.0318233e-04	  -1.2702459e-05	   4.7300821e-13	   7.1786993e+01	
  -2.3955015e-03	  -1.5961856e-04	  -1.2359962e-03	  -7.4714170e-05	   1.2252622e-12	   7.1767216e+01	
   2.0516240e-03	   1.7995202e-04	  -6.0022572e-04	  -9.1007135e-05	   9.7831019e-13	   7.1772824e+01	
   2.3994202e-03	   1.8021813e-04	   2.3135299e-04	  -1.3543715e-05	   1.2461582e-12	   7.1762259e+01	
  -4.7183445e-04	  -6.2564371e-05	  -2.7348115e-03	  -2.1795481e-04	   5.9458462e-13	   7.1802300e+01	
   7.5076287e-04	   9.0076030e-05	   1.8530711e-03	   1.7768526e-04	   6.6867025e-13	   7.1786420e+01	
  -1.9325618e-03	  -1.6536226e-04	   9.8270612e-04	   9.5655892e-05	   1.2195633e-12	   7.1758423e+01	
   1.7606947e-03	   1.5561895e-04	   1.8785959e-03	   1.5369270e-04	   9.9730645e-13	   7.1776155e+01	
  -1.0844729e-03	  -2.2846257e-04	  -5.8504918e-04	  -3.7985825e-05	   7.8644739e-13	   7.1785539e+01	
   2.4973803e-03	   2.4778057e-04	  -2.9889719e-04	  -4.9855210e-05	   7.0286361e-13	   7.1789786e+01	
  -7.0425655e-04	  -7.3175344e-05	  -2.2758362e-03	  -2.1098337e-04	   1.3981287e-12	   7.1748837e+01	
   2.6323558e-03	   1.9484704e-04	  -2.1902164e-04	  -5.2550785e-05	   8.2823928e-13	   7.1790900e+01	
  -1.5866842e-03	  -1.5519960e-04	   1.9924649e-03	   2.0131970e-04	   4.7110858e-13	   7.1800343e+01	
  -1.0164944e-03	  -2.3426081e-04	  -5.3652053e-04	  -3.4864425e-05	   4.5591153e-13	   7.1798401e+01	
  -1.1027863e-03	  -1.9026612e-04	   3.2468377e-04	   1.3429190e-04	   4.5971079e-13	   7.1798133e+01	
   1.0740446e-05	  -1.1759645e-05	  -1.5369335e-03	  -1.7046663e-04	   6.8956620e-13	   7.1779916e+01	
   1.7835601e-04	   3.6354176e-05	   2.0847811e-03	   1.8595874e-04	   1.1112843e-12	   7.1765007e+01	
  -2.0120415e-04	  -1.1545643e-04	  -1.1577714e-03	  -1.6275557e-04	   9.6311311e-13	   7.1776295e+01	
   1.5094881e-03	   1.3904221e-04	  -9.9760843e-04	  -1.6014559e-04	   6.6487098e-13	   7.1788443e+01	
  -1.5271086e-03	  -1.7385205e-04	   7.6745132e-04	   9.0491774e-05	   7.8074850e-13	   7.1777444e+01	
   2.1676002e-03	   1.1280412e-04	  -1.2991744e-03	  -1.1487127e-04	   1.4095265e-12	   7.1758669e+01	
  -7.4951458e-04	  -1.0446873e-04	  -1.3801579e-03	  -1.4270284e-04	   6.0978167e-13	   7.1785553e+01	
   5.6623972e-05	  -6.6372534e-05	  -1.3228843e-03	  -2.3584949e-04	   8.7003117e-13	   7.1781977e+01	
  -7.6669928e-05	  -3.8004420e-05	  -2.7556278e-03	  -2.2683220e-04	   5.5469236e-13	   7.1805046e+01	
  -1.5446205e-03	  -1.5945608e-04	  -7.7503761e-04	  -4.4653518e-05	   8.2823928e-13	   7.1777057e+01	
   2.6857499e-03	   2.2835661e-04	   4.9239284e-04	   5.9422911e-06	   5.2619789e-13	   7.1805353e+01	
  -2.0860655e-03	  -1.8869978e-04	   1.2881228e-03	   1.3612016e-04	   7.0666287e-13	   7.1792011e+01	
   7.1905364e-04	   2.3494906e-05	  -1.3456382e-03	  -1.5010091e-04	   5.9458462e-13	   7.1786136e+01	
  -1.6858516e-03	  -1.3697705e-04	   1.5278686e-03	   1.4503002e-04	   1.1777715e-12	   7.1764134e+01	
   7.6814627e-04	   1.2869476e-04	   1.5961610e-04	  -7.5710503e-05	   5.2049900e-13	   7.1794460e+01	
  -1.8521953e-03	  -1.8003122e-04	   8.8747265e-04	   1.0380343e-04	   8.6053301e-13	   7.1779110e+01	
   1.0685820e-04	  -4.2523611e-06	  -9.2742448e-04	  -9.4977406e-05	   6.1548057e-13	   7.1783821e+01	
  -1.7911474e-03	  -1.7380704e-04	   1.0416021e-03	   1.1923458e-04	   8.4913523e-13	   7.1780073e+01	
   7.4734208e-04	   6.8495686e-05	   8.2704801e-05	  -7.1975300e-06	   6.7816840e-13	   7.1781873e+01	
   1.4251467e-03	   2.5478533e-04	   3.7887620e-04	   1.2434123e-05	   1.3525375e-12	   7.1759789e+01	
   1.8801885e-03	   1.2651973e-04	  -1.5217060e-03	  -1.4514132e-04	   1.1625744e-12	   7.1768463e+01	
   1.5848026e-04	   1.9205658e-05	   2.5356828e-03	   2.5205140e-04	   5.2999716e-13	   7.1799268e+01	
  -8.8343653e-04	  -1.5158695e-04	  -1.0829576e-03	  -8.0381806e-05	   1.2290615e-12	   7.1757781e+01	
   2.3265461e-03	   1.5801661e-04	  -6.3479563e-04	  -7.7853942e-05	   1.2537567e-12	   7.1763431e+01	
  -2.2778744e-03	  -1.9639328e-04	   7.0264327e-04	   7.4800225e-05	   9.5171532e-13	   7.1778401e+01	
  -2.4868902e-03	  -2.2774648e-04	  -9.5250556e-05	   1.9742337e-05	   7.3515735e-13	   7.1793139e+01	
  -1.7840339e-03	  -1.3563653e-04	  -1.9137524e-03	  -1.1815180e-04	   1.1416784e-12	   7.1773884e+01	
  -2.2498632e-03	  -1.9447110e-04	   1.4740999e-03	   1.3433850e-04	   6.4777430e-13	   7.1797998e+01	
   6.8422479e-04	   3.8697801e-05	  -2.4051087e-03	  -2.4348873e-04	   5.9838389e-13	   7.1797521e+01	
  -8.0237257e-04	  -5.9021609e-05	   2.1404533e-03	   1.9320741e-04	   1.1264814e-12	   7.1768344e+01	
   2.5947819e-03	   2.2487643e-04	  -2.2638637e-04	  -5.4128958e-05	   5.7368868e-13	   7.1801165e+01	
  -1.3507300e-03	  -1.7213461e-04	  -1.6015519e-03	  -1.3437432e-04	   1.3297420e-12	   7.1757810e+01	
  -5.1238741e-04	  -1.5508248e-05	   1.0976934e-03	   2.1020713e-04	   7.4275587e-13	   7.1788667e+01	
   2.3669923e-05	   9.7124109e-06	   2.5739740e-03	   2.4588648e-04	   4.7300821e-13	   7.1802987e+01	
  -1.2610126e-03	  -1.3581255e-04	  -2.1585083e-03	  -1.8391722e-04	   7.2945845e-13	   7.1792638e+01	
  -1.7604757e-03	  -1.5040704e-04	   1.8295932e-03	   1.6777712e-04	   7.2945845e-13	   7.1793139e+01	
  -5.7013097e-04	  -8.6578734e-05	  -2.3843563e-03	  -2.3405660e-04	   5.4899346e-13	   7.1799022e+01	
  -1.2347239e-03	  -1.3059179e-04	   4.1398032e-04	   1.1729032e-04	   9.2322085e-13	   7.1775452e+01	
   1.6644833e-03	   1.2725594e-04	  -1.7270389e-03	  -1.8895599e-04	   1.3468386e-12	   7.1760041e+01	
   3.7492671e-04	  -1.7824298e-06	  -2.7488278e-04	  -1.7891430e-05	   7.0476325e-13	   7.1779110e+01	
  -2.2775763e-04	   4.2629867e-05	   9.8888183e-04	   1.4212367e-04	   9.8400910e-13	   7.1773974e+01	
  -2.3273396e-03	  -2.2469231e-04	   1.1543289e-03	   1.2185163e-04	   6.1358094e-13	   7.1798170e+01	
  -2.4393181e-03	  -2.7255509e-04	  -4.9403065e-04	  -4.4112686e-05	   6.8766656e-13	   7.1792512e+01	
  -1.9110765e-03	  -1.9341400e-04	  -1.6061375e-03	  -1.3136383e-04	   6.4587467e-13	   7.1796603e+01	
   3.1318205e-06	   5.3026749e-06	   1.3832910e-03	   1.2953399e-04	   1.2841508e-12	   7.1749434e+01	
   1.1541685e-03	   7.7327490e-05	  -2.2766189e-03	  -2.2353793e-04	   6.8956620e-13	   7.1796656e+01	
  -2.4303734e-03	  -2.1347360e-04	  -2.6371764e-04	   1.0136684e-06	   9.5931384e-13	   7.1780940e+01	
   5.4923614e-04	   2.6467444e-05	  -2.5179057e-03	  -2.4935404e-04	   4.6540968e-13	   7.1804621e+01	
   3.8887506e-05	  -3.1910902e-05	  -2.4030098e-03	  -2.2639242e-04	   9.7641048e-13	   7.1780051e+01	
  -1.2883382e-03	  -1.4508424e-04	   1.1232169e-03	   1.2468634e-04	   7.6555145e-13	   7.1781274e+01	
   6.3257420e-04	   7.7980726e-05	   2.1927850e-03	   2.1164942e-04	   6.9716472e-13	   7.1791788e+01	
  -1.2719999e-03	  -2.1425075e-04	  -1.7112640e-04	   4.1114717e-05	   1.3240430e-12	   7.1759670e+01	
  -2.4960633e-03	  -2.2277804e-04	  -5.6865381e-04	  -2.9745509e-05	   7.3705698e-13	   7.1794377e+01	
   3.9287669e-04	   4.4777795e-05	   2.4688019e-03	   2.1860573e-04	   7.9974481e-13	   7.1790062e+01	
   5.3230416e-05	   1.9536724e-05	   2.1094875e-03	   2.0656448e-04	   8.7003117e-13	   7.1781595e+01	
   3.8788607e-04	   5.0947295e-05	   8.8284480e-04	   6.0214091e-05	   9.2702011e-13	   7.1770285e+01	
   1.2825306e-03	   1.4467764e-04	   1.5737928e-03	   1.3375419e-04	   8.7003117e-13	   7.1781269e+01	
   2.5152574e-03	   2.2025604e-04	  -3.2025693e-04	  -6.0057121e-05	   8.8712786e-13	   7.1786091e+01	
   2.2952900e-03	   2.1769560e-04	   3.9210698e-04	   6.0559880e-06	   1.1454777e-12	   7.1769516e+01	
  -9.8774871e-04	  -9.6994020e-05	   6.7799697e-04	   6.5183796e-05	   1.1264814e-12	   7.1757452e+01	
  -1.8033778e-03	  -1.8446411e-04	   5.5664705e-04	   7.9427916e-05	   6.8766656e-13	   7.1788786e+01	
  -9.7656484e-04	  -1.3593544e-04	  -1.7155963e-03	  -1.6651509e-04	   6.6487098e-13	   7.1790720e+01	
   1.5208357e-03	   9.9649027e-05	  -2.1268384e-03	  -1.8004367e-04	   1.2081656e-12	   7.1771091e+01	
   2.2285169e-03	   2.0537792e-04	   1.1020774e-03	   7.2042521e-05	   9.2132121e-13	   7.1784067e+01	
   4.2299011e-04	   4.7051823e-05	   5.7517676e-04	   2.5946510e-05	   1.3164445e-12	   7.1750007e+01	
  -1.0722955e-03	  -1.0452523e-04	   1.6246118e-03	   1.9087876e-04	   5.3569605e-13	   7.1795879e+01	
  -8.7525519e-04	  -6.7778162e-05	   1.5092620e-03	   1.6355414e-04	   7.7504960e-13	   7.1784216e+01	
   2.1942993e-03	   1.5362658e-04	   1.8099750e-03	   1.1189388e-04	   6.6677062e-13	   7.1803711e+01	
   2.2090121e-03	   2.1401718e-04	   7.0408436e-04	   3.5239447e-05	   9.7641048e-13	   7.1779341e+01	
   1.0137807e-03	   1.3087973e-04	   1.7317602e-03	   1.6859843e-04	   6.1927983e-13	   7.1793900e+01	
  -7.4844475e-04	  -7.1105938e-05	   1.0150046e-03	   1.1045690e-04	   4.9010490e-13	   7.1789256e+01	
  -1.6158695e-03	  -1.8324216e-04	  -6.0499990e-04	  -1.7185894e-05	   8.4533596e-13	   7.1782186e+01	
   1.3426509e-03	   1.4645711e-04	   1.4011235e-03	   1.1054766e-04	   1.0504961e-12	   7.1771630e+01	
  -7.9680758e-04	  -8.9744038e-05	  -2.4218232e-03	  -2.0724839e-04	   1.1663737e-12	   7.1771771e+01	
  -6.1526867e-04	  -4.1451896e-05	   3.0860557e-04	   2.7335643e-05	   1.1796711e-12	   7.1756376e+01	
  -2.0823004e-03	  -2.1335992e-04	   6.7045579e-04	   9.1225062e-05	   7.5415365e-13	   7.1789189e+01	
   2.4528930e-03	   2.2027260e-04	  -2.3674069e-04	  -5.4073697e-05	   8.8522822e-13	   7.1786136e+01	
  -8.8888059e-04	  -1.1922975e-04	  -1.8990508e-03	  -1.7892071e-04	   9.4411679e-13	   7.1778333e+01	
  -2.6427411e-04	  -6.3962290e-05	  -2.0923059e-03	  -2.0589577e-04	   1.0884888e-12	   7.1772563e+01	
  -8.1823802e-05	  -2.8458400e-05	  -2.5483556e-03	  -2.3091234e-04	   1.0694925e-12	   7.1777155e+01	
  -4.1584528e-04	  -5.2053570e-05	  -2.5587876e-03	  -2.0523395e-04	   1.3316416e-12	   7.1764104e+01	
  -1.5551939e-03	  -1.0366537e-04	   2.1715711e-03	   1.4464000e-04	   1.2974483e-12	   7.1768150e+01	
   1.9236021e-03	   2.0334033e-04	   1.0321199e-03	   8.0965530e-05	   1.0580947e-12	   7.1773011e+01	
   1.2702068e-03	   1.1431954e-04	  -3.7167178e-04	  -6.0643458e-05	   9.9730645e-13	   7.1766590e+01	
   2.9530791e-04	  -1.2813689e-05	  -1.4646301e-03	  -2.7129266e-04	   7.9404592e-13	   7.1790205e+01	
   4.7944636e-04	   1.7857529e-05	  -2.4095112e-03	  -2.2541932e-04	   1.0428976e-12	   7.1778088e+01	
  -1.9736704e-03	  -1.8960961e-04	   8.9796180e-04	   1.0358807e-04	   1.0182024e-12	   7.1775309e+01	
  -2.5431927e-03	  -1.4045416e-04	  -1.8217034e-04	   1.4058389e-06	   1.3905302e-12	   7.1763574e+01	
  -8.9986752e-04	  -1.2298998e-04	  -1.7216218e-03	  -1.5550352e-04	   1.0390984e-12	   7.1772816e+01	
  -2.2663377e-03	  -1.8953678e-04	  -1.3357929e-03	  -9.1843797e-05	   1.1948681e-12	   7.1773160e+01	
   3.9577046e-04	   1.3306220e-04	   1.1225888e-03	   1.6839114e-04	   9.4601643e-13	   7.1781961e+01	
  -1.4583627e-03	  -2.1588720e-04	   7.0253538e-04	   1.6203872e-04	   1.4038276e-12	   7.1760086e+01	
  -1.9620004e-03	  -2.1160656e-04	  -1.2320154e-03	  -9.2466968e-05	   9.3841790e-13	   7.1782731e+01	
   8.4588637e-04	   1.0052752e-04	   1.6430411e-03	   1.4179986e-04	   1.0504961e-12	   7.1771510e+01	
   4.7104125e-04	   1.8977106e-05	  -7.6837195e-04	  -6.9893255e-05	   6.7626877e-13	   7.1782664e+01	
  -1.1325367e-04	   2.2045328e-05	   1.2687988e-03	   9.6951052e-05	   8.2444002e-13	   7.1778863e+01	
   2.2624554e-03	   2.2767568e-04	  -1.0928862e-04	  -4.9950616e-05	   7.7884887e-13	   7.1790884e+01	
  -1.5503279e-03	  -1.7167996e-04	  -1.6272675e-03	  -1.3326974e-04	   1.1245818e-12	   7.1772577e+01	
  -1.8274365e-03	  -1.5694293e-04	   1.2932169e-03	   1.3067390e-04	   1.3126453e-12	   7.1762147e+01	
   1.9880176e-03	   1.8099126e-04	   1.5350412e-03	   1.1490002e-04	   1.1112843e-12	   7.1776691e+01	
   2.3260430e-03	   2.0383297e-04	  -2.0954894e-04	  -6.2692931e-05	   1.1948681e-12	   7.1772532e+01	
  -2.1726693e-03	  -1.7161019e-04	  -1.2688334e-03	  -6.3671755e-05	   1.3924298e-12	   7.1764829e+01	
  -1.9651067e-03	  -1.9218194e-04	  -1.5484959e-03	  -1.2149296e-04	   9.3651827e-13	   7.1785553e+01	
   1.5342298e-04	   3.2417944e-05	   1.9258401e-03	   1.8385753e-04	   1.0428976e-12	   7.1773301e+01	
   1.3984034e-03	   1.3662712e-04	   1.9585518e-03	   1.4529610e-04	   1.3126453e-12	   7.1766336e+01	
   2.7143543e-04	   2.5872275e-06	  -2.6678027e-03	  -2.1036720e-04	   1.1226822e-12	   7.1779775e+01	
   1.0275283e-03	   9.0475735e-05	   1.1961631e-04	  -2.3354195e-05	   1.3905302e-12	   7.1747028e+01	
  -2.0561975e-03	  -1.9186744e-04	   3.0952638e-04	   5.7816896e-05	   1.3335413e-12	   7.1760722e+01	
  -2.0669029e-03	  -2.0989354e-04	  -4.2226558e-04	  -4.9613316e-06	   1.2385597e-12	   7.1767158e+01	
   2.0725442e-03	   1.2562390e-04	   1.6535653e-03	   8.3304386e-05	   1.2784519e-12	   7.1772847e+01	
  -9.5039966e-04	  -1.1194084e-04	  -1.1442495e-03	  -1.1475815e-04	   1.1796711e-12	   7.1759229e+01	
   8.4301409e-04	   9.1834826e-05	   2.1849215e-03	   2.0973753e-04	   1.0314999e-12	   7.1778452e+01	
   1.1941677e-03	   1.3533569e-04	   1.8525892e-03	   1.8078313e-04	   1.0277006e-12	   7.1777296e+01	
  -3.1571812e-04	  -1.1276733e-05	   5.7053762e-04	   3.6052822e-05	   1.2670542e-12	   7.1753076e+01	
  -1.5490871e-03	  -1.4891132e-04	  -1.9094101e-03	  -1.3987923e-04	   1.2556563e-12	   7.1770659e+01	
   2.4905472e-03	   1.8862643e-04	   5.2908732e-04	   7.5088348e-06	   1.2461582e-12	   7.1773452e+01	
   3.1515819e-04	   2.9363777e-05	  -3.1821739e-04	  -4.3188319e-05	   1.0561950e-12	   7.1766291e+01	
  -7.2912882e-04	  -8.9168575e-05	  -6.9851262e-04	  -7.2951096e-05	   1.1682733e-12	   7.1760311e+01	
   2.0958582e-03	   1.5711979e-04	   1.5855132e-03	   9.1572122e-05	   1.1834704e-12	   7.1778579e+01	
  -1.6349002e-03	  -1.6762439e-04	  -1.8390757e-03	  -1.4531825e-04	   1.0466969e-12	   7.1781985e+01	
  -1.9971947e-03	  -2.0057599e-04	  -6.6293513e-04	  -2.9756867e-05	   1.3221434e-12	   7.1762558e+01	
  -1.4639362e-04	  -2.1639878e-06	   2.3346510e-03	   1.9942757e-04	   1.3316416e-12	   7.1764163e+01	
  -1.0351296e-03	  -1.1066901e-04	  -2.5294378e-04	  -1.5567620e-05	   1.2347603e-12	   7.1755757e+01	
   6.8668452e-04	   5.0704347e-05	  -1.2348143e-03	  -1.3851972e-04	   9.9540684e-13	   7.1768837e+01	
  -1.1208516e-04	  -2.9414373e-06	   9.5901633e-04	   7.2751636e-05	   9.6881200e-13	   7.1768747e+01	
  -7.3952670e-04	  -6.5821282e-05	   1.9628866e-03	   2.1350279e-04	   7.7884887e-13	   7.1790906e+01	
  -7.4030879e-04	  -1.0160568e-04	  -2.0770635e-03	  -1.8370895e-04	   1.3126453e-12	   7.1764402e+01	
   5.7294501e-05	   1.3693549e-05	   1.0969329e-03	   8.8186736e-05	   1.1720725e-12	   7.1759065e+01	
  -7.9345937e-04	  -1.0618984e-04	  -2.0324959e-03	  -1.7668158e-04	   1.3829316e-12	   7.1760110e+01	
   2.6159931e-03	   1.8235500e-04	   8.4517764e-04	   3.5473027e-05	   1.0561950e-12	   7.1787762e+01	
   1.7526875e-03	   1.3519671e-04	  -1.8347047e-03	  -1.8883552e-04	   9.0042527e-13	   7.1791070e+01	
  -2.6739022e-03	  -1.6865843e-04	  -8.3149878e-04	  -3.9345022e-05	   1.0087043e-12	   7.1791788e+01	
   2.1960256e-03	   1.5488220e-04	  -1.7348197e-03	  -1.5085074e-04	   9.2322085e-13	   7.1794162e+01	
  -8.7848316e-04	  -7.9417475e-05	   5.8498966e-04	   5.3644163e-05	   1.3240430e-12	   7.1750179e+01	
   2.0038435e-03	   1.2676207e-04	  -1.7262878e-03	  -1.4783657e-04	   1.1777715e-12	   7.1780096e+01	
  -2.1673323e-03	  -2.5713766e-04	   2.3687059e-06	   1.1438894e-05	   9.3461864e-13	   7.1782290e+01	
  -8.7619412e-04	  -6.5086818e-05	  -2.5954260e-03	  -1.4870932e-04	   1.2746527e-12	   7.1777444e+01	
   1.0014863e-03	   9.5664617e-05	  -1.1891171e-03	  -1.4496931e-04	   1.0125035e-12	   7.1771659e+01	
  -1.5588448e-03	  -1.7883313e-04	  -8.8794661e-04	  -9.5235703e-05	   1.2689538e-12	   7.1760049e+01	
  -1.0104062e-03	  -9.6010384e-05	   2.3874803e-04	   3.3587611e-05	   1.3943295e-12	   7.1747328e+01	
  -1.7923024e-03	  -2.0308426e-04	  -9.7048519e-04	  -9.8780768e-05	   1.3981287e-12	   7.1756055e+01	
  -8.0359763e-05	  -1.3268844e-05	   4.0067071e-04	   4.2452740e-05	   1.3848313e-12	   7.1750635e+01	
  -2.6848634e-03	  -1.6083865e-04	  -1.9594935e-04	   1.5207093e-05	   1.4000283e-12	   7.1774616e+01	
  -9.8190012e-04	  -2.2321085e-04	  -1.0387813e-03	  -1.3717082e-04	   7.5225403e-13	   7.1797865e+01	
   1.9080335e-04	  -3.7233172e-05	  -1.4855378e-03	  -2.4176026e-04	   1.3506379e-12	   7.1766940e+01	
  -1.0434591e-03	  -1.9369893e-04	  -7.7247930e-04	  -5.6937609e-05	   1.2005670e-12	   7.1772047e+01	
   4.3175117e-04	   9.8147764e-06	  -1.3518599e-03	  -2.6245543e-04	   6.1548057e-13	   7.1804144e+01	
  -1.5769517e-03	  -1.8499721e-04	   8.5869635e-04	   9.3817242e-05	   1.0333995e-12	   7.1773659e+01	
   1.6079347e-04	  -4.2702564e-05	  -1.4934139e-03	  -2.4413936e-04	   1.0542954e-12	   7.1783746e+01	
   9.9461523e-04	   1.3136021e-04	  -1.1789489e-03	  -2.4556726e-04	   8.7003117e-13	   7.1794648e+01	
   3.7209918e-04	  -7.4071443e-05	  -7.4708839e-04	   9.7501922e-05	   1.2119649e-12	   7.1779133e+01	
  -6.0215044e-04	  -8.9043647e-05	  -9.8459242e-04	  -8.7084098e-05	   1.3544371e-12	   7.1754965e+01	
   1.4297596e-04	   9.4068989e-06	   1.3867614e-03	   1.0881150e-04	   6.8196767e-13	   7.1789078e+01	
   1.3059654e-03	  -6.1458469e-05	  -1.4214672e-04	  -1.3246445e-05	   1.2328607e-12	   7.1782484e+01	
  -2.3880758e-03	  -1.0393861e-04	   1.0597683e-03	   5.1607659e-05	   1.3411397e-12	   7.1782672e+01	
  -1.2181352e-03	   1.1303641e-05	   1.0287865e-03	   5.6877638e-07	   1.3905302e-12	   7.1774242e+01	
   3.5079246e-04	   3.0609065e-05	  -2.5284327e-04	  -7.9925095e-05	   1.0713921e-12	   7.1778431e+01	
   8.6837088e-04	   7.4563238e-05	  -1.1267370e-04	  -4.4297870e-05	   1.4228239e-12	   7.1755816e+01	
  -9.5314043e-04	   2.7099187e-05	  -8.0875909e-04	   2.5640439e-05	   1.1549759e-12	   7.1798476e+01	
   2.5186994e-04	  -1.8095582e-06	  -2.0569545e-03	  -2.7147014e-04	   2.3194499e-12	   7.1372897e+01	
   8.1726563e-04	   5.5344298e-05	  -1.4048979e-03	  -2.0019273e-04	   2.1427842e-12	   7.1384321e+01	
   5.1137776e-04	   2.1891125e-05	  -1.6925325e-03	  -2.2189908e-04	   2.2415650e-12	   7.1376944e+01	
  -6.9502758e-05	   5.2187944e-05	   1.4391762e-03	   1.6280737e-04	   1.8616388e-12	   7.1403560e+01	
   2.2836999e-03	   3.1668554e-04	  -1.3942002e-04	  -7.0749224e-05	   1.5956904e-12	   7.1427959e+01	
  -7.6401423e-04	  -6.3317334e-05	   2.3368576e-03	   2.8901588e-04	   1.8369436e-12	   7.1410541e+01	
   3.0507466e-05	   3.5197098e-05	   2.5256260e-03	   2.8243501e-04	   1.4361213e-12	   7.1436538e+01	
   3.1828015e-04	   6.4317736e-05	   2.5654127e-03	   2.9646076e-04	   2.2358661e-12	   7.1383321e+01	
   3.5966044e-04	   1.9038497e-05	  -2.6926397e-03	  -2.7642975e-04	   2.3080522e-12	   7.1381066e+01	
  -3.3745597e-04	  -4.9901614e-05	  -2.6873963e-03	  -2.7218455e-04	   2.3270484e-12	   7.1378541e+01	
  -2.2540858e-03	  -3.1590615e-04	   1.0386687e-03	   1.6245639e-04	   1.7894528e-12	   7.1416177e+01	
  -1.7116558e-03	  -1.8321281e-04	  -2.1772328e-03	  -2.1399192e-04	   2.3707400e-12	   7.1374966e+01	
   2.6755125e-04	   7.9957218e-05	   2.0350844e-03	   2.8826969e-04	   1.5254040e-12	   7.1429975e+01	
   2.5960708e-03	   2.9378584e-04	   4.4927180e-06	  -4.0401420e-05	   2.1769775e-12	   7.1389494e+01	
   4.1826138e-05	  -3.5890330e-05	  -1.2945035e-03	  -1.5682653e-04	   1.5102070e-12	   7.1425069e+01	
   2.2760966e-03	   3.0936011e-04	   1.1780481e-03	   1.1379710e-04	   1.4874114e-12	   7.1433970e+01	
  -1.8295849e-03	  -2.0554327e-04	  -2.2437734e-03	  -2.3177291e-04	   1.8635384e-12	   7.1414602e+01	
  -2.6751962e-03	  -2.8991695e-04	  -1.3910301e-03	  -1.3904886e-04	   1.8312447e-12	   7.1418297e+01	
   4.4553162e-04	   8.3407957e-05	   1.9228893e-03	   2.5768503e-04	   2.2510632e-12	   7.1377900e+01	
   5.3127282e-04	   8.5238617e-05	   1.3630223e-03	   1.7109288e-04	   1.5387014e-12	   7.1427474e+01	
  -1.1432847e-03	  -1.4077178e-04	   2.3869377e-03	   3.0935247e-04	   2.3821378e-12	   7.1370030e+01	
  -2.4109016e-04	  -6.6529510e-05	  -8.5797807e-04	  -1.6058994e-04	   1.6260845e-12	   7.1424331e+01	
   1.4019842e-03	   2.3058653e-04	   1.1104327e-03	   1.3894364e-04	   1.7362630e-12	   7.1415753e+01	
  -1.2067583e-03	  -2.1099486e-04	   1.8159414e-04	   4.7155130e-05	   1.6146866e-12	   7.1419925e+01	
   1.3766000e-03	   2.1596784e-04	   6.7690844e-04	   7.4950925e-05	   1.6678764e-12	   7.1417827e+01	
   1.3376415e-03	   1.9926142e-04	   3.2930924e-04	   3.1538534e-05	   1.8863339e-12	   7.1402239e+01	
   4.4075997e-04	   9.0401797e-05	   1.5749460e-03	   2.1162277e-04	   1.5804933e-12	   7.1422554e+01	
   8.5695003e-04	   1.2101771e-04	  -4.0398499e-04	  -7.2034944e-05	   2.3251488e-12	   7.1367732e+01	
  -1.2486156e-03	  -2.0964924e-04	  -2.5948188e-06	   3.4426241e-06	   2.3156507e-12	   7.1368634e+01	
   5.4346905e-04	   9.9335627e-05	   1.5344350e-03	   2.0368301e-04	   1.4570173e-12	   7.1429459e+01	
  -5.5325410e-04	  -1.1053810e-04	  -3.3628249e-04	  -4.9216832e-05	   1.4950099e-12	   7.1427122e+01	
   1.6941460e-03	   2.4953759e-04	   1.0828518e-03	   1.4558005e-04	   1.8160476e-12	   7.1408010e+01	
   5.5342362e-04	   7.6094841e-05	  -1.9855709e-04	  -3.6943390e-05	   1.8255457e-12	   7.1405957e+01	
   4.4384272e-04	   6.6015843e-05	   1.4486296e-03	   2.0927513e-04	   2.1199886e-12	   7.1383491e+01	
   2.5987960e-04	   3.5778051e-05	   1.3183819e-03	   1.6462631e-04	   1.4304224e-12	   7.1429893e+01	
   1.5744799e-03	   2.4816098e-04	  -6.1797732e-04	  -1.0166693e-04	   1.6830735e-12	   7.1414116e+01	
  -1.0221551e-04	  -1.8794309e-04	  -3.7153525e-04	   5.1444590e-05	   2.3308477e-12	   7.1644290e+01	
   2.3433981e-04	   1.6726642e-04	   4.3962656e-04	  -4.7426804e-05	   2.0724979e-12	   7.1664905e+01	
   1.5061216e-04	  -1.1908332e-04	  -5.8698406e-04	  -3.0321743e-05	   2.1161893e-12	   7.1657335e+01	
   5.3361559e-04	   2.3612825e-04	   6.8911041e-04	   2.1613183e-04	   2.3232492e-12	   7.1652831e+01	
   1.8747746e-04	  -1.2983487e-05	  -1.1993557e-03	  -3.9658585e-04	   1.4646158e-12	   7.1725236e+01	
   1.1588590e-03	   2.7678923e-04	  -1.0302023e-03	  -3.1121963e-04	   2.2149702e-12	   7.1664149e+01	
   1.1803790e-04	  -9.1078812e-05	  -2.1319579e-04	  -1.0875922e-04	   1.5463000e-12	   7.1704727e+01	
  -1.8635429e-03	  -4.6128412e-04	   2.2957999e-05	   3.7990643e-05	   2.0611000e-12	   7.1679247e+01	
  -5.4554771e-04	  -2.8792148e-04	   6.8199215e-05	   1.0978510e-04	   1.5121066e-12	   7.1721018e+01	
  -1.4147107e-04	   8.5814145e-05	   9.0645119e-06	   9.2729812e-05	   1.6906719e-12	   7.1694334e+01	
   1.2547237e-03	   2.9181853e-04	  -1.1760194e-03	  -3.3932409e-04	   2.0345052e-12	   7.1682024e+01	
   5.9162655e-04	   2.2090884e-04	   1.0874683e-03	   3.0922948e-04	   2.2320669e-12	   7.1664995e+01	
   1.4675207e-03	   3.3184884e-04	   1.9403389e-03	   4.1075773e-04	   1.6260845e-12	   7.1717434e+01	
  -2.0381664e-04	  -1.8229917e-05	  -1.4257247e-04	   1.2977053e-04	   1.5861922e-12	   7.1704108e+01	
  -1.6192662e-04	   2.3618307e-05	   1.6662956e-04	   1.6327521e-05	   2.3897362e-12	   7.1628739e+01	
   3.8481468e-05	   1.1318560e-04	   2.2762472e-04	   5.5364483e-05	   1.9338247e-12	   7.1673841e+01	
  -1.9168044e-04	   3.3903691e-05	  -2.2850116e-04	   1.0511643e-04	   2.0516019e-12	   7.1664881e+01	
  -1.6047379e-03	  -3.8962231e-04	   9.7161407e-04	   2.6317797e-04	   1.8920329e-12	   7.1694440e+01	
  -3.3648248e-04	   7.6894520e-05	   1.0088032e-03	  -2.7909568e-05	   1.8122483e-12	   7.1688929e+01	
   5.9521635e-04	   2.9824937e-04	   1.7032776e-04	  -1.7724433e-05	   2.1883754e-12	   7.1667369e+01	
  -2.5310212e-03	  -5.1548380e-04	  -1.2151091e-03	  -2.2278219e-04	   1.9319251e-12	   7.1697411e+01	
  -2.5373971e-03	  -5.2272123e-04	  -8.0430617e-04	  -1.4042310e-04	   2.1902750e-12	   7.1676640e+01	
   7.7725415e-04	   9.9491947e-05	   3.3432255e-04	  -7.4086852e-05	   1.5349022e-12	   7.1709827e+01	
  -1.3971644e-04	  -1.1308583e-05	   1.1600033e-04	   2.6345403e-05	   2.3080522e-12	   7.1638871e+01	
   6.6047480e-04	  -1.0569207e-04	  -3.0896345e-05	  -9.7138708e-05	   1.7153672e-12	   7.1700607e+01	
  -1.5473497e-04	   1.3553879e-04	   1.9733498e-05	   1.5358642e-04	   1.9395236e-12	   7.1686151e+01	
   3.9106836e-04	  -1.1729328e-04	  -9.6558174e-04	   2.6938423e-05	   1.4285228e-12	   7.1726968e+01	
  -1.0126333e-04	   2.9689311e-05	   5.9840052e-04	   2.9817954e-04	   1.9585200e-12	   7.1688512e+01	
   8.6408911e-04	  -2.0910677e-05	  -1.1907425e-03	  -1.1066189e-05	   1.4532180e-12	   7.1721764e+01	
  -4.3819281e-04	  -3.2595588e-06	   1.0607302e-04	   2.2620881e-05	   2.1788772e-12	   7.1652062e+01	
   5.5800946e-04	   1.4358545e-04	   1.6204947e-03	   4.3595513e-04	   1.5766941e-12	   7.1723333e+01	
   6.2705831e-04	  -7.4647306e-05	  -7.9473314e-04	   6.5762060e-05	   1.5956904e-12	   7.1714381e+01	
   9.7066921e-04	   3.6249911e-04	   2.0279577e-04	   1.4836499e-05	   1.5918911e-12	   7.1722466e+01	
  -2.4430460e-04	   9.8726537e-05	  -7.7624587e-05	   1.7263636e-04	   1.5045081e-12	   7.1723138e+01	
   1.5805874e-03	   4.2771648e-04	   4.4108997e-04	   8.6743389e-05	   1.8559398e-12	   7.1701360e+01	
   2.8281701e-04	   9.8097187e-05	   1.4675920e-03	   4.0362732e-04	   2.2111709e-12	   7.1672945e+01	
  -2.2632782e-04	  -1.2701145e-04	  -9.2028534e-04	  -7.8208187e-05	   1.8027502e-12	   7.1692021e+01	
  -2.0609594e-04	   1.9872366e-04	   1.9466622e-04	   1.1229911e-05	   1.6659767e-12	   7.1711334e+01	
  -1.6741114e-03	  -3.7630867e-04	  -1.7163772e-03	  -3.4752450e-04	   2.3422455e-12	   7.1669070e+01	
   6.5840116e-05	  -3.7350391e-05	  -4.8464758e-04	   1.7401325e-04	   1.7229657e-12	   7.1708124e+01	
  -1.3471384e-03	   5.0090798e-05	   1.1494624e-04	   1.0808893e-05	   1.5690955e-12	   7.1718419e+01	
  -2.7311711e-04	  -1.5389669e-04	  -1.0524316e-03	  -3.3462530e-04	   2.2833569e-12	   7.1668741e+01	
   3.3868310e-04	   7.1340876e-05	  -3.4267017e-04	  -2.8520709e-04	   2.2016728e-12	   7.1675663e+01	
  -2.8865796e-04	  -1.2660007e-04	  -1.6621375e-04	   2.0781592e-04	   1.6811737e-12	   7.1716851e+01	
  -9.8406196e-05	  -9.7664573e-05	  -1.0545517e-03	  -3.5686453e-04	   2.0743975e-12	   7.1685936e+01	
  -6.1756137e-04	  -6.8405786e-06	  -1.3616777e-03	   3.7856467e-05	   1.6621775e-12	   7.1712806e+01	
  -1.0396139e-03	  -3.3043070e-04	   2.9374367e-04	   1.5897624e-04	   2.1484831e-12	   7.1680284e+01	
   1.7139970e-03	  -1.3293814e-06	  -1.0247999e-04	  -3.4948863e-05	   1.8635384e-12	   7.1696650e+01	
  -3.5118943e-05	  -2.1961329e-04	  -3.0211841e-04	   6.2930875e-05	   1.5557981e-12	   7.1724145e+01	
  -5.1640536e-04	  -1.9118679e-04	  -1.2737456e-03	  -3.5843401e-04	   2.1655798e-12	   7.1678433e+01	
   2.2280433e-04	  -6.1773547e-05	  -1.0922599e-04	  -2.3908543e-04	   1.4950099e-12	   7.1728962e+01	
  -4.8362042e-04	   1.6448302e-04	   2.9485694e-04	  -3.6977167e-05	   1.5994896e-12	   7.1718949e+01	
  -1.8947429e-03	  -1.0263461e-04	  -5.4672731e-04	   1.3840264e-05	   1.5368018e-12	   7.1720801e+01	
  -2.4951280e-04	   5.7940548e-05	   1.0838365e-03	   3.5810438e-05	   1.7818542e-12	   7.1693170e+01	
   3.8371583e-04	  -1.7500101e-04	  -1.3987651e-04	  -1.3018222e-04	   2.0667989e-12	   7.1685294e+01	
  -5.3839850e-04	   9.8269767e-05	  -2.3510459e-04	   1.3901331e-04	   1.9129288e-12	   7.1694737e+01	
   4.9986319e-04	  -1.2488513e-05	  -1.6616240e-03	  -3.0373224e-05	   2.2662602e-12	   7.1662067e+01	
   3.2800985e-04	  -1.9845134e-04	  -2.6769904e-04	   2.0019067e-05	   2.0705982e-12	   7.1684300e+01	
   5.7611031e-04	   2.6557557e-05	   2.6780492e-04	  -6.2763298e-07	   1.6944712e-12	   7.1697716e+01	
  -3.1342435e-04	  -1.1885589e-05	  -1.1266288e-03	   8.0944618e-05	   1.5197051e-12	   7.1725551e+01	
   1.3688826e-03	  -7.3839464e-05	  -3.1689111e-04	  -5.1373564e-05	   2.0686985e-12	   7.1686077e+01	
  -3.6667938e-04	  -5.4799425e-05	  -2.0520279e-03	  -5.9209956e-05	   1.6070882e-12	   7.1722363e+01	
  -4.8561039e-04	   9.7947547e-05	   9.4412351e-04	  -6.1188169e-05	   1.8540402e-12	   7.1702278e+01	
  -1.4961016e-05	  -2.4926425e-04	  -6.0274313e-05	   5.1806838e-05	   1.9794158e-12	   7.1697830e+01	
  -1.6766823e-03	  -3.2405770e-05	  -8.6947811e-04	   2.3604445e-05	   1.4798129e-12	   7.1733442e+01	
  -1.9676768e-03	  -1.2615367e-04	  -7.3147511e-04	  -1.0448900e-05	   1.6279841e-12	   7.1717143e+01	
  -1.5402798e-03	  -8.4589437e-05	   5.0768173e-04	   3.6960589e-05	   1.6469804e-12	   7.1707527e+01	
   1.0711013e-03	   2.1397808e-05	  -1.5426123e-03	  -6.3585502e-05	   2.1484831e-12	   7.1673377e+01	
  -4.3916291e-04	  -2.8792608e-05	  -7.4735900e-04	  -2.7976341e-05	   1.7552594e-12	   7.1693700e+01	
  -4.3912331e-04	  -1.3374276e-04	   1.1080002e-03	   3.7267732e-04	   1.7115678e-12	   7.1721280e+01	
   1.0578977e-03	   6.4109229e-05	   1.6859649e-03	   6.9547566e-05	   1.6640771e-12	   7.1713641e+01	
  -1.6651601e-03	  -6.9780025e-05	  -9.9363921e-04	  -3.3003288e-05	   2.0895945e-12	   7.1678865e+01	
  -1.5783242e-03	  -8.4153301e-05	  -1.3026674e-03	  -5.1342386e-05	   1.8103487e-12	   7.1703488e+01	
  -1.4790686e-03	  -5.4958892e-05	   6.7418041e-04	   2.9679385e-05	   2.3840374e-12	   7.1649197e+01	
   1.1213757e-03	   1.0113983e-04	   1.1540674e-03	   2.5272923e-05	   1.7685568e-12	   7.1703511e+01	
  -6.3425909e-04	  -1.8657437e-05	   1.0137173e-03	   4.4952799e-05	   1.6602778e-12	   7.1703713e+01	
   1.9704295e-04	   3.0814683e-05	   5.7366772e-04	   4.8057890e-05	   1.6982705e-12	   7.1702907e+01	
  -2.0737002e-03	  -9.0298335e-05	  -6.7082321e-04	  -2.9254676e-05	   1.7096682e-12	   7.1714119e+01	
   1.1509665e-03	   2.8195652e-05	  -1.8121179e-03	  -7.1158897e-05	   1.9338247e-12	   7.1698926e+01	
  -2.0043064e-03	  -5.7538718e-05	  -5.2997568e-04	  -1.1631869e-05	   2.0648993e-12	   7.1687929e+01	
  -1.9389006e-03	  -1.1788919e-04	   9.2928173e-04	   5.9336822e-05	   1.7951516e-12	   7.1705870e+01	
   9.3146880e-04	   1.3479698e-05	  -1.2600935e-03	  -1.3151235e-04	   1.8502410e-12	   7.1697836e+01	
  -7.8128966e-05	  -5.6157337e-05	  -1.9346029e-03	  -1.1193118e-04	   1.9528211e-12	   7.1695252e+01	
  -1.8230621e-03	  -1.1444326e-04	   5.0557907e-05	   2.2396064e-05	   1.6716756e-12	   7.1712111e+01	
  -1.8968528e-03	  -1.3446337e-04	  -4.2995555e-04	  -1.0913634e-05	   1.4665154e-12	   7.1728954e+01	
  -1.5631893e-03	  -1.2787854e-04	  -6.4613683e-04	   2.1526277e-06	   1.4608165e-12	   7.1729259e+01	
   1.9783442e-03	   1.3809680e-04	  -7.1491321e-04	  -1.0936017e-04	   1.4532180e-12	   7.1736256e+01	
  -1.5416279e-03	  -1.2736346e-04	  -1.1267001e-03	  -3.2573979e-05	   2.0554011e-12	   7.1687369e+01	
  -1.6781350e-03	  -5.4942606e-06	  -7.9882612e-04	  -1.2753305e-06	   2.2168698e-12	   7.1678918e+01	
   6.6269663e-04	   7.4077335e-05	  -5.2283188e-05	  -2.9642490e-05	   1.7343634e-12	   7.1702838e+01	
  -5.2925064e-04	  -2.2908265e-05	  -2.0326620e-03	  -6.8202010e-05	   2.1883754e-12	   7.1680276e+01	
  -2.0180165e-03	  -1.5168927e-04	  -6.9861797e-04	  -2.7000543e-05	   1.5519988e-12	   7.1726938e+01	
  -8.5914600e-04	   5.2076937e-06	   9.3256923e-04	   5.5189919e-05	   1.8882335e-12	   7.1693655e+01	
  -1.9165316e-03	  -9.2001848e-05	  -2.9922677e-04	  -1.2729104e-06	   1.7552594e-12	   7.1710528e+01	
   1.4927708e-03	   8.1009532e-05	   1.1755940e-03	   1.2943708e-05	   1.7951516e-12	   7.1710013e+01	
  -1.4226469e-03	  -4.2910652e-05	   1.0043150e-03	   6.9185107e-05	   1.8711369e-12	   7.1701353e+01	
   5.7167166e-05	   2.3751758e-04	  -4.3134182e-05	  -6.7245619e-06	   1.9395236e-12	   7.1704840e+01	
   3.0686808e-04	   1.7578598e-05	  -2.2957342e-03	  -1.4261652e-04	   1.8882335e-12	   7.1703995e+01	
  -1.8778261e-03	  -8.1985815e-05	  -7.6109176e-04	  -5.5290220e-06	   1.7609583e-12	   7.1715426e+01	
   8.8495505e-04	   3.0294889e-05	  -1.6527212e-03	  -1.1871636e-04	   2.3042528e-12	   7.1665592e+01	
  -1.1666918e-03	  -8.0238225e-05	   1.2230985e-03	   9.1416172e-05	   1.7172668e-12	   7.1708668e+01	
   1.1613609e-04	  -2.8398468e-05	  -1.5498240e-03	  -4.2078120e-05	   2.1085909e-12	   7.1681061e+01	
   1.3109472e-03	   8.1841487e-05	  -3.8653435e-04	  -5.5391526e-05	   1.5254040e-12	   7.1720257e+01	
   1.8676612e-03	   1.2847577e-04	  -7.4454365e-04	  -9.0342090e-05	   1.7875531e-12	   7.1709588e+01	
   1.6808899e-03	   1.3175377e-04	   1.4495557e-03	   8.3140881e-05	   1.6146866e-12	   7.1725461e+01	
   2.1055361e-03	   1.4671465e-04	   6.0964344e-04	   1.0592824e-05	   1.7799546e-12	   7.1712843e+01	
  -1.6045535e-03	  -1.1710223e-04	   4.1086855e-04	   3.7945928e-05	   1.6963708e-12	   7.1709804e+01	
  -4.2907732e-04	  -5.3665314e-05	  -1.5613167e-03	  -2.3990629e-05	   2.2681598e-12	   7.1672587e+01	
  -2.1919447e-03	  -8.3652846e-05	  -4.5997147e-05	   1.8667531e-05	   1.8179472e-12	   7.1714321e+01	
  -1.7604109e-03	  -1.1251321e-04	   8.4497692e-04	   7.4667985e-05	   2.1712787e-12	   7.1678448e+01	
   2.3497314e-03	   1.0213727e-04	  -3.1624594e-04	  -4.9848650e-05	   1.6583782e-12	   7.1729962e+01	
  -1.3967856e-03	  -2.5660024e-05	  -1.5754584e-03	  -3.1564906e-05	   2.2130705e-12	   7.1684143e+01	
  -5.4028135e-05	   3.2583603e-05	  -3.2184828e-05	  -5.5397534e-06	   2.0838956e-12	   7.1676111e+01	
  -2.0680471e-04	  -4.5671980e-05	  -1.6597405e-03	  -4.4737639e-05	   2.2244684e-12	   7.1675878e+01	
   1.3102806e-03	   6.1438312e-05	   1.6386056e-03	   5.1028464e-05	   1.7267649e-12	   7.1719838e+01	
  -6.6284719e-04	   3.2974310e-06	   1.6264474e-03	   3.5345461e-05	   2.3384463e-12	   7.1669629e+01	
  -1.3074639e-03	  -1.1051283e-04	  -1.1682821e-03	  -9.7365347e-05	   1.7457613e-12	   7.1708856e+01	
   4.7239007e-04	  -5.0753784e-06	  -2.4310805e-03	  -1.5470269e-04	   1.5330025e-12	   7.1740421e+01	
  -1.6303957e-03	  -4.7205377e-05	   9.6670153e-04	   3.2673642e-05	   2.0876949e-12	   7.1689565e+01	
   2.0654992e-03	   1.6647685e-04	  -4.4095149e-04	  -6.7409654e-05	   1.5576977e-12	   7.1730172e+01	
  -1.6704631e-04	  -3.9680979e-05	  -1.1667022e-03	  -7.9997046e-05	   1.4342217e-12	   7.1728447e+01	
  -1.2938497e-03	  -1.0439852e-04	  -1.6522825e-03	  -1.0684129e-04	   2.1180890e-12	   7.1686151e+01	
  -1.4691044e-03	  -8.3935990e-05	   1.6869011e-03	   1.1012580e-04	   1.7628579e-12	   7.1717695e+01	
   1.5548751e-03	   7.3757542e-05	  -1.4579107e-03	  -1.1160215e-04	   2.1864757e-12	   7.1684592e+01	
  -1.2744873e-03	   1.5257329e-05	  -8.6715130e-04	   6.8223109e-05	   1.5994896e-12	   7.1741736e+01	
  -9.9604221e-04	  -5.9434720e-05	   2.0979757e-03	   1.1893128e-04	   2.0838956e-12	   7.1694925e+01	
  -4.6524171e-05	  -6.8159008e-05	  -3.2505551e-04	   1.9162757e-04	   2.3707400e-12	   7.1680531e+01	
   2.0128866e-03	   1.3939864e-04	   6.3830497e-04	   2.0108714e-05	   2.0041111e-12	   7.1697156e+01	
   5.2929812e-04	   2.0970918e-05	  -2.0708200e-03	  -1.6387060e-04	   1.7590587e-12	   7.1715546e+01	
  -4.1491001e-05	   5.6814536e-05	   1.1625196e-03	   1.2982689e-04	   1.6393819e-12	   7.1728678e+01	
   2.0477372e-03	  -5.0546650e-06	  -5.5695502e-04	  -2.1801106e-05	   1.8198469e-12	   7.1728283e+01	
   2.5413851e-04	   8.3980610e-06	  -2.4681778e-03	  -1.9416198e-04	   1.6165863e-12	   7.1734651e+01	
  -9.4872962e-04	  -7.9825387e-05	   8.9315312e-04	   6.8096602e-05	   1.5937908e-12	   7.1721824e+01	
   9.8577296e-04	   5.2866030e-05	  -2.3534832e-03	  -1.6442194e-04	   1.5861922e-12	   7.1741466e+01	
  -1.8606869e-03	  -9.3431064e-05	   1.5953962e-03	   7.2415734e-05	   2.1750779e-12	   7.1697546e+01	
  -1.5474906e-03	  -3.3379897e-05	  -1.7181744e-03	  -3.1111430e-05	   2.1408846e-12	   7.1704392e+01	
   8.7274735e-04	   7.1988582e-05	  -1.7442326e-03	  -1.7504321e-04	   1.6431811e-12	   7.1726803e+01	
  -1.7497121e-04	   1.7212077e-05	   1.3565158e-04	   2.1850814e-07	   1.8730365e-12	   7.1704196e+01	
  -1.7122977e-03	  -1.7185604e-04	   9.0654629e-04	   8.8584214e-05	   1.5785937e-12	   7.1731649e+01	
  -2.1653550e-03	  -7.1914056e-05	  -1.1788236e-03	  -3.1917995e-05	   2.1218882e-12	   7.1705236e+01	
  -2.8355677e-04	  -4.8859115e-05	  -2.5613170e-03	  -1.4929996e-04	   1.6241849e-12	   7.1744969e+01	
   2.0795907e-04	   1.1744198e-05	   2.3710847e-03	   1.7585627e-04	   1.9509215e-12	   7.1713753e+01	
   2.2551582e-03	   1.1901802e-04	   9.7111049e-04	   3.7803378e-05	   2.2529628e-12	   7.1697111e+01	
  -2.0636485e-03	  -1.9875488e-04	  -6.7267200e-04	  -5.9359531e-05	   1.9718174e-12	   7.1708758e+01	
  -1.1212936e-04	  -2.6535367e-04	  -4.5616427e-05	   4.0734196e-06	   2.0326056e-12	   7.1715591e+01	
   1.6950970e-03	   1.0530085e-04	   1.2118843e-03	   4.0979559e-05	   2.0611000e-12	   7.1704318e+01	
  -1.4755152e-03	  -1.0632717e-04	  -1.8043876e-03	  -1.0108596e-04	   1.5671959e-12	   7.1742312e+01	
   1.2069871e-03	   3.5827462e-05	  -2.2751463e-03	  -1.0380923e-04	   1.9034306e-12	   7.1726371e+01	
  -7.2226326e-04	  -8.4057542e-05	  -1.3422528e-03	  -1.3258683e-04	   1.9110292e-12	   7.1709416e+01	
  -1.6351257e-03	  -8.6853453e-05	  -1.7189875e-03	  -6.8193664e-05	   2.0022115e-12	   7.1716254e+01	
  -1.5488438e-03	  -1.6390206e-04	   7.0881250e-04	   1.3424493e-04	   1.5197051e-12	   7.1745521e+01	
  -2.4125997e-03	  -1.5719462e-04	  -6.8400463e-04	  -2.7095934e-05	   1.5880918e-12	   7.1744723e+01	
  -1.9655835e-03	  -1.9196359e-04	  -1.1990255e-03	  -9.6071849e-05	   1.5121066e-12	   7.1744760e+01	
  -2.2375224e-03	  -1.9378674e-04	  -1.1823753e-03	  -8.7349351e-05	   1.4760136e-12	   7.1751023e+01	
  -1.9570471e-03	  -2.0332066e-04	  -2.5135826e-04	  -2.2743176e-05	   1.6754748e-12	   7.1730103e+01	
   3.3550044e-04	   3.1027192e-05	  -7.1637427e-04	  -8.5113587e-05	   2.0762971e-12	   7.1699591e+01	
   1.6261517e-03	   1.6826691e-04	   1.1542931e-03	   9.9459752e-05	   1.5576977e-12	   7.1740938e+01	
  -1.4225223e-03	  -1.2423795e-04	   1.8032226e-03	   1.6151347e-04	   1.7951516e-12	   7.1727880e+01	
  -4.1111755e-04	  -5.7579038e-05	  -1.8862349e-03	  -1.9586358e-04	   1.6241849e-12	   7.1735195e+01	
  -6.3350337e-04	  -2.4123735e-05	   1.2434857e-03	   1.3018307e-04	   1.5994896e-12	   7.1735315e+01	
  -2.3781828e-03	  -1.2455608e-04	  -9.6731623e-04	  -4.7968427e-05	   1.7191664e-12	   7.1740474e+01	
   1.0594143e-03	   7.5816245e-05	  -1.2530438e-03	  -1.8724910e-04	   2.0819960e-12	   7.1712559e+01	
  -2.1828897e-03	  -1.7602291e-04	  -1.2395308e-05	   2.5922095e-05	   1.7248653e-12	   7.1735129e+01	
  -1.1469854e-03	  -9.6036701e-05	   2.1767722e-03	   1.8175278e-04	   1.5652963e-12	   7.1747291e+01	
   8.5039278e-04	   2.8011450e-05	  -2.0743095e-03	  -1.7695244e-04	   1.8578394e-12	   7.1729514e+01	
  -1.2378412e-03	  -9.7161244e-05	   2.2077526e-03	   1.6191218e-04	   1.6032889e-12	   7.1745193e+01	
   2.1284861e-03	   8.8350086e-05	  -1.4332256e-03	  -8.9165910e-05	   1.5140062e-12	   7.1758789e+01	
   1.3841475e-04	   1.2380121e-05	   1.5048852e-03	   1.4183184e-04	   1.5538984e-12	   7.1735137e+01	
   1.4811367e-03	   1.4041338e-04	   1.9643231e-04	  -8.0250783e-06	   1.9566204e-12	   7.1711201e+01	
   2.1601518e-04	  -2.8195734e-05	  -1.8098711e-03	  -1.6843348e-04	   1.8236461e-12	   7.1725930e+01	
   1.9935749e-04	   3.0879705e-05	   2.7250529e-04	   1.5464596e-05	   1.6583782e-12	   7.1728081e+01	
   6.2786502e-04	   6.1798181e-05	   6.0388746e-04	   3.4960839e-05	   1.5064077e-12	   7.1738137e+01	
  -1.1273576e-03	  -1.1414012e-04	   1.6646795e-03	   1.7280926e-04	   1.5557981e-12	   7.1742729e+01	
   8.9071338e-04	   1.0359045e-04	   1.5757534e-03	   1.1953626e-04	   1.5728948e-12	   7.1741646e+01	
  -8.6939807e-04	  -1.0058748e-04	  -2.0702081e-03	  -1.5656728e-04	   1.6811737e-12	   7.1739294e+01	
  -8.1971804e-04	  -4.6652110e-05	   1.8790403e-03	   1.4491724e-04	   2.0743975e-12	   7.1711567e+01	
  -1.5100505e-03	  -1.0009451e-04	   1.8541176e-03	   1.3613361e-04	   1.9395236e-12	   7.1726161e+01	
  -1.9813358e-03	  -1.1768007e-04	  -1.3319114e-03	  -5.0480345e-05	   1.9224270e-12	   7.1730134e+01	
   1.8768217e-03	   1.2361427e-04	   1.2148895e-03	   4.4829159e-05	   2.1978735e-12	   7.1707385e+01	
  -8.1280227e-04	  -9.6613677e-05	  -2.2333867e-03	  -2.0494289e-04	   1.4722143e-12	   7.1754487e+01	
   1.7027699e-03	   7.6296145e-05	  -1.7368010e-03	  -1.2344672e-04	   2.0781968e-12	   7.1720511e+01	
   6.2638288e-04	   1.6739054e-05	  -2.5218423e-03	  -1.3519313e-04	   1.5481996e-12	   7.1757301e+01	
   2.4669526e-03	   1.7464820e-04	   4.6160439e-04	   1.2291260e-05	   1.7153672e-12	   7.1741071e+01	
   1.6315146e-03	   1.6680301e-04	   1.2497012e-03	   1.1014712e-04	   1.5159059e-12	   7.1746506e+01	
   4.4510407e-04	   8.2355676e-07	  -2.4107972e-03	  -1.4784561e-04	   2.0743975e-12	   7.1720525e+01	
  -2.1341363e-03	  -2.2164438e-04	  -7.4409224e-05	   7.2949999e-06	   1.4475191e-12	   7.1752845e+01	
  -2.1277677e-03	  -2.0502084e-04	  -6.8372300e-04	  -5.4222883e-05	   1.7286646e-12	   7.1734330e+01	
  -1.9704382e-04	  -1.5251067e-05	   1.6003460e-03	   1.5303359e-04	   1.6659767e-12	   7.1730649e+01	
  -1.2327983e-03	  -1.2118282e-04	   1.1119459e-03	   1.2064207e-04	   1.4741140e-12	   7.1745551e+01	
   1.3902869e-03	   8.3180940e-05	  -1.7051432e-03	  -1.6790916e-04	   1.7400623e-12	   7.1738362e+01	
  -1.6838274e-03	  -2.5799369e-04	  -1.3547677e-04	   3.1840960e-05	   1.8160476e-12	   7.1737323e+01	
  -2.4638143e-03	  -1.4750027e-04	  -1.1267837e-04	   1.1571981e-05	   1.5538984e-12	   7.1755585e+01	
  -2.9490326e-04	   1.0963994e-05	   1.5053284e-03	   1.8483003e-04	   1.7856535e-12	   7.1734217e+01	
  -4.0758840e-04	  -1.1771020e-04	  -1.5469501e-03	  -2.0498290e-04	   1.8958322e-12	   7.1730134e+01	
  -2.0700955e-03	  -1.6592971e-04	   1.2741529e-04	   3.7775889e-05	   1.8597391e-12	   7.1728612e+01	
  -8.3696524e-04	  -4.8923708e-05	   2.0948976e-03	   1.6959086e-04	   1.7552594e-12	   7.1738047e+01	
  -1.1454918e-03	  -1.2931005e-04	  -3.8132550e-04	  -3.8874917e-05	   1.6868727e-12	   7.1726840e+01	
  -9.7405384e-04	  -1.1525113e-04	  -2.0782791e-03	  -1.5547595e-04	   1.6507796e-12	   7.1745699e+01	
   1.8522478e-03	   1.8390693e-04	  -6.8123107e-04	  -1.2760521e-04	   1.6792741e-12	   7.1745662e+01	
   2.1607477e-03	   1.2981561e-04	   1.1523618e-03	   4.4424412e-05	   1.9528211e-12	   7.1730036e+01	
   1.5866735e-03	   1.3681184e-04	  -2.9698215e-05	  -5.8109413e-05	   1.6659767e-12	   7.1736182e+01	
  -5.5698457e-04	  -2.1943578e-05	   1.6083856e-03	   1.4353570e-04	   1.8445421e-12	   7.1726103e+01	
   1.8015066e-03	   1.8919410e-04	  -4.9133451e-04	  -6.8001623e-05	   1.4988091e-12	   7.1746625e+01	
  -1.4622017e-03	  -1.4966920e-04	  -1.3414166e-03	  -8.8595824e-05	   1.7837539e-12	   7.1732097e+01	
  -2.0038665e-03	  -1.2739055e-04	   1.5338674e-03	   1.0319027e-04	   1.8217465e-12	   7.1737988e+01	
   2.2173411e-03	   1.5509948e-04	  -1.9846696e-04	  -5.2253602e-05	   1.9300255e-12	   7.1727798e+01	
  -2.1048126e-03	  -1.5692898e-04	  -1.1091890e-03	  -5.6503834e-05	   1.7077686e-12	   7.1743004e+01	
  -2.8648280e-04	  -3.7779964e-05	  -2.3326436e-03	  -2.2196898e-04	   1.5425007e-12	   7.1749463e+01	
  -1.1139625e-03	  -8.5951067e-05	   2.1582740e-03	   1.7823714e-04	   1.4361213e-12	   7.1759991e+01	
   2.0748032e-03	   1.3678786e-04	  -8.3682326e-04	  -9.7282604e-05	   1.9091295e-12	   7.1729373e+01	
   1.6587298e-03	   1.3651844e-04	   1.6338639e-03	   9.2854022e-05	   1.7951516e-12	   7.1738734e+01	
  -1.6665620e-04	   2.9831560e-05	   1.5844039e-03	   2.3536902e-04	   1.5292032e-12	   7.1753569e+01	
   8.8451778e-04	   9.5955847e-05	   4.0602683e-04	  -2.7498369e-05	   1.8160476e-12	   7.1725490e+01	
   1.9039836e-03	   9.8300077e-05	  -1.3691515e-03	  -1.2243404e-04	   1.9737170e-12	   7.1729946e+01	
  -1.3447674e-03	  -1.4257313e-04	   6.7662606e-04	   6.9300169e-05	   1.7153672e-12	   7.1727185e+01	
  -3.6132234e-04	  -3.6733273e-05	  -2.5223510e-03	  -1.3440242e-04	   1.6621775e-12	   7.1750972e+01	
   2.7648782e-04	  -2.5672392e-05	  -1.5025821e-03	  -2.3455714e-04	   1.4931102e-12	   7.1755577e+01	
  -7.0616643e-04	  -6.8578881e-05	   3.4016701e-04	   3.4338541e-05	   1.8863339e-12	   7.1714501e+01	
   7.0090053e-04	   8.0733519e-05	   5.9519289e-04	   6.1677453e-05	   1.9148284e-12	   7.1714687e+01	
   1.4766528e-03	   2.0128193e-04	  -1.1536722e-03	  -2.1482866e-04	   1.8122483e-12	   7.1742856e+01	
  -1.6830675e-03	  -1.6013527e-04	  -9.6264144e-04	  -5.5549403e-05	   1.7438617e-12	   7.1734636e+01	
   1.0085029e-03	   4.9614514e-05	  -2.0952165e-03	  -1.7543648e-04	   1.7248653e-12	   7.1741728e+01	
   4.8516778e-05	   5.9579945e-05	   1.1684316e-03	   1.3316605e-04	   2.0364048e-12	   7.1714074e+01	
  -1.0782533e-03	  -1.2348008e-04	  -8.6427299e-04	  -8.2449219e-05	   1.4608165e-12	   7.1744484e+01	
   2.1713515e-03	   1.4672978e-04	  -1.1956110e-03	  -1.2565003e-04	   1.8388432e-12	   7.1740288e+01	
   6.2229620e-04	   5.5304775e-05	  -2.0395632e-04	  -3.8601442e-05	   2.1997732e-12	   7.1694589e+01	
  -1.4890894e-03	  -1.7634046e-04	   8.0765250e-04	   1.5834590e-04	   1.5387014e-12	   7.1753166e+01	
   1.7854445e-03	   1.5491430e-04	   4.2707885e-04	  -8.1211575e-06	   1.9034306e-12	   7.1725609e+01	
   2.3174987e-03	   1.7748869e-04	   3.7309895e-04	   5.4270023e-06	   1.9072299e-12	   7.1729312e+01	
   1.3214426e-03	   1.5266044e-04	   2.6267652e-04	  -3.3506124e-05	   2.0895945e-12	   7.1710917e+01	
  -2.3211955e-04	  -4.0420521e-05	  -2.3020665e-03	  -1.7389563e-04	   2.1826764e-12	   7.1710461e+01	
   2.3246650e-03	   1.8399568e-04	   3.6567772e-04	  -1.2925873e-06	   1.7286646e-12	   7.1741572e+01	
  -1.3164976e-03	  -1.0729916e-04	  -2.0059988e-03	  -1.2619487e-04	   2.0933938e-12	   7.1718867e+01	
   4.2985828e-04	   1.4517846e-05	  -2.4553456e-03	  -1.9105451e-04	   1.7495605e-12	   7.1741548e+01	
   1.2659001e-04	  -2.6487708e-05	  -2.4922033e-03	  -1.2867268e-04	   1.8616388e-12	   7.1742901e+01	
  -2.3279277e-03	  -1.1442122e-04	  -4.9688464e-04	   7.1055267e-06	   1.9718174e-12	   7.1733970e+01	
  -1.3501146e-03	  -1.2567107e-04	  -1.9099373e-03	  -1.4214226e-04	   2.0022115e-12	   7.1723310e+01	
  -8.4325741e-04	  -9.7726018e-05	  -1.8955501e-03	  -1.2310558e-04	   2.2510632e-12	   7.1705512e+01	
   2.0851829e-03	   1.5582601e-04	  -8.1307364e-04	  -8.8994750e-05	   2.2358661e-12	   7.1705018e+01	
   8.6623241e-04	   8.4789036e-05	   2.0630984e-03	   1.7056485e-04	   1.7153672e-12	   7.1739720e+01	
  -1.2296940e-03	  -1.2847025e-04	   1.5191352e-03	   1.5877289e-04	   1.6165863e-12	   7.1740310e+01	
   8.0447083e-04	   1.1786469e-04	   9.4451743e-04	   5.8046860e-05	   2.1769775e-12	   7.1703562e+01	
   1.0043414e-03	   1.9598652e-04	   1.0251959e-03	   1.2093759e-04	   1.5254040e-12	   7.1755293e+01	
  -1.2167829e-03	  -1.6558721e-04	  -1.3629167e-03	  -1.0860205e-04	   2.1389850e-12	   7.1712694e+01	
  -1.2420843e-03	  -1.3489636e-04	  -9.2961182e-04	  -4.2216054e-05	   2.3612418e-12	   7.1689684e+01	
   1.9599388e-03	   1.4367448e-04	   5.2144444e-04	   3.6200255e-06	   2.2225687e-12	   7.1706034e+01	
  -1.0186142e-03	  -1.2042420e-04	  -9.3639610e-04	  -4.5050553e-05	   2.3669407e-12	   7.1687257e+01	
  -2.2319647e-03	  -1.3184815e-04	   6.8454745e-04	   5.4314868e-05	   2.0421038e-12	   7.1723981e+01	
   2.2733196e-03	   1.3502937e-04	  -5.5747201e-04	  -5.6545642e-05	   2.3783385e-12	   7.1697023e+01	
   9.2042801e-04	   8.7441333e-05	   2.0687020e-03	   1.6731251e-04	   1.7514601e-12	   7.1738503e+01	
   1.9819482e-03	   1.4782934e-04	   1.0478784e-03	   4.8267562e-05	   1.9414233e-12	   7.1728334e+01	
   1.1806789e-03	   1.5247812e-04	  -1.5955931e-03	  -2.8153072e-04	   1.5121066e-12	   7.1764402e+01	
  -1.0227043e-03	  -9.5017616e-05	   1.3535824e-03	   1.4244441e-04	   1.8179472e-12	   7.1726625e+01	
  -6.7091959e-04	  -4.8889387e-05	   2.4068684e-04	   3.0015374e-05	   1.6887723e-12	   7.1727901e+01	
  -1.8972645e-03	  -2.2699851e-04	  -1.9906729e-04	   2.6655501e-05	   1.5538984e-12	   7.1752322e+01	
   1.7493670e-03	   1.6520532e-04	   3.5798429e-04	   1.6819998e-05	   2.3859370e-12	   7.1686472e+01	
  -2.1062974e-03	  -2.0619633e-04	   2.6682102e-04	   4.1556859e-05	   1.7913524e-12	   7.1733822e+01	
  -1.9126273e-03	  -1.9828421e-04	  -1.5024714e-04	   2.0296131e-06	   1.8559398e-12	   7.1726670e+01	
  -3.0752527e-04	  -5.8758408e-05	  -2.0069124e-03	  -1.4140409e-04	   2.3574425e-12	   7.1696395e+01	
   1.3493260e-03	   1.3342952e-04	   1.6804405e-04	  -1.8574355e-05	   1.7571590e-12	   7.1727326e+01	
   1.5855043e-03	   1.5867725e-04	  -4.9320271e-04	  -7.3106555e-05	   1.6488800e-12	   7.1735861e+01	
   1.6034797e-03	   1.6084812e-04	  -1.4969207e-04	  -3.6210959e-05	   1.6393819e-12	   7.1735697e+01	
   1.9022360e-03	   1.4119920e-04	   1.6050751e-03	   8.3553086e-05	   1.7799546e-12	   7.1747306e+01	
   8.7250617e-05	  -2.6439292e-05	  -2.3801176e-03	  -1.4322632e-04	   1.8312447e-12	   7.1742877e+01	
   6.6987557e-04	   4.6812255e-05	  -3.1921124e-04	  -4.8908149e-05	   2.3878366e-12	   7.1679754e+01	
  -4.0387827e-04	  -7.0188413e-06	   1.4817577e-03	   1.5635499e-04	   1.8331443e-12	   7.1730641e+01	
  -1.0413350e-03	  -8.5905199e-05	   1.7155492e-03	   2.1355803e-04	   1.8901332e-12	   7.1737405e+01	
  -8.4585788e-04	  -9.5052409e-05	  -1.6565862e-03	  -1.1176564e-04	   2.3213496e-12	   7.1696223e+01	
  -1.6595560e-03	  -1.6835558e-04	  -4.2458856e-04	  -3.8498651e-05	   2.2187695e-12	   7.1698352e+01	
   1.9536071e-03	   2.0061509e-04	   4.0967944e-04	   2.0929704e-05	   1.7400623e-12	   7.1735628e+01	
  -1.2778682e-03	  -1.4809608e-04	  -1.3682975e-03	  -1.4189913e-04	   1.8179472e-12	   7.1727827e+01	
  -4.7434460e-05	   6.1893904e-06	   1.4677058e-03	   1.3875052e-04	   1.9642188e-12	   7.1715822e+01	
  -1.9624569e-03	  -2.0605829e-04	  -4.3718008e-04	  -3.6401606e-05	   2.1541820e-12	   7.1707124e+01	
   1.8591978e-03	   1.5904628e-04	  -5.1842684e-04	  -1.0082351e-04	   2.0231074e-12	   7.1724259e+01	
   1.0936247e-03	   7.8208878e-05	  -2.2808287e-03	  -2.0243178e-04	   1.6260845e-12	   7.1751166e+01	
  -9.8921181e-04	  -5.0171571e-05	  -2.2852212e-03	  -1.0900083e-04	   1.6393819e-12	   7.1752479e+01	
  -1.3049478e-03	  -1.1077090e-04	  -1.4954262e-03	  -8.1228997e-05	   2.3707400e-12	   7.1695732e+01	
  -1.1318286e-03	  -8.4295808e-05	  -1.7710139e-03	  -6.9130928e-05	   1.9414233e-12	   7.1734434e+01	
  -1.2008066e-03	  -8.4084165e-05	  -2.0346767e-03	  -1.0590245e-04	   2.2529628e-12	   7.1710804e+01	
  -8.0848249e-04	  -9.0488063e-05	   7.4775102e-04	   9.0077197e-05	   1.6659767e-12	   7.1731792e+01	
   5.5079204e-04	  -1.5988784e-05	  -1.9833763e-03	  -9.3199977e-05	   2.3726396e-12	   7.1702995e+01	
  -1.5405035e-04	  -4.1845561e-05	  -2.2090198e-03	  -1.1896105e-04	   1.7818542e-12	   7.1745768e+01	
   1.3966267e-03	   2.2160371e-04	   7.4546578e-04	   6.0980533e-05	   1.8901332e-12	   7.1738129e+01	
  -1.5660229e-04	  -2.8432183e-05	  -9.7823685e-04	  -8.9198448e-05	   1.7951516e-12	   7.1721384e+01	
   1.6027332e-03	   5.4320807e-05	  -1.4697364e-03	  -1.0175931e-04	   1.9300255e-12	   7.1736644e+01	
   2.1445495e-04	  -2.9141703e-05	  -1.7288514e-03	  -2.1929441e-04	   1.5633967e-12	   7.1753972e+01	
  -9.1228853e-04	  -5.5432448e-05	   1.9520038e-03	   1.2978264e-04	   2.2719591e-12	   7.1705392e+01	
  -1.8289778e-03	  -1.1531705e-04	  -1.2636928e-03	  -5.4006715e-05	   2.1370853e-12	   7.1718352e+01	
  -1.4874999e-03	  -8.2686119e-05	   1.5549689e-03	   9.6582632e-05	   2.1427842e-12	   7.1716524e+01	
  -1.9961310e-03	  -1.3150550e-04	  -5.0247049e-04	  -5.9139027e-06	   2.0041111e-12	   7.1725893e+01	
  -1.9817937e-03	  -1.0924643e-04	   5.2974420e-04	   4.4886759e-05	   2.0117097e-12	   7.1725588e+01	
   1.0711856e-03	   9.7610527e-05	  -4.5550974e-05	  -4.0047877e-05	   1.8236461e-12	   7.1724228e+01	
   1.1780420e-03	   1.1804506e-04	   1.0063535e-03	   8.2826043e-05	   2.2092713e-12	   7.1700098e+01	
   5.8836767e-04	   1.4773343e-05	  -2.3423280e-03	  -1.5169586e-04	   1.8483413e-12	   7.1741392e+01	
  -1.9038440e-03	  -1.9373201e-04	  -7.3294734e-04	  -2.6533350e-05	   1.8160476e-12	   7.1739959e+01	
   3.6400077e-04	   5.3643939e-05	   5.3723215e-04	   1.9050132e-05	   2.0098100e-12	   7.1712716e+01	
  -1.0449682e-03	  -1.2339509e-04	   9.9061778e-05	   1.0167677e-05	   1.9718174e-12	   7.1713262e+01	
  -7.7693867e-04	  -7.8839873e-05	   1.9821824e-03	   1.9567566e-04	   2.3631414e-12	   7.1693655e+01	
   1.5515713e-03	   1.5188883e-04	  -1.0122433e-03	  -1.6629389e-04	   2.0573008e-12	   7.1726341e+01	
   7.7707884e-04	  -1.9928773e-06	  -1.7528746e-03	  -9.2198129e-05	   2.3612418e-12	   7.1700949e+01	
   2.5029785e-05	  -2.5149378e-05	  -1.3881585e-03	  -1.4482038e-04	   1.9281259e-12	   7.1719151e+01	
  -1.1259045e-03	  -1.8875604e-04	  -1.2638128e-03	  -1.2907316e-04	   1.7381627e-12	   7.1746657e+01	
   8.0147823e-04	   1.8871133e-05	  -2.0246032e-03	  -1.2389566e-04	   1.8749362e-12	   7.1738063e+01	
  -2.2210599e-03	  -1.9454237e-04	  -1.1592969e-03	  -9.8354193e-05	   1.6203855e-12	   7.1749903e+01	
  -5.3027014e-04	  -5.8883577e-05	  -1.8815714e-03	  -9.1332937e-05	   2.2700595e-12	   7.1706899e+01	
   1.6562389e-04	   2.9449663e-05	   1.1294804e-03	   1.0057659e-04	   1.4855118e-12	   7.1745654e+01	
  -1.0101983e-03	  -8.4465745e-05	  -2.1045563e-03	  -9.5481929e-05	   1.8578394e-12	   7.1746805e+01	
  -2.2794514e-04	   8.3705002e-07	   6.9953317e-04	   6.3384299e-05	   2.1940743e-12	   7.1698188e+01	
   1.6711072e-03	   5.0929246e-05	  -1.2515519e-03	  -8.3152942e-05	   2.2890558e-12	   7.1709424e+01	
   1.5111711e-03	   1.1384566e-04	  -1.6936444e-03	  -1.9954236e-04	   2.3726396e-12	   7.1705968e+01	
   1.9519459e-03	   8.6114330e-05	   3.3254112e-04	  -2.1510273e-05	   2.3403459e-12	   7.1703429e+01	
   2.5470075e-04	  -5.2265229e-07	  -1.4482585e-03	  -1.5848002e-04	   1.7780550e-12	   7.1730686e+01	
   1.2004207e-03	   8.4375878e-05	  -1.8680395e-03	  -1.7545582e-04	   2.0743975e-12	   7.1722249e+01	
  -1.6741274e-03	  -1.1585788e-04	  -1.8534272e-03	  -1.0518309e-04	   1.6982705e-12	   7.1752919e+01	
  -2.3003734e-03	  -1.3635082e-04	   3.2628807e-04	   3.0725533e-05	   2.1294868e-12	   7.1722198e+01	
  -4.1767943e-04	  -7.0522726e-05	  -1.1804059e-03	  -1.1325774e-04	   1.9205273e-12	   7.1720227e+01	
   2.4190546e-04	   2.0055756e-05	   2.1369505e-03	   1.0591110e-04	   2.2890558e-12	   7.1708371e+01	
  -2.0156605e-03	  -4.8630708e-05	  -9.9504066e-04	  -1.9305978e-05	   2.1104905e-12	   7.1728163e+01	
  -1.5775379e-03	  -1.6776916e-04	  -1.3918075e-03	  -1.2982722e-04	   2.3137510e-12	   7.1700957e+01	
  -1.9158124e-04	   9.0871897e-06	   1.8433450e-03	   1.6028216e-04	   2.2073716e-12	   7.1711737e+01	
   1.4535803e-03	   7.7175248e-05	  -1.8085966e-03	  -1.4179658e-04	   2.0611000e-12	   7.1728559e+01	
   1.3480029e-03	   1.3255499e-04	   6.5373877e-04	   5.1360397e-05	   2.3118514e-12	   7.1693252e+01	
   1.0992803e-03	   8.4429334e-05	  -2.0485780e-03	  -1.8041079e-04	   1.8749362e-12	   7.1733530e+01	
   1.3961834e-03	   4.0661572e-05	  -1.5780416e-03	  -9.6832870e-05	   2.3498440e-12	   7.1705257e+01	
   1.8024716e-03	   7.0724566e-05	  -1.2145519e-03	  -8.8693082e-05	   2.2928551e-12	   7.1710761e+01	
  -2.1804401e-03	  -1.0444907e-04	   1.9101330e-05	   1.8291844e-05	   2.2814573e-12	   7.1711379e+01	
   1.5516993e-03	   5.9629000e-05	  -1.7170277e-03	  -1.2570142e-04	   1.9604196e-12	   7.1740219e+01	
   1.3388147e-03	   1.2320840e-04	   1.6440610e-03	   1.2622084e-04	   2.0554011e-12	   7.1723654e+01	
   2.1539970e-03	   1.8653515e-04	  -4.6270640e-04	  -8.2895119e-05	   2.0686985e-12	   7.1727782e+01	
  -8.4708380e-04	  -6.6855167e-05	   7.5933503e-04	   8.5865065e-05	   2.3745392e-12	   7.1686928e+01	
  -2.0444974e-03	  -1.1715340e-04	  -5.3028600e-04	   4.0519264e-06	   2.0041111e-12	   7.1733829e+01	
  -3.0704553e-04	  -4.8644675e-05	  -1.3992298e-03	  -1.4163251e-04	   2.3175503e-12	   7.1694350e+01	
   2.7658156e-05	   6.0422851e-06	   1.7762957e-03	   1.7218451e-04	   2.2624610e-12	   7.1703175e+01	
   1.5780043e-03	   5.5998974e-05	  -1.4700852e-03	  -9.6230326e-05	   2.0573008e-12	   7.1729984e+01	
  -1.8565165e-03	  -1.1511666e-04	   6.6753732e-04	   6.3851139e-05	   2.3403459e-12	   7.1702546e+01	
   4.7553853e-04	   9.6539617e-05	   3.8447196e-04	   2.3769616e-05	   2.2434646e-12	   7.1704273e+01	
  -2.1469327e-03	  -1.2140558e-04	  -7.8305838e-04	  -2.4040827e-05	   1.9737170e-12	   7.1736278e+01	
   2.6970555e-04	   1.4035059e-05	  -1.0765659e-03	  -1.0514612e-04	   1.5007088e-12	   7.1744521e+01	
  -2.0900277e-03	  -2.1978998e-04	   2.2861824e-04	   3.4504222e-05	   2.0421038e-12	   7.1723975e+01	
   6.5028270e-04	   5.9787834e-05	  -3.6654720e-04	  -7.4556376e-05	   2.2681598e-12	   7.1700127e+01	
  -8.7465051e-06	  -2.1455863e-05	  -2.3678218e-03	  -1.4061871e-04	   1.8673377e-12	   7.1745028e+01	
   1.2014837e-03	   5.6133150e-05	  -1.6181544e-03	  -1.3845779e-04	   2.1446838e-12	   7.1720353e+01	
  -4.1112858e-04	  -6.2859902e-05	  -1.9683854e-03	  -1.4648968e-04	   1.9528211e-12	   7.1732501e+01	
   2.0925949e-03	   1.4389686e-04	   2.2071564e-05	  -3.3341547e-05	   1.9015310e-12	   7.1737824e+01	
   1.3450117e-03	   1.0031421e-04	   1.4492020e-03	   7.5852714e-05	   2.2301673e-12	   7.1711716e+01	
  -1.8913271e-03	  -1.3866366e-04	  -1.7542470e-04	   1.8470480e-05	   2.3441451e-12	   7.1703069e+01	
   6.7534906e-04	   6.7273121e-05	   1.6204725e-03	   1.1057306e-04	   2.2263680e-12	   7.1708901e+01	
   2.9779342e-04	   1.9438675e-05	   2.1871772e-03	   1.0929036e-04	   2.2415650e-12	   7.1715284e+01	
   1.5690482e-03	   8.3989430e-05	  -1.2157765e-03	  -1.1698342e-04	   2.3175503e-12	   7.1707199e+01	
   1.0460587e-03	   1.0256791e-04	   4.3864938e-04	   1.3180311e-05	   2.2225687e-12	   7.1701816e+01	
   1.2708879e-03	   7.6902807e-05	  -1.4391899e-03	  -1.6696556e-04	   2.3916359e-12	   7.1704578e+01	
   1.8963864e-03	   1.3435195e-04	  -3.7317158e-05	  -4.2937113e-05	   2.2871562e-12	   7.1707952e+01	
  -1.7062115e-03	  -9.8315247e-05	   1.1162901e-03	   7.3936780e-05	   2.2529628e-12	   7.1711119e+01	
  -1.7231465e-03	  -1.2148934e-04	  -1.2501862e-03	  -4.4164705e-05	   2.2947547e-12	   7.1713185e+01	
  -1.4893691e-03	  -1.6897287e-04	  -1.1530494e-03	  -1.0764099e-04	   1.8673377e-12	   7.1734628e+01	
   1.7053690e-03	   1.3387050e-04	   6.6111209e-04	   1.5241650e-05	   2.2453643e-12	   7.1709872e+01	
   1.6116869e-03	   1.0482237e-04	  -9.1974219e-04	  -1.1144742e-04	   2.3574425e-12	   7.1703488e+01	
  -1.7420157e-03	  -1.8851938e-04	  -4.1700190e-04	  -3.0847694e-05	   1.9319251e-12	   7.1729254e+01	
   1.5976202e-03	   1.0827349e-04	  -7.9685872e-04	  -1.0423154e-04	   2.3327473e-12	   7.1704586e+01	
   9.1303160e-05	  -7.6261762e-06	  -1.9394572e-03	  -1.9496385e-04	   2.3612418e-12	   7.1699143e+01	
   1.5446848e-04	   1.7131059e-05	   7.7004770e-04	   8.8051374e-05	   1.9604196e-12	   7.1723930e+01	
   7.9148692e-04	   7.0412042e-05	  -1.3853274e-03	  -1.5026246e-04	   1.7229657e-12	   7.1738906e+01	
  -1.9944187e-03	  -1.1374361e-04	  -2.6671771e-04	   4.5800618e-06	   2.3631414e-12	   7.1704055e+01	
   9.0504867e-04	   7.7595384e-05	   5.2937562e-04	   3.3986214e-05	   2.0136093e-12	   7.1715358e+01	
   1.7216251e-03	   1.1743375e-04	  -1.5975419e-03	  -1.2701222e-04	   1.8445421e-12	   7.1743259e+01	
   2.4841189e-04	   1.3256650e-05	  -1.9068483e-04	  -5.4641546e-05	   2.2700595e-12	   7.1699329e+01	
   2.2519649e-04	  -6.2386215e-06	  -5.4483143e-04	  -5.2787926e-05	   2.2548625e-12	   7.1698851e+01	
   1.2495388e-03	   1.3930235e-04	  -4.5798394e-05	  -1.9294959e-05	   2.3479444e-12	   7.1695649e+01	
  -7.8361797e-04	  -1.0133436e-04	  -1.4912635e-03	  -1.0612725e-04	   2.1066912e-12	   7.1721047e+01	
   1.8369628e-03	   1.4267834e-04	   2.7974766e-04	  -1.5007065e-05	   2.0705982e-12	   7.1725527e+01	
  -9.8678391e-04	  -6.4017794e-05	   1.0518794e-03	   1.0723802e-04	   2.3669407e-12	   7.1701002e+01	
   2.3926313e-04	   6.4094153e-05	   5.4089917e-04	   1.4778790e-05	   2.3612418e-12	   7.1699851e+01	
  -1.5987262e-03	  -1.3838611e-04	  -3.7279578e-04	   4.0806775e-07	   2.2966543e-12	   7.1707183e+01	
  -1.6856217e-04	   1.1962481e-06	   1.4252072e-03	   1.0776338e-04	   2.2795577e-12	   7.1703644e+01	
   1.0564718e-03	   1.0358554e-04	   1.1471638e-03	   7.4240049e-05	   2.3460448e-12	   7.1703995e+01	
  -6.7866365e-04	  -1.1712347e-04	  -9.1700358e-04	  -5.7877790e-05	   2.2073716e-12	   7.1715642e+01	
   5.6280394e-04	   3.6294112e-05	  -8.3986414e-04	  -1.0786165e-04	   2.2092713e-12	   7.1707339e+01	
  -6.0380137e-04	  -6.7862170e-05	  -2.1199945e-03	  -1.7007104e-04	   2.3650410e-12	   7.1710320e+01	
  -2.8625336e-06	   3.1632316e-05	   2.3952277e-03	   2.2202207e-04	   3.1267933e-12	   7.1299344e+01	
   9.7846923e-04	   9.4938507e-05	  -3.2023163e-04	  -1.4133795e-04	   2.7050751e-12	   7.1334471e+01	
   7.0455623e-04	   1.0933108e-04	   1.1925813e-03	   7.3792490e-05	   3.2673660e-12	   7.1276752e+01	
   1.3794688e-04	  -3.8751146e-06	  -2.8257646e-03	  -2.9922850e-04	   3.0736035e-12	   7.1310901e+01	
  -1.5071469e-03	  -1.2736109e-04	   2.0494816e-03	   2.0947687e-04	   2.6765806e-12	   7.1343788e+01	
   2.6601032e-03	   2.6153501e-04	  -7.2287147e-04	  -1.0890103e-04	   2.9748228e-12	   7.1320240e+01	
  -2.1981139e-04	   2.2754018e-06	   2.3803645e-03	   2.8274308e-04	   2.8570456e-12	   7.1324781e+01	
  -2.9503872e-03	  -2.6444519e-04	  -6.2734836e-04	  -4.6614193e-05	   2.9444287e-12	   7.1326513e+01	
  -5.9935934e-04	  -6.9838611e-05	  -2.7411489e-03	  -2.4525571e-04	   2.9710235e-12	   7.1321033e+01	
  -2.9299500e-03	  -2.9954304e-04	  -1.0687862e-03	  -9.5402126e-05	   2.7411681e-12	   7.1344534e+01	
  -1.8006637e-04	   2.6178138e-06	   2.6604624e-03	   2.5260635e-04	   3.1723845e-12	   7.1296633e+01	
  -2.6423922e-03	  -2.2116145e-04	  -6.6358639e-04	  -4.6557509e-05	   3.1438900e-12	   7.1301718e+01	
   2.4337720e-03	   2.4116660e-04	  -1.4313825e-03	  -1.7355592e-04	   2.4619223e-12	   7.1367499e+01	
   6.2176739e-04	   4.4188734e-05	  -2.5964292e-03	  -2.6355503e-04	   2.5322086e-12	   7.1359086e+01	
   1.4776034e-03	   1.2258872e-04	  -2.4112883e-03	  -2.3643418e-04	   2.8399489e-12	   7.1333447e+01	
   1.6726953e-03	   2.3056289e-04	  -6.4406147e-04	  -1.0665034e-04	   2.8931386e-12	   7.1320442e+01	
   2.0860996e-03	   2.6517086e-04	   1.3824025e-03	   1.4719797e-04	   2.8589452e-12	   7.1326213e+01	
  -5.7600877e-04	  -5.1499116e-05	   2.8179689e-03	   3.1218201e-04	   2.5777998e-12	   7.1355524e+01	
   1.8802532e-03	   2.1504430e-04	   1.7877798e-03	   1.7661455e-04	   3.2483697e-12	   7.1285278e+01	
   8.7200095e-04	   1.2824651e-04	   2.2795619e-03	   2.8649863e-04	   2.4087326e-12	   7.1365401e+01	
   1.9704828e-03	   2.7688556e-04	  -7.3615853e-05	  -2.5839424e-05	   2.7905585e-12	   7.1329171e+01	
  -2.0366901e-03	  -2.9094257e-04	  -1.8352514e-04	  -2.5570535e-05	   3.0318117e-12	   7.1305481e+01	
  -6.9457822e-05	  -2.4842849e-05	   8.4081548e-04	   9.8712832e-05	   3.3281542e-12	   7.1269943e+01	
  -2.9307644e-04	  -4.0657325e-05	   2.8364400e-03	   3.2799394e-04	   2.6119932e-12	   7.1350202e+01	
   1.5705793e-03	   2.4279269e-04	   5.3206956e-04	   2.4969960e-05	   3.1666855e-12	   7.1562092e+01	
  -2.8399488e-03	  -3.3545763e-04	  -3.9943074e-03	  -4.7392410e-04	   2.6157924e-12	   7.1664531e+01	
   3.1835928e-04	  -5.3861365e-05	  -1.2572067e-04	  -1.5590044e-04	   2.7031755e-12	   7.1604728e+01	
   7.4091745e-04	   2.3070394e-04	   4.5177909e-04	   2.6842748e-05	   2.5777998e-12	   7.1622953e+01	
   6.5206667e-04	   8.8340867e-05	  -3.4432096e-04	  -1.9410220e-04	   2.9672242e-12	   7.1582846e+01	
   7.3969011e-04	   2.8743791e-04	   3.1612488e-04	   4.5181195e-05	   2.6746810e-12	   7.1618004e+01	
   2.1079554e-05	   2.0726968e-05	   2.4922469e-03	   4.9423633e-04	   2.7810603e-12	   7.1621683e+01	
   2.7206100e-04	   1.8913361e-04	   2.2371281e-04	  -2.5451624e-05	   3.2939609e-12	   7.1548331e+01	
  -3.0400058e-03	  -5.1864582e-04	   7.1102562e-04	   1.3890714e-04	   3.0109157e-12	   7.1607216e+01	
  -7.7580194e-04	  -2.0142074e-04	  -2.1286094e-03	  -4.4505091e-04	   2.4847178e-12	   7.1645537e+01	
   1.1519670e-04	  -1.2513029e-05	  -2.4535114e-03	  -4.8776128e-04	   2.8361496e-12	   7.1614667e+01	
   1.3228922e-03	   3.2606824e-04	  -7.5775167e-04	  -2.4157781e-04	   2.4163311e-12	   7.1646396e+01	
  -1.5377064e-04	   5.8365894e-05	   2.8915307e-05	   1.8352813e-04	   2.6119932e-12	   7.1619945e+01	
   4.4849952e-04	  -6.1626536e-05	  -1.0143669e-04	  -1.6109887e-04	   3.0869010e-12	   7.1570909e+01	
  -3.7861338e-03	  -5.9480338e-04	   6.2190826e-04	   1.1588335e-04	   2.4125319e-12	   7.1670571e+01	
   2.4797387e-03	   4.3809564e-04	   1.5773864e-03	   2.5283647e-04	   3.0774028e-12	   7.1598622e+01	
   1.8123668e-03	   3.0167821e-04	   3.0373664e-03	   4.8441699e-04	   2.7221717e-12	   7.1641521e+01	
   2.0808794e-03	   3.0893566e-04	   3.0411224e-03	   4.3613697e-04	   3.2844626e-12	   7.1592275e+01	
   1.8550447e-03	   4.2931146e-04	   1.6441152e-04	   1.0354213e-05	   2.6499858e-12	   7.1627410e+01	
  -8.2895609e-04	  -1.9300453e-04	  -2.3496522e-03	  -4.6982194e-04	   2.4828182e-12	   7.1647956e+01	
   1.4725699e-03	   3.6639433e-04	   2.3917880e-04	   5.1545883e-05	   3.3072582e-12	   7.1561270e+01	
   1.8676660e-03	   3.4201766e-04	   2.1694785e-03	   3.8359157e-04	   2.8855401e-12	   7.1616593e+01	
   2.4578949e-05	  -1.9338802e-05	  -1.7846021e-03	  -4.3729573e-04	   2.6461865e-12	   7.1629232e+01	
  -1.2331860e-03	   1.4181009e-05	   4.9592973e-05	   6.6923332e-05	   2.7715622e-12	   7.1605991e+01	
  -2.8995094e-04	   6.3580631e-05	   5.5593690e-04	   1.0635273e-04	   2.5948965e-12	   7.1621229e+01	
  -1.7569054e-03	  -2.9415703e-04	   2.0607871e-03	   3.9105979e-04	   3.1723845e-12	   7.1592620e+01	
  -5.7493160e-04	  -1.0519656e-04	   2.2247811e-03	   4.4389197e-04	   3.2977601e-12	   7.1577158e+01	
  -1.7055277e-03	  -4.0769203e-04	  -8.4198339e-04	  -1.4703881e-04	   2.9254323e-12	   7.1609097e+01	
   4.9804807e-06	  -1.2060510e-05	  -8.9922339e-05	  -4.5742111e-06	   2.5341083e-12	   7.1618630e+01	
   4.7736512e-04	  -4.7054485e-05	  -7.5750244e-04	   1.4313118e-05	   2.8171534e-12	   7.1596644e+01	
   3.1188988e-04	  -5.8601491e-05	   4.1575035e-05	  -8.6795388e-05	   2.6898780e-12	   7.1610866e+01	
  -1.3829239e-04	   4.7225729e-05	   8.1343068e-05	   5.0343418e-05	   2.8817408e-12	   7.1588925e+01	
  -2.4662880e-03	  -4.3721464e-04	  -1.7652705e-03	  -2.7820861e-04	   3.1153955e-12	   7.1603632e+01	
   3.1765611e-04	  -7.8865739e-05	  -7.7730042e-04	  -1.3383651e-04	   2.6594839e-12	   7.1618810e+01	
   6.8567668e-04	   1.2751491e-04	   3.1390048e-03	   5.1644622e-04	   3.0147150e-12	   7.1616765e+01	
  -1.9344083e-03	  -4.1134229e-04	   8.9276472e-04	   2.2604678e-04	   2.6727814e-12	   7.1636415e+01	
   8.0608604e-04	  -9.0479201e-05	  -9.6741540e-04	  -2.8500505e-05	   2.8494471e-12	   7.1606050e+01	
  -3.1430438e-03	  -4.6218171e-04	   1.7880785e-03	   2.8340696e-04	   3.2198752e-12	   7.1605641e+01	
  -2.2286539e-04	   6.6216397e-05	   1.1413970e-03	  -1.5465840e-05	   2.9273319e-12	   7.1592903e+01	
   1.4013464e-03	   2.4397399e-04	   2.5734787e-03	   4.2788009e-04	   3.2426708e-12	   7.1589954e+01	
   2.4975989e-03	   4.9740913e-04	   6.6736663e-04	   1.2074741e-04	   2.4619223e-12	   7.1658072e+01	
  -4.9105885e-04	  -2.2141764e-05	  -8.7531125e-04	   2.9589404e-05	   2.5265097e-12	   7.1625327e+01	
   9.6674228e-05	  -1.0444862e-04	  -3.4152234e-04	  -8.4427326e-05	   3.3357527e-12	   7.1548801e+01	
   2.5862674e-03	   4.3001187e-04	  -1.4970306e-03	  -2.7367408e-04	   3.1191947e-12	   7.1604588e+01	
  -1.5456816e-03	  -2.9829233e-04	   1.5861261e-03	   3.4246620e-04	   3.0204139e-12	   7.1605498e+01	
  -1.9538891e-03	  -2.6954238e-04	   3.1569059e-03	   4.5586378e-04	   3.3110575e-12	   7.1600922e+01	
  -1.2946587e-03	   5.5301719e-05	  -7.6788669e-05	   5.1842469e-05	   2.4942160e-12	   7.1641626e+01	
   3.2269011e-03	   4.6547623e-04	   1.8646619e-03	   2.7269818e-04	   3.1799829e-12	   7.1610240e+01	
   2.0498271e-04	   5.6147410e-05	  -1.0596775e-03	  -3.6150552e-04	   2.6252906e-12	   7.1636720e+01	
   5.0500487e-04	   2.6259415e-04	   3.9946070e-04	   1.2736400e-04	   3.1419904e-12	   7.1586347e+01	
  -1.1660648e-03	  -3.6917308e-04	  -9.9296305e-05	   2.4398655e-05	   2.5208109e-12	   7.1647717e+01	
  -1.6992564e-03	  -4.1471813e-04	   2.8501936e-04	   1.1583603e-04	   2.7392684e-12	   7.1631524e+01	
   6.6519481e-04	   2.2093986e-04	  -5.2209792e-04	  -2.4650115e-04	   2.5398071e-12	   7.1645298e+01	
  -4.9497708e-04	  -2.9230021e-04	  -4.7938959e-04	  -9.8617059e-05	   2.8494471e-12	   7.1619616e+01	
   2.5579388e-04	   2.6410234e-04	   2.3621856e-04	   2.3494490e-05	   2.8893393e-12	   7.1614054e+01	
   1.2317131e-04	   3.4985957e-05	   1.7479522e-03	   4.2896139e-04	   2.7563652e-12	   7.1629784e+01	
   4.6750397e-05	  -2.5471486e-06	  -1.4422687e-03	  -9.5538514e-05	   3.0603062e-12	   7.1579458e+01	
  -1.3770571e-03	  -6.9467596e-05	  -1.0800849e-03	   1.2220097e-05	   2.4467252e-12	   7.1647837e+01	
   2.6550968e-04	   1.9231819e-05	  -1.9478099e-04	  -3.3959582e-05	   2.9311312e-12	   7.1590073e+01	
   4.4939724e-04	  -7.8144277e-05	  -1.2693496e-03	  -1.5562337e-05	   3.2521689e-12	   7.1574500e+01	
  -1.0259211e-03	   2.1986971e-05	   7.7574591e-04	   5.5610862e-05	   3.0944995e-12	   7.1581832e+01	
  -3.4536409e-04	   6.5593279e-07	  -1.2721765e-03	   5.5820409e-05	   3.0014176e-12	   7.1595688e+01	
   2.5476896e-04	   8.7490693e-05	   1.1293828e-03	   3.5690479e-04	   2.9235327e-12	   7.1619025e+01	
  -1.5183970e-03	  -5.8391111e-05	  -5.4153645e-04	   3.7781211e-05	   2.4296286e-12	   7.1651534e+01	
   4.6303542e-04	   2.2099812e-05	   1.1407307e-03	  -6.3796868e-06	   2.9805216e-12	   7.1590007e+01	
   9.8386747e-04	   2.2607680e-06	   8.0497699e-04	  -2.7985120e-05	   3.2540685e-12	   7.1567063e+01	
  -5.1330915e-04	  -4.6257793e-05	  -1.6159748e-03	  -7.7108855e-05	   2.5702012e-12	   7.1634959e+01	
  -1.5869454e-03	  -7.5913432e-05	   2.3778518e-05	   1.7124644e-05	   2.8323504e-12	   7.1609635e+01	
   1.1955817e-03	   5.3771123e-05	  -9.0611282e-06	  -2.2384495e-05	   3.3338531e-12	   7.1563061e+01	
  -4.3995469e-04	  -6.4017285e-05	  -8.1334298e-04	  -9.3148485e-05	   2.4448256e-12	   7.1643499e+01	
   1.3248759e-03	   7.0071099e-06	  -1.2118382e-03	  -7.2275225e-05	   2.5455060e-12	   7.1645815e+01	
   9.6916158e-05	  -5.0217573e-05	  -1.7815025e-03	  -1.0309945e-04	   2.6157924e-12	   7.1638065e+01	
   5.6565699e-04	   2.8463753e-06	   1.0870994e-03	  -7.4108563e-05	   2.4942160e-12	   7.1650592e+01	
  -1.7426221e-04	   3.9590216e-05	   6.2593403e-04	  -1.6190944e-04	   3.0925999e-12	   7.1598689e+01	
   1.5426156e-04	  -1.3570773e-04	  -3.0415106e-04	   1.4708673e-04	   2.5265097e-12	   7.1654595e+01	
  -1.8440081e-03	  -2.9813880e-05	   3.8447643e-04	   9.0704045e-06	   2.6081939e-12	   7.1641947e+01	
  -2.2637649e-04	  -6.3396719e-06	   1.6847282e-03	   3.5657196e-05	   3.0603062e-12	   7.1595232e+01	
  -6.0995455e-04	  -8.8784412e-05	  -1.1399151e-03	  -1.6171690e-05	   2.7715622e-12	   7.1619840e+01	
  -4.8318210e-05	   1.5336000e-05	  -2.7526566e-04	   2.0137367e-04	   3.0223136e-12	   7.1609156e+01	
   1.4643779e-03	   3.2855084e-05	   9.7955237e-04	   1.1447031e-05	   3.0584065e-12	   7.1597383e+01	
  -8.9957195e-04	   2.2519970e-05	  -4.1721252e-04	   7.1346393e-05	   3.0869010e-12	   7.1592537e+01	
   1.5695486e-03	   5.6959204e-06	   1.7854948e-04	  -4.9740002e-05	   2.6461865e-12	   7.1640245e+01	
  -7.7541563e-04	  -8.4436367e-06	   1.6272798e-03	   4.9881194e-05	   2.8855401e-12	   7.1616890e+01	
  -8.8743101e-04	   5.1033977e-05	   8.7024937e-04	  -1.1562188e-05	   3.1039976e-12	   7.1595090e+01	
  -9.1531063e-04	  -5.5606023e-05	   1.7433777e-03	   9.3047742e-05	   2.4600227e-12	   7.1651107e+01	
   1.1460808e-03	  -1.2053518e-05	   5.7117125e-04	  -4.5090130e-05	   2.7202721e-12	   7.1629015e+01	
   8.9194385e-04	  -7.6440626e-05	  -7.7568737e-04	  -3.7116743e-05	   3.0033172e-12	   7.1607879e+01	
  -9.6415813e-04	   9.8917467e-05	   2.7872557e-04	   1.6771893e-05	   3.0470087e-12	   7.1606879e+01	
  -2.0789664e-03	  -1.0291600e-04	  -1.6141754e-04	   1.2724934e-05	   2.7316700e-12	   7.1637497e+01	
  -9.9823651e-04	  -5.6972012e-05	  -1.8743120e-03	  -5.7737731e-05	   2.7335696e-12	   7.1640080e+01	
  -5.2750091e-04	   3.3826850e-05	   1.3434459e-03	  -5.4084808e-05	   3.0128153e-12	   7.1615861e+01	
  -1.0911889e-03	   7.2573685e-05	   7.3892499e-04	  -3.1109733e-05	   2.9919194e-12	   7.1617720e+01	
   1.0264808e-03	   3.2305167e-05	   1.6137658e-03	   2.5161281e-05	   3.0128153e-12	   7.1613516e+01	
  -2.1270501e-03	  -1.3374545e-04	  -2.3124795e-04	  -3.0725603e-06	   2.4277290e-12	   7.1663419e+01	
  -2.1567666e-04	   1.5761376e-04	  -1.1854319e-04	   1.4176229e-04	   2.4315282e-12	   7.1675311e+01	
  -7.1599076e-04	   3.8725887e-05	   1.2800339e-03	  -7.8491760e-05	   3.1096965e-12	   7.1622998e+01	
  -1.8225532e-03	  -1.0048107e-04	   1.3739268e-03	   6.6614613e-05	   2.6974766e-12	   7.1651900e+01	
  -1.8704838e-03	  -2.9547540e-05	   1.2604712e-03	   4.7743147e-05	   2.4714204e-12	   7.1685862e+01	
  -1.3687640e-03	  -5.5476686e-05	   1.4808498e-03	   7.9075607e-05	   2.4182307e-12	   7.1677297e+01	
   7.2234002e-04	   2.2965477e-05	  -2.1395652e-03	  -2.1410308e-04	   2.6423873e-12	   7.1671602e+01	
  -1.7343500e-03	   2.9317878e-06	   1.5376939e-04	  -5.0404993e-07	   2.7772611e-12	   7.1651929e+01	
  -1.1570653e-03	   1.4196242e-05	   1.1746879e-03	  -2.4450925e-05	   3.2635668e-12	   7.1617630e+01	
  -1.0877667e-03	  -9.4076347e-05	  -1.4132954e-03	  -1.2173865e-04	   3.1267933e-12	   7.1620303e+01	
  -1.6838705e-03	  -1.9121039e-04	  -1.2158040e-03	  -8.4740571e-05	   3.1742841e-12	   7.1631473e+01	
   5.5751161e-04	   8.9766707e-06	  -2.1788852e-03	  -2.2503402e-04	   3.1020980e-12	   7.1641902e+01	
   7.0564282e-04	   1.1751325e-04	   2.2964993e-03	   2.6458805e-04	   2.4885172e-12	   7.1693761e+01	
  -2.6137503e-03	  -2.6819120e-04	   2.6721010e-04	   6.0490192e-05	   3.0337113e-12	   7.1656452e+01	
  -1.2942282e-03	  -1.1804953e-04	   1.1579776e-04	   9.6738324e-06	   2.9482279e-12	   7.1627089e+01	
  -1.4490027e-03	  -1.7005994e-04	  -1.4636475e-03	  -1.0836707e-04	   2.8399489e-12	   7.1655236e+01	
  -1.8154498e-03	  -1.4884742e-04	   1.0182375e-03	   1.2829624e-04	   2.9159342e-12	   7.1650637e+01	
  -1.7549640e-04	   2.5999396e-05	   1.3199609e-03	   1.2678365e-04	   2.7487666e-12	   7.1653354e+01	
  -1.1164303e-03	  -1.5533238e-04	  -1.3925627e-03	  -1.1199331e-04	   2.6841791e-12	   7.1666218e+01	
  -8.1579241e-04	  -8.1419884e-05	   1.6664184e-03	   1.6827640e-04	   2.4657215e-12	   7.1681210e+01	
  -1.1112651e-03	  -1.1998253e-04	  -1.3773082e-03	  -1.2990007e-04	   2.6594839e-12	   7.1663470e+01	
  -1.6089677e-04	  -4.7263185e-05	  -2.1638139e-03	  -1.3093037e-04	   2.4904168e-12	   7.1688989e+01	
  -3.8928586e-04	  -6.7940525e-05	  -1.6739421e-03	  -1.2128801e-04	   2.5550042e-12	   7.1674894e+01	
  -1.7692772e-04	  -1.3301823e-05	   2.2587344e-03	   1.5201127e-04	   2.7696625e-12	   7.1661940e+01	
  -6.3511091e-04	  -7.2827560e-05	  -1.9830287e-03	  -1.1380295e-04	   2.5227105e-12	   7.1684652e+01	
   2.2001123e-03	   1.5743082e-04	   6.8291532e-04	   3.0632365e-05	   2.5208109e-12	   7.1683822e+01	
  -5.1797553e-04	  -4.6954386e-05	  -2.1747133e-03	  -1.7200336e-04	   3.3414516e-12	   7.1619773e+01	
  -4.5936080e-04	  -6.4557907e-05	  -1.9253750e-03	  -1.2162431e-04	   2.5796995e-12	   7.1677470e+01	
  -1.7409601e-03	  -9.7647249e-05	   8.7956118e-04	   6.7057828e-05	   2.6651829e-12	   7.1669302e+01	
   1.6216969e-03	   1.0513964e-04	  -1.6561936e-03	  -1.6214163e-04	   2.4999149e-12	   7.1692236e+01	
   2.4256275e-04	   3.2611914e-05	   1.8774308e-03	   7.8031827e-05	   2.6480861e-12	   7.1674722e+01	
   1.8474353e-03	   4.8841141e-05	  -7.3440520e-04	  -6.9834644e-05	   2.5341083e-12	   7.1689295e+01	
   5.2673364e-05	   2.6447756e-05	   2.4387333e-03	   1.9609269e-04	   2.9729231e-12	   7.1666555e+01	
  -1.6102973e-03	  -2.4931599e-05	   8.2692499e-04	   4.7408085e-05	   2.7316700e-12	   7.1670751e+01	
   5.6341571e-04	   3.2208273e-05	  -1.0304227e-03	  -1.1170676e-04	   2.4543237e-12	   7.1676730e+01	
   6.9210244e-04	   6.3656737e-05	   3.0790544e-04	   5.6105784e-06	   2.8684434e-12	   7.1637781e+01	
  -1.7298643e-03	  -7.5948044e-05	  -4.4384373e-04	   2.2478996e-05	   2.7430677e-12	   7.1667054e+01	
   1.9140627e-03	   5.6624539e-05	  -4.8703516e-04	  -6.0118093e-05	   2.5645024e-12	   7.1686390e+01	
  -4.8835548e-04	  -7.1076150e-05	  -7.7404191e-04	  -7.2019905e-05	   2.5455060e-12	   7.1669459e+01	
   1.2382320e-04	   2.5352673e-05	   1.7891744e-03	   1.0194020e-04	   2.7050751e-12	   7.1666061e+01	
   5.2168370e-04	   6.2008427e-05	   1.8180470e-03	   1.1451335e-04	   2.6917776e-12	   7.1670870e+01	
  -1.3817702e-03	  -6.0199052e-05	   1.3426278e-03	   7.6863345e-05	   2.4277290e-12	   7.1693013e+01	
  -1.7623458e-03	  -1.1583831e-04	  -7.0406658e-04	  -3.9900676e-06	   2.6917776e-12	   7.1671175e+01	
  -8.0065007e-04	  -7.6087495e-05	  -1.7570661e-03	  -6.4948151e-05	   2.6803799e-12	   7.1675072e+01	
   1.1349572e-03	   1.7028159e-05	  -1.5353786e-03	  -9.4832455e-05	   2.6252906e-12	   7.1678738e+01	
  -2.6486740e-04	   5.7847981e-06	   1.8318954e-03	   9.8261892e-05	   2.7886589e-12	   7.1662456e+01	
   1.2379227e-03	   8.0985885e-05	  -2.3198366e-03	  -2.3866958e-04	   2.8323504e-12	   7.1681061e+01	
  -1.5797205e-03	  -9.5929533e-05	  -1.0560151e-03	  -1.7722852e-05	   2.6708818e-12	   7.1674371e+01	
   1.9633879e-03	   7.5904866e-05	  -8.6643485e-04	  -8.2936417e-05	   3.1400906e-12	   7.1652489e+01	
   1.2057985e-03	   2.0376666e-05	  -1.4742842e-03	  -8.8148309e-05	   2.5512050e-12	   7.1685257e+01	
   1.6754686e-03	   1.1729573e-04	   1.0353332e-03	   2.4647409e-05	   2.7563652e-12	   7.1669913e+01	
   2.3530321e-03	   2.0669235e-04	   1.7735184e-04	  -2.8068195e-05	   2.6765806e-12	   7.1686966e+01	
   5.0080263e-04	  -1.9504340e-05	  -1.8889377e-03	  -9.2673278e-05	   2.4828182e-12	   7.1693589e+01	
  -8.9946243e-04	  -8.6665566e-05	  -2.2817628e-04	  -2.8197585e-06	   2.8513467e-12	   7.1641184e+01	
  -1.8705358e-03	  -6.8991639e-05	   1.1930050e-04	   3.5497528e-05	   2.4885172e-12	   7.1692185e+01	
   5.3898522e-04	   5.3491697e-05	   1.7054196e-03	   1.0013097e-04	   2.6499858e-12	   7.1671287e+01	
   5.1103142e-04	  -1.8623518e-05	  -1.8313320e-03	  -8.7637224e-05	   2.6689821e-12	   7.1676671e+01	
  -2.1872881e-04	  -5.0279037e-05	  -1.8253412e-03	  -5.4396586e-05	   2.7392684e-12	   7.1672475e+01	
  -1.7355988e-03	  -7.8837145e-05	  -6.9036847e-04	  -3.0639833e-06	   2.5094130e-12	   7.1687846e+01	
   3.5791175e-04	   9.9704400e-06	  -8.6580021e-04	  -1.0752581e-04	   2.5360079e-12	   7.1673064e+01	
   1.7229771e-03	   4.8609344e-05	  -8.8569251e-04	  -7.1946694e-05	   2.6081939e-12	   7.1682321e+01	
  -1.7239951e-03	  -9.8421505e-05	  -7.7840907e-04	  -1.1080198e-05	   2.6632831e-12	   7.1673968e+01	
   2.1085640e-04	   2.9530029e-05	   1.8339185e-03	   1.0123696e-04	   2.7050751e-12	   7.1669234e+01	
  -1.8355023e-03	  -1.1660304e-04	   2.5464120e-04	   1.0737496e-05	   2.5740005e-12	   7.1675043e+01	
  -7.4459518e-04	  -6.3350065e-05	   2.2535473e-03	   1.6143050e-04	   2.7240714e-12	   7.1670757e+01	
  -1.5430390e-03	  -4.9080155e-05	   9.8907004e-04	   4.8484301e-05	   2.7620641e-12	   7.1666480e+01	
  -4.7912820e-04	  -4.1586908e-05	   1.5571064e-03	   1.4427769e-04	   2.6784802e-12	   7.1664523e+01	
  -4.2513824e-04	  -5.3324072e-05	   6.4487735e-04	   1.2971032e-04	   2.9140346e-12	   7.1646375e+01	
   1.8358823e-03	   5.9489716e-05	  -8.9117040e-04	  -7.9670669e-05	   2.7430677e-12	   7.1676873e+01	
  -1.4939214e-03	  -1.0673863e-04	   1.3560916e-03	   1.3930959e-04	   2.7449673e-12	   7.1677000e+01	
  -1.4278308e-03	  -1.5373386e-04	  -7.7947815e-04	  -6.5723713e-05	   2.4334278e-12	   7.1687294e+01	
  -1.7336636e-03	  -1.3115460e-04	   1.4480674e-03	   1.5165015e-04	   2.6271902e-12	   7.1687884e+01	
   8.1618588e-05	   3.2377341e-05	   1.9028458e-03	   1.5790288e-04	   2.7582648e-12	   7.1673698e+01	
   1.8229338e-03	   7.7699466e-05	  -8.2734933e-04	  -8.1774512e-05	   2.5208109e-12	   7.1690355e+01	
  -9.7200560e-04	  -9.7747271e-05	   3.0941437e-03	   3.0763221e-04	   2.7886589e-12	   7.1697955e+01	
   1.9674825e-03	   9.4025737e-05	  -4.0944060e-04	  -5.8485041e-05	   2.4391267e-12	   7.1696859e+01	
  -8.7768013e-04	  -7.2151311e-05	   6.8856910e-05	   1.3029493e-05	   2.6271902e-12	   7.1661149e+01	
  -2.4219764e-03	  -2.1563359e-04	  -1.1373870e-03	  -6.1875455e-05	   3.0147150e-12	   7.1674923e+01	
   2.0909629e-03	   1.6885935e-04	  -1.0643334e-03	  -1.3865463e-04	   2.7297703e-12	   7.1685809e+01	
  -5.5289275e-04	  -3.8976368e-05	   4.3033576e-04	   3.0060991e-05	   2.5891976e-12	   7.1664950e+01	
   1.7127065e-05	   9.6147039e-06	   1.3710213e-03	   1.0944704e-04	   2.9976183e-12	   7.1639908e+01	
   2.5670708e-03	   2.0082269e-04	   2.9367457e-04	  -1.0918191e-05	   3.0831018e-12	   7.1665226e+01	
  -1.8108625e-03	  -1.0671914e-04	   5.6213690e-04	   5.8662173e-05	   2.5815991e-12	   7.1683204e+01	
   9.7482418e-04	   9.1760793e-05	   2.2971676e-03	   1.6448238e-04	   3.1818826e-12	   7.1657380e+01	
  -9.8341143e-05	  -4.2712324e-05	  -2.0835118e-03	  -1.1156974e-04	   2.5796995e-12	   7.1689496e+01	
  -1.8416781e-03	  -1.2148441e-04	   2.6301353e-04	   4.2476147e-05	   2.5303090e-12	   7.1686257e+01	
  -1.2841562e-03	  -6.4185058e-05	   1.4869612e-03	   1.0474456e-04	   2.6024949e-12	   7.1684480e+01	
  -8.2469205e-04	  -7.6887828e-05	  -1.9108062e-03	  -8.6177900e-05	   2.4942160e-12	   7.1695978e+01	
   7.3763726e-04	   1.1682184e-04	   1.9665973e-03	   2.9387660e-04	   2.4353274e-12	   7.1708289e+01	
   9.6368660e-04	   1.1127977e-04	   1.5585242e-03	   1.1759773e-04	   2.9425290e-12	   7.1664075e+01	
  -8.0148908e-04	  -7.0263134e-05	  -2.0921356e-03	  -1.7398478e-04	   2.7620641e-12	   7.1667555e+01	
   8.9159941e-04	   2.4067259e-05	  -1.8212658e-03	  -1.3985656e-04	   2.4733201e-12	   7.1696246e+01	
   1.4985413e-03	   8.4540482e-05	  -2.1111153e-03	  -1.7895057e-04	   3.3338531e-12	   7.1654796e+01	
  -1.9424362e-03	  -1.5439444e-04	   9.9527644e-04	   7.0945001e-05	   3.0508080e-12	   7.1647547e+01	
   1.8282347e-03	   8.8993433e-05	  -1.2012481e-03	  -9.0856377e-05	   2.5151119e-12	   7.1692639e+01	
   2.0027806e-03	   1.6872024e-04	  -1.0947422e-03	  -1.3859453e-04	   3.2198752e-12	   7.1656961e+01	
   2.1004980e-04	   3.3672861e-05	   1.5014562e-03	   1.0781930e-04	   2.4790189e-12	   7.1685652e+01	
   8.0189859e-04	   8.5920098e-05	   1.1515573e-03	   6.8168481e-05	   2.5815991e-12	   7.1678366e+01	
   1.8459471e-03	   1.1209847e-04	  -1.1663312e-03	  -1.0068093e-04	   2.6328890e-12	   7.1681456e+01	
  -2.9491777e-04	  -3.0392229e-05	   1.2613177e-03	   9.6640282e-05	   2.7677629e-12	   7.1653287e+01	
  -1.2049598e-03	  -8.2684664e-05	   1.6553323e-03	   1.6985713e-04	   2.9235327e-12	   7.1672385e+01	
  -1.3152235e-03	  -8.7025071e-05	   1.7253716e-03	   1.1853253e-04	   2.4581231e-12	   7.1696156e+01	
   1.0622129e-03	   5.4657767e-05	  -1.9123444e-03	  -1.4800677e-04	   2.5645024e-12	   7.1688318e+01	
   1.0260090e-03	   7.6333653e-05	  -6.5292267e-04	  -7.1012287e-05	   2.6081939e-12	   7.1667152e+01	
  -1.3684570e-03	  -1.4976312e-04	  -2.1298491e-03	  -1.7847404e-04	   3.0774028e-12	   7.1665971e+01	
   1.0744984e-03	   1.1395134e-04	   1.8078239e-03	   1.3864330e-04	   3.1761837e-12	   7.1651205e+01	
  -2.0211431e-03	  -1.3013651e-04	  -3.7216199e-04	   9.4977451e-06	   2.9843209e-12	   7.1664531e+01	
  -2.1051639e-03	  -1.7389133e-04	   1.1831180e-03	   1.3853227e-04	   3.0261128e-12	   7.1674266e+01	
   1.8941151e-03	   1.7229696e-04	  -1.2253804e-04	  -6.0631176e-05	   2.8190530e-12	   7.1677260e+01	
   5.9238234e-04	   3.4648295e-05	  -2.1751772e-03	  -1.8914921e-04	   2.7525658e-12	   7.1672385e+01	
   1.0793844e-03	   6.9917029e-05	  -1.9704059e-03	  -1.7558166e-04	   2.7696625e-12	   7.1673483e+01	
   1.0961323e-03	   1.0727549e-04	   5.4955567e-04	   2.6679829e-06	   2.4296286e-12	   7.1690737e+01	
  -1.9116917e-03	  -1.7060981e-04	   9.5840307e-04	   9.1086902e-05	   2.5227105e-12	   7.1688915e+01	
   1.2878210e-03	   1.1671395e-04	   2.5684417e-04	  -6.8012548e-06	   2.6898780e-12	   7.1666024e+01	
   1.7796101e-07	   1.6446060e-05	   2.4181118e-03	   1.7558180e-04	   3.1533881e-12	   7.1661268e+01	
  -1.7254681e-03	  -1.3087633e-04	  -1.2552542e-03	  -5.0901820e-05	   2.7791607e-12	   7.1678037e+01	
  -1.7222988e-03	  -8.6142504e-05	   1.0224716e-03	   6.0483112e-05	   2.6271902e-12	   7.1682777e+01	
  -3.2601378e-04	   5.2455860e-06	   8.0372015e-04	   5.8820862e-05	   2.6005953e-12	   7.1675133e+01	
   2.0770555e-03	   1.1488469e-04	  -5.3247354e-05	  -3.2355782e-05	   2.7316700e-12	   7.1675953e+01	
  -1.4689360e-03	  -1.5591979e-06	  -4.7340044e-04	  -7.7391975e-07	   2.8893393e-12	   7.1658462e+01	
   1.7623233e-03	   1.4978339e-04	  -6.1979552e-04	  -7.4800339e-05	   2.7411681e-12	   7.1668383e+01	
  -2.4527940e-04	  -1.9210527e-06	   1.6339435e-03	   1.2539937e-04	   2.7354692e-12	   7.1672788e+01	
   1.5188212e-03	   1.0671833e-04	   2.9966927e-04	  -1.8814781e-05	   3.1837822e-12	   7.1642948e+01	
  -2.1231309e-04	  -1.3129699e-05	   8.6433443e-04	   6.5750054e-05	   2.7943578e-12	   7.1652459e+01	
   1.7800658e-03	   8.9717391e-05	  -1.0205572e-03	  -8.7420604e-05	   2.5474057e-12	   7.1690856e+01	
   9.7372865e-04	   9.7423427e-05	   4.9940510e-04	   1.8176955e-05	   2.4277290e-12	   7.1686488e+01	
  -1.1476325e-03	  -1.1588593e-04	  -1.9962077e-03	  -1.3266269e-04	   2.8988375e-12	   7.1675207e+01	
   2.3437949e-03	   1.7902010e-04	  -2.5130141e-04	  -3.6565153e-05	   3.0944995e-12	   7.1655311e+01	
   4.0692390e-04	   7.6675157e-05	   1.7017244e-03	   1.6064580e-04	   2.9368301e-12	   7.1670377e+01	
   1.8631003e-04	  -1.8421837e-05	  -1.9790028e-03	  -1.3467377e-04	   3.1875815e-12	   7.1651496e+01	
   1.7506008e-03	   9.2336598e-05	  -1.2387104e-03	  -1.0100934e-04	   3.0660051e-12	   7.1659282e+01	
  -1.3498450e-03	  -1.1632786e-04	  -2.2933743e-03	  -1.9304565e-04	   3.1533881e-12	   7.1658865e+01	
   8.7815141e-04	   6.8407625e-05	  -6.4127059e-05	  -1.9149521e-05	   2.8912389e-12	   7.1647709e+01	
  -7.6879996e-04	  -4.3121630e-05	   1.4977464e-03	   1.2634941e-04	   2.6879784e-12	   7.1677886e+01	
   1.4191952e-04	   1.6861427e-05	   7.4408191e-04	   5.6368267e-05	   2.6423873e-12	   7.1666494e+01	
  -1.5770017e-03	  -8.6215926e-05	   9.6917393e-04	   6.7589831e-05	   3.3053586e-12	   7.1643791e+01	
   1.9067595e-03	   1.0717797e-04	  -1.0117777e-03	  -9.1988130e-05	   3.2369719e-12	   7.1651608e+01	
   5.8864271e-04	   3.7188331e-05	  -1.5893878e-03	  -1.4481622e-04	   3.0356110e-12	   7.1647703e+01	
  -1.6719932e-03	  -1.2080598e-04	  -1.4910646e-03	  -9.3604186e-05	   2.7544655e-12	   7.1674326e+01	
  -7.1146923e-04	  -9.9494869e-05	  -2.0388296e-03	  -1.6227228e-04	   2.6176920e-12	   7.1692737e+01	
  -2.3738159e-03	  -1.9036677e-04	  -8.3333455e-05	   4.6200104e-06	   2.9767224e-12	   7.1664897e+01	
  -3.8659534e-04	  -7.0128878e-05	  -2.2342561e-03	  -1.8097163e-04	   2.7677629e-12	   7.1683979e+01	
  -2.2651687e-03	  -1.5178931e-04	  -6.2430305e-04	  -3.1299495e-05	   3.1742841e-12	   7.1652802e+01	
  -2.5022581e-03	  -1.8453242e-04	   8.1398840e-04	   8.7183672e-05	   3.1248936e-12	   7.1670937e+01	
   1.7451552e-03	   1.3283925e-04	  -8.1636270e-04	  -1.1137085e-04	   2.8570456e-12	   7.1676438e+01	
  -1.1292521e-03	  -9.1417843e-05	   3.8602902e-04	   8.1819349e-05	   2.4866175e-12	   7.1689743e+01	
   7.9888431e-04	   3.1780487e-05	  -1.7495755e-03	  -1.7192370e-04	   2.8228523e-12	   7.1677849e+01	
   1.4926056e-03	   1.6139909e-04	  -1.5732684e-04	  -6.8901295e-05	   2.8399489e-12	   7.1675557e+01	
   7.4574937e-04	   6.9440818e-05	  -2.2475650e-03	  -2.2761017e-04	   2.5227105e-12	   7.1693350e+01	
  -2.3998671e-04	   2.2311767e-05	   6.8475778e-04	   6.0751501e-05	   2.4087326e-12	   7.1695604e+01	
  -1.2247460e-03	  -1.0950823e-04	   5.0307336e-04	   1.0001598e-04	   2.8095548e-12	   7.1672332e+01	
   1.0181351e-03	   6.8202428e-05	  -2.2264037e-03	  -1.8449084e-04	   3.0413098e-12	   7.1662470e+01	
   1.3871580e-03	   1.2955846e-04	   1.1029031e-03	   9.6621832e-05	   3.0318117e-12	   7.1652802e+01	
  -6.6073569e-04	  -7.6114627e-05	  -2.2229237e-03	  -1.8286252e-04	   2.8057555e-12	   7.1676634e+01	
  -1.2266978e-03	  -1.1569890e-04	  -4.1969766e-04	  -3.0127495e-05	   2.7449673e-12	   7.1661261e+01	
  -1.8788230e-03	  -1.2980808e-04	   5.3126151e-04	   5.3625697e-05	   2.7791607e-12	   7.1674669e+01	
  -3.2300255e-04	   9.5239927e-06	   1.5690167e-03	   1.5390376e-04	   3.0280124e-12	   7.1662417e+01	
  -1.7917558e-03	  -1.3663047e-04	   1.8241085e-03	   1.7013915e-04	   3.0356110e-12	   7.1678082e+01	
  -2.2919751e-03	  -2.0016605e-04	   1.8137558e-04	   3.1788587e-05	   2.8019563e-12	   7.1676334e+01	
   1.4690620e-03	   1.0028585e-04	  -1.7732640e-03	  -1.8742458e-04	   2.9273319e-12	   7.1680910e+01	
   1.6867176e-03	   1.4218315e-04	   7.6869095e-04	   3.2342338e-05	   2.6442869e-12	   7.1683711e+01	
  -1.3046036e-03	  -9.8587775e-05	   4.6278468e-04	   8.6605008e-05	   3.3034590e-12	   7.1639603e+01	
   1.5919449e-03	   1.2830869e-04	  -8.4677307e-04	  -1.2445834e-04	   3.2673660e-12	   7.1652504e+01	
   1.1244530e-03	   1.1208396e-04	   1.6287060e-03	   1.1830635e-04	   2.7449673e-12	   7.1680268e+01	
   7.0894060e-04	   4.6977550e-05	  -2.0215891e-03	  -1.9836437e-04	   2.6632831e-12	   7.1681478e+01	
   1.4082359e-03	   1.3695862e-04	   1.2206933e-03	   7.7302907e-05	   2.9368301e-12	   7.1670115e+01	
  -4.8499505e-04	  -7.0656225e-05	  -9.0603759e-04	  -1.0501452e-04	   2.5246101e-12	   7.1684369e+01	
  -1.2737916e-03	  -1.3030639e-04	  -9.3862338e-04	  -6.1520189e-05	   3.1533881e-12	   7.1642648e+01	
   1.1022223e-03	   9.0979057e-05	  -2.6619970e-04	  -3.8972689e-05	   3.0736035e-12	   7.1638818e+01	
  -1.6988478e-03	  -1.2748569e-04	   1.3315637e-03	   1.1016272e-04	   2.8608448e-12	   7.1672974e+01	
  -1.1769115e-03	  -1.1139560e-04	   4.0536257e-04	   9.1099332e-05	   3.0546073e-12	   7.1653452e+01	
   2.1182407e-03	   1.2239415e-04	   1.6398549e-03	   9.0712410e-05	   3.2958605e-12	   7.1658409e+01	
   1.2874625e-03	   1.1014505e-04	   3.0431362e-04	  -1.1331783e-06	   3.0033172e-12	   7.1647009e+01	
  -5.2781272e-04	  -7.9553821e-06	   7.1443150e-04	   9.4019852e-05	   2.6252906e-12	   7.1680268e+01	
   7.9898698e-04	   7.7142179e-05	   1.0578856e-03	   6.7703547e-05	   3.0489083e-12	   7.1645956e+01	
   5.6268131e-04	   5.5805695e-05	   1.7490989e-03	   1.3787482e-04	   2.9444287e-12	   7.1662650e+01	
  -1.9390420e-03	  -1.5369283e-04	  -1.9553747e-04	   6.3993095e-06	   2.6385880e-12	   7.1686257e+01	
  -1.7185890e-03	  -1.7307689e-04	  -1.2660848e-03	  -7.5467254e-05	   3.3376523e-12	   7.1657380e+01	
  -1.0581982e-03	  -1.0377013e-04	   2.0321027e-04	   7.8312177e-05	   2.4334278e-12	   7.1697912e+01	
   8.6444666e-04	   5.3042650e-05	  -2.3834281e-03	  -1.8061271e-04	   3.2749645e-12	   7.1654459e+01	
   2.2789819e-03	   1.7573130e-04	  -1.3039146e-04	  -4.7522156e-05	   3.1989792e-12	   7.1664239e+01	
   1.2769455e-03	   1.1526986e-04	   3.2527840e-04	   1.0023679e-05	   2.7544655e-12	   7.1662791e+01	
  -1.0030016e-03	  -6.7120357e-05	   1.4045846e-03	   1.0806226e-04	   3.1305925e-12	   7.1652921e+01	
   8.1598384e-04	   8.2174857e-05	   1.5952484e-03	   1.3178500e-04	   2.7430677e-12	   7.1675873e+01	
  -6.4185160e-04	  -3.4909247e-05	   1.4637719e-03	   1.0073700e-04	   3.3547491e-12	   7.1639423e+01	
   1.2410002e-03	   8.0753586e-05	  -1.2868080e-03	  -1.4897396e-04	   2.8437482e-12	   7.1677581e+01	
  -2.2579216e-03	  -1.8993055e-04	  -8.5092892e-04	  -3.7203111e-05	   3.0793024e-12	   7.1674125e+01	
  -2.1014197e-03	  -1.6742198e-04	   7.8372272e-04	   6.9875224e-05	   3.2255740e-12	   7.1650884e+01	
  -1.2033303e-03	  -1.3006060e-04	   4.2042629e-05	   6.0231917e-05	   2.6271902e-12	   7.1684480e+01	
  -2.9784693e-04	  -4.0909255e-05	  -2.4409545e-03	  -2.1708414e-04	   2.7658633e-12	   7.1684406e+01	
  -1.6281459e-05	  -5.1007189e-05	  -1.3323392e-03	  -1.2319222e-04	   2.7183725e-12	   7.1677470e+01	
  -1.8530419e-03	  -9.0259903e-05	  -5.9060523e-04	  -1.2831708e-05	   3.0888006e-12	   7.1660679e+01	
   2.5372946e-04	  -1.3694242e-05	  -2.2914229e-03	  -1.9166601e-04	   3.1096965e-12	   7.1669839e+01	
   8.5185503e-04	   8.5938281e-05	  -1.2051487e-04	  -7.4692160e-05	   2.6860788e-12	   7.1679881e+01	
   1.0918367e-03	   1.0482850e-04	   1.3017817e-03	   9.0222847e-05	   2.5265097e-12	   7.1691706e+01	
   1.0026737e-03	   1.1178212e-04	   6.7155579e-04	   5.2205066e-05	   2.5626027e-12	   7.1684233e+01	
  -4.9683801e-04	  -6.5914855e-05	  -9.6437340e-04	  -8.9266711e-05	   2.4011341e-12	   7.1689273e+01	
   9.5576902e-04	   4.8698838e-05	  -1.3696550e-03	  -1.5091061e-04	   2.8475475e-12	   7.1675454e+01	
   2.2631555e-03	   1.7089730e-04	   4.3340702e-05	  -3.3660087e-05	   3.2863622e-12	   7.1661178e+01	
  -2.1092609e-03	  -1.8301708e-04	   7.8215527e-04	   7.5277979e-05	   2.9672242e-12	   7.1668338e+01	
   3.8515871e-04	   5.6112595e-05	   7.9682934e-04	   2.7336898e-05	   3.1894811e-12	   7.1638810e+01	
  -1.3982024e-03	  -1.2217171e-04	  -1.7547646e-03	  -9.8609375e-05	   3.3585483e-12	   7.1660417e+01	
   1.1878872e-03	   9.5836537e-05	  -1.8638862e-04	  -6.9233086e-05	   2.8912389e-12	   7.1665173e+01	
   5.7171681e-04	   4.4077106e-05	  -1.6882159e-03	  -1.7333898e-04	   2.7772611e-12	   7.1673438e+01	
  -1.4428709e-03	  -1.1884776e-04	   1.5603675e-04	   5.6654649e-05	   2.9995180e-12	   7.1660560e+01	
   5.2747478e-04	   4.1824894e-06	  -1.4515075e-03	  -1.4493009e-04	   2.8608448e-12	   7.1672086e+01	
  -2.0578914e-03	  -1.7607032e-04	  -1.1840322e-03	  -8.0066685e-05	   2.9862205e-12	   7.1670512e+01	
  -1.7870291e-03	  -1.3610775e-04	  -1.4484126e-03	  -8.8192772e-05	   3.0622058e-12	   7.1665419e+01	
  -3.1044154e-04	  -8.1608302e-07	   1.0966665e-03	   6.9792926e-05	   3.1058973e-12	   7.1645470e+01	
  -5.3556754e-04	  -8.2365729e-05	  -1.6336568e-03	  -1.1780931e-04	   3.1381910e-12	   7.1656446e+01	
   1.9125342e-03	   1.0490112e-04	  -9.0863643e-04	  -7.9460488e-05	   2.4410263e-12	   7.1705124e+01	
  -2.6308879e-03	  -2.1207924e-04	   3.5705666e-04	   3.5559494e-05	   3.1438900e-12	   7.1673326e+01	
   7.4519050e-04	   7.4832004e-05	   3.9158767e-04	  -1.5551265e-05	   3.0033172e-12	   7.1653109e+01	
  -1.2259358e-03	  -1.1572010e-04	  -1.0921623e-03	  -4.6485394e-05	   3.3566487e-12	   7.1646099e+01	
   1.3717302e-03	   6.4249619e-05	  -1.5188380e-03	  -1.3291351e-04	   3.3433512e-12	   7.1657014e+01	
   3.5231256e-04	   4.2135669e-06	  -1.8998069e-03	  -1.6853855e-04	   3.0565069e-12	   7.1663568e+01	
   1.4939792e-03	   1.2718067e-04	   6.8646761e-04	   2.8810108e-05	   3.0660051e-12	   7.1657701e+01	
  -1.3056136e-03	  -1.2216861e-04	   6.1119492e-04	   5.5111746e-05	   2.7981570e-12	   7.1665234e+01	
  -1.7259508e-03	  -1.6334449e-04	  -3.5618076e-04	  -2.9841948e-05	   2.8266515e-12	   7.1668674e+01	
  -2.0922188e-03	  -1.7491610e-04	   1.9915192e-04	   3.3596579e-05	   3.0413098e-12	   7.1667130e+01	
  -2.6887318e-03	  -2.2933562e-04	  -7.1327334e-04	  -6.1255962e-05	   2.9805216e-12	   7.1676432e+01	
  -2.0577534e-03	  -1.7304391e-04	  -7.7332062e-04	  -4.3523337e-05	   3.1305925e-12	   7.1664143e+01	
  -1.5041591e-03	  -9.6439971e-05	   7.9052294e-04	   7.1627580e-05	   3.1666855e-12	   7.1653168e+01	
  -1.4039020e-03	  -1.2250538e-04	  -6.6449528e-04	  -1.3979746e-05	   3.1932803e-12	   7.1649518e+01	
   7.6540333e-04	   5.4884217e-05	  -1.8208710e-03	  -1.6652129e-04	   3.0982988e-12	   7.1660409e+01	
  -5.5912494e-04	  -2.2375361e-05	   2.1678349e-03	   1.5391904e-04	   3.2046782e-12	   7.1666979e+01	
   1.7055920e-03	   1.1989091e-04	  -1.6035579e-03	  -1.6463290e-04	   3.1400906e-12	   7.1672086e+01	
  -2.2943995e-03	  -2.4181682e-04	  -1.4711912e-03	  -1.4585253e-04	   2.5645024e-12	   7.1706326e+01	
   2.1558670e-03	   1.7456454e-04	   6.5542529e-04	   1.7872447e-05	   2.9957187e-12	   7.1678828e+01	
  -5.2979017e-04	  -2.4143604e-05	   1.4990619e-03	   9.7217642e-05	   3.3338531e-12	   7.1643298e+01	
  -6.4872491e-04	  -7.1067564e-05	   4.4810823e-04	   5.2602421e-05	   2.8703430e-12	   7.1657916e+01	
   7.5341379e-04	   6.1581489e-05	  -1.4344430e-03	  -1.5420878e-04	   2.7715622e-12	   7.1673385e+01	
  -1.4754208e-03	  -1.2220453e-04	   1.3982455e-03	   1.2070140e-04	   3.1457896e-12	   7.1659035e+01	
  -2.2257414e-03	  -1.4871609e-04	  -5.0945056e-04	  -3.1709337e-05	   3.1039976e-12	   7.1665934e+01	
  -2.2968304e-03	  -1.9717528e-04	   1.2140921e-03	   9.8560162e-05	   3.1761837e-12	   7.1665934e+01	
  -1.3044160e-03	  -1.1666734e-04	  -1.0339161e-03	  -8.5640839e-05	   3.0299121e-12	   7.1653003e+01	
   5.2386181e-04	   5.3590744e-05	   1.4068073e-03	   1.0251884e-04	   3.0299121e-12	   7.1657648e+01	
  -1.9960966e-03	  -1.5080534e-04	   2.4320864e-04	   4.8602910e-05	   2.8722426e-12	   7.1682032e+01	
  -1.9214129e-03	  -1.4350574e-04	   1.4603510e-03	   1.0454860e-04	   3.2084774e-12	   7.1658820e+01	
  -2.3871089e-03	  -1.7842504e-04	  -1.2139354e-04	   4.6088600e-06	   3.1077969e-12	   7.1671393e+01	
  -1.8647593e-03	  -1.2194807e-04	  -3.9664747e-04	   1.0279863e-05	   3.3072582e-12	   7.1658223e+01	
   3.1163811e-04	   5.5658975e-05	   5.2597149e-04	   4.5368089e-06	   3.3281542e-12	   7.1632667e+01	
  -1.0732620e-03	  -6.2926128e-05	   6.4539919e-04	   8.9122133e-05	   3.2350723e-12	   7.1644664e+01	
   1.4731833e-04	   1.8537971e-05	   1.6728957e-03	   1.0254939e-04	   3.3490501e-12	   7.1646083e+01	
  -2.3423196e-03	  -1.7896960e-04	  -4.6501653e-04	  -2.6262042e-05	   3.3224553e-12	   7.1659393e+01	
   1.2397426e-03	   9.3452984e-05	  -2.0498505e-03	  -1.8608727e-04	   3.1039976e-12	   7.1670600e+01	
  -1.5236190e-04	  -1.1430602e-05	  -2.7436169e-03	  -1.6597241e-04	   3.1267933e-12	   7.1676947e+01	
   7.1344306e-04	   2.5134944e-05	  -2.0345299e-03	  -1.4892318e-04	   3.2787638e-12	   7.1660163e+01	
   2.4009152e-05	  -8.5835996e-06	  -1.8970703e-03	  -1.5665320e-04	   3.1552877e-12	   7.1652414e+01	
   1.3599884e-03	   1.0323719e-04	   1.3758342e-03	   8.3368677e-05	   3.2673660e-12	   7.1653587e+01	
  -1.4017738e-03	  -5.9055086e-05	  -1.2120164e-03	  -3.9049212e-05	   3.2369719e-12	   7.1656916e+01	
   8.4258956e-04	   6.0815774e-05	  -1.3485174e-03	  -1.2228235e-04	   3.0660051e-12	   7.1655332e+01	
  -1.4883077e-03	  -1.2054106e-04	  -1.0331338e-03	  -4.8411401e-05	   3.1286929e-12	   7.1660783e+01	
  -1.4107103e-03	  -5.2175955e-05	   2.8831263e-03	   1.5670492e-04	   3.0432094e-12	   7.1716567e+01	
  -7.4903826e-04	  -6.7534476e-05	  -2.3201955e-03	  -2.0121153e-04	   3.2179756e-12	   7.1663300e+01	
   1.4344310e-03	   1.0115211e-04	  -1.3510557e-04	  -2.9246260e-05	   3.2711652e-12	   7.1640296e+01	
  -1.6070958e-03	  -8.2423260e-05	   5.2966485e-04	   4.2984500e-05	   3.3509498e-12	   7.1651189e+01	
   2.2013846e-04	   2.5898832e-06	  -1.7681132e-03	  -1.4726806e-04	   3.2426708e-12	   7.1649547e+01	
  -1.1935856e-03	  -6.4740897e-05	  -1.5643543e-03	  -7.2095167e-05	   2.9729231e-12	   7.1672072e+01	
  -1.4619971e-04	  -1.8001245e-05	  -2.2728522e-03	  -1.5801162e-04	   2.9653246e-12	   7.1677014e+01	
   3.4285561e-04	   3.0181679e-05	   1.9888657e-03	   1.9468162e-04	   2.9216330e-12	   7.1676655e+01	
  -1.1525313e-03	  -9.4241366e-05	   1.7422862e-03	   1.3301321e-04	   3.1267933e-12	   7.1662948e+01	
   1.0830016e-03	   6.5994066e-05	  -6.3422551e-04	  -6.4153634e-05	   3.2730649e-12	   7.1637184e+01	
  -1.8762962e-03	  -1.3173689e-04	   1.2711312e-03	   8.5137600e-05	   3.2464700e-12	   7.1662985e+01	
   3.7935243e-04	   2.7427561e-05	  -1.4619731e-03	  -1.4194268e-04	   2.9406294e-12	   7.1665337e+01	
  -1.0205332e-03	  -9.2485597e-05	  -2.4141795e-03	  -2.1066738e-04	   2.9634250e-12	   7.1687003e+01	
   6.0585678e-05	  -1.0634832e-05	  -2.3681188e-03	  -1.7060141e-04	   3.3490501e-12	   7.1664046e+01	
   8.8040841e-04	   8.1937697e-05	   9.1570693e-04	   8.2231655e-05	   3.1020980e-12	   7.1650592e+01	
  -1.9662128e-03	  -5.1815544e-05	  -1.2562151e-04	  -2.5529313e-07	   3.1970796e-12	   7.1669913e+01	
  -2.0852520e-03	  -1.6849447e-04	   3.9173131e-05	   7.3761377e-06	   3.3414516e-12	   7.1655542e+01	
   2.3312139e-03	   1.9029295e-04	  -2.0916160e-04	  -3.0604907e-05	   3.1875815e-12	   7.1677738e+01	
  -5.7803492e-04	  -5.9539755e-05	   5.6820849e-04	   5.7956863e-05	   2.9330309e-12	   7.1666703e+01	
   3.7579728e-04	   1.3940383e-05	   2.3183496e-03	   1.2774917e-04	   2.7050751e-12	   7.1708827e+01	
  -2.2194897e-03	  -1.5828814e-04	  -6.2548924e-05	  -1.6973056e-06	   3.2122767e-12	   7.1673677e+01	
  -2.1340951e-03	  -1.6730034e-04	  -5.9238532e-04	  -4.0135123e-05	   3.1153955e-12	   7.1677096e+01	
   2.3605464e-03	   1.6555410e-04	  -1.5358329e-03	  -1.2041034e-04	   3.0071165e-12	   7.1701554e+01	
   1.3175613e-03	   9.4946487e-05	  -1.8470343e-03	  -1.4400475e-04	   3.3680464e-12	   7.1673348e+01	
   7.5225328e-04	   1.7788999e-04	   4.3730336e-04	  -8.9124866e-06	   3.7194783e-12	   7.1230552e+01	
   1.5130877e-03	   1.5455356e-04	   1.0947496e-03	   4.2791814e-05	   4.3444570e-12	   7.1162821e+01	
   2.4276856e-03	   2.1993716e-04	   2.2370626e-04	  -3.1801301e-05	   4.0557130e-12	   7.1199801e+01	
   2.0798360e-04	  -6.9498324e-06	  -2.8131364e-03	  -2.0158045e-04	   4.1791890e-12	   7.1194038e+01	
  -1.2400776e-03	  -1.5044306e-04	  -2.0022066e-03	  -1.8738031e-04	   3.5428125e-12	   7.1253040e+01	
  -9.8390180e-04	  -7.6477573e-05	   1.8927662e-03	   2.0244810e-04	   3.4478310e-12	   7.1260946e+01	
   2.1220327e-03	   9.8773397e-05	  -1.0840440e-03	  -9.5755767e-05	   4.2988658e-12	   7.1174529e+01	
   2.0688455e-03	   1.3768185e-04	   1.0260253e-03	   2.0046439e-05	   4.2304791e-12	   7.1179306e+01	
  -9.5829244e-04	  -7.0725296e-05	   2.3577024e-03	   2.1504522e-04	   3.4782251e-12	   7.1262103e+01	
   2.6148204e-03	   1.6943710e-04	  -3.8334431e-04	  -5.9592755e-05	   4.0994046e-12	   7.1199234e+01	
  -1.0341483e-03	  -6.7537095e-05	  -2.1488916e-03	  -1.1259777e-04	   4.0880067e-12	   7.1196560e+01	
  -2.7749010e-03	  -1.9093447e-04	  -5.3370400e-05	   3.3691141e-06	   4.0975049e-12	   7.1200091e+01	
  -2.6319315e-03	  -1.9874211e-04	  -1.0749678e-03	  -7.2630685e-05	   4.0044229e-12	   7.1211170e+01	
  -2.9424950e-03	  -2.8773184e-04	  -9.3904798e-04	  -8.5306997e-05	   3.4839239e-12	   7.1272570e+01	
   2.5061803e-03	   2.2362621e-04	   9.5274980e-04	   5.0952867e-05	   3.8695491e-12	   7.1223295e+01	
   6.6614484e-04	   6.3386719e-05	  -2.7104341e-03	  -3.0531882e-04	   3.5314148e-12	   7.1263739e+01	
  -2.1683201e-03	  -1.6270789e-04	   1.5572399e-03	   1.1947174e-04	   3.9531329e-12	   7.1213589e+01	
   1.4046255e-03	   1.5541637e-04	  -7.5475199e-04	  -1.0210579e-04	   4.2988658e-12	   7.1164853e+01	
   1.0348824e-03	   1.2216381e-04	  -1.1056569e-03	  -1.5318482e-04	   3.6263963e-12	   7.1239347e+01	
   2.7163807e-03	   2.6186344e-04	   1.1942487e-04	  -1.1139383e-05	   3.6074000e-12	   7.1251122e+01	
  -1.2774240e-03	  -1.8445077e-04	  -1.1100120e-04	  -1.3563704e-05	   3.4497306e-12	   7.1257610e+01	
   2.1542130e-03	   2.3469832e-04	   1.3427014e-03	   1.1429523e-04	   3.4516302e-12	   7.1264867e+01	
   2.4919849e-03	   2.4776086e-04	   8.7864163e-04	   5.8904026e-05	   3.6529912e-12	   7.1244618e+01	
   9.4967087e-04	   1.0865580e-04	   2.9044088e-04	   2.8613505e-05	   4.3197617e-12	   7.1156789e+01	
   6.2485037e-04	   7.2409168e-05	   2.3058264e-03	   2.3609313e-04	   4.0405160e-12	   7.1199972e+01	
   8.9542535e-04	   9.9199097e-05	   2.2035895e-03	   2.3307521e-04	   4.0234193e-12	   7.1201369e+01	
  -4.7340336e-04	  -7.1202031e-05	   6.9327923e-04	   7.7568727e-05	   4.1696909e-12	   7.1173953e+01	
  -1.3104341e-03	  -1.7505596e-04	   6.2533746e-04	   8.2654971e-05	   3.5428125e-12	   7.1246567e+01	
  -8.6572821e-05	  -5.0412318e-05	  -1.1340118e-04	  -2.5265141e-05	   3.6415933e-12	   7.1509717e+01	
   9.5319517e-05	   2.4529397e-06	  -4.1492683e-04	  -1.3302619e-04	   3.9721292e-12	   7.1493935e+01	
   1.0366329e-04	  -1.3538948e-05	  -2.0861839e-04	   2.5208921e-06	   4.0690105e-12	   7.1489553e+01	
   1.6082441e-03	   3.4793689e-04	   4.8835596e-04	   6.7952756e-05	   3.8353558e-12	   7.1518767e+01	
   1.5895352e-03	   1.8974460e-04	   3.4912483e-03	   3.9346880e-04	   4.2988658e-12	   7.1537072e+01	
   2.2648404e-03	   3.9714940e-04	  -9.4776852e-04	  -1.9844470e-04	   3.5409129e-12	   7.1549563e+01	
  -2.6383960e-04	   1.8566313e-06	  -9.2213159e-05	   1.8197653e-05	   3.8315565e-12	   7.1500446e+01	
   6.8548960e-04	   1.1585954e-04	   3.1532053e-03	   4.5706943e-04	   3.9588318e-12	   7.1541247e+01	
  -4.6335980e-03	  -3.9301680e-04	  -1.3806306e-03	  -1.0715020e-04	   4.2950665e-12	   7.1566100e+01	
   2.0180361e-04	   1.9625459e-04	   4.9607611e-04	   1.5514466e-04	   3.9930252e-12	   7.1516998e+01	
   3.0728964e-03	   4.6543397e-04	   1.3972296e-03	   2.0435491e-04	   3.5637085e-12	   7.1571535e+01	
   3.1714731e-04	   3.8907185e-05	   6.1115293e-04	   4.7424213e-05	   3.8049617e-12	   7.1516348e+01	
   1.7855798e-03	   2.1753693e-04	  -3.3055557e-03	  -4.5539796e-04	   3.6776864e-12	   7.1574835e+01	
   3.6536775e-03	   4.9701326e-04	  -6.9377182e-04	  -1.1285149e-04	   3.5694074e-12	   7.1580891e+01	
   5.4303990e-04	   2.4073767e-04	  -1.9332319e-04	  -1.3683852e-04	   3.9607314e-12	   7.1529793e+01	
   1.1870667e-04	   1.5557677e-06	  -3.7692522e-04	  -2.8058265e-05	   3.7859653e-12	   7.1522343e+01	
   4.1459394e-04	  -1.2439164e-04	   1.7860501e-04	  -1.2307093e-04	   3.6795860e-12	   7.1542395e+01	
   3.4819090e-04	   6.6056283e-05	  -2.1756917e-04	  -2.3949169e-04	   3.9474341e-12	   7.1539873e+01	
  -8.3446017e-05	  -2.3826063e-05	  -1.1773293e-03	  -3.5878044e-04	   4.0272185e-12	   7.1543210e+01	
   9.1137757e-04	   2.3273103e-04	   1.3084598e-03	   2.8558960e-04	   3.8714488e-12	   7.1545562e+01	
  -1.9851134e-04	   9.1665820e-05	   1.4777248e-04	   1.2365976e-04	   3.9094413e-12	   7.1525263e+01	
   5.7205622e-04	  -1.2275791e-04	  -5.5868888e-04	   5.2244102e-05	   3.5637085e-12	   7.1561114e+01	
  -3.5057369e-04	  -1.5110624e-05	  -7.0648340e-04	  -3.1741231e-05	   4.0367167e-12	   7.1539798e+01	
   2.1232592e-05	   8.0497482e-06	  -9.3665976e-05	  -1.0125956e-05	   4.3444570e-12	   7.1539082e+01	
   1.3873414e-03	   1.1082739e-05	   8.1089707e-04	  -7.4528075e-06	   3.4706266e-12	   7.1565795e+01	
  -7.3007616e-04	   7.4136605e-05	   4.9652188e-04	   1.5597017e-05	   3.5371137e-12	   7.1560822e+01	
   1.0724313e-04	   5.2312919e-05	   7.1137773e-04	   2.8825275e-04	   3.4687269e-12	   7.1579106e+01	
  -4.8653173e-04	   1.5837354e-04	   7.4646579e-05	  -6.9824160e-07	   3.4459314e-12	   7.1581360e+01	
  -1.3373695e-03	  -5.1991935e-05	  -1.6095026e-03	  -4.2853105e-05	   3.4117380e-12	   7.1638041e+01	
   5.0473371e-04	  -3.0528350e-05	   1.0693183e-03	  -8.2586320e-05	   3.6111992e-12	   7.1641953e+01	
   1.2890392e-03	   7.7752530e-05	  -1.4191026e-03	  -1.1032113e-04	   3.5314148e-12	   7.1629314e+01	
  -2.2392172e-03	  -6.8832194e-05	  -5.3646376e-04	  -1.4945255e-05	   4.0234193e-12	   7.1650070e+01	
   1.1702929e-03	   6.9304299e-05	  -7.9523025e-04	  -8.1829576e-05	   3.4326339e-12	   7.1622349e+01	
   2.3547572e-04	  -1.0197796e-05	  -1.4442934e-03	  -1.0331974e-04	   3.6396937e-12	   7.1624946e+01	
   5.8971283e-04	   5.7216874e-05	   2.2239073e-04	  -1.4856648e-05	   3.7308760e-12	   7.1617563e+01	
   8.7651630e-04	   6.5391413e-05	  -4.9310395e-04	  -7.8519809e-05	   3.7441735e-12	   7.1624208e+01	
  -1.5757690e-03	  -1.2449790e-04	  -1.2390128e-03	  -8.1248242e-05	   3.3908420e-12	   7.1635340e+01	
  -1.9069047e-03	  -1.4007035e-04	   1.9221006e-04	   1.6553669e-05	   3.4326339e-12	   7.1630075e+01	
  -7.4143189e-04	  -5.1461121e-05	   1.0617491e-03	   6.9643856e-05	   3.5618089e-12	   7.1614898e+01	
   1.6360729e-03	   6.3115071e-05	  -1.3092917e-03	  -7.7954430e-05	   3.5732066e-12	   7.1653407e+01	
   5.8270951e-04	  -4.2476149e-06	  -2.3711260e-03	  -1.5113778e-04	   3.8999432e-12	   7.1674146e+01	
  -1.3788647e-03	  -1.1792432e-04	  -4.4272219e-04	  -3.2410947e-05	   3.4364331e-12	   7.1624417e+01	
  -8.1425424e-04	  -7.1056447e-05	  -2.4679390e-03	  -9.3778722e-05	   4.0120215e-12	   7.1682427e+01	
  -1.0402834e-03	  -6.3364206e-05	   1.4099043e-03	   7.7008995e-05	   3.6871845e-12	   7.1638924e+01	
  -1.7330135e-03	  -1.0556733e-04	  -1.4294809e-03	  -8.3473150e-05	   3.7517720e-12	   7.1650017e+01	
  -2.5374933e-03	  -1.5734467e-04	   1.1185393e-03	   1.0059471e-04	   3.5884037e-12	   7.1679992e+01	
  -1.0690859e-03	  -1.0601556e-04	  -1.8434677e-03	  -9.1776829e-05	   3.6263963e-12	   7.1672706e+01	
  -2.2863964e-03	  -1.6332745e-04	   4.7547089e-04	   7.2799344e-05	   3.4060390e-12	   7.1664711e+01	
   2.2220623e-03	   1.6498918e-04	   8.7483803e-04	   2.8034008e-05	   3.7289764e-12	   7.1673364e+01	
  -2.2099603e-03	  -1.6521871e-04	  -2.9372150e-04	   1.9284605e-05	   3.4497306e-12	   7.1663822e+01	
   2.0708667e-03	   1.3214281e-04	   1.2009430e-04	  -3.1789040e-05	   3.4554295e-12	   7.1658348e+01	
  -7.8376452e-04	  -2.0523110e-05	   1.6803945e-03	   1.2920785e-04	   3.5314148e-12	   7.1657595e+01	
  -2.3173653e-03	  -1.5609506e-04	   3.7386021e-05	   3.9111718e-05	   3.7764672e-12	   7.1675544e+01	
  -1.9823214e-03	  -9.7608984e-05	  -3.0364889e-04	   2.3617432e-05	   3.4934221e-12	   7.1664427e+01	
  -1.2837140e-03	  -3.8217580e-05	   1.4815050e-03	   8.4750446e-05	   3.5428125e-12	   7.1663799e+01	
  -1.2242574e-03	  -1.1462956e-04	  -1.2529400e-03	  -5.8370980e-05	   3.3794442e-12	   7.1648794e+01	
   3.7490738e-04	   4.4582258e-05	   8.1399309e-04	   1.9213380e-05	   3.4079386e-12	   7.1629948e+01	
   9.7188619e-04	   2.8033303e-05	  -2.4451964e-03	  -1.6597890e-04	   3.7916642e-12	   7.1685421e+01	
   1.6653844e-03	   6.6199757e-05	  -1.1324202e-03	  -9.8938089e-05	   3.5219166e-12	   7.1662642e+01	
   3.1335184e-04	   4.7338761e-05	   7.2528141e-04	   1.4076362e-05	   3.4896228e-12	   7.1630128e+01	
  -1.4036188e-03	  -9.2754225e-05	  -4.0970092e-04	   2.2555852e-05	   3.6833853e-12	   7.1653258e+01	
   1.0523993e-03	   6.8062519e-05	   3.6252914e-04	  -2.7782283e-05	   3.6491919e-12	   7.1642797e+01	
   1.0105099e-03	   2.0070619e-05	  -1.1965524e-03	  -1.0234741e-04	   3.5903033e-12	   7.1652221e+01	
   1.6614791e-03	   1.0103547e-04	  -4.4351140e-04	  -7.6687533e-05	   4.0177204e-12	   7.1679388e+01	
   1.5670959e-03	   8.6317554e-05	  -8.6101247e-04	  -1.0612493e-04	   3.7232775e-12	   7.1666502e+01	
  -8.1476438e-04	  -8.2796881e-05	  -2.1428260e-03	  -1.2484527e-04	   3.4231357e-12	   7.1666016e+01	
   2.7930956e-04	   4.4371131e-05	   8.2352454e-04	   2.4687831e-05	   3.4649276e-12	   7.1632115e+01	
   3.6035353e-04	  -1.2389128e-05	  -1.7031650e-03	  -1.1522238e-04	   3.4079386e-12	   7.1649361e+01	
   1.4301471e-03	   6.3440336e-05	  -2.9926991e-04	  -7.4354308e-05	   3.9246384e-12	   7.1671236e+01	
   9.7272893e-04	   2.2645247e-05	  -1.2375627e-03	  -9.9365573e-05	   3.5048199e-12	   7.1648486e+01	
  -2.0880776e-04	  -6.2130255e-05	  -1.2386582e-03	  -6.4634571e-05	   3.6681882e-12	   7.1647112e+01	
  -1.3576887e-03	  -5.5949860e-05	   1.0183105e-03	   7.3426255e-05	   3.4402325e-12	   7.1654101e+01	
  -2.2779762e-04	   2.6537399e-05	   2.1516745e-03	   1.0786978e-04	   4.0519137e-12	   7.1684451e+01	
   8.6330931e-05	   4.8759236e-05	   1.7205253e-03	   7.5542998e-05	   4.0956053e-12	   7.1684173e+01	
  -3.9179302e-04	  -5.9362469e-05	  -2.0648812e-03	  -1.2063792e-04	   3.6282960e-12	   7.1665584e+01	
   1.6965499e-03	   9.8155207e-05	   1.9422580e-04	  -2.9473131e-05	   3.6700878e-12	   7.1660200e+01	
  -2.9677891e-04	  -3.4926828e-05	  -2.1797437e-03	  -1.3966718e-04	   3.5428125e-12	   7.1659051e+01	
  -5.8982427e-04	  -1.0474022e-04	  -1.0505094e-03	  -7.8721033e-05	   3.3927416e-12	   7.1639521e+01	
  -1.2917807e-03	  -8.0078685e-05	   6.6322581e-05	   5.6108297e-05	   3.6510915e-12	   7.1654184e+01	
   2.5429655e-03	   1.1974700e-04	  -7.8628262e-04	  -7.3389531e-05	   3.8106606e-12	   7.1695379e+01	
  -1.3666441e-03	  -1.1266482e-04	  -1.8359633e-03	  -9.9193555e-05	   3.4554295e-12	   7.1666016e+01	
  -2.2065059e-03	  -1.3172816e-04	   5.5516372e-04	   4.2237634e-05	   3.4231357e-12	   7.1661082e+01	
  -1.7448025e-03	  -1.3030834e-04	  -1.6001034e-03	  -6.6514264e-05	   3.9246384e-12	   7.1684772e+01	
  -1.9360479e-03	  -8.3566277e-05	   1.6655224e-03	   1.1118702e-04	   3.8828465e-12	   7.1689623e+01	
   1.3897032e-03	   4.8703920e-05	  -1.3156763e-03	  -1.2035753e-04	   3.7175786e-12	   7.1673138e+01	
  -2.0239546e-03	  -1.2405862e-04	  -1.7849765e-04	   3.4029069e-05	   3.6605897e-12	   7.1674326e+01	
   5.3710283e-04	   5.4694773e-05	   9.9447404e-04	   3.1169621e-05	   3.4326339e-12	   7.1639200e+01	
   2.6815971e-05	   1.9399917e-05	   1.9719663e-03	   1.1745149e-04	   3.4345335e-12	   7.1657953e+01	
   1.5728488e-03	   9.3839247e-05	   9.7760255e-04	   4.3199595e-05	   3.7194783e-12	   7.1657648e+01	
  -6.7134651e-04	  -8.4914301e-05	  -1.9412273e-03	  -1.3350247e-04	   3.5523107e-12	   7.1666345e+01	
  -1.3760805e-04	  -4.9163239e-05	  -1.9732249e-03	  -1.4973931e-04	   3.5808051e-12	   7.1663202e+01	
  -9.1966155e-04	  -9.0958788e-05	  -6.0837483e-04	   5.8089630e-07	   3.5922030e-12	   7.1645091e+01	
  -8.4595221e-04	  -3.9674852e-05	   5.1777961e-04	   8.5188866e-05	   3.6738871e-12	   7.1647433e+01	
  -1.9031242e-03	  -1.3387620e-04	  -7.0929063e-04	  -3.4350892e-05	   3.4649276e-12	   7.1653720e+01	
  -1.4553739e-03	  -1.0304303e-04	  -1.6730669e-03	  -5.3137754e-05	   4.1753898e-12	   7.1689093e+01	
  -8.2823078e-04	  -5.1339302e-06	   6.6201615e-04	   2.9267624e-05	   3.7346753e-12	   7.1656438e+01	
   2.1971308e-03	   1.2175784e-04	   5.6982397e-04	  -8.6622579e-06	   3.9930252e-12	   7.1691348e+01	
  -3.7916741e-04	   1.7972007e-05	   9.2886987e-04	   4.7885010e-05	   3.6168981e-12	   7.1647919e+01	
  -9.6017699e-04	  -6.6199559e-05	  -1.6739661e-03	  -7.3472033e-05	   3.6567904e-12	   7.1662359e+01	
   1.2184725e-03	   1.0879696e-04	  -1.2564385e-03	  -1.3985300e-04	   3.9664303e-12	   7.1661186e+01	
  -1.4656652e-03	  -1.4962130e-04	  -1.9707500e-03	  -1.3889911e-04	   3.4079386e-12	   7.1676947e+01	
  -7.4733193e-04	  -7.0966370e-05	  -1.4002797e-03	  -9.3648504e-05	   3.4440317e-12	   7.1640945e+01	
  -7.0676867e-05	   2.2223793e-05	   6.7234302e-04	   1.5428897e-06	   3.7384746e-12	   7.1649576e+01	
  -1.0314245e-03	  -7.0970809e-05	  -2.4533648e-04	   1.0379084e-05	   3.9588318e-12	   7.1647717e+01	
   7.7890788e-04	   6.0274901e-05	  -1.8107210e-03	  -1.8947341e-04	   3.7574708e-12	   7.1659409e+01	
   6.6932154e-04	   5.0943424e-05	   1.6792989e-05	  -3.6138858e-05	   3.5808051e-12	   7.1631128e+01	
   2.3759959e-04	  -8.1222211e-05	  -7.4105030e-04	  -5.9177130e-05	   4.3349588e-12	   7.1673199e+01	
   5.2860101e-04	   1.0249005e-05	  -1.0130478e-03	  -8.6528026e-05	   3.6871845e-12	   7.1639752e+01	
  -2.3271889e-04	   6.1079807e-06	   1.0439212e-03	   2.5525825e-05	   3.7061808e-12	   7.1653391e+01	
  -1.2524445e-03	  -1.1490074e-04	  -1.3051967e-03	  -4.7871423e-05	   3.8961440e-12	   7.1679507e+01	
   1.5986223e-03	   6.1110865e-05	  -1.6622979e-03	  -1.1862976e-04	   4.0044229e-12	   7.1692955e+01	
   1.3315732e-03	   5.1149228e-05	   3.9974457e-04	  -3.1167133e-05	   3.8068613e-12	   7.1670706e+01	
   1.3156631e-03	   4.7945962e-05	   2.7148934e-04	  -4.8556200e-05	   3.6358944e-12	   7.1670473e+01	
   1.2495873e-03	   1.4500916e-04	   1.5518799e-03	   1.4310185e-04	   3.5162177e-12	   7.1657505e+01	
   1.6841376e-03	   7.2694422e-05	   1.6714989e-04	  -3.6913706e-05	   3.9740288e-12	   7.1678425e+01	
   1.4044810e-04	   4.3366030e-05	   1.7827034e-03	   1.5735670e-04	   3.9398354e-12	   7.1666525e+01	
   1.5139658e-03	   4.9467343e-05	  -1.6621603e-03	  -1.1263328e-04	   3.6890842e-12	   7.1681538e+01	
  -6.0814254e-06	  -4.2357782e-05	  -1.8925043e-03	  -6.5204395e-05	   3.7327756e-12	   7.1683226e+01	
  -1.0217503e-04	  -1.5531324e-05	  -3.3598536e-04	  -2.7456176e-05	   4.2038842e-12	   7.1642380e+01	
  -1.7795185e-03	  -1.1055803e-04	  -9.7737943e-04	  -2.1979010e-05	   3.6871845e-12	   7.1675655e+01	
  -3.1085453e-04	   2.8961311e-05	   1.1544964e-03	   3.1597652e-05	   4.1886872e-12	   7.1673812e+01	
   3.4334899e-06	  -4.2842662e-06	  -4.2018210e-04	  -4.3218874e-05	   3.5390133e-12	   7.1619937e+01	
   1.6734209e-03	   3.3488165e-05	  -1.2505238e-03	  -7.9350105e-05	   3.7992628e-12	   7.1688735e+01	
   3.8098050e-04	  -8.2676597e-06	  -1.6817527e-03	  -1.0259848e-04	   3.5694074e-12	   7.1658305e+01	
  -2.1808053e-03	  -1.4526279e-04	  -1.2505412e-03	  -4.9522760e-05	   3.4212361e-12	   7.1684061e+01	
   1.2422538e-03	   6.6948926e-05	   1.2175616e-03	   2.1496061e-05	   3.5618089e-12	   7.1673825e+01	
   3.8576824e-04	   4.0335572e-05	   6.1598031e-04	  -4.4823601e-05	   4.2912673e-12	   7.1673632e+01	
  -6.3704508e-04	   3.5501979e-05	   8.8454673e-04	   2.9195952e-05	   3.8657499e-12	   7.1677730e+01	
  -7.5845475e-04	   3.3328504e-06	   9.7834515e-04	   4.1160901e-05	   3.6453926e-12	   7.1661403e+01	
   2.2845390e-04	  -7.7436042e-06	  -4.0068192e-04	  -6.2669899e-05	   4.0576126e-12	   7.1644672e+01	
   2.9188252e-04	   9.5494368e-06	  -8.7573673e-05	  -4.2499217e-05	   3.8429543e-12	   7.1634937e+01	
  -1.4851707e-03	  -6.5593181e-05	   1.9798672e-05	   4.0327211e-05	   3.5428125e-12	   7.1660343e+01	
   4.4772827e-04	   2.7512631e-06	  -8.3966685e-04	  -7.1738012e-05	   3.4896228e-12	   7.1631763e+01	
  -4.3160560e-04	  -5.5787126e-05	  -1.2392935e-03	  -6.3066482e-05	   3.7745676e-12	   7.1652630e+01	
   1.0012965e-03	   3.9744888e-05	  -1.6669318e-03	  -1.0422608e-04	   3.6681882e-12	   7.1661775e+01	
  -1.6510066e-03	  -8.6564073e-05	   4.8493820e-04	   3.1725967e-05	   3.7118797e-12	   7.1657661e+01	
  -1.6880805e-04	   4.8722729e-05	   5.7032833e-04	   8.0657109e-05	   4.2114827e-12	   7.1668377e+01	
  -5.6511710e-04	  -4.3595666e-05	  -1.1049916e-03	  -6.0910522e-05	   3.7536716e-12	   7.1643640e+01	
   2.4472156e-04	   6.5701863e-05	   3.3849566e-04	  -5.6959928e-05	   4.2988658e-12	   7.1672908e+01	
  -1.9323585e-03	  -1.1149707e-04	   6.0337676e-04	   4.3065496e-05	   3.5105188e-12	   7.1659313e+01	
  -1.4797951e-03	  -9.5563254e-05	  -9.7566498e-04	  -3.4744728e-05	   3.5637085e-12	   7.1659573e+01	
   2.4774035e-03	   1.2725162e-04	  -3.7998957e-04	  -5.6064534e-05	   3.8410547e-12	   7.1699390e+01	
  -7.4238176e-04	  -5.7669780e-05	  -1.9344480e-04	   7.9993665e-05	   4.3292599e-12	   7.1676820e+01	
  -1.4022318e-03	  -5.9370080e-05	  -7.9469269e-04	  -2.3338703e-05	   3.9189396e-12	   7.1666404e+01	
  -9.6476408e-04	  -4.9733896e-05	   6.5344269e-04	   2.5462520e-05	   3.7954635e-12	   7.1646778e+01	
  -1.1531979e-03	  -6.3261851e-05	  -1.1848291e-03	  -4.2606713e-07	   3.9246384e-12	   7.1687944e+01	
  -1.1805710e-03	   8.0130356e-06	   8.3536627e-04	   5.0062700e-05	   3.9037425e-12	   7.1687191e+01	
  -6.3254024e-04	  -8.5018253e-05	  -4.6832995e-04	   4.1847602e-05	   4.1753898e-12	   7.1673072e+01	
  -1.1597984e-03	  -4.2081197e-05	   6.8254928e-04	   3.7956060e-05	   3.9075417e-12	   7.1666733e+01	
   9.8249403e-04	   4.4269519e-05	   3.1287870e-04	  -3.8508659e-05	   3.7042812e-12	   7.1662223e+01	
   1.0644188e-03	   1.3416426e-05	  -6.8011297e-04	  -7.5579172e-05	   3.6301956e-12	   7.1664449e+01	
   2.3250337e-04	  -5.1257023e-05	  -7.7962486e-04	  -8.9249933e-05	   4.0310177e-12	   7.1667316e+01	
   1.1543462e-04	   1.2427402e-04	   1.4572218e-04	   1.5494159e-04	   3.5998015e-12	   7.1680859e+01	
   3.6105984e-04	  -3.4429933e-05	  -1.7717853e-03	  -6.0312416e-05	   3.7992628e-12	   7.1690042e+01	
   1.4574172e-03	   8.4896778e-05	   2.1050118e-04	   6.7999495e-08	   3.7099801e-12	   7.1655886e+01	
   2.4335865e-03	   1.3058295e-04	  -4.7231538e-04	  -6.1431178e-05	   3.8334561e-12	   7.1698427e+01	
  -1.5281650e-03	  -7.3115834e-05	  -1.9897338e-06	   2.0152334e-05	   3.7688687e-12	   7.1666189e+01	
   7.3868011e-04	   1.9920005e-05	  -1.2885751e-03	  -1.0597811e-04	   3.5162177e-12	   7.1650465e+01	
  -1.5108646e-04	  -1.8992214e-05	  -2.3775494e-03	  -1.1156152e-04	   3.5409129e-12	   7.1679255e+01	
   4.1348835e-04	   3.1806844e-05	  -1.6838982e-04	  -8.7596682e-05	   4.1791890e-12	   7.1667653e+01	
   4.6989777e-04	   8.3852926e-06	  -3.7967564e-04	  -9.7519124e-05	   4.0994046e-12	   7.1668406e+01	
  -4.8604487e-04	  -7.4245775e-05	  -9.5577737e-04	   8.0120946e-06	   4.0310177e-12	   7.1680075e+01	
   3.8803314e-04	  -3.6958729e-06	  -1.7020516e-03	  -1.1591646e-04	   3.4953217e-12	   7.1657348e+01	
   6.7991507e-04	   4.7328877e-05	   1.1691838e-03	   6.9989675e-05	   3.7118797e-12	   7.1649300e+01	
  -1.9549053e-03	  -7.5872221e-05	  -6.8218609e-04	  -1.7574073e-05	   3.6358944e-12	   7.1677992e+01	
  -8.6884829e-04	   3.0246613e-05	   6.2972607e-04	   5.4132395e-05	   4.0956053e-12	   7.1683777e+01	
  -1.0583346e-03	  -4.4905891e-05	  -1.6290029e-03	  -4.4780342e-05	   3.8562518e-12	   7.1682218e+01	
   1.1248536e-03	   4.9178000e-05	  -8.6643247e-04	  -8.4573347e-05	   3.5865040e-12	   7.1654534e+01	
  -1.7250351e-03	  -5.4446367e-05	  -4.0736639e-04	  -1.1636855e-06	   3.9550325e-12	   7.1680374e+01	
   5.1785969e-04	  -1.3992855e-05	  -8.0825416e-04	  -9.9850887e-05	   3.8315565e-12	   7.1663905e+01	
  -1.3741682e-03	  -1.0564142e-04	  -1.2422842e-03	  -2.8329222e-05	   4.3368585e-12	   7.1686451e+01	
  -8.5259530e-04	  -1.2071065e-05	   3.5667388e-04	   1.0234833e-04	   4.3140629e-12	   7.1680030e+01	
   4.9898871e-04	   2.4939446e-05	   9.8239670e-04	   9.3624087e-06	   4.0101219e-12	   7.1670205e+01	
  -5.0069413e-04	   2.0338210e-05	   5.3671303e-04	   5.5677641e-05	   3.8030620e-12	   7.1663321e+01	
  -7.1054923e-04	  -1.0489507e-04	  -7.9293063e-04	  -3.0612665e-05	   3.8239579e-12	   7.1663425e+01	
   1.5829240e-03	   6.4082752e-05	  -1.9553271e-03	  -1.0757105e-04	   3.5523107e-12	   7.1684016e+01	
  -1.0204363e-03	  -9.0433959e-05	  -5.0878750e-04	   2.0663950e-05	   3.8391550e-12	   7.1669295e+01	
  -1.1117771e-03	  -4.8980143e-05	  -1.7877147e-03	  -5.8939206e-05	   3.7441735e-12	   7.1682822e+01	
   9.5291306e-04	   3.2266339e-05	  -5.1383279e-05	  -6.5309678e-05	   3.9797278e-12	   7.1674923e+01	
   5.4790490e-04	   5.8333450e-05	   1.1945126e-04	  -5.7784781e-05	   4.0595122e-12	   7.1673767e+01	
   1.0344909e-04	   7.4779697e-05	   6.3998761e-04	   2.8287953e-05	   4.1259994e-12	   7.1675618e+01	
   4.8347099e-05	  -7.3486745e-06	  -1.3519257e-05	  -1.8519271e-04	   3.7764672e-12	   7.1689780e+01	
  -8.9615124e-04	  -5.7436556e-05	  -1.1923865e-03	   8.4205596e-06	   4.2551743e-12	   7.1687719e+01	
  -1.0499323e-03	  -5.5876205e-05	   3.6215360e-04	   8.1859985e-05	   3.8904451e-12	   7.1671279e+01	
  -6.1586861e-05	   7.2869184e-05	   6.9652947e-04	   5.7751165e-05	   4.3311595e-12	   7.1676276e+01	
  -2.4963856e-04	   3.4235926e-05	   6.5206776e-04	   5.7405244e-05	   3.7669691e-12	   7.1659664e+01	
   5.2041271e-04	   4.6578275e-05	  -2.1788694e-04	  -7.5465777e-05	   3.8030620e-12	   7.1655878e+01	
  -3.5134009e-04	  -3.1953395e-05	  -2.2902239e-03	  -1.4017582e-04	   3.6206974e-12	   7.1675027e+01	
  -1.2571899e-03	  -2.4283390e-05	   5.7191817e-04	   2.6740437e-05	   3.7745676e-12	   7.1673900e+01	
  -1.8389993e-04	  -8.3079879e-05	  -1.0368754e-03	  -8.7823343e-05	   4.0481145e-12	   7.1674796e+01	
  -3.1873504e-04	  -9.0696555e-05	  -8.8895274e-04	  -2.3899705e-05	   4.2076835e-12	   7.1677992e+01	
   5.9252166e-04	   1.8337322e-05	   1.0264073e-03	  -3.7809016e-06	   3.6890842e-12	   7.1669690e+01	
   3.5686174e-04	   8.3854213e-05	   5.2499948e-04	   2.9900960e-05	   3.9170400e-12	   7.1665987e+01	
   1.5942012e-03	   7.6195308e-06	  -5.5186336e-04	  -2.7008792e-05	   3.9284377e-12	   7.1687989e+01	
   6.1386389e-04	   8.2681643e-06	  -3.9523283e-04	  -9.8839899e-05	   4.2456762e-12	   7.1675968e+01	
  -2.9203136e-04	   6.8106960e-05	   6.0468452e-04	   5.6073358e-05	   4.2722710e-12	   7.1680762e+01	
  -8.0765943e-04	  -8.7554666e-05	  -4.0600078e-04	   4.3122106e-05	   4.2532747e-12	   7.1677507e+01	
  -8.5332724e-04	  -3.5887391e-05	  -3.4334553e-05	   8.1409443e-05	   4.2000850e-12	   7.1682032e+01	
   2.1093800e-04	  -5.6559534e-05	  -7.9481473e-04	  -4.8470024e-05	   3.9816274e-12	   7.1674207e+01	
  -3.1658779e-04	   4.6111846e-05	   7.2430494e-04	   8.1081909e-05	   4.1943861e-12	   7.1678732e+01	
  -3.8946892e-04	   3.8205139e-05	   1.0023223e-03	   2.6080784e-05	   4.1222000e-12	   7.1683374e+01	
  -1.1917643e-03	  -5.3621830e-05	  -9.2884784e-04	  -1.0229722e-05	   3.7897646e-12	   7.1676634e+01	
   1.2191546e-03	   4.8998349e-05	  -1.6954999e-04	  -3.6232522e-05	   3.9987240e-12	   7.1672669e+01	
  -7.5107570e-04	   2.6788915e-07	   2.2054388e-04	   5.6209135e-05	   3.9759285e-12	   7.1675610e+01	
  -7.6438571e-04	  -3.3788475e-05	   1.6926581e-04	   7.3559012e-05	   4.0025233e-12	   7.1674865e+01	
   2.0316788e-03	   7.3389909e-05	   1.3283150e-04	  -3.5390069e-05	   3.6700878e-12	   7.1695148e+01	
   6.9401776e-04	   2.0002479e-05	   9.8651359e-04	  -1.1858516e-07	   3.9056421e-12	   7.1676231e+01	
  -3.8839410e-04	   4.0257880e-05	   4.4017388e-04	   3.1705499e-05	   4.0063226e-12	   7.1675581e+01	
  -1.2439036e-03	  -6.1042579e-05	   1.9352512e-03	   8.6276877e-05	   3.5238162e-12	   7.1682695e+01	
  -1.6647621e-03	  -7.5491885e-05	  -1.3078258e-03	  -5.6385294e-05	   3.7536716e-12	   7.1669958e+01	
   8.5714926e-04	   2.4657241e-05	  -1.6779557e-03	  -9.7308172e-05	   3.7783668e-12	   7.1678605e+01	
  -1.2795531e-03	  -3.0542985e-05	   1.0895735e-05	   5.5399328e-05	   4.0329174e-12	   7.1686756e+01	
   1.9965967e-03	   1.1450359e-04	  -4.6259375e-04	  -4.7910659e-05	   3.5732066e-12	   7.1675088e+01	
  -1.2363959e-03	  -7.7147857e-05	   6.3362511e-04	   4.6895574e-05	   3.5542103e-12	   7.1653937e+01	
  -9.0339410e-04	  -4.9719417e-05	   1.8042503e-04	   8.5190445e-05	   4.1810886e-12	   7.1679716e+01	
   7.6064269e-05	  -3.4058442e-06	   2.1477449e-03	   1.2084624e-04	   3.5656081e-12	   7.1670361e+01	
  -6.7078288e-04	  -7.1708693e-05	  -6.7438436e-04	   3.5874576e-05	   4.1544939e-12	   7.1683592e+01	
   6.2544004e-04	   2.3380796e-05	  -1.2639402e-04	  -8.4835456e-05	   4.1924865e-12	   7.1679045e+01	
   2.0845791e-03	   1.0512788e-04	  -9.2226160e-04	  -6.0584366e-05	   3.5485114e-12	   7.1675632e+01	
  -2.1490560e-04	   2.9734342e-05	   5.9587593e-04	  -1.7327040e-05	   4.2152821e-12	   7.1677642e+01	
   1.4386464e-03	   5.2219310e-05	  -1.8752456e-03	  -9.8365813e-05	   3.7004819e-12	   7.1690005e+01	
   6.9680994e-04	  -1.0778871e-05	  -1.2043440e-03	  -5.3631948e-05	   4.0747093e-12	   7.1682196e+01	
  -6.2751601e-04	   2.1441860e-05	   6.1374842e-04	   7.1960196e-06	   4.1259994e-12	   7.1678753e+01	
  -1.2951025e-04	  -6.4854224e-05	  -1.1756568e-03	  -1.2360676e-04	   4.1734901e-12	   7.1675117e+01	
   3.4706247e-04	   9.3484474e-05	   5.2695426e-04	   3.4083177e-05	   4.2931669e-12	   7.1675507e+01	
  -1.4989778e-03	  -7.2980399e-05	  -3.1689079e-04	  -1.6209266e-07	   3.9455344e-12	   7.1678462e+01	
   9.8317770e-04	   2.1069691e-05	  -8.6968315e-04	  -5.2749793e-05	   3.9037425e-12	   7.1673459e+01	
  -1.4197829e-03	  -6.8413993e-05	   4.6672339e-04	   1.9631774e-05	   3.7308760e-12	   7.1666966e+01	
  -1.1994843e-03	  -3.0701264e-05	   6.6586847e-04	   1.0268515e-05	   3.7384746e-12	   7.1672422e+01	
   4.0195191e-04	   5.6422630e-06	   3.8960113e-04	  -5.5058393e-05	   4.3425574e-12	   7.1678814e+01	
  -5.1510214e-04	  -3.9099757e-05	   2.1236805e-03	   1.3196584e-04	   3.5808051e-12	   7.1674647e+01	
  -1.2456962e-03	  -4.3717225e-05	  -8.8020736e-05	   1.3418644e-05	   4.2874680e-12	   7.1676626e+01	
   3.1540168e-04	  -1.6860204e-05	  -7.4756180e-04	  -4.9692294e-05	   4.1544939e-12	   7.1672109e+01	
  -1.2154469e-03	  -3.7009905e-05	   5.0555678e-04	   1.1110157e-05	   3.9987240e-12	   7.1676804e+01	
   5.3684832e-04	  -2.0176952e-05	  -2.6557411e-05	  -6.9988585e-05	   4.1848880e-12	   7.1681634e+01	
  -1.4794348e-03	  -6.7124836e-05	  -1.8433386e-03	  -8.4368202e-05	   3.5048199e-12	   7.1685496e+01	
   9.4583084e-04	   2.4078142e-05	  -8.1362483e-05	  -4.1895952e-05	   4.2931669e-12	   7.1676857e+01	
  -3.7513553e-04	  -3.3811800e-05	  -1.1982728e-03	  -4.1671584e-05	   4.0196200e-12	   7.1677082e+01	
   3.9216877e-04	   1.6036071e-05	   4.1993352e-04	   1.0965804e-05	   4.0576126e-12	   7.1668279e+01	
  -1.0850939e-03	  -3.4741758e-05	   6.3419508e-04	   1.5695490e-05	   4.0348171e-12	   7.1677926e+01	
   4.2873726e-04	  -1.3284548e-05	  -9.0330844e-04	  -4.8213350e-05	   4.2722710e-12	   7.1675968e+01	
  -6.6986183e-04	  -4.2019500e-05	  -9.0723937e-04	  -2.0113850e-05	   4.1867876e-12	   7.1676520e+01	
  -1.2452103e-03	  -6.1266184e-05	  -9.1649679e-04	  -3.9124591e-05	   4.0291181e-12	   7.1679642e+01	
  -8.1564571e-04	  -6.9808343e-05	  -8.6637547e-04	   2.2159025e-05	   4.2969662e-12	   7.1689414e+01	
   5.4665626e-04	   9.9012784e-06	   4.6851168e-04	  -9.1359438e-06	   4.2798695e-12	   7.1676327e+01	
  -1.8234307e-03	  -9.1458312e-05	   1.5360823e-04	   5.6105093e-06	   3.9474341e-12	   7.1688997e+01	
  -1.3592655e-03	  -6.3514345e-05	  -8.7260414e-05	  -5.9344734e-06	   4.3026651e-12	   7.1685703e+01	
   8.9581927e-04	  -7.0791456e-05	  -4.8845796e-04	  -4.8696488e-05	   3.9341366e-12	   7.1726519e+01	
  -7.7102433e-04	  -1.1811075e-05	   1.4911246e-03	   1.1861204e-04	   4.7471788e-12	   7.1116204e+01	
   9.2710187e-04	   1.3338979e-04	   5.6385713e-04	  -1.6112115e-05	   4.7927700e-12	   7.1108642e+01	
  -2.0552912e-03	  -8.8510858e-05	   4.6936291e-04	   5.1719054e-05	   4.9580379e-12	   7.1103729e+01	
   2.2440555e-03	   1.4179032e-04	  -1.9854903e-04	  -6.2203339e-05	   4.9789338e-12	   7.1103639e+01	
   2.6269985e-04	   3.2270352e-05	   2.0624058e-03	   3.1488952e-05	   5.0948113e-12	   7.1091798e+01	
  -1.9846947e-03	  -9.0555154e-05	   1.2982581e-03	   8.2982825e-05	   5.0131272e-12	   7.1101907e+01	
  -2.1622706e-03	  -9.3480046e-05	   5.7857233e-04	   4.5366557e-05	   5.1328040e-12	   7.1088880e+01	
  -2.1476369e-03	  -1.1919263e-04	   8.5310350e-04	   6.9153194e-05	   4.7775729e-12	   7.1120371e+01	
  -1.0020604e-03	  -6.0495928e-07	   1.8640376e-03	   2.6360657e-05	   5.1593988e-12	   7.1086199e+01	
  -3.7536519e-04	  -3.9261938e-05	  -2.0012616e-03	  -1.0108656e-04	   4.6768925e-12	   7.1129039e+01	
   1.7457760e-03	   6.9054537e-05	  -1.9510743e-03	  -1.1927247e-04	   4.6787921e-12	   7.1138625e+01	
   1.7423790e-03	   4.3738290e-05	  -7.2265235e-04	  -7.3525038e-05	   5.2049900e-12	   7.1075949e+01	
  -8.9317377e-04	  -1.2921102e-05	   1.9772017e-03	   5.6264854e-05	   5.2049900e-12	   7.1080868e+01	
   1.0523293e-04	   2.5308672e-05	   2.2464807e-03	   6.7601596e-05	   4.9922313e-12	   7.1100071e+01	
   1.8717032e-03	   8.2296445e-05	   1.1145818e-03	   1.8279501e-07	   4.8155656e-12	   7.1116615e+01	
  -3.9791374e-04	  -3.5950961e-05	  -1.9056112e-03	  -7.9637651e-05	   4.7851715e-12	   7.1115869e+01	
   9.3129990e-04	   3.2539504e-05	  -2.6014830e-03	  -1.3010859e-04	   4.5876098e-12	   7.1151227e+01	
  -6.5864834e-04	  -4.0595730e-05	  -2.6220708e-03	  -1.2429352e-04	   4.5325204e-12	   7.1156081e+01	
  -1.4528016e-03	  -5.4504873e-05	   1.8669651e-03	   8.1302785e-05	   4.9162460e-12	   7.1107790e+01	
  -2.0928925e-03	  -8.0315794e-05	   1.3440165e-03	   5.4706642e-05	   5.0549191e-12	   7.1101893e+01	
   1.5829486e-03	   8.2140514e-05	   1.9386899e-03	   6.9496831e-05	   5.1840940e-12	   7.1088207e+01	
  -1.6969171e-03	  -8.1167328e-05	   1.9974159e-03	   9.8791292e-05	   4.8250637e-12	   7.1121565e+01	
  -7.7201019e-04	  -2.8895281e-05	   2.4266776e-03	   1.0930554e-04	   4.9314431e-12	   7.1110650e+01	
   8.8882719e-04	   7.2385594e-05	  -1.2728238e-03	  -1.2850007e-04	   5.0606180e-12	   7.1084841e+01	
  -1.9435979e-03	  -2.0840911e-04	   1.3564424e-03	   1.4735174e-04	   4.3653529e-12	   7.1165346e+01	
  -1.3194590e-03	  -1.2709276e-04	  -5.7035515e-04	  -5.0396428e-05	   5.0473206e-12	   7.1084899e+01	
  -1.3186472e-03	  -1.4403042e-04	   1.4249697e-03	   1.4712291e-04	   4.5116246e-12	   7.1143508e+01	
   6.6954036e-04	   1.9489643e-04	  -1.4416318e-04	  -5.1374546e-05	   5.0872129e-12	   7.1496526e+01	
   4.2773762e-04	   6.9243647e-05	   3.2358931e-03	   4.1674316e-04	   4.4166429e-12	   7.1524844e+01	
   3.8318554e-03	   3.7664377e-04	   1.1888344e-04	  -6.2617508e-06	   4.8839523e-12	   7.1530862e+01	
   1.4345880e-03	   1.0196196e-04	   4.8036192e-03	   3.5376454e-04	   4.5325204e-12	   7.1560838e+01	
  -1.5522600e-03	  -1.1831706e-04	   4.0394883e-03	   3.4441508e-04	   5.3056704e-12	   7.1542464e+01	
   3.3567176e-03	   3.3415803e-04	  -2.3509625e-03	  -2.5781171e-04	   4.3976467e-12	   7.1546703e+01	
  -2.6783665e-04	   1.3231049e-05	  -3.7857190e-05	  -2.0809764e-06	   4.4812305e-12	   7.1514027e+01	
  -3.7711590e-03	  -2.6565169e-04	   2.5270359e-03	   1.8237940e-04	   5.2562801e-12	   7.1549549e+01	
   4.4007079e-04	  -7.5553924e-06	  -5.7436638e-05	  -4.9306239e-05	   4.8288630e-12	   7.1521387e+01	
   1.9455800e-03	   1.8639446e-04	   3.9382769e-03	   3.5000596e-04	   4.3843492e-12	   7.1567832e+01	
   1.0085670e-03	   2.0065464e-05	  -5.0332078e-04	  -3.4836684e-05	   4.5344201e-12	   7.1527830e+01	
   3.3927162e-05	  -1.7060604e-06	   6.0699245e-04	   3.0503355e-05	   4.4907286e-12	   7.1525650e+01	
   1.7615044e-04	  -1.4840259e-04	   5.4311509e-05	  -1.0108259e-04	   4.9998298e-12	   7.1547504e+01	
   1.1930135e-03	   2.7365227e-04	   6.0095491e-04	   1.1776111e-04	   4.7414799e-12	   7.1545271e+01	
  -2.3458105e-04	  -9.9868385e-06	  -1.8275851e-03	  -5.8429500e-05	   4.4546356e-12	   7.1593471e+01	
   8.5555484e-04	   1.6721485e-06	  -1.7837957e-03	  -1.1008421e-04	   4.4736319e-12	   7.1677380e+01	
   2.5961529e-04	   5.6837892e-05	   1.6530326e-03	   5.2758104e-05	   4.3919478e-12	   7.1683644e+01	
  -9.2128861e-04	  -1.3651457e-04	  -6.3311061e-04	  -2.3029501e-05	   4.4660334e-12	   7.1664359e+01	
  -6.1945791e-04	  -1.8327413e-05	   1.1346169e-03	   1.2278861e-04	   4.8193648e-12	   7.1657417e+01	
  -1.6089843e-03	  -3.0022792e-05	   1.2698561e-04	   5.9118375e-05	   4.7186843e-12	   7.1682472e+01	
  -1.4973346e-03	  -6.1075255e-05	   3.0309225e-04	   7.0001185e-05	   4.5458179e-12	   7.1678440e+01	
  -4.5701650e-05	   8.0808141e-05	   6.0026760e-04	   3.9272575e-05	   4.3995463e-12	   7.1674303e+01	
  -1.4660765e-04	  -5.9524519e-05	  -1.7878050e-03	  -1.8574761e-05	   4.9257441e-12	   7.1682674e+01	
   2.3454338e-04	   4.8546152e-05	   1.7073734e-03	  -1.4893683e-06	   4.8668555e-12	   7.1683045e+01	
  -1.7796486e-03	   2.9241334e-06	  -1.0673924e-04	   4.8717634e-05	   5.1157073e-12	   7.1679605e+01	
   1.0800796e-03	   3.8783490e-05	  -4.4600354e-04	  -8.3333713e-05	   4.7357810e-12	   7.1672602e+01	
  -1.0785950e-04	  -5.5440008e-05	  -1.8374671e-03	  -9.6668321e-06	   5.0150268e-12	   7.1681918e+01	
  -1.6391713e-03	  -4.5598988e-05	  -3.7584653e-04	   4.2459015e-05	   4.9010490e-12	   7.1680828e+01	
  -1.1000998e-03	  -6.9913097e-06	   8.5508129e-05	   6.7640181e-05	   4.3558547e-12	   7.1682255e+01	
   4.0815384e-04	   4.3946834e-05	   5.3995340e-04	  -5.1076868e-05	   4.4261411e-12	   7.1678045e+01	
   2.6585280e-04	   5.1067501e-05	   6.5748597e-04	  -3.9414431e-05	   4.5230223e-12	   7.1678149e+01	
  -2.6577940e-06	  -6.6499307e-05	  -1.1891437e-03	  -1.5019311e-05	   4.6540968e-12	   7.1678417e+01	
   5.8328507e-04	  -5.2981513e-05	  -7.7800138e-04	  -6.1507252e-05	   4.4432378e-12	   7.1679456e+01	
   3.6514142e-04	   1.8675694e-04	  -3.1203158e-06	  -6.3354956e-05	   4.8820526e-12	   7.1674146e+01	
  -6.3671592e-04	   1.7769794e-05	   7.5939084e-04	   1.0931442e-04	   4.4451374e-12	   7.1680374e+01	
   3.8904884e-04	  -4.2879053e-05	  -1.5530989e-03	  -7.4054735e-05	   4.8250637e-12	   7.1681793e+01	
  -6.3683393e-04	  -1.0785763e-04	  -1.1804474e-03	  -1.0522949e-04	   4.3482562e-12	   7.1672183e+01	
   3.5579068e-04	   9.1664132e-05	   7.4998061e-04	   5.3633657e-05	   4.4052452e-12	   7.1674311e+01	
  -1.3521036e-03	  -3.2142446e-05	   3.1741383e-04	   7.1467393e-05	   4.8516585e-12	   7.1680292e+01	
  -3.5555086e-04	   5.6624466e-05	   8.7983849e-04	   1.3277894e-05	   4.5952083e-12	   7.1679791e+01	
  -2.7257818e-04	   8.2494934e-05	   5.8648644e-04	   3.7192714e-05	   4.6559965e-12	   7.1679499e+01	
  -3.4853100e-04	   7.2419151e-05	   7.1927125e-04	   1.8982394e-05	   4.7300821e-12	   7.1678358e+01	
  -1.8407789e-05	  -6.4383720e-05	  -1.2396298e-03	   5.9352645e-07	   4.7604762e-12	   7.1680202e+01	
  -4.0799345e-04	  -6.2811772e-05	  -9.7627965e-04	   4.2567900e-05	   4.9732349e-12	   7.1674841e+01	
  -8.3611178e-05	   4.8515146e-05	   1.0238728e-03	   9.5324292e-05	   4.5914090e-12	   7.1672528e+01	
   6.1699116e-04	   1.7186391e-05	   3.3499798e-04	  -8.2123823e-05	   5.1574992e-12	   7.1669220e+01	
  -5.4795257e-04	   8.6812552e-05	   4.3416521e-04	   6.4841775e-05	   5.2391834e-12	   7.1665337e+01	
   5.4901914e-04	   6.0825157e-06	   5.2863142e-04	  -3.8713396e-05	   4.5458179e-12	   7.1675446e+01	
   2.1319383e-04	   9.6733187e-05	   4.0700755e-04	  -2.7701800e-05	   4.5230223e-12	   7.1681584e+01	
  -4.5021704e-04	   5.3385736e-06	   9.0819138e-04	   1.1228858e-04	   4.5097249e-12	   7.1673138e+01	
   7.5875518e-04	   8.0356611e-06	  -3.0524863e-04	  -8.7905205e-05	   5.2923730e-12	   7.1662276e+01	
  -1.2222356e-04	  -1.0488212e-04	  -7.2847796e-04	  -2.9306403e-05	   4.6142046e-12	   7.1680605e+01	
   4.1856033e-04	  -8.7001709e-06	  -5.9290116e-04	  -1.1055064e-04	   4.5192231e-12	   7.1677194e+01	
  -5.9450487e-04	  -2.3300577e-05	  -1.4709667e-03	  -2.3279151e-06	   4.5306208e-12	   7.1684361e+01	
   4.2089031e-04	   9.5190887e-05	   1.2904669e-04	  -2.8969708e-05	   4.4356393e-12	   7.1673311e+01	
  -4.9055482e-04	  -9.7188558e-05	  -6.0097189e-04	   2.7199695e-05	   4.8231641e-12	   7.1677201e+01	
   9.4321735e-05	   8.6126226e-05	   5.3040935e-04	  -2.4156858e-05	   5.0929117e-12	   7.1671109e+01	
   7.5200071e-04	   9.3272700e-05	  -2.1296536e-04	  -7.0200362e-05	   4.4679330e-12	   7.1675327e+01	
   1.7350129e-04	  -2.7264284e-05	  -1.4488246e-03	   9.5888164e-06	   4.7547774e-12	   7.1681090e+01	
  -6.5273042e-04	  -1.2040059e-04	  -5.4382635e-04	  -1.7000473e-05	   4.5268216e-12	   7.1675058e+01	
  -6.8413022e-04	  -1.1878000e-04	  -8.2483431e-04	  -5.9450986e-05	   4.5572157e-12	   7.1674229e+01	
  -1.8270827e-04	  -8.9072904e-05	  -7.6512096e-04	  -7.7299085e-05	   4.6958888e-12	   7.1674072e+01	
   8.1527968e-04	  -1.9700319e-05	  -9.0963637e-04	  -2.5737015e-05	   4.7148850e-12	   7.1676117e+01	
  -4.8909372e-04	  -3.5070948e-05	  -7.8736281e-04	  -1.6255019e-05	   4.3672526e-12	   7.1672459e+01	
   3.0154617e-04	   6.1483212e-05	   3.1597736e-04	  -6.2956470e-05	   5.1043095e-12	   7.1670393e+01	
   2.0362630e-04	  -5.5109599e-05	  -8.3974940e-04	  -1.7436170e-05	   4.4147433e-12	   7.1679568e+01	
  -3.7789162e-05	   5.6530752e-05	   9.6652942e-04	   9.1798162e-05	   4.5211227e-12	   7.1678164e+01	
   1.4116129e-04	   5.9933957e-05	   3.2681333e-05	  -8.5796021e-05	   4.5534164e-12	   7.1676984e+01	
   3.8224754e-04	   8.7861403e-05	   8.7382460e-04	   7.1497231e-05	   4.4964275e-12	   7.1677156e+01	
  -1.0967278e-03	  -1.0503953e-04	   1.7836692e-04	   6.7940038e-05	   4.4907286e-12	   7.1677043e+01	
  -8.9778448e-04	  -2.3353731e-05	  -5.9639273e-04	   2.7006322e-05	   4.6085057e-12	   7.1677685e+01	
  -1.4131285e-03	  -3.4311464e-05	  -4.9542894e-04	   6.9989539e-06	   4.4489367e-12	   7.1683247e+01	
   8.3760453e-04	  -3.2567289e-05	  -2.4465443e-04	  -7.1009529e-05	   5.1461014e-12	   7.1670406e+01	
  -4.4556874e-04	  -3.6863232e-06	   3.0074748e-04	   1.0902918e-04	   4.7167847e-12	   7.1676700e+01	
   4.5477105e-04	   3.2010149e-05	   2.7730331e-04	  -7.0610908e-05	   4.9314431e-12	   7.1675536e+01	
  -4.4023211e-04	  -7.2227883e-05	  -1.1387045e-03	  -1.4886406e-07	   4.4394385e-12	   7.1688400e+01	
  -5.9457614e-04	  -7.9006813e-05	  -6.6416090e-04	   4.8935600e-05	   4.9276438e-12	   7.1678133e+01	
   3.1232809e-04	   1.3415786e-05	  -2.7681194e-04	  -9.8516017e-05	   4.5458179e-12	   7.1675939e+01	
   7.0747500e-04	   8.3915746e-05	  -3.6515882e-04	  -8.1062843e-05	   4.6218031e-12	   7.1673692e+01	
   3.3206855e-04	  -6.3012503e-06	   4.8035579e-04	  -6.6766198e-05	   4.9827331e-12	   7.1671847e+01	
  -1.1262637e-03	   4.0063411e-05	  -2.1921524e-04	   3.1719866e-05	   5.1138077e-12	   7.1669093e+01	
  -8.3669933e-04	  -2.3083251e-06	  -1.2813181e-03	   1.4219760e-06	   4.7775729e-12	   7.1678605e+01	
  -1.1726724e-03	  -3.0113916e-05	   1.2875716e-04	   7.6739588e-05	   5.0948113e-12	   7.1675565e+01	
  -6.4965680e-05	  -8.3272467e-05	  -9.2116734e-04	  -5.9500255e-05	   4.8953500e-12	   7.1676231e+01	
   6.0125840e-04	   7.5501851e-05	   4.6644094e-05	  -5.6801523e-05	   4.9789338e-12	   7.1672250e+01	
   4.5806923e-04	  -2.4143742e-05	  -1.1577016e-03	  -2.3445423e-05	   4.7091862e-12	   7.1677565e+01	
   1.3329722e-04	   8.8883792e-05	   4.4482770e-04	   2.7327454e-05	   4.6256024e-12	   7.1678530e+01	
  -4.4173418e-04	   2.4540516e-05	   1.3638802e-04	   9.4351142e-05	   4.9618372e-12	   7.1673714e+01	
  -4.8112678e-04	   7.3935701e-05	   3.3653299e-04	   4.0303150e-06	   5.1574992e-12	   7.1666658e+01	
  -1.0213424e-03	  -6.3494766e-05	   6.7996251e-04	   9.6715692e-05	   4.6294016e-12	   7.1677812e+01	
  -1.4071502e-04	   4.6805059e-05	   1.0761721e-03	   7.9190858e-05	   4.8554578e-12	   7.1676244e+01	
  -6.1299900e-04	   1.4774257e-06	   1.4956124e-03	   5.2348034e-06	   4.5439183e-12	   7.1686913e+01	
   6.5113862e-04	  -4.2996982e-05	   1.0718068e-04	  -4.5463573e-05	   5.0815140e-12	   7.1667099e+01	
  -5.8427389e-04	  -1.0789574e-04	  -5.1300773e-04	   2.3439750e-09	   4.6066061e-12	   7.1678544e+01	
  -1.0160547e-03	  -4.0831406e-05	  -9.9681904e-04	  -3.3265090e-05	   4.3520555e-12	   7.1679851e+01	
  -6.9205722e-05	  -9.2360261e-05	  -8.7234092e-04	  -1.5100267e-05	   4.7984689e-12	   7.1681374e+01	
   4.4942467e-05	  -8.0664247e-05	  -1.8704082e-04	  -8.4115253e-05	   4.7319818e-12	   7.1675483e+01	
   1.3070879e-04	  -9.6462859e-06	  -5.1327353e-04	  -1.3406072e-05	   5.2011907e-12	   7.1656006e+01	
   1.9813256e-04	  -2.3438886e-05	  -1.1289284e-03	   2.5482537e-05	   5.1499007e-12	   7.1665099e+01	
  -1.5816555e-04	   5.9433706e-05	   1.3516963e-04	   8.4527322e-05	   4.6142046e-12	   7.1677573e+01	
   6.9862505e-04	  -1.8689444e-05	   6.0071716e-04	  -2.4117151e-05	   5.0264247e-12	   7.1666621e+01	
  -1.0926253e-03	  -1.7376105e-05	   2.7934283e-04	   2.9443201e-06	   4.5420187e-12	   7.1676798e+01	
  -3.5352687e-04	   6.6156320e-05	   2.9657849e-04	   4.7731480e-05	   4.9124467e-12	   7.1675544e+01	
   1.1431590e-04	   6.7192067e-05	   8.9568371e-04	   5.4932357e-05	   5.1309043e-12	   7.1668414e+01	
  -8.1873375e-04	  -9.4573116e-06	  -1.3135174e-03	   2.0572020e-05	   4.7129854e-12	   7.1685018e+01	
  -9.8531861e-04	   1.6180768e-05	   1.0553330e-03	  -7.3665369e-06	   4.6654947e-12	   7.1684406e+01	
   2.9457293e-04	   7.5716441e-06	  -2.9730204e-04	  -9.4402940e-05	   4.4318400e-12	   7.1678963e+01	
   4.2115716e-04	   9.8706607e-05	   5.1247457e-04	  -4.6554926e-06	   5.3056704e-12	   7.1663433e+01	
  -5.8200071e-04	  -3.5233160e-05	  -8.6587300e-05	   7.6762376e-05	   4.9504394e-12	   7.1675348e+01	
   8.7481444e-04	  -2.4630273e-05	  -1.4439125e-04	  -1.5275084e-05	   5.1878933e-12	   7.1664748e+01	
  -6.0715048e-04	  -8.9427068e-05	  -1.0558776e-03	  -4.7386164e-05	   5.2239863e-12	   7.1665441e+01	
  -7.0306736e-04	  -5.1156419e-06	  -5.2259782e-04	  -2.1504673e-06	   5.2581797e-12	   7.1661014e+01	
  -7.4278059e-04	   6.7260041e-06	  -1.4960549e-04	   4.7551960e-05	   4.5819109e-12	   7.1681836e+01	
  -1.0714702e-03	  -1.0683064e-04	  -3.8209105e-04	   1.5620089e-05	   5.0568188e-12	   7.1671430e+01	
  -7.6360966e-04	   2.2918896e-05	   9.1053503e-04	  -3.1279905e-05	   5.0188261e-12	   7.1673252e+01	
  -6.3227926e-05	   5.3636416e-05	   9.1767008e-04	   6.9926192e-05	   5.2581797e-12	   7.1663539e+01	
   2.1856879e-04	  -7.6883897e-06	  -6.5819164e-04	  -1.0705398e-04	   4.9105471e-12	   7.1674520e+01	
   3.8926245e-04	   1.0049579e-04	   2.7444095e-04	  -1.8080798e-06	   4.8288630e-12	   7.1676738e+01	
  -2.2931483e-04	   2.5509423e-05	   5.9595405e-04	  -4.1532154e-05	   4.8706549e-12	   7.1676828e+01	
  -7.5869757e-04	  -6.0438725e-05	   1.5238254e-04	   7.7197537e-05	   4.8630563e-12	   7.1677522e+01	
  -5.2631403e-04	  -1.0175962e-05	  -9.4491964e-04	   4.7247891e-05	   5.2847745e-12	   7.1665711e+01	
  -6.3317756e-04	   3.0732236e-05	   5.3671113e-04	  -2.5420103e-05	   4.9048483e-12	   7.1674947e+01	
  -8.6281757e-04	   3.6063177e-05	  -5.6994279e-04	   4.3316251e-05	   5.2353841e-12	   7.1665316e+01	
  -5.5249064e-04	  -1.6473795e-05	  -5.5843474e-04	   5.9569834e-05	   5.0929117e-12	   7.1672534e+01	
  -1.1908118e-03	   5.0050653e-05	  -3.4030092e-05	   3.4752440e-06	   5.0834136e-12	   7.1672968e+01	
   1.5105249e-04	  -7.8837625e-05	  -4.4141912e-04	  -5.4506056e-05	   4.7566770e-12	   7.1681120e+01	
  -7.3381628e-04	  -5.2689882e-06	  -7.9682825e-04	   3.3263915e-05	   5.0017294e-12	   7.1674499e+01	
  -8.0720166e-04	  -3.1387864e-05	  -8.1708921e-04	  -2.3737113e-05	   4.6256024e-12	   7.1676462e+01	
   5.9064155e-04	  -1.3055108e-05	   3.6252970e-04	  -2.9844542e-05	   4.8782534e-12	   7.1674199e+01	
  -1.1220783e-03	   1.5654607e-05	  -6.0054896e-04	   1.9307948e-05	   5.0511199e-12	   7.1675162e+01	
  -7.7507968e-04	   3.4833017e-05	   4.6504824e-04	  -2.4393958e-05	   5.2676778e-12	   7.1664075e+01	
   1.1397970e-03	  -4.8035371e-05	  -5.8306513e-04	  -3.9160637e-07	   5.2980719e-12	   7.1670443e+01	
  -8.8554318e-04	   2.1584911e-05	  -1.1991456e-03	   3.3984664e-05	   5.1252054e-12	   7.1680268e+01	
  -5.0020226e-06	  -2.5310182e-05	  -1.0011736e-03	   8.5621437e-05	   5.2277856e-12	   7.1674141e+01	
  -1.0267290e-04	   6.0612229e-05	   1.3196091e-04	  -5.1080346e-05	   5.0872129e-12	   7.1673334e+01	
   9.1672932e-04	  -1.0904935e-06	  -4.5013567e-04	  -1.3971998e-05	   5.0948113e-12	   7.1675751e+01	
   3.1905725e-04	   1.1128878e-05	  -6.4502036e-04	  -4.2528299e-05	   4.5515168e-12	   7.1692536e+01	
  -1.3293023e-03	   2.0058211e-05	  -6.8331195e-04	   8.8630233e-06	   5.1347036e-12	   7.1688833e+01	
   5.6254157e-04	  -1.8477663e-05	  -1.7556591e-03	  -1.0195848e-04	   5.5108306e-12	   7.1047093e+01	
   1.4134692e-03	   7.0860823e-05	   9.5220613e-04	  -2.6540831e-05	   5.9667421e-12	   7.1003627e+01	
   6.8286319e-04	   4.4594136e-05	   1.7187378e-03	  -2.2334509e-05	   6.1054153e-12	   7.0992816e+01	
   7.7992064e-04	   4.4694431e-05	   1.6609938e-03	  -2.5121854e-05	   5.9971362e-12	   7.1002036e+01	
  -1.6017521e-03	   1.2781810e-05	   1.0553839e-03	   1.9512875e-05	   6.2079954e-12	   7.0983991e+01	
  -2.0677909e-03	   2.3155477e-05	   5.6887648e-04	   8.6056545e-06	   6.1548057e-12	   7.0994757e+01	
   1.6763199e-03	  -2.2013193e-05	   5.2960603e-04	  -7.2237129e-05	   6.2706832e-12	   7.0977384e+01	
   2.1303668e-03	   8.3426562e-05	  -4.0260186e-04	  -6.2189609e-05	   5.6115110e-12	   7.1041531e+01	
  -1.8844897e-03	   5.0711819e-05	   3.8426010e-04	   3.0531821e-06	   6.0351289e-12	   7.1001715e+01	
  -1.6678090e-03	   6.2919624e-05	   5.8615758e-04	  -8.6709275e-06	   5.9819392e-12	   7.1004388e+01	
   1.3873766e-03	   7.2543774e-05	   1.6126057e-03	   2.0059856e-05	   5.5412247e-12	   7.1046659e+01	
   1.3946069e-03	  -3.7875995e-05	  -1.5432735e-03	  -1.6612524e-05	   5.9230507e-12	   7.1012630e+01	
  -1.1229052e-03	   3.4957595e-05	   1.5150647e-03	  -2.2438534e-05	   5.8014743e-12	   7.1022126e+01	
   9.2755106e-04	  -2.2767879e-05	  -1.5144052e-03	  -3.9749661e-05	   5.6438049e-12	   7.1032916e+01	
  -2.3183838e-04	   2.1704011e-05	   1.9414513e-03	  -2.7985100e-05	   5.9648425e-12	   7.1007657e+01	
  -1.9367581e-03	   4.0961184e-06	   8.0517369e-04	   7.7867382e-06	   5.5317266e-12	   7.1048817e+01	
   1.3608032e-03	   4.0656151e-05	   1.5302572e-03	  -9.5675171e-06	   5.3322653e-12	   7.1066183e+01	
  -9.3738328e-04	  -8.9722323e-06	   2.1567802e-03	   3.3108671e-05	   5.7007937e-12	   7.1039075e+01	
   5.1464343e-04	   9.6671350e-07	  -2.5374384e-03	  -6.1980211e-05	   5.3284660e-12	   7.1077480e+01	
  -1.7362543e-03	  -3.2623480e-05	   1.7986856e-03	   3.6115406e-05	   5.9420470e-12	   7.1018505e+01	
  -2.1226581e-03	  -1.3894798e-04	  -5.7789972e-04	  -3.5723572e-05	   5.5488232e-12	   7.1048406e+01	
   1.4622598e-03	   2.7276673e-05	   1.8202017e-03	   1.1676765e-05	   6.1529061e-12	   7.0996429e+01	
   1.6060159e-03	   9.8599737e-05	  -4.4734550e-04	  -4.5393221e-05	   5.6685000e-12	   7.1028324e+01	
   5.4131036e-04	   2.1377570e-05	   2.3333339e-03	   5.7683062e-05	   5.7007937e-12	   7.1039701e+01	
   3.0468253e-04	   7.5608430e-06	   2.4093033e-03	   7.9547351e-05	   5.7444853e-12	   7.1037730e+01	
  -1.5892296e-03	  -1.2212684e-04	  -5.7809447e-04	  -4.2298178e-05	   5.5108306e-12	   7.1042083e+01	
  -1.5531216e-03	  -1.1727498e-04	  -6.8302182e-04	  -4.7906817e-05	   5.4880350e-12	   7.1044202e+01	
   1.0150444e-03	   3.2038809e-05	   1.6862562e-03	   5.2132270e-05	   6.0959171e-12	   7.0994121e+01	
   1.9521982e-03	   1.3029047e-04	  -1.2407338e-04	  -1.5106630e-05	   5.4424439e-12	   7.1054759e+01	
   3.8832328e-03	   3.4380516e-04	   1.4479218e-03	   1.1026852e-04	   5.5735185e-12	   7.1528979e+01	
   3.3533428e-03	   3.3460666e-04	   1.0087218e-03	   8.8093225e-05	   5.9800396e-12	   7.1500049e+01	
   1.2936019e-03	   1.2228293e-04	  -3.2666050e-03	  -3.5967372e-04	   5.5583215e-12	   7.1525762e+01	
  -4.5704110e-04	  -2.6752499e-05	   4.0382273e-03	   3.1116727e-04	   6.2744825e-12	   7.1483654e+01	
   3.0332325e-03	   2.1106915e-04	   3.5170211e-03	   2.4026007e-04	   5.4253472e-12	   7.1546584e+01	
   3.6799510e-04	  -6.6561164e-05	  -2.0510710e-04	  -2.9477068e-05	   5.6324070e-12	   7.1506329e+01	
  -1.7058047e-03	  -1.0754863e-04	   4.3900888e-03	   2.6804445e-04	   5.9591436e-12	   7.1521507e+01	
  -5.0834740e-04	   1.0037285e-04	   1.1505319e-03	  -5.9619086e-05	   5.8394668e-12	   7.1637534e+01	
  -1.4168813e-03	   6.4281822e-05	  -3.6074416e-04	   8.0865543e-05	   5.5431244e-12	   7.1660484e+01	
   5.7408245e-04	  -3.9064287e-05	  -1.0157619e-03	  -7.1089856e-05	   5.4272468e-12	   7.1655557e+01	
   3.3014053e-04	  -1.0111602e-04	  -7.8148549e-04	  -1.0234384e-05	   5.3569605e-12	   7.1660544e+01	
   3.3492108e-04	   2.1515946e-05	   5.5578916e-04	  -1.1756109e-04	   5.9325488e-12	   7.1624752e+01	
  -8.3828191e-04	   3.3698229e-05	   3.2350531e-04	   7.0799744e-05	   5.3246668e-12	   7.1663112e+01	
   5.6642224e-04	  -6.0325442e-05	  -4.3544018e-04	  -7.3392180e-05	   5.5659199e-12	   7.1648919e+01	
   3.8796448e-05	  -6.8998573e-05	  -1.2749833e-03	   3.4338011e-06	   6.1035156e-12	   7.1614227e+01	
  -6.6435176e-04	  -7.7760099e-05	  -4.9996117e-04	   4.9807478e-05	   5.5051317e-12	   7.1651451e+01	
  -3.8427166e-04	  -8.4729281e-05	  -9.2337286e-04	  -3.1405548e-05	   6.0541252e-12	   7.1612487e+01	
  -2.7963579e-04	  -8.8179045e-05	  -1.0595609e-03	  -2.1620946e-05	   6.1529061e-12	   7.1608155e+01	
   2.2942475e-04	  -2.7224044e-05	  -5.8551350e-04	  -4.6547725e-08	   5.3797561e-12	   7.1649404e+01	
  -4.2104284e-04	  -1.9246078e-05	  -6.6883942e-04	   7.2396612e-05	   5.3550609e-12	   7.1659433e+01	
  -4.2616307e-04	  -1.5037619e-04	  -2.1515460e-04	   1.0895801e-04	   6.0237311e-12	   7.1624044e+01	
   8.6741035e-04	  -4.6980310e-05	  -1.8014371e-04	  -6.8417200e-05	   5.3588601e-12	   7.1664030e+01	
   2.8650858e-05	  -7.5365798e-06	   4.3112101e-04	  -8.2564266e-05	   5.7007937e-12	   7.1635982e+01	
  -1.1333142e-03	   5.1922473e-05	  -1.7266035e-04	   1.1179173e-05	   5.4177487e-12	   7.1655340e+01	
   6.2582457e-05	   7.4699494e-05	   7.0936436e-04	   4.7353396e-05	   5.3816557e-12	   7.1657483e+01	
  -1.4604433e-04	  -5.7610357e-05	  -9.4565620e-04	  -6.9817720e-05	   5.9648425e-12	   7.1616444e+01	
   5.0191251e-04	  -7.1640103e-06	   2.6129824e-04	  -9.7075422e-05	   5.6969945e-12	   7.1642746e+01	
  -8.6029480e-04	   2.6450582e-05	   2.4942319e-06	   8.1351410e-05	   5.4918343e-12	   7.1656430e+01	
  -9.8238583e-04	   2.9352769e-05	  -1.0011339e-04	   7.3825618e-05	   5.4386447e-12	   7.1660828e+01	
   1.5998298e-04	  -1.3689036e-05	   8.3052876e-04	  -1.0054642e-04	   5.8109724e-12	   7.1631943e+01	
   2.2516762e-04	  -1.9994577e-05	  -1.1366951e-03	  -8.7093557e-05	   5.4557413e-12	   7.1650412e+01	
  -6.2697287e-04	   7.8318688e-06	   5.9675167e-04	   9.7008392e-05	   6.1130137e-12	   7.1610269e+01	
   3.5966241e-04	   9.2571465e-05	   9.5004576e-04	   2.2037971e-05	   5.6590019e-12	   7.1642685e+01	
  -5.4811279e-04	   7.2887053e-05	   5.3453064e-04	  -6.1998074e-05	   5.8242698e-12	   7.1630404e+01	
   9.2766156e-04	   2.3324592e-04	   4.0924633e-04	   2.5815175e-05	   5.6210093e-12	   7.1650494e+01	
  -4.6739182e-04	  -1.1155247e-04	  -3.0815537e-05	   1.5227722e-04	   5.9857385e-12	   7.1627216e+01	
  -2.7310175e-04	  -9.8923350e-05	  -6.7781781e-04	   2.4091475e-05	   5.4291464e-12	   7.1659589e+01	
  -9.5800149e-04	  -9.0413884e-05	  -1.3062940e-04	   5.6366055e-05	   5.9629429e-12	   7.1620258e+01	
   3.4509225e-05	  -4.2799570e-05	  -8.8299861e-04	   8.0068440e-05	   5.8166713e-12	   7.1631725e+01	
  -5.7543053e-04	   2.9506772e-05	  -1.1736074e-04	   7.3338696e-05	   5.3531612e-12	   7.1662008e+01	
  -7.9541961e-04	  -1.0804002e-04	  -4.8475137e-04	   1.9461606e-06	   5.8432661e-12	   7.1626962e+01	
   4.2503373e-04	  -7.1749314e-05	  -6.7125050e-04	   1.0275601e-05	   5.5260277e-12	   7.1651571e+01	
  -5.2591505e-05	  -4.7535517e-05	  -8.5385186e-04	   5.1309876e-05	   5.5165295e-12	   7.1652608e+01	
   9.8669519e-04	   2.0382473e-04	   1.1925772e-03	   1.8090359e-04	   5.8299687e-12	   7.1634898e+01	
   7.2969412e-04	  -1.5357042e-04	  -7.8920414e-04	   4.4487974e-05	   5.6267081e-12	   7.1664836e+01	
  -2.1767701e-04	   1.2111674e-04	   4.2604788e-04	   1.0052684e-04	   5.4329457e-12	   7.1667488e+01	
  -3.4184507e-04	   3.9981120e-05	   3.7636130e-04	   1.7702779e-04	   5.9572440e-12	   7.1633951e+01	
  -4.0278047e-05	  -7.5698580e-05	  -1.1723459e-03	   1.2613375e-04	   5.6172100e-12	   7.1665316e+01	
   3.7732621e-04	  -8.6655223e-06	  -7.4836515e-05	  -1.0828182e-04	   5.5811169e-12	   7.1649637e+01	
  -5.8363805e-05	   1.0993350e-04	   5.1963663e-04	  -6.8428092e-05	   5.6172100e-12	   7.1653213e+01	
   1.6240626e-04	  -5.0307551e-05	  -5.8769395e-04	  -1.0576860e-04	   5.8128720e-12	   7.1632367e+01	
  -1.0571815e-03	   1.2792107e-04	   6.3097166e-04	  -3.2637142e-06	   5.6609015e-12	   7.1661171e+01	
  -6.1597352e-05	   3.5352582e-05	   3.7558413e-04	  -6.5850846e-05	   5.5317266e-12	   7.1651473e+01	
  -5.8987060e-05	   4.4838569e-06	   9.5232981e-04	  -9.3123929e-05	   5.5526225e-12	   7.1653555e+01	
   1.9838474e-04	   7.5325220e-05	   2.7326141e-04	  -9.3330995e-05	   5.9800396e-12	   7.1625335e+01	
  -8.0003890e-04	   6.5123890e-05	   4.4373105e-04	  -1.3511612e-05	   5.4348454e-12	   7.1659268e+01	
  -5.1051925e-04	  -8.6887744e-05	   3.3703046e-04	   1.9468024e-04	   5.9306491e-12	   7.1637221e+01	
   3.9845676e-04	   1.1770116e-04	   4.1834264e-04	  -8.6766827e-06	   6.1757016e-12	   7.1610208e+01	
  -6.5880443e-04	   8.6902335e-06	  -7.0817312e-04	   1.6090850e-04	   6.0275303e-12	   7.1632882e+01	
  -9.3287523e-04	  -9.1960060e-06	   9.2882703e-04	   6.2949378e-05	   6.1643038e-12	   7.1607999e+01	
  -1.0073977e-03	  -1.0287753e-04	  -1.5961846e-04	   3.0177530e-05	   5.8147716e-12	   7.1628269e+01	
   1.0744350e-03	   2.9037051e-05	  -7.5659876e-04	  -5.5084408e-05	   6.2478876e-12	   7.1601213e+01	
  -5.9547073e-04	   1.1512899e-04	  -5.9886142e-05	   9.4825493e-06	   5.4766373e-12	   7.1655773e+01	
   1.1290821e-03	   5.6819083e-05	  -3.9208447e-04	  -5.0133628e-05	   6.2535865e-12	   7.1599084e+01	
  -4.0800939e-04	   1.2040839e-04	  -7.0382832e-05	   7.6483016e-05	   6.1092145e-12	   7.1615927e+01	
   2.6202536e-04	   9.3372396e-05	   5.3380283e-04	   5.2981454e-05	   5.4348454e-12	   7.1655602e+01	
   1.0799934e-04	  -8.7499849e-05	  -4.8458865e-04	   2.0338180e-05	   5.9306491e-12	   7.1625603e+01	
   6.6101258e-04	   1.0039929e-04	   7.5741755e-04	  -8.3151176e-06	   6.2535865e-12	   7.1606625e+01	
  -3.8440934e-04	   5.8171189e-05	   3.1424402e-04	  -2.8089128e-05	   5.4671392e-12	   7.1655759e+01	
  -9.5823564e-05	   1.1266945e-04	   1.9750758e-04	  -2.8358797e-05	   6.1719023e-12	   7.1610784e+01	
   1.4211001e-04	   1.1022064e-04	   8.8358963e-05	  -3.2270213e-05	   5.9591436e-12	   7.1622916e+01	
  -5.1941546e-04	   6.6442381e-05	   6.2012503e-04	  -9.9286141e-05	   5.7254890e-12	   7.1644321e+01	
  -6.6965826e-05	  -1.0031017e-04	  -3.3998420e-04	   5.2899927e-05	   6.1700027e-12	   7.1610612e+01	
   8.0505690e-05	   1.1433228e-04	   1.0818532e-04	  -6.8591281e-05	   6.1187127e-12	   7.1617301e+01	
  -7.0128355e-05	  -2.0804328e-05	  -6.9092830e-04	   1.2618772e-04	   5.9154521e-12	   7.1630852e+01	
   2.2621368e-04	  -7.1321895e-05	  -2.1030256e-05	  -8.0760957e-05	   6.0142330e-12	   7.1621497e+01	
   4.5655043e-05	   1.1115693e-04	   1.1375978e-04	   8.9991794e-07	   5.9306491e-12	   7.1625163e+01	
  -3.0370562e-04	   6.2164984e-05	   6.2762076e-04	  -1.0718819e-04	   5.8147716e-12	   7.1642850e+01	
   5.0422848e-04	  -1.1143619e-04	  -1.9662547e-04	  -2.6146236e-05	   6.2820810e-12	   7.1606954e+01	
   1.4744580e-04	  -8.7279271e-05	  -1.3721078e-04	  -4.6420077e-05	   6.0161326e-12	   7.1619712e+01	
  -7.9291957e-04	   6.3651047e-05	  -1.9910961e-04	   3.3616068e-05	   5.6020129e-12	   7.1649234e+01	
  -6.2125524e-05	  -8.9405648e-05	  -4.7792168e-04	   8.3874952e-05	   5.9610432e-12	   7.1630874e+01	
   6.5082695e-05	  -1.0084282e-05	  -2.4055233e-04	  -9.9380663e-06	   5.5469236e-12	   7.1642595e+01	
  -2.1644504e-04	  -1.8284964e-05	  -4.9970029e-04	   9.0107043e-05	   5.9040543e-12	   7.1631195e+01	
  -6.0259892e-04	   4.8112352e-05	   1.9816094e-04	  -1.9119338e-05	   6.2801813e-12	   7.1600652e+01	
   6.0907031e-05	  -1.1127423e-04	  -2.4785427e-04	  -7.9616456e-05	   6.1814006e-12	   7.1612545e+01	
   1.8369053e-05	  -3.0573815e-05	  -8.9551990e-04	   9.4048142e-05	   5.6741990e-12	   7.1651218e+01	
  -7.0199664e-04	   1.0854350e-04	   1.3659864e-04	   9.8711145e-06	   5.4690388e-12	   7.1665637e+01	
  -3.3383488e-04	   7.1077559e-05	   5.1384481e-04	  -8.8060190e-05	   5.6741990e-12	   7.1651847e+01	
  -3.7403139e-04	  -8.2448242e-06	  -7.8991783e-04	  -3.4783464e-06	   5.3550609e-12	   7.1660364e+01	
  -2.4018210e-04	   1.5293070e-05	   5.8315928e-04	  -4.1442125e-05	   5.8774595e-12	   7.1631935e+01	
   8.7183160e-04	  -9.6888454e-05	  -5.1231967e-04	   1.5553632e-05	   5.5488232e-12	   7.1660977e+01	
   4.4938755e-04	  -5.0937853e-05	   4.0628648e-04	  -7.1378675e-05	   5.5317266e-12	   7.1657783e+01	
  -1.7258559e-04	  -3.6873441e-05	  -3.5656811e-04	   1.0343235e-04	   5.7577827e-12	   7.1644537e+01	
  -1.0481782e-03	   3.4914871e-05	   1.2159467e-04	  -1.0557368e-05	   5.6324070e-12	   7.1648823e+01	
   6.1495212e-04	  -3.5197404e-05	  -3.1727122e-04	  -2.7780982e-06	   5.8508647e-12	   7.1631860e+01	
   6.3046959e-04	  -7.8124064e-05	  -4.3788367e-04	   1.9986124e-05	   6.0085341e-12	   7.1626073e+01	
  -2.1572570e-04	   2.2833726e-06	   5.0627368e-04	   1.2839755e-04	   6.1548057e-12	   7.1614553e+01	
   5.0194749e-04	  -6.5143294e-05	   1.4720449e-04	  -1.1950340e-04	   5.3265664e-12	   7.1684435e+01	
   9.6807137e-05	  -1.3000969e-04	  -4.1572095e-04	  -5.0462367e-05	   5.4234476e-12	   7.1676074e+01	
  -2.4989542e-04	  -1.4335725e-04	  -4.3718526e-04	  -1.6846966e-05	   6.1965976e-12	   7.1620646e+01	
   1.5398835e-03	  -5.2776582e-05	  -3.6845894e-04	  -6.5113195e-05	   7.2603912e-12	   7.0878833e+01	
  -9.2327016e-04	  -3.3353764e-05	  -1.3887049e-03	   4.1131627e-06	   6.5366316e-12	   7.0951626e+01	
  -9.6598546e-04	   4.4238912e-06	  -1.7290047e-03	   4.8972093e-05	   6.8329741e-12	   7.0927758e+01	
  -1.4956158e-03	   3.8724944e-05	  -1.1649101e-03	   5.4308043e-05	   7.1749077e-12	   7.0887926e+01	
  -1.6256347e-03	   8.7979463e-05	   1.7350752e-04	   1.3546275e-05	   6.9906435e-12	   7.0908899e+01	
  -1.4839240e-03	   1.3210378e-04	  -3.3101601e-04	   4.3968598e-05	   7.0172384e-12	   7.0908592e+01	
  -1.4419020e-04	   3.9597277e-05	   1.6968918e-03	  -8.0070927e-05	   6.5537282e-12	   7.0954426e+01	
  -7.3164466e-04	   1.6602064e-05	  -1.4408229e-03	   7.3592329e-05	   6.3352707e-12	   7.0970716e+01	
  -1.9138055e-03	   9.0485034e-05	   1.2091978e-04	   2.4655877e-07	   6.7835837e-12	   7.0935456e+01	
  -3.6008219e-04	   1.2106314e-05	  -1.3773926e-03	   1.1081770e-04	   6.6107172e-12	   7.0946416e+01	
   1.6350373e-03	  -1.0580603e-04	  -6.9198666e-04	   4.3794609e-06	   7.2337963e-12	   7.0885687e+01	
   5.3503701e-04	  -1.1414723e-05	  -1.4894384e-03	  -1.4588921e-05	   7.1863055e-12	   7.0878998e+01	
  -1.6713683e-03	   5.3262854e-06	   1.0024116e-03	  -1.6192914e-06	   7.0324354e-12	   7.0903186e+01	
  -1.9559606e-03	   4.3656199e-05	   6.0688282e-04	  -6.7147764e-06	   6.4834419e-12	   7.0965281e+01	
   1.7972239e-03	  -3.3995964e-05	  -7.9909650e-04	  -1.5480626e-05	   7.1901048e-12	   7.0885075e+01	
   1.8954269e-04	  -5.3247271e-06	  -1.4640342e-03	  -5.1558540e-05	   6.5822227e-12	   7.0941883e+01	
  -1.0887008e-03	  -1.7453212e-05	   1.7564173e-03	   3.5257655e-05	   6.5081371e-12	   7.0959069e+01	
  -1.1238953e-03	  -1.4822274e-05	   2.0321590e-03	   3.1938134e-05	   6.4055570e-12	   7.0974158e+01	
  -1.4443132e-04	   1.4659789e-05	   1.7528087e-03	  -1.7949384e-05	   7.0780266e-12	   7.0896528e+01	
  -4.8845435e-04	  -3.2864061e-05	   2.9467171e-04	   5.6886622e-06	   6.7132973e-12	   7.0919984e+01	
   1.3322271e-03	  -8.1252297e-06	   1.3611561e-03	  -1.7552057e-05	   6.8956620e-12	   7.0918618e+01	
  -1.4684324e-04	  -1.0793744e-05	  -9.9084584e-04	  -4.6536504e-05	   6.5233341e-12	   7.0941174e+01	
  -4.6070563e-04	  -1.1031819e-04	  -9.6389664e-04	  -2.3148171e-04	   6.8671675e-12	   7.1405419e+01	
   1.1585452e-05	   2.2065621e-05	   8.9732187e-04	   2.3797385e-04	   6.8595689e-12	   7.1416723e+01	
  -4.7717738e-04	   6.6590163e-05	   1.2994763e-04	  -2.0206516e-05	   6.7892826e-12	   7.1421225e+01	
   1.0381666e-03	  -1.0438528e-04	  -1.2576183e-05	  -8.5267154e-05	   6.8595689e-12	   7.1554722e+01	
   1.0816613e-03	  -5.3808465e-05	  -4.0680894e-04	  -5.1498248e-05	   6.3390699e-12	   7.1595569e+01	
   4.8220852e-04	   1.6906590e-05	   7.4825572e-04	  -1.6359202e-04	   6.8766656e-12	   7.1555857e+01	
  -1.0580707e-03	   9.1499142e-05	  -1.7310101e-04	   1.0286634e-04	   6.7417917e-12	   7.1569183e+01	
   6.9267077e-04	   1.5020066e-05	   7.8153463e-04	  -1.1047235e-04	   6.7835837e-12	   7.1563464e+01	
   4.6570257e-04	  -8.3284770e-05	  -1.1843041e-03	   3.0245251e-05	   6.4112559e-12	   7.1596047e+01	
   9.0294239e-04	  -2.1063013e-06	   5.8793484e-04	  -9.4873200e-05	   6.3352707e-12	   7.1601370e+01	
  -1.0973808e-03	   1.0141237e-04	   3.5658246e-04	   4.1321645e-05	   6.8101785e-12	   7.1562599e+01	
  -1.0056991e-03	   1.1639028e-04	   4.2556817e-04	   3.1391153e-05	   7.0495321e-12	   7.1536976e+01	
   1.6481716e-04	  -2.7463107e-05	  -1.1929947e-03	  -5.2777234e-05	   7.1844059e-12	   7.1517863e+01	
  -2.4835170e-04	  -6.2011642e-05	  -1.1334153e-03	   9.7920012e-05	   6.8994612e-12	   7.1553759e+01	
  -3.6874330e-04	   2.8524841e-05	   9.9900844e-04	   6.3761062e-05	   6.3371703e-12	   7.1593792e+01	
   3.0384717e-06	   5.0868929e-05	   1.0830772e-03	   3.8597316e-05	   6.4777430e-12	   7.1585190e+01	
   8.7004905e-04	   1.9057078e-05	  -8.3531392e-04	  -5.5174189e-05	   6.6126168e-12	   7.1575148e+01	
   2.3720051e-04	  -1.6606988e-05	  -1.2621915e-03	  -4.8468027e-05	   6.6278139e-12	   7.1574671e+01	
   9.9492033e-04	   5.2395661e-05	   3.1604143e-04	  -6.4110473e-05	   6.8690671e-12	   7.1555724e+01	
   8.1643914e-04	   1.3341162e-04	   2.0870851e-03	   2.6614045e-04	   7.2584915e-12	   7.1513122e+01	
   7.8418230e-04	   6.4633374e-05	   6.2442923e-04	  -5.4823052e-05	   6.6411113e-12	   7.1576880e+01	
   6.8419975e-04	   7.8433858e-05	   6.7452180e-04	  -4.5097486e-05	   7.1844059e-12	   7.1520513e+01	
  -8.1660601e-04	  -9.6334848e-05	   8.8420794e-06	   7.8047005e-05	   6.6620073e-12	   7.1575686e+01	
  -8.1416662e-04	  -3.9257831e-05	   5.4743046e-04	   9.9510102e-05	   6.4663452e-12	   7.1588320e+01	
  -1.4622344e-04	   1.6964783e-04	   5.5756438e-05	  -1.6171963e-05	   6.4359511e-12	   7.1592418e+01	
   1.0667439e-04	  -9.3348373e-05	  -1.0632888e-03	   9.5061202e-05	   6.8538700e-12	   7.1560397e+01	
   1.0859406e-03	   5.2437880e-05	  -5.0727831e-04	  -5.6975145e-05	   6.3922596e-12	   7.1590954e+01	
  -1.1499138e-04	  -7.7332862e-05	  -1.1311902e-03	   1.5402430e-05	   6.3542669e-12	   7.1601243e+01	
  -6.2982234e-04	  -5.3385696e-05	  -1.2162016e-03	  -3.2043909e-05	   6.6999999e-12	   7.1570124e+01	
   8.7001269e-05	  -7.7346963e-05	  -1.1062707e-03	   1.9020913e-05	   6.9583498e-12	   7.1548003e+01	
   6.7704668e-04	   1.4497452e-04	   5.0986538e-04	  -1.5176854e-06	   6.4739437e-12	   7.1593463e+01	
  -5.0340498e-05	  -1.6250742e-04	  -4.6101698e-04	   2.4089333e-05	   6.8861637e-12	   7.1558843e+01	
   4.4775878e-04	   1.2011405e-04	  -2.3618644e-05	  -1.1675241e-04	   6.9355542e-12	   7.1553408e+01	
  -2.6097639e-04	  -1.6302978e-04	  -3.6921734e-04	   7.0946165e-05	   7.2166996e-12	   7.1520080e+01	
  -5.4771463e-04	  -1.2963507e-04	  -1.3076414e-04	   9.3024072e-05	   6.8918626e-12	   7.1557843e+01	
  -9.2143248e-04	  -6.1969212e-05	   4.7034758e-04	   9.0970832e-05	   6.9811453e-12	   7.1543912e+01	
  -3.3796797e-04	  -8.7987113e-05	  -3.3895397e-04	   1.3358629e-04	   6.9602494e-12	   7.1551079e+01	
   2.5965317e-04	   6.8946940e-05	   1.1942766e-04	  -1.3976839e-04	   6.8272751e-12	   7.1565310e+01	
   2.0527658e-04	   2.7096682e-06	  -8.1811299e-04	  -1.2169526e-04	   6.9678479e-12	   7.1547010e+01	
  -7.0128041e-04	  -6.5925976e-05	   2.9091921e-04	   1.0178948e-04	   6.5651261e-12	   7.1583466e+01	
  -6.8769078e-04	  -1.1891416e-04	  -5.7087624e-04	  -2.8726165e-05	   6.5575275e-12	   7.1582638e+01	
   1.1889825e-03	   2.2789735e-04	  -2.3538725e-04	  -1.0806194e-04	   7.1084207e-12	   7.1534735e+01	
  -3.8605246e-04	   1.2407526e-05	   5.7919125e-04	   1.5355043e-04	   6.4948397e-12	   7.1592896e+01	
   4.4812267e-04	   1.9038368e-04	   4.8204897e-04	   5.7729555e-05	   7.0229372e-12	   7.1546711e+01	
   9.5749614e-04	   9.2265773e-05	   4.8495522e-04	  -5.3606357e-06	   6.7227955e-12	   7.1568699e+01	
  -6.6350552e-04	  -1.3301328e-04	  -1.7660267e-04	   5.6503462e-05	   6.7284944e-12	   7.1573694e+01	
   6.4910737e-04	   1.6965097e-04	  -3.1673108e-05	  -9.7863015e-05	   7.2622908e-12	   7.1516690e+01	
  -7.4276264e-04	  -1.3805807e-04	  -2.3692505e-04	   3.0609296e-05	   6.5860220e-12	   7.1584548e+01	
  -1.6509151e-05	  -4.0676402e-05	  -7.6689055e-04	  -1.3026356e-04	   7.1236177e-12	   7.1531833e+01	
  -6.3519078e-04	  -1.4261292e-04	  -3.6440009e-04	  -6.5168570e-06	   6.5043378e-12	   7.1590567e+01	
   5.1909660e-04	   1.4991991e-04	  -5.5363891e-05	  -6.1616035e-05	   6.9735468e-12	   7.1549377e+01	
   4.8113004e-04	   1.2413652e-04	   5.4125430e-04	   3.6626644e-05	   7.1331159e-12	   7.1531257e+01	
  -3.7389471e-04	  -1.5216418e-04	  -3.2223066e-04	  -1.3659697e-05	   6.6753046e-12	   7.1578516e+01	
  -1.8082372e-04	   2.8155059e-05	   6.0104618e-04	   1.4686956e-04	   6.8139778e-12	   7.1565676e+01	
  -2.2048202e-04	   2.5687578e-05	   3.1129947e-04	   1.4637748e-04	   6.7911822e-12	   7.1567631e+01	
  -3.8733120e-04	   1.2403109e-05	  -2.4602703e-04	   1.0798093e-04	   6.7531896e-12	   7.1570737e+01	
   4.5656615e-04	   1.1974170e-04	   5.7519889e-04	   5.0206437e-05	   6.9887439e-12	   7.1548234e+01	
  -1.0412263e-04	   1.0831593e-04	   1.7813852e-04	  -7.3638740e-05	   6.8937623e-12	   7.1557955e+01	
   1.3662052e-04	   1.2056672e-04	   3.5126860e-04	   9.3533192e-05	   6.9108590e-12	   7.1555992e+01	
  -1.8530470e-04	   2.8310986e-05	   2.1101999e-04	   1.4030528e-04	   7.2584915e-12	   7.1514698e+01	
   1.0830325e-04	  -8.6552898e-05	  -1.4114938e-04	  -3.8185509e-05	   7.1255173e-12	   7.1531069e+01	
  -9.7299077e-05	   1.6519819e-04	   3.7490264e-05	  -2.5335931e-05	   6.5138360e-12	   7.1593269e+01	
   3.5987196e-04	  -1.0624000e-04	   2.7827631e-05	  -5.0406600e-05	   7.2015026e-12	   7.1521634e+01	
  -5.7182710e-04	  -7.6470792e-05	  -9.0798778e-04	  -8.6679606e-05	   6.6677062e-12	   7.1575082e+01	
  -2.9835674e-04	   1.2030960e-04	   5.4081710e-05	   1.3754224e-05	   7.0913239e-12	   7.1536088e+01	
  -5.4455424e-04	   1.2191583e-04	  -1.8598891e-04	   5.3844980e-05	   6.4492486e-12	   7.1597368e+01	
  -2.4362014e-05	  -3.3678616e-06	  -7.9130133e-04	  -1.2991524e-04	   7.1464132e-12	   7.1528823e+01	
   1.2777745e-03	   2.2477509e-04	  -4.3610090e-04	  -1.3484929e-04	   6.3409695e-12	   7.1610604e+01	
   5.2466231e-05	   1.5729418e-04	  -5.2354281e-05	  -9.4356520e-05	   7.1806066e-12	   7.1526844e+01	
   6.9414367e-04	   7.9558321e-05	  -4.0348304e-04	  -8.7607509e-05	   7.1920044e-12	   7.1529316e+01	
   8.8038367e-04	   2.8480647e-05	  -5.0254702e-05	  -1.1431144e-04	   8.0487381e-12	   7.0769920e+01	
   1.3598960e-05	  -8.9975719e-05	  -1.0272619e-03	   5.1469794e-05	   8.1038274e-12	   7.0765523e+01	
   3.2312065e-04	  -1.0581172e-04	  -1.0866548e-03	   6.4100144e-05	   8.1798127e-12	   7.0756997e+01	
   9.8092822e-04	   2.1857932e-05	  -6.6857343e-04	  -1.1488369e-04	   7.6118230e-12	   7.0822922e+01	
   8.1138698e-04	   9.9534907e-05	   4.2966692e-04	  -5.2015565e-05	   7.7087041e-12	   7.0810999e+01	
   1.2155077e-03	   5.7926207e-06	   3.2903636e-04	  -8.2110945e-05	   7.5928266e-12	   7.0833015e+01	
   7.2300923e-04	  -9.2522472e-05	  -1.1562756e-03	   4.3507052e-05	   8.1285227e-12	   7.0765023e+01	
   1.2364188e-03	  -3.3903044e-05	  -3.0581869e-04	  -7.4830534e-05	   7.5149417e-12	   7.0842667e+01	
   4.1172219e-04	  -1.1977984e-04	  -9.9186537e-04	   1.1492710e-04	   8.1779131e-12	   7.0760514e+01	
   6.8690655e-04	   1.5748694e-05	   1.1330329e-03	  -9.3677236e-05	   7.5814289e-12	   7.0835845e+01	
  -1.3936523e-03	   1.0793690e-04	  -2.7444834e-04	   4.5696347e-05	   7.8074850e-12	   7.0810394e+01	
   5.2852863e-04	   2.9095084e-05	   1.2586683e-03	  -7.3625316e-05	   7.3344767e-12	   7.0865343e+01	
   1.0746395e-03	  -4.0463239e-05	   7.7458786e-04	  -1.1739802e-04	   7.4256590e-12	   7.0858548e+01	
  -7.6817217e-06	   4.1604547e-05	   1.0054480e-03	  -1.5654856e-04	   7.9252621e-12	   7.0795013e+01	
  -1.0222285e-03	   1.6275636e-04	  -1.3814774e-04	   3.9925021e-05	   7.6821093e-12	   7.0828073e+01	
  -6.9545063e-04	   9.6885587e-05	  -6.1618337e-04	   1.2215176e-04	   7.6175218e-12	   7.0834665e+01	
   1.0122756e-03	  -1.3087377e-04	  -3.0767256e-04	  -6.1779089e-05	   7.6232207e-12	   7.0832805e+01	
   9.5261936e-04	  -1.0055607e-04	   1.4752944e-04	  -1.1564245e-04	   7.6783100e-12	   7.0825049e+01	
   1.0003516e-04	   2.4810974e-05	   9.4174551e-04	  -1.6405269e-04	   8.1095263e-12	   7.0768390e+01	
  -7.0570136e-04	   1.8228836e-04	   3.2721816e-04	  -5.8612319e-05	   8.1475190e-12	   7.0763029e+01	
  -6.3969697e-04	   1.4003766e-04	  -2.5814965e-04	   9.3173142e-05	   7.9195632e-12	   7.0793326e+01	
  -1.3231426e-03	   9.8750657e-05	   6.1648162e-04	  -4.3289225e-05	   8.0392400e-12	   7.0778408e+01	
  -1.1244735e-03	   2.1827122e-05	  -3.2049110e-04	   6.5236811e-06	   8.0088459e-12	   7.0775296e+01	
  -6.6943685e-04	   3.5161693e-05	   1.2222461e-03	  -5.2852686e-05	   8.0107455e-12	   7.0777042e+01	
   3.3409779e-04	  -4.0145199e-06	   9.4574647e-04	  -5.8573750e-05	   8.1000282e-12	   7.0759631e+01	
  -1.1350187e-03	  -2.9424425e-06	   4.8556788e-04	   1.0972746e-06	   7.3553727e-12	   7.0853696e+01	
  -9.9681101e-04	  -1.4782393e-06	   1.0100242e-03	   6.1588911e-07	   7.2926849e-12	   7.0862722e+01	
   5.5265022e-04	  -5.8816375e-06	   9.4867567e-04	  -4.8414108e-05	   7.7998864e-12	   7.0802389e+01	
  -8.5403443e-05	  -2.1810515e-05	  -1.6369277e-03	  -2.9559328e-04	   7.4161609e-12	   7.1346080e+01	
   2.1347524e-04	   9.3575853e-05	   8.4346714e-04	  -7.1790494e-05	   8.1532179e-12	   7.1381968e+01	
   9.4518167e-04	  -5.8958861e-05	   1.1636309e-04	  -1.0001267e-04	   7.5738303e-12	   7.1469991e+01	
   1.7622884e-04	   8.8388416e-05	   1.0172393e-03	   2.9993907e-05	   7.6612133e-12	   7.1453999e+01	
   2.2853709e-04	  -8.8403617e-05	  -1.1160531e-03	   5.3385248e-05	   7.5149417e-12	   7.1477510e+01	
  -1.2963788e-04	   1.0835910e-04	   9.0333419e-04	  -8.7162795e-05	   7.5529344e-12	   7.1473866e+01	
   3.7826141e-04	   1.4966281e-04	   5.4848144e-04	   5.0542608e-05	   7.3173801e-12	   7.1506210e+01	
  -2.1415354e-04	   3.6240558e-05	   1.0321192e-03	   9.0459476e-05	   7.7296001e-12	   7.1443405e+01	
   3.8282894e-05	   6.0459383e-05	   1.0221181e-03	   8.0996736e-05	   8.1836120e-12	   7.1371441e+01	
  -7.9097020e-04	   2.9001911e-05	   7.6148907e-04	   7.5713743e-05	   7.3306775e-12	   7.1502298e+01	
   4.8025799e-05	  -1.6716401e-04	  -3.8412762e-04	  -7.0041441e-05	   7.6460163e-12	   7.1462025e+01	
  -3.1429956e-04	   2.7117540e-05	   9.8105120e-04	   9.9422572e-05	   7.3097816e-12	   7.1503677e+01	
  -9.5286804e-04	   5.2339353e-05	  -2.4872092e-04	   1.1072510e-04	   8.1399204e-12	   7.1385037e+01	
  -2.2936833e-04	  -1.1042995e-04	  -1.0568433e-03	  -2.3156112e-04	   7.7504960e-12	   7.1447222e+01	
  -3.8007135e-04	  -1.9705634e-05	   2.5169742e-04	   1.8660214e-04	   7.7049049e-12	   7.1453410e+01	
   3.6100954e-05	  -9.8549475e-05	  -9.9121725e-04	   7.6320580e-05	   8.0050467e-12	   7.1407092e+01	
   5.7210067e-04	   9.4406497e-05	   8.1605496e-04	   3.4881611e-05	   7.8245817e-12	   7.1429975e+01	
  -2.5965261e-04	  -7.8889124e-05	  -9.0373156e-04	   1.1156666e-04	   8.0354408e-12	   7.1402522e+01	
  -8.8801573e-04	   6.9525597e-05	   5.7725190e-04	   4.4559450e-05	   7.6802097e-12	   7.1455299e+01	
   6.6008607e-05	  -1.1324507e-04	  -4.0010014e-04	  -1.0298493e-04	   7.4769491e-12	   7.1485274e+01	
  -5.9934511e-04	   8.4267917e-05	   8.4715056e-04	   1.4237813e-05	   7.8245817e-12	   7.1433888e+01	
   1.8742346e-04	   9.5902227e-05	   7.3002438e-04	  -1.2114874e-04	   8.1038274e-12	   7.1392623e+01	
   8.1221658e-05	  -7.0054431e-05	  -5.2517743e-04	  -1.8758357e-04	   7.5567336e-12	   7.1476935e+01	
   6.7348440e-04	   8.1503701e-05	  -5.1107501e-04	  -9.8103034e-05	   8.0221433e-12	   7.1399962e+01	
   3.5154321e-04	   1.2112933e-04	   1.3264743e-04	  -8.0992165e-05	   7.7637935e-12	   7.1444084e+01	
  -3.0435084e-04	   6.0903871e-05	   4.2064971e-04	   1.1837854e-04	   7.6441167e-12	   7.1461407e+01	
  -3.4200425e-04	  -1.4317755e-04	  -3.8246562e-04	  -4.8504159e-05	   7.5795293e-12	   7.1469028e+01	
  -4.2557533e-04	  -1.2490910e-04	  -2.8417095e-04	   5.0428903e-05	   7.5263395e-12	   7.1478383e+01	
   5.7273002e-04	  -1.1139317e-04	   1.3368764e-04	  -4.6073916e-05	   8.0962290e-12	   7.1388523e+01	
   1.1294791e-04	  -5.2849123e-05	  -5.4688973e-04	  -1.1686510e-04	   8.0639352e-12	   7.1396968e+01	
   3.4976502e-04	   1.8059108e-05	  -6.0091713e-04	  -1.2391527e-04	   7.9423588e-12	   7.1416066e+01	
  -3.7396277e-04	  -1.8281819e-04	  -4.8665771e-04	  -4.2628569e-05	   7.9803514e-12	   7.1413379e+01	
  -5.3000833e-04	  -7.2244982e-05	   1.6209178e-04	   1.6813976e-04	   7.6042244e-12	   7.1471418e+01	
  -3.3589388e-04	  -8.2160897e-05	  -8.8656900e-04	  -8.9432647e-05	   7.7409979e-12	   7.1445572e+01	
   7.7878517e-04	   1.0468157e-04	  -8.0191107e-05	  -6.4434188e-05	   7.9233625e-12	   7.1418851e+01	
   7.6646564e-04	   9.2499645e-05	  -2.8573699e-04	  -8.2067668e-05	   7.7049049e-12	   7.1452365e+01	
  -4.8814482e-04	  -9.5546963e-05	  -8.5171638e-04	  -7.0613826e-05	   8.2349021e-12	   7.1367104e+01	
  -4.7647456e-04	  -1.1602457e-04	  -5.9306057e-04	  -6.1215603e-05	   7.3040826e-12	   7.1508531e+01	
   3.4058345e-04	   1.9579732e-05	  -8.8181672e-04	  -1.2128228e-04	   7.4313580e-12	   7.1490531e+01	
   6.8995577e-05	  -2.8991622e-05	   5.0124525e-05	  -1.3240499e-04	   7.4940458e-12	   7.1482415e+01	
  -2.5088717e-04	   3.3498446e-05	   5.2234548e-04	  -1.1840791e-04	   7.8454776e-12	   7.1428564e+01	
  -8.9956129e-05	  -2.5974269e-05	  -1.1613836e-03	  -9.6110098e-05	   7.4275587e-12	   7.1489410e+01	
  -1.8199458e-04	   1.0141590e-04	  -7.7748854e-05	   1.2346239e-04	   7.3553727e-12	   7.1502319e+01	
   8.7328044e-04	   8.5811861e-05	   6.5814929e-04	   1.3734684e-05	   8.1000282e-12	   7.1388180e+01	
  -4.9211356e-04	  -3.6967447e-05	   4.5106935e-04	   1.1181217e-04	   8.1912105e-12	   7.1376676e+01	
  -2.9630874e-04	   2.2453690e-05	   7.5320701e-04	   1.1367454e-04	   8.0905301e-12	   7.1393921e+01	
   4.4982605e-05	   5.5329695e-05	  -1.4791496e-04	  -1.2241115e-04	   7.7903883e-12	   7.1440561e+01	
  -1.8621645e-04	  -1.3938530e-05	  -2.8237912e-04	   8.5843935e-05	   7.8093846e-12	   7.1438090e+01	
  -2.7675946e-04	   1.6615050e-05	  -2.9116042e-04	   5.9311305e-05	   7.9404592e-12	   7.1416432e+01	
  -8.5991536e-06	   1.5690425e-04	   2.0342897e-05	   8.4734228e-05	   7.7390982e-12	   7.1448110e+01	
  -1.0828473e-04	  -1.0246913e-04	  -2.5330823e-04	   9.9607932e-05	   7.7827897e-12	   7.1443458e+01	
   9.1142778e-04	   7.7876236e-05	  -3.1445080e-04	  -6.1736979e-05	   7.8663735e-12	   7.1428817e+01	
   1.5457287e-04	  -1.2077374e-04	  -3.2798336e-04	   5.0734526e-05	   7.5757299e-12	   7.1473404e+01	
   7.4470078e-04	   1.0661205e-04	   4.5327614e-04	   9.8411430e-06	   7.6080237e-12	   7.1469365e+01	
   3.3576780e-04	   9.7226307e-05	   6.3516634e-04	   6.5481957e-05	   7.7011057e-12	   7.1456307e+01	
  -3.3890205e-04	   7.6269086e-05	   3.3092374e-04	  -8.4901980e-05	   7.4370569e-12	   7.1493391e+01	
   9.0803412e-04	   9.8194757e-05	  -3.1555866e-05	  -4.6288826e-05	   8.1342215e-12	   7.1388032e+01	
  -5.1190237e-04	  -7.2376960e-05	  -9.2090306e-04	  -7.4083432e-05	   7.9157640e-12	   7.1421434e+01	
  -1.8852704e-04	   1.2473015e-04	   5.7063179e-04	   8.0244201e-06	   8.5901331e-12	   7.0692544e+01	
  -3.7501219e-04	  -8.3699311e-05	  -7.6311392e-04	   6.4327888e-05	   8.4191663e-12	   7.0717271e+01	
  -2.9864381e-04	  -7.1408196e-05	  -8.2307284e-04	   8.1525131e-05	   8.3944711e-12	   7.0722035e+01	
   3.5099887e-04	  -1.4172847e-04	  -8.0351105e-04	   2.2144633e-05	   9.1201302e-12	   7.0608589e+01	
  -8.7223048e-04	   9.2795711e-05	  -3.8346672e-04	   1.0608356e-04	   8.2937907e-12	   7.0740035e+01	
   6.3371339e-05	   6.9446238e-05	   6.6082167e-04	  -1.6565018e-04	   9.1144314e-12	   7.0610082e+01	
   1.0094081e-04	  -1.1615296e-04	  -7.1071280e-04	   1.3077561e-04	   8.7895944e-12	   7.0664285e+01	
   1.2918709e-04	   5.5923777e-05	   7.5670423e-04	  -1.3776636e-04	   8.7573006e-12	   7.0666152e+01	
   4.4015535e-04	  -5.8271621e-05	   2.8052401e-04	  -1.9079620e-04	   9.0878365e-12	   7.0615674e+01	
  -2.8638941e-04	   4.0152338e-05	  -5.2972009e-04	   1.7012641e-04	   8.8636800e-12	   7.0653116e+01	
  -1.2054954e-05	  -8.4811499e-05	  -5.6730905e-04	   1.5925491e-04	   8.5217464e-12	   7.0707162e+01	
  -7.3853659e-04	   1.7391454e-04	   3.7872224e-04	  -6.1933398e-05	   8.4799545e-12	   7.0713889e+01	
   4.4105747e-04	  -2.5929411e-05	   6.8257483e-04	  -1.5733494e-04	   8.8028918e-12	   7.0660022e+01	
  -2.9060938e-04	   8.9130447e-05	   7.3160926e-04	  -1.3213639e-04	   8.7155088e-12	   7.0674012e+01	
  -4.5263725e-04	   9.2961864e-05	  -6.8321427e-04	   1.6793079e-04	   8.5312446e-12	   7.0706773e+01	
   4.6226473e-04	  -6.1379114e-05	  -9.4715936e-04	   5.6287373e-05	   8.7800963e-12	   7.0659858e+01	
  -2.9096673e-04	   6.9351593e-05	   7.9592126e-04	  -1.2758399e-04	   8.8959738e-12	   7.0643007e+01	
   6.8719004e-04	  -9.1578358e-05	   1.1398288e-04	  -8.9367046e-05	   9.1011340e-12	   7.0610567e+01	
  -4.6106132e-04	   5.5847190e-05	   6.8330603e-04	  -8.6684888e-05	   9.0859369e-12	   7.0609822e+01	
  -5.1431524e-04	   9.5456627e-05	   8.2061405e-04	  -1.2358111e-04	   8.5559397e-12	   7.0698561e+01	
   1.0432280e-03	  -6.4661375e-05	   1.5632512e-04	  -4.8330009e-05	   8.5122482e-12	   7.0700860e+01	
   9.9558776e-05	  -7.9186032e-06	  -3.6726052e-04	  -1.2748958e-05	   8.7819959e-12	   7.0651086e+01	
   1.7401976e-04	   1.0070964e-06	   1.1418328e-03	  -8.0602341e-05	   8.3431810e-12	   7.0727521e+01	
   1.2725349e-03	  -7.8404196e-05	  -4.2441645e-04	  -7.6738638e-06	   8.2387013e-12	   7.0744873e+01	
  -5.3529742e-04	   1.4143629e-05	   9.7005632e-05	  -1.1509638e-05	   8.4666570e-12	   7.0702436e+01	
  -4.8204220e-04	   3.1334918e-05	   8.1724788e-04	   1.1835480e-04	   8.5464416e-12	   7.1312312e+01	
   2.6011075e-04	   1.3549129e-04	   8.0905119e-04	   1.6159815e-04	   8.5293448e-12	   7.1323197e+01	
   8.4067595e-04	  -5.1318243e-05	   2.7845809e-05	  -9.9881111e-05	   8.4115678e-12	   7.1341749e+01	
  -7.4162724e-04	  -1.1499711e-05	  -5.6655304e-04	   1.2820198e-04	   9.0840373e-12	   7.1228873e+01	
   3.0878929e-04	   4.7936671e-06	  -4.9871469e-04	  -1.9055404e-04	   8.5540401e-12	   7.1318919e+01	
   5.2836360e-04	   6.8706310e-05	   7.8466246e-04	  -6.4606046e-05	   8.5293448e-12	   7.1319792e+01	
  -6.1718988e-04	  -1.2887323e-04	   4.2032128e-05	   1.2832084e-04	   8.2975899e-12	   7.1361602e+01	
   2.9932325e-04	   4.6842095e-06	  -5.1641924e-04	  -1.7112180e-04	   8.8237877e-12	   7.1273235e+01	
   2.4922955e-04	  -9.2480930e-06	  -4.2729666e-04	  -1.7153415e-04	   8.5673376e-12	   7.1316201e+01	
   4.5251166e-04	   6.1108333e-05	  -4.6187939e-04	  -1.7045688e-04	   8.2918910e-12	   7.1362393e+01	
   5.7943241e-04	   1.5999675e-04	   6.9731879e-04	   6.1990967e-05	   8.8142896e-12	   7.1274944e+01	
  -7.5043122e-04	  -1.4155355e-04	   6.2699853e-05	   1.1075878e-04	   8.3222851e-12	   7.1357406e+01	
  -5.5557902e-04	  -1.2779050e-04	  -4.6072399e-04	   5.4322847e-06	   8.2633966e-12	   7.1364618e+01	
   3.3873302e-04	   8.7385163e-05	   9.1478939e-04	   5.9378913e-05	   8.4286644e-12	   7.1335293e+01	
  -7.3465179e-04	  -1.1105460e-04	   1.1923497e-04	   1.0946756e-04	   8.4723560e-12	   7.1332044e+01	
  -6.5212141e-04	  -1.1702406e-04	  -7.0755494e-04	  -4.7139517e-05	   9.1391266e-12	   7.1214202e+01	
  -1.4029753e-04	   5.2724840e-05	   8.5154849e-04	   1.0825102e-04	   8.8636800e-12	   7.1264485e+01	
   3.3256428e-04	   8.3647744e-05	   9.1487328e-04	   6.4733545e-05	   9.0137509e-12	   7.1236398e+01	
  -7.0039849e-04	  -6.0446070e-05	   4.1794414e-04	   1.1488782e-04	   9.1239295e-12	   7.1218287e+01	
  -1.8950327e-04	  -1.0283116e-04	  -6.6143928e-04	  -8.0042434e-05	   9.0479443e-12	   7.1235995e+01	
  -5.5707480e-04	  -1.3223855e-04	  -5.3621458e-04	  -2.9627857e-05	   8.5806349e-12	   7.1313739e+01	
  -4.4053743e-04	   1.5901908e-05	   7.9502430e-05	   1.6894542e-04	   9.0764387e-12	   7.1232247e+01	
  -5.3036715e-04	  -5.5278784e-06	   5.6298690e-04	   1.1575756e-04	   8.5958320e-12	   7.1311304e+01	
   1.8940172e-04	  -5.1755554e-05	  -3.9727768e-04	  -1.9907226e-04	   8.9510631e-12	   7.1254915e+01	
   5.0669526e-04	   1.1761642e-04	   5.6278678e-04	   2.4597031e-05	   8.4115678e-12	   7.1342011e+01	
  -5.9577635e-04	  -1.1890152e-04	  -5.7691285e-04	  -1.5044581e-05	   8.8370852e-12	   7.1270973e+01	
  -9.8752816e-05	   6.4344410e-05	   8.1744450e-04	   8.3695796e-05	   8.4628578e-12	   7.1333171e+01	
   6.3138833e-04	   1.2144100e-04	   2.1586143e-04	  -2.4786057e-06	   8.3279840e-12	   7.1354189e+01	
   8.2196300e-04	   9.7687807e-05	   1.6139051e-04	  -4.1700837e-05	   8.4628578e-12	   7.1333322e+01	
   9.0097157e-04	   8.9691729e-05	   2.2933718e-04	  -3.3085350e-05	   8.4343633e-12	   7.1337346e+01	
   3.0534203e-04	   9.2122779e-05	   7.3254580e-04	   7.6119422e-05	   8.3165861e-12	   7.1356929e+01	
  -2.3410952e-04	   1.1863142e-05	   4.7561916e-04	   1.3837067e-04	   8.7876947e-12	   7.1278946e+01	
   6.4798755e-04	   1.5037152e-04	  -2.1761328e-04	  -8.2369663e-05	   9.0612416e-12	   7.1232449e+01	
  -2.0154367e-04	  -1.4311282e-04	  -3.0023703e-04	  -9.1700541e-05	   8.4058688e-12	   7.1343683e+01	
   2.2167439e-05	   1.0888007e-05	   4.9550312e-06	  -6.7004256e-05	   8.9396652e-12	   7.1250875e+01	
  -3.3691711e-04	   1.7845605e-05	  -1.4519073e-04	   6.8122722e-05	   8.3982703e-12	   7.1343377e+01	
   9.7730098e-04	   4.7005293e-05	  -4.0371598e-04	  -5.4858638e-05	   8.5236460e-12	   7.1321211e+01	
  -1.1086191e-04	   9.8813677e-05	   2.1364415e-04	  -6.7752479e-05	   9.0859369e-12	   7.1227491e+01	
  -3.9549603e-04	   1.0861397e-04	   1.3652835e-04	  -2.6919883e-05	   8.7838955e-12	   7.1279193e+01	
   5.7500933e-05	  -8.1446092e-05	  -2.4314483e-04	   2.8322143e-05	   8.8446837e-12	   7.1268554e+01	
  -8.5225913e-04	  -7.1712767e-05	  -7.9818470e-04	  -2.4906924e-05	   8.3393818e-12	   7.1351417e+01	
  -4.8121496e-04	  -4.5934737e-05	   2.8808825e-04	   1.5872861e-04	   8.6927132e-12	   7.1299052e+01	
   2.2323572e-04	   7.8153864e-05	  -3.6589542e-04	  -1.4336279e-04	   8.9776580e-12	   7.1247634e+01	
  -7.4662301e-04	  -1.1757426e-04	  -3.3042816e-04	  -9.8372312e-06	   8.8294867e-12	   7.1272601e+01	
   7.5814662e-04	   7.8145825e-05	  -5.0805730e-04	  -7.0223049e-05	   9.0479443e-12	   7.1234130e+01	
   5.0154825e-04	   1.2831959e-04	   2.6213302e-04	  -2.8083727e-05	   9.0878365e-12	   7.1231486e+01	
   2.6681232e-04	   1.6010071e-05	  -9.7841812e-04	  -9.9499531e-05	   8.7819959e-12	   7.1280312e+01	
  -2.3718289e-04	   5.0799385e-05	   8.3092371e-05	  -1.6726374e-05	   8.5768357e-12	   7.1315611e+01	
   1.4233813e-04	   7.0904275e-05	   9.2436452e-05	   4.1069504e-05	   9.7869009e-12	   7.0973734e+01	
   2.7115618e-04	   1.4078503e-06	  -8.7670100e-04	  -2.3508919e-04	   9.5931384e-12	   7.1132562e+01	
   4.9475984e-04	   7.7391766e-05	   5.9535122e-04	  -9.9773092e-05	   9.6216329e-12	   7.1130241e+01	
   4.2957661e-04	   3.7510049e-05	  -6.2100337e-04	  -1.8535788e-04	   9.3613834e-12	   7.1178627e+01	
   8.5210291e-04	   1.5093530e-04	  -1.8938796e-04	  -1.0951869e-04	   9.3442868e-12	   7.1182189e+01	
  -6.6897544e-04	  -1.3590313e-04	   1.0221782e-04	   1.2907236e-04	   9.5361495e-12	   7.1145532e+01	
  -4.3789013e-04	  -2.2122907e-05	   4.9246228e-04	   1.8081864e-04	   9.6026367e-12	   7.1133601e+01	
  -8.9820501e-05	   8.2359863e-05	   6.7502866e-04	   1.6316826e-04	   9.7280122e-12	   7.1110090e+01	
   3.9519099e-04	   5.6789055e-05	  -3.6918433e-04	  -1.7823514e-04	   9.7906999e-12	   7.1097607e+01	
   4.0982519e-04	  -8.6118530e-05	  -7.9202374e-04	  -1.9129184e-05	   9.7925994e-12	   7.1095726e+01	
   9.2680623e-04	   9.1277647e-05	  -3.5277506e-04	  -7.1628858e-05	   9.2303089e-12	   7.1197067e+01	
  -6.6942210e-04	  -2.7745110e-05	   1.6075055e-04	   1.3557666e-04	   9.4620639e-12	   7.1161627e+01	
   1.5417393e-04	  -8.7400142e-06	  -9.3503078e-04	  -1.2383603e-04	   9.3480860e-12	   7.1175664e+01	
   2.6410799e-04	   1.4712306e-04	   4.9024323e-04	   1.6625906e-05	   9.9844625e-12	   7.1059754e+01	
   3.2710661e-04	   2.3391197e-05	  -9.4502939e-04	  -1.1531260e-04	   9.3062942e-12	   7.1182487e+01	
   1.5526772e-04	  -1.5538505e-04	  -3.6634644e-04	  -6.8040924e-05	   1.0052850e-11	   7.1045892e+01	
  -6.7309829e-05	   9.3964117e-05	   9.3867759e-04	  -4.1522315e-06	   9.7489087e-12	   7.1105604e+01	
  -1.8295594e-04	  -5.4009507e-05	  -9.5923980e-04	  -8.1116322e-05	   9.2493052e-12	   7.1197568e+01	
   3.8909023e-04	   1.6803281e-05	  -6.3093720e-04	  -1.1833053e-04	   1.0106039e-11	   7.1034900e+01	
   5.7340727e-05	   5.2918246e-05	   1.1432996e-04	  -9.0630924e-05	   9.5703429e-12	   7.1137012e+01	
   2.6338760e-05	   8.0325272e-05	   1.1815685e-04	  -9.3980229e-05	   9.8723846e-12	   7.1079069e+01	
  -3.1630051e-05	  -1.5749262e-05	   8.6281657e-05	  -5.1917987e-05	   9.3138927e-12	   7.1183040e+01	
  -2.8049302e-04	   8.9532298e-05	   1.5303262e-04	   1.9843015e-05	   9.9768635e-12	   7.1057903e+01	
  -3.5227212e-04	   9.9188027e-05	   1.6000269e-04	  -5.4605748e-05	   9.3537849e-12	   7.1177463e+01	
   7.6535468e-04	   5.9234497e-05	   5.8342530e-04	  -2.1252735e-05	   1.0119336e-11	   7.1029420e+01	
  -4.4024131e-04	  -7.3509797e-07	   9.2501896e-04	   7.6708578e-05	   9.2664019e-12	   7.1194351e+01	
   2.1286167e-05	   1.7402011e-04	   6.3759232e-05	   5.5407519e-06	   9.9388714e-12	   7.1066929e+01	
  -2.9390535e-04	  -1.4415532e-04	  -4.1216848e-04	  -4.2799359e-06	   9.6425289e-12	   7.1128031e+01	
   8.6210166e-04	   7.1980971e-05	   4.6686469e-04	  -8.8470866e-06	   1.0064247e-11	   7.1040619e+01	
   3.5638289e-04	   3.8814883e-05	  -3.7358900e-04	  -1.3222135e-04	   1.0096540e-11	   7.1038597e+01	
  -2.1691399e-04	  -9.9239643e-05	  -6.0619140e-04	  -8.5404524e-05	   9.3043945e-12	   7.1191998e+01	
  -8.4148332e-06	  -2.3737696e-06	  -4.9421312e-04	  -1.3842103e-04	   9.2569037e-12	   7.1198950e+01	
   1.0744632e-04	  -8.0167255e-05	   8.3813913e-05	  -9.9672313e-05	   9.3708816e-12	   7.1175380e+01	
   7.7074842e-05	  -1.3704667e-04	  -1.4186434e-04	   7.1691877e-06	   9.8191945e-12	   7.1091581e+01	
  -2.7742539e-04	  -1.0216937e-04	  -1.1999295e-04	   4.3309895e-05	   9.7375107e-12	   7.1107395e+01	
  -1.7516638e-04	   4.4593623e-05	   1.1044301e-04	   1.1769501e-04	   9.8077965e-12	   7.1094523e+01	
   5.6291417e-04	   9.2996643e-05	   7.5585166e-04	   3.3049736e-05	   9.5399488e-12	   7.1146174e+01	
   8.9065872e-05	  -6.8546896e-05	   1.9972776e-04	  -1.1219117e-04	   9.6178337e-12	   7.1129039e+01	
  -2.9801900e-04	  -1.4118577e-04	  -3.9931783e-04	  -5.5932042e-06	   9.6900196e-12	   7.1119811e+01	
   1.8857760e-04	  -9.3916210e-05	   2.2427824e-04	  -1.0739557e-04	   9.5266514e-12	   7.1148935e+01	
  -4.4795594e-04	  -1.3206093e-04	  -4.7025693e-04	  -3.5887236e-05	   9.7280122e-12	   7.1112360e+01	
  -9.1270405e-04	  -1.1574956e-04	  -2.2489111e-04	   1.9881832e-05	   9.4696624e-12	   7.1159163e+01	
   7.3790314e-05	   6.5553602e-06	  -7.4001660e-04	  -1.2096198e-04	   9.6064359e-12	   7.1134137e+01	
  -9.4685469e-05	  -1.0089989e-04	  -1.8081050e-04	  -3.2986235e-05	   9.8210940e-12	   7.1090992e+01	
   3.8781916e-04	   1.3379565e-04	  -1.5818221e-04	  -8.2200221e-05	   9.2626026e-12	   7.1198815e+01	
   3.8391703e-05	   5.2035920e-05	  -6.3147108e-05	  -1.0300306e-04	   9.8039974e-12	   7.1094538e+01	
  -3.2123028e-04	  -5.2309927e-05	   1.1517331e-04	   1.2249653e-04	   9.7546073e-12	   7.1106782e+01	
  -1.8188161e-04	  -1.3572903e-04	  -1.5582752e-04	   5.2562548e-05	   9.5893392e-12	   7.1138715e+01	
  -3.7790867e-04	   6.7032774e-05	   4.3846390e-04	  -1.0744835e-04	   9.2569037e-12	   7.1207706e+01	
  -5.2425469e-04	   1.2131293e-04	   6.8139265e-04	  -4.5799172e-06	   1.0210519e-11	   7.1010540e+01	
  -6.0743696e-04	  -1.3329333e-04	   3.3224615e-05	   1.3402119e-04	   1.0229515e-11	   7.1009054e+01	
  -4.2528557e-04	   1.1533436e-05	   1.1405016e-04	   1.6516043e-04	   1.0453672e-11	   7.0960413e+01	
   7.8366761e-04	  -6.4002762e-05	  -9.5886447e-06	  -1.2045113e-04	   1.1000765e-11	   7.0837733e+01	
  -4.6275186e-04	  -3.8666033e-05	   1.7366721e-04	   1.7433893e-04	   1.1137539e-11	   7.0804466e+01	
  -5.1117393e-04	  -7.7542890e-05	   1.3222218e-04	   1.6663113e-04	   1.0998866e-11	   7.0837189e+01	
  -3.6297510e-04	   6.8438009e-05	   2.5296221e-04	   1.6167408e-04	   1.0552452e-11	   7.0939562e+01	
  -5.2896096e-04	  -1.3012446e-04	  -4.9109855e-04	  -1.7885192e-07	   1.0784208e-11	   7.0886120e+01	
  -4.9480962e-04	  -1.3838508e-04	  -1.2583476e-04	   1.1755293e-04	   1.0512560e-11	   7.0948371e+01	
   6.9892404e-04	   9.4727277e-05	   5.5035619e-04	  -1.5747602e-05	   1.0377686e-11	   7.0976278e+01	
  -8.4803487e-04	  -7.9137198e-05	   1.0882176e-04	   8.0854127e-05	   1.0258009e-11	   7.1002625e+01	
  -3.9238198e-04	  -3.8160183e-05	  -1.0508275e-03	  -8.1047327e-06	   1.0996966e-11	   7.0836001e+01	
   1.3516051e-03	   2.4913619e-04	   4.5373457e-04	   3.0901048e-05	   1.0290303e-11	   7.0993943e+01	
  -1.0420832e-03	  -7.2966199e-06	  -5.3553948e-04	   4.3025431e-05	   1.0677828e-11	   7.0909862e+01	
  -2.6446244e-04	  -2.9106675e-06	   1.2750588e-03	   2.5863093e-04	   1.0746215e-11	   7.0896064e+01	
   1.3903947e-05	  -1.0043421e-04	  -1.6630068e-04	   7.3009445e-05	   1.1080550e-11	   7.0816559e+01	
   7.1786960e-04	   9.8567767e-05	  -9.2987282e-04	  -2.3131163e-04	   1.0579047e-11	   7.0936477e+01	
  -9.8059016e-04	  -1.7247972e-04	   7.5357313e-04	   1.9880285e-04	   1.0814602e-11	   7.0881969e+01	
  -3.6450322e-04	  -1.2341157e-04	  -1.1555868e-03	  -2.3944491e-04	   1.0822200e-11	   7.0879693e+01	
   8.4647504e-04	  -1.9300429e-05	  -7.3628975e-04	  -6.8477427e-06	   1.1046357e-11	   7.0824622e+01	
  -3.2577234e-04	  -1.0308437e-04	  -1.3693895e-03	  -2.5675393e-04	   1.0246611e-11	   7.1006829e+01	
  -2.2770223e-04	  -1.0114696e-04	  -2.4858741e-04	  -4.0247315e-05	   1.0218117e-11	   7.1009770e+01	
   2.1335440e-03	   2.4939464e-04	   5.3482926e-04	   3.2029461e-05	   1.1055855e-11	   7.0827198e+01	
  -5.1490086e-04	  -1.9747581e-04	   2.2936415e-04	   1.1578194e-04	   1.0841196e-11	   7.0873898e+01	
   4.9904731e-04	   1.3919237e-04	   2.9006657e-04	  -1.8141583e-05	   1.0267508e-11	   7.1003746e+01	
  -4.2443069e-04	  -6.6786998e-06	   2.3275404e-04	   1.4023554e-04	   1.0732917e-11	   7.0902306e+01	
   3.2054893e-04	   1.4444465e-05	  -8.5724866e-04	  -2.3908126e-04	   1.0888687e-11	   7.0869545e+01	
   9.8729056e-04	   9.1318706e-05	   1.7102784e-04	  -2.6450488e-05	   1.0936178e-11	   7.0851882e+01	
  -3.9678818e-04	  -3.7369490e-05	   3.6286319e-04	   1.1833581e-04	   1.0487865e-11	   7.0955673e+01	
   8.1869264e-04	   5.9081215e-05	  -6.1536835e-04	  -7.4711602e-05	   1.0991267e-11	   7.0838473e+01	
   5.9524094e-04	   1.1999511e-04	  -4.0243601e-04	  -1.7935395e-04	   1.0358690e-11	   7.0988291e+01	
  -5.6961857e-05	  -1.2198655e-04	  -1.4025024e-04	  -6.2033657e-05	   1.0425177e-11	   7.0967580e+01	
   3.3998618e-05	   7.6163155e-05	  -6.9726222e-05	  -1.3333690e-04	   1.0349192e-11	   7.0985007e+01	
  -2.0720559e-04	   1.3589099e-05	   2.0931496e-04	   1.3065159e-04	   1.0487865e-11	   7.0955554e+01	
  -6.9595362e-04	  -1.3499434e-04	  -2.6155786e-04	  -4.9703765e-06	   1.0487865e-11	   7.0955718e+01	
  -1.8928035e-04	  -5.2939403e-05	  -1.1471930e-04	   1.4629953e-05	   1.0943776e-11	   7.0849484e+01	
  -9.7396736e-05	  -5.2850629e-05	  -2.0045386e-04	  -1.2390185e-04	   1.0487865e-11	   7.0955434e+01	
  -2.8827692e-04	  -1.1064216e-04	  -2.5273671e-04	  -7.0969766e-05	   1.0757613e-11	   7.0895974e+01	
  -3.7067408e-04	  -1.1598645e-04	   2.5578099e-05	   5.8286530e-05	   1.0561950e-11	   7.0940016e+01	
  -2.4378811e-04	  -1.2435349e-04	  -1.5081190e-04	   1.1451494e-05	   1.0484066e-11	   7.0957755e+01	
  -7.1242227e-05	   6.7246316e-05	   1.1801714e-04	   1.2036215e-04	   1.0216217e-11	   7.1014049e+01	
  -8.6147635e-05	  -3.3975958e-05	  -3.7241893e-04	  -1.2399610e-04	   1.0879189e-11	   7.0868508e+01	
  -2.0768546e-04	  -5.9644558e-05	  -6.2713897e-06	   4.4391692e-05	   1.0485965e-11	   7.0956397e+01	
   9.3680416e-04	   3.1960130e-05	   6.8354236e-04	  -4.2755380e-06	   1.0807003e-11	   7.0881080e+01	
  -2.2237695e-04	  -2.4444476e-05	  -1.2978979e-04	   9.3671912e-05	   1.0896286e-11	   7.0867075e+01	
  -2.8603453e-05	  -6.5275273e-05	  -2.0717239e-04	  -6.6945124e-05	   1.1110944e-11	   7.0815776e+01	
   8.0352497e-04	   3.7429526e-05	   8.0731975e-04	   1.0141213e-05	   1.0976070e-11	   7.0841906e+01	
   5.3922490e-04	   1.4103859e-05	   3.3670301e-04	  -1.7367820e-04	   1.1355996e-11	   7.0751958e+01	
   3.3690741e-04	   7.3693688e-05	   6.4199353e-04	  -1.4004307e-04	   1.1658038e-11	   7.0680762e+01	
  -6.6792528e-04	   1.4004930e-04	   3.9433757e-04	   4.9098007e-05	   1.1884094e-11	   7.0623132e+01	
   7.6212833e-05	  -7.7055226e-05	  -5.3051633e-04	  -1.2565551e-04	   1.1488971e-11	   7.0719674e+01	
   7.5128180e-04	  -5.0323602e-05	  -3.6824548e-06	  -1.2706821e-04	   1.1916388e-11	   7.0615167e+01	
   1.0664972e-04	  -6.6108461e-05	  -9.7924737e-04	  -1.6947794e-05	   1.1876496e-11	   7.0623169e+01	
  -8.2988630e-04	  -2.6214221e-05	   5.3044534e-04	   7.9574417e-05	   1.1278111e-11	   7.0770265e+01	
  -7.7755871e-04	   3.5849205e-06	   7.2896595e-04	   5.9671203e-05	   1.1299008e-11	   7.0764746e+01	
  -1.0976599e-03	   4.8038760e-05	   3.6627328e-04	   1.9617707e-05	   1.1177432e-11	   7.0794565e+01	
   2.7871073e-03	   2.0070097e-04	   5.8944198e-04	   1.8584059e-05	   1.1177432e-11	   7.0798821e+01	
   6.9257786e-04	   1.4825312e-05	  -8.2932798e-04	  -3.0849055e-05	   1.1920187e-11	   7.0610963e+01	
  -6.9534967e-04	  -8.8832106e-05	   9.0470802e-05	   4.4600002e-05	   1.1952480e-11	   7.0605618e+01	
   6.3555298e-04	   1.1709884e-04	   1.6922398e-03	   2.2261928e-04	   1.1865098e-11	   7.0630509e+01	
   5.2787717e-05	   1.1783329e-04	  -3.4618537e-05	  -8.4401293e-05	   1.1333201e-11	   7.0758788e+01	
   1.4697985e-04	   1.7469503e-04	  -9.3142330e-05	  -9.1087818e-05	   1.1338900e-11	   7.0756713e+01	
   3.7716215e-04	   9.8804037e-05	  -4.3241902e-05	  -1.2129001e-04	   1.1299008e-11	   7.0769981e+01	
  -2.7689312e-04	   2.8117781e-05	   3.2057392e-04	   1.8295777e-04	   1.1156535e-11	   7.0805413e+01	
   4.2987255e-04	   5.4273906e-05	  -5.0041427e-04	  -1.3330989e-04	   1.1563056e-11	   7.0705168e+01	
  -5.4668109e-04	  -1.1695829e-04	   3.0351194e-04	   1.8565214e-04	   1.1897391e-11	   7.0625299e+01	
   4.8108355e-04	   1.4486071e-04	   1.5377902e-04	  -5.8910346e-05	   1.1922086e-11	   7.0616360e+01	
  -1.2963481e-04	   8.3937560e-05	   5.6749325e-05	   8.0179071e-05	   1.1215424e-11	   7.0785957e+01	
   1.5335304e-04	   1.6241206e-04	   1.4454593e-04	   1.1916427e-04	   1.1167933e-11	   7.0803023e+01	
   9.7450015e-04	   6.0232992e-05	  -3.7368072e-04	  -5.4531420e-05	   1.1777715e-11	   7.0647874e+01	
   1.2686964e-03	   2.3488150e-04	   2.7882437e-04	  -8.6758212e-06	   1.1808109e-11	   7.0645285e+01	
  -5.6700959e-04	  -1.2689414e-04	   2.1539830e-04	   1.6431131e-04	   1.1224922e-11	   7.0790556e+01	
  -6.7842754e-04	  -2.0940876e-04	  -5.7381412e-04	  -8.1137531e-05	   1.1846102e-11	   7.0638243e+01	
   2.6243345e-04	   1.2365611e-05	  -9.9073080e-04	  -9.9855070e-05	   1.1963878e-11	   7.0601198e+01	
  -2.8004820e-04	   1.1296078e-04	   1.2927269e-05	   1.6344854e-05	   1.1606748e-11	   7.0692858e+01	
  -6.6487680e-04	  -1.3019124e-04	  -3.8632104e-04	  -3.6217540e-05	   1.1610547e-11	   7.0692871e+01	
   8.6339295e-05	   6.2970069e-07	  -9.0157551e-04	  -1.2460128e-04	   1.1961979e-11	   7.0603177e+01	
  -1.3187853e-04	   5.5521307e-05	   1.2960920e-04	  -5.6700300e-05	   1.1346499e-11	   7.0753024e+01	
  -2.4320486e-04	  -7.3150408e-06	   4.4962267e-04	   1.2372653e-04	   1.1549759e-11	   7.0709073e+01	
   4.5226575e-04	   1.2974594e-04	  -1.8670298e-04	  -7.6611172e-05	   1.1692231e-11	   7.0675044e+01	
  -2.3892239e-04	   5.6806219e-05	  -3.5802442e-06	   9.1374872e-05	   1.1251516e-11	   7.0783650e+01	
   4.5307697e-04	   1.4670953e-04	  -6.4276768e-04	  -2.0197508e-04	   1.1169833e-11	   7.0803562e+01	
  -6.9571015e-05	   3.4261646e-05	  -1.3795140e-05	  -7.9793091e-06	   1.1954381e-11	   7.0610233e+01	
